{"type": "FeatureCollection","features": [ { "type":"Feature","geometry":{"coordinates":[[[107.0,-66.51],[106.99,-66.51],[107.0,-66.51],[107.01,-66.51],[107.0,-66.51]]],"type":"Polygon"},"properties":{ "hvalue":1.25,"color":"#a7c2e0"} }, { "type":"Feature","geometry":{"coordinates":[[[-164.0,64.0],[-164.03,64.0],[-164.0,64.0],[-163.99,64.0],[-164.0,64.0]]],"type":"Polygon"},"properties":{ "hvalue":3.0,"color":"#34cc99"} }, { "type":"Feature","geometry":{"coordinates":[[[34.0,-53.16],[33.99,-53.16],[34.0,-53.15],[34.04,-53.16],[34.0,-53.16]]],"type":"Polygon"},"properties":{ "hvalue":3.9,"color":"#34cc99"} }, { "type":"Feature","geometry":{"coordinates":[[[-54.0,27.83],[-54.01,27.84],[-54.0,27.85],[-53.98,27.84],[-54.0,27.83]]],"type":"Polygon"},"properties":{ "hvalue":1.25,"color":"#a7c2e0"} }, { "type":"Feature","geometry":{"coordinates":[[[-171.0,21.47],[-171.01,21.48],[-171.0,21.5],[-170.97,21.48],[-171.0,21.47]]],"type":"Polygon"},"properties":{ "hvalue":1.25,"color":"#a7c2e0"} }, { "type":"Feature","geometry":{"coordinates":[[[130.0,21.47],[129.97,21.48],[130.0,21.5],[130.04,21.48],[130.0,21.47]]],"type":"Polygon"},"properties":{ "hvalue":1.15,"color":"#E2EBF5"} }, { "type":"Feature","geometry":{"coordinates":[[[-165.0,54.33],[-165.04,54.34],[-165.0,54.36],[-164.98,54.34],[-165.0,54.33]]],"type":"Polygon"},"properties":{ "hvalue":1.15,"color":"#E2EBF5"} }, { "type":"Feature","geometry":{"coordinates":[[[55.0,-51.34],[54.98,-51.33],[55.0,-51.3],[55.03,-51.33],[55.0,-51.34]]],"type":"Polygon"},"properties":{ "hvalue":4.9,"color":"#6bff6b"} }, { "type":"Feature","geometry":{"coordinates":[[[-99.0,69.48],[-99.03,69.5],[-99.0,69.55],[-98.99,69.5],[-99.0,69.48]]],"type":"Polygon"},"properties":{ "hvalue":1.25,"color":"#a7c2e0"} }, { "type":"Feature","geometry":{"coordinates":[[[152.0,-56.63],[151.98,-56.61],[152.0,-56.58],[152.06,-56.61],[152.0,-56.63]]],"type":"Polygon"},"properties":{ "hvalue":8.0,"color":"#fa3c3c"} }, { "type":"Feature","geometry":{"coordinates":[[[-147.0,-75.73],[-147.07,-75.71],[-147.0,-75.7],[-146.94,-75.71],[-147.0,-75.73]]],"type":"Polygon"},"properties":{ "hvalue":1.25,"color":"#a7c2e0"} }, { "type":"Feature","geometry":{"coordinates":[[[158.0,-22.43],[157.94,-22.41],[158.0,-22.36],[158.04,-22.41],[158.0,-22.43]]],"type":"Polygon"},"properties":{ "hvalue":1.25,"color":"#a7c2e0"} }, { "type":"Feature","geometry":{"coordinates":[[[-142.0,-75.73],[-142.09,-75.71],[-142.0,-75.69],[-141.91,-75.71],[-142.0,-75.73]]],"type":"Polygon"},"properties":{ "hvalue":2.0,"color":"#6c99d2"} }, { "type":"Feature","geometry":{"coordinates":[[[-19.0,21.46],[-19.02,21.48],[-19.0,21.57],[-18.95,21.48],[-19.0,21.46]]],"type":"Polygon"},"properties":{ "hvalue":2.0,"color":"#6c99d2"} }, { "type":"Feature","geometry":{"coordinates":[[[-109.0,-11.96],[-109.03,-11.91],[-109.0,-11.87],[-108.92,-11.91],[-109.0,-11.96]]],"type":"Polygon"},"properties":{ "hvalue":1.9,"color":"#a7c2e0"} }, { "type":"Feature","geometry":{"coordinates":[[[14.0,-37.91],[13.76,-37.89],[14.0,-37.87],[14.02,-37.89],[14.0,-37.91]]],"type":"Polygon"},"properties":{ "hvalue":2.9,"color":"#6c99d2"} }, { "type":"Feature","geometry":{"coordinates":[[[-95.0,11.85],[-95.04,11.91],[-95.0,11.99],[-94.97,11.91],[-95.0,11.85]]],"type":"Polygon"},"properties":{ "hvalue":2.0,"color":"#6c99d2"} }, { "type":"Feature","geometry":{"coordinates":[[[94.0,-43.97],[93.91,-43.93],[94.0,-43.9],[94.07,-43.93],[94.0,-43.97]]],"type":"Polygon"},"properties":{ "hvalue":6.0,"color":"#ff9600"} }, { "type":"Feature","geometry":{"coordinates":[[[82.0,-46.08],[81.86,-46.05],[82.0,-46.03],[82.08,-46.05],[82.0,-46.08]]],"type":"Polygon"},"properties":{ "hvalue":5.9,"color":"#fee600"} }, { "type":"Feature","geometry":{"coordinates":[[[-71.0,40.94],[-71.01,40.98],[-71.0,41.0],[-70.83,40.98],[-71.0,40.94]]],"type":"Polygon"},"properties":{ "hvalue":1.25,"color":"#a7c2e0"} }, { "type":"Feature","geometry":{"coordinates":[[[154.0,48.7],[153.95,48.76],[154.0,48.8],[154.06,48.76],[154.0,48.7]]],"type":"Polygon"},"properties":{ "hvalue":1.15,"color":"#E2EBF5"} }, { "type":"Feature","geometry":{"coordinates":[[[83.0,-67.33],[82.92,-67.3],[83.0,-67.25],[83.08,-67.3],[83.0,-67.33]]],"type":"Polygon"},"properties":{ "hvalue":1.25,"color":"#a7c2e0"} }, { "type":"Feature","geometry":{"coordinates":[[[-94.0,-19.65],[-94.1,-19.61],[-94.0,-19.56],[-93.95,-19.61],[-94.0,-19.65]]],"type":"Polygon"},"properties":{ "hvalue":2.0,"color":"#6c99d2"} }, { "type":"Feature","geometry":{"coordinates":[[[173.0,-77.35],[172.51,-77.34],[173.0,-77.32],[173.05,-77.34],[173.0,-77.35]]],"type":"Polygon"},"properties":{ "hvalue":1.25,"color":"#a7c2e0"} }, { "type":"Feature","geometry":{"coordinates":[[[140.0,43.2],[139.9,43.21],[140.0,43.31],[140.04,43.21],[140.0,43.2]]],"type":"Polygon"},"properties":{ "hvalue":1.25,"color":"#a7c2e0"} }, { "type":"Feature","geometry":{"coordinates":[[[12.0,-25.17],[11.96,-25.15],[12.0,-25.09],[12.15,-25.15],[12.0,-25.17]]],"type":"Polygon"},"properties":{ "hvalue":1.9,"color":"#a7c2e0"} }, { "type":"Feature","geometry":{"coordinates":[[[148.0,-5.06],[147.8,-4.99],[148.0,-4.98],[148.03,-4.99],[148.0,-5.06]]],"type":"Polygon"},"properties":{ "hvalue":1.25,"color":"#a7c2e0"} }, { "type":"Feature","geometry":{"coordinates":[[[72.0,-8.99],[71.8,-8.96],[72.0,-8.9],[72.03,-8.96],[72.0,-8.99]]],"type":"Polygon"},"properties":{ "hvalue":2.9,"color":"#6c99d2"} }, { "type":"Feature","geometry":{"coordinates":[[[174.0,17.57],[173.98,17.71],[174.0,17.8],[174.07,17.71],[174.0,17.57]]],"type":"Polygon"},"properties":{ "hvalue":1.15,"color":"#E2EBF5"} }, { "type":"Feature","geometry":{"coordinates":[[[28.0,-35.56],[27.89,-35.49],[28.0,-35.44],[28.07,-35.49],[28.0,-35.56]]],"type":"Polygon"},"properties":{ "hvalue":5.0,"color":"#fee600"} }, { "type":"Feature","geometry":{"coordinates":[[[100.0,-1.33],[99.96,-1.0],[100.0,-0.97],[100.03,-1.0],[100.0,-1.33]]],"type":"Polygon"},"properties":{ "hvalue":1.25,"color":"#a7c2e0"} }, { "type":"Feature","geometry":{"coordinates":[[[-173.0,23.29],[-173.03,23.33],[-173.0,23.44],[-172.86,23.33],[-173.0,23.29]]],"type":"Polygon"},"properties":{ "hvalue":1.25,"color":"#a7c2e0"} }, { "type":"Feature","geometry":{"coordinates":[[[84.0,1.93],[83.92,2.0],[84.0,2.13],[84.06,2.0],[84.0,1.93]]],"type":"Polygon"},"properties":{ "hvalue":1.9,"color":"#a7c2e0"} }, { "type":"Feature","geometry":{"coordinates":[[[-53.0,23.31],[-53.03,23.33],[-53.0,23.49],[-52.85,23.33],[-53.0,23.31]]],"type":"Polygon"},"properties":{ "hvalue":1.15,"color":"#E2EBF5"} }, { "type":"Feature","geometry":{"coordinates":[[[-97.0,-9.13],[-97.05,-8.96],[-97.0,-8.9],[-96.91,-8.96],[-97.0,-9.13]]],"type":"Polygon"},"properties":{ "hvalue":2.0,"color":"#6c99d2"} }, { "type":"Feature","geometry":{"coordinates":[[[-158.0,-77.6],[-158.21,-77.56],[-158.0,-77.52],[-157.81,-77.56],[-158.0,-77.6]]],"type":"Polygon"},"properties":{ "hvalue":2.0,"color":"#6c99d2"} }, { "type":"Feature","geometry":{"coordinates":[[[-143.0,41.69],[-143.09,41.73],[-143.0,41.89],[-142.9,41.73],[-143.0,41.69]]],"type":"Polygon"},"properties":{ "hvalue":1.15,"color":"#E2EBF5"} }, { "type":"Feature","geometry":{"coordinates":[[[-159.0,-78.21],[-159.08,-78.19],[-159.01,-77.98],[-159.0,-77.98],[-158.99,-77.98],[-158.92,-78.19],[-159.0,-78.21]]],"type":"Polygon"},"properties":{ "hvalue":2.0,"color":"#6c99d2"} }, { "type":"Feature","geometry":{"coordinates":[[[-27.0,6.8],[-27.05,6.98],[-27.0,7.19],[-26.95,6.98],[-27.0,6.8]]],"type":"Polygon"},"properties":{ "hvalue":1.15,"color":"#E2EBF5"} }, { "type":"Feature","geometry":{"coordinates":[[[-174.0,25.01],[-174.15,25.15],[-174.0,25.17],[-173.9,25.15],[-174.0,25.01]]],"type":"Polygon"},"properties":{ "hvalue":1.25,"color":"#a7c2e0"} }, { "type":"Feature","geometry":{"coordinates":[[[-1.0,60.2],[-1.1,60.27],[-1.0,60.34],[-0.81,60.27],[-1.0,60.2]]],"type":"Polygon"},"properties":{ "hvalue":1.15,"color":"#E2EBF5"} }, { "type":"Feature","geometry":{"coordinates":[[[-146.0,-27.02],[-146.11,-26.95],[-146.0,-26.81],[-145.89,-26.95],[-146.0,-27.02]]],"type":"Polygon"},"properties":{ "hvalue":2.9,"color":"#6c99d2"} }, { "type":"Feature","geometry":{"coordinates":[[[-148.0,-76.23],[-148.12,-76.2],[-148.0,-76.01],[-147.89,-76.2],[-148.0,-76.23]]],"type":"Polygon"},"properties":{ "hvalue":1.25,"color":"#a7c2e0"} }, { "type":"Feature","geometry":{"coordinates":[[[-171.0,-17.76],[-171.07,-17.71],[-171.0,-17.46],[-170.91,-17.71],[-171.0,-17.76]]],"type":"Polygon"},"properties":{ "hvalue":3.0,"color":"#34cc99"} }, { "type":"Feature","geometry":{"coordinates":[[[32.0,72.91],[31.9,73.03],[32.0,73.07],[32.22,73.03],[32.0,72.91]]],"type":"Polygon"},"properties":{ "hvalue":1.9,"color":"#a7c2e0"} }, { "type":"Feature","geometry":{"coordinates":[[[153.0,-33.54],[152.95,-33.01],[153.0,-32.98],[153.05,-33.01],[153.0,-33.54]]],"type":"Polygon"},"properties":{ "hvalue":6.0,"color":"#ff9600"} }, { "type":"Feature","geometry":{"coordinates":[[[-100.0,-8.12],[-100.11,-7.97],[-100.0,-7.85],[-99.89,-7.97],[-100.0,-8.12]]],"type":"Polygon"},"properties":{ "hvalue":2.0,"color":"#6c99d2"} }, { "type":"Feature","geometry":{"coordinates":[[[166.0,37.04],[165.6,37.1],[166.0,37.15],[166.15,37.1],[166.0,37.04]]],"type":"Polygon"},"properties":{ "hvalue":1.15,"color":"#E2EBF5"} }, { "type":"Feature","geometry":{"coordinates":[[[66.0,-67.72],[65.38,-67.68],[66.0,-67.64],[66.19,-67.68],[66.0,-67.72]]],"type":"Polygon"},"properties":{ "hvalue":1.25,"color":"#a7c2e0"} }, { "type":"Feature","geometry":{"coordinates":[[[128.0,-36.55],[127.9,-36.3],[128.0,-36.24],[128.11,-36.3],[128.0,-36.55]]],"type":"Polygon"},"properties":{ "hvalue":2.9,"color":"#6c99d2"} }, { "type":"Feature","geometry":{"coordinates":[[[-125.0,37.81],[-125.08,37.89],[-125.0,38.12],[-124.8,37.89],[-125.0,37.81]]],"type":"Polygon"},"properties":{ "hvalue":2.0,"color":"#6c99d2"} }, { "type":"Feature","geometry":{"coordinates":[[[-155.0,-57.97],[-155.11,-57.7],[-155.0,-57.61],[-154.83,-57.7],[-155.0,-57.97]]],"type":"Polygon"},"properties":{ "hvalue":3.0,"color":"#34cc99"} }, { "type":"Feature","geometry":{"coordinates":[[[162.0,36.25],[161.75,36.3],[162.0,36.42],[162.33,36.3],[162.0,36.25]]],"type":"Polygon"},"properties":{ "hvalue":1.15,"color":"#E2EBF5"} }, { "type":"Feature","geometry":{"coordinates":[[[-56.0,-43.4],[-56.07,-43.21],[-56.0,-43.03],[-55.8,-43.21],[-56.0,-43.4]]],"type":"Polygon"},"properties":{ "hvalue":3.0,"color":"#34cc99"} }, { "type":"Feature","geometry":{"coordinates":[[[-65.0,45.22],[-65.18,45.35],[-65.0,45.48],[-64.79,45.35],[-65.0,45.22]]],"type":"Polygon"},"properties":{ "hvalue":1.25,"color":"#a7c2e0"} }, { "type":"Feature","geometry":{"coordinates":[[[141.0,43.85],[140.71,43.93],[141.0,44.18],[141.05,43.93],[141.0,43.85]]],"type":"Polygon"},"properties":{ "hvalue":1.25,"color":"#a7c2e0"} }, { "type":"Feature","geometry":{"coordinates":[[[-167.0,53.63],[-167.24,53.76],[-167.0,53.87],[-166.73,53.76],[-167.0,53.63]]],"type":"Polygon"},"properties":{ "hvalue":1.15,"color":"#E2EBF5"} }, { "type":"Feature","geometry":{"coordinates":[[[155.0,59.52],[154.95,59.77],[155.0,59.97],[155.24,59.77],[155.0,59.52]]],"type":"Polygon"},"properties":{ "hvalue":3.0,"color":"#34cc99"} }, { "type":"Feature","geometry":{"coordinates":[[[17.0,-39.51],[16.88,-39.45],[17.0,-39.3],[17.51,-39.45],[17.0,-39.51]]],"type":"Polygon"},"properties":{ "hvalue":4.0,"color":"#6bff6b"} }, { "type":"Feature","geometry":{"coordinates":[[[166.0,58.72],[165.67,58.75],[166.0,58.94],[166.26,58.75],[166.0,58.72]]],"type":"Polygon"},"properties":{ "hvalue":2.0,"color":"#6c99d2"} }, { "type":"Feature","geometry":{"coordinates":[[[25.0,37.77],[24.94,37.89],[25.0,38.27],[25.21,37.89],[25.0,37.77]]],"type":"Polygon"},"properties":{ "hvalue":1.25,"color":"#a7c2e0"} }, { "type":"Feature","geometry":{"coordinates":[[[-12.0,-19.79],[-12.62,-19.61],[-12.0,-19.57],[-11.94,-19.61],[-12.0,-19.79]]],"type":"Polygon"},"properties":{ "hvalue":1.9,"color":"#a7c2e0"} }, { "type":"Feature","geometry":{"coordinates":[[[-80.0,-33.9],[-80.33,-33.84],[-80.0,-33.76],[-79.27,-33.84],[-80.0,-33.9]]],"type":"Polygon"},"properties":{ "hvalue":1.15,"color":"#E2EBF5"} }, { "type":"Feature","geometry":{"coordinates":[[[-150.0,-43.35],[-150.4,-43.21],[-150.0,-43.09],[-149.77,-43.21],[-150.0,-43.35]]],"type":"Polygon"},"properties":{ "hvalue":6.0,"color":"#ff9600"} }, { "type":"Feature","geometry":{"coordinates":[[[110.0,16.64],[109.73,16.76],[110.0,16.9],[110.38,16.76],[110.0,16.64]]],"type":"Polygon"},"properties":{ "hvalue":3.0,"color":"#34cc99"} }, { "type":"Feature","geometry":{"coordinates":[[[-95.0,68.02],[-95.29,68.06],[-95.04,68.43],[-95.0,68.46],[-94.96,68.43],[-94.9,68.06],[-95.0,68.02]]],"type":"Polygon"},"properties":{ "hvalue":1.25,"color":"#a7c2e0"} }, { "type":"Feature","geometry":{"coordinates":[[[-148.0,-37.51],[-148.15,-37.1],[-148.0,-36.81],[-147.9,-37.1],[-148.0,-37.51]]],"type":"Polygon"},"properties":{ "hvalue":4.9,"color":"#6bff6b"} }, { "type":"Feature","geometry":{"coordinates":[[[-166.0,22.31],[-166.07,22.41],[-166.0,23.01],[-165.81,22.41],[-166.0,22.31]]],"type":"Polygon"},"properties":{ "hvalue":1.15,"color":"#E2EBF5"} }, { "type":"Feature","geometry":{"coordinates":[[[-142.0,-75.82],[-142.43,-75.71],[-142.0,-75.61],[-141.57,-75.71],[-142.0,-75.82]],[[-142.0,-75.73],[-142.09,-75.71],[-142.0,-75.69],[-141.91,-75.71],[-142.0,-75.73]]],"type":"Polygon"},"properties":{ "hvalue":1.25,"color":"#a7c2e0"} }, { "type":"Feature","geometry":{"coordinates":[[[18.0,61.27],[17.96,61.73],[18.0,61.82],[18.29,61.73],[18.0,61.27]]],"type":"Polygon"},"properties":{ "hvalue":1.25,"color":"#a7c2e0"} }, { "type":"Feature","geometry":{"coordinates":[[[141.0,-10.13],[140.6,-9.95],[141.0,-9.86],[141.27,-9.95],[141.0,-10.13]]],"type":"Polygon"},"properties":{ "hvalue":1.25,"color":"#a7c2e0"} }, { "type":"Feature","geometry":{"coordinates":[[[158.0,-37.99],[157.8,-37.89],[158.0,-37.76],[158.65,-37.89],[158.0,-37.99]]],"type":"Polygon"},"properties":{ "hvalue":6.0,"color":"#ff9600"} }, { "type":"Feature","geometry":{"coordinates":[[[-148.0,-15.01],[-148.12,-14.83],[-148.0,-14.65],[-147.58,-14.83],[-148.0,-15.01]]],"type":"Polygon"},"properties":{ "hvalue":1.15,"color":"#E2EBF5"} }, { "type":"Feature","geometry":{"coordinates":[[[68.0,-67.74],[67.76,-67.68],[68.0,-67.6],[69.0,-67.6],[69.17,-67.68],[69.0,-67.74],[68.0,-67.74]]],"type":"Polygon"},"properties":{ "hvalue":2.0,"color":"#6c99d2"} }, { "type":"Feature","geometry":{"coordinates":[[[43.0,-12.28],[42.68,-11.91],[43.0,-11.81],[43.11,-11.91],[43.0,-12.28]]],"type":"Polygon"},"properties":{ "hvalue":1.15,"color":"#E2EBF5"} }, { "type":"Feature","geometry":{"coordinates":[[[62.0,81.39],[61.6,81.51],[62.0,81.58],[62.69,81.51],[62.0,81.39]]],"type":"Polygon"},"properties":{ "hvalue":1.9,"color":"#a7c2e0"} }, { "type":"Feature","geometry":{"coordinates":[[[-108.0,-3.18],[-108.3,-3.0],[-108.0,-2.86],[-107.63,-3.0],[-108.0,-3.18]]],"type":"Polygon"},"properties":{ "hvalue":1.9,"color":"#a7c2e0"} }, { "type":"Feature","geometry":{"coordinates":[[[126.0,-10.41],[125.9,-9.95],[126.0,-9.94],[126.36,-9.95],[126.0,-10.41]]],"type":"Polygon"},"properties":{ "hvalue":1.25,"color":"#a7c2e0"} }, { "type":"Feature","geometry":{"coordinates":[[[161.0,-12.89],[161.0,-12.89],[161.0,-12.88],[162.0,-12.72],[162.06,-12.89],[162.0,-12.93],[161.0,-12.89]]],"type":"Polygon"},"properties":{ "hvalue":2.0,"color":"#6c99d2"} }, { "type":"Feature","geometry":{"coordinates":[[[-158.0,-77.66],[-158.53,-77.56],[-158.0,-77.45],[-157.5,-77.56],[-158.0,-77.66]],[[-158.0,-77.6],[-158.21,-77.56],[-158.0,-77.52],[-157.81,-77.56],[-158.0,-77.6]]],"type":"Polygon"},"properties":{ "hvalue":1.25,"color":"#a7c2e0"} }, { "type":"Feature","geometry":{"coordinates":[[[-37.0,-54.46],[-37.19,-54.34],[-37.0,-54.17],[-36.43,-54.34],[-37.0,-54.46]]],"type":"Polygon"},"properties":{ "hvalue":1.15,"color":"#E2EBF5"} }, { "type":"Feature","geometry":{"coordinates":[[[-96.0,-51.44],[-96.77,-51.33],[-96.0,-51.21],[-95.81,-51.33],[-96.0,-51.44]]],"type":"Polygon"},"properties":{ "hvalue":1.9,"color":"#a7c2e0"} }, { "type":"Feature","geometry":{"coordinates":[[[-67.0,43.61],[-67.53,43.93],[-67.0,44.04],[-66.96,43.93],[-67.0,43.61]]],"type":"Polygon"},"properties":{ "hvalue":2.0,"color":"#6c99d2"} }, { "type":"Feature","geometry":{"coordinates":[[[146.0,-67.77],[145.76,-67.68],[146.0,-67.59],[147.0,-67.61],[147.17,-67.68],[147.0,-67.74],[146.0,-67.77]]],"type":"Polygon"},"properties":{ "hvalue":1.25,"color":"#a7c2e0"} }, { "type":"Feature","geometry":{"coordinates":[[[-60.0,47.87],[-60.55,48.09],[-60.0,48.26],[-59.87,48.09],[-60.0,47.87]]],"type":"Polygon"},"properties":{ "hvalue":2.0,"color":"#6c99d2"} }, { "type":"Feature","geometry":{"coordinates":[[[-75.0,21.38],[-75.75,21.48],[-75.0,21.65],[-74.74,21.48],[-75.0,21.38]]],"type":"Polygon"},"properties":{ "hvalue":1.25,"color":"#a7c2e0"} }, { "type":"Feature","geometry":{"coordinates":[[[19.0,57.95],[18.69,58.23],[19.0,58.4],[19.31,58.23],[19.0,57.95]]],"type":"Polygon"},"properties":{ "hvalue":1.15,"color":"#E2EBF5"} }, { "type":"Feature","geometry":{"coordinates":[[[-108.0,-34.14],[-108.22,-33.84],[-108.0,-33.63],[-107.66,-33.84],[-108.0,-34.14]]],"type":"Polygon"},"properties":{ "hvalue":2.0,"color":"#6c99d2"} }, { "type":"Feature","geometry":{"coordinates":[[[-98.0,69.83],[-98.58,69.85],[-98.0,70.15],[-97.7,69.85],[-98.0,69.83]]],"type":"Polygon"},"properties":{ "hvalue":1.25,"color":"#a7c2e0"} }, { "type":"Feature","geometry":{"coordinates":[[[-74.0,23.28],[-74.22,23.33],[-74.0,23.52],[-73.01,23.33],[-74.0,23.28]]],"type":"Polygon"},"properties":{ "hvalue":1.25,"color":"#a7c2e0"} }, { "type":"Feature","geometry":{"coordinates":[[[136.0,36.26],[135.09,36.3],[136.0,36.56],[136.04,36.3],[136.0,36.26]]],"type":"Polygon"},"properties":{ "hvalue":1.25,"color":"#a7c2e0"} }, { "type":"Feature","geometry":{"coordinates":[[[47.0,12.72],[46.86,12.89],[47.0,12.92],[48.0,12.95],[48.09,12.89],[48.0,12.82],[47.0,12.72]]],"type":"Polygon"},"properties":{ "hvalue":1.25,"color":"#a7c2e0"} }, { "type":"Feature","geometry":{"coordinates":[[[-64.0,-59.42],[-64.46,-59.26],[-64.0,-59.04],[-63.67,-59.26],[-64.0,-59.42]]],"type":"Polygon"},"properties":{ "hvalue":1.9,"color":"#a7c2e0"} }, { "type":"Feature","geometry":{"coordinates":[[[-105.0,74.38],[-105.67,74.43],[-105.0,74.46],[-104.0,74.44],[-103.83,74.43],[-104.0,74.3],[-105.0,74.38]]],"type":"Polygon"},"properties":{ "hvalue":1.25,"color":"#a7c2e0"} }, { "type":"Feature","geometry":{"coordinates":[[[-156.0,-61.3],[-156.14,-61.25],[-156.0,-61.12],[-155.0,-61.14],[-154.59,-61.25],[-155.0,-61.32],[-156.0,-61.3]]],"type":"Polygon"},"properties":{ "hvalue":2.9,"color":"#6c99d2"} }, { "type":"Feature","geometry":{"coordinates":[[[143.0,-67.04],[142.64,-66.91],[143.0,-66.73],[143.72,-66.91],[143.0,-67.04]]],"type":"Polygon"},"properties":{ "hvalue":1.25,"color":"#a7c2e0"} }, { "type":"Feature","geometry":{"coordinates":[[[-159.0,-78.28],[-159.43,-78.19],[-159.38,-77.98],[-159.0,-77.89],[-158.62,-77.98],[-158.57,-78.19],[-159.0,-78.28]],[[-159.0,-78.21],[-159.08,-78.19],[-159.01,-77.98],[-159.0,-77.98],[-158.99,-77.98],[-158.92,-78.19],[-159.0,-78.21]]],"type":"Polygon"},"properties":{ "hvalue":1.25,"color":"#a7c2e0"} }, { "type":"Feature","geometry":{"coordinates":[[[-87.0,16.73],[-87.13,16.76],[-87.0,17.36],[-86.6,16.76],[-87.0,16.73]]],"type":"Polygon"},"properties":{ "hvalue":1.25,"color":"#a7c2e0"} }, { "type":"Feature","geometry":{"coordinates":[[[-89.0,-72.53],[-89.28,-72.43],[-89.0,-72.4],[-88.0,-72.35],[-87.48,-72.43],[-88.0,-72.54],[-89.0,-72.53]]],"type":"Polygon"},"properties":{ "hvalue":1.25,"color":"#a7c2e0"} }, { "type":"Feature","geometry":{"coordinates":[[[38.0,-46.99],[37.82,-46.74],[38.0,-46.44],[38.44,-46.74],[38.0,-46.99]]],"type":"Polygon"},"properties":{ "hvalue":3.9,"color":"#34cc99"} }, { "type":"Feature","geometry":{"coordinates":[[[106.0,-23.97],[105.73,-23.33],[106.0,-23.16],[106.15,-23.33],[106.0,-23.97]]],"type":"Polygon"},"properties":{ "hvalue":1.9,"color":"#a7c2e0"} }, { "type":"Feature","geometry":{"coordinates":[[[-87.0,64.77],[-87.08,64.87],[-87.29,65.29],[-87.0,65.54],[-86.85,65.29],[-86.92,64.87],[-87.0,64.77]]],"type":"Polygon"},"properties":{ "hvalue":1.25,"color":"#a7c2e0"} }, { "type":"Feature","geometry":{"coordinates":[[[-144.0,32.52],[-144.24,33.01],[-144.0,33.16],[-143.66,33.01],[-144.0,32.52]]],"type":"Polygon"},"properties":{ "hvalue":1.15,"color":"#E2EBF5"} }, { "type":"Feature","geometry":{"coordinates":[[[157.0,76.88],[156.87,76.9],[156.52,77.12],[157.0,77.23],[157.58,77.12],[157.25,76.9],[157.0,76.88]]],"type":"Polygon"},"properties":{ "hvalue":1.15,"color":"#E2EBF5"} }, { "type":"Feature","geometry":{"coordinates":[[[-107.0,-10.0],[-107.17,-9.95],[-107.15,-8.96],[-107.0,-8.72],[-106.86,-8.96],[-106.93,-9.95],[-107.0,-10.0]]],"type":"Polygon"},"properties":{ "hvalue":1.9,"color":"#a7c2e0"} }, { "type":"Feature","geometry":{"coordinates":[[[-19.0,72.42],[-19.07,72.43],[-19.0,72.44],[-18.0,72.58],[-17.41,72.43],[-18.0,72.34],[-19.0,72.42]]],"type":"Polygon"},"properties":{ "hvalue":1.15,"color":"#E2EBF5"} }, { "type":"Feature","geometry":{"coordinates":[[[161.0,9.66],[160.74,9.95],[161.0,10.29],[161.36,9.95],[161.0,9.66]]],"type":"Polygon"},"properties":{ "hvalue":1.15,"color":"#E2EBF5"} }, { "type":"Feature","geometry":{"coordinates":[[[-86.0,-72.74],[-86.11,-72.73],[-86.0,-72.73],[-85.0,-72.7],[-84.86,-72.73],[-85.0,-73.02],[-86.0,-72.74]]],"type":"Polygon"},"properties":{ "hvalue":1.25,"color":"#a7c2e0"} }, { "type":"Feature","geometry":{"coordinates":[[[-78.0,28.5],[-78.35,28.72],[-78.0,28.9],[-77.31,28.72],[-78.0,28.5]]],"type":"Polygon"},"properties":{ "hvalue":1.25,"color":"#a7c2e0"} }, { "type":"Feature","geometry":{"coordinates":[[[166.0,-50.83],[165.81,-50.7],[166.0,-50.54],[167.0,-50.54],[167.26,-50.7],[167.0,-50.79],[166.0,-50.83]]],"type":"Polygon"},"properties":{ "hvalue":3.9,"color":"#34cc99"} }, { "type":"Feature","geometry":{"coordinates":[[[-172.0,-59.85],[-172.84,-59.77],[-172.0,-59.55],[-171.42,-59.77],[-172.0,-59.85]]],"type":"Polygon"},"properties":{ "hvalue":5.0,"color":"#fee600"} }, { "type":"Feature","geometry":{"coordinates":[[[-170.0,-26.39],[-170.36,-26.05],[-170.0,-25.61],[-169.81,-26.05],[-170.0,-26.39]]],"type":"Polygon"},"properties":{ "hvalue":1.9,"color":"#a7c2e0"} }, { "type":"Feature","geometry":{"coordinates":[[[-6.0,-46.95],[-6.88,-46.74],[-6.0,-46.61],[-5.61,-46.74],[-6.0,-46.95]]],"type":"Polygon"},"properties":{ "hvalue":4.9,"color":"#6bff6b"} }, { "type":"Feature","geometry":{"coordinates":[[[155.0,49.15],[154.58,49.41],[155.0,49.76],[155.29,49.41],[155.0,49.15]]],"type":"Polygon"},"properties":{ "hvalue":1.15,"color":"#E2EBF5"} }, { "type":"Feature","geometry":{"coordinates":[[[31.0,-43.42],[30.74,-43.21],[31.0,-42.89],[31.58,-43.21],[31.0,-43.42]]],"type":"Polygon"},"properties":{ "hvalue":6.0,"color":"#ff9600"} }, { "type":"Feature","geometry":{"coordinates":[[[58.0,-49.55],[57.26,-49.41],[58.0,-49.22],[58.67,-49.41],[58.0,-49.55]]],"type":"Polygon"},"properties":{ "hvalue":4.9,"color":"#6bff6b"} }, { "type":"Feature","geometry":{"coordinates":[[[-7.0,61.9],[-7.42,62.2],[-7.0,62.39],[-6.47,62.2],[-7.0,61.9]]],"type":"Polygon"},"properties":{ "hvalue":1.15,"color":"#E2EBF5"} }, { "type":"Feature","geometry":{"coordinates":[[[-152.0,-77.37],[-152.26,-77.34],[-152.0,-77.29],[-151.15,-77.12],[-151.0,-77.09],[-150.93,-77.12],[-150.73,-77.34],[-151.0,-77.4],[-152.0,-77.37]]],"type":"Polygon"},"properties":{ "hvalue":2.0,"color":"#6c99d2"} }, { "type":"Feature","geometry":{"coordinates":[[[-31.0,49.8],[-31.53,50.06],[-31.0,50.39],[-30.72,50.06],[-31.0,49.8]]],"type":"Polygon"},"properties":{ "hvalue":4.0,"color":"#6bff6b"} }, { "type":"Feature","geometry":{"coordinates":[[[103.0,-56.23],[102.52,-56.06],[103.0,-55.65],[103.35,-56.06],[103.0,-56.23]]],"type":"Polygon"},"properties":{ "hvalue":4.0,"color":"#6bff6b"} }, { "type":"Feature","geometry":{"coordinates":[[[169.0,-19.11],[168.52,-18.66],[169.0,-18.41],[169.23,-18.66],[169.0,-19.11]]],"type":"Polygon"},"properties":{ "hvalue":1.15,"color":"#E2EBF5"} }, { "type":"Feature","geometry":{"coordinates":[[[-109.0,-27.18],[-109.49,-26.95],[-109.0,-26.53],[-108.7,-26.95],[-109.0,-27.18]]],"type":"Polygon"},"properties":{ "hvalue":1.9,"color":"#a7c2e0"} }, { "type":"Feature","geometry":{"coordinates":[[[177.0,-77.87],[176.82,-77.77],[177.0,-77.71],[178.0,-77.73],[179.0,-77.74],[180.0,-77.76],[180.03,-77.77],[180.0,-77.79],[179.0,-77.85],[178.0,-77.87],[177.0,-77.87]]],"type":"Polygon"},"properties":{ "hvalue":2.0,"color":"#6c99d2"} }, { "type":"Feature","geometry":{"coordinates":[[[-170.0,-52.71],[-170.77,-52.56],[-170.0,-52.3],[-169.5,-52.56],[-170.0,-52.71]]],"type":"Polygon"},"properties":{ "hvalue":4.0,"color":"#6bff6b"} }, { "type":"Feature","geometry":{"coordinates":[[[-117.0,-5.16],[-117.18,-4.99],[-117.0,-4.69],[-116.04,-4.99],[-117.0,-5.16]]],"type":"Polygon"},"properties":{ "hvalue":1.9,"color":"#a7c2e0"} }, { "type":"Feature","geometry":{"coordinates":[[[-37.0,-54.53],[-37.31,-54.34],[-37.0,-54.07],[-36.09,-54.34],[-37.0,-54.53]],[[-37.0,-54.46],[-37.19,-54.34],[-37.0,-54.17],[-36.43,-54.34],[-37.0,-54.46]]],"type":"Polygon"},"properties":{ "hvalue":1.9,"color":"#a7c2e0"} }, { "type":"Feature","geometry":{"coordinates":[[[57.0,12.09],[56.55,12.89],[57.0,13.12],[57.11,12.89],[57.0,12.09]]],"type":"Polygon"},"properties":{ "hvalue":3.0,"color":"#34cc99"} }, { "type":"Feature","geometry":{"coordinates":[[[60.0,15.38],[59.72,15.8],[60.0,16.5],[60.27,15.8],[60.0,15.38]]],"type":"Polygon"},"properties":{ "hvalue":3.0,"color":"#34cc99"} }, { "type":"Feature","geometry":{"coordinates":[[[-60.0,30.41],[-60.08,30.46],[-60.2,31.31],[-60.0,31.47],[-59.61,31.31],[-59.92,30.46],[-60.0,30.41]]],"type":"Polygon"},"properties":{ "hvalue":1.25,"color":"#a7c2e0"} }, { "type":"Feature","geometry":{"coordinates":[[[157.0,37.72],[156.78,37.89],[157.0,38.29],[157.91,37.89],[157.0,37.72]]],"type":"Polygon"},"properties":{ "hvalue":2.0,"color":"#6c99d2"} }, { "type":"Feature","geometry":{"coordinates":[[[94.0,6.67],[93.71,6.98],[94.0,7.58],[94.41,6.98],[94.0,6.67]]],"type":"Polygon"},"properties":{ "hvalue":1.9,"color":"#a7c2e0"} }, { "type":"Feature","geometry":{"coordinates":[[[164.0,43.92],[163.98,43.93],[164.0,43.94],[165.0,44.06],[166.0,44.05],[166.32,43.93],[166.0,43.85],[165.0,43.78],[164.0,43.92]]],"type":"Polygon"},"properties":{ "hvalue":3.0,"color":"#34cc99"} }, { "type":"Feature","geometry":{"coordinates":[[[155.0,-55.82],[154.15,-55.49],[155.0,-55.27],[155.33,-55.49],[155.0,-55.82]]],"type":"Polygon"},"properties":{ "hvalue":8.0,"color":"#fa3c3c"} }, { "type":"Feature","geometry":{"coordinates":[[[179.0,-52.7],[178.26,-52.56],[179.0,-52.08],[179.36,-52.56],[179.0,-52.7]]],"type":"Polygon"},"properties":{ "hvalue":4.9,"color":"#6bff6b"} }, { "type":"Feature","geometry":{"coordinates":[[[-171.0,63.52],[-171.14,63.56],[-171.0,63.99],[-170.0,63.83],[-169.68,63.56],[-170.0,63.54],[-171.0,63.52]]],"type":"Polygon"},"properties":{ "hvalue":1.15,"color":"#E2EBF5"} }, { "type":"Feature","geometry":{"coordinates":[[[-66.0,49.68],[-66.21,50.06],[-66.0,50.19],[-65.0,50.08],[-64.86,50.06],[-65.0,49.81],[-66.0,49.68]]],"type":"Polygon"},"properties":{ "hvalue":1.25,"color":"#a7c2e0"} }, { "type":"Feature","geometry":{"coordinates":[[[109.0,-2.89],[108.47,-2.0],[109.0,-1.8],[109.11,-2.0],[109.0,-2.89]]],"type":"Polygon"},"properties":{ "hvalue":1.25,"color":"#a7c2e0"} }, { "type":"Feature","geometry":{"coordinates":[[[-105.0,-12.32],[-105.23,-11.91],[-105.0,-11.26],[-104.54,-11.91],[-105.0,-12.32]]],"type":"Polygon"},"properties":{ "hvalue":1.9,"color":"#a7c2e0"} }, { "type":"Feature","geometry":{"coordinates":[[[161.0,-54.36],[160.92,-54.34],[161.0,-54.29],[162.0,-54.06],[162.82,-54.34],[162.0,-54.45],[161.0,-54.36]]],"type":"Polygon"},"properties":{ "hvalue":5.9,"color":"#fee600"} }, { "type":"Feature","geometry":{"coordinates":[[[54.0,12.6],[53.34,12.89],[54.0,13.34],[54.34,12.89],[54.0,12.6]]],"type":"Polygon"},"properties":{ "hvalue":1.9,"color":"#a7c2e0"} }, { "type":"Feature","geometry":{"coordinates":[[[154.0,-30.86],[153.97,-30.46],[153.94,-29.59],[154.0,-29.28],[154.41,-29.59],[154.2,-30.46],[154.0,-30.86]]],"type":"Polygon"},"properties":{ "hvalue":5.0,"color":"#fee600"} }, { "type":"Feature","geometry":{"coordinates":[[[-173.0,60.65],[-173.43,60.76],[-173.0,61.14],[-172.0,60.89],[-171.89,60.76],[-172.0,60.72],[-173.0,60.65]]],"type":"Polygon"},"properties":{ "hvalue":1.9,"color":"#a7c2e0"} }, { "type":"Feature","geometry":{"coordinates":[[[-8.0,-30.67],[-8.4,-30.46],[-8.0,-29.62],[-7.68,-30.46],[-8.0,-30.67]]],"type":"Polygon"},"properties":{ "hvalue":2.0,"color":"#6c99d2"} }, { "type":"Feature","geometry":{"coordinates":[[[67.0,-44.35],[66.7,-43.93],[67.0,-43.78],[68.0,-43.91],[68.03,-43.93],[68.0,-43.94],[67.0,-44.35]]],"type":"Polygon"},"properties":{ "hvalue":6.0,"color":"#ff9600"} }, { "type":"Feature","geometry":{"coordinates":[[[-1.0,59.98],[-1.44,60.27],[-1.0,60.59],[-0.18,60.27],[-1.0,59.98]],[[-1.0,60.2],[-1.1,60.27],[-1.0,60.34],[-0.81,60.27],[-1.0,60.2]]],"type":"Polygon"},"properties":{ "hvalue":1.9,"color":"#a7c2e0"} }, { "type":"Feature","geometry":{"coordinates":[[[166.0,-10.33],[165.47,-9.95],[166.0,-9.53],[166.45,-9.95],[166.0,-10.33]]],"type":"Polygon"},"properties":{ "hvalue":1.15,"color":"#E2EBF5"} }, { "type":"Feature","geometry":{"coordinates":[[[-89.0,69.14],[-89.18,69.15],[-90.0,69.47],[-90.02,69.5],[-90.0,69.56],[-89.0,69.68],[-88.55,69.5],[-88.9,69.15],[-89.0,69.14]]],"type":"Polygon"},"properties":{ "hvalue":1.25,"color":"#a7c2e0"} }, { "type":"Feature","geometry":{"coordinates":[[[153.0,-11.21],[152.41,-10.93],[153.0,-10.52],[153.57,-10.93],[153.0,-11.21]]],"type":"Polygon"},"properties":{ "hvalue":1.15,"color":"#E2EBF5"} }, { "type":"Feature","geometry":{"coordinates":[[[-174.0,-55.73],[-174.7,-55.49],[-174.0,-55.08],[-173.45,-55.49],[-174.0,-55.73]]],"type":"Polygon"},"properties":{ "hvalue":5.0,"color":"#fee600"} }, { "type":"Feature","geometry":{"coordinates":[[[-107.0,-21.12],[-107.35,-20.55],[-107.0,-19.81],[-106.72,-20.55],[-107.0,-21.12]]],"type":"Polygon"},"properties":{ "hvalue":1.9,"color":"#a7c2e0"} }, { "type":"Feature","geometry":{"coordinates":[[[144.0,-59.53],[143.56,-59.26],[144.0,-59.04],[145.0,-59.14],[145.28,-59.26],[145.0,-59.48],[144.0,-59.53]]],"type":"Polygon"},"properties":{ "hvalue":10.0,"color":"#c80000"} }, { "type":"Feature","geometry":{"coordinates":[[[-95.0,-12.54],[-95.58,-11.91],[-95.0,-11.74],[-94.53,-11.91],[-95.0,-12.54]]],"type":"Polygon"},"properties":{ "hvalue":2.0,"color":"#6c99d2"} }, { "type":"Feature","geometry":{"coordinates":[[[169.0,14.29],[168.55,14.83],[169.0,15.22],[169.49,14.83],[169.0,14.29]]],"type":"Polygon"},"properties":{ "hvalue":1.15,"color":"#E2EBF5"} }, { "type":"Feature","geometry":{"coordinates":[[[-160.0,9.36],[-160.15,9.95],[-160.0,10.1],[-159.0,10.04],[-158.97,9.95],[-159.0,9.92],[-160.0,9.36]]],"type":"Polygon"},"properties":{ "hvalue":1.15,"color":"#E2EBF5"} }, { "type":"Feature","geometry":{"coordinates":[[[68.0,-67.86],[67.33,-67.68],[68.0,-67.46],[69.0,-67.46],[69.5,-67.68],[69.0,-67.86],[68.0,-67.86]],[[68.0,-67.74],[67.76,-67.68],[68.0,-67.6],[69.0,-67.6],[69.17,-67.68],[69.0,-67.74],[68.0,-67.74]]],"type":"Polygon"},"properties":{ "hvalue":1.25,"color":"#a7c2e0"} }, { "type":"Feature","geometry":{"coordinates":[[[-10.0,-45.46],[-10.07,-45.35],[-10.61,-44.65],[-10.0,-44.47],[-9.72,-44.65],[-9.77,-45.35],[-10.0,-45.46]]],"type":"Polygon"},"properties":{ "hvalue":4.9,"color":"#6bff6b"} }, { "type":"Feature","geometry":{"coordinates":[[[69.0,-49.58],[68.75,-49.41],[69.0,-49.02],[70.0,-49.12],[70.38,-49.41],[70.0,-49.58],[69.0,-49.58]]],"type":"Polygon"},"properties":{ "hvalue":1.15,"color":"#E2EBF5"} }, { "type":"Feature","geometry":{"coordinates":[[[111.0,17.11],[110.67,17.71],[111.0,18.3],[111.45,17.71],[111.0,17.11]]],"type":"Polygon"},"properties":{ "hvalue":3.0,"color":"#34cc99"} }, { "type":"Feature","geometry":{"coordinates":[[[-80.0,51.71],[-80.38,51.95],[-80.24,52.56],[-80.0,52.66],[-79.58,52.56],[-79.35,51.95],[-80.0,51.71]]],"type":"Polygon"},"properties":{ "hvalue":1.25,"color":"#a7c2e0"} }, { "type":"Feature","geometry":{"coordinates":[[[45.0,-13.56],[44.41,-12.89],[45.0,-12.59],[45.5,-12.89],[45.0,-13.56]]],"type":"Polygon"},"properties":{ "hvalue":1.15,"color":"#E2EBF5"} }, { "type":"Feature","geometry":{"coordinates":[[[173.0,52.72],[172.31,53.16],[173.0,53.56],[173.63,53.16],[173.0,52.72]]],"type":"Polygon"},"properties":{ "hvalue":1.9,"color":"#a7c2e0"} }, { "type":"Feature","geometry":{"coordinates":[[[97.0,-12.32],[96.4,-11.91],[97.0,-11.21],[97.4,-11.91],[97.0,-12.32]]],"type":"Polygon"},"properties":{ "hvalue":1.9,"color":"#a7c2e0"} }, { "type":"Feature","geometry":{"coordinates":[[[-79.0,73.85],[-79.32,73.88],[-80.0,73.98],[-80.46,74.16],[-80.0,74.21],[-79.0,74.26],[-78.0,74.23],[-77.64,74.16],[-78.0,74.07],[-78.8,73.88],[-79.0,73.85]]],"type":"Polygon"},"properties":{ "hvalue":1.25,"color":"#a7c2e0"} }, { "type":"Feature","geometry":{"coordinates":[[[-82.0,43.54],[-82.23,43.93],[-82.72,44.65],[-82.0,44.92],[-81.87,44.65],[-81.91,43.93],[-82.0,43.54]]],"type":"Polygon"},"properties":{ "hvalue":1.25,"color":"#a7c2e0"} }, { "type":"Feature","geometry":{"coordinates":[[[-7.0,-48.28],[-7.62,-48.09],[-7.0,-47.95],[-6.0,-47.93],[-5.65,-48.09],[-6.0,-48.57],[-7.0,-48.28]]],"type":"Polygon"},"properties":{ "hvalue":4.9,"color":"#6bff6b"} }, { "type":"Feature","geometry":{"coordinates":[[[-110.0,-15.81],[-110.01,-15.8],[-110.02,-14.83],[-110.0,-14.79],[-109.96,-14.83],[-109.0,-15.73],[-108.95,-15.8],[-109.0,-15.98],[-110.0,-15.81]]],"type":"Polygon"},"properties":{ "hvalue":1.9,"color":"#a7c2e0"} }, { "type":"Feature","geometry":{"coordinates":[[[-113.0,-57.78],[-113.12,-57.7],[-113.03,-57.16],[-113.0,-57.16],[-112.99,-57.16],[-112.0,-57.44],[-111.6,-57.7],[-112.0,-58.0],[-113.0,-57.78]]],"type":"Polygon"},"properties":{ "hvalue":3.0,"color":"#34cc99"} }, { "type":"Feature","geometry":{"coordinates":[[[-152.0,-77.44],[-152.98,-77.34],[-152.0,-77.13],[-151.94,-77.12],[-151.0,-76.95],[-150.58,-77.12],[-150.46,-77.34],[-151.0,-77.46],[-152.0,-77.44]],[[-152.0,-77.37],[-152.26,-77.34],[-152.0,-77.29],[-151.15,-77.12],[-151.0,-77.09],[-150.93,-77.12],[-150.73,-77.34],[-151.0,-77.4],[-152.0,-77.37]]],"type":"Polygon"},"properties":{ "hvalue":1.25,"color":"#a7c2e0"} }, { "type":"Feature","geometry":{"coordinates":[[[-37.0,-54.63],[-37.46,-54.34],[-37.0,-53.94],[-36.0,-54.15],[-35.58,-54.34],[-36.0,-54.51],[-37.0,-54.63]],[[-37.0,-54.53],[-37.31,-54.34],[-37.0,-54.07],[-36.09,-54.34],[-37.0,-54.53]]],"type":"Polygon"},"properties":{ "hvalue":2.9,"color":"#6c99d2"} }, { "type":"Feature","geometry":{"coordinates":[[[170.0,39.85],[169.86,40.22],[170.0,40.28],[171.0,40.39],[172.0,40.27],[172.21,40.22],[172.0,40.07],[171.0,39.83],[170.0,39.85]]],"type":"Polygon"},"properties":{ "hvalue":1.15,"color":"#E2EBF5"} }, { "type":"Feature","geometry":{"coordinates":[[[175.0,-1.42],[174.58,-1.0],[175.0,-0.06],[175.61,-1.0],[175.0,-1.42]]],"type":"Polygon"},"properties":{ "hvalue":1.15,"color":"#E2EBF5"} }, { "type":"Feature","geometry":{"coordinates":[[[-6.0,-52.26],[-6.72,-51.95],[-6.0,-51.42],[-5.04,-51.95],[-6.0,-52.26]]],"type":"Polygon"},"properties":{ "hvalue":6.0,"color":"#ff9600"} }, { "type":"Feature","geometry":{"coordinates":[[[51.0,-10.36],[50.39,-9.95],[50.89,-8.96],[51.0,-8.9],[51.04,-8.96],[51.35,-9.95],[51.0,-10.36]]],"type":"Polygon"},"properties":{ "hvalue":2.9,"color":"#6c99d2"} }, { "type":"Feature","geometry":{"coordinates":[[[-96.0,-2.4],[-96.43,-2.0],[-96.0,-1.23],[-95.21,-2.0],[-96.0,-2.4]]],"type":"Polygon"},"properties":{ "hvalue":2.0,"color":"#6c99d2"} }, { "type":"Feature","geometry":{"coordinates":[[[-7.0,61.72],[-7.01,61.73],[-7.68,62.2],[-7.0,62.5],[-6.14,62.2],[-6.0,61.82],[-5.91,61.73],[-6.0,61.66],[-7.0,61.72]],[[-7.0,61.9],[-7.42,62.2],[-7.0,62.39],[-6.47,62.2],[-7.0,61.9]]],"type":"Polygon"},"properties":{ "hvalue":1.9,"color":"#a7c2e0"} }, { "type":"Feature","geometry":{"coordinates":[[[-108.0,-44.45],[-108.93,-43.93],[-108.0,-43.55],[-107.25,-43.93],[-108.0,-44.45]]],"type":"Polygon"},"properties":{ "hvalue":4.0,"color":"#6bff6b"} }, { "type":"Feature","geometry":{"coordinates":[[[119.0,24.08],[118.84,24.24],[119.0,24.28],[119.96,25.15],[120.0,25.28],[120.15,25.15],[120.04,24.24],[120.0,24.18],[119.0,24.08]]],"type":"Polygon"},"properties":{ "hvalue":2.0,"color":"#6c99d2"} }, { "type":"Feature","geometry":{"coordinates":[[[46.0,-9.35],[45.25,-8.96],[46.0,-8.41],[46.93,-8.96],[46.0,-9.35]]],"type":"Polygon"},"properties":{ "hvalue":2.9,"color":"#6c99d2"} }, { "type":"Feature","geometry":{"coordinates":[[[18.0,-42.93],[17.25,-42.47],[17.92,-41.73],[18.0,-41.67],[18.23,-41.73],[18.55,-42.47],[18.0,-42.93]]],"type":"Polygon"},"properties":{ "hvalue":4.0,"color":"#6bff6b"} }, { "type":"Feature","geometry":{"coordinates":[[[-19.0,8.54],[-19.28,8.96],[-19.0,9.79],[-18.0,9.02],[-17.97,8.96],[-18.0,8.77],[-19.0,8.54]]],"type":"Polygon"},"properties":{ "hvalue":1.15,"color":"#E2EBF5"} }, { "type":"Feature","geometry":{"coordinates":[[[144.0,41.42],[143.77,41.73],[143.98,42.47],[144.0,42.49],[145.0,42.56],[145.23,42.47],[145.25,41.73],[145.0,41.55],[144.0,41.42]]],"type":"Polygon"},"properties":{ "hvalue":1.25,"color":"#a7c2e0"} }, { "type":"Feature","geometry":{"coordinates":[[[93.0,5.77],[92.57,5.99],[92.52,6.98],[93.0,7.38],[93.05,6.98],[93.57,5.99],[93.0,5.77]]],"type":"Polygon"},"properties":{ "hvalue":3.0,"color":"#34cc99"} }, { "type":"Feature","geometry":{"coordinates":[[[-6.0,-53.2],[-6.08,-53.16],[-6.0,-53.12],[-5.0,-52.67],[-4.0,-52.66],[-3.7,-53.16],[-4.0,-53.33],[-5.0,-53.38],[-6.0,-53.2]]],"type":"Polygon"},"properties":{ "hvalue":6.0,"color":"#ff9600"} }, { "type":"Feature","geometry":{"coordinates":[[[152.0,51.63],[151.45,51.95],[151.93,52.56],[152.0,52.58],[153.0,52.64],[153.15,52.56],[153.02,51.95],[153.0,51.94],[152.0,51.63]]],"type":"Polygon"},"properties":{ "hvalue":3.0,"color":"#34cc99"} }, { "type":"Feature","geometry":{"coordinates":[[[-108.0,-6.21],[-108.24,-5.99],[-108.0,-5.81],[-107.0,-5.64],[-106.33,-5.99],[-107.0,-6.55],[-108.0,-6.21]]],"type":"Polygon"},"properties":{ "hvalue":1.9,"color":"#a7c2e0"} }, { "type":"Feature","geometry":{"coordinates":[[[95.0,-19.32],[94.58,-18.66],[95.0,-17.98],[95.91,-18.66],[95.0,-19.32]]],"type":"Polygon"},"properties":{ "hvalue":3.0,"color":"#34cc99"} }, { "type":"Feature","geometry":{"coordinates":[[[69.0,-49.68],[68.59,-49.41],[69.0,-48.79],[70.0,-48.94],[70.62,-49.41],[70.0,-49.69],[69.0,-49.68]],[[69.0,-49.58],[68.75,-49.41],[69.0,-49.02],[70.0,-49.12],[70.38,-49.41],[70.0,-49.58],[69.0,-49.58]]],"type":"Polygon"},"properties":{ "hvalue":1.9,"color":"#a7c2e0"} }, { "type":"Feature","geometry":{"coordinates":[[[-177.0,20.77],[-177.3,21.48],[-177.41,22.41],[-177.0,23.28],[-176.74,22.41],[-176.67,21.48],[-177.0,20.77]]],"type":"Polygon"},"properties":{ "hvalue":1.15,"color":"#E2EBF5"} }, { "type":"Feature","geometry":{"coordinates":[[[-143.0,14.66],[-143.17,14.83],[-143.09,15.8],[-143.0,15.91],[-142.0,16.05],[-141.84,15.8],[-141.84,14.83],[-142.0,14.6],[-143.0,14.66]]],"type":"Polygon"},"properties":{ "hvalue":6.0,"color":"#ff9600"} }, { "type":"Feature","geometry":{"coordinates":[[[65.0,-20.94],[64.69,-20.55],[64.98,-19.61],[65.0,-19.59],[66.0,-19.44],[66.03,-19.61],[66.0,-20.18],[65.91,-20.55],[65.0,-20.94]]],"type":"Polygon"},"properties":{ "hvalue":5.0,"color":"#fee600"} }, { "type":"Feature","geometry":{"coordinates":[[[27.0,-40.35],[26.72,-40.22],[26.0,-39.86],[25.7,-39.45],[26.0,-39.01],[27.0,-39.42],[27.02,-39.45],[27.24,-40.22],[27.0,-40.35]]],"type":"Polygon"},"properties":{ "hvalue":6.0,"color":"#ff9600"} }, { "type":"Feature","geometry":{"coordinates":[[[157.0,-36.66],[156.55,-36.3],[157.0,-35.53],[158.0,-36.04],[158.23,-36.3],[158.0,-36.77],[157.0,-36.66]]],"type":"Polygon"},"properties":{ "hvalue":6.0,"color":"#ff9600"} }, { "type":"Feature","geometry":{"coordinates":[[[75.0,-23.96],[74.33,-23.33],[74.71,-22.41],[75.0,-22.03],[75.41,-22.41],[75.27,-23.33],[75.0,-23.96]]],"type":"Polygon"},"properties":{ "hvalue":4.9,"color":"#6bff6b"} }, { "type":"Feature","geometry":{"coordinates":[[[29.0,35.39],[28.83,35.49],[29.0,35.56],[30.0,35.55],[31.0,35.57],[32.0,35.63],[33.0,35.55],[33.18,35.49],[33.0,35.28],[32.0,35.17],[31.0,35.14],[30.0,35.16],[29.0,35.39]]],"type":"Polygon"},"properties":{ "hvalue":1.25,"color":"#a7c2e0"} }, { "type":"Feature","geometry":{"coordinates":[[[147.0,-4.96],[146.32,-4.0],[147.0,-3.33],[147.63,-4.0],[147.0,-4.96]]],"type":"Polygon"},"properties":{ "hvalue":1.25,"color":"#a7c2e0"} }, { "type":"Feature","geometry":{"coordinates":[[[-9.0,-16.95],[-9.12,-16.76],[-9.24,-15.8],[-9.0,-15.45],[-8.65,-15.8],[-8.0,-16.55],[-7.86,-16.76],[-8.0,-17.05],[-9.0,-16.95]]],"type":"Polygon"},"properties":{ "hvalue":1.9,"color":"#a7c2e0"} }, { "type":"Feature","geometry":{"coordinates":[[[-158.0,-9.64],[-158.75,-8.96],[-158.0,-8.11],[-157.22,-8.96],[-158.0,-9.64]]],"type":"Polygon"},"properties":{ "hvalue":1.9,"color":"#a7c2e0"} }, { "type":"Feature","geometry":{"coordinates":[[[-37.0,-54.72],[-37.61,-54.34],[-37.0,-53.8],[-36.0,-53.91],[-35.05,-54.34],[-36.0,-54.71],[-37.0,-54.72]],[[-37.0,-54.63],[-37.46,-54.34],[-37.0,-53.94],[-36.0,-54.15],[-35.58,-54.34],[-36.0,-54.51],[-37.0,-54.63]]],"type":"Polygon"},"properties":{ "hvalue":3.9,"color":"#34cc99"} }, { "type":"Feature","geometry":{"coordinates":[[[-9.0,-47.01],[-9.29,-46.74],[-9.0,-46.05],[-9.0,-46.04],[-9.0,-46.05],[-8.0,-46.53],[-7.18,-46.74],[-8.0,-47.2],[-9.0,-47.01]]],"type":"Polygon"},"properties":{ "hvalue":4.9,"color":"#6bff6b"} }, { "type":"Feature","geometry":{"coordinates":[[[61.0,80.21],[60.78,80.24],[60.71,80.41],[60.0,80.43],[59.08,80.58],[59.1,80.74],[60.0,80.86],[60.25,80.9],[61.0,80.99],[61.72,80.9],[62.0,80.78],[62.3,80.74],[62.0,80.68],[61.83,80.58],[61.1,80.41],[61.08,80.24],[61.0,80.21]]],"type":"Polygon"},"properties":{ "hvalue":1.15,"color":"#E2EBF5"} }, { "type":"Feature","geometry":{"coordinates":[[[127.0,33.0],[126.98,33.01],[127.0,33.04],[127.44,33.84],[128.0,34.12],[129.0,33.96],[129.12,33.84],[129.0,33.82],[128.05,33.01],[128.0,32.94],[127.0,33.0]]],"type":"Polygon"},"properties":{ "hvalue":2.0,"color":"#6c99d2"} }, { "type":"Feature","geometry":{"coordinates":[[[45.0,-28.88],[44.73,-28.72],[45.0,-28.18],[45.27,-27.84],[46.0,-27.41],[46.46,-27.84],[46.13,-28.72],[46.0,-28.86],[45.0,-28.88]]],"type":"Polygon"},"properties":{ "hvalue":4.0,"color":"#6bff6b"} }, { "type":"Feature","geometry":{"coordinates":[[[175.0,18.44],[174.71,18.66],[174.47,19.61],[175.0,20.21],[175.91,19.61],[175.17,18.66],[175.0,18.44]]],"type":"Polygon"},"properties":{ "hvalue":1.15,"color":"#E2EBF5"} }, { "type":"Feature","geometry":{"coordinates":[[[-152.0,-45.24],[-152.29,-44.65],[-152.0,-44.36],[-151.26,-43.93],[-151.0,-43.58],[-150.75,-43.93],[-150.77,-44.65],[-151.0,-44.9],[-152.0,-45.24]]],"type":"Polygon"},"properties":{ "hvalue":6.0,"color":"#ff9600"} }, { "type":"Feature","geometry":{"coordinates":[[[177.0,-78.22],[176.87,-78.19],[176.82,-77.98],[176.51,-77.77],[177.0,-77.6],[178.0,-77.62],[179.0,-77.63],[180.0,-77.65],[180.56,-77.77],[180.24,-77.98],[180.2,-78.19],[180.0,-78.23],[179.0,-78.23],[178.0,-78.23],[177.0,-78.22]],[[177.0,-77.87],[176.82,-77.77],[177.0,-77.71],[178.0,-77.73],[179.0,-77.74],[180.0,-77.76],[180.03,-77.77],[180.0,-77.79],[179.0,-77.85],[178.0,-77.87],[177.0,-77.87]]],"type":"Polygon"},"properties":{ "hvalue":1.25,"color":"#a7c2e0"} }, { "type":"Feature","geometry":{"coordinates":[[[-8.0,-29.58],[-8.81,-28.72],[-8.0,-28.03],[-7.08,-28.72],[-8.0,-29.58]]],"type":"Polygon"},"properties":{ "hvalue":2.0,"color":"#6c99d2"} }, { "type":"Feature","geometry":{"coordinates":[[[-20.0,-56.07],[-20.04,-56.06],[-21.0,-55.5],[-21.01,-55.49],[-21.04,-54.92],[-21.0,-54.85],[-20.82,-54.92],[-20.0,-55.18],[-19.3,-55.49],[-19.0,-55.76],[-18.89,-56.06],[-19.0,-56.11],[-20.0,-56.07]]],"type":"Polygon"},"properties":{ "hvalue":5.0,"color":"#fee600"} }, { "type":"Feature","geometry":{"coordinates":[[[149.0,-55.61],[148.79,-55.49],[149.0,-55.29],[149.8,-54.92],[150.0,-54.85],[151.0,-54.79],[151.26,-54.92],[151.41,-55.49],[151.0,-55.89],[150.0,-55.74],[149.0,-55.61]]],"type":"Polygon"},"properties":{ "hvalue":8.0,"color":"#fa3c3c"} }, { "type":"Feature","geometry":{"coordinates":[[[-95.0,-21.65],[-95.16,-21.48],[-96.0,-21.06],[-96.7,-20.55],[-96.0,-20.09],[-95.0,-20.25],[-94.82,-20.55],[-94.94,-21.48],[-95.0,-21.65]]],"type":"Polygon"},"properties":{ "hvalue":2.0,"color":"#6c99d2"} }, { "type":"Feature","geometry":{"coordinates":[[[-125.0,38.78],[-125.81,39.45],[-125.73,40.22],[-125.24,40.98],[-125.0,41.14],[-124.98,40.98],[-124.85,40.22],[-124.53,39.45],[-125.0,38.78]]],"type":"Polygon"},"properties":{ "hvalue":2.0,"color":"#6c99d2"} }, { "type":"Feature","geometry":{"coordinates":[[[69.0,-49.81],[68.39,-49.41],[68.68,-48.76],[69.0,-48.54],[70.0,-48.66],[70.48,-48.76],[70.92,-49.41],[70.0,-49.83],[69.0,-49.81]],[[69.0,-49.68],[68.59,-49.41],[69.0,-48.79],[70.0,-48.94],[70.62,-49.41],[70.0,-49.69],[69.0,-49.68]]],"type":"Polygon"},"properties":{ "hvalue":2.9,"color":"#6c99d2"} }, { "type":"Feature","geometry":{"coordinates":[[[68.0,-20.63],[67.9,-20.55],[68.0,-20.34],[68.33,-19.61],[69.0,-18.84],[69.73,-19.61],[69.01,-20.55],[69.0,-20.56],[68.0,-20.63]]],"type":"Polygon"},"properties":{ "hvalue":5.0,"color":"#fee600"} }, { "type":"Feature","geometry":{"coordinates":[[[159.0,25.57],[158.39,26.05],[159.0,26.86],[160.0,26.65],[161.0,26.13],[161.08,26.05],[161.0,25.71],[160.0,25.66],[159.0,25.57]]],"type":"Polygon"},"properties":{ "hvalue":1.9,"color":"#a7c2e0"} }, { "type":"Feature","geometry":{"coordinates":[[[-15.0,-19.91],[-15.12,-19.61],[-15.79,-18.66],[-15.0,-18.45],[-14.0,-18.52],[-13.83,-18.66],[-13.4,-19.61],[-14.0,-19.79],[-15.0,-19.91]]],"type":"Polygon"},"properties":{ "hvalue":1.9,"color":"#a7c2e0"} }, { "type":"Feature","geometry":{"coordinates":[[[110.0,11.34],[109.87,11.91],[110.0,12.6],[110.77,12.89],[111.0,13.07],[112.0,13.08],[112.02,12.89],[112.0,12.88],[111.0,12.52],[110.83,11.91],[110.0,11.34]]],"type":"Polygon"},"properties":{ "hvalue":2.0,"color":"#6c99d2"} }, { "type":"Feature","geometry":{"coordinates":[[[168.0,37.75],[167.66,37.89],[167.63,38.68],[168.0,39.04],[169.0,39.1],[170.0,38.99],[170.23,38.68],[170.0,38.06],[169.93,37.89],[169.0,37.57],[168.0,37.75]]],"type":"Polygon"},"properties":{ "hvalue":1.15,"color":"#E2EBF5"} }, { "type":"Feature","geometry":{"coordinates":[[[-124.0,-7.05],[-124.18,-6.98],[-124.0,-6.7],[-123.76,-5.99],[-123.0,-5.58],[-122.0,-5.32],[-121.79,-5.99],[-122.0,-6.14],[-123.0,-6.87],[-123.49,-6.98],[-124.0,-7.05]]],"type":"Polygon"},"properties":{ "hvalue":1.9,"color":"#a7c2e0"} }, { "type":"Feature","geometry":{"coordinates":[[[-91.0,58.68],[-91.2,58.75],[-91.94,59.26],[-92.0,59.34],[-92.14,59.77],[-92.0,60.08],[-91.0,59.88],[-90.7,59.77],[-90.0,59.48],[-89.0,59.34],[-88.84,59.26],[-89.0,59.15],[-89.54,58.75],[-90.0,58.63],[-91.0,58.68]]],"type":"Polygon"},"properties":{ "hvalue":4.0,"color":"#6bff6b"} }, { "type":"Feature","geometry":{"coordinates":[[[-91.0,-0.64],[-91.47,0.0],[-91.0,0.83],[-90.6,1.0],[-90.0,1.64],[-89.34,1.0],[-89.36,0.0],[-90.0,-0.55],[-91.0,-0.64]]],"type":"Polygon"},"properties":{ "hvalue":1.15,"color":"#E2EBF5"} }, { "type":"Feature","geometry":{"coordinates":[[[-113.0,-60.02],[-113.81,-59.77],[-114.0,-59.57],[-114.39,-59.26],[-114.64,-58.75],[-114.0,-58.42],[-113.0,-58.51],[-112.0,-58.63],[-111.83,-58.75],[-112.0,-58.95],[-112.43,-59.26],[-112.0,-59.43],[-111.54,-59.77],[-112.0,-60.01],[-113.0,-60.02]]],"type":"Polygon"},"properties":{ "hvalue":3.0,"color":"#34cc99"} }, { "type":"Feature","geometry":{"coordinates":[[[85.0,-50.95],[84.09,-50.7],[84.59,-50.06],[85.0,-49.78],[86.0,-49.59],[86.58,-49.41],[87.0,-49.26],[87.31,-49.41],[87.03,-50.06],[87.0,-50.18],[86.0,-50.64],[85.8,-50.7],[85.0,-50.95]]],"type":"Polygon"},"properties":{ "hvalue":6.0,"color":"#ff9600"} }, { "type":"Feature","geometry":{"coordinates":[[[137.0,40.94],[136.85,40.98],[136.76,41.73],[137.0,41.8],[138.0,42.07],[138.87,42.47],[139.0,42.55],[139.02,42.47],[140.0,41.76],[140.11,41.73],[140.0,41.64],[139.0,41.16],[138.56,40.98],[138.0,40.88],[137.0,40.94]]],"type":"Polygon"},"properties":{ "hvalue":1.25,"color":"#a7c2e0"} }, { "type":"Feature","geometry":{"coordinates":[[[179.0,18.22],[178.82,18.66],[178.76,19.61],[178.47,20.55],[178.11,21.48],[179.0,21.93],[179.62,21.48],[179.6,20.55],[179.45,19.61],[179.17,18.66],[179.0,18.22]]],"type":"Polygon"},"properties":{ "hvalue":1.15,"color":"#E2EBF5"} }, { "type":"Feature","geometry":{"coordinates":[[[48.0,79.83],[47.44,79.9],[47.0,80.05],[46.88,80.07],[46.0,80.16],[45.69,80.24],[45.51,80.41],[46.0,80.43],[46.44,80.58],[46.44,80.74],[47.0,80.81],[48.0,80.81],[49.0,80.82],[50.0,80.87],[51.0,80.74],[51.0,80.58],[50.69,80.41],[50.46,80.24],[50.57,80.07],[50.37,79.9],[50.0,79.82],[49.0,79.8],[48.0,79.83]]],"type":"Polygon"},"properties":{ "hvalue":1.15,"color":"#E2EBF5"} }, { "type":"Feature","geometry":{"coordinates":[[[57.0,80.02],[56.72,80.07],[56.0,80.16],[55.44,80.24],[55.02,80.41],[55.0,80.43],[54.83,80.58],[54.91,80.74],[54.27,80.9],[55.0,81.0],[55.79,81.05],[55.79,81.21],[56.0,81.23],[57.0,81.32],[58.0,81.35],[58.71,81.21],[58.66,81.05],[58.69,80.9],[58.65,80.74],[58.7,80.58],[58.66,80.41],[58.0,80.28],[57.39,80.24],[57.39,80.07],[57.0,80.02]]],"type":"Polygon"},"properties":{ "hvalue":1.15,"color":"#E2EBF5"} }, { "type":"Feature","geometry":{"coordinates":[[[-54.0,59.15],[-54.42,59.26],[-55.0,59.47],[-55.79,59.77],[-56.0,59.92],[-56.13,60.27],[-56.0,60.58],[-55.54,60.76],[-55.0,60.81],[-54.85,60.76],[-54.0,60.48],[-53.27,60.27],[-53.0,60.16],[-52.56,59.77],[-52.74,59.26],[-53.0,59.17],[-54.0,59.15]]],"type":"Polygon"},"properties":{ "hvalue":4.0,"color":"#6bff6b"} }, { "type":"Feature","geometry":{"coordinates":[[[101.0,9.88],[100.82,9.95],[100.37,10.93],[100.68,11.91],[101.0,12.05],[102.0,12.11],[102.21,11.91],[103.0,11.03],[103.1,10.93],[103.0,10.36],[102.0,10.16],[101.26,9.95],[101.0,9.88]]],"type":"Polygon"},"properties":{ "hvalue":1.25,"color":"#a7c2e0"} }, { "type":"Feature","geometry":{"coordinates":[[[-13.0,-46.3],[-13.26,-46.05],[-14.0,-45.75],[-14.79,-45.35],[-15.0,-45.22],[-15.35,-44.65],[-15.0,-44.25],[-14.0,-44.2],[-13.0,-44.49],[-12.52,-44.65],[-12.36,-45.35],[-12.35,-46.05],[-13.0,-46.3]]],"type":"Polygon"},"properties":{ "hvalue":4.9,"color":"#6bff6b"} }, { "type":"Feature","geometry":{"coordinates":[[[49.0,41.59],[48.81,41.73],[48.61,42.47],[48.0,43.12],[47.96,43.21],[48.0,43.41],[48.45,43.93],[49.0,44.32],[50.0,43.98],[50.06,43.93],[50.2,43.21],[50.34,42.47],[50.0,41.8],[49.95,41.73],[49.0,41.59]]],"type":"Polygon"},"properties":{ "hvalue":1.25,"color":"#a7c2e0"} }, { "type":"Feature","geometry":{"coordinates":[[[-143.0,14.08],[-143.76,14.83],[-143.79,15.8],[-143.0,16.71],[-142.15,16.76],[-142.0,16.78],[-141.99,16.76],[-141.39,15.8],[-141.44,14.83],[-142.0,14.03],[-143.0,14.08]],[[-143.0,14.66],[-143.17,14.83],[-143.09,15.8],[-143.0,15.91],[-142.0,16.05],[-141.84,15.8],[-141.84,14.83],[-142.0,14.6],[-143.0,14.66]]],"type":"Polygon"},"properties":{ "hvalue":5.0,"color":"#fee600"} }, { "type":"Feature","geometry":{"coordinates":[[[-74.0,-35.66],[-74.13,-35.49],[-74.32,-34.67],[-74.97,-33.84],[-74.7,-33.01],[-74.0,-32.47],[-73.0,-32.81],[-72.88,-33.01],[-72.86,-33.84],[-72.96,-34.67],[-72.99,-35.49],[-73.0,-35.53],[-74.0,-35.66]]],"type":"Polygon"},"properties":{ "hvalue":2.0,"color":"#6c99d2"} }, { "type":"Feature","geometry":{"coordinates":[[[148.0,16.19],[147.11,16.76],[147.61,17.71],[148.0,18.14],[149.0,18.47],[150.0,17.85],[150.06,17.71],[150.0,17.61],[149.49,16.76],[149.0,16.55],[148.0,16.19]]],"type":"Polygon"},"properties":{ "hvalue":3.0,"color":"#34cc99"} }, { "type":"Feature","geometry":{"coordinates":[[[111.0,78.94],[110.67,78.98],[110.76,79.17],[111.0,79.27],[111.3,79.36],[112.0,79.54],[112.0,79.54],[112.79,79.72],[113.0,79.75],[114.0,79.83],[115.0,79.88],[116.0,79.77],[116.2,79.72],[117.0,79.55],[117.1,79.54],[117.85,79.36],[117.0,79.24],[116.22,79.17],[116.0,79.16],[115.0,79.1],[114.0,79.05],[113.08,78.98],[113.0,78.98],[112.0,78.93],[111.0,78.94]]],"type":"Polygon"},"properties":{ "hvalue":1.25,"color":"#a7c2e0"} }, { "type":"Feature","geometry":{"coordinates":[[[69.0,-49.94],[68.19,-49.41],[68.33,-48.76],[69.0,-48.29],[70.0,-48.25],[71.0,-48.16],[72.0,-48.3],[72.45,-48.76],[72.0,-49.15],[71.87,-49.41],[71.0,-49.79],[70.0,-49.97],[69.0,-49.94]],[[69.0,-49.81],[68.39,-49.41],[68.68,-48.76],[69.0,-48.54],[70.0,-48.66],[70.48,-48.76],[70.92,-49.41],[70.0,-49.83],[69.0,-49.81]]],"type":"Polygon"},"properties":{ "hvalue":3.9,"color":"#34cc99"} }, { "type":"Feature","geometry":{"coordinates":[[[-21.0,-18.45],[-21.8,-17.71],[-21.6,-16.76],[-21.0,-16.51],[-20.68,-16.76],[-20.0,-17.67],[-19.0,-17.46],[-18.03,-17.71],[-19.0,-18.6],[-20.0,-17.79],[-21.0,-18.45]]],"type":"Polygon"},"properties":{ "hvalue":2.0,"color":"#6c99d2"} }, { "type":"Feature","geometry":{"coordinates":[[[-30.0,-13.48],[-30.96,-12.89],[-30.0,-11.91],[-29.98,-11.91],[-29.0,-11.78],[-28.0,-11.54],[-27.0,-11.74],[-26.88,-11.91],[-27.0,-12.24],[-28.0,-12.57],[-28.53,-12.89],[-29.0,-13.12],[-30.0,-13.48]]],"type":"Polygon"},"properties":{ "hvalue":2.0,"color":"#6c99d2"} }, { "type":"Feature","geometry":{"coordinates":[[[113.0,-5.42],[112.13,-4.99],[112.0,-4.86],[111.0,-4.41],[110.0,-4.18],[109.74,-4.0],[110.0,-3.9],[111.0,-3.97],[112.0,-3.91],[113.0,-3.98],[113.33,-4.0],[114.0,-4.76],[115.0,-4.98],[115.08,-4.99],[115.0,-5.21],[114.0,-5.16],[113.0,-5.42]]],"type":"Polygon"},"properties":{ "hvalue":1.25,"color":"#a7c2e0"} }, { "type":"Feature","geometry":{"coordinates":[[[178.0,-18.43],[177.27,-17.71],[178.0,-16.81],[178.24,-16.76],[179.0,-16.44],[180.0,-15.81],[180.57,-16.76],[180.0,-17.26],[179.0,-17.34],[178.9,-17.71],[178.0,-18.43]]],"type":"Polygon"},"properties":{ "hvalue":1.15,"color":"#E2EBF5"} }, { "type":"Feature","geometry":{"coordinates":[[[168.0,-18.01],[167.52,-17.71],[167.13,-16.76],[167.0,-16.63],[166.31,-15.8],[166.34,-14.83],[166.91,-13.86],[167.0,-13.8],[167.04,-13.86],[167.61,-14.83],[168.0,-15.01],[168.44,-15.8],[168.34,-16.76],[168.15,-17.71],[168.0,-18.01]]],"type":"Polygon"},"properties":{ "hvalue":1.15,"color":"#E2EBF5"} }, { "type":"Feature","geometry":{"coordinates":[[[92.0,-17.76],[91.94,-17.71],[92.0,-17.54],[92.14,-16.76],[92.0,-16.13],[91.0,-15.84],[90.97,-15.8],[91.0,-15.78],[92.0,-15.69],[93.0,-15.56],[93.19,-15.8],[94.0,-16.61],[94.1,-16.76],[94.49,-17.71],[94.0,-17.92],[93.0,-18.26],[92.0,-17.76]]],"type":"Polygon"},"properties":{ "hvalue":3.0,"color":"#34cc99"} }, { "type":"Feature","geometry":{"coordinates":[[[-61.0,-52.24],[-61.53,-51.95],[-61.25,-51.33],[-61.09,-50.7],[-61.0,-50.52],[-60.55,-50.06],[-60.0,-49.57],[-59.0,-49.74],[-58.81,-50.06],[-58.51,-50.7],[-58.0,-51.23],[-57.97,-51.33],[-58.0,-51.36],[-58.44,-51.95],[-59.0,-52.28],[-60.0,-52.28],[-61.0,-52.24]]],"type":"Polygon"},"properties":{ "hvalue":1.15,"color":"#E2EBF5"} }, { "type":"Feature","geometry":{"coordinates":[[[140.0,34.51],[139.79,34.67],[140.0,34.7],[140.96,35.49],[141.0,35.62],[142.0,36.14],[142.62,36.3],[143.0,36.6],[143.29,36.3],[144.0,35.84],[144.38,35.49],[144.0,35.3],[143.0,34.9],[142.45,34.67],[142.0,34.56],[141.0,34.36],[140.0,34.51]]],"type":"Polygon"},"properties":{ "hvalue":2.0,"color":"#6c99d2"} }, { "type":"Feature","geometry":{"coordinates":[[[-26.0,-16.06],[-26.29,-15.8],[-26.25,-14.83],[-26.0,-14.54],[-25.12,-13.86],[-25.0,-13.8],[-24.9,-13.86],[-24.1,-14.83],[-24.0,-15.67],[-23.0,-15.28],[-22.0,-15.74],[-21.89,-15.8],[-22.0,-16.14],[-23.0,-16.1],[-24.0,-15.85],[-25.0,-16.02],[-26.0,-16.06]]],"type":"Polygon"},"properties":{ "hvalue":2.0,"color":"#6c99d2"} }, { "type":"Feature","geometry":{"coordinates":[[[143.0,12.72],[142.2,12.89],[142.0,13.26],[141.55,13.86],[142.0,14.04],[142.74,14.83],[143.0,15.13],[144.0,15.35],[145.0,15.4],[145.39,14.83],[145.41,13.86],[145.0,13.5],[144.14,12.89],[144.0,12.75],[143.0,12.72]]],"type":"Polygon"},"properties":{ "hvalue":1.15,"color":"#E2EBF5"} }, { "type":"Feature","geometry":{"coordinates":[[[155.0,58.89],[154.7,59.26],[154.63,59.77],[154.72,60.27],[155.0,60.41],[155.91,60.76],[156.0,60.8],[156.69,60.76],[157.0,60.65],[158.0,60.48],[159.0,60.45],[160.0,60.29],[160.07,60.27],[160.0,60.23],[159.0,60.03],[158.0,60.0],[157.28,59.77],[157.0,59.71],[156.02,59.26],[156.0,59.25],[155.0,58.89]],[[155.0,59.52],[154.95,59.77],[155.0,59.97],[155.24,59.77],[155.0,59.52]]],"type":"Polygon"},"properties":{ "hvalue":2.0,"color":"#6c99d2"} }, { "type":"Feature","geometry":{"coordinates":[[[173.0,0.4],[172.28,1.0],[172.31,2.0],[172.58,3.0],[172.64,4.0],[173.0,4.9],[174.0,4.24],[174.07,4.0],[174.21,3.0],[174.19,2.0],[174.79,1.0],[174.0,0.9],[173.0,0.4]]],"type":"Polygon"},"properties":{ "hvalue":1.15,"color":"#E2EBF5"} }, { "type":"Feature","geometry":{"coordinates":[[[-149.0,35.35],[-149.42,35.49],[-150.0,35.96],[-150.28,36.3],[-150.0,37.05],[-149.0,37.01],[-148.0,36.81],[-147.0,36.95],[-146.18,37.1],[-146.0,37.13],[-145.91,37.1],[-145.0,36.84],[-144.0,36.51],[-143.35,36.3],[-144.0,36.01],[-145.0,35.85],[-146.0,35.85],[-147.0,35.86],[-148.0,35.74],[-148.48,35.49],[-149.0,35.35]]],"type":"Polygon"},"properties":{ "hvalue":2.0,"color":"#6c99d2"} }, { "type":"Feature","geometry":{"coordinates":[[[-99.0,-52.57],[-99.02,-52.56],[-100.0,-52.02],[-100.09,-51.95],[-100.86,-51.33],[-101.0,-51.19],[-101.31,-50.7],[-101.54,-50.06],[-101.0,-49.84],[-100.0,-49.7],[-99.0,-49.58],[-98.0,-49.55],[-97.71,-50.06],[-97.57,-50.7],[-97.41,-51.33],[-98.0,-51.39],[-98.42,-51.95],[-98.9,-52.56],[-99.0,-52.57]]],"type":"Polygon"},"properties":{ "hvalue":1.9,"color":"#a7c2e0"} }, { "type":"Feature","geometry":{"coordinates":[[[103.0,-51.37],[102.86,-51.33],[102.0,-50.93],[101.66,-50.7],[101.0,-50.33],[100.66,-50.06],[100.0,-49.47],[99.85,-49.41],[99.73,-48.76],[100.0,-48.48],[101.0,-48.24],[102.0,-48.28],[102.47,-48.76],[103.0,-49.18],[103.13,-49.41],[103.74,-50.06],[103.62,-50.7],[103.09,-51.33],[103.0,-51.37]]],"type":"Polygon"},"properties":{ "hvalue":6.0,"color":"#ff9600"} }, { "type":"Feature","geometry":{"coordinates":[[[-15.0,-30.84],[-15.68,-30.46],[-16.0,-29.97],[-16.38,-29.59],[-16.47,-28.72],[-16.34,-27.84],[-16.0,-27.56],[-15.0,-27.74],[-14.0,-27.79],[-13.91,-27.84],[-13.0,-28.5],[-12.61,-28.72],[-13.0,-28.98],[-13.35,-29.59],[-13.58,-30.46],[-14.0,-30.68],[-15.0,-30.84]]],"type":"Polygon"},"properties":{ "hvalue":2.0,"color":"#6c99d2"} }, { "type":"Feature","geometry":{"coordinates":[[[-176.0,-22.06],[-176.22,-21.48],[-176.6,-20.55],[-176.0,-20.1],[-175.81,-19.61],[-175.0,-18.84],[-174.81,-18.66],[-174.0,-18.24],[-173.48,-18.66],[-174.0,-19.5],[-174.12,-19.61],[-174.09,-20.55],[-174.18,-21.48],[-175.0,-22.38],[-176.0,-22.06]]],"type":"Polygon"},"properties":{ "hvalue":1.9,"color":"#a7c2e0"} }, { "type":"Feature","geometry":{"coordinates":[[[-145.0,-16.24],[-145.97,-15.8],[-146.0,-15.76],[-146.63,-14.83],[-146.41,-13.86],[-146.0,-13.6],[-145.0,-13.81],[-144.94,-13.86],[-144.0,-14.31],[-143.0,-14.49],[-142.0,-14.72],[-141.96,-14.83],[-142.0,-14.88],[-142.5,-15.8],[-143.0,-16.4],[-144.0,-15.99],[-145.0,-16.24]]],"type":"Polygon"},"properties":{ "hvalue":1.15,"color":"#E2EBF5"} }, { "type":"Feature","geometry":{"coordinates":[[[145.0,32.07],[144.87,32.16],[144.55,33.01],[145.0,33.15],[145.45,33.01],[146.0,32.81],[147.0,32.97],[147.08,33.01],[147.52,33.84],[148.0,34.06],[149.0,33.95],[149.44,33.84],[149.55,33.01],[149.23,32.16],[149.0,31.86],[148.0,31.81],[147.0,31.42],[146.0,31.52],[145.0,32.07]]],"type":"Polygon"},"properties":{ "hvalue":1.15,"color":"#E2EBF5"} }, { "type":"Feature","geometry":{"coordinates":[[[146.0,-43.38],[145.75,-43.21],[145.74,-42.47],[145.0,-41.92],[144.75,-41.73],[144.76,-40.98],[145.0,-40.67],[146.0,-40.46],[146.65,-40.22],[147.0,-39.99],[148.0,-39.79],[148.35,-40.22],[148.3,-40.98],[148.45,-41.73],[148.37,-42.47],[148.0,-42.74],[147.37,-43.21],[147.0,-43.38],[146.0,-43.38]]],"type":"Polygon"},"properties":{ "hvalue":1.15,"color":"#E2EBF5"} }, { "type":"Feature","geometry":{"coordinates":[[[-76.0,74.89],[-76.74,74.96],[-77.0,74.99],[-77.73,75.21],[-78.0,75.24],[-79.0,75.46],[-79.01,75.47],[-80.0,75.66],[-80.46,75.71],[-81.0,75.86],[-82.0,75.94],[-82.32,75.96],[-82.0,76.02],[-81.56,76.2],[-81.0,76.26],[-80.0,76.27],[-79.44,76.2],[-79.0,76.02],[-78.0,76.09],[-77.0,76.06],[-76.0,76.01],[-75.22,75.96],[-75.0,75.94],[-74.0,75.89],[-73.0,75.8],[-72.51,75.71],[-72.41,75.47],[-73.0,75.41],[-74.0,75.23],[-74.06,75.21],[-75.0,74.96],[-75.0,74.96],[-76.0,74.89]]],"type":"Polygon"},"properties":{ "hvalue":1.25,"color":"#a7c2e0"} }, { "type":"Feature","geometry":{"coordinates":[[[-148.0,-42.59],[-148.18,-42.47],[-148.0,-42.24],[-147.69,-41.73],[-147.0,-41.19],[-146.81,-40.98],[-146.0,-40.46],[-145.0,-40.47],[-144.0,-40.72],[-143.22,-40.98],[-143.0,-41.11],[-142.61,-41.73],[-142.35,-42.47],[-143.0,-42.76],[-144.0,-42.83],[-145.0,-42.91],[-146.0,-42.92],[-147.0,-42.75],[-148.0,-42.59]]],"type":"Polygon"},"properties":{ "hvalue":6.0,"color":"#ff9600"} }, { "type":"Feature","geometry":{"coordinates":[[[73.0,0.34],[72.45,1.0],[72.83,2.0],[72.23,3.0],[72.18,4.0],[72.31,4.99],[72.22,5.99],[72.19,6.98],[73.0,7.92],[74.0,7.23],[74.11,6.98],[74.19,5.99],[74.04,4.99],[74.0,4.88],[73.91,4.0],[73.8,3.0],[73.16,2.0],[73.54,1.0],[73.0,0.34]]],"type":"Polygon"},"properties":{ "hvalue":1.15,"color":"#E2EBF5"} }, { "type":"Feature","geometry":{"coordinates":[[[-173.0,-58.79],[-173.09,-58.75],[-174.0,-58.56],[-175.0,-58.26],[-175.16,-58.23],[-175.0,-58.08],[-174.74,-57.7],[-174.53,-57.16],[-174.0,-56.95],[-173.21,-56.61],[-173.0,-56.53],[-172.0,-56.47],[-171.2,-56.61],[-171.0,-56.64],[-170.0,-56.8],[-169.0,-57.04],[-168.81,-57.16],[-169.0,-57.61],[-169.06,-57.7],[-169.16,-58.23],[-169.62,-58.75],[-170.0,-58.83],[-171.0,-58.97],[-172.0,-59.08],[-173.0,-58.79]]],"type":"Polygon"},"properties":{ "hvalue":5.0,"color":"#fee600"} }, { "type":"Feature","geometry":{"coordinates":[[[168.0,44.55],[167.92,44.65],[168.0,44.76],[168.16,45.35],[169.0,45.7],[169.77,46.05],[170.0,46.24],[170.94,46.74],[171.0,47.05],[171.2,47.42],[172.0,47.61],[172.25,47.42],[172.87,46.74],[172.51,46.05],[172.0,45.63],[171.71,45.35],[171.0,44.67],[170.91,44.65],[170.0,44.43],[169.0,44.22],[168.0,44.55]]],"type":"Polygon"},"properties":{ "hvalue":3.0,"color":"#34cc99"} }, { "type":"Feature","geometry":{"coordinates":[[[-41.0,55.26],[-41.54,55.49],[-42.0,55.85],[-42.21,56.06],[-42.33,56.61],[-42.43,57.16],[-42.54,57.7],[-42.49,58.23],[-42.43,58.75],[-42.4,59.26],[-42.3,59.77],[-42.1,60.27],[-42.0,60.54],[-41.0,60.59],[-40.92,60.27],[-40.98,59.77],[-40.99,59.26],[-41.0,59.11],[-41.07,58.75],[-41.03,58.23],[-41.0,58.15],[-40.94,57.7],[-40.65,57.16],[-40.0,56.65],[-39.95,56.61],[-39.55,56.06],[-39.35,55.49],[-40.0,55.08],[-41.0,55.26]]],"type":"Polygon"},"properties":{ "hvalue":5.0,"color":"#fee600"} }, { "type":"Feature","geometry":{"coordinates":[[[-24.0,13.21],[-24.63,13.86],[-24.36,14.83],[-25.0,15.24],[-25.48,15.8],[-25.68,16.76],[-25.68,17.71],[-25.17,18.66],[-25.0,18.78],[-24.9,18.66],[-24.0,17.8],[-23.9,17.71],[-23.0,16.9],[-22.9,16.76],[-22.45,15.8],[-22.72,14.83],[-23.0,13.92],[-23.05,13.86],[-24.0,13.21]]],"type":"Polygon"},"properties":{ "hvalue":1.15,"color":"#E2EBF5"} }, { "type":"Feature","geometry":{"coordinates":[[[120.0,21.95],[119.06,22.41],[119.51,23.33],[120.0,23.57],[120.4,24.24],[121.0,24.99],[121.9,25.15],[122.0,25.27],[122.4,25.15],[123.0,24.53],[124.0,24.87],[124.53,24.24],[124.0,23.9],[123.0,24.19],[122.0,24.0],[121.83,23.33],[121.0,22.56],[120.67,22.41],[120.0,21.95]]],"type":"Polygon"},"properties":{ "hvalue":1.15,"color":"#E2EBF5"} }, { "type":"Feature","geometry":{"coordinates":[[[-11.0,36.19],[-11.36,36.3],[-12.0,36.64],[-12.43,37.1],[-12.53,37.89],[-12.6,38.68],[-12.34,39.45],[-12.36,40.22],[-12.0,40.89],[-11.97,40.98],[-11.43,41.73],[-11.0,42.03],[-10.0,42.43],[-9.78,41.73],[-9.58,40.98],[-9.67,40.22],[-9.92,39.45],[-9.98,38.68],[-9.83,37.89],[-9.86,37.1],[-10.0,36.67],[-10.85,36.3],[-11.0,36.19]]],"type":"Polygon"},"properties":{ "hvalue":2.0,"color":"#6c99d2"} }, { "type":"Feature","geometry":{"coordinates":[[[129.0,-40.31],[128.79,-40.22],[128.0,-39.73],[127.0,-39.93],[126.0,-39.53],[125.0,-39.5],[124.88,-39.45],[125.0,-39.12],[125.24,-38.68],[126.0,-38.18],[126.77,-38.68],[127.0,-38.88],[127.3,-38.68],[127.71,-37.89],[128.0,-37.45],[129.0,-37.16],[130.0,-37.61],[130.35,-37.89],[130.24,-38.68],[130.11,-39.45],[130.91,-40.22],[130.0,-40.49],[129.0,-40.31]]],"type":"Polygon"},"properties":{ "hvalue":2.9,"color":"#6c99d2"} }, { "type":"Feature","geometry":{"coordinates":[[[145.0,-3.17],[144.75,-3.0],[144.0,-2.26],[143.47,-2.0],[143.0,-1.67],[142.0,-1.06],[141.88,-1.0],[141.3,0.0],[142.0,0.98],[142.07,1.0],[143.0,1.33],[143.94,1.0],[144.0,0.98],[144.79,0.0],[145.0,-0.25],[145.52,-1.0],[145.76,-2.0],[145.53,-3.0],[145.0,-3.17]]],"type":"Polygon"},"properties":{ "hvalue":1.25,"color":"#a7c2e0"} }, { "type":"Feature","geometry":{"coordinates":[[[-30.0,52.42],[-30.1,52.56],[-30.0,53.16],[-30.4,53.76],[-30.28,54.34],[-30.06,54.92],[-30.0,55.22],[-29.88,55.49],[-29.73,56.06],[-29.95,56.61],[-29.0,57.16],[-28.17,56.61],[-28.0,56.41],[-27.67,56.06],[-27.0,55.54],[-26.95,55.49],[-26.95,54.92],[-26.53,54.34],[-26.33,53.76],[-26.79,53.16],[-27.0,52.92],[-27.79,52.56],[-28.0,52.44],[-29.0,52.07],[-30.0,52.42]]],"type":"Polygon"},"properties":{ "hvalue":4.0,"color":"#6bff6b"} }, { "type":"Feature","geometry":{"coordinates":[[[22.0,-57.34],[21.01,-57.16],[21.0,-57.15],[20.0,-56.66],[19.89,-56.61],[19.0,-56.15],[18.88,-56.06],[18.59,-55.49],[18.98,-54.92],[19.0,-54.91],[20.0,-54.69],[21.0,-54.58],[22.0,-54.66],[23.0,-54.8],[23.43,-54.92],[24.0,-55.33],[24.25,-55.49],[25.0,-55.78],[25.56,-56.06],[25.77,-56.61],[25.03,-57.16],[25.0,-57.17],[24.0,-57.42],[23.0,-57.48],[22.0,-57.34]]],"type":"Polygon"},"properties":{ "hvalue":6.0,"color":"#ff9600"} }, { "type":"Feature","geometry":{"coordinates":[[[38.0,20.82],[37.33,21.48],[37.0,21.84],[36.87,22.41],[36.0,23.14],[35.79,23.33],[35.8,24.24],[35.0,25.13],[34.98,25.15],[34.92,26.05],[34.98,26.95],[35.0,26.97],[35.08,26.95],[36.0,26.57],[36.12,26.05],[36.65,25.15],[37.0,24.85],[38.0,24.35],[38.12,24.24],[38.13,23.33],[38.08,22.41],[38.41,21.48],[38.0,20.82]]],"type":"Polygon"},"properties":{ "hvalue":1.25,"color":"#a7c2e0"} }, { "type":"Feature","geometry":{"coordinates":[[[-143.0,13.28],[-143.81,13.86],[-144.0,14.05],[-144.75,14.83],[-144.76,15.8],[-144.76,16.76],[-144.0,17.61],[-143.83,17.71],[-143.0,18.15],[-142.0,18.41],[-141.0,18.1],[-140.56,17.71],[-140.68,16.76],[-140.83,15.8],[-141.0,15.23],[-141.04,14.83],[-141.43,13.86],[-142.0,13.2],[-143.0,13.28]],[[-143.0,14.08],[-143.76,14.83],[-143.79,15.8],[-143.0,16.71],[-142.15,16.76],[-142.0,16.78],[-141.99,16.76],[-141.39,15.8],[-141.44,14.83],[-142.0,14.03],[-143.0,14.08]]],"type":"Polygon"},"properties":{ "hvalue":4.0,"color":"#6bff6b"} }, { "type":"Feature","geometry":{"coordinates":[[[57.0,-60.79],[56.65,-60.76],[56.0,-60.66],[55.0,-60.5],[54.0,-60.59],[53.13,-60.27],[53.17,-59.77],[53.0,-59.58],[52.74,-59.26],[53.0,-59.03],[53.26,-58.75],[54.0,-58.5],[55.0,-58.29],[55.33,-58.23],[56.0,-58.06],[57.0,-57.96],[58.0,-57.9],[59.0,-57.87],[60.0,-58.02],[60.72,-58.23],[60.65,-58.75],[60.68,-59.26],[60.76,-59.77],[60.22,-60.27],[60.0,-60.34],[59.0,-60.62],[58.34,-60.76],[58.0,-60.79],[57.0,-60.79]]],"type":"Polygon"},"properties":{ "hvalue":10.0,"color":"#c80000"} }, { "type":"Feature","geometry":{"coordinates":[[[-160.0,19.41],[-160.44,19.61],[-161.0,20.1],[-161.98,20.55],[-161.09,21.48],[-161.0,21.51],[-160.0,22.08],[-159.0,22.41],[-158.0,22.34],[-157.04,21.48],[-157.0,21.42],[-156.47,20.55],[-156.0,20.31],[-155.14,19.61],[-156.0,18.98],[-157.0,19.03],[-158.0,19.25],[-159.0,19.3],[-160.0,19.41]]],"type":"Polygon"},"properties":{ "hvalue":1.15,"color":"#E2EBF5"} }, { "type":"Feature","geometry":{"coordinates":[[[-64.0,-48.34],[-64.33,-48.09],[-64.67,-47.42],[-65.0,-46.95],[-65.04,-46.74],[-65.06,-46.05],[-65.0,-45.72],[-64.91,-45.35],[-64.82,-44.65],[-64.36,-43.93],[-64.0,-43.58],[-63.34,-43.21],[-63.0,-43.08],[-62.39,-43.21],[-62.0,-43.4],[-61.0,-43.91],[-60.99,-43.93],[-60.72,-44.65],[-60.88,-45.35],[-61.0,-45.64],[-61.31,-46.05],[-61.73,-46.74],[-62.0,-47.23],[-62.11,-47.42],[-62.57,-48.09],[-63.0,-48.49],[-64.0,-48.34]]],"type":"Polygon"},"properties":{ "hvalue":2.0,"color":"#6c99d2"} }, { "type":"Feature","geometry":{"coordinates":[[[51.0,73.59],[50.95,73.6],[50.21,73.88],[50.0,73.93],[49.0,74.13],[48.92,74.16],[48.37,74.43],[48.0,74.63],[47.89,74.69],[47.48,74.96],[47.25,75.21],[47.16,75.47],[48.0,75.66],[48.18,75.71],[49.0,75.89],[49.65,75.96],[50.0,75.99],[51.0,76.08],[52.0,76.09],[53.0,75.98],[53.08,75.96],[54.0,75.8],[54.54,75.71],[55.0,75.65],[56.0,75.55],[56.4,75.47],[56.04,75.21],[56.0,75.17],[55.56,74.96],[55.51,74.69],[55.11,74.43],[55.02,74.16],[55.0,74.15],[54.04,73.88],[54.0,73.83],[53.05,73.6],[53.0,73.55],[52.0,73.48],[51.0,73.59]]],"type":"Polygon"},"properties":{ "hvalue":3.0,"color":"#34cc99"} }, { "type":"Feature","geometry":{"coordinates":[[[162.0,-22.83],[161.62,-22.41],[161.8,-21.48],[161.81,-20.55],[162.0,-20.38],[162.99,-20.55],[163.0,-20.61],[163.0,-20.55],[163.33,-19.61],[164.0,-19.06],[165.0,-19.02],[165.44,-19.61],[166.0,-19.77],[167.0,-20.34],[167.16,-20.55],[167.58,-21.48],[167.75,-22.41],[167.0,-23.13],[166.0,-22.5],[165.69,-22.41],[165.0,-22.35],[164.0,-21.87],[163.0,-21.6],[162.65,-22.41],[162.0,-22.83]]],"type":"Polygon"},"properties":{ "hvalue":1.15,"color":"#E2EBF5"} }, { "type":"Feature","geometry":{"coordinates":[[[-171.0,57.03],[-171.18,57.16],[-172.0,57.56],[-172.24,57.7],[-173.0,58.18],[-173.07,58.23],[-173.29,58.75],[-173.0,59.04],[-172.85,59.26],[-172.8,59.77],[-172.0,59.86],[-171.0,60.12],[-170.5,60.27],[-170.0,60.4],[-169.0,60.65],[-168.0,60.73],[-167.36,60.27],[-167.0,60.08],[-166.64,59.77],[-166.0,59.36],[-165.62,59.26],[-165.56,58.75],[-166.0,58.36],[-166.23,58.23],[-167.0,57.85],[-167.53,57.7],[-168.0,57.62],[-169.0,57.59],[-170.0,57.69],[-170.98,57.16],[-171.0,57.03]]],"type":"Polygon"},"properties":{ "hvalue":3.0,"color":"#34cc99"} }, { "type":"Feature","geometry":{"coordinates":[[[-91.0,57.66],[-91.14,57.7],[-92.0,58.18],[-92.03,58.23],[-92.62,58.75],[-93.0,59.0],[-93.72,59.26],[-93.82,59.77],[-93.76,60.27],[-93.4,60.76],[-93.06,61.25],[-93.0,61.29],[-92.04,61.73],[-92.0,61.76],[-91.55,61.73],[-91.01,61.25],[-91.12,60.76],[-91.0,60.69],[-90.44,60.27],[-90.0,60.06],[-89.0,60.09],[-88.18,60.27],[-88.0,60.34],[-87.07,60.27],[-87.0,60.24],[-86.68,59.77],[-86.7,59.26],[-87.0,58.79],[-87.03,58.75],[-88.0,58.32],[-88.31,58.23],[-89.0,57.88],[-89.29,57.7],[-90.0,57.5],[-91.0,57.66]],[[-91.0,58.68],[-91.2,58.75],[-91.94,59.26],[-92.0,59.34],[-92.14,59.77],[-92.0,60.08],[-91.0,59.88],[-90.7,59.77],[-90.0,59.48],[-89.0,59.34],[-88.84,59.26],[-89.0,59.15],[-89.54,58.75],[-90.0,58.63],[-91.0,58.68]]],"type":"Polygon"},"properties":{ "hvalue":3.0,"color":"#34cc99"} }, { "type":"Feature","geometry":{"coordinates":[[[144.0,-60.29],[143.65,-60.27],[143.0,-60.22],[142.0,-59.9],[141.71,-59.77],[141.0,-59.34],[140.81,-59.26],[140.5,-58.75],[141.0,-58.28],[141.08,-58.23],[141.0,-57.9],[140.81,-57.7],[140.0,-57.35],[139.73,-57.16],[140.0,-56.94],[140.56,-56.61],[141.0,-56.5],[142.0,-56.35],[143.0,-56.4],[144.0,-56.55],[144.31,-56.61],[145.0,-56.91],[146.0,-57.09],[146.24,-57.16],[147.0,-57.63],[147.13,-57.7],[147.67,-58.23],[147.7,-58.75],[147.5,-59.26],[147.0,-59.55],[146.72,-59.77],[146.0,-60.05],[145.0,-60.22],[144.24,-60.27],[144.0,-60.29]],[[144.0,-59.53],[143.56,-59.26],[144.0,-59.04],[145.0,-59.14],[145.28,-59.26],[145.0,-59.48],[144.0,-59.53]]],"type":"Polygon"},"properties":{ "hvalue":8.0,"color":"#fa3c3c"} }, { "type":"Feature","geometry":{"coordinates":[[[-50.0,18.88],[-50.92,19.61],[-51.0,19.7],[-51.88,20.55],[-52.0,20.8],[-52.38,21.48],[-52.0,22.41],[-52.0,22.43],[-51.37,23.33],[-51.0,23.46],[-50.86,23.33],[-50.0,22.73],[-49.61,22.41],[-49.0,22.06],[-48.0,22.34],[-47.0,21.77],[-46.92,21.48],[-46.0,20.67],[-45.83,20.55],[-45.35,19.61],[-46.0,18.81],[-47.0,19.1],[-48.0,19.29],[-49.0,18.91],[-50.0,18.88]]],"type":"Polygon"},"properties":{ "hvalue":1.15,"color":"#E2EBF5"} }, { "type":"Feature","geometry":{"coordinates":[[[-123.0,-66.21],[-123.63,-66.11],[-124.0,-66.01],[-125.0,-65.8],[-125.83,-65.7],[-126.0,-65.68],[-126.43,-65.7],[-127.0,-65.72],[-127.07,-65.7],[-127.49,-65.29],[-127.36,-64.87],[-127.7,-64.44],[-127.73,-64.0],[-127.33,-63.56],[-127.87,-63.11],[-127.45,-62.66],[-127.41,-62.2],[-127.0,-61.81],[-126.54,-61.73],[-126.0,-61.67],[-125.8,-61.73],[-125.0,-61.94],[-124.33,-62.2],[-124.0,-62.55],[-123.78,-62.66],[-123.54,-63.11],[-124.0,-63.34],[-124.53,-63.56],[-125.0,-63.98],[-126.0,-63.8],[-126.19,-64.0],[-126.37,-64.44],[-126.0,-64.56],[-125.0,-64.56],[-124.0,-64.56],[-123.08,-64.44],[-123.0,-64.42],[-122.0,-64.38],[-121.91,-64.44],[-121.0,-64.82],[-120.93,-64.87],[-120.84,-65.29],[-120.54,-65.7],[-121.0,-65.96],[-121.43,-66.11],[-122.0,-66.18],[-123.0,-66.21]]],"type":"Polygon"},"properties":{ "hvalue":1.9,"color":"#a7c2e0"} }, { "type":"Feature","geometry":{"coordinates":[[[-161.0,-18.36],[-161.74,-17.71],[-162.0,-17.22],[-163.0,-16.77],[-164.0,-17.42],[-165.0,-17.52],[-166.0,-17.36],[-167.0,-17.43],[-168.0,-17.23],[-169.0,-16.9],[-169.62,-16.76],[-169.0,-15.99],[-168.94,-15.8],[-168.0,-15.47],[-167.0,-15.42],[-166.0,-15.31],[-165.0,-15.41],[-164.0,-15.52],[-163.38,-15.8],[-163.0,-16.69],[-162.0,-16.52],[-161.0,-16.12],[-160.0,-16.19],[-159.0,-16.65],[-158.58,-16.76],[-159.0,-16.9],[-159.86,-17.71],[-160.0,-17.82],[-161.0,-18.36]]],"type":"Polygon"},"properties":{ "hvalue":3.0,"color":"#34cc99"} }, { "type":"Feature","geometry":{"coordinates":[[[-136.0,76.15],[-136.46,76.2],[-137.0,76.27],[-138.0,76.39],[-138.42,76.44],[-139.0,76.5],[-140.0,76.61],[-140.6,76.67],[-141.0,76.7],[-142.0,76.79],[-143.0,76.86],[-143.47,76.9],[-144.0,76.97],[-145.0,77.12],[-145.03,77.12],[-145.88,77.34],[-146.0,77.37],[-146.63,77.56],[-146.67,77.77],[-146.47,77.98],[-146.35,78.19],[-146.0,78.37],[-145.95,78.39],[-145.0,78.52],[-144.0,78.54],[-143.0,78.42],[-142.0,78.49],[-141.0,78.52],[-140.0,78.55],[-139.0,78.55],[-138.43,78.39],[-138.11,78.19],[-138.0,78.16],[-137.39,77.98],[-137.0,77.89],[-136.18,77.77],[-136.0,77.73],[-135.69,77.56],[-135.74,77.34],[-135.86,77.12],[-135.8,76.9],[-135.3,76.67],[-135.0,76.59],[-134.0,76.49],[-133.32,76.44],[-133.12,76.2],[-134.0,76.06],[-135.0,76.07],[-136.0,76.15]]],"type":"Polygon"},"properties":{ "hvalue":2.0,"color":"#6c99d2"} }, { "type":"Feature","geometry":{"coordinates":[[[146.0,-14.33],[145.04,-13.86],[145.0,-13.85],[144.0,-13.24],[143.88,-12.89],[143.74,-11.91],[143.98,-10.93],[143.86,-9.95],[143.91,-8.96],[144.0,-8.7],[144.69,-7.97],[145.0,-7.86],[145.11,-7.97],[146.0,-8.76],[146.21,-8.96],[147.0,-9.81],[147.14,-9.95],[148.0,-10.89],[149.0,-10.91],[149.24,-10.93],[149.0,-11.32],[148.0,-11.69],[147.64,-11.91],[148.0,-12.22],[148.47,-12.89],[148.0,-13.74],[147.83,-13.86],[147.0,-14.07],[146.0,-14.33]]],"type":"Polygon"},"properties":{ "hvalue":2.0,"color":"#6c99d2"} }, { "type":"Feature","geometry":{"coordinates":[[[14.0,54.86],[13.77,54.92],[13.91,55.49],[14.0,55.52],[15.0,55.55],[16.0,55.95],[16.16,56.06],[17.0,56.27],[18.0,56.56],[18.12,56.61],[18.55,57.16],[18.6,57.7],[18.0,57.9],[17.75,58.23],[17.87,58.75],[18.0,58.82],[18.97,59.26],[19.0,59.3],[20.0,59.62],[20.33,59.26],[20.57,58.75],[20.79,58.23],[21.0,57.8],[21.02,57.7],[21.01,57.16],[21.0,57.11],[20.26,56.61],[20.0,56.31],[19.0,56.09],[18.95,56.06],[18.32,55.49],[18.08,54.92],[18.0,54.9],[17.0,54.87],[16.0,54.73],[15.0,54.56],[14.0,54.86]],[[19.0,57.95],[18.69,58.23],[19.0,58.4],[19.31,58.23],[19.0,57.95]]],"type":"Polygon"},"properties":{ "hvalue":1.25,"color":"#a7c2e0"} }, { "type":"Feature","geometry":{"coordinates":[[[-76.0,10.91],[-76.08,10.93],[-77.0,11.43],[-77.47,11.91],[-78.0,12.59],[-78.47,12.89],[-79.0,13.61],[-80.0,13.75],[-80.26,13.86],[-80.0,14.58],[-79.0,14.72],[-78.96,14.83],[-78.3,15.8],[-78.0,16.35],[-77.0,16.68],[-76.82,16.76],[-76.0,16.82],[-75.73,16.76],[-75.0,16.24],[-74.0,15.89],[-73.72,15.8],[-73.75,14.83],[-73.4,13.86],[-73.72,12.89],[-73.92,11.91],[-74.0,11.89],[-75.0,11.68],[-75.97,10.93],[-76.0,10.91]]],"type":"Polygon"},"properties":{ "hvalue":2.0,"color":"#6c99d2"} }, { "type":"Feature","geometry":{"coordinates":[[[-20.0,63.49],[-20.15,63.56],[-21.0,63.62],[-22.0,63.64],[-22.9,64.0],[-23.0,64.15],[-24.0,64.42],[-24.07,64.44],[-24.96,64.87],[-24.74,65.29],[-25.0,65.38],[-25.92,65.7],[-25.01,66.11],[-25.0,66.11],[-24.0,66.32],[-23.0,66.47],[-22.0,66.46],[-21.09,66.11],[-21.0,66.01],[-20.0,66.03],[-19.0,66.04],[-18.0,66.04],[-17.0,66.1],[-16.98,66.11],[-16.0,66.42],[-15.0,66.38],[-14.33,66.11],[-14.29,65.7],[-14.0,65.58],[-13.34,65.29],[-13.53,64.87],[-14.0,64.45],[-14.03,64.44],[-15.0,64.16],[-15.54,64.0],[-16.0,63.82],[-17.0,63.63],[-17.74,63.56],[-18.0,63.23],[-19.0,63.11],[-20.0,63.49]]],"type":"Polygon"},"properties":{ "hvalue":1.15,"color":"#E2EBF5"} }, { "type":"Feature","geometry":{"coordinates":[[[-97.0,-62.75],[-97.38,-62.66],[-98.0,-62.49],[-99.0,-62.3],[-99.66,-62.2],[-100.0,-62.08],[-101.0,-61.97],[-102.0,-61.88],[-103.0,-61.78],[-104.0,-61.98],[-105.0,-61.77],[-105.03,-61.73],[-105.0,-61.72],[-104.0,-61.53],[-103.0,-61.59],[-102.0,-61.41],[-101.8,-61.25],[-101.0,-60.99],[-100.56,-60.76],[-100.0,-60.45],[-99.38,-60.27],[-99.0,-60.1],[-98.0,-59.8],[-97.78,-59.77],[-97.0,-59.66],[-96.0,-59.73],[-95.67,-59.77],[-95.0,-59.85],[-94.0,-59.99],[-93.35,-60.27],[-93.0,-60.35],[-92.0,-60.46],[-91.17,-60.76],[-91.79,-61.25],[-92.0,-61.36],[-92.68,-61.73],[-93.0,-61.88],[-93.71,-62.2],[-94.0,-62.33],[-95.0,-62.66],[-95.0,-62.66],[-96.0,-62.74],[-97.0,-62.75]]],"type":"Polygon"},"properties":{ "hvalue":3.0,"color":"#34cc99"} }, { "type":"Feature","geometry":{"coordinates":[[[112.0,14.11],[111.37,14.83],[111.0,14.98],[110.0,15.52],[109.79,15.8],[109.0,16.04],[108.0,16.61],[107.85,16.76],[107.0,17.62],[106.9,17.71],[106.49,18.66],[106.92,19.61],[107.0,19.71],[108.0,20.29],[108.44,19.61],[108.24,18.66],[108.67,17.71],[109.0,17.36],[109.6,17.71],[110.0,17.82],[110.72,18.66],[110.82,19.61],[111.0,20.51],[112.0,20.09],[112.4,19.61],[113.0,18.88],[113.16,18.66],[113.42,17.71],[113.0,17.02],[112.86,16.76],[112.43,15.8],[112.55,14.83],[112.0,14.11]],[[111.0,17.11],[110.67,17.71],[111.0,18.3],[111.45,17.71],[111.0,17.11]],[[110.0,16.64],[109.73,16.76],[110.0,16.9],[110.38,16.76],[110.0,16.64]]],"type":"Polygon"},"properties":{ "hvalue":2.0,"color":"#6c99d2"} }, { "type":"Feature","geometry":{"coordinates":[[[75.0,-25.56],[74.32,-25.15],[74.0,-24.62],[73.88,-24.24],[73.54,-23.33],[73.0,-22.88],[72.0,-22.78],[71.0,-22.58],[70.94,-22.41],[70.99,-21.48],[71.0,-21.4],[71.18,-20.55],[71.35,-19.61],[72.0,-19.05],[73.0,-18.77],[74.0,-19.49],[74.16,-19.61],[74.4,-20.55],[75.0,-20.84],[75.57,-21.48],[76.0,-21.89],[76.37,-21.48],[77.0,-21.19],[77.48,-21.48],[77.71,-22.41],[77.55,-23.33],[77.19,-24.24],[77.0,-24.49],[76.33,-25.15],[76.0,-25.59],[75.0,-25.56]],[[75.0,-23.96],[74.33,-23.33],[74.71,-22.41],[75.0,-22.03],[75.41,-22.41],[75.27,-23.33],[75.0,-23.96]]],"type":"Polygon"},"properties":{ "hvalue":5.0,"color":"#fee600"} }, { "type":"Feature","geometry":{"coordinates":[[[-57.0,28.1],[-57.69,28.72],[-58.0,29.16],[-58.34,29.59],[-58.03,30.46],[-58.0,30.48],[-57.0,30.96],[-56.78,31.31],[-56.0,31.79],[-55.0,31.77],[-54.0,31.53],[-53.0,31.84],[-52.29,32.16],[-52.0,32.33],[-51.0,32.64],[-50.15,33.01],[-50.0,33.05],[-49.0,33.02],[-48.99,33.01],[-49.0,33.0],[-49.66,32.16],[-50.0,31.72],[-50.38,31.31],[-50.51,30.46],[-51.0,29.71],[-51.1,29.59],[-51.29,28.72],[-52.0,28.04],[-53.0,28.64],[-53.05,28.72],[-53.0,28.79],[-52.63,29.59],[-53.0,29.76],[-53.52,29.59],[-54.0,29.29],[-54.77,28.72],[-55.0,28.47],[-56.0,27.93],[-57.0,28.1]]],"type":"Polygon"},"properties":{ "hvalue":1.25,"color":"#a7c2e0"} }, { "type":"Feature","geometry":{"coordinates":[[[168.0,-46.94],[167.77,-46.74],[167.0,-46.27],[166.69,-46.05],[166.69,-45.35],[167.0,-45.12],[167.67,-44.65],[168.0,-44.38],[169.0,-44.26],[169.46,-43.93],[170.0,-43.54],[170.46,-43.21],[171.0,-42.82],[171.47,-42.47],[171.48,-41.73],[172.0,-41.26],[172.45,-40.98],[173.0,-40.4],[174.0,-40.45],[174.67,-40.98],[174.81,-41.73],[174.81,-42.47],[174.24,-43.21],[174.0,-43.52],[173.68,-43.93],[173.0,-44.5],[172.67,-44.65],[172.0,-45.08],[171.87,-45.35],[171.0,-45.6],[170.58,-46.05],[170.0,-46.34],[169.0,-46.43],[168.44,-46.74],[168.0,-46.94]]],"type":"Polygon"},"properties":{ "hvalue":1.15,"color":"#E2EBF5"} }, { "type":"Feature","geometry":{"coordinates":[[[-175.0,67.29],[-175.02,67.3],[-175.2,67.68],[-176.0,67.96],[-177.0,67.97],[-177.23,68.06],[-178.0,68.4],[-178.08,68.43],[-178.65,68.79],[-178.42,69.15],[-178.25,69.5],[-178.02,69.85],[-178.0,69.88],[-177.8,70.19],[-177.34,70.53],[-177.0,70.66],[-176.35,70.86],[-176.0,70.97],[-175.38,71.19],[-175.0,71.4],[-174.52,71.51],[-174.0,71.62],[-173.0,71.8],[-172.85,71.82],[-172.0,71.97],[-171.0,72.09],[-170.62,72.13],[-170.0,72.18],[-169.0,72.19],[-168.5,72.13],[-168.0,71.91],[-167.92,71.82],[-168.0,71.79],[-168.64,71.51],[-169.0,71.36],[-169.37,71.19],[-169.99,70.86],[-170.0,70.86],[-170.65,70.53],[-171.0,70.31],[-171.17,70.19],[-171.64,69.85],[-172.0,69.59],[-172.1,69.5],[-172.34,69.15],[-172.45,68.79],[-172.51,68.43],[-172.61,68.06],[-172.65,67.68],[-172.75,67.3],[-173.0,67.28],[-174.0,67.22],[-175.0,67.29]]],"type":"Polygon"},"properties":{ "hvalue":2.0,"color":"#6c99d2"} }, { "type":"Feature","geometry":{"coordinates":[[[22.0,-57.9],[21.44,-57.7],[21.0,-57.56],[20.0,-57.65],[19.0,-57.35],[18.14,-57.16],[18.0,-57.1],[17.0,-56.66],[16.88,-56.61],[16.23,-56.06],[16.0,-55.89],[15.28,-55.49],[15.27,-54.92],[16.0,-54.47],[16.31,-54.34],[16.68,-53.76],[17.0,-53.66],[18.0,-53.56],[19.0,-53.59],[20.0,-53.56],[21.0,-53.57],[22.0,-53.61],[23.0,-53.74],[23.07,-53.76],[24.0,-54.08],[25.0,-54.33],[25.08,-54.34],[26.0,-54.51],[26.94,-54.92],[27.0,-55.16],[27.11,-55.49],[28.0,-55.79],[28.55,-56.06],[28.0,-56.57],[27.95,-56.61],[27.49,-57.16],[27.0,-57.33],[26.0,-57.68],[25.96,-57.7],[25.0,-57.93],[24.0,-58.02],[23.0,-58.05],[22.0,-57.9]],[[22.0,-57.34],[21.01,-57.16],[21.0,-57.15],[20.0,-56.66],[19.89,-56.61],[19.0,-56.15],[18.88,-56.06],[18.59,-55.49],[18.98,-54.92],[19.0,-54.91],[20.0,-54.69],[21.0,-54.58],[22.0,-54.66],[23.0,-54.8],[23.43,-54.92],[24.0,-55.33],[24.25,-55.49],[25.0,-55.78],[25.56,-56.06],[25.77,-56.61],[25.03,-57.16],[25.0,-57.17],[24.0,-57.42],[23.0,-57.48],[22.0,-57.34]]],"type":"Polygon"},"properties":{ "hvalue":5.0,"color":"#fee600"} }, { "type":"Feature","geometry":{"coordinates":[[[154.0,-14.12],[153.45,-13.86],[153.0,-13.62],[152.0,-13.08],[151.72,-12.89],[151.51,-11.91],[152.0,-11.82],[153.0,-11.86],[154.0,-11.85],[154.82,-10.93],[154.55,-9.95],[154.37,-8.96],[154.0,-8.37],[153.81,-7.97],[153.87,-6.98],[154.0,-6.9],[154.04,-6.98],[154.72,-7.97],[155.0,-8.1],[156.0,-8.7],[156.34,-8.96],[157.0,-9.58],[157.52,-9.95],[158.0,-10.38],[158.64,-10.93],[159.0,-11.15],[159.29,-11.91],[159.0,-12.79],[158.0,-12.77],[157.74,-12.89],[157.17,-13.86],[157.0,-13.97],[156.0,-14.81],[155.0,-14.41],[154.0,-14.12]]],"type":"Polygon"},"properties":{ "hvalue":2.0,"color":"#6c99d2"} }, { "type":"Feature","geometry":{"coordinates":[[[172.0,5.79],[171.71,5.99],[171.26,6.98],[171.0,7.44],[170.02,7.97],[170.0,7.98],[169.99,7.97],[169.0,7.07],[168.08,6.98],[168.0,6.93],[167.97,6.98],[167.06,7.97],[167.0,8.06],[166.42,8.96],[166.0,9.39],[165.47,9.95],[165.75,10.93],[165.94,11.91],[166.0,12.03],[167.0,12.74],[168.0,12.63],[169.0,12.47],[169.71,12.89],[170.0,13.03],[170.08,12.89],[170.76,11.91],[171.0,11.32],[172.0,11.02],[172.04,10.93],[172.91,9.95],[173.0,9.79],[174.0,9.16],[174.15,8.96],[174.31,7.97],[174.0,7.32],[173.0,7.33],[172.93,6.98],[172.78,5.99],[172.0,5.79]]],"type":"Polygon"},"properties":{ "hvalue":1.15,"color":"#E2EBF5"} }, { "type":"Feature","geometry":{"coordinates":[[[-117.0,-50.74],[-117.04,-50.7],[-117.04,-50.06],[-117.0,-49.94],[-116.72,-49.41],[-116.12,-48.76],[-116.0,-48.7],[-115.0,-48.36],[-114.6,-48.09],[-114.0,-47.95],[-113.0,-47.75],[-112.0,-47.66],[-111.0,-47.67],[-110.0,-47.58],[-109.42,-47.42],[-109.0,-47.34],[-108.0,-47.18],[-107.0,-46.94],[-106.18,-46.74],[-106.0,-46.68],[-105.0,-46.47],[-104.0,-46.48],[-103.0,-46.53],[-102.09,-46.74],[-102.7,-47.42],[-103.0,-47.71],[-103.51,-48.09],[-103.89,-48.76],[-104.0,-49.12],[-105.0,-48.99],[-106.0,-49.03],[-107.0,-49.12],[-108.0,-49.2],[-108.8,-49.41],[-109.0,-49.45],[-110.0,-49.56],[-111.0,-49.76],[-112.0,-49.94],[-112.93,-50.06],[-113.0,-50.07],[-114.0,-50.21],[-115.0,-50.63],[-115.43,-50.7],[-116.0,-50.82],[-117.0,-50.74]]],"type":"Polygon"},"properties":{ "hvalue":1.9,"color":"#a7c2e0"} }, { "type":"Feature","geometry":{"coordinates":[[[108.0,-28.73],[107.99,-28.72],[107.33,-27.84],[107.0,-27.17],[106.0,-26.99],[105.91,-26.95],[105.0,-26.19],[104.58,-26.05],[104.0,-25.56],[103.42,-25.15],[103.0,-24.98],[102.0,-24.35],[101.91,-24.24],[101.65,-23.33],[101.0,-22.73],[100.0,-22.43],[99.98,-22.41],[99.74,-21.48],[100.0,-20.96],[101.0,-21.15],[101.29,-21.48],[101.95,-22.41],[102.0,-22.46],[102.03,-22.41],[103.0,-21.64],[103.35,-21.48],[104.0,-20.85],[104.4,-21.48],[104.2,-22.41],[104.48,-23.33],[105.0,-23.97],[105.72,-24.24],[106.0,-24.4],[106.79,-24.24],[107.0,-24.22],[107.01,-24.24],[107.41,-25.15],[108.0,-25.75],[108.25,-26.05],[108.55,-26.95],[108.29,-27.84],[108.02,-28.72],[108.0,-28.73]]],"type":"Polygon"},"properties":{ "hvalue":1.9,"color":"#a7c2e0"} }, { "type":"Feature","geometry":{"coordinates":[[[69.0,-50.35],[68.18,-50.06],[68.0,-49.92],[67.0,-49.91],[66.23,-49.41],[66.0,-49.32],[65.71,-49.41],[65.0,-49.56],[64.0,-49.64],[63.0,-49.64],[62.0,-49.64],[61.0,-49.57],[60.0,-49.41],[59.97,-49.41],[60.0,-49.41],[61.0,-49.16],[61.98,-48.76],[62.0,-48.76],[63.0,-48.71],[64.0,-48.55],[65.0,-48.56],[66.0,-48.35],[66.6,-48.09],[67.0,-48.02],[68.0,-47.91],[69.0,-47.72],[69.76,-47.42],[70.0,-47.3],[70.75,-46.74],[71.0,-46.66],[72.0,-46.55],[73.0,-46.53],[74.0,-46.53],[75.0,-46.73],[76.0,-46.73],[76.04,-46.74],[76.0,-46.84],[75.85,-47.42],[76.0,-47.53],[77.0,-47.94],[77.22,-48.09],[77.0,-48.65],[76.0,-48.7],[75.86,-48.76],[75.96,-49.41],[76.0,-49.58],[76.33,-50.06],[76.0,-50.12],[75.7,-50.06],[75.0,-49.94],[74.21,-50.06],[74.0,-50.1],[73.0,-50.25],[72.0,-50.58],[71.0,-50.69],[70.0,-50.64],[69.0,-50.35]],[[69.0,-49.94],[68.19,-49.41],[68.33,-48.76],[69.0,-48.29],[70.0,-48.25],[71.0,-48.16],[72.0,-48.3],[72.45,-48.76],[72.0,-49.15],[71.87,-49.41],[71.0,-49.79],[70.0,-49.97],[69.0,-49.94]]],"type":"Polygon"},"properties":{ "hvalue":4.9,"color":"#6bff6b"} }, { "type":"Feature","geometry":{"coordinates":[[[160.0,73.55],[159.27,73.6],[159.0,73.66],[158.54,73.88],[158.69,74.16],[159.0,74.38],[159.09,74.43],[159.66,74.69],[160.0,74.83],[160.36,74.96],[161.0,75.18],[161.08,75.21],[161.7,75.47],[162.0,75.64],[162.12,75.71],[162.69,75.96],[163.0,76.03],[163.85,76.2],[164.0,76.23],[164.96,76.44],[165.0,76.46],[165.51,76.67],[166.0,76.78],[166.61,76.9],[167.0,76.99],[167.79,77.12],[168.0,77.14],[169.0,77.17],[170.0,77.19],[171.0,77.2],[172.0,77.2],[173.0,77.18],[174.0,77.17],[175.0,77.19],[176.0,77.2],[177.0,77.16],[177.08,77.12],[177.47,76.9],[178.0,76.77],[178.93,76.67],[179.0,76.59],[179.04,76.44],[179.0,76.42],[178.24,76.2],[178.0,76.05],[177.72,75.96],[177.0,75.77],[176.76,75.71],[176.0,75.59],[175.29,75.47],[175.0,75.43],[174.0,75.25],[173.78,75.21],[173.0,75.08],[172.31,74.96],[172.0,74.9],[171.0,74.71],[170.87,74.69],[170.0,74.54],[169.33,74.43],[169.0,74.38],[168.0,74.24],[167.5,74.16],[167.0,74.09],[166.0,74.0],[165.0,73.93],[164.56,73.88],[164.0,73.8],[163.0,73.69],[162.01,73.6],[162.0,73.6],[161.0,73.55],[160.0,73.55]]],"type":"Polygon"},"properties":{ "hvalue":2.0,"color":"#6c99d2"} }, { "type":"Feature","geometry":{"coordinates":[[[148.0,14.32],[147.22,14.83],[147.0,14.92],[146.34,15.8],[146.0,16.65],[145.9,16.76],[146.0,17.16],[146.1,17.71],[146.42,18.66],[147.0,19.51],[147.09,19.61],[148.0,20.41],[148.16,20.55],[148.0,20.95],[147.68,21.48],[147.7,22.41],[148.0,23.17],[149.0,22.63],[149.85,22.41],[150.0,22.39],[151.0,22.27],[152.0,21.87],[152.49,21.48],[153.0,21.21],[153.96,20.55],[154.0,20.39],[154.3,19.61],[154.6,18.66],[154.0,18.21],[153.55,17.71],[153.0,17.14],[152.34,16.76],[152.0,16.38],[151.66,15.8],[151.0,15.52],[150.0,15.1],[149.58,14.83],[149.0,14.41],[148.0,14.32]],[[148.0,16.19],[147.11,16.76],[147.61,17.71],[148.0,18.14],[149.0,18.47],[150.0,17.85],[150.06,17.71],[150.0,17.61],[149.49,16.76],[149.0,16.55],[148.0,16.19]]],"type":"Polygon"},"properties":{ "hvalue":2.0,"color":"#6c99d2"} }, { "type":"Feature","geometry":{"coordinates":[[[-110.0,-45.47],[-110.33,-45.35],[-111.0,-44.99],[-111.89,-44.65],[-112.0,-44.51],[-112.54,-43.93],[-112.0,-43.48],[-111.68,-43.21],[-111.0,-42.86],[-110.05,-42.47],[-110.0,-42.45],[-109.0,-42.23],[-108.0,-42.2],[-107.0,-41.96],[-106.13,-41.73],[-106.0,-41.69],[-105.32,-41.73],[-105.0,-41.75],[-104.0,-41.84],[-103.0,-42.02],[-102.73,-41.73],[-103.0,-41.38],[-103.32,-40.98],[-103.0,-40.73],[-102.0,-40.55],[-101.0,-40.93],[-100.76,-40.98],[-100.0,-41.23],[-99.07,-41.73],[-99.0,-41.77],[-98.0,-42.36],[-97.9,-42.47],[-97.7,-43.21],[-98.0,-43.4],[-99.0,-43.76],[-100.0,-43.64],[-101.0,-43.89],[-101.19,-43.93],[-102.0,-44.07],[-103.0,-44.18],[-104.0,-44.39],[-104.42,-44.65],[-105.0,-44.88],[-106.0,-45.23],[-106.34,-45.35],[-107.0,-45.53],[-108.0,-45.71],[-109.0,-45.77],[-110.0,-45.47]],[[-108.0,-44.45],[-108.93,-43.93],[-108.0,-43.55],[-107.25,-43.93],[-108.0,-44.45]]],"type":"Polygon"},"properties":{ "hvalue":3.0,"color":"#34cc99"} }, { "type":"Feature","geometry":{"coordinates":[[[155.0,-39.49],[154.91,-39.45],[154.38,-38.68],[154.18,-37.89],[154.0,-37.65],[153.0,-37.2],[152.0,-37.26],[151.8,-37.1],[151.0,-36.41],[150.99,-36.3],[150.99,-35.49],[151.0,-35.44],[151.61,-34.67],[151.89,-33.84],[151.91,-33.01],[152.0,-32.93],[152.96,-32.16],[153.0,-32.09],[154.0,-31.83],[154.54,-32.16],[155.0,-32.35],[155.79,-33.01],[156.0,-33.29],[156.13,-33.84],[157.0,-34.47],[157.17,-34.67],[157.81,-35.49],[158.0,-35.59],[158.62,-36.3],[159.0,-36.81],[159.42,-37.1],[160.0,-37.71],[160.23,-37.89],[160.44,-38.68],[160.46,-39.45],[160.0,-40.01],[159.0,-40.08],[158.0,-39.89],[157.17,-39.45],[157.0,-39.34],[156.0,-39.21],[155.2,-39.45],[155.0,-39.49]],[[157.0,-36.66],[156.55,-36.3],[157.0,-35.53],[158.0,-36.04],[158.23,-36.3],[158.0,-36.77],[157.0,-36.66]],[[158.0,-37.99],[157.8,-37.89],[158.0,-37.76],[158.65,-37.89],[158.0,-37.99]],[[153.0,-33.54],[152.95,-33.01],[153.0,-32.98],[153.05,-33.01],[153.0,-33.54]]],"type":"Polygon"},"properties":{ "hvalue":5.0,"color":"#fee600"} }, { "type":"Feature","geometry":{"coordinates":[[[-90.0,57.02],[-90.65,57.16],[-91.0,57.29],[-92.0,57.52],[-92.12,57.7],[-92.35,58.23],[-93.0,58.64],[-93.2,58.75],[-94.0,59.11],[-94.28,59.26],[-94.3,59.77],[-94.28,60.27],[-94.09,60.76],[-94.0,60.85],[-93.56,61.25],[-93.0,61.65],[-92.82,61.73],[-92.34,62.2],[-92.0,62.34],[-91.13,62.66],[-91.0,62.68],[-90.14,63.11],[-90.0,63.39],[-89.59,63.11],[-89.55,62.66],[-89.82,62.2],[-90.0,62.12],[-90.3,61.73],[-90.29,61.25],[-90.17,60.76],[-90.0,60.62],[-89.18,60.76],[-89.0,60.82],[-88.0,61.21],[-87.89,61.25],[-87.61,61.73],[-87.48,62.2],[-87.15,62.66],[-87.0,62.79],[-86.46,63.11],[-86.0,63.26],[-85.0,63.14],[-84.38,63.11],[-84.13,62.66],[-84.0,62.61],[-83.0,62.24],[-82.4,62.2],[-82.93,61.73],[-82.21,61.25],[-82.1,60.76],[-82.3,60.27],[-83.0,59.89],[-83.19,59.77],[-83.57,59.26],[-84.0,59.08],[-85.0,58.98],[-85.24,58.75],[-85.95,58.23],[-86.0,58.2],[-86.59,57.7],[-87.0,57.39],[-87.27,57.16],[-88.0,56.92],[-89.0,57.03],[-90.0,57.02]],[[-91.0,57.66],[-91.14,57.7],[-92.0,58.18],[-92.03,58.23],[-92.62,58.75],[-93.0,59.0],[-93.72,59.26],[-93.82,59.77],[-93.76,60.27],[-93.4,60.76],[-93.06,61.25],[-93.0,61.29],[-92.04,61.73],[-92.0,61.76],[-91.55,61.73],[-91.01,61.25],[-91.12,60.76],[-91.0,60.69],[-90.44,60.27],[-90.0,60.06],[-89.0,60.09],[-88.18,60.27],[-88.0,60.34],[-87.07,60.27],[-87.0,60.24],[-86.68,59.77],[-86.7,59.26],[-87.0,58.79],[-87.03,58.75],[-88.0,58.32],[-88.31,58.23],[-89.0,57.88],[-89.29,57.7],[-90.0,57.5],[-91.0,57.66]]],"type":"Polygon"},"properties":{ "hvalue":2.0,"color":"#6c99d2"} }, { "type":"Feature","geometry":{"coordinates":[[[-129.0,43.09],[-129.61,43.21],[-130.0,43.25],[-131.0,43.48],[-131.75,43.93],[-132.0,44.07],[-132.83,44.65],[-133.0,44.82],[-133.63,45.35],[-134.0,45.7],[-134.29,46.05],[-134.51,46.74],[-134.67,47.42],[-134.76,48.09],[-134.97,48.76],[-134.95,49.41],[-134.62,50.06],[-134.0,50.54],[-133.0,50.51],[-132.5,50.7],[-132.0,50.81],[-131.0,50.98],[-130.09,51.33],[-130.0,51.34],[-129.0,51.34],[-128.98,51.33],[-128.93,50.7],[-128.6,50.06],[-128.0,49.6],[-127.7,49.41],[-127.0,48.85],[-126.86,48.76],[-126.0,48.25],[-125.76,48.09],[-125.17,47.42],[-125.07,46.74],[-125.13,46.05],[-125.59,45.35],[-126.0,44.86],[-126.18,44.65],[-126.99,43.93],[-127.0,43.92],[-127.78,43.21],[-128.0,43.02],[-129.0,43.09]]],"type":"Polygon"},"properties":{ "hvalue":2.0,"color":"#6c99d2"} }, { "type":"Feature","geometry":{"coordinates":[[[2.0,-49.55],[1.56,-49.41],[1.0,-48.99],[0.77,-48.76],[0.16,-48.09],[0.0,-48.07],[-1.0,-47.62],[-1.25,-47.42],[-2.0,-46.76],[-2.04,-46.74],[-3.0,-46.27],[-3.55,-46.05],[-4.0,-45.9],[-4.79,-45.35],[-5.0,-45.22],[-5.97,-44.65],[-6.0,-44.63],[-7.0,-44.48],[-7.85,-43.93],[-8.0,-43.58],[-8.26,-43.21],[-8.52,-42.47],[-8.0,-42.41],[-7.0,-42.45],[-6.96,-42.47],[-6.0,-42.99],[-5.15,-43.21],[-5.0,-43.27],[-4.0,-43.83],[-3.91,-43.93],[-3.0,-44.44],[-2.72,-44.65],[-2.0,-45.29],[-1.93,-45.35],[-1.06,-46.05],[-1.0,-46.08],[0.0,-46.72],[0.02,-46.74],[0.65,-47.42],[1.0,-47.97],[1.5,-48.09],[2.0,-48.26],[2.37,-48.76],[3.0,-49.27],[3.14,-49.41],[3.0,-49.56],[2.0,-49.55]]],"type":"Polygon"},"properties":{ "hvalue":6.0,"color":"#ff9600"} }, { "type":"Feature","geometry":{"coordinates":[[[137.0,-11.51],[136.17,-10.93],[136.0,-10.79],[135.0,-10.74],[134.0,-10.65],[133.0,-10.72],[132.0,-10.63],[131.0,-10.81],[130.0,-10.82],[129.0,-10.28],[128.28,-9.95],[128.0,-9.48],[127.0,-9.36],[126.99,-8.96],[127.0,-8.93],[128.0,-8.93],[129.0,-8.64],[130.0,-8.53],[131.0,-8.64],[131.71,-7.97],[132.0,-7.5],[132.54,-6.98],[132.0,-6.42],[131.0,-6.1],[130.84,-5.99],[130.9,-4.99],[131.0,-4.97],[131.01,-4.99],[132.0,-5.6],[133.0,-5.86],[133.13,-5.99],[134.0,-6.9],[135.0,-6.67],[136.0,-6.66],[137.0,-6.84],[137.18,-6.98],[137.06,-7.97],[138.0,-8.85],[139.0,-8.86],[139.99,-8.96],[139.0,-9.47],[138.19,-9.95],[138.07,-10.93],[138.0,-11.11],[137.0,-11.51]]],"type":"Polygon"},"properties":{ "hvalue":1.25,"color":"#a7c2e0"} }, { "type":"Feature","geometry":{"coordinates":[[[50.0,-48.14],[49.62,-48.09],[49.0,-47.98],[48.0,-47.74],[47.05,-47.42],[47.0,-47.37],[46.69,-46.74],[46.62,-46.05],[47.0,-45.93],[48.0,-45.88],[48.83,-46.05],[49.0,-46.18],[49.28,-46.74],[50.0,-47.17],[51.0,-47.26],[51.6,-47.42],[52.0,-47.94],[53.0,-47.62],[54.0,-47.7],[55.0,-47.61],[55.71,-47.42],[56.0,-47.34],[57.0,-47.17],[58.0,-47.13],[58.6,-46.74],[59.0,-46.56],[60.0,-46.35],[60.58,-46.05],[61.0,-45.86],[61.91,-45.35],[62.0,-45.28],[63.0,-44.75],[63.18,-44.65],[64.0,-44.14],[65.0,-44.54],[66.0,-44.42],[66.61,-44.65],[66.0,-44.96],[65.46,-45.35],[65.0,-45.74],[64.46,-46.05],[64.0,-46.18],[63.0,-46.47],[62.05,-46.74],[62.0,-46.76],[61.0,-47.02],[60.0,-47.36],[59.61,-47.42],[59.0,-47.47],[58.0,-47.63],[57.0,-47.85],[56.64,-48.09],[56.0,-48.22],[55.0,-48.32],[54.0,-48.37],[53.0,-48.42],[52.0,-48.15],[51.0,-48.13],[50.0,-48.14]]],"type":"Polygon"},"properties":{ "hvalue":6.0,"color":"#ff9600"} }, { "type":"Feature","geometry":{"coordinates":[[[-38.0,-52.62],[-38.13,-52.56],[-38.73,-51.95],[-38.83,-51.33],[-38.99,-50.7],[-39.0,-50.64],[-39.14,-50.06],[-39.21,-49.41],[-39.76,-48.76],[-39.0,-48.2],[-38.92,-48.09],[-38.49,-47.42],[-38.4,-46.74],[-38.16,-46.05],[-38.0,-45.97],[-37.0,-45.74],[-36.52,-46.05],[-36.0,-46.44],[-35.0,-46.16],[-34.7,-46.05],[-34.0,-45.8],[-33.0,-45.78],[-32.23,-46.05],[-32.36,-46.74],[-32.8,-47.42],[-32.0,-47.8],[-31.0,-47.92],[-30.0,-47.92],[-29.69,-48.09],[-29.0,-48.41],[-28.05,-48.76],[-28.0,-48.8],[-27.03,-49.41],[-27.44,-50.06],[-27.0,-50.38],[-26.72,-50.7],[-27.0,-50.81],[-28.0,-50.83],[-29.0,-50.95],[-30.0,-51.01],[-31.0,-50.97],[-32.0,-50.94],[-32.42,-51.33],[-33.0,-51.58],[-33.97,-51.95],[-34.0,-51.96],[-34.09,-51.95],[-35.0,-51.59],[-36.0,-51.9],[-36.11,-51.95],[-36.89,-52.56],[-37.0,-52.62],[-38.0,-52.62]]],"type":"Polygon"},"properties":{ "hvalue":8.0,"color":"#fa3c3c"} }, { "type":"Feature","geometry":{"coordinates":[[[-144.0,12.41],[-144.61,12.89],[-145.0,13.16],[-146.0,13.67],[-146.27,13.86],[-146.45,14.83],[-147.0,15.76],[-147.04,15.8],[-147.24,16.76],[-147.14,17.71],[-147.14,18.66],[-147.0,18.93],[-146.64,19.61],[-146.0,20.3],[-145.71,20.55],[-145.13,21.48],[-145.0,21.58],[-144.0,21.68],[-143.12,21.48],[-143.0,21.44],[-142.0,21.11],[-141.0,20.75],[-140.46,20.55],[-140.0,20.51],[-139.0,19.81],[-138.48,19.61],[-138.0,19.3],[-137.82,18.66],[-137.64,17.71],[-138.0,16.98],[-138.17,16.76],[-139.0,16.19],[-139.33,15.8],[-139.91,14.83],[-140.0,14.59],[-140.22,13.86],[-140.79,12.89],[-141.0,12.45],[-142.0,11.95],[-143.0,11.97],[-144.0,12.41]],[[-143.0,13.28],[-143.81,13.86],[-144.0,14.05],[-144.75,14.83],[-144.76,15.8],[-144.76,16.76],[-144.0,17.61],[-143.83,17.71],[-143.0,18.15],[-142.0,18.41],[-141.0,18.1],[-140.56,17.71],[-140.68,16.76],[-140.83,15.8],[-141.0,15.23],[-141.04,14.83],[-141.43,13.86],[-142.0,13.2],[-143.0,13.28]]],"type":"Polygon"},"properties":{ "hvalue":3.0,"color":"#34cc99"} }, { "type":"Feature","geometry":{"coordinates":[[[-4.0,59.62],[-4.37,59.77],[-4.0,60.21],[-3.97,60.27],[-4.0,60.28],[-4.95,60.76],[-4.83,61.25],[-4.74,61.73],[-5.0,62.1],[-5.05,62.2],[-6.0,62.6],[-7.0,62.65],[-7.57,62.66],[-7.51,63.11],[-7.0,63.36],[-6.75,63.56],[-6.26,64.0],[-6.0,64.18],[-5.58,64.44],[-5.0,64.82],[-4.84,64.87],[-5.0,65.05],[-5.2,65.29],[-6.0,65.46],[-6.66,65.7],[-7.0,65.85],[-7.43,66.11],[-7.82,66.51],[-7.67,66.91],[-7.2,67.3],[-7.0,67.53],[-6.91,67.68],[-6.7,68.06],[-6.47,68.43],[-6.51,68.79],[-6.8,69.15],[-6.99,69.5],[-7.0,69.54],[-7.08,69.85],[-7.17,70.19],[-7.09,70.53],[-7.0,70.63],[-6.64,70.86],[-6.0,71.11],[-5.31,71.19],[-5.0,71.25],[-4.63,71.19],[-4.0,71.13],[-3.05,70.86],[-3.14,70.53],[-3.0,70.44],[-2.59,70.19],[-2.1,69.85],[-2.0,69.77],[-1.66,69.5],[-1.53,69.15],[-1.4,68.79],[-1.19,68.43],[-1.07,68.06],[-1.13,67.68],[-1.56,67.3],[-1.88,66.91],[-2.0,66.74],[-2.23,66.51],[-2.65,66.11],[-3.0,65.78],[-3.21,65.7],[-3.52,65.29],[-3.0,65.17],[-2.2,64.87],[-2.0,64.81],[-1.59,64.44],[-1.0,64.08],[-0.9,64.0],[-0.62,63.56],[-0.17,63.11],[0.0,62.82],[0.08,62.66],[0.28,62.2],[0.46,61.73],[0.26,61.25],[0.0,61.17],[-1.0,61.02],[-1.55,60.76],[-1.88,60.27],[-1.68,59.77],[-2.0,59.69],[-3.0,59.7],[-4.0,59.62]]],"type":"Polygon"},"properties":{ "hvalue":3.0,"color":"#34cc99"} }, { "type":"Feature","geometry":{"coordinates":[[[-169.0,17.4],[-169.66,17.71],[-169.53,18.66],[-170.0,19.29],[-171.0,19.04],[-172.0,19.39],[-173.0,19.31],[-173.1,19.61],[-173.31,20.55],[-173.42,21.48],[-173.29,22.41],[-174.0,22.94],[-174.41,23.33],[-174.97,24.24],[-175.0,24.27],[-176.0,25.11],[-176.02,25.15],[-176.0,25.17],[-175.25,26.05],[-175.0,26.54],[-174.0,26.92],[-173.0,26.08],[-172.8,26.05],[-172.0,25.93],[-171.0,25.67],[-170.0,25.33],[-169.0,25.44],[-168.0,25.69],[-167.0,25.25],[-166.84,25.15],[-166.0,24.39],[-165.89,24.24],[-166.0,23.42],[-167.0,23.34],[-168.0,23.83],[-168.9,23.33],[-168.95,22.41],[-168.43,21.48],[-168.15,20.55],[-168.31,19.61],[-168.0,18.71],[-167.98,18.66],[-168.0,18.64],[-168.5,17.71],[-169.0,17.4]],[[-174.0,25.01],[-174.15,25.15],[-174.0,25.17],[-173.9,25.15],[-174.0,25.01]],[[-173.0,23.29],[-173.03,23.33],[-173.0,23.44],[-172.86,23.33],[-173.0,23.29]],[[-171.0,21.47],[-171.01,21.48],[-171.0,21.5],[-170.97,21.48],[-171.0,21.47]]],"type":"Polygon"},"properties":{ "hvalue":1.15,"color":"#E2EBF5"} }, { "type":"Feature","geometry":{"coordinates":[[[148.0,49.35],[147.6,49.41],[147.0,49.73],[146.69,50.06],[146.05,50.7],[146.0,50.84],[145.78,51.33],[145.49,51.95],[145.2,52.56],[146.0,53.05],[146.53,53.16],[147.0,53.63],[147.04,53.76],[147.0,53.95],[146.92,54.34],[146.84,54.92],[146.68,55.49],[147.0,55.7],[148.0,55.79],[148.44,56.06],[148.48,56.61],[148.84,57.16],[148.97,57.7],[148.63,58.23],[149.0,58.42],[150.0,58.44],[151.0,58.5],[152.0,58.55],[152.36,58.75],[153.0,58.82],[153.71,58.75],[153.13,58.23],[153.29,57.7],[153.83,57.16],[154.0,56.96],[154.4,56.61],[154.2,56.06],[154.08,55.49],[154.16,54.92],[154.4,54.34],[154.98,53.76],[155.0,53.75],[155.42,53.16],[155.36,52.56],[155.0,52.08],[154.91,51.95],[154.02,51.33],[154.0,51.32],[153.03,50.7],[153.0,50.67],[152.0,50.08],[151.94,50.06],[151.0,49.71],[150.0,49.53],[149.36,49.41],[149.0,49.35],[148.0,49.35]],[[152.0,51.63],[151.45,51.95],[151.93,52.56],[152.0,52.58],[153.0,52.64],[153.15,52.56],[153.02,51.95],[153.0,51.94],[152.0,51.63]]],"type":"Polygon"},"properties":{ "hvalue":2.0,"color":"#6c99d2"} }, { "type":"Feature","geometry":{"coordinates":[[[-137.0,74.66],[-137.26,74.69],[-138.0,74.76],[-139.0,74.85],[-139.73,74.96],[-140.0,75.0],[-141.0,75.15],[-141.44,75.21],[-142.0,75.27],[-143.0,75.38],[-143.94,75.47],[-144.0,75.48],[-145.0,75.63],[-145.43,75.71],[-146.0,75.81],[-146.91,75.96],[-147.0,75.97],[-148.0,76.07],[-149.0,76.17],[-149.38,76.2],[-150.0,76.24],[-151.0,76.31],[-152.0,76.4],[-152.31,76.44],[-153.0,76.55],[-153.69,76.67],[-154.0,76.73],[-154.93,76.9],[-155.0,76.92],[-155.68,77.12],[-156.0,77.3],[-156.03,77.34],[-156.0,77.35],[-155.59,77.56],[-155.13,77.77],[-155.0,77.81],[-154.39,77.98],[-154.0,78.05],[-153.0,78.14],[-152.0,78.1],[-151.55,77.98],[-151.11,77.77],[-151.0,77.74],[-150.8,77.77],[-150.0,77.84],[-149.34,77.98],[-149.0,78.05],[-148.47,78.19],[-148.02,78.39],[-148.0,78.4],[-147.08,78.59],[-147.0,78.6],[-146.0,78.73],[-145.41,78.79],[-145.0,78.82],[-144.0,78.82],[-143.52,78.79],[-143.0,78.74],[-142.0,78.69],[-141.0,78.69],[-140.0,78.7],[-139.0,78.69],[-138.21,78.59],[-138.0,78.52],[-137.65,78.39],[-137.31,78.19],[-137.0,78.1],[-136.52,77.98],[-136.0,77.9],[-135.44,77.77],[-135.1,77.56],[-135.1,77.34],[-135.19,77.12],[-135.0,76.95],[-134.86,76.9],[-134.0,76.77],[-133.0,76.89],[-132.35,76.67],[-132.06,76.44],[-132.0,76.33],[-131.9,76.2],[-132.0,75.96],[-131.79,75.71],[-131.77,75.47],[-132.0,75.25],[-132.07,75.21],[-132.0,75.09],[-131.96,74.96],[-132.0,74.94],[-132.93,74.69],[-133.0,74.67],[-134.0,74.45],[-135.0,74.49],[-136.0,74.57],[-137.0,74.66]],[[-136.0,76.15],[-136.46,76.2],[-137.0,76.27],[-138.0,76.39],[-138.42,76.44],[-139.0,76.5],[-140.0,76.61],[-140.6,76.67],[-141.0,76.7],[-142.0,76.79],[-143.0,76.86],[-143.47,76.9],[-144.0,76.97],[-145.0,77.12],[-145.03,77.12],[-145.88,77.34],[-146.0,77.37],[-146.63,77.56],[-146.67,77.77],[-146.47,77.98],[-146.35,78.19],[-146.0,78.37],[-145.95,78.39],[-145.0,78.52],[-144.0,78.54],[-143.0,78.42],[-142.0,78.49],[-141.0,78.52],[-140.0,78.55],[-139.0,78.55],[-138.43,78.39],[-138.11,78.19],[-138.0,78.16],[-137.39,77.98],[-137.0,77.89],[-136.18,77.77],[-136.0,77.73],[-135.69,77.56],[-135.74,77.34],[-135.86,77.12],[-135.8,76.9],[-135.3,76.67],[-135.0,76.59],[-134.0,76.49],[-133.32,76.44],[-133.12,76.2],[-134.0,76.06],[-135.0,76.07],[-136.0,76.15]]],"type":"Polygon"},"properties":{ "hvalue":1.25,"color":"#a7c2e0"} }, { "type":"Feature","geometry":{"coordinates":[[[45.0,-25.52],[44.23,-25.15],[44.0,-24.94],[43.2,-24.24],[43.21,-23.33],[43.06,-22.41],[43.0,-21.87],[42.76,-21.48],[42.61,-20.55],[42.45,-19.61],[42.42,-18.66],[42.41,-17.71],[43.0,-16.92],[43.02,-16.76],[44.0,-15.96],[44.22,-15.8],[45.0,-14.83],[45.0,-14.83],[46.0,-14.14],[46.23,-13.86],[47.0,-13.01],[47.15,-12.89],[48.0,-12.65],[49.0,-12.23],[49.44,-12.89],[50.0,-13.44],[50.4,-13.86],[50.4,-14.83],[50.0,-15.41],[49.6,-15.8],[49.6,-16.76],[49.45,-17.71],[49.44,-18.66],[49.0,-19.13],[48.49,-19.61],[48.45,-20.55],[48.44,-21.48],[48.41,-22.41],[48.0,-22.79],[47.41,-23.33],[47.37,-24.24],[47.0,-24.57],[46.36,-25.15],[46.0,-25.45],[45.0,-25.52]]],"type":"Polygon"},"properties":{ "hvalue":1.15,"color":"#E2EBF5"} }, { "type":"Feature","geometry":{"coordinates":[[[-140.0,31.1],[-140.74,31.31],[-141.0,31.59],[-141.35,32.16],[-142.0,32.79],[-142.49,33.01],[-142.36,33.84],[-142.0,33.93],[-141.0,33.95],[-140.36,33.84],[-140.0,33.63],[-139.51,33.84],[-139.37,34.67],[-140.0,35.44],[-140.03,35.49],[-140.65,36.3],[-141.0,37.03],[-141.08,37.1],[-141.53,37.89],[-142.0,38.21],[-142.6,38.68],[-142.4,39.45],[-142.0,39.8],[-141.0,39.98],[-140.0,40.1],[-139.41,40.22],[-140.0,40.44],[-141.0,40.77],[-141.91,40.98],[-141.0,41.18],[-140.0,41.2],[-139.0,41.02],[-138.88,40.98],[-138.0,40.28],[-137.0,40.31],[-136.81,40.22],[-136.38,39.45],[-136.0,38.94],[-135.48,38.68],[-135.0,38.44],[-134.75,37.89],[-134.37,37.1],[-134.79,36.3],[-134.0,35.85],[-133.17,35.49],[-133.0,35.36],[-132.0,34.75],[-131.94,34.67],[-132.0,34.32],[-132.18,33.84],[-132.92,33.01],[-133.0,32.95],[-134.0,32.6],[-134.51,32.16],[-135.0,31.8],[-136.0,31.75],[-137.0,31.97],[-138.0,31.41],[-138.22,31.31],[-139.0,31.1],[-140.0,31.1]]],"type":"Polygon"},"properties":{ "hvalue":1.15,"color":"#E2EBF5"} }, { "type":"Feature","geometry":{"coordinates":[[[66.0,80.11],[65.17,80.24],[65.0,80.29],[64.82,80.41],[64.9,80.58],[65.0,80.61],[65.22,80.74],[65.23,80.9],[65.0,80.92],[64.24,81.05],[64.0,81.1],[63.53,81.05],[63.33,80.9],[63.0,80.84],[62.57,80.9],[62.0,80.98],[61.0,81.04],[60.7,81.05],[60.63,81.21],[60.0,81.33],[59.89,81.36],[59.19,81.51],[59.38,81.66],[59.3,81.8],[59.0,81.86],[58.0,81.83],[57.72,81.8],[57.0,81.67],[56.92,81.66],[56.19,81.51],[56.16,81.36],[56.0,81.35],[55.44,81.36],[55.0,81.4],[54.0,81.36],[54.0,81.36],[53.19,81.21],[53.0,81.14],[52.0,81.09],[51.07,81.21],[51.0,81.22],[50.0,81.3],[49.0,81.26],[48.31,81.36],[48.29,81.51],[48.58,81.66],[48.99,81.8],[49.0,81.8],[49.64,81.94],[50.0,82.0],[50.33,82.08],[50.98,82.22],[51.0,82.22],[51.66,82.35],[52.0,82.41],[52.39,82.48],[53.0,82.56],[53.4,82.61],[54.0,82.68],[54.49,82.74],[55.0,82.79],[55.79,82.87],[56.0,82.89],[57.0,82.98],[57.17,82.99],[58.0,83.05],[59.0,83.11],[59.07,83.11],[60.0,83.16],[61.0,83.2],[61.55,83.23],[62.0,83.25],[63.0,83.28],[64.0,83.31],[65.0,83.32],[66.0,83.31],[67.0,83.31],[68.0,83.32],[69.0,83.33],[69.75,83.35],[70.0,83.36],[71.0,83.4],[72.0,83.45],[72.82,83.46],[73.0,83.46],[73.12,83.46],[74.0,83.44],[75.0,83.4],[76.0,83.36],[76.32,83.35],[77.0,83.33],[78.0,83.29],[79.0,83.24],[79.09,83.23],[80.0,83.14],[80.21,83.11],[81.0,82.99],[81.02,82.99],[81.0,82.97],[80.9,82.87],[80.74,82.74],[80.0,82.64],[79.82,82.61],[79.05,82.48],[79.0,82.47],[78.06,82.35],[78.0,82.34],[77.26,82.22],[77.0,82.18],[76.45,82.08],[76.0,82.01],[75.59,81.94],[75.0,81.85],[74.79,81.8],[74.0,81.69],[73.81,81.66],[73.0,81.51],[72.99,81.51],[72.0,81.38],[71.85,81.36],[71.03,81.21],[71.0,81.2],[70.27,81.05],[70.0,80.96],[69.78,80.9],[69.34,80.74],[69.01,80.58],[69.0,80.57],[68.58,80.41],[68.11,80.24],[68.0,80.22],[67.0,80.12],[66.0,80.11]],[[62.0,81.39],[61.6,81.51],[62.0,81.58],[62.69,81.51],[62.0,81.39]]],"type":"Polygon"},"properties":{ "hvalue":2.0,"color":"#6c99d2"} }, { "type":"Feature","geometry":{"coordinates":[[[-69.0,41.29],[-69.2,41.73],[-69.76,42.47],[-70.0,43.14],[-70.01,43.21],[-70.0,43.23],[-69.42,43.93],[-69.0,44.04],[-68.0,44.18],[-67.19,44.65],[-67.0,44.78],[-66.0,44.82],[-65.76,44.65],[-66.0,44.48],[-66.6,43.93],[-66.0,43.44],[-65.0,43.4],[-64.33,43.93],[-64.0,44.5],[-63.79,44.65],[-63.0,44.89],[-62.0,44.89],[-61.31,45.35],[-61.0,45.57],[-60.0,45.72],[-59.47,46.05],[-60.0,46.49],[-61.0,46.68],[-62.0,46.2],[-63.0,46.48],[-63.09,46.74],[-63.85,47.42],[-63.83,48.09],[-64.0,48.35],[-64.04,48.76],[-64.56,49.41],[-64.0,49.58],[-63.93,49.41],[-63.0,48.91],[-62.13,49.41],[-62.33,50.06],[-62.0,50.08],[-61.58,50.06],[-61.0,49.96],[-60.0,49.43],[-59.97,49.41],[-59.72,48.76],[-59.38,48.09],[-59.0,47.53],[-58.69,47.42],[-58.08,46.74],[-58.0,46.59],[-57.39,46.05],[-57.38,45.35],[-57.81,44.65],[-58.0,44.12],[-59.0,43.94],[-60.0,44.22],[-60.53,43.93],[-61.0,43.58],[-61.83,43.21],[-62.0,43.09],[-63.0,42.74],[-63.84,42.47],[-64.0,42.38],[-65.0,42.08],[-66.0,41.95],[-66.79,41.73],[-67.0,41.6],[-68.0,41.32],[-69.0,41.29]],[[-60.0,47.87],[-60.55,48.09],[-60.0,48.26],[-59.87,48.09],[-60.0,47.87]],[[-67.0,43.61],[-67.53,43.93],[-67.0,44.04],[-66.96,43.93],[-67.0,43.61]]],"type":"Polygon"},"properties":{ "hvalue":1.25,"color":"#a7c2e0"} }, { "type":"Feature","geometry":{"coordinates":[[[-88.0,56.55],[-88.11,56.61],[-89.0,56.87],[-90.0,56.87],[-91.0,57.03],[-92.0,57.08],[-92.15,57.16],[-92.45,57.7],[-92.59,58.23],[-93.0,58.49],[-93.5,58.75],[-94.0,58.98],[-94.55,59.26],[-94.56,59.77],[-94.55,60.27],[-94.43,60.76],[-94.0,61.2],[-93.94,61.25],[-93.3,61.73],[-93.08,62.2],[-93.0,62.24],[-92.0,62.64],[-91.95,62.66],[-91.0,62.84],[-90.46,63.11],[-90.68,63.56],[-90.0,63.69],[-89.0,63.71],[-88.1,64.0],[-88.0,64.04],[-87.83,64.0],[-87.0,63.67],[-86.0,63.69],[-85.7,63.56],[-85.0,63.3],[-84.2,63.56],[-84.0,63.65],[-83.0,63.61],[-82.19,63.56],[-83.0,63.23],[-83.09,63.11],[-83.64,62.66],[-83.0,62.4],[-82.05,62.66],[-82.0,62.75],[-81.01,63.11],[-81.0,63.11],[-80.96,63.11],[-80.28,62.66],[-80.78,62.2],[-80.0,61.82],[-79.31,61.73],[-79.0,61.34],[-78.93,61.25],[-79.0,61.18],[-79.54,60.76],[-80.0,60.45],[-80.15,60.27],[-80.49,59.77],[-80.94,59.26],[-81.0,59.18],[-81.56,58.75],[-82.0,58.36],[-82.29,58.23],[-83.0,57.9],[-84.0,57.74],[-84.28,57.7],[-85.0,57.53],[-85.57,57.16],[-86.0,56.95],[-86.74,56.61],[-87.0,56.56],[-88.0,56.55]],[[-90.0,57.02],[-90.65,57.16],[-91.0,57.29],[-92.0,57.52],[-92.12,57.7],[-92.35,58.23],[-93.0,58.64],[-93.2,58.75],[-94.0,59.11],[-94.28,59.26],[-94.3,59.77],[-94.28,60.27],[-94.09,60.76],[-94.0,60.85],[-93.56,61.25],[-93.0,61.65],[-92.82,61.73],[-92.34,62.2],[-92.0,62.34],[-91.13,62.66],[-91.0,62.68],[-90.14,63.11],[-90.0,63.39],[-89.59,63.11],[-89.55,62.66],[-89.82,62.2],[-90.0,62.12],[-90.3,61.73],[-90.29,61.25],[-90.17,60.76],[-90.0,60.62],[-89.18,60.76],[-89.0,60.82],[-88.0,61.21],[-87.89,61.25],[-87.61,61.73],[-87.48,62.2],[-87.15,62.66],[-87.0,62.79],[-86.46,63.11],[-86.0,63.26],[-85.0,63.14],[-84.38,63.11],[-84.13,62.66],[-84.0,62.61],[-83.0,62.24],[-82.4,62.2],[-82.93,61.73],[-82.21,61.25],[-82.1,60.76],[-82.3,60.27],[-83.0,59.89],[-83.19,59.77],[-83.57,59.26],[-84.0,59.08],[-85.0,58.98],[-85.24,58.75],[-85.95,58.23],[-86.0,58.2],[-86.59,57.7],[-87.0,57.39],[-87.27,57.16],[-88.0,56.92],[-89.0,57.03],[-90.0,57.02]]],"type":"Polygon"},"properties":{ "hvalue":1.25,"color":"#a7c2e0"} }, { "type":"Feature","geometry":{"coordinates":[[[-162.0,25.76],[-162.65,26.05],[-163.0,26.63],[-164.0,26.94],[-165.0,26.68],[-165.12,26.95],[-165.0,27.23],[-164.0,26.98],[-163.0,27.29],[-162.84,27.84],[-163.0,27.97],[-163.28,28.72],[-163.21,29.59],[-163.0,30.07],[-162.57,30.46],[-162.0,31.13],[-161.8,31.31],[-161.34,32.16],[-161.12,33.01],[-161.0,33.17],[-160.53,33.84],[-160.17,34.67],[-160.0,34.99],[-159.0,35.0],[-158.22,34.67],[-158.0,34.52],[-157.0,34.03],[-156.68,33.84],[-156.0,33.42],[-155.0,33.05],[-154.92,33.01],[-154.0,32.63],[-153.3,32.16],[-153.0,31.8],[-152.24,31.31],[-152.07,30.46],[-153.0,29.66],[-153.13,29.59],[-153.27,28.72],[-154.0,27.96],[-155.0,27.92],[-155.23,27.84],[-156.0,27.42],[-156.71,27.84],[-157.0,27.9],[-157.68,27.84],[-158.0,27.76],[-159.0,27.44],[-160.0,27.43],[-161.0,26.98],[-161.05,26.95],[-161.84,26.05],[-162.0,25.76]]],"type":"Polygon"},"properties":{ "hvalue":1.15,"color":"#E2EBF5"} }, { "type":"Feature","geometry":{"coordinates":[[[52.0,-61.41],[51.07,-61.25],[51.0,-61.22],[50.0,-60.76],[49.99,-60.76],[49.43,-60.27],[49.04,-59.77],[49.02,-59.26],[49.39,-58.75],[49.67,-58.23],[49.68,-57.7],[50.0,-57.41],[50.3,-57.16],[51.0,-56.85],[51.57,-56.61],[52.0,-56.4],[52.96,-56.06],[53.0,-56.05],[54.0,-55.84],[55.0,-55.57],[55.29,-55.49],[56.0,-55.08],[56.41,-54.92],[57.0,-54.84],[58.0,-54.88],[58.29,-54.92],[59.0,-54.98],[59.16,-54.92],[60.0,-54.66],[61.0,-54.65],[62.0,-54.75],[63.0,-54.87],[64.0,-54.83],[64.95,-54.92],[64.68,-55.49],[65.0,-55.94],[66.0,-56.06],[66.04,-56.06],[67.0,-56.45],[67.2,-56.61],[67.21,-57.16],[67.0,-57.23],[66.38,-57.7],[66.67,-58.23],[66.0,-58.38],[65.04,-58.75],[65.0,-58.78],[64.55,-59.26],[64.0,-59.77],[64.0,-59.77],[63.45,-60.27],[63.0,-60.41],[62.0,-60.72],[61.87,-60.76],[61.0,-60.93],[60.0,-61.08],[59.0,-61.15],[58.0,-61.15],[57.34,-61.25],[57.0,-61.3],[56.0,-61.29],[55.87,-61.25],[55.0,-61.02],[54.0,-61.14],[53.56,-61.25],[53.0,-61.38],[52.0,-61.41]],[[57.0,-60.79],[56.65,-60.76],[56.0,-60.66],[55.0,-60.5],[54.0,-60.59],[53.13,-60.27],[53.17,-59.77],[53.0,-59.58],[52.74,-59.26],[53.0,-59.03],[53.26,-58.75],[54.0,-58.5],[55.0,-58.29],[55.33,-58.23],[56.0,-58.06],[57.0,-57.96],[58.0,-57.9],[59.0,-57.87],[60.0,-58.02],[60.72,-58.23],[60.65,-58.75],[60.68,-59.26],[60.76,-59.77],[60.22,-60.27],[60.0,-60.34],[59.0,-60.62],[58.34,-60.76],[58.0,-60.79],[57.0,-60.79]]],"type":"Polygon"},"properties":{ "hvalue":8.0,"color":"#fa3c3c"} }, { "type":"Feature","geometry":{"coordinates":[[[-107.0,-35.68],[-107.79,-35.49],[-108.0,-35.24],[-108.35,-34.67],[-109.0,-34.26],[-109.84,-33.84],[-110.0,-33.16],[-110.18,-33.01],[-111.0,-32.96],[-112.0,-32.92],[-112.71,-32.16],[-113.0,-31.88],[-113.96,-31.31],[-114.0,-31.29],[-114.71,-30.46],[-114.8,-29.59],[-115.0,-29.39],[-116.0,-28.9],[-116.35,-28.72],[-117.0,-27.97],[-117.15,-27.84],[-118.0,-27.17],[-118.19,-26.95],[-118.73,-26.05],[-118.0,-25.5],[-117.0,-25.49],[-116.44,-26.05],[-116.0,-26.79],[-115.0,-26.54],[-114.42,-26.95],[-114.0,-27.2],[-113.0,-27.54],[-112.0,-27.36],[-111.0,-27.22],[-110.0,-27.57],[-109.87,-27.84],[-109.85,-28.72],[-109.63,-29.59],[-109.0,-30.26],[-108.0,-29.82],[-107.0,-29.95],[-106.61,-30.46],[-106.15,-31.31],[-106.0,-31.4],[-105.88,-31.31],[-105.0,-30.72],[-104.54,-31.31],[-104.75,-32.16],[-104.32,-33.01],[-104.58,-33.84],[-105.0,-34.4],[-105.24,-34.67],[-105.75,-35.49],[-106.0,-35.65],[-107.0,-35.68]],[[-108.0,-34.14],[-108.22,-33.84],[-108.0,-33.63],[-107.66,-33.84],[-108.0,-34.14]]],"type":"Polygon"},"properties":{ "hvalue":1.9,"color":"#a7c2e0"} }, { "type":"Feature","geometry":{"coordinates":[[[35.0,-46.19],[34.38,-46.05],[34.0,-46.0],[33.0,-45.65],[32.0,-45.69],[31.02,-45.35],[31.0,-45.34],[30.08,-44.65],[30.0,-44.59],[29.18,-43.93],[29.0,-43.73],[28.29,-43.21],[28.0,-42.91],[27.27,-42.47],[27.0,-42.32],[26.0,-41.91],[25.58,-41.73],[25.0,-41.44],[24.35,-40.98],[24.05,-40.22],[24.0,-40.19],[23.0,-39.93],[22.22,-40.22],[22.0,-40.31],[21.71,-40.22],[21.41,-39.45],[21.4,-38.68],[21.12,-37.89],[21.06,-37.1],[21.0,-36.71],[20.93,-36.3],[21.0,-36.28],[22.0,-36.06],[23.0,-35.58],[23.76,-36.3],[24.0,-36.57],[24.96,-36.3],[25.0,-36.29],[26.0,-36.04],[26.74,-36.3],[26.92,-37.1],[27.0,-37.15],[27.07,-37.1],[28.0,-36.72],[29.0,-36.69],[29.69,-37.1],[30.0,-37.75],[30.07,-37.89],[30.02,-38.68],[30.28,-39.45],[31.0,-39.6],[32.0,-39.72],[32.61,-40.22],[32.46,-40.98],[33.0,-41.65],[33.15,-41.73],[33.64,-42.47],[34.0,-43.04],[34.1,-43.21],[34.54,-43.93],[34.9,-44.65],[35.0,-44.89],[35.22,-45.35],[35.37,-46.05],[35.0,-46.19]],[[27.0,-40.35],[26.72,-40.22],[26.0,-39.86],[25.7,-39.45],[26.0,-39.01],[27.0,-39.42],[27.02,-39.45],[27.24,-40.22],[27.0,-40.35]],[[31.0,-43.42],[30.74,-43.21],[31.0,-42.89],[31.58,-43.21],[31.0,-43.42]]],"type":"Polygon"},"properties":{ "hvalue":5.0,"color":"#fee600"} }, { "type":"Feature","geometry":{"coordinates":[[[-90.0,-47.42],[-90.0,-47.42],[-90.56,-46.74],[-90.94,-46.05],[-91.0,-45.71],[-91.11,-45.35],[-91.9,-44.65],[-92.0,-44.57],[-92.58,-43.93],[-92.51,-43.21],[-93.0,-42.71],[-93.48,-42.47],[-93.37,-41.73],[-93.69,-40.98],[-93.74,-40.22],[-93.09,-39.45],[-93.0,-39.36],[-92.47,-38.68],[-93.0,-38.3],[-94.0,-38.38],[-94.85,-37.89],[-94.0,-37.35],[-93.53,-37.1],[-93.0,-36.83],[-92.09,-37.1],[-92.0,-37.21],[-91.0,-37.47],[-90.0,-37.2],[-89.45,-37.1],[-89.0,-36.98],[-88.0,-36.89],[-87.52,-37.1],[-87.0,-37.41],[-86.26,-37.89],[-86.0,-38.11],[-85.4,-38.68],[-85.0,-38.88],[-84.22,-39.45],[-84.0,-39.58],[-83.02,-40.22],[-83.0,-40.24],[-82.05,-40.98],[-82.0,-41.03],[-81.11,-41.73],[-81.0,-41.88],[-80.54,-42.47],[-80.0,-42.81],[-79.26,-43.21],[-79.0,-43.82],[-78.96,-43.93],[-79.0,-44.27],[-79.17,-44.65],[-80.0,-44.83],[-81.0,-45.03],[-81.58,-45.35],[-82.0,-45.48],[-83.0,-45.8],[-83.47,-46.05],[-84.0,-46.27],[-85.0,-46.68],[-85.13,-46.74],[-86.0,-47.33],[-86.19,-47.42],[-87.0,-47.68],[-88.0,-47.81],[-89.0,-47.72],[-90.0,-47.42]]],"type":"Polygon"},"properties":{ "hvalue":3.0,"color":"#34cc99"} }, { "type":"Feature","geometry":{"coordinates":[[[155.0,72.1],[154.18,72.13],[154.0,72.14],[153.0,72.33],[152.69,72.43],[152.27,72.73],[152.0,72.84],[151.39,73.03],[151.0,73.25],[150.76,73.32],[150.48,73.6],[151.0,73.74],[151.34,73.88],[152.0,73.98],[152.86,74.16],[153.0,74.18],[154.0,74.38],[154.25,74.43],[154.89,74.69],[155.0,74.81],[155.13,74.96],[155.22,75.21],[155.19,75.47],[155.12,75.71],[155.07,75.96],[155.0,76.03],[154.83,76.2],[154.71,76.44],[154.45,76.67],[154.2,76.9],[154.04,77.12],[154.0,77.17],[153.79,77.34],[153.36,77.56],[153.0,77.71],[152.86,77.77],[152.36,77.98],[152.0,78.19],[152.0,78.19],[152.0,78.25],[152.01,78.39],[152.62,78.59],[153.0,78.65],[154.0,78.79],[154.0,78.79],[155.0,78.86],[156.0,78.85],[156.41,78.79],[157.0,78.74],[158.0,78.68],[158.13,78.59],[158.12,78.39],[158.13,78.19],[158.46,77.98],[159.0,77.88],[160.0,77.85],[161.0,77.83],[162.0,77.82],[163.0,77.83],[164.0,77.8],[165.0,77.8],[166.0,77.81],[167.0,77.85],[168.0,77.87],[169.0,77.79],[169.26,77.77],[170.0,77.72],[171.0,77.68],[172.0,77.67],[173.0,77.66],[174.0,77.65],[175.0,77.64],[176.0,77.66],[177.0,77.76],[177.15,77.77],[178.0,77.81],[179.0,77.89],[180.0,77.82],[180.18,77.77],[180.0,77.65],[179.81,77.56],[179.25,77.34],[179.0,77.23],[178.84,77.12],[179.0,77.05],[179.71,76.9],[180.0,76.87],[180.68,76.67],[180.51,76.44],[180.0,76.23],[179.92,76.2],[179.27,75.96],[179.0,75.83],[178.79,75.71],[178.71,75.47],[179.0,75.35],[180.0,75.21],[180.07,75.21],[180.0,75.14],[179.67,74.96],[179.0,74.86],[178.0,74.72],[177.75,74.69],[177.0,74.59],[176.0,74.46],[175.83,74.43],[175.0,74.3],[174.09,74.16],[174.0,74.15],[173.0,73.94],[172.75,73.88],[172.0,73.68],[171.6,73.6],[171.0,73.48],[170.0,73.35],[169.52,73.32],[169.0,73.29],[168.0,73.19],[167.0,73.1],[166.46,73.03],[166.0,72.98],[165.0,72.87],[164.0,72.78],[163.48,72.73],[163.0,72.68],[162.0,72.54],[161.5,72.43],[161.0,72.28],[160.29,72.13],[160.0,72.1],[159.0,72.05],[158.0,72.03],[157.0,72.04],[156.0,72.08],[155.0,72.1]],[[160.0,73.55],[159.27,73.6],[159.0,73.66],[158.54,73.88],[158.69,74.16],[159.0,74.38],[159.09,74.43],[159.66,74.69],[160.0,74.83],[160.36,74.96],[161.0,75.18],[161.08,75.21],[161.7,75.47],[162.0,75.64],[162.12,75.71],[162.69,75.96],[163.0,76.03],[163.85,76.2],[164.0,76.23],[164.96,76.44],[165.0,76.46],[165.51,76.67],[166.0,76.78],[166.61,76.9],[167.0,76.99],[167.79,77.12],[168.0,77.14],[169.0,77.17],[170.0,77.19],[171.0,77.2],[172.0,77.2],[173.0,77.18],[174.0,77.17],[175.0,77.19],[176.0,77.2],[177.0,77.16],[177.08,77.12],[177.47,76.9],[178.0,76.77],[178.93,76.67],[179.0,76.59],[179.04,76.44],[179.0,76.42],[178.24,76.2],[178.0,76.05],[177.72,75.96],[177.0,75.77],[176.76,75.71],[176.0,75.59],[175.29,75.47],[175.0,75.43],[174.0,75.25],[173.78,75.21],[173.0,75.08],[172.31,74.96],[172.0,74.9],[171.0,74.71],[170.87,74.69],[170.0,74.54],[169.33,74.43],[169.0,74.38],[168.0,74.24],[167.5,74.16],[167.0,74.09],[166.0,74.0],[165.0,73.93],[164.56,73.88],[164.0,73.8],[163.0,73.69],[162.01,73.6],[162.0,73.6],[161.0,73.55],[160.0,73.55]],[[157.0,76.88],[156.87,76.9],[156.52,77.12],[157.0,77.23],[157.58,77.12],[157.25,76.9],[157.0,76.88]]],"type":"Polygon"},"properties":{ "hvalue":1.25,"color":"#a7c2e0"} }, { "type":"Feature","geometry":{"coordinates":[[[-38.0,47.85],[-38.52,48.09],[-39.0,48.32],[-39.57,48.76],[-40.0,49.0],[-41.0,49.22],[-41.91,48.76],[-42.0,48.73],[-42.07,48.76],[-42.91,49.41],[-43.0,49.42],[-44.0,49.83],[-44.63,50.06],[-45.0,50.29],[-45.31,50.7],[-46.0,51.33],[-46.0,51.33],[-46.28,51.95],[-46.5,52.56],[-46.51,53.16],[-46.27,53.76],[-46.0,54.3],[-45.95,54.34],[-45.0,54.55],[-44.11,54.92],[-44.19,55.49],[-44.36,56.06],[-44.16,56.61],[-44.0,57.08],[-43.98,57.16],[-43.89,57.7],[-43.67,58.23],[-43.52,58.75],[-43.24,59.26],[-43.0,59.51],[-42.85,59.77],[-42.46,60.27],[-42.16,60.76],[-42.0,61.22],[-41.93,61.25],[-41.09,61.73],[-41.0,61.82],[-40.26,62.2],[-40.0,62.33],[-39.0,62.43],[-38.0,62.38],[-37.79,62.2],[-38.0,61.88],[-38.13,61.73],[-39.0,61.4],[-39.21,61.25],[-39.94,60.76],[-40.0,60.68],[-40.23,60.27],[-40.28,59.77],[-40.27,59.26],[-40.28,58.75],[-40.29,58.23],[-40.23,57.7],[-40.0,57.32],[-39.85,57.16],[-39.32,56.61],[-39.0,56.28],[-38.61,56.06],[-38.0,55.52],[-37.9,55.49],[-37.01,54.92],[-37.0,54.91],[-36.0,54.37],[-35.94,54.34],[-35.42,53.76],[-35.54,53.16],[-35.79,52.56],[-35.83,51.95],[-36.0,51.73],[-36.35,51.33],[-36.9,50.7],[-36.0,50.12],[-35.0,50.14],[-34.29,50.06],[-34.0,50.01],[-33.0,49.83],[-32.0,49.78],[-31.55,49.41],[-32.0,49.19],[-32.8,48.76],[-33.0,48.69],[-34.0,48.47],[-34.81,48.09],[-35.0,47.99],[-36.0,47.72],[-37.0,47.69],[-38.0,47.85]],[[-41.0,55.26],[-41.54,55.49],[-42.0,55.85],[-42.21,56.06],[-42.33,56.61],[-42.43,57.16],[-42.54,57.7],[-42.49,58.23],[-42.43,58.75],[-42.4,59.26],[-42.3,59.77],[-42.1,60.27],[-42.0,60.54],[-41.0,60.59],[-40.92,60.27],[-40.98,59.77],[-40.99,59.26],[-41.0,59.11],[-41.07,58.75],[-41.03,58.23],[-41.0,58.15],[-40.94,57.7],[-40.65,57.16],[-40.0,56.65],[-39.95,56.61],[-39.55,56.06],[-39.35,55.49],[-40.0,55.08],[-41.0,55.26]]],"type":"Polygon"},"properties":{ "hvalue":4.0,"color":"#6bff6b"} }, { "type":"Feature","geometry":{"coordinates":[[[49.0,-38.82],[48.41,-38.68],[48.0,-38.53],[47.0,-38.38],[46.0,-38.44],[45.66,-37.89],[45.22,-37.1],[45.13,-36.3],[45.0,-36.0],[44.27,-35.49],[44.0,-35.35],[43.7,-34.67],[44.0,-34.35],[44.67,-33.84],[45.0,-33.57],[46.0,-33.08],[46.07,-33.01],[47.0,-32.49],[47.26,-32.16],[47.45,-31.31],[47.76,-30.46],[48.0,-30.04],[48.33,-29.59],[49.0,-28.81],[50.0,-28.72],[50.08,-28.72],[51.0,-28.49],[52.0,-28.14],[53.0,-28.68],[53.64,-27.84],[53.8,-26.95],[54.0,-26.79],[54.27,-26.95],[54.97,-27.84],[55.0,-27.88],[56.0,-28.61],[57.0,-28.55],[57.16,-28.72],[58.0,-29.51],[59.0,-29.47],[59.44,-29.59],[60.0,-29.87],[60.43,-30.46],[61.0,-31.04],[61.21,-31.31],[61.48,-32.16],[61.86,-33.01],[62.0,-33.2],[62.24,-33.84],[62.71,-34.67],[63.0,-35.16],[63.2,-35.49],[63.47,-36.3],[63.0,-36.69],[62.45,-37.1],[62.0,-37.72],[61.82,-37.89],[61.0,-38.18],[60.0,-38.29],[59.0,-38.68],[59.0,-38.68],[58.0,-38.93],[57.0,-38.96],[56.0,-39.03],[55.0,-38.77],[54.54,-38.68],[54.0,-38.63],[53.82,-38.68],[53.0,-38.99],[52.0,-38.88],[51.0,-39.05],[50.0,-39.18],[49.0,-38.82]]],"type":"Polygon"},"properties":{ "hvalue":2.9,"color":"#6c99d2"} }, { "type":"Feature","geometry":{"coordinates":[[[54.0,5.48],[53.05,5.99],[53.0,6.06],[52.52,6.98],[52.0,7.97],[52.0,7.97],[51.62,8.96],[51.13,9.95],[51.92,10.93],[51.89,11.91],[52.0,12.28],[52.62,12.89],[52.37,13.86],[52.52,14.83],[53.0,15.05],[54.0,15.65],[54.1,15.8],[54.83,16.76],[55.0,16.79],[56.0,17.35],[56.36,17.71],[57.0,18.46],[57.15,18.66],[58.0,19.28],[58.53,19.61],[59.0,20.02],[59.68,20.55],[60.0,21.07],[61.0,21.18],[62.0,21.13],[62.89,21.48],[63.0,21.55],[64.0,21.8],[64.32,21.48],[65.0,21.17],[66.0,21.41],[66.59,21.48],[67.0,21.61],[67.09,21.48],[67.48,20.55],[67.69,19.61],[67.72,18.66],[67.43,17.71],[67.0,17.35],[66.39,16.76],[66.0,16.16],[65.82,15.8],[65.46,14.83],[65.0,14.19],[64.88,13.86],[64.0,12.93],[63.96,12.89],[63.02,11.91],[63.0,11.87],[62.52,10.93],[62.0,10.56],[61.68,9.95],[61.2,8.96],[61.0,8.71],[60.0,8.25],[59.0,8.07],[58.13,7.97],[58.0,7.95],[57.96,7.97],[57.0,8.4],[56.2,8.96],[56.0,9.02],[55.67,8.96],[55.0,8.48],[54.82,7.97],[55.0,7.15],[55.04,6.98],[55.18,5.99],[55.0,5.65],[54.0,5.48]],[[54.0,12.6],[53.34,12.89],[54.0,13.34],[54.34,12.89],[54.0,12.6]],[[60.0,15.38],[59.72,15.8],[60.0,16.5],[60.27,15.8],[60.0,15.38]],[[57.0,12.09],[56.55,12.89],[57.0,13.12],[57.11,12.89],[57.0,12.09]]],"type":"Polygon"},"properties":{ "hvalue":2.0,"color":"#6c99d2"} }, { "type":"Feature","geometry":{"coordinates":[[[50.0,-61.84],[49.14,-61.73],[49.0,-61.7],[48.0,-61.49],[47.04,-61.25],[47.0,-61.22],[46.26,-60.76],[46.0,-60.54],[45.62,-60.27],[45.0,-59.85],[44.86,-59.77],[44.19,-59.26],[44.01,-58.75],[44.0,-58.41],[43.99,-58.23],[44.0,-58.22],[44.33,-57.7],[44.76,-57.16],[45.0,-56.95],[45.38,-56.61],[46.0,-56.2],[46.29,-56.06],[46.02,-55.49],[46.47,-54.92],[47.0,-54.5],[47.16,-54.34],[48.0,-54.06],[48.85,-53.76],[49.0,-53.66],[50.0,-53.16],[50.0,-53.16],[51.0,-52.71],[51.34,-52.56],[52.0,-52.27],[52.73,-51.95],[53.0,-51.89],[54.0,-51.91],[54.18,-51.95],[55.0,-52.07],[56.0,-51.96],[56.09,-51.95],[57.0,-51.83],[58.0,-51.63],[59.0,-51.61],[60.0,-51.67],[61.0,-51.61],[62.0,-51.57],[63.0,-51.67],[64.0,-51.82],[65.0,-51.8],[66.0,-51.8],[67.0,-51.87],[67.36,-51.95],[68.0,-52.12],[69.0,-52.2],[70.0,-52.31],[70.9,-52.56],[71.0,-52.58],[72.0,-52.73],[73.0,-53.03],[73.06,-53.16],[74.0,-53.7],[74.51,-53.76],[75.0,-53.94],[76.0,-54.32],[76.03,-54.34],[76.24,-54.92],[76.0,-55.45],[75.98,-55.49],[75.54,-56.06],[75.52,-56.61],[75.0,-57.14],[74.98,-57.16],[74.81,-57.7],[74.24,-58.23],[74.0,-58.35],[73.28,-58.75],[73.01,-59.26],[73.0,-59.29],[72.0,-59.61],[71.58,-59.77],[71.0,-59.89],[70.0,-60.12],[69.63,-60.27],[69.0,-60.51],[68.32,-60.76],[68.0,-60.81],[67.0,-61.0],[66.0,-61.25],[65.0,-61.23],[64.0,-61.21],[63.77,-61.25],[63.0,-61.33],[62.0,-61.5],[61.0,-61.73],[60.0,-61.69],[59.0,-61.62],[58.0,-61.68],[57.0,-61.7],[56.53,-61.73],[56.0,-61.8],[55.69,-61.73],[55.0,-61.58],[54.0,-61.61],[53.39,-61.73],[53.0,-61.82],[52.0,-62.06],[51.0,-62.05],[50.0,-61.84]],[[52.0,-61.41],[51.07,-61.25],[51.0,-61.22],[50.0,-60.76],[49.99,-60.76],[49.43,-60.27],[49.04,-59.77],[49.02,-59.26],[49.39,-58.75],[49.67,-58.23],[49.68,-57.7],[50.0,-57.41],[50.3,-57.16],[51.0,-56.85],[51.57,-56.61],[52.0,-56.4],[52.96,-56.06],[53.0,-56.05],[54.0,-55.84],[55.0,-55.57],[55.29,-55.49],[56.0,-55.08],[56.41,-54.92],[57.0,-54.84],[58.0,-54.88],[58.29,-54.92],[59.0,-54.98],[59.16,-54.92],[60.0,-54.66],[61.0,-54.65],[62.0,-54.75],[63.0,-54.87],[64.0,-54.83],[64.95,-54.92],[64.68,-55.49],[65.0,-55.94],[66.0,-56.06],[66.04,-56.06],[67.0,-56.45],[67.2,-56.61],[67.21,-57.16],[67.0,-57.23],[66.38,-57.7],[66.67,-58.23],[66.0,-58.38],[65.04,-58.75],[65.0,-58.78],[64.55,-59.26],[64.0,-59.77],[64.0,-59.77],[63.45,-60.27],[63.0,-60.41],[62.0,-60.72],[61.87,-60.76],[61.0,-60.93],[60.0,-61.08],[59.0,-61.15],[58.0,-61.15],[57.34,-61.25],[57.0,-61.3],[56.0,-61.29],[55.87,-61.25],[55.0,-61.02],[54.0,-61.14],[53.56,-61.25],[53.0,-61.38],[52.0,-61.41]]],"type":"Polygon"},"properties":{ "hvalue":6.0,"color":"#ff9600"} }, { "type":"Feature","geometry":{"coordinates":[[[-152.0,-49.12],[-152.6,-48.76],[-153.0,-48.61],[-153.64,-48.09],[-154.0,-47.75],[-154.29,-47.42],[-154.59,-46.74],[-154.86,-46.05],[-155.0,-45.5],[-155.05,-45.35],[-155.17,-44.65],[-155.29,-43.93],[-155.41,-43.21],[-155.4,-42.47],[-155.38,-41.73],[-155.0,-41.14],[-154.91,-40.98],[-154.28,-40.22],[-154.0,-40.06],[-153.0,-39.51],[-152.69,-39.45],[-152.0,-39.2],[-151.02,-39.45],[-151.0,-39.45],[-150.94,-39.45],[-150.0,-38.94],[-149.0,-38.79],[-148.43,-38.68],[-149.0,-37.98],[-150.0,-38.6],[-150.61,-37.89],[-150.76,-37.1],[-150.0,-36.34],[-149.28,-36.3],[-149.0,-36.28],[-148.0,-36.21],[-147.0,-36.29],[-146.0,-36.1],[-145.46,-35.49],[-145.0,-35.08],[-144.0,-35.31],[-143.0,-35.02],[-142.0,-35.07],[-141.0,-34.77],[-140.73,-34.67],[-140.0,-33.95],[-139.0,-34.24],[-138.62,-34.67],[-139.0,-35.02],[-140.0,-35.35],[-140.07,-35.49],[-140.0,-35.52],[-139.0,-35.67],[-138.0,-35.99],[-137.52,-36.3],[-137.0,-36.5],[-136.0,-37.05],[-135.93,-37.1],[-135.0,-37.69],[-134.69,-37.89],[-134.0,-38.44],[-133.64,-38.68],[-133.32,-39.45],[-133.0,-40.15],[-132.96,-40.22],[-132.89,-40.98],[-133.0,-41.3],[-133.33,-41.73],[-134.0,-42.0],[-135.0,-42.0],[-136.0,-41.77],[-136.21,-41.73],[-137.0,-41.54],[-138.0,-41.33],[-139.0,-41.23],[-140.0,-41.66],[-140.07,-41.73],[-140.52,-42.47],[-140.93,-43.21],[-141.0,-43.26],[-142.0,-43.79],[-142.42,-43.93],[-143.0,-44.15],[-144.0,-44.52],[-144.39,-44.65],[-145.0,-44.98],[-145.81,-45.35],[-146.0,-45.44],[-147.0,-45.84],[-147.4,-46.05],[-148.0,-46.43],[-148.44,-46.74],[-149.0,-47.36],[-149.05,-47.42],[-149.69,-48.09],[-150.0,-48.7],[-150.1,-48.76],[-151.0,-49.35],[-152.0,-49.12]],[[-148.0,-42.59],[-148.18,-42.47],[-148.0,-42.24],[-147.69,-41.73],[-147.0,-41.19],[-146.81,-40.98],[-146.0,-40.46],[-145.0,-40.47],[-144.0,-40.72],[-143.22,-40.98],[-143.0,-41.11],[-142.61,-41.73],[-142.35,-42.47],[-143.0,-42.76],[-144.0,-42.83],[-145.0,-42.91],[-146.0,-42.92],[-147.0,-42.75],[-148.0,-42.59]],[[-152.0,-45.24],[-152.29,-44.65],[-152.0,-44.36],[-151.26,-43.93],[-151.0,-43.58],[-150.75,-43.93],[-150.77,-44.65],[-151.0,-44.9],[-152.0,-45.24]],[[-148.0,-37.51],[-148.15,-37.1],[-148.0,-36.81],[-147.9,-37.1],[-148.0,-37.51]],[[-150.0,-43.35],[-150.4,-43.21],[-150.0,-43.09],[-149.77,-43.21],[-150.0,-43.35]]],"type":"Polygon"},"properties":{ "hvalue":5.0,"color":"#fee600"} }, { "type":"Feature","geometry":{"coordinates":[[[-40.0,-55.71],[-40.4,-55.49],[-40.65,-54.92],[-41.0,-54.6],[-41.32,-54.34],[-41.78,-53.76],[-42.0,-53.5],[-42.51,-53.16],[-42.99,-52.56],[-43.0,-52.54],[-43.19,-51.95],[-43.8,-51.33],[-44.0,-50.96],[-44.15,-50.7],[-44.32,-50.06],[-44.51,-49.41],[-44.71,-48.76],[-44.6,-48.09],[-44.43,-47.42],[-44.32,-46.74],[-44.11,-46.05],[-44.0,-45.72],[-43.82,-45.35],[-43.6,-44.65],[-43.0,-44.23],[-42.66,-43.93],[-42.0,-43.59],[-41.21,-43.21],[-41.0,-43.13],[-40.0,-42.87],[-39.0,-42.49],[-38.87,-42.47],[-38.0,-42.3],[-37.03,-41.73],[-37.0,-41.72],[-36.0,-41.52],[-35.0,-41.39],[-34.0,-41.21],[-33.0,-41.19],[-32.0,-41.17],[-31.0,-41.05],[-30.66,-40.98],[-30.0,-40.71],[-29.0,-40.5],[-28.06,-40.22],[-28.0,-40.2],[-27.0,-40.21],[-26.95,-40.22],[-26.0,-40.53],[-25.0,-40.77],[-24.29,-40.98],[-24.0,-41.04],[-23.0,-41.34],[-22.0,-41.71],[-21.94,-41.73],[-21.0,-42.37],[-20.82,-42.47],[-20.0,-42.75],[-19.0,-43.18],[-18.88,-43.21],[-18.13,-43.93],[-18.0,-44.09],[-17.8,-44.65],[-17.76,-45.35],[-17.3,-46.05],[-17.0,-46.34],[-16.7,-46.74],[-16.47,-47.42],[-16.0,-48.03],[-15.92,-48.09],[-15.67,-48.76],[-15.04,-49.41],[-15.0,-49.5],[-14.75,-50.06],[-15.0,-50.46],[-16.0,-50.31],[-16.55,-50.06],[-17.0,-49.42],[-17.02,-49.41],[-17.0,-49.4],[-16.7,-48.76],[-17.0,-48.57],[-18.0,-48.1],[-18.07,-48.09],[-18.96,-47.42],[-19.0,-47.39],[-19.95,-46.74],[-20.0,-46.69],[-20.62,-46.05],[-21.0,-45.77],[-22.0,-45.35],[-22.0,-45.35],[-23.0,-45.24],[-23.22,-45.35],[-23.0,-45.95],[-22.98,-46.05],[-22.53,-46.74],[-22.1,-47.42],[-22.0,-47.48],[-21.13,-48.09],[-21.0,-48.43],[-20.8,-48.76],[-20.38,-49.41],[-20.18,-50.06],[-20.18,-50.7],[-20.5,-51.33],[-21.0,-51.69],[-21.73,-51.95],[-22.0,-51.99],[-23.0,-52.1],[-24.0,-52.23],[-25.0,-52.26],[-26.0,-52.3],[-27.0,-52.34],[-28.0,-52.32],[-29.0,-52.35],[-30.0,-52.5],[-30.48,-52.56],[-31.0,-52.64],[-32.0,-52.76],[-33.0,-52.95],[-34.0,-53.0],[-35.0,-52.99],[-35.63,-53.16],[-36.0,-53.25],[-37.0,-53.41],[-37.91,-53.76],[-37.92,-54.34],[-37.0,-54.91],[-36.95,-54.92],[-36.54,-55.49],[-37.0,-55.58],[-38.0,-55.95],[-39.0,-56.0],[-40.0,-55.71]],[[-38.0,-52.62],[-38.13,-52.56],[-38.73,-51.95],[-38.83,-51.33],[-38.99,-50.7],[-39.0,-50.64],[-39.14,-50.06],[-39.21,-49.41],[-39.76,-48.76],[-39.0,-48.2],[-38.92,-48.09],[-38.49,-47.42],[-38.4,-46.74],[-38.16,-46.05],[-38.0,-45.97],[-37.0,-45.74],[-36.52,-46.05],[-36.0,-46.44],[-35.0,-46.16],[-34.7,-46.05],[-34.0,-45.8],[-33.0,-45.78],[-32.23,-46.05],[-32.36,-46.74],[-32.8,-47.42],[-32.0,-47.8],[-31.0,-47.92],[-30.0,-47.92],[-29.69,-48.09],[-29.0,-48.41],[-28.05,-48.76],[-28.0,-48.8],[-27.03,-49.41],[-27.44,-50.06],[-27.0,-50.38],[-26.72,-50.7],[-27.0,-50.81],[-28.0,-50.83],[-29.0,-50.95],[-30.0,-51.01],[-31.0,-50.97],[-32.0,-50.94],[-32.42,-51.33],[-33.0,-51.58],[-33.97,-51.95],[-34.0,-51.96],[-34.09,-51.95],[-35.0,-51.59],[-36.0,-51.9],[-36.11,-51.95],[-36.89,-52.56],[-37.0,-52.62],[-38.0,-52.62]]],"type":"Polygon"},"properties":{ "hvalue":6.0,"color":"#ff9600"} }, { "type":"Feature","geometry":{"coordinates":[[[85.0,-48.95],[84.85,-48.76],[84.0,-48.48],[83.0,-48.31],[82.57,-48.09],[82.0,-47.86],[81.0,-47.51],[80.77,-47.42],[80.0,-47.14],[79.65,-46.74],[80.0,-46.37],[80.58,-46.05],[80.0,-45.86],[79.0,-45.66],[78.0,-45.44],[77.0,-45.44],[76.0,-45.64],[75.0,-45.73],[74.0,-45.58],[73.0,-45.59],[72.68,-45.35],[73.0,-45.15],[73.74,-44.65],[73.12,-43.93],[73.0,-43.82],[72.87,-43.93],[72.0,-44.23],[71.71,-44.65],[71.0,-45.23],[70.79,-45.35],[70.0,-45.61],[69.0,-45.66],[68.28,-45.35],[69.0,-44.99],[69.78,-44.65],[70.0,-44.43],[70.55,-43.93],[71.0,-43.53],[71.33,-43.21],[72.0,-42.63],[73.0,-42.83],[74.0,-43.03],[74.9,-42.47],[75.0,-42.18],[75.16,-41.73],[75.76,-40.98],[76.0,-40.85],[76.65,-40.98],[77.0,-41.03],[77.13,-40.98],[78.0,-40.67],[79.0,-40.38],[79.32,-40.22],[80.0,-39.93],[81.0,-39.93],[81.57,-39.45],[81.64,-38.68],[82.0,-38.4],[82.53,-37.89],[83.0,-37.19],[83.05,-37.1],[83.25,-36.3],[83.91,-35.49],[84.0,-35.34],[84.46,-34.67],[84.65,-33.84],[85.0,-33.07],[85.05,-33.01],[85.95,-32.16],[85.98,-31.31],[86.0,-31.29],[86.87,-30.46],[87.0,-30.4],[87.1,-30.46],[88.0,-30.98],[89.0,-30.62],[90.0,-30.52],[91.0,-30.66],[91.27,-30.46],[92.0,-30.07],[92.83,-29.59],[93.0,-29.47],[94.0,-29.4],[95.0,-29.45],[95.31,-29.59],[96.0,-29.93],[97.0,-30.43],[97.04,-30.46],[98.0,-30.97],[98.95,-31.31],[99.0,-31.33],[100.0,-32.01],[100.2,-32.16],[100.27,-33.01],[100.52,-33.84],[100.0,-34.29],[99.53,-34.67],[99.0,-35.11],[98.67,-35.49],[98.0,-36.0],[97.71,-36.3],[97.17,-37.1],[97.0,-37.25],[96.0,-37.69],[95.65,-37.89],[95.08,-38.68],[95.0,-38.73],[94.35,-39.45],[94.0,-39.57],[93.0,-40.02],[92.47,-40.22],[92.06,-40.98],[92.0,-41.51],[91.96,-41.73],[91.0,-42.28],[90.79,-42.47],[90.0,-43.03],[89.58,-43.21],[89.0,-43.7],[88.64,-43.93],[89.0,-43.98],[89.84,-43.93],[90.0,-43.85],[90.23,-43.93],[91.0,-44.02],[92.0,-44.02],[92.28,-44.65],[92.0,-45.14],[91.38,-45.35],[91.0,-45.44],[90.0,-45.92],[89.2,-46.05],[89.87,-46.74],[89.02,-47.42],[89.0,-47.43],[88.0,-47.94],[87.8,-48.09],[87.0,-48.47],[86.0,-48.59],[85.18,-48.76],[85.0,-48.95]],[[82.0,-46.08],[81.86,-46.05],[82.0,-46.03],[82.08,-46.05],[82.0,-46.08]]],"type":"Polygon"},"properties":{ "hvalue":6.0,"color":"#ff9600"} }, { "type":"Feature","geometry":{"coordinates":[[[128.0,-61.4],[127.6,-61.25],[127.76,-60.76],[127.0,-60.52],[126.18,-60.27],[126.0,-60.16],[125.36,-59.77],[125.0,-59.43],[124.83,-59.26],[125.0,-58.85],[125.06,-58.75],[125.28,-58.23],[125.0,-57.9],[124.72,-57.7],[124.0,-57.46],[123.3,-57.16],[123.27,-56.61],[123.47,-56.06],[123.43,-55.49],[123.6,-54.92],[123.64,-54.34],[123.27,-53.76],[123.99,-53.16],[124.0,-53.08],[124.1,-52.56],[125.0,-52.1],[126.0,-52.17],[127.0,-52.35],[128.0,-52.44],[128.64,-52.56],[129.0,-52.62],[130.0,-52.96],[131.0,-53.13],[131.1,-53.16],[132.0,-53.7],[132.12,-53.76],[133.0,-53.99],[134.0,-54.22],[135.0,-54.29],[136.0,-54.26],[137.0,-53.8],[137.03,-53.76],[138.0,-53.38],[138.96,-53.16],[138.0,-52.6],[137.96,-52.56],[137.0,-52.25],[136.0,-52.02],[135.0,-52.04],[134.0,-51.97],[133.94,-51.95],[133.0,-51.66],[132.0,-51.46],[131.0,-51.35],[130.91,-51.33],[131.0,-51.28],[131.57,-50.7],[132.0,-50.51],[133.0,-50.5],[134.0,-50.62],[135.0,-50.62],[136.0,-50.66],[137.0,-50.59],[138.0,-50.49],[139.0,-50.38],[140.0,-50.24],[140.29,-50.06],[141.0,-49.85],[142.0,-49.78],[143.0,-49.71],[144.0,-49.73],[145.0,-49.72],[146.0,-49.73],[147.0,-49.62],[148.0,-49.44],[148.11,-49.41],[149.0,-48.94],[149.21,-48.76],[149.0,-48.53],[148.43,-48.09],[149.0,-47.9],[150.0,-47.48],[150.19,-47.42],[151.0,-46.89],[152.0,-46.98],[153.0,-47.24],[154.0,-47.37],[155.0,-47.07],[156.0,-47.21],[156.34,-47.42],[157.0,-47.96],[157.25,-48.09],[158.0,-48.33],[159.0,-48.66],[159.24,-48.76],[159.65,-49.41],[160.0,-49.56],[160.81,-50.06],[161.0,-50.27],[161.63,-50.7],[161.87,-51.33],[162.0,-51.85],[162.05,-51.95],[163.0,-52.42],[163.86,-52.56],[164.0,-52.6],[165.0,-52.65],[166.0,-52.9],[166.42,-53.16],[166.65,-53.76],[166.74,-54.34],[166.19,-54.92],[166.0,-55.19],[165.0,-55.4],[164.0,-55.39],[163.85,-55.49],[164.0,-55.69],[164.15,-56.06],[164.11,-56.61],[164.5,-57.16],[164.0,-57.43],[163.19,-57.7],[163.0,-57.74],[162.0,-58.16],[161.89,-58.23],[162.0,-58.72],[162.01,-58.75],[162.0,-58.75],[161.0,-59.09],[160.34,-59.26],[160.0,-59.33],[159.0,-59.34],[158.0,-59.58],[157.0,-59.68],[156.25,-59.77],[156.0,-59.8],[155.0,-59.78],[154.87,-59.77],[154.0,-59.66],[153.64,-59.77],[153.0,-60.07],[152.0,-60.04],[151.0,-60.22],[150.76,-60.27],[150.0,-60.34],[149.0,-60.5],[148.0,-60.65],[147.01,-60.76],[147.0,-60.76],[146.0,-61.01],[145.0,-61.2],[144.78,-61.25],[144.0,-61.45],[143.0,-61.53],[142.0,-61.44],[141.32,-61.25],[141.0,-61.13],[140.0,-60.77],[139.96,-60.76],[139.0,-60.32],[138.63,-60.27],[138.0,-60.21],[137.0,-60.25],[136.0,-60.18],[135.27,-60.27],[135.0,-60.31],[134.0,-60.6],[133.29,-60.76],[133.0,-60.88],[132.15,-61.25],[132.0,-61.27],[131.0,-61.42],[130.0,-61.61],[129.0,-61.62],[128.0,-61.4]],[[144.0,-60.29],[143.65,-60.27],[143.0,-60.22],[142.0,-59.9],[141.71,-59.77],[141.0,-59.34],[140.81,-59.26],[140.5,-58.75],[141.0,-58.28],[141.08,-58.23],[141.0,-57.9],[140.81,-57.7],[140.0,-57.35],[139.73,-57.16],[140.0,-56.94],[140.56,-56.61],[141.0,-56.5],[142.0,-56.35],[143.0,-56.4],[144.0,-56.55],[144.31,-56.61],[145.0,-56.91],[146.0,-57.09],[146.24,-57.16],[147.0,-57.63],[147.13,-57.7],[147.67,-58.23],[147.7,-58.75],[147.5,-59.26],[147.0,-59.55],[146.72,-59.77],[146.0,-60.05],[145.0,-60.22],[144.24,-60.27],[144.0,-60.29]],[[149.0,-55.61],[148.79,-55.49],[149.0,-55.29],[149.8,-54.92],[150.0,-54.85],[151.0,-54.79],[151.26,-54.92],[151.41,-55.49],[151.0,-55.89],[150.0,-55.74],[149.0,-55.61]],[[161.0,-54.36],[160.92,-54.34],[161.0,-54.29],[162.0,-54.06],[162.82,-54.34],[162.0,-54.45],[161.0,-54.36]],[[155.0,-55.82],[154.15,-55.49],[155.0,-55.27],[155.33,-55.49],[155.0,-55.82]],[[152.0,-56.63],[151.98,-56.61],[152.0,-56.58],[152.06,-56.61],[152.0,-56.63]]],"type":"Polygon"},"properties":{ "hvalue":6.0,"color":"#ff9600"} }, { "type":"Feature","geometry":{"coordinates":[[[-39.0,45.28],[-39.44,45.35],[-40.0,45.51],[-41.0,46.03],[-41.02,46.05],[-41.57,46.74],[-42.0,46.76],[-43.0,46.99],[-44.0,47.32],[-44.25,47.42],[-45.0,47.88],[-45.23,48.09],[-45.71,48.76],[-46.0,48.94],[-46.55,49.41],[-47.0,49.75],[-47.33,50.06],[-47.91,50.7],[-48.0,50.87],[-48.18,51.33],[-48.62,51.95],[-49.0,52.3],[-49.19,52.56],[-49.97,53.16],[-50.0,53.19],[-50.78,53.76],[-51.0,53.97],[-51.48,54.34],[-52.0,54.81],[-52.09,54.92],[-52.95,55.49],[-53.0,55.54],[-53.87,56.06],[-54.0,56.13],[-55.0,56.42],[-55.21,56.61],[-56.0,57.05],[-56.11,57.16],[-56.86,57.7],[-57.0,57.78],[-57.4,58.23],[-57.89,58.75],[-58.0,58.95],[-58.11,59.26],[-58.16,59.77],[-58.2,60.27],[-58.0,60.53],[-57.85,60.76],[-57.68,61.25],[-57.42,61.73],[-57.0,62.05],[-56.0,62.19],[-55.11,61.73],[-55.0,61.7],[-54.0,61.33],[-53.7,61.25],[-53.0,61.08],[-52.0,60.88],[-51.65,60.76],[-51.0,60.42],[-50.76,60.27],[-50.32,59.77],[-50.05,59.26],[-50.0,59.13],[-49.83,58.75],[-49.32,58.23],[-49.0,57.95],[-48.52,57.7],[-48.0,57.45],[-47.0,57.41],[-46.33,57.7],[-46.0,57.9],[-45.72,58.23],[-45.0,58.74],[-44.99,58.75],[-44.23,59.26],[-44.0,59.32],[-43.36,59.77],[-43.0,60.06],[-42.81,60.27],[-42.37,60.76],[-42.24,61.25],[-42.0,61.72],[-41.99,61.73],[-41.5,62.2],[-41.0,62.63],[-40.95,62.66],[-40.0,63.02],[-39.29,63.11],[-39.0,63.15],[-38.0,63.25],[-37.0,63.35],[-36.0,63.39],[-35.0,63.3],[-34.14,63.11],[-34.67,62.66],[-35.0,62.48],[-35.36,62.2],[-36.0,61.88],[-36.25,61.73],[-37.0,61.45],[-37.61,61.25],[-38.0,61.09],[-38.84,60.76],[-39.0,60.6],[-39.19,60.27],[-39.2,59.77],[-39.17,59.26],[-39.06,58.75],[-39.0,58.47],[-38.89,58.23],[-38.49,57.7],[-38.0,57.26],[-37.88,57.16],[-37.0,56.81],[-36.76,56.61],[-36.18,56.06],[-36.0,55.98],[-35.05,55.49],[-35.0,55.47],[-34.0,55.41],[-33.82,55.49],[-33.6,56.06],[-33.39,56.61],[-33.14,57.16],[-33.0,57.37],[-32.85,57.7],[-32.58,58.23],[-32.18,58.75],[-32.0,58.93],[-31.73,59.26],[-31.0,59.75],[-30.96,59.77],[-30.0,60.24],[-29.83,60.27],[-29.0,60.4],[-28.23,60.27],[-28.0,60.22],[-27.0,59.91],[-26.65,59.77],[-26.2,59.26],[-26.0,59.14],[-25.07,58.75],[-25.0,58.64],[-24.66,58.23],[-24.0,57.96],[-23.75,57.7],[-23.97,57.16],[-23.28,56.61],[-23.0,56.51],[-22.53,56.06],[-22.27,55.49],[-22.61,54.92],[-22.78,54.34],[-22.9,53.76],[-23.0,53.64],[-23.53,53.16],[-24.0,52.83],[-24.23,52.56],[-24.52,51.95],[-24.84,51.33],[-25.0,51.07],[-25.43,50.7],[-26.0,50.15],[-26.06,50.06],[-26.62,49.41],[-27.0,49.12],[-27.45,48.76],[-28.0,48.39],[-28.58,48.09],[-29.0,47.76],[-30.0,47.87],[-31.0,47.44],[-31.04,47.42],[-32.0,47.11],[-32.49,46.74],[-33.0,46.5],[-34.0,46.14],[-34.23,46.05],[-35.0,45.73],[-36.0,45.75],[-37.0,45.66],[-38.0,45.42],[-38.49,45.35],[-39.0,45.28]],[[-38.0,47.85],[-38.52,48.09],[-39.0,48.32],[-39.57,48.76],[-40.0,49.0],[-41.0,49.22],[-41.91,48.76],[-42.0,48.73],[-42.07,48.76],[-42.91,49.41],[-43.0,49.42],[-44.0,49.83],[-44.63,50.06],[-45.0,50.29],[-45.31,50.7],[-46.0,51.33],[-46.0,51.33],[-46.28,51.95],[-46.5,52.56],[-46.51,53.16],[-46.27,53.76],[-46.0,54.3],[-45.95,54.34],[-45.0,54.55],[-44.11,54.92],[-44.19,55.49],[-44.36,56.06],[-44.16,56.61],[-44.0,57.08],[-43.98,57.16],[-43.89,57.7],[-43.67,58.23],[-43.52,58.75],[-43.24,59.26],[-43.0,59.51],[-42.85,59.77],[-42.46,60.27],[-42.16,60.76],[-42.0,61.22],[-41.93,61.25],[-41.09,61.73],[-41.0,61.82],[-40.26,62.2],[-40.0,62.33],[-39.0,62.43],[-38.0,62.38],[-37.79,62.2],[-38.0,61.88],[-38.13,61.73],[-39.0,61.4],[-39.21,61.25],[-39.94,60.76],[-40.0,60.68],[-40.23,60.27],[-40.28,59.77],[-40.27,59.26],[-40.28,58.75],[-40.29,58.23],[-40.23,57.7],[-40.0,57.32],[-39.85,57.16],[-39.32,56.61],[-39.0,56.28],[-38.61,56.06],[-38.0,55.52],[-37.9,55.49],[-37.01,54.92],[-37.0,54.91],[-36.0,54.37],[-35.94,54.34],[-35.42,53.76],[-35.54,53.16],[-35.79,52.56],[-35.83,51.95],[-36.0,51.73],[-36.35,51.33],[-36.9,50.7],[-36.0,50.12],[-35.0,50.14],[-34.29,50.06],[-34.0,50.01],[-33.0,49.83],[-32.0,49.78],[-31.55,49.41],[-32.0,49.19],[-32.8,48.76],[-33.0,48.69],[-34.0,48.47],[-34.81,48.09],[-35.0,47.99],[-36.0,47.72],[-37.0,47.69],[-38.0,47.85]],[[-30.0,52.42],[-30.1,52.56],[-30.0,53.16],[-30.4,53.76],[-30.28,54.34],[-30.06,54.92],[-30.0,55.22],[-29.88,55.49],[-29.73,56.06],[-29.95,56.61],[-29.0,57.16],[-28.17,56.61],[-28.0,56.41],[-27.67,56.06],[-27.0,55.54],[-26.95,55.49],[-26.95,54.92],[-26.53,54.34],[-26.33,53.76],[-26.79,53.16],[-27.0,52.92],[-27.79,52.56],[-28.0,52.44],[-29.0,52.07],[-30.0,52.42]],[[-54.0,59.15],[-54.42,59.26],[-55.0,59.47],[-55.79,59.77],[-56.0,59.92],[-56.13,60.27],[-56.0,60.58],[-55.54,60.76],[-55.0,60.81],[-54.85,60.76],[-54.0,60.48],[-53.27,60.27],[-53.0,60.16],[-52.56,59.77],[-52.74,59.26],[-53.0,59.17],[-54.0,59.15]],[[-31.0,49.8],[-31.53,50.06],[-31.0,50.39],[-30.72,50.06],[-31.0,49.8]]],"type":"Polygon"},"properties":{ "hvalue":3.0,"color":"#34cc99"} }, { "type":"Feature","geometry":{"coordinates":[[[-143.0,7.65],[-143.89,7.97],[-144.0,8.02],[-145.0,8.39],[-145.97,8.96],[-145.98,9.95],[-146.0,9.99],[-146.42,10.93],[-147.0,11.46],[-148.0,11.84],[-148.57,11.91],[-149.0,11.98],[-149.53,12.89],[-150.0,13.73],[-150.08,13.86],[-151.0,14.76],[-151.1,14.83],[-151.86,15.8],[-151.42,16.76],[-151.89,17.71],[-152.0,17.97],[-152.38,18.66],[-152.49,19.61],[-152.48,20.55],[-152.0,21.27],[-151.52,21.48],[-151.0,21.97],[-150.68,22.41],[-150.46,23.33],[-150.03,24.24],[-150.0,24.25],[-149.0,24.6],[-148.0,24.74],[-147.22,25.15],[-147.0,25.35],[-146.09,26.05],[-146.0,26.13],[-145.0,26.52],[-144.0,26.59],[-143.0,26.69],[-142.0,26.64],[-141.0,26.58],[-140.0,26.43],[-139.0,26.23],[-138.67,26.05],[-138.0,25.92],[-137.0,25.81],[-136.0,25.71],[-135.0,25.81],[-134.0,25.69],[-133.0,25.4],[-132.37,25.15],[-132.0,24.83],[-131.04,25.15],[-131.0,25.16],[-130.96,25.15],[-130.16,24.24],[-130.0,23.78],[-129.67,23.33],[-129.36,22.41],[-129.0,22.27],[-128.0,22.08],[-127.0,21.49],[-126.0,21.93],[-125.0,22.4],[-124.99,22.41],[-124.29,23.33],[-124.0,23.6],[-123.0,23.77],[-122.0,23.71],[-121.36,23.33],[-121.0,22.94],[-120.0,22.51],[-119.0,22.52],[-118.89,22.41],[-118.05,21.48],[-118.0,21.42],[-117.49,20.55],[-117.19,19.61],[-117.11,18.66],[-117.0,18.03],[-116.92,17.71],[-117.0,17.56],[-117.36,16.76],[-117.23,15.8],[-118.0,14.91],[-119.0,15.28],[-119.47,15.8],[-120.0,16.39],[-120.42,16.76],[-120.85,17.71],[-121.0,17.95],[-122.0,18.56],[-123.0,18.43],[-124.0,17.97],[-125.0,18.29],[-125.45,18.66],[-126.0,19.36],[-127.0,19.41],[-127.41,18.66],[-128.0,18.28],[-129.0,18.21],[-130.0,18.26],[-130.78,17.71],[-130.82,16.76],[-131.0,16.33],[-131.28,15.8],[-132.0,15.6],[-133.0,15.52],[-134.0,14.98],[-134.18,14.83],[-135.0,14.25],[-135.37,13.86],[-135.41,12.89],[-135.0,12.02],[-134.96,11.91],[-134.56,10.93],[-135.0,9.97],[-135.05,9.95],[-136.0,9.56],[-136.44,8.96],[-137.0,8.27],[-137.23,7.97],[-138.0,7.34],[-139.0,7.47],[-140.0,7.9],[-141.0,7.62],[-142.0,7.47],[-143.0,7.65]],[[-144.0,12.41],[-144.61,12.89],[-145.0,13.16],[-146.0,13.67],[-146.27,13.86],[-146.45,14.83],[-147.0,15.76],[-147.04,15.8],[-147.24,16.76],[-147.14,17.71],[-147.14,18.66],[-147.0,18.93],[-146.64,19.61],[-146.0,20.3],[-145.71,20.55],[-145.13,21.48],[-145.0,21.58],[-144.0,21.68],[-143.12,21.48],[-143.0,21.44],[-142.0,21.11],[-141.0,20.75],[-140.46,20.55],[-140.0,20.51],[-139.0,19.81],[-138.48,19.61],[-138.0,19.3],[-137.82,18.66],[-137.64,17.71],[-138.0,16.98],[-138.17,16.76],[-139.0,16.19],[-139.33,15.8],[-139.91,14.83],[-140.0,14.59],[-140.22,13.86],[-140.79,12.89],[-141.0,12.45],[-142.0,11.95],[-143.0,11.97],[-144.0,12.41]]],"type":"Polygon"},"properties":{ "hvalue":2.0,"color":"#6c99d2"} }, { "type":"Feature","geometry":{"coordinates":[[[-145.0,-52.97],[-145.53,-52.56],[-146.0,-52.02],[-146.14,-51.95],[-147.0,-51.6],[-147.2,-51.33],[-147.48,-50.7],[-147.14,-50.06],[-147.0,-49.91],[-146.68,-49.41],[-146.46,-48.76],[-146.0,-48.25],[-145.85,-48.09],[-146.0,-47.94],[-146.58,-48.09],[-147.0,-48.2],[-147.9,-48.76],[-148.0,-48.84],[-148.33,-49.41],[-149.0,-49.92],[-149.21,-50.06],[-150.0,-50.45],[-150.92,-50.7],[-151.0,-50.73],[-152.0,-51.07],[-153.0,-50.75],[-153.12,-50.7],[-154.0,-50.4],[-154.48,-50.06],[-154.94,-49.41],[-155.0,-49.3],[-155.44,-48.76],[-156.0,-48.14],[-156.1,-48.09],[-157.0,-47.6],[-157.2,-47.42],[-157.56,-46.74],[-157.9,-46.05],[-158.0,-45.9],[-158.52,-45.35],[-159.0,-44.82],[-159.13,-44.65],[-159.43,-43.93],[-159.39,-43.21],[-159.66,-42.47],[-159.81,-41.73],[-159.8,-40.98],[-159.71,-40.22],[-159.78,-39.45],[-159.78,-38.68],[-159.51,-37.89],[-159.45,-37.1],[-159.38,-36.3],[-159.0,-35.61],[-158.94,-35.49],[-158.62,-34.67],[-158.0,-34.29],[-157.0,-33.86],[-156.98,-33.84],[-156.15,-33.01],[-156.0,-32.83],[-155.43,-32.16],[-155.42,-31.31],[-155.05,-30.46],[-155.0,-30.4],[-154.0,-30.05],[-153.0,-30.4],[-152.05,-29.59],[-152.0,-29.57],[-151.85,-29.59],[-151.0,-29.75],[-150.64,-29.59],[-150.0,-29.38],[-149.0,-29.15],[-148.0,-29.13],[-147.0,-28.8],[-146.0,-29.05],[-145.0,-29.2],[-144.1,-29.59],[-144.0,-29.64],[-143.42,-29.59],[-143.0,-29.55],[-142.0,-29.36],[-141.65,-29.59],[-141.0,-29.96],[-140.0,-30.22],[-139.55,-30.46],[-139.0,-30.78],[-138.0,-31.22],[-137.66,-31.31],[-137.0,-31.91],[-136.84,-32.16],[-136.0,-32.49],[-135.0,-32.76],[-134.39,-33.01],[-134.0,-33.35],[-133.19,-33.84],[-133.0,-33.88],[-132.0,-34.37],[-131.67,-34.67],[-131.0,-35.15],[-130.65,-35.49],[-130.15,-36.3],[-130.15,-37.1],[-130.0,-37.25],[-129.47,-37.89],[-129.45,-38.68],[-129.38,-39.45],[-129.24,-40.22],[-129.03,-40.98],[-129.0,-41.1],[-128.8,-41.73],[-128.39,-42.47],[-128.0,-43.06],[-127.87,-43.21],[-127.75,-43.93],[-127.55,-44.65],[-127.46,-45.35],[-127.47,-46.05],[-127.9,-46.74],[-127.87,-47.42],[-128.0,-47.61],[-128.35,-48.09],[-129.0,-48.65],[-129.11,-48.76],[-130.0,-49.28],[-130.66,-49.41],[-131.0,-49.45],[-132.0,-49.49],[-133.0,-49.48],[-134.0,-49.58],[-134.53,-49.41],[-134.23,-48.76],[-134.0,-48.6],[-133.35,-48.09],[-133.0,-47.61],[-132.73,-47.42],[-132.67,-46.74],[-132.9,-46.05],[-132.54,-45.35],[-132.34,-44.65],[-133.0,-44.02],[-133.1,-43.93],[-134.0,-43.58],[-134.67,-43.21],[-135.0,-43.14],[-136.0,-42.97],[-137.0,-42.88],[-138.0,-42.85],[-139.0,-43.02],[-139.23,-43.21],[-140.0,-43.9],[-140.03,-43.93],[-140.26,-44.65],[-140.32,-45.35],[-141.0,-46.04],[-141.01,-46.05],[-141.55,-46.74],[-141.71,-47.42],[-142.0,-47.69],[-142.42,-48.09],[-142.75,-48.76],[-142.93,-49.41],[-142.95,-50.06],[-142.88,-50.7],[-142.83,-51.33],[-143.0,-51.5],[-143.4,-51.95],[-144.0,-52.49],[-144.16,-52.56],[-145.0,-52.97]],[[-152.0,-49.12],[-152.6,-48.76],[-153.0,-48.61],[-153.64,-48.09],[-154.0,-47.75],[-154.29,-47.42],[-154.59,-46.74],[-154.86,-46.05],[-155.0,-45.5],[-155.05,-45.35],[-155.17,-44.65],[-155.29,-43.93],[-155.41,-43.21],[-155.4,-42.47],[-155.38,-41.73],[-155.0,-41.14],[-154.91,-40.98],[-154.28,-40.22],[-154.0,-40.06],[-153.0,-39.51],[-152.69,-39.45],[-152.0,-39.2],[-151.02,-39.45],[-151.0,-39.45],[-150.94,-39.45],[-150.0,-38.94],[-149.0,-38.79],[-148.43,-38.68],[-149.0,-37.98],[-150.0,-38.6],[-150.61,-37.89],[-150.76,-37.1],[-150.0,-36.34],[-149.28,-36.3],[-149.0,-36.28],[-148.0,-36.21],[-147.0,-36.29],[-146.0,-36.1],[-145.46,-35.49],[-145.0,-35.08],[-144.0,-35.31],[-143.0,-35.02],[-142.0,-35.07],[-141.0,-34.77],[-140.73,-34.67],[-140.0,-33.95],[-139.0,-34.24],[-138.62,-34.67],[-139.0,-35.02],[-140.0,-35.35],[-140.07,-35.49],[-140.0,-35.52],[-139.0,-35.67],[-138.0,-35.99],[-137.52,-36.3],[-137.0,-36.5],[-136.0,-37.05],[-135.93,-37.1],[-135.0,-37.69],[-134.69,-37.89],[-134.0,-38.44],[-133.64,-38.68],[-133.32,-39.45],[-133.0,-40.15],[-132.96,-40.22],[-132.89,-40.98],[-133.0,-41.3],[-133.33,-41.73],[-134.0,-42.0],[-135.0,-42.0],[-136.0,-41.77],[-136.21,-41.73],[-137.0,-41.54],[-138.0,-41.33],[-139.0,-41.23],[-140.0,-41.66],[-140.07,-41.73],[-140.52,-42.47],[-140.93,-43.21],[-141.0,-43.26],[-142.0,-43.79],[-142.42,-43.93],[-143.0,-44.15],[-144.0,-44.52],[-144.39,-44.65],[-145.0,-44.98],[-145.81,-45.35],[-146.0,-45.44],[-147.0,-45.84],[-147.4,-46.05],[-148.0,-46.43],[-148.44,-46.74],[-149.0,-47.36],[-149.05,-47.42],[-149.69,-48.09],[-150.0,-48.7],[-150.1,-48.76],[-151.0,-49.35],[-152.0,-49.12]]],"type":"Polygon"},"properties":{ "hvalue":4.0,"color":"#6bff6b"} }, { "type":"Feature","geometry":{"coordinates":[[[-40.0,-56.74],[-40.42,-56.61],[-41.0,-56.18],[-41.1,-56.06],[-42.0,-55.57],[-42.33,-55.49],[-42.88,-54.92],[-43.0,-54.82],[-43.46,-54.34],[-44.0,-53.92],[-44.34,-53.76],[-45.0,-53.33],[-45.19,-53.16],[-45.55,-52.56],[-45.54,-51.95],[-46.0,-51.53],[-46.33,-51.33],[-47.0,-50.71],[-47.01,-50.7],[-47.29,-50.06],[-47.35,-49.41],[-47.0,-48.77],[-46.99,-48.76],[-46.45,-48.09],[-47.0,-47.54],[-48.0,-47.67],[-48.35,-47.42],[-48.51,-46.74],[-48.34,-46.05],[-48.04,-45.35],[-48.0,-45.28],[-47.63,-44.65],[-47.34,-43.93],[-47.0,-43.55],[-46.18,-43.21],[-46.0,-43.16],[-45.0,-42.68],[-44.73,-42.47],[-44.0,-41.74],[-43.93,-41.73],[-43.0,-41.6],[-42.0,-41.71],[-41.0,-41.23],[-40.57,-40.98],[-40.0,-40.56],[-39.61,-40.22],[-39.0,-39.67],[-38.0,-39.63],[-37.51,-39.45],[-37.0,-39.24],[-36.0,-39.14],[-35.0,-39.11],[-34.0,-38.82],[-33.0,-38.84],[-32.48,-38.68],[-32.0,-38.62],[-31.0,-38.64],[-30.0,-38.65],[-29.0,-38.66],[-28.39,-38.68],[-28.0,-38.69],[-27.0,-38.73],[-26.0,-39.15],[-25.66,-39.45],[-25.0,-39.62],[-24.0,-39.6],[-23.0,-39.72],[-22.0,-39.88],[-21.35,-40.22],[-21.0,-40.39],[-20.0,-40.82],[-19.63,-40.98],[-19.0,-41.24],[-18.0,-41.73],[-18.0,-41.73],[-17.84,-41.73],[-17.0,-41.71],[-16.0,-41.71],[-15.98,-41.73],[-15.0,-42.06],[-14.0,-42.07],[-13.57,-41.73],[-14.0,-41.34],[-14.6,-40.98],[-15.0,-40.52],[-16.0,-40.52],[-17.0,-40.31],[-17.27,-40.22],[-17.0,-40.1],[-16.0,-40.09],[-15.0,-40.14],[-14.0,-39.82],[-13.0,-39.73],[-12.0,-39.83],[-11.0,-39.89],[-10.31,-40.22],[-10.0,-40.39],[-9.0,-40.59],[-8.0,-40.79],[-7.29,-40.98],[-7.0,-41.1],[-6.0,-41.45],[-5.01,-41.73],[-5.0,-41.73],[-4.0,-41.91],[-3.23,-42.47],[-3.0,-42.55],[-2.0,-42.95],[-1.48,-43.21],[-1.0,-43.55],[0.0,-43.91],[0.04,-43.93],[1.0,-44.46],[1.39,-44.65],[1.77,-45.35],[2.0,-45.41],[3.0,-45.94],[3.19,-46.05],[4.0,-46.67],[4.09,-46.74],[4.89,-47.42],[5.0,-47.54],[5.5,-48.09],[5.88,-48.76],[5.92,-49.41],[6.0,-49.61],[6.17,-50.06],[6.68,-50.7],[6.93,-51.33],[6.81,-51.95],[6.51,-52.56],[6.0,-53.15],[5.96,-53.16],[5.0,-53.31],[4.0,-53.31],[3.0,-53.75],[2.97,-53.76],[2.3,-54.34],[2.0,-54.44],[1.0,-54.85],[0.0,-54.74],[-1.0,-54.71],[-2.0,-54.81],[-2.7,-54.92],[-3.0,-54.98],[-4.0,-55.37],[-4.18,-55.49],[-5.0,-55.68],[-6.0,-55.86],[-7.0,-55.87],[-8.0,-55.68],[-8.39,-55.49],[-8.57,-54.92],[-8.91,-54.34],[-8.96,-53.76],[-9.0,-53.63],[-9.29,-53.16],[-10.0,-52.7],[-10.41,-52.56],[-11.0,-52.34],[-12.0,-52.24],[-12.94,-52.56],[-13.0,-52.58],[-13.73,-53.16],[-14.0,-53.29],[-14.82,-53.16],[-15.0,-53.13],[-16.0,-53.16],[-16.06,-53.16],[-17.0,-53.19],[-18.0,-53.51],[-18.79,-53.76],[-18.86,-54.34],[-19.0,-54.55],[-20.0,-54.68],[-20.49,-54.34],[-21.0,-54.18],[-22.0,-54.07],[-23.0,-53.8],[-23.06,-53.76],[-24.0,-53.5],[-25.0,-53.22],[-25.37,-53.16],[-26.0,-53.08],[-27.0,-53.02],[-28.0,-53.11],[-28.64,-53.16],[-29.0,-53.2],[-30.0,-53.41],[-31.0,-53.54],[-32.0,-53.61],[-32.67,-53.76],[-33.0,-53.97],[-34.0,-53.97],[-34.09,-53.76],[-35.0,-53.46],[-36.0,-53.62],[-37.0,-53.62],[-37.36,-53.76],[-37.77,-54.34],[-37.0,-54.82],[-36.0,-54.91],[-35.0,-54.83],[-34.39,-54.92],[-34.0,-55.11],[-33.22,-55.49],[-33.61,-56.06],[-33.68,-56.61],[-34.0,-56.67],[-35.0,-56.71],[-35.42,-56.61],[-36.0,-56.46],[-37.0,-56.17],[-37.98,-56.61],[-38.0,-56.62],[-39.0,-56.93],[-40.0,-56.74]],[[-40.0,-55.71],[-40.4,-55.49],[-40.65,-54.92],[-41.0,-54.6],[-41.32,-54.34],[-41.78,-53.76],[-42.0,-53.5],[-42.51,-53.16],[-42.99,-52.56],[-43.0,-52.54],[-43.19,-51.95],[-43.8,-51.33],[-44.0,-50.96],[-44.15,-50.7],[-44.32,-50.06],[-44.51,-49.41],[-44.71,-48.76],[-44.6,-48.09],[-44.43,-47.42],[-44.32,-46.74],[-44.11,-46.05],[-44.0,-45.72],[-43.82,-45.35],[-43.6,-44.65],[-43.0,-44.23],[-42.66,-43.93],[-42.0,-43.59],[-41.21,-43.21],[-41.0,-43.13],[-40.0,-42.87],[-39.0,-42.49],[-38.87,-42.47],[-38.0,-42.3],[-37.03,-41.73],[-37.0,-41.72],[-36.0,-41.52],[-35.0,-41.39],[-34.0,-41.21],[-33.0,-41.19],[-32.0,-41.17],[-31.0,-41.05],[-30.66,-40.98],[-30.0,-40.71],[-29.0,-40.5],[-28.06,-40.22],[-28.0,-40.2],[-27.0,-40.21],[-26.95,-40.22],[-26.0,-40.53],[-25.0,-40.77],[-24.29,-40.98],[-24.0,-41.04],[-23.0,-41.34],[-22.0,-41.71],[-21.94,-41.73],[-21.0,-42.37],[-20.82,-42.47],[-20.0,-42.75],[-19.0,-43.18],[-18.88,-43.21],[-18.13,-43.93],[-18.0,-44.09],[-17.8,-44.65],[-17.76,-45.35],[-17.3,-46.05],[-17.0,-46.34],[-16.7,-46.74],[-16.47,-47.42],[-16.0,-48.03],[-15.92,-48.09],[-15.67,-48.76],[-15.04,-49.41],[-15.0,-49.5],[-14.75,-50.06],[-15.0,-50.46],[-16.0,-50.31],[-16.55,-50.06],[-17.0,-49.42],[-17.02,-49.41],[-17.0,-49.4],[-16.7,-48.76],[-17.0,-48.57],[-18.0,-48.1],[-18.07,-48.09],[-18.96,-47.42],[-19.0,-47.39],[-19.95,-46.74],[-20.0,-46.69],[-20.62,-46.05],[-21.0,-45.77],[-22.0,-45.35],[-22.0,-45.35],[-23.0,-45.24],[-23.22,-45.35],[-23.0,-45.95],[-22.98,-46.05],[-22.53,-46.74],[-22.1,-47.42],[-22.0,-47.48],[-21.13,-48.09],[-21.0,-48.43],[-20.8,-48.76],[-20.38,-49.41],[-20.18,-50.06],[-20.18,-50.7],[-20.5,-51.33],[-21.0,-51.69],[-21.73,-51.95],[-22.0,-51.99],[-23.0,-52.1],[-24.0,-52.23],[-25.0,-52.26],[-26.0,-52.3],[-27.0,-52.34],[-28.0,-52.32],[-29.0,-52.35],[-30.0,-52.5],[-30.48,-52.56],[-31.0,-52.64],[-32.0,-52.76],[-33.0,-52.95],[-34.0,-53.0],[-35.0,-52.99],[-35.63,-53.16],[-36.0,-53.25],[-37.0,-53.41],[-37.91,-53.76],[-37.92,-54.34],[-37.0,-54.91],[-36.95,-54.92],[-36.54,-55.49],[-37.0,-55.58],[-38.0,-55.95],[-39.0,-56.0],[-40.0,-55.71]],[[2.0,-49.55],[1.56,-49.41],[1.0,-48.99],[0.77,-48.76],[0.16,-48.09],[0.0,-48.07],[-1.0,-47.62],[-1.25,-47.42],[-2.0,-46.76],[-2.04,-46.74],[-3.0,-46.27],[-3.55,-46.05],[-4.0,-45.9],[-4.79,-45.35],[-5.0,-45.22],[-5.97,-44.65],[-6.0,-44.63],[-7.0,-44.48],[-7.85,-43.93],[-8.0,-43.58],[-8.26,-43.21],[-8.52,-42.47],[-8.0,-42.41],[-7.0,-42.45],[-6.96,-42.47],[-6.0,-42.99],[-5.15,-43.21],[-5.0,-43.27],[-4.0,-43.83],[-3.91,-43.93],[-3.0,-44.44],[-2.72,-44.65],[-2.0,-45.29],[-1.93,-45.35],[-1.06,-46.05],[-1.0,-46.08],[0.0,-46.72],[0.02,-46.74],[0.65,-47.42],[1.0,-47.97],[1.5,-48.09],[2.0,-48.26],[2.37,-48.76],[3.0,-49.27],[3.14,-49.41],[3.0,-49.56],[2.0,-49.55]],[[-13.0,-46.3],[-13.26,-46.05],[-14.0,-45.75],[-14.79,-45.35],[-15.0,-45.22],[-15.35,-44.65],[-15.0,-44.25],[-14.0,-44.2],[-13.0,-44.49],[-12.52,-44.65],[-12.36,-45.35],[-12.35,-46.05],[-13.0,-46.3]],[[-9.0,-47.01],[-9.29,-46.74],[-9.0,-46.05],[-9.0,-46.04],[-9.0,-46.05],[-8.0,-46.53],[-7.18,-46.74],[-8.0,-47.2],[-9.0,-47.01]],[[-6.0,-53.2],[-6.08,-53.16],[-6.0,-53.12],[-5.0,-52.67],[-4.0,-52.66],[-3.7,-53.16],[-4.0,-53.33],[-5.0,-53.38],[-6.0,-53.2]],[[-6.0,-52.26],[-6.72,-51.95],[-6.0,-51.42],[-5.04,-51.95],[-6.0,-52.26]],[[-7.0,-48.28],[-7.62,-48.09],[-7.0,-47.95],[-6.0,-47.93],[-5.65,-48.09],[-6.0,-48.57],[-7.0,-48.28]],[[-10.0,-45.46],[-10.07,-45.35],[-10.61,-44.65],[-10.0,-44.47],[-9.72,-44.65],[-9.77,-45.35],[-10.0,-45.46]],[[-6.0,-46.95],[-6.88,-46.74],[-6.0,-46.61],[-5.61,-46.74],[-6.0,-46.95]]],"type":"Polygon"},"properties":{ "hvalue":5.0,"color":"#fee600"} }, { "type":"Feature","geometry":{"coordinates":[[[128.0,-62.68],[127.92,-62.66],[127.0,-62.55],[126.0,-62.38],[125.28,-62.2],[125.0,-62.12],[124.0,-61.78],[123.85,-61.73],[123.08,-61.25],[123.38,-60.76],[123.0,-60.61],[122.09,-60.27],[122.0,-60.21],[121.46,-59.77],[121.09,-59.26],[121.0,-59.19],[120.33,-58.75],[120.0,-58.55],[119.26,-58.23],[119.0,-58.09],[118.53,-57.7],[118.59,-57.16],[119.0,-56.63],[119.02,-56.61],[119.13,-56.06],[119.0,-55.98],[118.5,-55.49],[118.0,-55.08],[117.83,-54.92],[117.5,-54.34],[117.71,-53.76],[118.0,-53.66],[118.57,-53.16],[118.85,-52.56],[119.0,-52.3],[119.42,-51.95],[119.6,-51.33],[120.0,-50.98],[120.18,-50.7],[120.0,-50.61],[119.53,-50.7],[119.0,-50.93],[118.79,-50.7],[118.0,-50.41],[117.0,-50.42],[116.0,-50.33],[115.01,-50.06],[115.0,-50.06],[114.0,-50.04],[113.0,-49.68],[112.64,-49.41],[112.19,-48.76],[112.0,-48.54],[111.65,-48.09],[111.44,-47.42],[111.42,-46.74],[111.34,-46.05],[111.19,-45.35],[111.0,-44.88],[110.96,-44.65],[111.0,-44.58],[112.0,-44.64],[112.04,-44.65],[113.0,-44.88],[113.72,-45.35],[114.0,-45.51],[114.93,-46.05],[115.0,-46.12],[115.92,-46.74],[116.0,-46.77],[117.0,-47.4],[117.53,-47.42],[118.0,-47.46],[118.06,-47.42],[119.0,-47.03],[120.0,-47.07],[121.0,-47.02],[122.0,-47.16],[123.0,-47.33],[124.0,-47.39],[124.08,-47.42],[125.0,-47.78],[126.0,-47.85],[127.0,-47.71],[128.0,-48.03],[128.06,-48.09],[129.0,-48.4],[130.0,-48.41],[131.0,-48.37],[132.0,-48.2],[133.0,-48.23],[134.0,-48.25],[135.0,-48.23],[135.36,-48.09],[136.0,-47.95],[137.0,-47.82],[138.0,-47.94],[139.0,-47.89],[140.0,-47.81],[141.0,-47.56],[141.35,-47.42],[142.0,-46.89],[142.25,-46.74],[142.17,-46.05],[143.0,-45.68],[143.45,-45.35],[144.0,-44.8],[144.18,-44.65],[144.74,-43.93],[145.0,-43.52],[146.0,-43.91],[147.0,-43.9],[148.0,-43.76],[148.93,-43.21],[149.0,-43.16],[150.0,-42.98],[151.0,-42.93],[152.0,-42.92],[153.0,-42.86],[154.0,-42.8],[154.82,-43.21],[155.0,-43.32],[155.72,-43.93],[156.0,-44.08],[157.0,-44.53],[157.23,-44.65],[158.0,-45.28],[158.06,-45.35],[158.79,-46.05],[159.0,-46.21],[159.76,-46.74],[160.0,-46.87],[160.82,-47.42],[161.0,-47.49],[162.0,-47.94],[162.41,-48.09],[163.0,-48.38],[163.77,-48.76],[164.0,-48.94],[164.75,-49.41],[165.0,-49.48],[166.0,-49.91],[166.09,-50.06],[166.0,-50.08],[165.26,-50.7],[166.0,-51.23],[167.0,-51.22],[168.0,-51.06],[169.0,-50.88],[170.0,-50.73],[170.26,-50.7],[171.0,-50.61],[172.0,-50.52],[173.0,-50.52],[174.0,-50.45],[175.0,-50.24],[175.64,-50.7],[175.57,-51.33],[175.8,-51.95],[175.97,-52.56],[175.0,-52.86],[174.74,-53.16],[174.0,-53.41],[173.24,-53.76],[173.0,-53.93],[172.62,-54.34],[172.0,-54.69],[171.47,-54.92],[171.0,-55.24],[170.66,-55.49],[170.0,-55.9],[169.0,-55.92],[168.02,-56.06],[168.0,-56.33],[167.98,-56.61],[168.0,-56.63],[168.87,-57.16],[168.0,-57.68],[167.98,-57.7],[167.0,-58.0],[166.38,-58.23],[166.0,-58.43],[165.59,-58.75],[165.42,-59.26],[165.0,-59.46],[164.0,-59.73],[163.0,-59.74],[162.89,-59.77],[163.0,-59.88],[163.37,-60.27],[163.0,-60.38],[162.0,-60.56],[161.0,-60.6],[160.0,-60.63],[159.0,-60.65],[158.04,-60.76],[158.0,-60.77],[157.0,-60.87],[156.0,-60.92],[155.0,-60.92],[154.0,-60.97],[153.0,-60.93],[152.0,-60.94],[151.0,-60.97],[150.0,-61.03],[149.0,-61.11],[148.0,-61.17],[147.45,-61.25],[147.0,-61.35],[146.0,-61.65],[145.68,-61.73],[145.0,-61.85],[144.0,-61.99],[143.0,-62.05],[142.0,-62.04],[141.0,-61.94],[140.0,-61.79],[139.38,-61.73],[139.0,-61.65],[138.0,-61.36],[137.5,-61.25],[137.0,-61.17],[136.0,-61.22],[135.82,-61.25],[135.0,-61.37],[134.0,-61.67],[133.76,-61.73],[133.0,-61.9],[132.0,-62.16],[131.91,-62.2],[131.0,-62.58],[130.6,-62.66],[130.0,-62.79],[129.0,-62.84],[128.0,-62.68]],[[128.0,-61.4],[127.6,-61.25],[127.76,-60.76],[127.0,-60.52],[126.18,-60.27],[126.0,-60.16],[125.36,-59.77],[125.0,-59.43],[124.83,-59.26],[125.0,-58.85],[125.06,-58.75],[125.28,-58.23],[125.0,-57.9],[124.72,-57.7],[124.0,-57.46],[123.3,-57.16],[123.27,-56.61],[123.47,-56.06],[123.43,-55.49],[123.6,-54.92],[123.64,-54.34],[123.27,-53.76],[123.99,-53.16],[124.0,-53.08],[124.1,-52.56],[125.0,-52.1],[126.0,-52.17],[127.0,-52.35],[128.0,-52.44],[128.64,-52.56],[129.0,-52.62],[130.0,-52.96],[131.0,-53.13],[131.1,-53.16],[132.0,-53.7],[132.12,-53.76],[133.0,-53.99],[134.0,-54.22],[135.0,-54.29],[136.0,-54.26],[137.0,-53.8],[137.03,-53.76],[138.0,-53.38],[138.96,-53.16],[138.0,-52.6],[137.96,-52.56],[137.0,-52.25],[136.0,-52.02],[135.0,-52.04],[134.0,-51.97],[133.94,-51.95],[133.0,-51.66],[132.0,-51.46],[131.0,-51.35],[130.91,-51.33],[131.0,-51.28],[131.57,-50.7],[132.0,-50.51],[133.0,-50.5],[134.0,-50.62],[135.0,-50.62],[136.0,-50.66],[137.0,-50.59],[138.0,-50.49],[139.0,-50.38],[140.0,-50.24],[140.29,-50.06],[141.0,-49.85],[142.0,-49.78],[143.0,-49.71],[144.0,-49.73],[145.0,-49.72],[146.0,-49.73],[147.0,-49.62],[148.0,-49.44],[148.11,-49.41],[149.0,-48.94],[149.21,-48.76],[149.0,-48.53],[148.43,-48.09],[149.0,-47.9],[150.0,-47.48],[150.19,-47.42],[151.0,-46.89],[152.0,-46.98],[153.0,-47.24],[154.0,-47.37],[155.0,-47.07],[156.0,-47.21],[156.34,-47.42],[157.0,-47.96],[157.25,-48.09],[158.0,-48.33],[159.0,-48.66],[159.24,-48.76],[159.65,-49.41],[160.0,-49.56],[160.81,-50.06],[161.0,-50.27],[161.63,-50.7],[161.87,-51.33],[162.0,-51.85],[162.05,-51.95],[163.0,-52.42],[163.86,-52.56],[164.0,-52.6],[165.0,-52.65],[166.0,-52.9],[166.42,-53.16],[166.65,-53.76],[166.74,-54.34],[166.19,-54.92],[166.0,-55.19],[165.0,-55.4],[164.0,-55.39],[163.85,-55.49],[164.0,-55.69],[164.15,-56.06],[164.11,-56.61],[164.5,-57.16],[164.0,-57.43],[163.19,-57.7],[163.0,-57.74],[162.0,-58.16],[161.89,-58.23],[162.0,-58.72],[162.01,-58.75],[162.0,-58.75],[161.0,-59.09],[160.34,-59.26],[160.0,-59.33],[159.0,-59.34],[158.0,-59.58],[157.0,-59.68],[156.25,-59.77],[156.0,-59.8],[155.0,-59.78],[154.87,-59.77],[154.0,-59.66],[153.64,-59.77],[153.0,-60.07],[152.0,-60.04],[151.0,-60.22],[150.76,-60.27],[150.0,-60.34],[149.0,-60.5],[148.0,-60.65],[147.01,-60.76],[147.0,-60.76],[146.0,-61.01],[145.0,-61.2],[144.78,-61.25],[144.0,-61.45],[143.0,-61.53],[142.0,-61.44],[141.32,-61.25],[141.0,-61.13],[140.0,-60.77],[139.96,-60.76],[139.0,-60.32],[138.63,-60.27],[138.0,-60.21],[137.0,-60.25],[136.0,-60.18],[135.27,-60.27],[135.0,-60.31],[134.0,-60.6],[133.29,-60.76],[133.0,-60.88],[132.15,-61.25],[132.0,-61.27],[131.0,-61.42],[130.0,-61.61],[129.0,-61.62],[128.0,-61.4]]],"type":"Polygon"},"properties":{ "hvalue":5.0,"color":"#fee600"} }, { "type":"Feature","geometry":{"coordinates":[[[51.0,-62.32],[50.5,-62.2],[50.0,-62.08],[49.0,-61.92],[48.0,-61.82],[47.4,-61.73],[47.0,-61.62],[46.0,-61.4],[45.0,-61.26],[44.9,-61.25],[44.0,-60.9],[43.42,-60.76],[43.0,-60.49],[42.73,-60.27],[42.28,-59.77],[42.0,-59.51],[41.64,-59.26],[41.03,-58.75],[41.0,-58.7],[40.73,-58.23],[40.63,-57.7],[40.5,-57.16],[41.0,-56.65],[41.03,-56.61],[41.28,-56.06],[42.0,-55.75],[42.99,-55.49],[42.0,-54.98],[41.87,-54.92],[41.26,-54.34],[42.0,-53.96],[42.47,-53.76],[43.0,-53.21],[43.07,-53.16],[43.36,-52.56],[44.0,-52.15],[44.27,-51.95],[45.0,-51.54],[45.65,-51.33],[46.0,-51.26],[47.0,-50.97],[47.49,-50.7],[48.0,-50.4],[49.0,-50.25],[50.0,-50.2],[50.8,-50.06],[50.0,-49.96],[49.0,-49.89],[48.0,-49.78],[47.0,-49.81],[46.0,-49.64],[45.64,-49.41],[45.0,-48.83],[44.9,-48.76],[44.0,-48.18],[43.88,-48.09],[43.51,-47.42],[43.48,-46.74],[43.02,-46.05],[43.0,-46.0],[42.65,-45.35],[42.03,-44.65],[42.0,-44.62],[41.2,-43.93],[41.0,-43.75],[40.56,-43.21],[40.0,-42.69],[39.63,-42.47],[39.0,-41.76],[38.98,-41.73],[39.0,-41.56],[39.13,-40.98],[40.0,-40.66],[40.51,-40.98],[40.55,-41.73],[41.0,-42.22],[41.91,-42.47],[42.0,-42.84],[43.0,-43.13],[43.21,-43.21],[44.0,-43.33],[45.0,-43.41],[46.0,-43.53],[47.0,-43.68],[47.69,-43.93],[48.0,-44.03],[49.0,-44.19],[50.0,-44.12],[51.0,-44.39],[51.68,-44.65],[52.0,-44.7],[52.88,-45.35],[53.0,-45.45],[54.0,-45.52],[55.0,-45.55],[56.0,-45.59],[56.28,-45.35],[56.16,-44.65],[57.0,-44.34],[58.0,-44.2],[58.54,-43.93],[59.0,-43.67],[59.78,-43.93],[60.0,-44.0],[60.17,-43.93],[60.35,-43.21],[61.0,-43.09],[62.0,-42.73],[63.0,-42.69],[64.0,-42.7],[64.59,-42.47],[65.0,-42.3],[65.9,-42.47],[66.0,-42.49],[66.07,-42.47],[67.0,-42.17],[68.0,-41.85],[68.59,-41.73],[69.0,-41.61],[70.0,-41.32],[71.0,-41.08],[71.3,-40.98],[71.92,-40.22],[72.0,-40.09],[72.53,-39.45],[73.0,-38.92],[73.23,-38.68],[74.0,-38.08],[74.38,-37.89],[75.0,-37.6],[76.0,-37.49],[77.0,-37.55],[77.66,-37.89],[78.0,-38.04],[78.22,-37.89],[79.0,-37.19],[79.1,-37.1],[79.79,-36.3],[79.21,-35.49],[79.0,-35.37],[78.46,-34.67],[78.31,-33.84],[78.0,-33.01],[78.0,-33.01],[77.45,-32.16],[77.36,-31.31],[77.77,-30.46],[78.0,-30.06],[78.23,-29.59],[78.41,-28.72],[78.63,-27.84],[78.0,-27.37],[77.66,-26.95],[78.0,-26.7],[78.56,-26.05],[79.0,-25.17],[80.0,-25.23],[80.13,-25.15],[81.0,-24.85],[81.92,-25.15],[82.0,-25.18],[83.0,-25.51],[84.0,-25.29],[85.0,-25.26],[86.0,-25.31],[86.81,-26.05],[87.0,-26.62],[88.0,-26.78],[89.0,-26.24],[90.0,-26.27],[90.73,-26.95],[91.0,-27.12],[92.0,-27.04],[93.0,-27.46],[94.0,-27.53],[95.0,-27.67],[95.52,-27.84],[96.0,-28.04],[97.0,-28.48],[97.35,-28.72],[98.0,-29.09],[99.0,-29.58],[99.04,-29.59],[100.0,-29.95],[100.67,-30.46],[101.0,-30.77],[101.58,-31.31],[102.0,-31.62],[102.54,-32.16],[102.76,-33.01],[102.87,-33.84],[103.0,-34.35],[103.09,-34.67],[103.0,-34.91],[102.68,-35.49],[102.0,-36.1],[101.71,-36.3],[101.0,-36.74],[100.36,-37.1],[100.0,-37.71],[99.9,-37.89],[99.0,-38.61],[98.92,-38.68],[98.9,-39.45],[98.09,-40.22],[98.0,-40.29],[97.18,-40.98],[97.28,-41.73],[97.0,-42.18],[96.6,-42.47],[97.0,-42.92],[97.22,-43.21],[98.0,-43.93],[98.0,-43.93],[98.01,-43.93],[99.0,-43.76],[99.27,-43.93],[99.47,-44.65],[100.0,-45.03],[101.0,-44.85],[101.58,-44.65],[102.0,-44.46],[102.21,-44.65],[102.0,-44.91],[101.66,-45.35],[102.0,-45.9],[103.0,-46.01],[103.06,-46.05],[103.5,-46.74],[103.0,-47.35],[102.96,-47.42],[103.0,-47.44],[103.92,-48.09],[104.0,-48.2],[104.52,-48.76],[104.27,-49.41],[104.77,-50.06],[104.77,-50.7],[104.62,-51.33],[104.0,-51.84],[103.45,-51.95],[103.0,-52.05],[102.0,-52.1],[101.35,-51.95],[101.0,-51.81],[100.57,-51.33],[100.16,-50.7],[100.0,-50.56],[99.08,-50.06],[99.0,-50.03],[98.79,-50.06],[98.0,-50.17],[97.0,-50.16],[96.59,-50.06],[96.6,-49.41],[96.0,-49.04],[95.62,-48.76],[95.0,-48.52],[94.0,-48.58],[93.0,-48.44],[92.26,-48.76],[92.0,-48.88],[91.07,-49.41],[91.0,-49.43],[90.0,-49.71],[89.28,-50.06],[89.12,-50.7],[89.0,-50.95],[88.78,-51.33],[88.09,-51.95],[88.0,-52.07],[87.69,-52.56],[87.0,-53.07],[86.87,-53.16],[86.0,-53.54],[85.0,-53.66],[84.27,-53.76],[84.0,-53.82],[83.84,-53.76],[83.22,-53.16],[83.0,-52.83],[82.52,-52.56],[83.0,-52.32],[83.37,-51.95],[83.0,-51.86],[82.0,-51.81],[81.43,-51.95],[81.0,-52.24],[80.07,-52.56],[80.86,-53.16],[80.58,-53.76],[80.81,-54.34],[80.0,-54.65],[79.81,-54.92],[79.42,-55.49],[79.0,-55.81],[78.32,-56.06],[78.16,-56.61],[78.0,-56.76],[77.63,-57.16],[77.0,-57.69],[76.99,-57.7],[76.0,-58.19],[75.93,-58.23],[75.0,-58.53],[74.56,-58.75],[74.0,-58.97],[73.63,-59.26],[73.37,-59.77],[73.0,-60.23],[72.88,-60.27],[72.0,-60.4],[71.0,-60.39],[70.0,-60.51],[69.43,-60.76],[69.0,-60.91],[68.0,-61.11],[67.55,-61.25],[67.0,-61.42],[66.0,-61.67],[65.0,-61.53],[64.0,-61.46],[63.0,-61.56],[62.3,-61.73],[62.0,-61.82],[61.0,-61.97],[60.0,-61.98],[59.0,-61.96],[58.1,-62.2],[58.0,-62.22],[57.81,-62.2],[57.0,-62.08],[56.14,-62.2],[56.0,-62.22],[55.46,-62.2],[55.0,-62.17],[54.0,-61.95],[53.0,-62.11],[52.62,-62.2],[52.0,-62.33],[51.0,-62.32]],[[85.0,-48.95],[84.85,-48.76],[84.0,-48.48],[83.0,-48.31],[82.57,-48.09],[82.0,-47.86],[81.0,-47.51],[80.77,-47.42],[80.0,-47.14],[79.65,-46.74],[80.0,-46.37],[80.58,-46.05],[80.0,-45.86],[79.0,-45.66],[78.0,-45.44],[77.0,-45.44],[76.0,-45.64],[75.0,-45.73],[74.0,-45.58],[73.0,-45.59],[72.68,-45.35],[73.0,-45.15],[73.74,-44.65],[73.12,-43.93],[73.0,-43.82],[72.87,-43.93],[72.0,-44.23],[71.71,-44.65],[71.0,-45.23],[70.79,-45.35],[70.0,-45.61],[69.0,-45.66],[68.28,-45.35],[69.0,-44.99],[69.78,-44.65],[70.0,-44.43],[70.55,-43.93],[71.0,-43.53],[71.33,-43.21],[72.0,-42.63],[73.0,-42.83],[74.0,-43.03],[74.9,-42.47],[75.0,-42.18],[75.16,-41.73],[75.76,-40.98],[76.0,-40.85],[76.65,-40.98],[77.0,-41.03],[77.13,-40.98],[78.0,-40.67],[79.0,-40.38],[79.32,-40.22],[80.0,-39.93],[81.0,-39.93],[81.57,-39.45],[81.64,-38.68],[82.0,-38.4],[82.53,-37.89],[83.0,-37.19],[83.05,-37.1],[83.25,-36.3],[83.91,-35.49],[84.0,-35.34],[84.46,-34.67],[84.65,-33.84],[85.0,-33.07],[85.05,-33.01],[85.95,-32.16],[85.98,-31.31],[86.0,-31.29],[86.87,-30.46],[87.0,-30.4],[87.1,-30.46],[88.0,-30.98],[89.0,-30.62],[90.0,-30.52],[91.0,-30.66],[91.27,-30.46],[92.0,-30.07],[92.83,-29.59],[93.0,-29.47],[94.0,-29.4],[95.0,-29.45],[95.31,-29.59],[96.0,-29.93],[97.0,-30.43],[97.04,-30.46],[98.0,-30.97],[98.95,-31.31],[99.0,-31.33],[100.0,-32.01],[100.2,-32.16],[100.27,-33.01],[100.52,-33.84],[100.0,-34.29],[99.53,-34.67],[99.0,-35.11],[98.67,-35.49],[98.0,-36.0],[97.71,-36.3],[97.17,-37.1],[97.0,-37.25],[96.0,-37.69],[95.65,-37.89],[95.08,-38.68],[95.0,-38.73],[94.35,-39.45],[94.0,-39.57],[93.0,-40.02],[92.47,-40.22],[92.06,-40.98],[92.0,-41.51],[91.96,-41.73],[91.0,-42.28],[90.79,-42.47],[90.0,-43.03],[89.58,-43.21],[89.0,-43.7],[88.64,-43.93],[89.0,-43.98],[89.84,-43.93],[90.0,-43.85],[90.23,-43.93],[91.0,-44.02],[92.0,-44.02],[92.28,-44.65],[92.0,-45.14],[91.38,-45.35],[91.0,-45.44],[90.0,-45.92],[89.2,-46.05],[89.87,-46.74],[89.02,-47.42],[89.0,-47.43],[88.0,-47.94],[87.8,-48.09],[87.0,-48.47],[86.0,-48.59],[85.18,-48.76],[85.0,-48.95]],[[50.0,-61.84],[49.14,-61.73],[49.0,-61.7],[48.0,-61.49],[47.04,-61.25],[47.0,-61.22],[46.26,-60.76],[46.0,-60.54],[45.62,-60.27],[45.0,-59.85],[44.86,-59.77],[44.19,-59.26],[44.01,-58.75],[44.0,-58.41],[43.99,-58.23],[44.0,-58.22],[44.33,-57.7],[44.76,-57.16],[45.0,-56.95],[45.38,-56.61],[46.0,-56.2],[46.29,-56.06],[46.02,-55.49],[46.47,-54.92],[47.0,-54.5],[47.16,-54.34],[48.0,-54.06],[48.85,-53.76],[49.0,-53.66],[50.0,-53.16],[50.0,-53.16],[51.0,-52.71],[51.34,-52.56],[52.0,-52.27],[52.73,-51.95],[53.0,-51.89],[54.0,-51.91],[54.18,-51.95],[55.0,-52.07],[56.0,-51.96],[56.09,-51.95],[57.0,-51.83],[58.0,-51.63],[59.0,-51.61],[60.0,-51.67],[61.0,-51.61],[62.0,-51.57],[63.0,-51.67],[64.0,-51.82],[65.0,-51.8],[66.0,-51.8],[67.0,-51.87],[67.36,-51.95],[68.0,-52.12],[69.0,-52.2],[70.0,-52.31],[70.9,-52.56],[71.0,-52.58],[72.0,-52.73],[73.0,-53.03],[73.06,-53.16],[74.0,-53.7],[74.51,-53.76],[75.0,-53.94],[76.0,-54.32],[76.03,-54.34],[76.24,-54.92],[76.0,-55.45],[75.98,-55.49],[75.54,-56.06],[75.52,-56.61],[75.0,-57.14],[74.98,-57.16],[74.81,-57.7],[74.24,-58.23],[74.0,-58.35],[73.28,-58.75],[73.01,-59.26],[73.0,-59.29],[72.0,-59.61],[71.58,-59.77],[71.0,-59.89],[70.0,-60.12],[69.63,-60.27],[69.0,-60.51],[68.32,-60.76],[68.0,-60.81],[67.0,-61.0],[66.0,-61.25],[65.0,-61.23],[64.0,-61.21],[63.77,-61.25],[63.0,-61.33],[62.0,-61.5],[61.0,-61.73],[60.0,-61.69],[59.0,-61.62],[58.0,-61.68],[57.0,-61.7],[56.53,-61.73],[56.0,-61.8],[55.69,-61.73],[55.0,-61.58],[54.0,-61.61],[53.39,-61.73],[53.0,-61.82],[52.0,-62.06],[51.0,-62.05],[50.0,-61.84]],[[50.0,-48.14],[49.62,-48.09],[49.0,-47.98],[48.0,-47.74],[47.05,-47.42],[47.0,-47.37],[46.69,-46.74],[46.62,-46.05],[47.0,-45.93],[48.0,-45.88],[48.83,-46.05],[49.0,-46.18],[49.28,-46.74],[50.0,-47.17],[51.0,-47.26],[51.6,-47.42],[52.0,-47.94],[53.0,-47.62],[54.0,-47.7],[55.0,-47.61],[55.71,-47.42],[56.0,-47.34],[57.0,-47.17],[58.0,-47.13],[58.6,-46.74],[59.0,-46.56],[60.0,-46.35],[60.58,-46.05],[61.0,-45.86],[61.91,-45.35],[62.0,-45.28],[63.0,-44.75],[63.18,-44.65],[64.0,-44.14],[65.0,-44.54],[66.0,-44.42],[66.61,-44.65],[66.0,-44.96],[65.46,-45.35],[65.0,-45.74],[64.46,-46.05],[64.0,-46.18],[63.0,-46.47],[62.05,-46.74],[62.0,-46.76],[61.0,-47.02],[60.0,-47.36],[59.61,-47.42],[59.0,-47.47],[58.0,-47.63],[57.0,-47.85],[56.64,-48.09],[56.0,-48.22],[55.0,-48.32],[54.0,-48.37],[53.0,-48.42],[52.0,-48.15],[51.0,-48.13],[50.0,-48.14]],[[69.0,-50.35],[68.18,-50.06],[68.0,-49.92],[67.0,-49.91],[66.23,-49.41],[66.0,-49.32],[65.71,-49.41],[65.0,-49.56],[64.0,-49.64],[63.0,-49.64],[62.0,-49.64],[61.0,-49.57],[60.0,-49.41],[59.97,-49.41],[60.0,-49.41],[61.0,-49.16],[61.98,-48.76],[62.0,-48.76],[63.0,-48.71],[64.0,-48.55],[65.0,-48.56],[66.0,-48.35],[66.6,-48.09],[67.0,-48.02],[68.0,-47.91],[69.0,-47.72],[69.76,-47.42],[70.0,-47.3],[70.75,-46.74],[71.0,-46.66],[72.0,-46.55],[73.0,-46.53],[74.0,-46.53],[75.0,-46.73],[76.0,-46.73],[76.04,-46.74],[76.0,-46.84],[75.85,-47.42],[76.0,-47.53],[77.0,-47.94],[77.22,-48.09],[77.0,-48.65],[76.0,-48.7],[75.86,-48.76],[75.96,-49.41],[76.0,-49.58],[76.33,-50.06],[76.0,-50.12],[75.7,-50.06],[75.0,-49.94],[74.21,-50.06],[74.0,-50.1],[73.0,-50.25],[72.0,-50.58],[71.0,-50.69],[70.0,-50.64],[69.0,-50.35]],[[103.0,-51.37],[102.86,-51.33],[102.0,-50.93],[101.66,-50.7],[101.0,-50.33],[100.66,-50.06],[100.0,-49.47],[99.85,-49.41],[99.73,-48.76],[100.0,-48.48],[101.0,-48.24],[102.0,-48.28],[102.47,-48.76],[103.0,-49.18],[103.13,-49.41],[103.74,-50.06],[103.62,-50.7],[103.09,-51.33],[103.0,-51.37]],[[85.0,-50.95],[84.09,-50.7],[84.59,-50.06],[85.0,-49.78],[86.0,-49.59],[86.58,-49.41],[87.0,-49.26],[87.31,-49.41],[87.03,-50.06],[87.0,-50.18],[86.0,-50.64],[85.8,-50.7],[85.0,-50.95]],[[67.0,-44.35],[66.7,-43.93],[67.0,-43.78],[68.0,-43.91],[68.03,-43.93],[68.0,-43.94],[67.0,-44.35]],[[58.0,-49.55],[57.26,-49.41],[58.0,-49.22],[58.67,-49.41],[58.0,-49.55]],[[94.0,-43.97],[93.91,-43.93],[94.0,-43.9],[94.07,-43.93],[94.0,-43.97]],[[55.0,-51.34],[54.98,-51.33],[55.0,-51.3],[55.03,-51.33],[55.0,-51.34]]],"type":"Polygon"},"properties":{ "hvalue":5.0,"color":"#fee600"} }, { "type":"Feature","geometry":{"coordinates":[[[-42.0,43.09],[-42.65,43.21],[-42.97,43.93],[-43.0,43.95],[-43.63,44.65],[-44.0,44.98],[-45.0,45.18],[-45.43,45.35],[-46.0,45.69],[-46.92,46.05],[-47.0,46.1],[-47.9,46.74],[-48.0,46.86],[-48.39,47.42],[-48.6,48.09],[-48.97,48.76],[-49.0,48.82],[-49.36,49.41],[-49.83,50.06],[-50.0,50.33],[-50.33,50.7],[-50.38,51.33],[-50.63,51.95],[-51.0,52.49],[-51.08,52.56],[-52.0,52.96],[-52.36,53.16],[-53.0,53.53],[-53.53,53.76],[-54.0,53.97],[-54.86,54.34],[-55.0,54.39],[-55.72,54.92],[-56.0,55.1],[-56.49,55.49],[-57.0,55.9],[-57.3,56.06],[-58.0,56.52],[-58.09,56.61],[-58.59,57.16],[-59.0,57.49],[-59.29,57.7],[-59.77,58.23],[-60.0,58.54],[-60.23,58.75],[-60.47,59.26],[-60.48,59.77],[-60.21,60.27],[-60.0,60.75],[-60.0,60.76],[-59.91,61.25],[-59.72,61.73],[-59.26,62.2],[-59.0,62.34],[-58.71,62.66],[-58.33,63.11],[-58.0,63.53],[-57.94,63.56],[-57.29,64.0],[-57.0,64.12],[-56.0,64.19],[-55.86,64.0],[-55.39,63.56],[-55.0,63.23],[-54.92,63.11],[-54.53,62.66],[-54.0,62.28],[-53.79,62.2],[-53.0,61.96],[-52.0,61.8],[-51.69,61.73],[-51.0,61.61],[-50.0,61.36],[-49.69,61.25],[-49.0,60.9],[-48.95,60.76],[-48.0,60.29],[-47.58,60.27],[-47.74,59.77],[-47.06,59.26],[-47.0,59.24],[-46.9,59.26],[-46.0,59.5],[-45.0,59.63],[-44.0,59.68],[-43.87,59.77],[-43.19,60.27],[-43.0,60.36],[-42.58,60.76],[-42.49,61.25],[-42.33,61.73],[-42.18,62.2],[-42.02,62.66],[-42.0,62.67],[-41.05,63.11],[-41.0,63.13],[-40.08,63.56],[-40.0,63.69],[-39.0,63.91],[-38.59,64.0],[-38.0,64.14],[-37.0,64.22],[-36.0,64.44],[-35.99,64.44],[-35.0,64.49],[-34.0,64.6],[-33.0,64.74],[-32.0,64.76],[-31.0,64.72],[-30.0,64.68],[-29.0,64.47],[-28.9,64.44],[-28.0,64.17],[-27.54,64.0],[-28.0,63.66],[-28.15,63.56],[-29.0,63.12],[-29.04,63.11],[-29.04,62.66],[-29.0,62.64],[-28.17,62.2],[-28.0,62.17],[-27.0,62.08],[-26.0,62.05],[-25.0,61.98],[-24.0,61.76],[-23.85,61.73],[-23.0,61.54],[-22.0,61.28],[-21.91,61.25],[-21.0,60.93],[-20.54,60.76],[-20.0,60.47],[-19.34,60.27],[-19.0,60.13],[-18.01,59.77],[-18.0,59.76],[-17.17,59.26],[-17.0,59.23],[-16.75,59.26],[-16.0,59.36],[-15.0,59.65],[-14.81,59.77],[-14.3,60.27],[-14.01,60.76],[-14.45,61.25],[-14.51,61.73],[-14.5,62.2],[-14.44,62.66],[-14.28,63.11],[-14.18,63.56],[-14.0,63.68],[-13.44,64.0],[-13.03,64.44],[-13.0,64.53],[-12.69,64.87],[-12.55,65.29],[-12.86,65.7],[-13.0,65.81],[-13.34,66.11],[-13.91,66.51],[-13.89,66.91],[-13.72,67.3],[-13.91,67.68],[-14.0,67.86],[-14.12,68.06],[-14.0,68.43],[-14.0,68.43],[-13.57,68.79],[-13.04,69.15],[-13.0,69.17],[-12.59,69.5],[-12.0,69.84],[-11.98,69.85],[-11.33,70.19],[-11.0,70.28],[-10.25,70.53],[-10.0,70.6],[-9.0,70.71],[-8.65,70.86],[-9.0,71.06],[-10.0,71.17],[-10.06,71.19],[-10.0,71.46],[-9.99,71.51],[-9.33,71.82],[-9.0,71.96],[-8.58,72.13],[-8.0,72.33],[-7.72,72.43],[-7.0,72.65],[-6.77,72.73],[-6.0,72.95],[-5.63,73.03],[-5.0,73.16],[-4.0,73.32],[-3.99,73.32],[-3.0,73.48],[-2.0,73.6],[-1.96,73.6],[-1.0,73.67],[0.0,73.71],[1.0,73.72],[2.0,73.7],[3.0,73.65],[3.74,73.6],[4.0,73.58],[5.0,73.53],[6.0,73.46],[7.0,73.37],[7.7,73.32],[8.0,73.3],[9.0,73.24],[10.0,73.16],[11.0,73.08],[12.0,73.04],[12.09,73.03],[13.0,72.98],[14.0,72.94],[15.0,72.91],[16.0,72.89],[17.0,72.97],[17.61,73.03],[18.0,73.06],[19.0,73.08],[20.0,73.11],[21.0,73.29],[21.21,73.32],[22.0,73.42],[23.0,73.59],[23.11,73.6],[24.0,73.72],[24.97,73.88],[25.0,73.91],[25.29,74.16],[25.0,74.26],[24.68,74.43],[25.0,74.56],[25.8,74.69],[26.0,74.7],[27.0,74.71],[28.0,74.7],[29.0,74.76],[29.85,74.96],[30.0,75.0],[30.64,75.21],[31.0,75.4],[31.28,75.47],[32.0,75.71],[32.0,75.71],[33.0,75.94],[33.04,75.96],[33.63,76.2],[34.0,76.39],[34.15,76.44],[34.81,76.67],[35.0,76.74],[35.93,76.9],[36.0,76.91],[36.88,77.12],[37.0,77.14],[37.97,77.34],[38.0,77.34],[38.93,77.56],[39.0,77.57],[39.69,77.77],[40.0,77.85],[40.48,77.98],[41.0,78.09],[41.66,78.19],[42.0,78.24],[43.0,78.36],[43.22,78.39],[44.0,78.49],[44.65,78.59],[45.0,78.63],[46.0,78.72],[47.0,78.74],[48.0,78.78],[48.18,78.79],[49.0,78.84],[49.96,78.98],[50.0,78.99],[50.81,79.17],[51.0,79.21],[51.67,79.36],[52.0,79.44],[53.0,79.54],[53.16,79.54],[54.0,79.56],[55.0,79.59],[55.29,79.54],[56.0,79.4],[56.13,79.36],[56.63,79.17],[56.99,78.98],[57.0,78.96],[57.2,78.79],[57.29,78.59],[57.21,78.39],[57.0,78.23],[56.95,78.19],[56.54,77.98],[56.25,77.77],[56.0,77.61],[55.9,77.56],[55.65,77.34],[55.53,77.12],[55.48,76.9],[55.64,76.67],[56.0,76.55],[57.0,76.45],[57.11,76.44],[58.0,76.38],[58.64,76.2],[58.62,75.96],[58.17,75.71],[58.0,75.67],[57.29,75.47],[57.0,75.39],[56.36,75.21],[56.14,74.96],[56.15,74.69],[56.0,74.65],[55.41,74.43],[55.35,74.16],[55.0,74.06],[54.36,73.88],[54.15,73.6],[54.15,73.32],[54.0,73.28],[53.2,73.03],[53.0,72.97],[52.28,72.73],[52.25,72.43],[52.21,72.13],[52.0,72.06],[51.23,71.82],[51.22,71.51],[52.0,71.22],[52.14,71.19],[52.81,70.86],[53.0,70.78],[54.0,70.54],[54.14,70.53],[55.0,70.26],[55.53,70.19],[56.0,69.88],[56.08,69.85],[56.0,69.84],[55.0,69.64],[54.45,69.5],[54.0,69.44],[53.0,69.41],[52.0,69.34],[51.0,69.41],[50.37,69.5],[50.0,69.57],[49.0,69.71],[48.13,69.5],[48.0,69.4],[47.24,69.15],[47.13,68.79],[47.0,68.75],[46.56,68.79],[46.0,68.89],[45.0,69.02],[44.0,69.07],[43.0,69.07],[42.08,69.15],[42.0,69.16],[41.0,69.22],[40.47,69.5],[40.0,69.74],[39.85,69.85],[39.63,70.19],[39.35,70.53],[39.22,70.86],[39.0,71.14],[38.92,71.19],[38.37,71.51],[38.05,71.82],[38.0,71.9],[37.57,72.13],[37.0,72.36],[36.0,72.33],[35.37,72.13],[35.0,71.96],[34.65,71.82],[34.0,71.61],[33.0,71.76],[32.0,71.79],[31.0,71.76],[30.0,71.74],[29.0,71.74],[28.64,71.82],[28.0,72.06],[27.54,72.13],[27.0,72.19],[26.0,72.32],[25.45,72.43],[25.0,72.5],[24.0,72.56],[23.0,72.52],[22.0,72.51],[21.0,72.43],[20.97,72.43],[20.0,72.29],[19.0,72.14],[18.96,72.13],[18.03,71.82],[18.0,71.78],[17.88,71.51],[17.94,71.19],[17.79,70.86],[17.24,70.53],[17.0,70.34],[16.0,70.33],[15.68,70.19],[15.71,69.85],[15.22,69.5],[15.0,69.35],[14.82,69.15],[14.04,68.79],[14.0,68.71],[13.34,68.43],[13.0,68.11],[12.91,68.06],[12.09,67.68],[12.0,67.37],[11.85,67.3],[11.0,67.12],[10.0,67.24],[9.85,67.3],[9.0,67.68],[9.0,67.68],[8.04,68.06],[8.0,68.08],[7.0,68.36],[6.73,68.43],[6.0,68.69],[5.57,68.79],[5.0,68.91],[4.41,69.15],[4.0,69.29],[3.22,69.5],[3.0,69.55],[2.0,69.5],[2.0,69.5],[1.22,69.15],[1.0,69.0],[0.92,68.79],[0.98,68.43],[1.0,68.25],[1.04,68.06],[1.0,68.0],[0.92,67.68],[0.67,67.3],[0.33,66.91],[0.0,66.64],[-0.1,66.51],[0.0,66.13],[0.01,66.11],[0.24,65.7],[0.63,65.29],[1.0,64.88],[1.01,64.87],[1.35,64.44],[1.55,64.0],[1.83,63.56],[2.0,63.34],[2.2,63.11],[2.39,62.66],[2.76,62.2],[3.0,61.73],[3.0,61.73],[3.17,61.25],[3.46,60.76],[3.75,60.27],[4.0,59.98],[4.16,59.77],[4.93,59.26],[5.0,59.23],[5.23,58.75],[6.0,58.33],[7.0,58.24],[7.09,58.23],[8.0,58.04],[9.0,58.09],[9.24,58.23],[10.0,58.67],[10.27,58.75],[11.0,58.81],[11.12,58.75],[11.27,58.23],[11.05,57.7],[11.0,57.65],[10.0,57.59],[9.0,57.3],[8.75,57.16],[8.14,56.61],[8.07,56.06],[8.0,55.77],[7.7,55.49],[7.75,54.92],[7.24,54.34],[7.0,54.29],[6.56,54.34],[6.0,54.46],[5.0,54.52],[4.0,54.43],[3.0,54.63],[2.0,54.45],[1.12,54.34],[1.0,54.33],[0.99,54.34],[0.83,54.92],[0.44,55.49],[0.0,55.83],[-0.17,56.06],[-0.42,56.61],[-0.64,57.16],[-1.0,57.61],[-1.06,57.7],[-1.43,58.23],[-1.66,58.75],[-2.0,59.04],[-3.0,59.22],[-3.58,58.75],[-4.0,58.61],[-5.0,58.6],[-6.0,58.51],[-6.86,58.23],[-7.0,58.18],[-7.73,57.7],[-7.64,57.16],[-7.0,56.64],[-6.96,56.61],[-6.49,56.06],[-6.51,55.49],[-7.0,55.39],[-8.0,55.34],[-8.78,54.92],[-8.86,54.34],[-9.0,54.26],[-10.0,54.13],[-10.67,53.76],[-10.3,53.16],[-10.2,52.56],[-10.93,51.95],[-10.81,51.33],[-11.0,50.84],[-11.43,50.7],[-12.0,50.56],[-13.0,50.51],[-13.81,50.7],[-13.83,51.33],[-13.86,51.95],[-14.0,52.07],[-14.71,52.56],[-15.0,52.68],[-16.0,53.08],[-17.0,52.72],[-17.27,52.56],[-17.77,51.95],[-18.0,51.82],[-19.0,51.62],[-20.0,51.77],[-21.0,51.33],[-21.01,51.33],[-21.79,50.7],[-22.0,50.2],[-22.08,50.06],[-22.64,49.41],[-23.0,49.29],[-23.22,48.76],[-23.0,48.33],[-22.81,48.09],[-23.0,47.97],[-24.0,47.74],[-24.72,47.42],[-25.0,47.21],[-25.98,46.74],[-26.0,46.73],[-26.48,46.05],[-27.0,45.83],[-28.0,45.7],[-28.7,45.35],[-29.0,45.25],[-30.0,44.84],[-30.44,44.65],[-31.0,44.39],[-31.74,43.93],[-32.0,43.77],[-33.0,43.28],[-34.0,43.26],[-34.48,43.21],[-35.0,43.16],[-35.2,43.21],[-36.0,43.43],[-37.0,43.37],[-38.0,43.42],[-39.0,43.37],[-40.0,43.25],[-41.0,43.23],[-41.23,43.21],[-42.0,43.09]],[[-39.0,45.28],[-39.44,45.35],[-40.0,45.51],[-41.0,46.03],[-41.02,46.05],[-41.57,46.74],[-42.0,46.76],[-43.0,46.99],[-44.0,47.32],[-44.25,47.42],[-45.0,47.88],[-45.23,48.09],[-45.71,48.76],[-46.0,48.94],[-46.55,49.41],[-47.0,49.75],[-47.33,50.06],[-47.91,50.7],[-48.0,50.87],[-48.18,51.33],[-48.62,51.95],[-49.0,52.3],[-49.19,52.56],[-49.97,53.16],[-50.0,53.19],[-50.78,53.76],[-51.0,53.97],[-51.48,54.34],[-52.0,54.81],[-52.09,54.92],[-52.95,55.49],[-53.0,55.54],[-53.87,56.06],[-54.0,56.13],[-55.0,56.42],[-55.21,56.61],[-56.0,57.05],[-56.11,57.16],[-56.86,57.7],[-57.0,57.78],[-57.4,58.23],[-57.89,58.75],[-58.0,58.95],[-58.11,59.26],[-58.16,59.77],[-58.2,60.27],[-58.0,60.53],[-57.85,60.76],[-57.68,61.25],[-57.42,61.73],[-57.0,62.05],[-56.0,62.19],[-55.11,61.73],[-55.0,61.7],[-54.0,61.33],[-53.7,61.25],[-53.0,61.08],[-52.0,60.88],[-51.65,60.76],[-51.0,60.42],[-50.76,60.27],[-50.32,59.77],[-50.05,59.26],[-50.0,59.13],[-49.83,58.75],[-49.32,58.23],[-49.0,57.95],[-48.52,57.7],[-48.0,57.45],[-47.0,57.41],[-46.33,57.7],[-46.0,57.9],[-45.72,58.23],[-45.0,58.74],[-44.99,58.75],[-44.23,59.26],[-44.0,59.32],[-43.36,59.77],[-43.0,60.06],[-42.81,60.27],[-42.37,60.76],[-42.24,61.25],[-42.0,61.72],[-41.99,61.73],[-41.5,62.2],[-41.0,62.63],[-40.95,62.66],[-40.0,63.02],[-39.29,63.11],[-39.0,63.15],[-38.0,63.25],[-37.0,63.35],[-36.0,63.39],[-35.0,63.3],[-34.14,63.11],[-34.67,62.66],[-35.0,62.48],[-35.36,62.2],[-36.0,61.88],[-36.25,61.73],[-37.0,61.45],[-37.61,61.25],[-38.0,61.09],[-38.84,60.76],[-39.0,60.6],[-39.19,60.27],[-39.2,59.77],[-39.17,59.26],[-39.06,58.75],[-39.0,58.47],[-38.89,58.23],[-38.49,57.7],[-38.0,57.26],[-37.88,57.16],[-37.0,56.81],[-36.76,56.61],[-36.18,56.06],[-36.0,55.98],[-35.05,55.49],[-35.0,55.47],[-34.0,55.41],[-33.82,55.49],[-33.6,56.06],[-33.39,56.61],[-33.14,57.16],[-33.0,57.37],[-32.85,57.7],[-32.58,58.23],[-32.18,58.75],[-32.0,58.93],[-31.73,59.26],[-31.0,59.75],[-30.96,59.77],[-30.0,60.24],[-29.83,60.27],[-29.0,60.4],[-28.23,60.27],[-28.0,60.22],[-27.0,59.91],[-26.65,59.77],[-26.2,59.26],[-26.0,59.14],[-25.07,58.75],[-25.0,58.64],[-24.66,58.23],[-24.0,57.96],[-23.75,57.7],[-23.97,57.16],[-23.28,56.61],[-23.0,56.51],[-22.53,56.06],[-22.27,55.49],[-22.61,54.92],[-22.78,54.34],[-22.9,53.76],[-23.0,53.64],[-23.53,53.16],[-24.0,52.83],[-24.23,52.56],[-24.52,51.95],[-24.84,51.33],[-25.0,51.07],[-25.43,50.7],[-26.0,50.15],[-26.06,50.06],[-26.62,49.41],[-27.0,49.12],[-27.45,48.76],[-28.0,48.39],[-28.58,48.09],[-29.0,47.76],[-30.0,47.87],[-31.0,47.44],[-31.04,47.42],[-32.0,47.11],[-32.49,46.74],[-33.0,46.5],[-34.0,46.14],[-34.23,46.05],[-35.0,45.73],[-36.0,45.75],[-37.0,45.66],[-38.0,45.42],[-38.49,45.35],[-39.0,45.28]],[[-4.0,59.62],[-4.37,59.77],[-4.0,60.21],[-3.97,60.27],[-4.0,60.28],[-4.95,60.76],[-4.83,61.25],[-4.74,61.73],[-5.0,62.1],[-5.05,62.2],[-6.0,62.6],[-7.0,62.65],[-7.57,62.66],[-7.51,63.11],[-7.0,63.36],[-6.75,63.56],[-6.26,64.0],[-6.0,64.18],[-5.58,64.44],[-5.0,64.82],[-4.84,64.87],[-5.0,65.05],[-5.2,65.29],[-6.0,65.46],[-6.66,65.7],[-7.0,65.85],[-7.43,66.11],[-7.82,66.51],[-7.67,66.91],[-7.2,67.3],[-7.0,67.53],[-6.91,67.68],[-6.7,68.06],[-6.47,68.43],[-6.51,68.79],[-6.8,69.15],[-6.99,69.5],[-7.0,69.54],[-7.08,69.85],[-7.17,70.19],[-7.09,70.53],[-7.0,70.63],[-6.64,70.86],[-6.0,71.11],[-5.31,71.19],[-5.0,71.25],[-4.63,71.19],[-4.0,71.13],[-3.05,70.86],[-3.14,70.53],[-3.0,70.44],[-2.59,70.19],[-2.1,69.85],[-2.0,69.77],[-1.66,69.5],[-1.53,69.15],[-1.4,68.79],[-1.19,68.43],[-1.07,68.06],[-1.13,67.68],[-1.56,67.3],[-1.88,66.91],[-2.0,66.74],[-2.23,66.51],[-2.65,66.11],[-3.0,65.78],[-3.21,65.7],[-3.52,65.29],[-3.0,65.17],[-2.2,64.87],[-2.0,64.81],[-1.59,64.44],[-1.0,64.08],[-0.9,64.0],[-0.62,63.56],[-0.17,63.11],[0.0,62.82],[0.08,62.66],[0.28,62.2],[0.46,61.73],[0.26,61.25],[0.0,61.17],[-1.0,61.02],[-1.55,60.76],[-1.88,60.27],[-1.68,59.77],[-2.0,59.69],[-3.0,59.7],[-4.0,59.62]],[[51.0,73.59],[50.95,73.6],[50.21,73.88],[50.0,73.93],[49.0,74.13],[48.92,74.16],[48.37,74.43],[48.0,74.63],[47.89,74.69],[47.48,74.96],[47.25,75.21],[47.16,75.47],[48.0,75.66],[48.18,75.71],[49.0,75.89],[49.65,75.96],[50.0,75.99],[51.0,76.08],[52.0,76.09],[53.0,75.98],[53.08,75.96],[54.0,75.8],[54.54,75.71],[55.0,75.65],[56.0,75.55],[56.4,75.47],[56.04,75.21],[56.0,75.17],[55.56,74.96],[55.51,74.69],[55.11,74.43],[55.02,74.16],[55.0,74.15],[54.04,73.88],[54.0,73.83],[53.05,73.6],[53.0,73.55],[52.0,73.48],[51.0,73.59]],[[-7.0,61.72],[-7.01,61.73],[-7.68,62.2],[-7.0,62.5],[-6.14,62.2],[-6.0,61.82],[-5.91,61.73],[-6.0,61.66],[-7.0,61.72]],[[-1.0,59.98],[-1.44,60.27],[-1.0,60.59],[-0.18,60.27],[-1.0,59.98]],[[32.0,72.91],[31.9,73.03],[32.0,73.07],[32.22,73.03],[32.0,72.91]]],"type":"Polygon"},"properties":{ "hvalue":2.0,"color":"#6c99d2"} }, { "type":"Feature","geometry":{"coordinates":[[[181.0,-51.87],[181.0,-51.95],[181.0,-52.56],[181.0,-53.16],[181.0,-53.76],[181.0,-54.22],[180.0,-54.2],[179.42,-54.34],[179.0,-54.39],[178.0,-54.48],[177.41,-54.34],[177.47,-53.76],[177.0,-53.22],[176.71,-53.16],[176.02,-52.56],[177.0,-52.04],[177.24,-51.95],[178.0,-51.86],[179.0,-51.86],[180.0,-51.85],[181.0,-51.87]],[[179.0,-52.7],[178.26,-52.56],[179.0,-52.08],[179.36,-52.56],[179.0,-52.7]]],"type":"Polygon"},"properties":{ "hvalue":5.0,"color":"#fee600"} }, { "type":"Feature","geometry":{"coordinates":[[[181.0,-50.23],[181.0,-50.7],[181.0,-51.33],[181.0,-51.87],[180.0,-51.85],[179.0,-51.86],[178.0,-51.86],[177.24,-51.95],[177.0,-52.04],[176.02,-52.56],[176.71,-53.16],[177.0,-53.22],[177.47,-53.76],[177.41,-54.34],[178.0,-54.48],[179.0,-54.39],[179.42,-54.34],[180.0,-54.2],[181.0,-54.22],[181.0,-54.34],[181.0,-54.92],[181.0,-55.49],[181.0,-56.06],[181.0,-56.61],[181.0,-57.16],[181.0,-57.7],[181.0,-58.23],[181.0,-58.75],[181.0,-59.26],[181.0,-59.77],[181.0,-60.27],[181.0,-60.76],[181.0,-61.25],[181.0,-61.73],[181.0,-61.89],[180.31,-61.73],[180.0,-61.54],[179.0,-61.29],[178.85,-61.25],[179.0,-61.11],[179.9,-60.76],[179.76,-60.27],[179.43,-59.77],[179.0,-59.63],[178.23,-59.26],[178.57,-58.75],[178.0,-58.65],[177.0,-58.53],[176.0,-58.49],[175.0,-58.35],[174.0,-58.3],[173.0,-58.6],[172.72,-58.75],[172.0,-59.01],[171.0,-59.17],[170.65,-59.26],[171.0,-59.4],[171.93,-59.77],[171.0,-60.09],[170.0,-60.18],[169.0,-60.25],[168.94,-60.27],[168.0,-60.61],[167.61,-60.76],[167.0,-60.9],[166.0,-61.01],[165.0,-61.21],[164.89,-61.25],[164.0,-61.55],[163.38,-61.73],[163.0,-61.76],[162.0,-61.82],[161.0,-61.86],[160.0,-61.85],[159.0,-61.85],[158.0,-61.9],[157.0,-61.91],[156.0,-61.8],[155.35,-61.73],[155.0,-61.7],[154.0,-61.65],[153.0,-61.62],[152.0,-61.61],[151.0,-61.63],[150.0,-61.68],[149.13,-61.73],[149.0,-61.74],[148.0,-61.98],[147.25,-62.2],[147.0,-62.24],[146.0,-62.23],[145.0,-62.32],[144.0,-62.43],[143.0,-62.49],[142.0,-62.54],[141.0,-62.56],[140.0,-62.58],[139.0,-62.54],[138.0,-62.5],[137.0,-62.45],[136.0,-62.39],[135.0,-62.44],[134.0,-62.62],[133.82,-62.66],[133.0,-62.86],[132.35,-63.11],[132.0,-63.19],[131.0,-63.5],[130.52,-63.56],[130.0,-63.59],[129.0,-63.63],[128.0,-63.77],[127.0,-63.77],[126.0,-63.7],[125.0,-63.56],[124.98,-63.56],[124.0,-63.35],[123.05,-63.11],[123.0,-63.09],[122.0,-62.95],[121.39,-62.66],[121.0,-62.44],[120.43,-62.2],[120.0,-62.0],[119.0,-61.74],[118.96,-61.73],[118.87,-61.25],[118.0,-60.88],[117.87,-60.76],[117.59,-60.27],[117.0,-60.02],[116.55,-59.77],[116.15,-59.26],[116.0,-59.16],[115.36,-58.75],[115.0,-58.57],[114.18,-58.23],[114.0,-58.13],[113.0,-57.71],[112.96,-57.7],[112.0,-57.29],[111.84,-57.16],[111.53,-56.61],[111.0,-56.12],[110.92,-56.06],[110.0,-55.76],[109.0,-55.62],[108.5,-55.49],[108.0,-55.24],[107.0,-54.93],[106.99,-54.92],[106.0,-54.72],[105.21,-54.92],[105.0,-55.03],[104.0,-55.47],[103.61,-54.92],[103.0,-54.85],[102.8,-54.92],[102.0,-55.49],[101.99,-55.49],[101.0,-55.89],[100.05,-55.49],[100.0,-55.46],[99.0,-55.31],[98.36,-54.92],[98.0,-54.81],[97.17,-54.34],[97.1,-53.76],[97.0,-53.6],[96.62,-53.16],[96.01,-52.56],[96.0,-52.55],[95.12,-51.95],[95.02,-51.33],[95.0,-51.32],[94.0,-50.74],[93.57,-51.33],[94.0,-51.87],[94.48,-51.95],[94.0,-51.97],[93.0,-51.98],[92.66,-51.95],[92.0,-51.63],[91.0,-51.74],[90.72,-51.95],[90.0,-52.16],[89.66,-52.56],[89.0,-53.02],[88.83,-53.16],[88.26,-53.76],[88.0,-54.31],[87.99,-54.34],[87.34,-54.92],[87.06,-55.49],[87.01,-56.06],[87.0,-56.12],[86.89,-56.61],[86.57,-57.16],[86.38,-57.7],[86.12,-58.23],[86.03,-58.75],[86.0,-58.78],[85.83,-58.75],[85.0,-58.45],[84.0,-58.33],[83.74,-58.23],[83.0,-57.73],[82.0,-57.72],[81.0,-57.82],[80.0,-58.17],[79.85,-58.23],[79.0,-58.46],[78.34,-58.75],[78.0,-58.86],[77.0,-59.17],[76.49,-59.26],[76.0,-59.29],[75.0,-59.32],[74.03,-59.77],[74.0,-59.79],[73.51,-60.27],[73.0,-60.51],[72.12,-60.76],[72.0,-60.81],[71.71,-60.76],[71.0,-60.67],[70.26,-60.76],[70.0,-60.8],[69.0,-61.12],[68.49,-61.25],[68.0,-61.42],[67.02,-61.73],[67.0,-61.73],[66.0,-61.89],[65.0,-61.81],[64.31,-61.73],[64.0,-61.69],[63.58,-61.73],[63.0,-61.8],[62.0,-62.09],[61.06,-62.2],[61.0,-62.21],[60.0,-62.28],[59.0,-62.34],[58.0,-62.5],[57.0,-62.5],[56.15,-62.66],[56.0,-62.69],[55.0,-62.67],[54.95,-62.66],[54.0,-62.47],[53.0,-62.53],[52.0,-62.59],[51.0,-62.55],[50.0,-62.36],[49.46,-62.2],[49.0,-62.12],[48.0,-62.03],[47.0,-61.91],[46.11,-61.73],[46.0,-61.7],[45.0,-61.58],[44.0,-61.44],[43.0,-61.33],[42.0,-61.33],[41.24,-61.25],[41.0,-61.17],[40.0,-60.81],[39.84,-60.76],[39.0,-60.41],[38.35,-60.27],[38.21,-59.77],[38.0,-59.6],[37.43,-59.26],[37.0,-59.07],[36.0,-58.85],[35.37,-58.75],[35.0,-58.69],[34.0,-58.56],[33.0,-58.36],[32.0,-58.34],[31.0,-58.33],[30.0,-58.4],[29.0,-58.37],[28.0,-58.33],[27.0,-58.32],[26.0,-58.46],[25.0,-58.51],[24.0,-58.54],[23.0,-58.52],[22.0,-58.33],[21.75,-58.23],[21.0,-57.93],[20.0,-57.94],[19.0,-57.81],[18.57,-57.7],[18.0,-57.51],[17.0,-57.36],[16.34,-57.16],[16.0,-57.0],[15.0,-56.81],[14.36,-56.61],[14.0,-56.47],[13.0,-56.19],[12.0,-56.07],[11.48,-56.06],[11.0,-56.0],[10.0,-55.89],[9.0,-56.02],[8.73,-56.06],[8.0,-56.1],[7.0,-56.16],[6.0,-56.23],[5.0,-56.42],[4.0,-56.47],[3.0,-56.39],[2.0,-56.24],[1.0,-56.38],[0.44,-56.61],[0.0,-56.73],[-1.0,-56.67],[-2.0,-56.64],[-2.52,-56.61],[-3.0,-56.39],[-4.0,-56.28],[-5.0,-56.33],[-6.0,-56.46],[-7.0,-56.53],[-8.0,-56.38],[-8.83,-56.06],[-9.0,-55.98],[-9.9,-55.49],[-10.0,-55.09],[-10.07,-54.92],[-10.65,-54.34],[-11.0,-53.98],[-11.54,-53.76],[-12.0,-53.67],[-12.22,-53.76],[-13.0,-54.12],[-13.47,-54.34],[-14.0,-54.54],[-15.0,-54.75],[-15.51,-54.92],[-16.0,-55.32],[-16.12,-55.49],[-16.4,-56.06],[-16.31,-56.61],[-16.55,-57.16],[-17.0,-57.23],[-18.0,-57.29],[-18.66,-57.16],[-19.0,-57.03],[-20.0,-56.7],[-20.58,-56.61],[-21.0,-56.47],[-22.0,-56.26],[-23.0,-56.09],[-23.06,-56.06],[-23.63,-55.49],[-24.0,-55.05],[-24.07,-54.92],[-25.0,-54.55],[-25.57,-54.34],[-26.0,-54.15],[-27.0,-53.92],[-28.0,-53.92],[-29.0,-54.32],[-29.06,-54.34],[-29.95,-54.92],[-30.0,-55.23],[-30.22,-55.49],[-30.77,-56.06],[-31.0,-56.17],[-32.0,-56.34],[-32.49,-56.61],[-33.0,-56.73],[-34.0,-57.01],[-35.0,-57.09],[-36.0,-56.77],[-36.34,-56.61],[-37.0,-56.37],[-37.54,-56.61],[-38.0,-56.93],[-38.5,-57.16],[-39.0,-57.59],[-40.0,-57.47],[-41.0,-57.21],[-41.15,-57.16],[-42.0,-56.82],[-42.36,-56.61],[-43.0,-56.15],[-43.3,-56.06],[-44.0,-55.9],[-44.94,-55.49],[-45.0,-55.37],[-45.6,-54.92],[-46.0,-54.78],[-47.0,-54.43],[-47.27,-54.34],[-48.0,-53.88],[-48.2,-53.76],[-48.58,-53.16],[-49.0,-52.97],[-49.58,-53.16],[-50.0,-53.24],[-50.83,-53.76],[-51.0,-53.89],[-51.84,-54.34],[-52.0,-54.88],[-52.02,-54.92],[-52.0,-54.94],[-51.71,-55.49],[-52.0,-55.6],[-53.0,-55.68],[-54.0,-55.61],[-54.37,-55.49],[-54.0,-55.04],[-53.89,-54.92],[-53.14,-54.34],[-54.0,-53.76],[-54.01,-53.76],[-54.08,-53.16],[-54.0,-52.96],[-53.71,-52.56],[-53.31,-51.95],[-53.0,-51.61],[-52.67,-51.33],[-52.08,-50.7],[-52.0,-50.4],[-51.93,-50.06],[-51.53,-49.41],[-51.69,-48.76],[-51.41,-48.09],[-51.0,-47.65],[-50.8,-47.42],[-50.94,-46.74],[-50.99,-46.05],[-50.9,-45.35],[-50.92,-44.65],[-51.0,-44.1],[-51.03,-43.93],[-51.0,-43.4],[-50.99,-43.21],[-50.41,-42.47],[-50.15,-41.73],[-50.0,-41.64],[-49.79,-41.73],[-49.41,-42.47],[-49.0,-42.65],[-48.67,-42.47],[-48.0,-42.21],[-47.58,-41.73],[-47.02,-40.98],[-47.0,-40.96],[-46.0,-40.92],[-45.45,-40.22],[-45.0,-39.74],[-44.61,-39.45],[-44.1,-38.68],[-44.0,-38.57],[-43.0,-38.25],[-42.0,-37.95],[-41.0,-38.35],[-40.21,-37.89],[-40.0,-37.81],[-39.83,-37.89],[-39.0,-38.25],[-38.0,-37.96],[-37.7,-37.89],[-37.0,-37.6],[-36.1,-37.1],[-36.0,-37.05],[-35.0,-36.77],[-34.0,-36.66],[-33.0,-36.64],[-32.0,-36.64],[-31.0,-36.61],[-30.0,-36.49],[-29.0,-36.43],[-28.0,-36.37],[-27.77,-36.3],[-27.0,-36.06],[-26.0,-36.04],[-25.0,-36.27],[-24.63,-36.3],[-24.0,-36.33],[-23.0,-36.4],[-22.0,-36.49],[-21.0,-36.41],[-20.0,-36.43],[-19.0,-36.78],[-18.0,-36.81],[-17.0,-36.79],[-16.0,-36.78],[-15.0,-36.81],[-14.02,-37.1],[-14.0,-37.11],[-13.0,-37.38],[-12.0,-37.8],[-11.16,-37.89],[-11.0,-37.92],[-10.0,-38.23],[-9.0,-38.62],[-8.87,-38.68],[-8.0,-39.17],[-7.29,-39.45],[-7.0,-39.51],[-6.0,-39.65],[-5.0,-39.77],[-4.0,-40.11],[-3.73,-40.22],[-3.0,-40.59],[-2.0,-40.93],[-1.77,-40.98],[-1.0,-41.15],[0.0,-41.53],[0.32,-41.73],[1.0,-42.25],[1.25,-42.47],[2.0,-42.87],[2.86,-43.21],[3.0,-43.26],[4.0,-43.78],[4.46,-43.93],[5.0,-44.05],[5.83,-44.65],[6.0,-44.8],[6.82,-45.35],[7.0,-45.52],[7.74,-46.05],[8.0,-46.26],[8.42,-46.74],[8.63,-47.42],[9.0,-47.69],[10.0,-48.04],[10.1,-48.09],[10.5,-48.76],[10.67,-49.41],[11.0,-49.55],[12.0,-50.03],[12.06,-50.06],[13.0,-50.34],[14.0,-50.63],[15.0,-50.62],[15.45,-50.7],[16.0,-50.81],[17.0,-51.11],[17.97,-51.33],[18.0,-51.34],[19.0,-51.66],[19.61,-51.95],[20.0,-52.12],[21.0,-52.33],[22.0,-52.38],[22.78,-52.56],[23.0,-52.61],[23.7,-52.56],[24.0,-52.54],[24.2,-52.56],[25.0,-52.74],[25.9,-53.16],[26.0,-53.18],[26.18,-53.16],[27.0,-52.94],[28.0,-52.78],[29.0,-52.67],[30.0,-52.69],[30.38,-52.56],[31.0,-52.42],[32.0,-52.27],[33.0,-52.22],[33.9,-51.95],[34.0,-51.63],[34.76,-51.33],[35.0,-51.31],[36.0,-51.08],[36.56,-50.7],[36.3,-50.06],[36.0,-49.83],[35.0,-50.06],[35.0,-50.06],[35.0,-50.06],[34.5,-49.41],[34.84,-48.76],[34.0,-48.2],[33.83,-48.09],[33.0,-47.89],[32.0,-47.96],[31.0,-47.63],[30.15,-47.42],[30.0,-47.29],[29.79,-46.74],[29.53,-46.05],[29.0,-45.84],[28.0,-45.68],[27.67,-45.35],[27.19,-44.65],[27.0,-44.43],[26.0,-43.94],[25.0,-44.08],[24.0,-44.07],[23.64,-43.93],[24.0,-43.74],[24.37,-43.21],[24.0,-43.09],[23.0,-43.13],[22.48,-43.21],[22.0,-43.32],[21.0,-43.57],[20.0,-43.63],[19.46,-43.21],[19.36,-42.47],[20.0,-41.87],[20.14,-41.73],[20.13,-40.98],[20.0,-40.86],[19.51,-40.22],[19.19,-39.45],[19.0,-39.16],[18.0,-39.17],[17.72,-38.68],[18.0,-37.91],[18.01,-37.89],[18.0,-37.88],[17.73,-37.1],[17.33,-36.3],[17.0,-36.14],[16.3,-35.49],[16.0,-34.73],[15.85,-34.67],[16.0,-34.6],[16.93,-33.84],[17.0,-33.81],[17.06,-33.84],[18.0,-34.16],[19.0,-34.66],[19.01,-34.67],[20.0,-35.41],[21.0,-35.01],[22.0,-34.82],[22.31,-34.67],[23.0,-34.63],[24.0,-34.56],[25.0,-34.54],[26.0,-34.42],[26.51,-33.84],[27.0,-33.71],[28.0,-33.35],[28.48,-33.01],[29.0,-32.62],[29.7,-32.16],[30.0,-32.09],[30.71,-32.16],[30.62,-33.01],[30.4,-33.84],[30.15,-34.67],[30.15,-35.49],[31.0,-36.24],[31.12,-36.3],[32.0,-37.05],[32.04,-37.1],[32.32,-37.89],[32.85,-38.68],[33.0,-38.77],[33.77,-38.68],[34.0,-38.64],[35.0,-38.59],[36.0,-38.67],[37.0,-38.11],[38.0,-38.45],[38.49,-38.68],[39.0,-38.97],[39.28,-38.68],[40.0,-38.16],[40.68,-37.89],[41.0,-37.8],[41.32,-37.89],[42.0,-38.23],[42.29,-38.68],[43.0,-39.4],[43.06,-39.45],[44.0,-39.83],[44.72,-40.22],[45.0,-40.45],[46.0,-40.9],[46.21,-40.98],[47.0,-41.17],[47.6,-40.98],[48.0,-40.58],[49.0,-40.51],[49.43,-40.98],[50.0,-41.64],[51.0,-41.47],[52.0,-41.03],[53.0,-41.51],[54.0,-41.62],[54.29,-41.73],[54.86,-42.47],[55.0,-42.81],[56.0,-42.82],[57.0,-42.6],[57.32,-42.47],[57.0,-42.2],[56.0,-41.9],[55.59,-41.73],[56.0,-41.3],[56.32,-40.98],[57.0,-40.82],[57.54,-40.98],[58.0,-41.23],[58.49,-40.98],[59.0,-40.83],[59.63,-40.98],[60.0,-41.15],[61.0,-41.03],[61.13,-40.98],[62.0,-40.57],[62.4,-40.22],[63.0,-39.88],[64.0,-39.77],[65.0,-39.59],[65.29,-39.45],[66.0,-38.91],[66.43,-38.68],[67.0,-38.45],[68.0,-37.91],[68.03,-37.89],[69.0,-37.11],[69.01,-37.1],[70.0,-36.3],[70.0,-36.3],[70.61,-35.49],[70.9,-34.67],[70.67,-33.84],[70.0,-33.24],[69.65,-33.01],[69.0,-32.37],[68.89,-32.16],[68.81,-31.31],[68.38,-30.46],[68.32,-29.59],[68.24,-28.72],[68.0,-28.41],[67.29,-28.72],[67.0,-28.81],[66.7,-28.72],[66.09,-27.84],[66.0,-27.7],[65.68,-26.95],[66.0,-26.39],[66.18,-26.05],[66.0,-25.71],[65.0,-25.89],[64.55,-26.05],[64.0,-26.28],[63.35,-26.05],[63.0,-25.91],[62.0,-25.96],[61.46,-25.15],[61.0,-24.66],[60.33,-24.24],[60.0,-24.07],[59.0,-23.48],[58.49,-23.33],[58.0,-23.25],[57.45,-23.33],[57.0,-23.45],[56.0,-23.36],[55.98,-23.33],[56.0,-23.18],[56.13,-22.41],[56.23,-21.48],[57.0,-20.95],[57.32,-20.55],[57.91,-19.61],[58.0,-19.3],[58.19,-18.66],[58.01,-17.71],[58.0,-17.68],[57.35,-16.76],[57.0,-16.3],[56.7,-15.8],[57.0,-15.45],[58.0,-15.21],[59.0,-15.12],[60.0,-15.18],[61.0,-15.31],[61.75,-14.83],[62.0,-14.43],[63.0,-14.04],[64.0,-13.89],[64.19,-13.86],[65.0,-13.73],[65.28,-13.86],[66.0,-14.15],[67.0,-14.23],[68.0,-14.49],[69.0,-14.81],[70.0,-14.82],[70.07,-14.83],[71.0,-14.94],[72.0,-15.09],[73.0,-15.28],[74.0,-15.55],[74.6,-15.8],[75.0,-15.99],[76.0,-16.18],[77.0,-16.71],[77.09,-16.76],[78.0,-17.54],[78.33,-17.71],[79.0,-18.04],[80.0,-18.0],[81.0,-18.46],[81.32,-18.66],[82.0,-19.03],[82.78,-19.61],[83.0,-19.78],[84.0,-19.97],[84.77,-20.55],[85.0,-20.94],[85.59,-21.48],[86.0,-22.17],[86.44,-22.41],[87.0,-22.52],[87.67,-22.41],[88.0,-22.37],[88.05,-22.41],[88.77,-23.33],[89.0,-23.96],[90.0,-24.15],[91.0,-24.06],[91.37,-24.24],[92.0,-24.75],[92.82,-25.15],[93.0,-25.24],[93.96,-26.05],[94.0,-26.07],[95.0,-26.32],[96.0,-26.51],[97.0,-26.83],[97.36,-26.95],[98.0,-27.15],[98.84,-27.84],[99.0,-27.97],[100.0,-28.48],[100.59,-28.72],[101.0,-28.89],[102.0,-29.56],[102.04,-29.59],[103.0,-30.29],[103.17,-30.46],[103.8,-31.31],[104.0,-31.66],[104.27,-32.16],[104.99,-33.01],[105.0,-33.04],[105.41,-33.84],[105.91,-34.67],[106.0,-35.17],[106.05,-35.49],[106.0,-35.65],[105.77,-36.3],[106.0,-36.49],[107.0,-36.84],[107.5,-37.1],[107.95,-37.89],[108.0,-37.96],[108.86,-38.68],[109.0,-38.77],[110.0,-39.33],[110.17,-39.45],[111.0,-40.0],[111.27,-40.22],[112.0,-40.85],[112.2,-40.98],[113.0,-41.44],[113.52,-41.73],[114.0,-42.37],[114.3,-42.47],[115.0,-42.65],[115.15,-42.47],[115.4,-41.73],[115.64,-40.98],[116.0,-40.75],[116.95,-40.22],[117.0,-40.2],[118.0,-40.12],[118.58,-40.22],[119.0,-40.35],[120.0,-40.81],[120.23,-40.98],[120.86,-41.73],[120.88,-42.47],[121.0,-42.63],[121.6,-43.21],[122.0,-43.43],[122.82,-43.93],[123.0,-44.02],[124.0,-44.41],[125.0,-44.64],[125.01,-44.65],[126.0,-45.03],[127.0,-45.35],[127.0,-45.35],[128.0,-45.6],[129.0,-45.79],[130.0,-45.91],[131.0,-45.83],[132.0,-45.67],[133.0,-45.58],[134.0,-45.56],[135.0,-45.43],[135.45,-45.35],[136.0,-44.92],[136.25,-44.65],[137.0,-44.12],[137.18,-43.93],[137.65,-43.21],[138.0,-42.7],[138.22,-42.47],[138.0,-42.2],[137.63,-41.73],[137.51,-40.98],[137.25,-40.22],[137.0,-39.97],[136.0,-39.48],[135.95,-39.45],[135.58,-38.68],[136.0,-37.99],[136.04,-37.89],[136.0,-37.72],[135.76,-37.1],[135.98,-36.3],[136.0,-36.3],[136.03,-36.3],[137.0,-36.44],[138.0,-36.66],[139.0,-36.64],[139.09,-37.1],[140.0,-37.81],[140.11,-37.89],[141.0,-38.56],[142.0,-38.6],[143.0,-38.59],[143.6,-38.68],[144.0,-39.24],[144.13,-39.45],[144.33,-40.22],[144.17,-40.98],[144.18,-41.73],[145.0,-42.35],[145.16,-42.47],[145.19,-43.21],[146.0,-43.77],[147.0,-43.76],[148.0,-43.42],[148.36,-43.21],[149.0,-42.74],[149.63,-42.47],[150.0,-41.84],[150.15,-41.73],[150.79,-40.98],[151.0,-40.51],[151.25,-40.22],[151.0,-39.88],[150.78,-39.45],[150.34,-38.68],[150.2,-37.89],[150.67,-37.1],[150.79,-36.3],[150.79,-35.49],[150.9,-34.67],[151.0,-34.59],[151.71,-33.84],[151.73,-33.01],[152.0,-32.78],[152.77,-32.16],[153.0,-31.8],[153.67,-31.31],[153.77,-30.46],[153.75,-29.59],[153.91,-28.72],[154.0,-28.48],[154.65,-28.72],[155.0,-28.97],[155.46,-29.59],[155.32,-30.46],[155.39,-31.31],[156.0,-31.73],[156.23,-32.16],[156.41,-33.01],[156.79,-33.84],[157.0,-33.99],[157.59,-34.67],[158.0,-35.13],[158.34,-35.49],[159.0,-36.29],[159.01,-36.3],[160.0,-37.01],[160.15,-37.1],[161.0,-37.77],[161.18,-37.89],[162.0,-38.61],[162.1,-38.68],[162.76,-39.45],[163.0,-39.68],[163.67,-40.22],[164.0,-40.89],[164.06,-40.98],[164.18,-41.73],[164.02,-42.47],[164.0,-42.54],[163.26,-43.21],[163.0,-43.72],[162.93,-43.93],[163.0,-44.05],[164.0,-44.53],[165.0,-44.57],[166.0,-44.07],[166.25,-43.93],[167.0,-43.83],[167.07,-43.93],[167.0,-44.09],[166.28,-44.65],[166.01,-45.35],[166.01,-46.05],[166.75,-46.74],[167.0,-47.01],[167.09,-47.42],[168.0,-47.98],[169.0,-48.05],[169.2,-48.09],[170.0,-48.27],[171.0,-48.32],[172.0,-48.41],[173.0,-48.56],[174.0,-48.61],[175.0,-48.65],[176.0,-48.57],[176.74,-48.76],[177.0,-48.85],[177.83,-49.41],[178.0,-49.54],[178.6,-50.06],[179.0,-50.31],[180.0,-50.33],[181.0,-50.23]],[[51.0,-62.32],[50.5,-62.2],[50.0,-62.08],[49.0,-61.92],[48.0,-61.82],[47.4,-61.73],[47.0,-61.62],[46.0,-61.4],[45.0,-61.26],[44.9,-61.25],[44.0,-60.9],[43.42,-60.76],[43.0,-60.49],[42.73,-60.27],[42.28,-59.77],[42.0,-59.51],[41.64,-59.26],[41.03,-58.75],[41.0,-58.7],[40.73,-58.23],[40.63,-57.7],[40.5,-57.16],[41.0,-56.65],[41.03,-56.61],[41.28,-56.06],[42.0,-55.75],[42.99,-55.49],[42.0,-54.98],[41.87,-54.92],[41.26,-54.34],[42.0,-53.96],[42.47,-53.76],[43.0,-53.21],[43.07,-53.16],[43.36,-52.56],[44.0,-52.15],[44.27,-51.95],[45.0,-51.54],[45.65,-51.33],[46.0,-51.26],[47.0,-50.97],[47.49,-50.7],[48.0,-50.4],[49.0,-50.25],[50.0,-50.2],[50.8,-50.06],[50.0,-49.96],[49.0,-49.89],[48.0,-49.78],[47.0,-49.81],[46.0,-49.64],[45.64,-49.41],[45.0,-48.83],[44.9,-48.76],[44.0,-48.18],[43.88,-48.09],[43.51,-47.42],[43.48,-46.74],[43.02,-46.05],[43.0,-46.0],[42.65,-45.35],[42.03,-44.65],[42.0,-44.62],[41.2,-43.93],[41.0,-43.75],[40.56,-43.21],[40.0,-42.69],[39.63,-42.47],[39.0,-41.76],[38.98,-41.73],[39.0,-41.56],[39.13,-40.98],[40.0,-40.66],[40.51,-40.98],[40.55,-41.73],[41.0,-42.22],[41.91,-42.47],[42.0,-42.84],[43.0,-43.13],[43.21,-43.21],[44.0,-43.33],[45.0,-43.41],[46.0,-43.53],[47.0,-43.68],[47.69,-43.93],[48.0,-44.03],[49.0,-44.19],[50.0,-44.12],[51.0,-44.39],[51.68,-44.65],[52.0,-44.7],[52.88,-45.35],[53.0,-45.45],[54.0,-45.52],[55.0,-45.55],[56.0,-45.59],[56.28,-45.35],[56.16,-44.65],[57.0,-44.34],[58.0,-44.2],[58.54,-43.93],[59.0,-43.67],[59.78,-43.93],[60.0,-44.0],[60.17,-43.93],[60.35,-43.21],[61.0,-43.09],[62.0,-42.73],[63.0,-42.69],[64.0,-42.7],[64.59,-42.47],[65.0,-42.3],[65.9,-42.47],[66.0,-42.49],[66.07,-42.47],[67.0,-42.17],[68.0,-41.85],[68.59,-41.73],[69.0,-41.61],[70.0,-41.32],[71.0,-41.08],[71.3,-40.98],[71.92,-40.22],[72.0,-40.09],[72.53,-39.45],[73.0,-38.92],[73.23,-38.68],[74.0,-38.08],[74.38,-37.89],[75.0,-37.6],[76.0,-37.49],[77.0,-37.55],[77.66,-37.89],[78.0,-38.04],[78.22,-37.89],[79.0,-37.19],[79.1,-37.1],[79.79,-36.3],[79.21,-35.49],[79.0,-35.37],[78.46,-34.67],[78.31,-33.84],[78.0,-33.01],[78.0,-33.01],[77.45,-32.16],[77.36,-31.31],[77.77,-30.46],[78.0,-30.06],[78.23,-29.59],[78.41,-28.72],[78.63,-27.84],[78.0,-27.37],[77.66,-26.95],[78.0,-26.7],[78.56,-26.05],[79.0,-25.17],[80.0,-25.23],[80.13,-25.15],[81.0,-24.85],[81.92,-25.15],[82.0,-25.18],[83.0,-25.51],[84.0,-25.29],[85.0,-25.26],[86.0,-25.31],[86.81,-26.05],[87.0,-26.62],[88.0,-26.78],[89.0,-26.24],[90.0,-26.27],[90.73,-26.95],[91.0,-27.12],[92.0,-27.04],[93.0,-27.46],[94.0,-27.53],[95.0,-27.67],[95.52,-27.84],[96.0,-28.04],[97.0,-28.48],[97.35,-28.72],[98.0,-29.09],[99.0,-29.58],[99.04,-29.59],[100.0,-29.95],[100.67,-30.46],[101.0,-30.77],[101.58,-31.31],[102.0,-31.62],[102.54,-32.16],[102.76,-33.01],[102.87,-33.84],[103.0,-34.35],[103.09,-34.67],[103.0,-34.91],[102.68,-35.49],[102.0,-36.1],[101.71,-36.3],[101.0,-36.74],[100.36,-37.1],[100.0,-37.71],[99.9,-37.89],[99.0,-38.61],[98.92,-38.68],[98.9,-39.45],[98.09,-40.22],[98.0,-40.29],[97.18,-40.98],[97.28,-41.73],[97.0,-42.18],[96.6,-42.47],[97.0,-42.92],[97.22,-43.21],[98.0,-43.93],[98.0,-43.93],[98.01,-43.93],[99.0,-43.76],[99.27,-43.93],[99.47,-44.65],[100.0,-45.03],[101.0,-44.85],[101.58,-44.65],[102.0,-44.46],[102.21,-44.65],[102.0,-44.91],[101.66,-45.35],[102.0,-45.9],[103.0,-46.01],[103.06,-46.05],[103.5,-46.74],[103.0,-47.35],[102.96,-47.42],[103.0,-47.44],[103.92,-48.09],[104.0,-48.2],[104.52,-48.76],[104.27,-49.41],[104.77,-50.06],[104.77,-50.7],[104.62,-51.33],[104.0,-51.84],[103.45,-51.95],[103.0,-52.05],[102.0,-52.1],[101.35,-51.95],[101.0,-51.81],[100.57,-51.33],[100.16,-50.7],[100.0,-50.56],[99.08,-50.06],[99.0,-50.03],[98.79,-50.06],[98.0,-50.17],[97.0,-50.16],[96.59,-50.06],[96.6,-49.41],[96.0,-49.04],[95.62,-48.76],[95.0,-48.52],[94.0,-48.58],[93.0,-48.44],[92.26,-48.76],[92.0,-48.88],[91.07,-49.41],[91.0,-49.43],[90.0,-49.71],[89.28,-50.06],[89.12,-50.7],[89.0,-50.95],[88.78,-51.33],[88.09,-51.95],[88.0,-52.07],[87.69,-52.56],[87.0,-53.07],[86.87,-53.16],[86.0,-53.54],[85.0,-53.66],[84.27,-53.76],[84.0,-53.82],[83.84,-53.76],[83.22,-53.16],[83.0,-52.83],[82.52,-52.56],[83.0,-52.32],[83.37,-51.95],[83.0,-51.86],[82.0,-51.81],[81.43,-51.95],[81.0,-52.24],[80.07,-52.56],[80.86,-53.16],[80.58,-53.76],[80.81,-54.34],[80.0,-54.65],[79.81,-54.92],[79.42,-55.49],[79.0,-55.81],[78.32,-56.06],[78.16,-56.61],[78.0,-56.76],[77.63,-57.16],[77.0,-57.69],[76.99,-57.7],[76.0,-58.19],[75.93,-58.23],[75.0,-58.53],[74.56,-58.75],[74.0,-58.97],[73.63,-59.26],[73.37,-59.77],[73.0,-60.23],[72.88,-60.27],[72.0,-60.4],[71.0,-60.39],[70.0,-60.51],[69.43,-60.76],[69.0,-60.91],[68.0,-61.11],[67.55,-61.25],[67.0,-61.42],[66.0,-61.67],[65.0,-61.53],[64.0,-61.46],[63.0,-61.56],[62.3,-61.73],[62.0,-61.82],[61.0,-61.97],[60.0,-61.98],[59.0,-61.96],[58.1,-62.2],[58.0,-62.22],[57.81,-62.2],[57.0,-62.08],[56.14,-62.2],[56.0,-62.22],[55.46,-62.2],[55.0,-62.17],[54.0,-61.95],[53.0,-62.11],[52.62,-62.2],[52.0,-62.33],[51.0,-62.32]],[[128.0,-62.68],[127.92,-62.66],[127.0,-62.55],[126.0,-62.38],[125.28,-62.2],[125.0,-62.12],[124.0,-61.78],[123.85,-61.73],[123.08,-61.25],[123.38,-60.76],[123.0,-60.61],[122.09,-60.27],[122.0,-60.21],[121.46,-59.77],[121.09,-59.26],[121.0,-59.19],[120.33,-58.75],[120.0,-58.55],[119.26,-58.23],[119.0,-58.09],[118.53,-57.7],[118.59,-57.16],[119.0,-56.63],[119.02,-56.61],[119.13,-56.06],[119.0,-55.98],[118.5,-55.49],[118.0,-55.08],[117.83,-54.92],[117.5,-54.34],[117.71,-53.76],[118.0,-53.66],[118.57,-53.16],[118.85,-52.56],[119.0,-52.3],[119.42,-51.95],[119.6,-51.33],[120.0,-50.98],[120.18,-50.7],[120.0,-50.61],[119.53,-50.7],[119.0,-50.93],[118.79,-50.7],[118.0,-50.41],[117.0,-50.42],[116.0,-50.33],[115.01,-50.06],[115.0,-50.06],[114.0,-50.04],[113.0,-49.68],[112.64,-49.41],[112.19,-48.76],[112.0,-48.54],[111.65,-48.09],[111.44,-47.42],[111.42,-46.74],[111.34,-46.05],[111.19,-45.35],[111.0,-44.88],[110.96,-44.65],[111.0,-44.58],[112.0,-44.64],[112.04,-44.65],[113.0,-44.88],[113.72,-45.35],[114.0,-45.51],[114.93,-46.05],[115.0,-46.12],[115.92,-46.74],[116.0,-46.77],[117.0,-47.4],[117.53,-47.42],[118.0,-47.46],[118.06,-47.42],[119.0,-47.03],[120.0,-47.07],[121.0,-47.02],[122.0,-47.16],[123.0,-47.33],[124.0,-47.39],[124.08,-47.42],[125.0,-47.78],[126.0,-47.85],[127.0,-47.71],[128.0,-48.03],[128.06,-48.09],[129.0,-48.4],[130.0,-48.41],[131.0,-48.37],[132.0,-48.2],[133.0,-48.23],[134.0,-48.25],[135.0,-48.23],[135.36,-48.09],[136.0,-47.95],[137.0,-47.82],[138.0,-47.94],[139.0,-47.89],[140.0,-47.81],[141.0,-47.56],[141.35,-47.42],[142.0,-46.89],[142.25,-46.74],[142.17,-46.05],[143.0,-45.68],[143.45,-45.35],[144.0,-44.8],[144.18,-44.65],[144.74,-43.93],[145.0,-43.52],[146.0,-43.91],[147.0,-43.9],[148.0,-43.76],[148.93,-43.21],[149.0,-43.16],[150.0,-42.98],[151.0,-42.93],[152.0,-42.92],[153.0,-42.86],[154.0,-42.8],[154.82,-43.21],[155.0,-43.32],[155.72,-43.93],[156.0,-44.08],[157.0,-44.53],[157.23,-44.65],[158.0,-45.28],[158.06,-45.35],[158.79,-46.05],[159.0,-46.21],[159.76,-46.74],[160.0,-46.87],[160.82,-47.42],[161.0,-47.49],[162.0,-47.94],[162.41,-48.09],[163.0,-48.38],[163.77,-48.76],[164.0,-48.94],[164.75,-49.41],[165.0,-49.48],[166.0,-49.91],[166.09,-50.06],[166.0,-50.08],[165.26,-50.7],[166.0,-51.23],[167.0,-51.22],[168.0,-51.06],[169.0,-50.88],[170.0,-50.73],[170.26,-50.7],[171.0,-50.61],[172.0,-50.52],[173.0,-50.52],[174.0,-50.45],[175.0,-50.24],[175.64,-50.7],[175.57,-51.33],[175.8,-51.95],[175.97,-52.56],[175.0,-52.86],[174.74,-53.16],[174.0,-53.41],[173.24,-53.76],[173.0,-53.93],[172.62,-54.34],[172.0,-54.69],[171.47,-54.92],[171.0,-55.24],[170.66,-55.49],[170.0,-55.9],[169.0,-55.92],[168.02,-56.06],[168.0,-56.33],[167.98,-56.61],[168.0,-56.63],[168.87,-57.16],[168.0,-57.68],[167.98,-57.7],[167.0,-58.0],[166.38,-58.23],[166.0,-58.43],[165.59,-58.75],[165.42,-59.26],[165.0,-59.46],[164.0,-59.73],[163.0,-59.74],[162.89,-59.77],[163.0,-59.88],[163.37,-60.27],[163.0,-60.38],[162.0,-60.56],[161.0,-60.6],[160.0,-60.63],[159.0,-60.65],[158.04,-60.76],[158.0,-60.77],[157.0,-60.87],[156.0,-60.92],[155.0,-60.92],[154.0,-60.97],[153.0,-60.93],[152.0,-60.94],[151.0,-60.97],[150.0,-61.03],[149.0,-61.11],[148.0,-61.17],[147.45,-61.25],[147.0,-61.35],[146.0,-61.65],[145.68,-61.73],[145.0,-61.85],[144.0,-61.99],[143.0,-62.05],[142.0,-62.04],[141.0,-61.94],[140.0,-61.79],[139.38,-61.73],[139.0,-61.65],[138.0,-61.36],[137.5,-61.25],[137.0,-61.17],[136.0,-61.22],[135.82,-61.25],[135.0,-61.37],[134.0,-61.67],[133.76,-61.73],[133.0,-61.9],[132.0,-62.16],[131.91,-62.2],[131.0,-62.58],[130.6,-62.66],[130.0,-62.79],[129.0,-62.84],[128.0,-62.68]],[[-40.0,-56.74],[-40.42,-56.61],[-41.0,-56.18],[-41.1,-56.06],[-42.0,-55.57],[-42.33,-55.49],[-42.88,-54.92],[-43.0,-54.82],[-43.46,-54.34],[-44.0,-53.92],[-44.34,-53.76],[-45.0,-53.33],[-45.19,-53.16],[-45.55,-52.56],[-45.54,-51.95],[-46.0,-51.53],[-46.33,-51.33],[-47.0,-50.71],[-47.01,-50.7],[-47.29,-50.06],[-47.35,-49.41],[-47.0,-48.77],[-46.99,-48.76],[-46.45,-48.09],[-47.0,-47.54],[-48.0,-47.67],[-48.35,-47.42],[-48.51,-46.74],[-48.34,-46.05],[-48.04,-45.35],[-48.0,-45.28],[-47.63,-44.65],[-47.34,-43.93],[-47.0,-43.55],[-46.18,-43.21],[-46.0,-43.16],[-45.0,-42.68],[-44.73,-42.47],[-44.0,-41.74],[-43.93,-41.73],[-43.0,-41.6],[-42.0,-41.71],[-41.0,-41.23],[-40.57,-40.98],[-40.0,-40.56],[-39.61,-40.22],[-39.0,-39.67],[-38.0,-39.63],[-37.51,-39.45],[-37.0,-39.24],[-36.0,-39.14],[-35.0,-39.11],[-34.0,-38.82],[-33.0,-38.84],[-32.48,-38.68],[-32.0,-38.62],[-31.0,-38.64],[-30.0,-38.65],[-29.0,-38.66],[-28.39,-38.68],[-28.0,-38.69],[-27.0,-38.73],[-26.0,-39.15],[-25.66,-39.45],[-25.0,-39.62],[-24.0,-39.6],[-23.0,-39.72],[-22.0,-39.88],[-21.35,-40.22],[-21.0,-40.39],[-20.0,-40.82],[-19.63,-40.98],[-19.0,-41.24],[-18.0,-41.73],[-18.0,-41.73],[-17.84,-41.73],[-17.0,-41.71],[-16.0,-41.71],[-15.98,-41.73],[-15.0,-42.06],[-14.0,-42.07],[-13.57,-41.73],[-14.0,-41.34],[-14.6,-40.98],[-15.0,-40.52],[-16.0,-40.52],[-17.0,-40.31],[-17.27,-40.22],[-17.0,-40.1],[-16.0,-40.09],[-15.0,-40.14],[-14.0,-39.82],[-13.0,-39.73],[-12.0,-39.83],[-11.0,-39.89],[-10.31,-40.22],[-10.0,-40.39],[-9.0,-40.59],[-8.0,-40.79],[-7.29,-40.98],[-7.0,-41.1],[-6.0,-41.45],[-5.01,-41.73],[-5.0,-41.73],[-4.0,-41.91],[-3.23,-42.47],[-3.0,-42.55],[-2.0,-42.95],[-1.48,-43.21],[-1.0,-43.55],[0.0,-43.91],[0.04,-43.93],[1.0,-44.46],[1.39,-44.65],[1.77,-45.35],[2.0,-45.41],[3.0,-45.94],[3.19,-46.05],[4.0,-46.67],[4.09,-46.74],[4.89,-47.42],[5.0,-47.54],[5.5,-48.09],[5.88,-48.76],[5.92,-49.41],[6.0,-49.61],[6.17,-50.06],[6.68,-50.7],[6.93,-51.33],[6.81,-51.95],[6.51,-52.56],[6.0,-53.15],[5.96,-53.16],[5.0,-53.31],[4.0,-53.31],[3.0,-53.75],[2.97,-53.76],[2.3,-54.34],[2.0,-54.44],[1.0,-54.85],[0.0,-54.74],[-1.0,-54.71],[-2.0,-54.81],[-2.7,-54.92],[-3.0,-54.98],[-4.0,-55.37],[-4.18,-55.49],[-5.0,-55.68],[-6.0,-55.86],[-7.0,-55.87],[-8.0,-55.68],[-8.39,-55.49],[-8.57,-54.92],[-8.91,-54.34],[-8.96,-53.76],[-9.0,-53.63],[-9.29,-53.16],[-10.0,-52.7],[-10.41,-52.56],[-11.0,-52.34],[-12.0,-52.24],[-12.94,-52.56],[-13.0,-52.58],[-13.73,-53.16],[-14.0,-53.29],[-14.82,-53.16],[-15.0,-53.13],[-16.0,-53.16],[-16.06,-53.16],[-17.0,-53.19],[-18.0,-53.51],[-18.79,-53.76],[-18.86,-54.34],[-19.0,-54.55],[-20.0,-54.68],[-20.49,-54.34],[-21.0,-54.18],[-22.0,-54.07],[-23.0,-53.8],[-23.06,-53.76],[-24.0,-53.5],[-25.0,-53.22],[-25.37,-53.16],[-26.0,-53.08],[-27.0,-53.02],[-28.0,-53.11],[-28.64,-53.16],[-29.0,-53.2],[-30.0,-53.41],[-31.0,-53.54],[-32.0,-53.61],[-32.67,-53.76],[-33.0,-53.97],[-34.0,-53.97],[-34.09,-53.76],[-35.0,-53.46],[-36.0,-53.62],[-37.0,-53.62],[-37.36,-53.76],[-37.77,-54.34],[-37.0,-54.82],[-36.0,-54.91],[-35.0,-54.83],[-34.39,-54.92],[-34.0,-55.11],[-33.22,-55.49],[-33.61,-56.06],[-33.68,-56.61],[-34.0,-56.67],[-35.0,-56.71],[-35.42,-56.61],[-36.0,-56.46],[-37.0,-56.17],[-37.98,-56.61],[-38.0,-56.62],[-39.0,-56.93],[-40.0,-56.74]],[[35.0,-46.19],[34.38,-46.05],[34.0,-46.0],[33.0,-45.65],[32.0,-45.69],[31.02,-45.35],[31.0,-45.34],[30.08,-44.65],[30.0,-44.59],[29.18,-43.93],[29.0,-43.73],[28.29,-43.21],[28.0,-42.91],[27.27,-42.47],[27.0,-42.32],[26.0,-41.91],[25.58,-41.73],[25.0,-41.44],[24.35,-40.98],[24.05,-40.22],[24.0,-40.19],[23.0,-39.93],[22.22,-40.22],[22.0,-40.31],[21.71,-40.22],[21.41,-39.45],[21.4,-38.68],[21.12,-37.89],[21.06,-37.1],[21.0,-36.71],[20.93,-36.3],[21.0,-36.28],[22.0,-36.06],[23.0,-35.58],[23.76,-36.3],[24.0,-36.57],[24.96,-36.3],[25.0,-36.29],[26.0,-36.04],[26.74,-36.3],[26.92,-37.1],[27.0,-37.15],[27.07,-37.1],[28.0,-36.72],[29.0,-36.69],[29.69,-37.1],[30.0,-37.75],[30.07,-37.89],[30.02,-38.68],[30.28,-39.45],[31.0,-39.6],[32.0,-39.72],[32.61,-40.22],[32.46,-40.98],[33.0,-41.65],[33.15,-41.73],[33.64,-42.47],[34.0,-43.04],[34.1,-43.21],[34.54,-43.93],[34.9,-44.65],[35.0,-44.89],[35.22,-45.35],[35.37,-46.05],[35.0,-46.19]],[[155.0,-39.49],[154.91,-39.45],[154.38,-38.68],[154.18,-37.89],[154.0,-37.65],[153.0,-37.2],[152.0,-37.26],[151.8,-37.1],[151.0,-36.41],[150.99,-36.3],[150.99,-35.49],[151.0,-35.44],[151.61,-34.67],[151.89,-33.84],[151.91,-33.01],[152.0,-32.93],[152.96,-32.16],[153.0,-32.09],[154.0,-31.83],[154.54,-32.16],[155.0,-32.35],[155.79,-33.01],[156.0,-33.29],[156.13,-33.84],[157.0,-34.47],[157.17,-34.67],[157.81,-35.49],[158.0,-35.59],[158.62,-36.3],[159.0,-36.81],[159.42,-37.1],[160.0,-37.71],[160.23,-37.89],[160.44,-38.68],[160.46,-39.45],[160.0,-40.01],[159.0,-40.08],[158.0,-39.89],[157.17,-39.45],[157.0,-39.34],[156.0,-39.21],[155.2,-39.45],[155.0,-39.49]],[[22.0,-57.9],[21.44,-57.7],[21.0,-57.56],[20.0,-57.65],[19.0,-57.35],[18.14,-57.16],[18.0,-57.1],[17.0,-56.66],[16.88,-56.61],[16.23,-56.06],[16.0,-55.89],[15.28,-55.49],[15.27,-54.92],[16.0,-54.47],[16.31,-54.34],[16.68,-53.76],[17.0,-53.66],[18.0,-53.56],[19.0,-53.59],[20.0,-53.56],[21.0,-53.57],[22.0,-53.61],[23.0,-53.74],[23.07,-53.76],[24.0,-54.08],[25.0,-54.33],[25.08,-54.34],[26.0,-54.51],[26.94,-54.92],[27.0,-55.16],[27.11,-55.49],[28.0,-55.79],[28.55,-56.06],[28.0,-56.57],[27.95,-56.61],[27.49,-57.16],[27.0,-57.33],[26.0,-57.68],[25.96,-57.7],[25.0,-57.93],[24.0,-58.02],[23.0,-58.05],[22.0,-57.9]],[[75.0,-25.56],[74.32,-25.15],[74.0,-24.62],[73.88,-24.24],[73.54,-23.33],[73.0,-22.88],[72.0,-22.78],[71.0,-22.58],[70.94,-22.41],[70.99,-21.48],[71.0,-21.4],[71.18,-20.55],[71.35,-19.61],[72.0,-19.05],[73.0,-18.77],[74.0,-19.49],[74.16,-19.61],[74.4,-20.55],[75.0,-20.84],[75.57,-21.48],[76.0,-21.89],[76.37,-21.48],[77.0,-21.19],[77.48,-21.48],[77.71,-22.41],[77.55,-23.33],[77.19,-24.24],[77.0,-24.49],[76.33,-25.15],[76.0,-25.59],[75.0,-25.56]],[[68.0,-20.63],[67.9,-20.55],[68.0,-20.34],[68.33,-19.61],[69.0,-18.84],[69.73,-19.61],[69.01,-20.55],[69.0,-20.56],[68.0,-20.63]],[[-20.0,-56.07],[-20.04,-56.06],[-21.0,-55.5],[-21.01,-55.49],[-21.04,-54.92],[-21.0,-54.85],[-20.82,-54.92],[-20.0,-55.18],[-19.3,-55.49],[-19.0,-55.76],[-18.89,-56.06],[-19.0,-56.11],[-20.0,-56.07]],[[-37.0,-54.72],[-37.61,-54.34],[-37.0,-53.8],[-36.0,-53.91],[-35.05,-54.34],[-36.0,-54.71],[-37.0,-54.72]],[[65.0,-20.94],[64.69,-20.55],[64.98,-19.61],[65.0,-19.59],[66.0,-19.44],[66.03,-19.61],[66.0,-20.18],[65.91,-20.55],[65.0,-20.94]],[[154.0,-30.86],[153.97,-30.46],[153.94,-29.59],[154.0,-29.28],[154.41,-29.59],[154.2,-30.46],[154.0,-30.86]],[[166.0,-50.83],[165.81,-50.7],[166.0,-50.54],[167.0,-50.54],[167.26,-50.7],[167.0,-50.79],[166.0,-50.83]],[[38.0,-46.99],[37.82,-46.74],[38.0,-46.44],[38.44,-46.74],[38.0,-46.99]],[[28.0,-35.56],[27.89,-35.49],[28.0,-35.44],[28.07,-35.49],[28.0,-35.56]],[[34.0,-53.16],[33.99,-53.16],[34.0,-53.15],[34.04,-53.16],[34.0,-53.16]]],"type":"Polygon"},"properties":{ "hvalue":4.9,"color":"#6bff6b"} }, { "type":"Feature","geometry":{"coordinates":[[[181.0,-48.84],[181.0,-49.41],[181.0,-50.06],[181.0,-50.23],[180.0,-50.33],[179.0,-50.31],[178.6,-50.06],[178.0,-49.54],[177.83,-49.41],[177.0,-48.85],[176.74,-48.76],[176.0,-48.57],[175.0,-48.65],[174.0,-48.61],[173.0,-48.56],[172.0,-48.41],[171.0,-48.32],[170.0,-48.27],[169.2,-48.09],[169.0,-48.05],[168.0,-47.98],[167.09,-47.42],[167.0,-47.01],[166.75,-46.74],[166.01,-46.05],[166.01,-45.35],[166.28,-44.65],[167.0,-44.09],[167.07,-43.93],[167.0,-43.83],[166.25,-43.93],[166.0,-44.07],[165.0,-44.57],[164.0,-44.53],[163.0,-44.05],[162.93,-43.93],[163.0,-43.72],[163.26,-43.21],[164.0,-42.54],[164.02,-42.47],[164.18,-41.73],[164.06,-40.98],[164.0,-40.89],[163.67,-40.22],[163.0,-39.68],[162.76,-39.45],[162.1,-38.68],[162.0,-38.61],[161.18,-37.89],[161.0,-37.77],[160.15,-37.1],[160.0,-37.01],[159.01,-36.3],[159.0,-36.29],[158.34,-35.49],[158.0,-35.13],[157.59,-34.67],[157.0,-33.99],[156.79,-33.84],[156.41,-33.01],[156.23,-32.16],[156.0,-31.73],[155.39,-31.31],[155.32,-30.46],[155.46,-29.59],[155.0,-28.97],[154.65,-28.72],[154.0,-28.48],[153.91,-28.72],[153.75,-29.59],[153.77,-30.46],[153.67,-31.31],[153.0,-31.8],[152.77,-32.16],[152.0,-32.78],[151.73,-33.01],[151.71,-33.84],[151.0,-34.59],[150.9,-34.67],[150.79,-35.49],[150.79,-36.3],[150.67,-37.1],[150.2,-37.89],[150.34,-38.68],[150.78,-39.45],[151.0,-39.88],[151.25,-40.22],[151.0,-40.51],[150.79,-40.98],[150.15,-41.73],[150.0,-41.84],[149.63,-42.47],[149.0,-42.74],[148.36,-43.21],[148.0,-43.42],[147.0,-43.76],[146.0,-43.77],[145.19,-43.21],[145.16,-42.47],[145.0,-42.35],[144.18,-41.73],[144.17,-40.98],[144.33,-40.22],[144.13,-39.45],[144.0,-39.24],[143.6,-38.68],[143.0,-38.59],[142.0,-38.6],[141.0,-38.56],[140.11,-37.89],[140.0,-37.81],[139.09,-37.1],[139.0,-36.64],[138.0,-36.66],[137.0,-36.44],[136.03,-36.3],[136.0,-36.3],[135.98,-36.3],[135.76,-37.1],[136.0,-37.72],[136.04,-37.89],[136.0,-37.99],[135.58,-38.68],[135.95,-39.45],[136.0,-39.48],[137.0,-39.97],[137.25,-40.22],[137.51,-40.98],[137.63,-41.73],[138.0,-42.2],[138.22,-42.47],[138.0,-42.7],[137.65,-43.21],[137.18,-43.93],[137.0,-44.12],[136.25,-44.65],[136.0,-44.92],[135.45,-45.35],[135.0,-45.43],[134.0,-45.56],[133.0,-45.58],[132.0,-45.67],[131.0,-45.83],[130.0,-45.91],[129.0,-45.79],[128.0,-45.6],[127.0,-45.35],[127.0,-45.35],[126.0,-45.03],[125.01,-44.65],[125.0,-44.64],[124.0,-44.41],[123.0,-44.02],[122.82,-43.93],[122.0,-43.43],[121.6,-43.21],[121.0,-42.63],[120.88,-42.47],[120.86,-41.73],[120.23,-40.98],[120.0,-40.81],[119.0,-40.35],[118.58,-40.22],[118.0,-40.12],[117.0,-40.2],[116.95,-40.22],[116.0,-40.75],[115.64,-40.98],[115.4,-41.73],[115.15,-42.47],[115.0,-42.65],[114.3,-42.47],[114.0,-42.37],[113.52,-41.73],[113.0,-41.44],[112.2,-40.98],[112.0,-40.85],[111.27,-40.22],[111.0,-40.0],[110.17,-39.45],[110.0,-39.33],[109.0,-38.77],[108.86,-38.68],[108.0,-37.96],[107.95,-37.89],[107.5,-37.1],[107.0,-36.84],[106.0,-36.49],[105.77,-36.3],[106.0,-35.65],[106.05,-35.49],[106.0,-35.17],[105.91,-34.67],[105.41,-33.84],[105.0,-33.04],[104.99,-33.01],[104.27,-32.16],[104.0,-31.66],[103.8,-31.31],[103.17,-30.46],[103.0,-30.29],[102.04,-29.59],[102.0,-29.56],[101.0,-28.89],[100.59,-28.72],[100.0,-28.48],[99.0,-27.97],[98.84,-27.84],[98.0,-27.15],[97.36,-26.95],[97.0,-26.83],[96.0,-26.51],[95.0,-26.32],[94.0,-26.07],[93.96,-26.05],[93.0,-25.24],[92.82,-25.15],[92.0,-24.75],[91.37,-24.24],[91.0,-24.06],[90.0,-24.15],[89.0,-23.96],[88.77,-23.33],[88.05,-22.41],[88.0,-22.37],[87.67,-22.41],[87.0,-22.52],[86.44,-22.41],[86.0,-22.17],[85.59,-21.48],[85.0,-20.94],[84.77,-20.55],[84.0,-19.97],[83.0,-19.78],[82.78,-19.61],[82.0,-19.03],[81.32,-18.66],[81.0,-18.46],[80.0,-18.0],[79.0,-18.04],[78.33,-17.71],[78.0,-17.54],[77.09,-16.76],[77.0,-16.71],[76.0,-16.18],[75.0,-15.99],[74.6,-15.8],[74.0,-15.55],[73.0,-15.28],[72.0,-15.09],[71.0,-14.94],[70.07,-14.83],[70.0,-14.82],[69.0,-14.81],[68.0,-14.49],[67.0,-14.23],[66.0,-14.15],[65.28,-13.86],[65.0,-13.73],[64.19,-13.86],[64.0,-13.89],[63.0,-14.04],[62.0,-14.43],[61.75,-14.83],[61.0,-15.31],[60.0,-15.18],[59.0,-15.12],[58.0,-15.21],[57.0,-15.45],[56.7,-15.8],[57.0,-16.3],[57.35,-16.76],[58.0,-17.68],[58.01,-17.71],[58.19,-18.66],[58.0,-19.3],[57.91,-19.61],[57.32,-20.55],[57.0,-20.95],[56.23,-21.48],[56.13,-22.41],[56.0,-23.18],[55.98,-23.33],[56.0,-23.36],[57.0,-23.45],[57.45,-23.33],[58.0,-23.25],[58.49,-23.33],[59.0,-23.48],[60.0,-24.07],[60.33,-24.24],[61.0,-24.66],[61.46,-25.15],[62.0,-25.96],[63.0,-25.91],[63.35,-26.05],[64.0,-26.28],[64.55,-26.05],[65.0,-25.89],[66.0,-25.71],[66.18,-26.05],[66.0,-26.39],[65.68,-26.95],[66.0,-27.7],[66.09,-27.84],[66.7,-28.72],[67.0,-28.81],[67.29,-28.72],[68.0,-28.41],[68.24,-28.72],[68.32,-29.59],[68.38,-30.46],[68.81,-31.31],[68.89,-32.16],[69.0,-32.37],[69.65,-33.01],[70.0,-33.24],[70.67,-33.84],[70.9,-34.67],[70.61,-35.49],[70.0,-36.3],[70.0,-36.3],[69.01,-37.1],[69.0,-37.11],[68.03,-37.89],[68.0,-37.91],[67.0,-38.45],[66.43,-38.68],[66.0,-38.91],[65.29,-39.45],[65.0,-39.59],[64.0,-39.77],[63.0,-39.88],[62.4,-40.22],[62.0,-40.57],[61.13,-40.98],[61.0,-41.03],[60.0,-41.15],[59.63,-40.98],[59.0,-40.83],[58.49,-40.98],[58.0,-41.23],[57.54,-40.98],[57.0,-40.82],[56.32,-40.98],[56.0,-41.3],[55.59,-41.73],[56.0,-41.9],[57.0,-42.2],[57.32,-42.47],[57.0,-42.6],[56.0,-42.82],[55.0,-42.81],[54.86,-42.47],[54.29,-41.73],[54.0,-41.62],[53.0,-41.51],[52.0,-41.03],[51.0,-41.47],[50.0,-41.64],[49.43,-40.98],[49.0,-40.51],[48.0,-40.58],[47.6,-40.98],[47.0,-41.17],[46.21,-40.98],[46.0,-40.9],[45.0,-40.45],[44.72,-40.22],[44.0,-39.83],[43.06,-39.45],[43.0,-39.4],[42.29,-38.68],[42.0,-38.23],[41.32,-37.89],[41.0,-37.8],[40.68,-37.89],[40.0,-38.16],[39.28,-38.68],[39.0,-38.97],[38.49,-38.68],[38.0,-38.45],[37.0,-38.11],[36.0,-38.67],[35.0,-38.59],[34.0,-38.64],[33.77,-38.68],[33.0,-38.77],[32.85,-38.68],[32.32,-37.89],[32.04,-37.1],[32.0,-37.05],[31.12,-36.3],[31.0,-36.24],[30.15,-35.49],[30.15,-34.67],[30.4,-33.84],[30.62,-33.01],[30.71,-32.16],[30.0,-32.09],[29.7,-32.16],[29.0,-32.62],[28.48,-33.01],[28.0,-33.35],[27.0,-33.71],[26.51,-33.84],[26.0,-34.42],[25.0,-34.54],[24.0,-34.56],[23.0,-34.63],[22.31,-34.67],[22.0,-34.82],[21.0,-35.01],[20.0,-35.41],[19.01,-34.67],[19.0,-34.66],[18.0,-34.16],[17.06,-33.84],[17.0,-33.81],[16.93,-33.84],[16.0,-34.6],[15.85,-34.67],[16.0,-34.73],[16.3,-35.49],[17.0,-36.14],[17.33,-36.3],[17.73,-37.1],[18.0,-37.88],[18.01,-37.89],[18.0,-37.91],[17.72,-38.68],[18.0,-39.17],[19.0,-39.16],[19.19,-39.45],[19.51,-40.22],[20.0,-40.86],[20.13,-40.98],[20.14,-41.73],[20.0,-41.87],[19.36,-42.47],[19.46,-43.21],[20.0,-43.63],[21.0,-43.57],[22.0,-43.32],[22.48,-43.21],[23.0,-43.13],[24.0,-43.09],[24.37,-43.21],[24.0,-43.74],[23.64,-43.93],[24.0,-44.07],[25.0,-44.08],[26.0,-43.94],[27.0,-44.43],[27.19,-44.65],[27.67,-45.35],[28.0,-45.68],[29.0,-45.84],[29.53,-46.05],[29.79,-46.74],[30.0,-47.29],[30.15,-47.42],[31.0,-47.63],[32.0,-47.96],[33.0,-47.89],[33.83,-48.09],[34.0,-48.2],[34.84,-48.76],[34.5,-49.41],[35.0,-50.06],[35.0,-50.06],[35.0,-50.06],[36.0,-49.83],[36.3,-50.06],[36.56,-50.7],[36.0,-51.08],[35.0,-51.31],[34.76,-51.33],[34.0,-51.63],[33.9,-51.95],[33.0,-52.22],[32.0,-52.27],[31.0,-52.42],[30.38,-52.56],[30.0,-52.69],[29.0,-52.67],[28.0,-52.78],[27.0,-52.94],[26.18,-53.16],[26.0,-53.18],[25.9,-53.16],[25.0,-52.74],[24.2,-52.56],[24.0,-52.54],[23.7,-52.56],[23.0,-52.61],[22.78,-52.56],[22.0,-52.38],[21.0,-52.33],[20.0,-52.12],[19.61,-51.95],[19.0,-51.66],[18.0,-51.34],[17.97,-51.33],[17.0,-51.11],[16.0,-50.81],[15.45,-50.7],[15.0,-50.62],[14.0,-50.63],[13.0,-50.34],[12.06,-50.06],[12.0,-50.03],[11.0,-49.55],[10.67,-49.41],[10.5,-48.76],[10.1,-48.09],[10.0,-48.04],[9.0,-47.69],[8.63,-47.42],[8.42,-46.74],[8.0,-46.26],[7.74,-46.05],[7.0,-45.52],[6.82,-45.35],[6.0,-44.8],[5.83,-44.65],[5.0,-44.05],[4.46,-43.93],[4.0,-43.78],[3.0,-43.26],[2.86,-43.21],[2.0,-42.87],[1.25,-42.47],[1.0,-42.25],[0.32,-41.73],[0.0,-41.53],[-1.0,-41.15],[-1.77,-40.98],[-2.0,-40.93],[-3.0,-40.59],[-3.73,-40.22],[-4.0,-40.11],[-5.0,-39.77],[-6.0,-39.65],[-7.0,-39.51],[-7.29,-39.45],[-8.0,-39.17],[-8.87,-38.68],[-9.0,-38.62],[-10.0,-38.23],[-11.0,-37.92],[-11.16,-37.89],[-12.0,-37.8],[-13.0,-37.38],[-14.0,-37.11],[-14.02,-37.1],[-15.0,-36.81],[-16.0,-36.78],[-17.0,-36.79],[-18.0,-36.81],[-19.0,-36.78],[-20.0,-36.43],[-21.0,-36.41],[-22.0,-36.49],[-23.0,-36.4],[-24.0,-36.33],[-24.63,-36.3],[-25.0,-36.27],[-26.0,-36.04],[-27.0,-36.06],[-27.77,-36.3],[-28.0,-36.37],[-29.0,-36.43],[-30.0,-36.49],[-31.0,-36.61],[-32.0,-36.64],[-33.0,-36.64],[-34.0,-36.66],[-35.0,-36.77],[-36.0,-37.05],[-36.1,-37.1],[-37.0,-37.6],[-37.7,-37.89],[-38.0,-37.96],[-39.0,-38.25],[-39.83,-37.89],[-40.0,-37.81],[-40.21,-37.89],[-41.0,-38.35],[-42.0,-37.95],[-43.0,-38.25],[-44.0,-38.57],[-44.1,-38.68],[-44.61,-39.45],[-45.0,-39.74],[-45.45,-40.22],[-46.0,-40.92],[-47.0,-40.96],[-47.02,-40.98],[-47.58,-41.73],[-48.0,-42.21],[-48.67,-42.47],[-49.0,-42.65],[-49.41,-42.47],[-49.79,-41.73],[-50.0,-41.64],[-50.15,-41.73],[-50.41,-42.47],[-50.99,-43.21],[-51.0,-43.4],[-51.03,-43.93],[-51.0,-44.1],[-50.92,-44.65],[-50.9,-45.35],[-50.99,-46.05],[-50.94,-46.74],[-50.8,-47.42],[-51.0,-47.65],[-51.41,-48.09],[-51.69,-48.76],[-51.53,-49.41],[-51.93,-50.06],[-52.0,-50.4],[-52.08,-50.7],[-52.67,-51.33],[-53.0,-51.61],[-53.31,-51.95],[-53.71,-52.56],[-54.0,-52.96],[-54.08,-53.16],[-54.01,-53.76],[-54.0,-53.76],[-53.14,-54.34],[-53.89,-54.92],[-54.0,-55.04],[-54.37,-55.49],[-54.0,-55.61],[-53.0,-55.68],[-52.0,-55.6],[-51.71,-55.49],[-52.0,-54.94],[-52.02,-54.92],[-52.0,-54.88],[-51.84,-54.34],[-51.0,-53.89],[-50.83,-53.76],[-50.0,-53.24],[-49.58,-53.16],[-49.0,-52.97],[-48.58,-53.16],[-48.2,-53.76],[-48.0,-53.88],[-47.27,-54.34],[-47.0,-54.43],[-46.0,-54.78],[-45.6,-54.92],[-45.0,-55.37],[-44.94,-55.49],[-44.0,-55.9],[-43.3,-56.06],[-43.0,-56.15],[-42.36,-56.61],[-42.0,-56.82],[-41.15,-57.16],[-41.0,-57.21],[-40.0,-57.47],[-39.0,-57.59],[-38.5,-57.16],[-38.0,-56.93],[-37.54,-56.61],[-37.0,-56.37],[-36.34,-56.61],[-36.0,-56.77],[-35.0,-57.09],[-34.0,-57.01],[-33.0,-56.73],[-32.49,-56.61],[-32.0,-56.34],[-31.0,-56.17],[-30.77,-56.06],[-30.22,-55.49],[-30.0,-55.23],[-29.95,-54.92],[-29.06,-54.34],[-29.0,-54.32],[-28.0,-53.92],[-27.0,-53.92],[-26.0,-54.15],[-25.57,-54.34],[-25.0,-54.55],[-24.07,-54.92],[-24.0,-55.05],[-23.63,-55.49],[-23.06,-56.06],[-23.0,-56.09],[-22.0,-56.26],[-21.0,-56.47],[-20.58,-56.61],[-20.0,-56.7],[-19.0,-57.03],[-18.66,-57.16],[-18.0,-57.29],[-17.0,-57.23],[-16.55,-57.16],[-16.31,-56.61],[-16.4,-56.06],[-16.12,-55.49],[-16.0,-55.32],[-15.51,-54.92],[-15.0,-54.75],[-14.0,-54.54],[-13.47,-54.34],[-13.0,-54.12],[-12.22,-53.76],[-12.0,-53.67],[-11.54,-53.76],[-11.0,-53.98],[-10.65,-54.34],[-10.07,-54.92],[-10.0,-55.09],[-9.9,-55.49],[-9.0,-55.98],[-8.83,-56.06],[-8.0,-56.38],[-7.0,-56.53],[-6.0,-56.46],[-5.0,-56.33],[-4.0,-56.28],[-3.0,-56.39],[-2.52,-56.61],[-2.0,-56.64],[-1.0,-56.67],[0.0,-56.73],[0.44,-56.61],[1.0,-56.38],[2.0,-56.24],[3.0,-56.39],[4.0,-56.47],[5.0,-56.42],[6.0,-56.23],[7.0,-56.16],[8.0,-56.1],[8.73,-56.06],[9.0,-56.02],[10.0,-55.89],[11.0,-56.0],[11.48,-56.06],[12.0,-56.07],[13.0,-56.19],[14.0,-56.47],[14.36,-56.61],[15.0,-56.81],[16.0,-57.0],[16.34,-57.16],[17.0,-57.36],[18.0,-57.51],[18.57,-57.7],[19.0,-57.81],[20.0,-57.94],[21.0,-57.93],[21.75,-58.23],[22.0,-58.33],[23.0,-58.52],[24.0,-58.54],[25.0,-58.51],[26.0,-58.46],[27.0,-58.32],[28.0,-58.33],[29.0,-58.37],[30.0,-58.4],[31.0,-58.33],[32.0,-58.34],[33.0,-58.36],[34.0,-58.56],[35.0,-58.69],[35.37,-58.75],[36.0,-58.85],[37.0,-59.07],[37.43,-59.26],[38.0,-59.6],[38.21,-59.77],[38.35,-60.27],[39.0,-60.41],[39.84,-60.76],[40.0,-60.81],[41.0,-61.17],[41.24,-61.25],[42.0,-61.33],[43.0,-61.33],[44.0,-61.44],[45.0,-61.58],[46.0,-61.7],[46.11,-61.73],[47.0,-61.91],[48.0,-62.03],[49.0,-62.12],[49.46,-62.2],[50.0,-62.36],[51.0,-62.55],[52.0,-62.59],[53.0,-62.53],[54.0,-62.47],[54.95,-62.66],[55.0,-62.67],[56.0,-62.69],[56.15,-62.66],[57.0,-62.5],[58.0,-62.5],[59.0,-62.34],[60.0,-62.28],[61.0,-62.21],[61.06,-62.2],[62.0,-62.09],[63.0,-61.8],[63.58,-61.73],[64.0,-61.69],[64.31,-61.73],[65.0,-61.81],[66.0,-61.89],[67.0,-61.73],[67.02,-61.73],[68.0,-61.42],[68.49,-61.25],[69.0,-61.12],[70.0,-60.8],[70.26,-60.76],[71.0,-60.67],[71.71,-60.76],[72.0,-60.81],[72.12,-60.76],[73.0,-60.51],[73.51,-60.27],[74.0,-59.79],[74.03,-59.77],[75.0,-59.32],[76.0,-59.29],[76.49,-59.26],[77.0,-59.17],[78.0,-58.86],[78.34,-58.75],[79.0,-58.46],[79.85,-58.23],[80.0,-58.17],[81.0,-57.82],[82.0,-57.72],[83.0,-57.73],[83.74,-58.23],[84.0,-58.33],[85.0,-58.45],[85.83,-58.75],[86.0,-58.78],[86.03,-58.75],[86.12,-58.23],[86.38,-57.7],[86.57,-57.16],[86.89,-56.61],[87.0,-56.12],[87.01,-56.06],[87.06,-55.49],[87.34,-54.92],[87.99,-54.34],[88.0,-54.31],[88.26,-53.76],[88.83,-53.16],[89.0,-53.02],[89.66,-52.56],[90.0,-52.16],[90.72,-51.95],[91.0,-51.74],[92.0,-51.63],[92.66,-51.95],[93.0,-51.98],[94.0,-51.97],[94.48,-51.95],[94.0,-51.87],[93.57,-51.33],[94.0,-50.74],[95.0,-51.32],[95.02,-51.33],[95.12,-51.95],[96.0,-52.55],[96.01,-52.56],[96.62,-53.16],[97.0,-53.6],[97.1,-53.76],[97.17,-54.34],[98.0,-54.81],[98.36,-54.92],[99.0,-55.31],[100.0,-55.46],[100.05,-55.49],[101.0,-55.89],[101.99,-55.49],[102.0,-55.49],[102.8,-54.92],[103.0,-54.85],[103.61,-54.92],[104.0,-55.47],[105.0,-55.03],[105.21,-54.92],[106.0,-54.72],[106.99,-54.92],[107.0,-54.93],[108.0,-55.24],[108.5,-55.49],[109.0,-55.62],[110.0,-55.76],[110.92,-56.06],[111.0,-56.12],[111.53,-56.61],[111.84,-57.16],[112.0,-57.29],[112.96,-57.7],[113.0,-57.71],[114.0,-58.13],[114.18,-58.23],[115.0,-58.57],[115.36,-58.75],[116.0,-59.16],[116.15,-59.26],[116.55,-59.77],[117.0,-60.02],[117.59,-60.27],[117.87,-60.76],[118.0,-60.88],[118.87,-61.25],[118.96,-61.73],[119.0,-61.74],[120.0,-62.0],[120.43,-62.2],[121.0,-62.44],[121.39,-62.66],[122.0,-62.95],[123.0,-63.09],[123.05,-63.11],[124.0,-63.35],[124.98,-63.56],[125.0,-63.56],[126.0,-63.7],[127.0,-63.77],[128.0,-63.77],[129.0,-63.63],[130.0,-63.59],[130.52,-63.56],[131.0,-63.5],[132.0,-63.19],[132.35,-63.11],[133.0,-62.86],[133.82,-62.66],[134.0,-62.62],[135.0,-62.44],[136.0,-62.39],[137.0,-62.45],[138.0,-62.5],[139.0,-62.54],[140.0,-62.58],[141.0,-62.56],[142.0,-62.54],[143.0,-62.49],[144.0,-62.43],[145.0,-62.32],[146.0,-62.23],[147.0,-62.24],[147.25,-62.2],[148.0,-61.98],[149.0,-61.74],[149.13,-61.73],[150.0,-61.68],[151.0,-61.63],[152.0,-61.61],[153.0,-61.62],[154.0,-61.65],[155.0,-61.7],[155.35,-61.73],[156.0,-61.8],[157.0,-61.91],[158.0,-61.9],[159.0,-61.85],[160.0,-61.85],[161.0,-61.86],[162.0,-61.82],[163.0,-61.76],[163.38,-61.73],[164.0,-61.55],[164.89,-61.25],[165.0,-61.21],[166.0,-61.01],[167.0,-60.9],[167.61,-60.76],[168.0,-60.61],[168.94,-60.27],[169.0,-60.25],[170.0,-60.18],[171.0,-60.09],[171.93,-59.77],[171.0,-59.4],[170.65,-59.26],[171.0,-59.17],[172.0,-59.01],[172.72,-58.75],[173.0,-58.6],[174.0,-58.3],[175.0,-58.35],[176.0,-58.49],[177.0,-58.53],[178.0,-58.65],[178.57,-58.75],[178.23,-59.26],[179.0,-59.63],[179.43,-59.77],[179.76,-60.27],[179.9,-60.76],[179.0,-61.11],[178.85,-61.25],[179.0,-61.29],[180.0,-61.54],[180.31,-61.73],[181.0,-61.89],[181.0,-62.2],[181.0,-62.66],[181.0,-63.11],[181.0,-63.56],[181.0,-64.0],[181.0,-64.44],[181.0,-64.58],[180.41,-64.44],[180.0,-64.2],[179.62,-64.0],[179.0,-63.83],[178.0,-63.61],[177.73,-63.56],[177.0,-63.38],[176.0,-63.35],[175.0,-63.16],[174.24,-63.11],[174.0,-63.06],[173.0,-62.92],[172.0,-62.87],[171.1,-63.11],[171.0,-63.2],[170.0,-63.13],[169.94,-63.11],[169.0,-62.74],[168.78,-62.66],[168.0,-62.48],[167.0,-62.37],[166.0,-62.31],[165.0,-62.21],[164.92,-62.2],[164.0,-62.14],[163.19,-62.2],[163.0,-62.21],[162.0,-62.22],[161.0,-62.27],[160.0,-62.3],[159.0,-62.36],[158.0,-62.46],[157.0,-62.53],[156.0,-62.4],[155.0,-62.23],[154.0,-62.32],[153.0,-62.28],[152.0,-62.39],[151.0,-62.53],[150.04,-62.66],[150.0,-62.66],[149.0,-62.67],[148.0,-62.83],[147.0,-62.94],[146.05,-62.66],[146.0,-62.65],[145.75,-62.66],[145.0,-62.7],[144.0,-62.83],[143.0,-62.85],[142.0,-63.04],[141.43,-63.11],[141.0,-63.18],[140.0,-63.22],[139.0,-63.19],[138.0,-63.15],[137.0,-63.23],[136.0,-63.31],[135.0,-63.27],[134.0,-63.24],[133.0,-63.4],[132.43,-63.56],[132.0,-63.67],[131.03,-64.0],[131.0,-64.02],[130.86,-64.0],[130.0,-63.93],[129.26,-64.0],[129.0,-64.05],[128.0,-64.31],[127.24,-64.44],[127.0,-64.46],[126.0,-64.46],[125.29,-64.44],[125.0,-64.41],[124.0,-64.08],[123.68,-64.0],[123.0,-63.78],[122.0,-63.61],[121.56,-63.56],[121.0,-63.45],[120.36,-63.11],[120.0,-62.96],[119.0,-62.72],[118.71,-62.66],[118.0,-62.41],[117.17,-62.2],[117.0,-62.15],[116.0,-62.06],[115.0,-61.97],[114.29,-61.73],[114.0,-61.56],[113.08,-61.25],[113.0,-61.22],[112.04,-60.76],[112.0,-60.74],[111.0,-60.64],[110.0,-60.35],[109.5,-60.27],[109.0,-60.17],[108.04,-59.77],[108.0,-59.75],[107.0,-59.45],[106.62,-59.26],[106.0,-58.85],[105.64,-58.75],[105.0,-58.51],[104.29,-58.23],[104.0,-58.13],[103.0,-57.76],[102.44,-57.7],[102.0,-57.69],[101.0,-57.32],[100.45,-57.16],[100.0,-57.08],[99.0,-57.0],[98.0,-56.83],[97.09,-57.16],[97.0,-57.21],[96.66,-57.16],[96.0,-57.04],[95.0,-56.86],[94.0,-56.88],[93.03,-56.61],[93.0,-56.6],[92.0,-56.51],[91.0,-56.52],[90.0,-56.27],[89.61,-56.61],[89.31,-57.16],[89.0,-57.54],[88.96,-57.7],[88.87,-58.23],[88.33,-58.75],[88.0,-58.85],[87.69,-59.26],[87.03,-59.77],[87.0,-59.82],[86.61,-60.27],[86.0,-60.31],[85.94,-60.27],[85.49,-59.77],[85.0,-59.62],[84.06,-59.26],[84.0,-59.22],[83.0,-58.89],[82.28,-58.75],[82.0,-58.64],[81.0,-58.56],[80.1,-58.75],[80.0,-58.78],[79.32,-59.26],[79.0,-59.36],[78.0,-59.48],[77.0,-59.65],[76.0,-59.66],[75.08,-59.77],[75.0,-59.78],[74.1,-60.27],[74.0,-60.32],[73.02,-60.76],[73.0,-60.77],[72.0,-61.15],[71.0,-61.17],[70.0,-61.16],[69.64,-61.25],[69.0,-61.44],[68.03,-61.73],[68.0,-61.74],[67.0,-61.99],[66.0,-62.07],[65.0,-62.04],[64.0,-62.01],[63.0,-62.14],[62.76,-62.2],[62.0,-62.41],[61.0,-62.54],[60.0,-62.61],[59.44,-62.66],[59.0,-62.72],[58.0,-62.86],[57.0,-62.96],[56.0,-63.06],[55.0,-63.07],[54.0,-63.03],[53.0,-63.0],[52.0,-62.93],[51.0,-62.84],[50.0,-62.69],[49.85,-62.66],[49.0,-62.49],[48.0,-62.3],[47.45,-62.2],[47.0,-62.16],[46.0,-62.03],[45.0,-61.93],[44.0,-61.74],[43.93,-61.73],[43.0,-61.67],[42.0,-61.68],[41.0,-61.7],[40.0,-61.52],[39.55,-61.25],[39.0,-61.05],[38.0,-61.02],[37.0,-60.97],[36.0,-60.86],[35.0,-60.8],[34.0,-60.77],[33.72,-60.76],[33.0,-60.67],[32.0,-60.56],[31.0,-60.45],[30.0,-60.28],[29.82,-60.27],[29.0,-60.05],[28.0,-59.79],[27.96,-59.77],[27.0,-59.56],[26.0,-59.47],[25.0,-59.33],[24.58,-59.26],[24.0,-59.18],[23.0,-59.03],[22.33,-58.75],[22.0,-58.67],[21.0,-58.29],[20.43,-58.23],[20.0,-58.2],[19.0,-58.1],[18.0,-57.92],[17.0,-57.76],[16.77,-57.7],[16.0,-57.5],[15.0,-57.37],[14.3,-57.16],[14.0,-57.04],[13.0,-56.73],[12.39,-56.61],[12.0,-56.53],[11.0,-56.56],[10.52,-56.61],[10.0,-56.66],[9.0,-56.66],[8.29,-56.61],[8.0,-56.59],[7.48,-56.61],[7.0,-56.63],[6.0,-56.67],[5.0,-56.79],[4.0,-56.8],[3.0,-56.76],[2.29,-56.61],[2.0,-56.53],[1.62,-56.61],[1.0,-56.73],[0.0,-57.0],[-1.0,-56.97],[-2.0,-56.94],[-3.0,-56.95],[-4.0,-56.98],[-5.0,-56.96],[-6.0,-56.91],[-7.0,-56.88],[-8.0,-56.85],[-9.0,-56.87],[-10.0,-56.68],[-10.93,-56.61],[-11.0,-56.58],[-11.96,-56.06],[-12.0,-56.04],[-13.0,-55.75],[-14.0,-55.89],[-14.4,-56.06],[-14.88,-56.61],[-15.0,-56.73],[-15.25,-57.16],[-16.0,-57.46],[-17.0,-57.49],[-18.0,-57.57],[-19.0,-57.41],[-19.58,-57.16],[-20.0,-57.0],[-21.0,-56.88],[-22.0,-56.73],[-23.0,-56.77],[-24.0,-56.72],[-24.16,-56.61],[-25.0,-56.06],[-25.01,-56.06],[-25.35,-55.49],[-25.86,-54.92],[-26.0,-54.86],[-27.0,-54.55],[-28.0,-54.53],[-29.0,-54.64],[-29.45,-54.92],[-29.57,-55.49],[-30.0,-55.84],[-30.28,-56.06],[-31.0,-56.4],[-31.69,-56.61],[-32.0,-56.71],[-33.0,-56.91],[-33.71,-57.16],[-34.0,-57.28],[-35.0,-57.32],[-35.63,-57.16],[-36.0,-57.03],[-36.89,-56.61],[-37.0,-56.57],[-37.09,-56.61],[-37.81,-57.16],[-37.76,-57.7],[-38.0,-57.81],[-39.0,-57.86],[-40.0,-57.83],[-41.0,-57.79],[-41.79,-57.7],[-42.0,-57.63],[-43.0,-57.46],[-44.0,-57.24],[-44.2,-57.16],[-45.0,-56.83],[-46.0,-56.66],[-46.35,-56.61],[-47.0,-56.49],[-47.69,-56.06],[-48.0,-55.95],[-49.0,-55.86],[-50.0,-55.82],[-50.76,-56.06],[-51.0,-56.3],[-51.68,-56.61],[-52.0,-56.82],[-52.28,-57.16],[-52.93,-57.7],[-53.0,-57.74],[-54.0,-58.21],[-54.05,-58.23],[-54.79,-58.75],[-55.0,-58.84],[-55.73,-59.26],[-56.0,-59.42],[-57.0,-59.73],[-58.0,-59.76],[-59.0,-59.56],[-59.9,-59.26],[-59.88,-58.75],[-59.23,-58.23],[-59.06,-57.7],[-59.0,-57.61],[-58.68,-57.16],[-59.0,-56.94],[-59.34,-56.61],[-59.0,-56.13],[-58.96,-56.06],[-58.38,-55.49],[-58.36,-54.92],[-58.51,-54.34],[-58.21,-53.76],[-58.0,-53.5],[-57.77,-53.16],[-57.39,-52.56],[-57.0,-52.13],[-56.89,-51.95],[-56.47,-51.33],[-56.19,-50.7],[-56.0,-50.27],[-55.87,-50.06],[-55.45,-49.41],[-55.17,-48.76],[-55.0,-48.31],[-54.89,-48.09],[-54.57,-47.42],[-54.48,-46.74],[-54.29,-46.05],[-54.0,-45.56],[-53.91,-45.35],[-53.86,-44.65],[-53.68,-43.93],[-53.61,-43.21],[-53.01,-42.47],[-53.0,-42.46],[-52.37,-41.73],[-52.0,-41.27],[-51.79,-40.98],[-51.0,-40.35],[-50.83,-40.22],[-50.13,-39.45],[-50.0,-39.28],[-49.34,-38.68],[-49.0,-38.4],[-48.39,-38.68],[-48.03,-39.45],[-48.0,-39.47],[-47.95,-39.45],[-47.0,-38.68],[-47.0,-38.68],[-46.26,-37.89],[-46.0,-37.73],[-45.21,-37.1],[-45.0,-36.91],[-44.0,-36.42],[-43.0,-36.4],[-42.78,-36.3],[-42.0,-36.09],[-41.0,-35.84],[-40.44,-35.49],[-40.0,-35.12],[-39.12,-35.49],[-39.0,-35.52],[-38.87,-35.49],[-38.0,-34.83],[-37.81,-34.67],[-37.59,-33.84],[-37.0,-33.55],[-36.06,-33.01],[-36.0,-32.95],[-35.64,-32.16],[-36.0,-31.79],[-37.0,-31.9],[-37.7,-31.31],[-38.0,-30.64],[-38.08,-30.46],[-38.0,-30.42],[-37.0,-30.39],[-36.0,-30.41],[-35.0,-30.09],[-34.28,-29.59],[-34.0,-29.5],[-33.0,-29.43],[-32.36,-29.59],[-32.0,-29.95],[-31.69,-30.46],[-31.0,-30.68],[-30.0,-30.74],[-29.0,-30.95],[-28.0,-31.21],[-27.79,-31.31],[-27.0,-31.68],[-26.0,-32.08],[-25.74,-32.16],[-25.0,-32.39],[-24.0,-32.73],[-23.59,-33.01],[-23.0,-33.33],[-22.0,-33.69],[-21.21,-33.84],[-21.0,-33.88],[-20.0,-34.21],[-19.0,-34.4],[-18.0,-34.41],[-17.0,-34.4],[-16.0,-34.6],[-15.79,-34.67],[-15.0,-34.96],[-14.0,-35.06],[-13.0,-35.28],[-12.64,-35.49],[-12.0,-35.67],[-11.0,-36.01],[-10.33,-36.3],[-10.0,-36.4],[-9.0,-36.56],[-8.0,-36.88],[-7.47,-37.1],[-7.0,-37.28],[-6.0,-37.39],[-5.0,-37.31],[-4.0,-37.68],[-3.0,-37.5],[-2.35,-37.89],[-2.0,-38.03],[-1.08,-38.68],[-1.0,-38.74],[0.0,-39.12],[1.0,-39.29],[1.4,-39.45],[2.0,-39.65],[2.78,-40.22],[3.0,-40.77],[3.21,-40.98],[4.0,-41.37],[4.4,-40.98],[5.0,-40.69],[6.0,-40.81],[6.18,-40.98],[6.2,-41.73],[7.0,-42.19],[7.92,-42.47],[8.0,-42.5],[9.0,-43.06],[10.0,-42.9],[11.0,-42.85],[12.0,-42.81],[12.77,-42.47],[13.0,-42.32],[13.78,-41.73],[14.0,-41.57],[14.85,-40.98],[15.0,-40.61],[15.41,-40.22],[15.0,-40.15],[14.47,-40.22],[14.0,-40.33],[13.0,-40.75],[12.81,-40.22],[12.63,-39.45],[13.0,-39.03],[13.35,-38.68],[13.0,-37.99],[12.74,-37.89],[12.51,-37.1],[12.0,-36.45],[11.92,-36.3],[11.3,-35.49],[11.02,-34.67],[11.0,-34.66],[10.0,-33.87],[9.97,-33.84],[9.0,-33.34],[8.61,-33.01],[8.0,-32.55],[7.0,-32.61],[6.51,-32.16],[6.85,-31.31],[7.0,-30.54],[7.02,-30.46],[7.03,-29.59],[7.0,-29.32],[6.95,-28.72],[7.0,-28.57],[8.0,-27.95],[8.22,-27.84],[9.0,-27.26],[10.0,-26.99],[11.0,-27.27],[11.64,-27.84],[12.0,-28.22],[13.0,-28.38],[13.64,-28.72],[14.0,-28.94],[14.87,-29.59],[15.0,-29.66],[16.0,-30.2],[16.27,-30.46],[17.0,-30.98],[17.07,-31.31],[17.86,-32.16],[18.0,-32.34],[18.11,-33.01],[18.23,-33.84],[19.0,-34.46],[19.26,-34.67],[20.0,-35.22],[20.79,-34.67],[21.0,-34.49],[22.0,-34.48],[23.0,-34.43],[24.0,-34.38],[25.0,-34.14],[25.76,-33.84],[26.0,-33.78],[27.0,-33.54],[27.9,-33.01],[28.0,-32.93],[28.96,-32.16],[29.0,-32.12],[30.0,-31.89],[30.77,-31.31],[30.93,-30.46],[31.0,-30.4],[32.0,-30.42],[32.06,-30.46],[32.71,-31.31],[32.74,-32.16],[32.83,-33.01],[33.0,-33.5],[34.0,-33.75],[34.3,-33.01],[34.12,-32.16],[34.32,-31.31],[35.0,-31.02],[36.0,-31.22],[37.0,-31.2],[38.0,-30.77],[38.62,-30.46],[39.0,-30.08],[39.42,-29.59],[40.0,-28.85],[40.07,-28.72],[41.0,-28.15],[41.55,-27.84],[42.0,-27.61],[43.0,-27.33],[43.86,-26.95],[44.0,-26.83],[44.76,-26.05],[45.0,-26.03],[46.0,-25.88],[46.86,-25.15],[47.0,-25.02],[47.9,-24.24],[47.98,-23.33],[48.0,-23.32],[48.98,-22.41],[49.0,-22.1],[49.5,-21.48],[49.87,-20.55],[50.0,-20.25],[50.21,-19.61],[50.41,-18.66],[50.62,-17.71],[50.88,-16.76],[50.84,-15.8],[50.96,-14.83],[50.96,-13.86],[50.43,-12.89],[50.0,-12.31],[49.92,-11.91],[49.0,-11.04],[48.0,-11.17],[47.0,-11.02],[46.62,-10.93],[46.0,-10.52],[45.0,-10.18],[44.39,-9.95],[44.0,-9.37],[43.57,-8.96],[43.7,-7.97],[43.0,-7.09],[42.91,-6.98],[42.24,-5.99],[42.9,-4.99],[42.34,-4.0],[43.0,-3.44],[44.0,-3.02],[44.57,-3.0],[45.0,-2.98],[46.0,-2.82],[46.65,-3.0],[47.0,-3.06],[48.0,-3.76],[48.43,-4.0],[49.0,-4.34],[50.0,-4.6],[50.32,-4.99],[51.0,-5.51],[51.36,-5.99],[51.72,-6.98],[52.0,-7.17],[52.36,-6.98],[53.0,-6.79],[53.72,-5.99],[54.0,-5.42],[54.82,-5.99],[55.0,-6.2],[55.29,-6.98],[56.0,-7.67],[57.0,-7.7],[58.0,-7.42],[59.0,-7.56],[60.0,-7.39],[61.0,-7.19],[62.0,-7.09],[62.29,-6.98],[63.0,-6.72],[64.0,-6.76],[65.0,-6.89],[66.0,-6.48],[67.0,-6.56],[68.0,-6.95],[68.08,-6.98],[69.0,-7.81],[69.17,-7.97],[70.0,-8.59],[71.0,-8.62],[71.31,-7.97],[72.0,-7.67],[73.0,-7.34],[74.0,-7.48],[74.64,-7.97],[75.0,-8.44],[75.17,-8.96],[75.31,-9.95],[76.0,-10.91],[76.02,-10.93],[76.39,-11.91],[77.0,-12.83],[77.31,-12.89],[78.0,-12.99],[79.0,-13.34],[79.84,-13.86],[80.0,-13.96],[81.0,-14.37],[81.64,-14.83],[82.0,-14.95],[83.0,-15.56],[83.4,-15.8],[84.0,-16.11],[84.9,-16.76],[85.0,-16.87],[86.0,-17.3],[86.76,-17.71],[86.35,-18.66],[87.0,-19.58],[87.01,-19.61],[88.0,-20.35],[88.67,-20.55],[89.0,-20.67],[89.82,-21.48],[90.0,-21.65],[91.0,-22.15],[91.86,-22.41],[92.0,-22.46],[93.0,-23.11],[93.53,-23.33],[94.0,-23.48],[95.0,-24.07],[95.31,-24.24],[96.0,-24.64],[97.0,-24.76],[97.59,-25.15],[98.0,-25.34],[99.0,-25.6],[99.64,-26.05],[100.0,-26.55],[100.24,-26.95],[101.0,-27.39],[102.0,-27.67],[102.35,-27.84],[102.99,-28.72],[103.0,-28.73],[104.0,-29.45],[104.26,-29.59],[104.98,-30.46],[105.0,-30.47],[106.0,-30.99],[106.39,-31.31],[107.0,-31.94],[107.29,-32.16],[107.88,-33.01],[108.0,-33.13],[108.8,-33.84],[109.0,-34.17],[109.24,-34.67],[110.0,-35.27],[110.16,-35.49],[110.52,-36.3],[110.74,-37.1],[111.0,-37.33],[112.0,-37.81],[112.15,-37.89],[113.0,-38.54],[114.0,-38.2],[115.0,-37.94],[115.26,-37.89],[116.0,-37.75],[116.92,-37.1],[117.0,-37.05],[117.37,-37.1],[118.0,-37.16],[118.53,-37.1],[119.0,-36.97],[120.0,-36.39],[121.0,-36.63],[121.54,-36.3],[121.52,-35.49],[122.0,-35.28],[123.0,-35.21],[123.85,-35.49],[123.94,-36.3],[124.0,-36.33],[124.27,-36.3],[125.0,-36.2],[125.87,-35.49],[125.23,-34.67],[125.68,-33.84],[126.0,-33.59],[127.0,-33.39],[127.84,-33.01],[128.0,-32.97],[129.0,-32.8],[130.0,-32.75],[131.0,-32.5],[131.93,-33.01],[132.0,-33.04],[132.12,-33.01],[133.0,-32.81],[133.38,-33.01],[134.0,-33.31],[134.51,-33.84],[135.0,-34.43],[135.05,-34.67],[136.0,-35.3],[136.27,-35.49],[137.0,-36.01],[138.0,-36.04],[139.0,-36.14],[139.19,-36.3],[139.32,-37.1],[140.0,-37.63],[140.33,-37.89],[141.0,-38.39],[142.0,-38.42],[143.0,-38.41],[144.0,-38.54],[145.0,-38.56],[145.12,-38.68],[145.4,-39.45],[145.0,-39.77],[144.88,-40.22],[144.38,-40.98],[144.39,-41.73],[145.0,-42.2],[145.37,-42.47],[145.4,-43.21],[146.0,-43.63],[147.0,-43.62],[147.89,-43.21],[148.0,-43.13],[148.89,-42.47],[149.0,-42.0],[149.18,-41.73],[149.46,-40.98],[149.4,-40.22],[149.0,-39.85],[148.83,-39.45],[148.74,-38.68],[149.0,-38.11],[149.1,-37.89],[150.0,-37.42],[150.25,-37.1],[150.6,-36.3],[150.6,-35.49],[150.68,-34.67],[151.0,-34.4],[151.53,-33.84],[151.54,-33.01],[152.0,-32.62],[152.57,-32.16],[153.0,-31.5],[153.26,-31.31],[153.58,-30.46],[153.56,-29.59],[153.69,-28.72],[154.0,-27.86],[155.0,-27.9],[156.0,-28.57],[156.11,-28.72],[156.48,-29.59],[156.53,-30.46],[156.74,-31.31],[156.79,-32.16],[156.87,-33.01],[157.0,-33.26],[157.57,-33.84],[158.0,-34.62],[158.05,-34.67],[158.78,-35.49],[159.0,-35.76],[159.65,-36.3],[160.0,-36.55],[160.9,-37.1],[161.0,-37.18],[161.56,-37.1],[162.0,-36.82],[162.63,-37.1],[162.1,-37.89],[163.0,-38.35],[163.57,-38.68],[164.0,-39.28],[164.34,-39.45],[165.0,-39.92],[165.2,-40.22],[166.0,-40.83],[166.41,-40.98],[167.0,-41.21],[167.72,-41.73],[167.89,-42.47],[168.0,-42.54],[168.55,-43.21],[168.31,-43.93],[168.0,-44.0],[167.21,-44.65],[167.0,-44.8],[166.26,-45.35],[166.26,-46.05],[167.0,-46.58],[167.27,-46.74],[168.0,-47.39],[169.0,-47.1],[170.0,-46.74],[171.0,-46.77],[172.0,-47.12],[173.0,-47.38],[174.0,-47.3],[175.0,-47.11],[176.0,-47.25],[177.0,-47.06],[178.0,-47.09],[178.85,-47.42],[179.0,-47.46],[180.0,-47.84],[180.71,-48.09],[180.89,-48.76],[181.0,-48.84]],[[49.0,-38.82],[48.41,-38.68],[48.0,-38.53],[47.0,-38.38],[46.0,-38.44],[45.66,-37.89],[45.22,-37.1],[45.13,-36.3],[45.0,-36.0],[44.27,-35.49],[44.0,-35.35],[43.7,-34.67],[44.0,-34.35],[44.67,-33.84],[45.0,-33.57],[46.0,-33.08],[46.07,-33.01],[47.0,-32.49],[47.26,-32.16],[47.45,-31.31],[47.76,-30.46],[48.0,-30.04],[48.33,-29.59],[49.0,-28.81],[50.0,-28.72],[50.08,-28.72],[51.0,-28.49],[52.0,-28.14],[53.0,-28.68],[53.64,-27.84],[53.8,-26.95],[54.0,-26.79],[54.27,-26.95],[54.97,-27.84],[55.0,-27.88],[56.0,-28.61],[57.0,-28.55],[57.16,-28.72],[58.0,-29.51],[59.0,-29.47],[59.44,-29.59],[60.0,-29.87],[60.43,-30.46],[61.0,-31.04],[61.21,-31.31],[61.48,-32.16],[61.86,-33.01],[62.0,-33.2],[62.24,-33.84],[62.71,-34.67],[63.0,-35.16],[63.2,-35.49],[63.47,-36.3],[63.0,-36.69],[62.45,-37.1],[62.0,-37.72],[61.82,-37.89],[61.0,-38.18],[60.0,-38.29],[59.0,-38.68],[59.0,-38.68],[58.0,-38.93],[57.0,-38.96],[56.0,-39.03],[55.0,-38.77],[54.54,-38.68],[54.0,-38.63],[53.82,-38.68],[53.0,-38.99],[52.0,-38.88],[51.0,-39.05],[50.0,-39.18],[49.0,-38.82]],[[129.0,-40.31],[128.79,-40.22],[128.0,-39.73],[127.0,-39.93],[126.0,-39.53],[125.0,-39.5],[124.88,-39.45],[125.0,-39.12],[125.24,-38.68],[126.0,-38.18],[126.77,-38.68],[127.0,-38.88],[127.3,-38.68],[127.71,-37.89],[128.0,-37.45],[129.0,-37.16],[130.0,-37.61],[130.35,-37.89],[130.24,-38.68],[130.11,-39.45],[130.91,-40.22],[130.0,-40.49],[129.0,-40.31]],[[45.0,-28.88],[44.73,-28.72],[45.0,-28.18],[45.27,-27.84],[46.0,-27.41],[46.46,-27.84],[46.13,-28.72],[46.0,-28.86],[45.0,-28.88]],[[18.0,-42.93],[17.25,-42.47],[17.92,-41.73],[18.0,-41.67],[18.23,-41.73],[18.55,-42.47],[18.0,-42.93]],[[46.0,-9.35],[45.25,-8.96],[46.0,-8.41],[46.93,-8.96],[46.0,-9.35]],[[51.0,-10.36],[50.39,-9.95],[50.89,-8.96],[51.0,-8.9],[51.04,-8.96],[51.35,-9.95],[51.0,-10.36]],[[103.0,-56.23],[102.52,-56.06],[103.0,-55.65],[103.35,-56.06],[103.0,-56.23]],[[17.0,-39.51],[16.88,-39.45],[17.0,-39.3],[17.51,-39.45],[17.0,-39.51]],[[128.0,-36.55],[127.9,-36.3],[128.0,-36.24],[128.11,-36.3],[128.0,-36.55]],[[72.0,-8.99],[71.8,-8.96],[72.0,-8.9],[72.03,-8.96],[72.0,-8.99]],[[14.0,-37.91],[13.76,-37.89],[14.0,-37.87],[14.02,-37.89],[14.0,-37.91]]],"type":"Polygon"},"properties":{ "hvalue":3.9,"color":"#34cc99"} }, { "type":"Feature","geometry":{"coordinates":[[[181.0,-42.82],[181.0,-43.21],[181.0,-43.93],[181.0,-44.65],[181.0,-45.35],[181.0,-46.05],[181.0,-46.74],[181.0,-47.42],[181.0,-48.09],[181.0,-48.76],[181.0,-48.84],[180.89,-48.76],[180.71,-48.09],[180.0,-47.84],[179.0,-47.46],[178.85,-47.42],[178.0,-47.09],[177.0,-47.06],[176.0,-47.25],[175.0,-47.11],[174.0,-47.3],[173.0,-47.38],[172.0,-47.12],[171.0,-46.77],[170.0,-46.74],[169.0,-47.1],[168.0,-47.39],[167.27,-46.74],[167.0,-46.58],[166.26,-46.05],[166.26,-45.35],[167.0,-44.8],[167.21,-44.65],[168.0,-44.0],[168.31,-43.93],[168.55,-43.21],[168.0,-42.54],[167.89,-42.47],[167.72,-41.73],[167.0,-41.21],[166.41,-40.98],[166.0,-40.83],[165.2,-40.22],[165.0,-39.92],[164.34,-39.45],[164.0,-39.28],[163.57,-38.68],[163.0,-38.35],[162.1,-37.89],[162.63,-37.1],[162.0,-36.82],[161.56,-37.1],[161.0,-37.18],[160.9,-37.1],[160.0,-36.55],[159.65,-36.3],[159.0,-35.76],[158.78,-35.49],[158.05,-34.67],[158.0,-34.62],[157.57,-33.84],[157.0,-33.26],[156.87,-33.01],[156.79,-32.16],[156.74,-31.31],[156.53,-30.46],[156.48,-29.59],[156.11,-28.72],[156.0,-28.57],[155.0,-27.9],[154.0,-27.86],[153.69,-28.72],[153.56,-29.59],[153.58,-30.46],[153.26,-31.31],[153.0,-31.5],[152.57,-32.16],[152.0,-32.62],[151.54,-33.01],[151.53,-33.84],[151.0,-34.4],[150.68,-34.67],[150.6,-35.49],[150.6,-36.3],[150.25,-37.1],[150.0,-37.42],[149.1,-37.89],[149.0,-38.11],[148.74,-38.68],[148.83,-39.45],[149.0,-39.85],[149.4,-40.22],[149.46,-40.98],[149.18,-41.73],[149.0,-42.0],[148.89,-42.47],[148.0,-43.13],[147.89,-43.21],[147.0,-43.62],[146.0,-43.63],[145.4,-43.21],[145.37,-42.47],[145.0,-42.2],[144.39,-41.73],[144.38,-40.98],[144.88,-40.22],[145.0,-39.77],[145.4,-39.45],[145.12,-38.68],[145.0,-38.56],[144.0,-38.54],[143.0,-38.41],[142.0,-38.42],[141.0,-38.39],[140.33,-37.89],[140.0,-37.63],[139.32,-37.1],[139.19,-36.3],[139.0,-36.14],[138.0,-36.04],[137.0,-36.01],[136.27,-35.49],[136.0,-35.3],[135.05,-34.67],[135.0,-34.43],[134.51,-33.84],[134.0,-33.31],[133.38,-33.01],[133.0,-32.81],[132.12,-33.01],[132.0,-33.04],[131.93,-33.01],[131.0,-32.5],[130.0,-32.75],[129.0,-32.8],[128.0,-32.97],[127.84,-33.01],[127.0,-33.39],[126.0,-33.59],[125.68,-33.84],[125.23,-34.67],[125.87,-35.49],[125.0,-36.2],[124.27,-36.3],[124.0,-36.33],[123.94,-36.3],[123.85,-35.49],[123.0,-35.21],[122.0,-35.28],[121.52,-35.49],[121.54,-36.3],[121.0,-36.63],[120.0,-36.39],[119.0,-36.97],[118.53,-37.1],[118.0,-37.16],[117.37,-37.1],[117.0,-37.05],[116.92,-37.1],[116.0,-37.75],[115.26,-37.89],[115.0,-37.94],[114.0,-38.2],[113.0,-38.54],[112.15,-37.89],[112.0,-37.81],[111.0,-37.33],[110.74,-37.1],[110.52,-36.3],[110.16,-35.49],[110.0,-35.27],[109.24,-34.67],[109.0,-34.17],[108.8,-33.84],[108.0,-33.13],[107.88,-33.01],[107.29,-32.16],[107.0,-31.94],[106.39,-31.31],[106.0,-30.99],[105.0,-30.47],[104.98,-30.46],[104.26,-29.59],[104.0,-29.45],[103.0,-28.73],[102.99,-28.72],[102.35,-27.84],[102.0,-27.67],[101.0,-27.39],[100.24,-26.95],[100.0,-26.55],[99.64,-26.05],[99.0,-25.6],[98.0,-25.34],[97.59,-25.15],[97.0,-24.76],[96.0,-24.64],[95.31,-24.24],[95.0,-24.07],[94.0,-23.48],[93.53,-23.33],[93.0,-23.11],[92.0,-22.46],[91.86,-22.41],[91.0,-22.15],[90.0,-21.65],[89.82,-21.48],[89.0,-20.67],[88.67,-20.55],[88.0,-20.35],[87.01,-19.61],[87.0,-19.58],[86.35,-18.66],[86.76,-17.71],[86.0,-17.3],[85.0,-16.87],[84.9,-16.76],[84.0,-16.11],[83.4,-15.8],[83.0,-15.56],[82.0,-14.95],[81.64,-14.83],[81.0,-14.37],[80.0,-13.96],[79.84,-13.86],[79.0,-13.34],[78.0,-12.99],[77.31,-12.89],[77.0,-12.83],[76.39,-11.91],[76.02,-10.93],[76.0,-10.91],[75.31,-9.95],[75.17,-8.96],[75.0,-8.44],[74.64,-7.97],[74.0,-7.48],[73.0,-7.34],[72.0,-7.67],[71.31,-7.97],[71.0,-8.62],[70.0,-8.59],[69.17,-7.97],[69.0,-7.81],[68.08,-6.98],[68.0,-6.95],[67.0,-6.56],[66.0,-6.48],[65.0,-6.89],[64.0,-6.76],[63.0,-6.72],[62.29,-6.98],[62.0,-7.09],[61.0,-7.19],[60.0,-7.39],[59.0,-7.56],[58.0,-7.42],[57.0,-7.7],[56.0,-7.67],[55.29,-6.98],[55.0,-6.2],[54.82,-5.99],[54.0,-5.42],[53.72,-5.99],[53.0,-6.79],[52.36,-6.98],[52.0,-7.17],[51.72,-6.98],[51.36,-5.99],[51.0,-5.51],[50.32,-4.99],[50.0,-4.6],[49.0,-4.34],[48.43,-4.0],[48.0,-3.76],[47.0,-3.06],[46.65,-3.0],[46.0,-2.82],[45.0,-2.98],[44.57,-3.0],[44.0,-3.02],[43.0,-3.44],[42.34,-4.0],[42.9,-4.99],[42.24,-5.99],[42.91,-6.98],[43.0,-7.09],[43.7,-7.97],[43.57,-8.96],[44.0,-9.37],[44.39,-9.95],[45.0,-10.18],[46.0,-10.52],[46.62,-10.93],[47.0,-11.02],[48.0,-11.17],[49.0,-11.04],[49.92,-11.91],[50.0,-12.31],[50.43,-12.89],[50.96,-13.86],[50.96,-14.83],[50.84,-15.8],[50.88,-16.76],[50.62,-17.71],[50.41,-18.66],[50.21,-19.61],[50.0,-20.25],[49.87,-20.55],[49.5,-21.48],[49.0,-22.1],[48.98,-22.41],[48.0,-23.32],[47.98,-23.33],[47.9,-24.24],[47.0,-25.02],[46.86,-25.15],[46.0,-25.88],[45.0,-26.03],[44.76,-26.05],[44.0,-26.83],[43.86,-26.95],[43.0,-27.33],[42.0,-27.61],[41.55,-27.84],[41.0,-28.15],[40.07,-28.72],[40.0,-28.85],[39.42,-29.59],[39.0,-30.08],[38.62,-30.46],[38.0,-30.77],[37.0,-31.2],[36.0,-31.22],[35.0,-31.02],[34.32,-31.31],[34.12,-32.16],[34.3,-33.01],[34.0,-33.75],[33.0,-33.5],[32.83,-33.01],[32.74,-32.16],[32.71,-31.31],[32.06,-30.46],[32.0,-30.42],[31.0,-30.4],[30.93,-30.46],[30.77,-31.31],[30.0,-31.89],[29.0,-32.12],[28.96,-32.16],[28.0,-32.93],[27.9,-33.01],[27.0,-33.54],[26.0,-33.78],[25.76,-33.84],[25.0,-34.14],[24.0,-34.38],[23.0,-34.43],[22.0,-34.48],[21.0,-34.49],[20.79,-34.67],[20.0,-35.22],[19.26,-34.67],[19.0,-34.46],[18.23,-33.84],[18.11,-33.01],[18.0,-32.34],[17.86,-32.16],[17.07,-31.31],[17.0,-30.98],[16.27,-30.46],[16.0,-30.2],[15.0,-29.66],[14.87,-29.59],[14.0,-28.94],[13.64,-28.72],[13.0,-28.38],[12.0,-28.22],[11.64,-27.84],[11.0,-27.27],[10.0,-26.99],[9.0,-27.26],[8.22,-27.84],[8.0,-27.95],[7.0,-28.57],[6.95,-28.72],[7.0,-29.32],[7.03,-29.59],[7.02,-30.46],[7.0,-30.54],[6.85,-31.31],[6.51,-32.16],[7.0,-32.61],[8.0,-32.55],[8.61,-33.01],[9.0,-33.34],[9.97,-33.84],[10.0,-33.87],[11.0,-34.66],[11.02,-34.67],[11.3,-35.49],[11.92,-36.3],[12.0,-36.45],[12.51,-37.1],[12.74,-37.89],[13.0,-37.99],[13.35,-38.68],[13.0,-39.03],[12.63,-39.45],[12.81,-40.22],[13.0,-40.75],[14.0,-40.33],[14.47,-40.22],[15.0,-40.15],[15.41,-40.22],[15.0,-40.61],[14.85,-40.98],[14.0,-41.57],[13.78,-41.73],[13.0,-42.32],[12.77,-42.47],[12.0,-42.81],[11.0,-42.85],[10.0,-42.9],[9.0,-43.06],[8.0,-42.5],[7.92,-42.47],[7.0,-42.19],[6.2,-41.73],[6.18,-40.98],[6.0,-40.81],[5.0,-40.69],[4.4,-40.98],[4.0,-41.37],[3.21,-40.98],[3.0,-40.77],[2.78,-40.22],[2.0,-39.65],[1.4,-39.45],[1.0,-39.29],[0.0,-39.12],[-1.0,-38.74],[-1.08,-38.68],[-2.0,-38.03],[-2.35,-37.89],[-3.0,-37.5],[-4.0,-37.68],[-5.0,-37.31],[-6.0,-37.39],[-7.0,-37.28],[-7.47,-37.1],[-8.0,-36.88],[-9.0,-36.56],[-10.0,-36.4],[-10.33,-36.3],[-11.0,-36.01],[-12.0,-35.67],[-12.64,-35.49],[-13.0,-35.28],[-14.0,-35.06],[-15.0,-34.96],[-15.79,-34.67],[-16.0,-34.6],[-17.0,-34.4],[-18.0,-34.41],[-19.0,-34.4],[-20.0,-34.21],[-21.0,-33.88],[-21.21,-33.84],[-22.0,-33.69],[-23.0,-33.33],[-23.59,-33.01],[-24.0,-32.73],[-25.0,-32.39],[-25.74,-32.16],[-26.0,-32.08],[-27.0,-31.68],[-27.79,-31.31],[-28.0,-31.21],[-29.0,-30.95],[-30.0,-30.74],[-31.0,-30.68],[-31.69,-30.46],[-32.0,-29.95],[-32.36,-29.59],[-33.0,-29.43],[-34.0,-29.5],[-34.28,-29.59],[-35.0,-30.09],[-36.0,-30.41],[-37.0,-30.39],[-38.0,-30.42],[-38.08,-30.46],[-38.0,-30.64],[-37.7,-31.31],[-37.0,-31.9],[-36.0,-31.79],[-35.64,-32.16],[-36.0,-32.95],[-36.06,-33.01],[-37.0,-33.55],[-37.59,-33.84],[-37.81,-34.67],[-38.0,-34.83],[-38.87,-35.49],[-39.0,-35.52],[-39.12,-35.49],[-40.0,-35.12],[-40.44,-35.49],[-41.0,-35.84],[-42.0,-36.09],[-42.78,-36.3],[-43.0,-36.4],[-44.0,-36.42],[-45.0,-36.91],[-45.21,-37.1],[-46.0,-37.73],[-46.26,-37.89],[-47.0,-38.68],[-47.0,-38.68],[-47.95,-39.45],[-48.0,-39.47],[-48.03,-39.45],[-48.39,-38.68],[-49.0,-38.4],[-49.34,-38.68],[-50.0,-39.28],[-50.13,-39.45],[-50.83,-40.22],[-51.0,-40.35],[-51.79,-40.98],[-52.0,-41.27],[-52.37,-41.73],[-53.0,-42.46],[-53.01,-42.47],[-53.61,-43.21],[-53.68,-43.93],[-53.86,-44.65],[-53.91,-45.35],[-54.0,-45.56],[-54.29,-46.05],[-54.48,-46.74],[-54.57,-47.42],[-54.89,-48.09],[-55.0,-48.31],[-55.17,-48.76],[-55.45,-49.41],[-55.87,-50.06],[-56.0,-50.27],[-56.19,-50.7],[-56.47,-51.33],[-56.89,-51.95],[-57.0,-52.13],[-57.39,-52.56],[-57.77,-53.16],[-58.0,-53.5],[-58.21,-53.76],[-58.51,-54.34],[-58.36,-54.92],[-58.38,-55.49],[-58.96,-56.06],[-59.0,-56.13],[-59.34,-56.61],[-59.0,-56.94],[-58.68,-57.16],[-59.0,-57.61],[-59.06,-57.7],[-59.23,-58.23],[-59.88,-58.75],[-59.9,-59.26],[-59.0,-59.56],[-58.0,-59.76],[-57.0,-59.73],[-56.0,-59.42],[-55.73,-59.26],[-55.0,-58.84],[-54.79,-58.75],[-54.05,-58.23],[-54.0,-58.21],[-53.0,-57.74],[-52.93,-57.7],[-52.28,-57.16],[-52.0,-56.82],[-51.68,-56.61],[-51.0,-56.3],[-50.76,-56.06],[-50.0,-55.82],[-49.0,-55.86],[-48.0,-55.95],[-47.69,-56.06],[-47.0,-56.49],[-46.35,-56.61],[-46.0,-56.66],[-45.0,-56.83],[-44.2,-57.16],[-44.0,-57.24],[-43.0,-57.46],[-42.0,-57.63],[-41.79,-57.7],[-41.0,-57.79],[-40.0,-57.83],[-39.0,-57.86],[-38.0,-57.81],[-37.76,-57.7],[-37.81,-57.16],[-37.09,-56.61],[-37.0,-56.57],[-36.89,-56.61],[-36.0,-57.03],[-35.63,-57.16],[-35.0,-57.32],[-34.0,-57.28],[-33.71,-57.16],[-33.0,-56.91],[-32.0,-56.71],[-31.69,-56.61],[-31.0,-56.4],[-30.28,-56.06],[-30.0,-55.84],[-29.57,-55.49],[-29.45,-54.92],[-29.0,-54.64],[-28.0,-54.53],[-27.0,-54.55],[-26.0,-54.86],[-25.86,-54.92],[-25.35,-55.49],[-25.01,-56.06],[-25.0,-56.06],[-24.16,-56.61],[-24.0,-56.72],[-23.0,-56.77],[-22.0,-56.73],[-21.0,-56.88],[-20.0,-57.0],[-19.58,-57.16],[-19.0,-57.41],[-18.0,-57.57],[-17.0,-57.49],[-16.0,-57.46],[-15.25,-57.16],[-15.0,-56.73],[-14.88,-56.61],[-14.4,-56.06],[-14.0,-55.89],[-13.0,-55.75],[-12.0,-56.04],[-11.96,-56.06],[-11.0,-56.58],[-10.93,-56.61],[-10.0,-56.68],[-9.0,-56.87],[-8.0,-56.85],[-7.0,-56.88],[-6.0,-56.91],[-5.0,-56.96],[-4.0,-56.98],[-3.0,-56.95],[-2.0,-56.94],[-1.0,-56.97],[0.0,-57.0],[1.0,-56.73],[1.62,-56.61],[2.0,-56.53],[2.29,-56.61],[3.0,-56.76],[4.0,-56.8],[5.0,-56.79],[6.0,-56.67],[7.0,-56.63],[7.48,-56.61],[8.0,-56.59],[8.29,-56.61],[9.0,-56.66],[10.0,-56.66],[10.52,-56.61],[11.0,-56.56],[12.0,-56.53],[12.39,-56.61],[13.0,-56.73],[14.0,-57.04],[14.3,-57.16],[15.0,-57.37],[16.0,-57.5],[16.77,-57.7],[17.0,-57.76],[18.0,-57.92],[19.0,-58.1],[20.0,-58.2],[20.43,-58.23],[21.0,-58.29],[22.0,-58.67],[22.33,-58.75],[23.0,-59.03],[24.0,-59.18],[24.58,-59.26],[25.0,-59.33],[26.0,-59.47],[27.0,-59.56],[27.96,-59.77],[28.0,-59.79],[29.0,-60.05],[29.82,-60.27],[30.0,-60.28],[31.0,-60.45],[32.0,-60.56],[33.0,-60.67],[33.72,-60.76],[34.0,-60.77],[35.0,-60.8],[36.0,-60.86],[37.0,-60.97],[38.0,-61.02],[39.0,-61.05],[39.55,-61.25],[40.0,-61.52],[41.0,-61.7],[42.0,-61.68],[43.0,-61.67],[43.93,-61.73],[44.0,-61.74],[45.0,-61.93],[46.0,-62.03],[47.0,-62.16],[47.45,-62.2],[48.0,-62.3],[49.0,-62.49],[49.85,-62.66],[50.0,-62.69],[51.0,-62.84],[52.0,-62.93],[53.0,-63.0],[54.0,-63.03],[55.0,-63.07],[56.0,-63.06],[57.0,-62.96],[58.0,-62.86],[59.0,-62.72],[59.44,-62.66],[60.0,-62.61],[61.0,-62.54],[62.0,-62.41],[62.76,-62.2],[63.0,-62.14],[64.0,-62.01],[65.0,-62.04],[66.0,-62.07],[67.0,-61.99],[68.0,-61.74],[68.03,-61.73],[69.0,-61.44],[69.64,-61.25],[70.0,-61.16],[71.0,-61.17],[72.0,-61.15],[73.0,-60.77],[73.02,-60.76],[74.0,-60.32],[74.1,-60.27],[75.0,-59.78],[75.08,-59.77],[76.0,-59.66],[77.0,-59.65],[78.0,-59.48],[79.0,-59.36],[79.32,-59.26],[80.0,-58.78],[80.1,-58.75],[81.0,-58.56],[82.0,-58.64],[82.28,-58.75],[83.0,-58.89],[84.0,-59.22],[84.06,-59.26],[85.0,-59.62],[85.49,-59.77],[85.94,-60.27],[86.0,-60.31],[86.61,-60.27],[87.0,-59.82],[87.03,-59.77],[87.69,-59.26],[88.0,-58.85],[88.33,-58.75],[88.87,-58.23],[88.96,-57.7],[89.0,-57.54],[89.31,-57.16],[89.61,-56.61],[90.0,-56.27],[91.0,-56.52],[92.0,-56.51],[93.0,-56.6],[93.03,-56.61],[94.0,-56.88],[95.0,-56.86],[96.0,-57.04],[96.66,-57.16],[97.0,-57.21],[97.09,-57.16],[98.0,-56.83],[99.0,-57.0],[100.0,-57.08],[100.45,-57.16],[101.0,-57.32],[102.0,-57.69],[102.44,-57.7],[103.0,-57.76],[104.0,-58.13],[104.29,-58.23],[105.0,-58.51],[105.64,-58.75],[106.0,-58.85],[106.62,-59.26],[107.0,-59.45],[108.0,-59.75],[108.04,-59.77],[109.0,-60.17],[109.5,-60.27],[110.0,-60.35],[111.0,-60.64],[112.0,-60.74],[112.04,-60.76],[113.0,-61.22],[113.08,-61.25],[114.0,-61.56],[114.29,-61.73],[115.0,-61.97],[116.0,-62.06],[117.0,-62.15],[117.17,-62.2],[118.0,-62.41],[118.71,-62.66],[119.0,-62.72],[120.0,-62.96],[120.36,-63.11],[121.0,-63.45],[121.56,-63.56],[122.0,-63.61],[123.0,-63.78],[123.68,-64.0],[124.0,-64.08],[125.0,-64.41],[125.29,-64.44],[126.0,-64.46],[127.0,-64.46],[127.24,-64.44],[128.0,-64.31],[129.0,-64.05],[129.26,-64.0],[130.0,-63.93],[130.86,-64.0],[131.0,-64.02],[131.03,-64.0],[132.0,-63.67],[132.43,-63.56],[133.0,-63.4],[134.0,-63.24],[135.0,-63.27],[136.0,-63.31],[137.0,-63.23],[138.0,-63.15],[139.0,-63.19],[140.0,-63.22],[141.0,-63.18],[141.43,-63.11],[142.0,-63.04],[143.0,-62.85],[144.0,-62.83],[145.0,-62.7],[145.75,-62.66],[146.0,-62.65],[146.05,-62.66],[147.0,-62.94],[148.0,-62.83],[149.0,-62.67],[150.0,-62.66],[150.04,-62.66],[151.0,-62.53],[152.0,-62.39],[153.0,-62.28],[154.0,-62.32],[155.0,-62.23],[156.0,-62.4],[157.0,-62.53],[158.0,-62.46],[159.0,-62.36],[160.0,-62.3],[161.0,-62.27],[162.0,-62.22],[163.0,-62.21],[163.19,-62.2],[164.0,-62.14],[164.92,-62.2],[165.0,-62.21],[166.0,-62.31],[167.0,-62.37],[168.0,-62.48],[168.78,-62.66],[169.0,-62.74],[169.94,-63.11],[170.0,-63.13],[171.0,-63.2],[171.1,-63.11],[172.0,-62.87],[173.0,-62.92],[174.0,-63.06],[174.24,-63.11],[175.0,-63.16],[176.0,-63.35],[177.0,-63.38],[177.73,-63.56],[178.0,-63.61],[179.0,-63.83],[179.62,-64.0],[180.0,-64.2],[180.41,-64.44],[181.0,-64.58],[181.0,-64.87],[181.0,-65.29],[181.0,-65.4],[180.24,-65.29],[180.0,-65.22],[179.3,-64.87],[179.0,-64.78],[178.0,-64.48],[177.0,-64.46],[176.0,-64.49],[175.64,-64.44],[175.0,-64.06],[174.92,-64.0],[174.15,-63.56],[174.0,-63.53],[173.0,-63.53],[172.0,-63.53],[171.94,-63.56],[171.0,-63.91],[170.0,-63.97],[169.0,-63.74],[168.61,-63.56],[168.0,-63.24],[167.53,-63.11],[167.0,-62.96],[166.0,-62.87],[165.0,-62.79],[164.0,-62.69],[163.0,-62.68],[162.0,-62.71],[161.0,-62.77],[160.0,-62.83],[159.0,-62.89],[158.0,-62.93],[157.0,-62.95],[156.0,-62.75],[155.0,-62.66],[154.0,-62.79],[153.0,-62.88],[152.0,-62.9],[151.0,-63.01],[150.0,-63.07],[149.0,-63.05],[148.72,-63.11],[148.0,-63.28],[147.0,-63.34],[146.0,-63.37],[145.0,-63.11],[144.0,-63.24],[143.0,-63.24],[142.3,-63.56],[142.0,-63.68],[141.0,-63.78],[140.0,-63.72],[139.0,-63.63],[138.0,-63.66],[137.0,-63.76],[136.0,-63.89],[135.0,-63.73],[134.0,-63.7],[133.0,-63.83],[132.18,-64.0],[132.0,-64.09],[131.43,-64.44],[131.0,-64.57],[130.0,-64.66],[129.0,-64.66],[128.0,-64.69],[127.0,-64.72],[126.0,-64.7],[125.0,-64.67],[124.0,-64.53],[123.31,-64.44],[123.0,-64.38],[122.04,-64.0],[122.0,-63.99],[121.0,-63.99],[120.0,-63.74],[119.36,-63.56],[119.0,-63.12],[118.99,-63.11],[118.0,-62.93],[117.1,-62.66],[117.0,-62.63],[116.0,-62.58],[115.0,-62.48],[114.0,-62.4],[113.1,-62.2],[113.0,-62.17],[112.0,-62.06],[111.0,-61.84],[110.71,-61.73],[110.0,-61.46],[109.0,-61.45],[108.33,-61.25],[108.0,-61.14],[107.0,-61.17],[106.0,-60.96],[105.0,-60.88],[104.0,-60.9],[103.0,-60.96],[102.0,-61.21],[101.0,-61.15],[100.0,-60.84],[99.88,-60.76],[99.0,-60.48],[98.0,-60.37],[97.45,-60.27],[97.0,-60.15],[96.68,-60.27],[96.0,-60.39],[95.0,-60.44],[94.2,-60.27],[94.0,-60.19],[93.75,-60.27],[93.0,-60.46],[92.0,-60.76],[91.98,-60.76],[91.0,-60.78],[90.0,-60.92],[89.0,-61.13],[88.0,-61.03],[87.33,-60.76],[87.0,-60.63],[86.0,-60.67],[85.38,-60.27],[85.0,-60.01],[84.56,-59.77],[84.0,-59.54],[83.21,-59.26],[83.0,-59.19],[82.0,-59.13],[81.0,-59.01],[80.34,-59.26],[80.0,-59.37],[79.0,-59.64],[78.16,-59.77],[78.0,-59.81],[77.0,-60.02],[76.0,-60.1],[75.29,-60.27],[75.0,-60.38],[74.2,-60.76],[74.0,-60.87],[73.23,-61.25],[73.0,-61.36],[72.0,-61.64],[71.0,-61.65],[70.0,-61.7],[69.87,-61.73],[69.0,-61.93],[68.0,-62.14],[67.48,-62.2],[67.0,-62.27],[66.0,-62.34],[65.0,-62.36],[64.0,-62.43],[63.0,-62.62],[62.78,-62.66],[62.0,-62.83],[61.0,-62.99],[60.0,-63.1],[59.95,-63.11],[59.0,-63.27],[58.0,-63.39],[57.0,-63.49],[56.03,-63.56],[56.0,-63.56],[55.0,-63.6],[54.0,-63.59],[53.65,-63.56],[53.0,-63.51],[52.0,-63.38],[51.0,-63.24],[50.0,-63.12],[49.89,-63.11],[49.0,-63.02],[48.0,-62.85],[47.01,-62.66],[47.0,-62.66],[46.0,-62.52],[45.0,-62.38],[44.0,-62.25],[43.58,-62.2],[43.0,-62.15],[42.0,-62.13],[41.0,-62.1],[40.0,-62.02],[39.14,-61.73],[39.0,-61.65],[38.0,-61.52],[37.0,-61.47],[36.0,-61.31],[35.53,-61.25],[35.0,-61.21],[34.0,-61.17],[33.0,-61.19],[32.0,-61.16],[31.0,-61.02],[30.0,-60.76],[30.0,-60.76],[29.0,-60.61],[28.0,-60.67],[27.0,-60.64],[26.0,-60.29],[25.93,-60.27],[25.0,-60.01],[24.0,-59.85],[23.83,-59.77],[23.0,-59.5],[22.38,-59.26],[22.0,-59.09],[21.02,-58.75],[21.0,-58.74],[20.0,-58.63],[19.0,-58.54],[18.0,-58.42],[17.09,-58.23],[17.0,-58.22],[16.0,-58.02],[15.0,-57.79],[14.76,-57.7],[14.0,-57.51],[13.0,-57.17],[12.91,-57.16],[12.0,-57.07],[11.0,-57.07],[10.0,-57.07],[9.0,-57.04],[8.0,-56.97],[7.0,-56.98],[6.0,-56.98],[5.0,-57.02],[4.0,-57.02],[3.0,-56.99],[2.0,-56.85],[1.0,-57.0],[0.4,-57.16],[0.0,-57.36],[-1.0,-57.35],[-2.0,-57.33],[-3.0,-57.39],[-4.0,-57.49],[-5.0,-57.47],[-6.0,-57.33],[-7.0,-57.2],[-8.0,-57.24],[-9.0,-57.37],[-9.98,-57.16],[-10.0,-57.15],[-10.13,-57.16],[-11.0,-57.2],[-11.26,-57.16],[-12.0,-57.03],[-12.44,-57.16],[-13.0,-57.32],[-14.0,-57.54],[-15.0,-57.62],[-15.22,-57.7],[-16.0,-57.84],[-17.0,-57.76],[-18.0,-57.85],[-19.0,-57.75],[-19.2,-57.7],[-20.0,-57.4],[-21.0,-57.25],[-22.0,-57.17],[-22.06,-57.16],[-23.0,-57.08],[-24.0,-57.12],[-24.72,-56.61],[-25.0,-56.43],[-25.61,-56.06],[-26.0,-55.65],[-26.44,-55.49],[-27.0,-55.11],[-27.73,-54.92],[-28.0,-54.9],[-28.35,-54.92],[-29.0,-55.11],[-29.11,-55.49],[-29.54,-56.06],[-30.0,-56.25],[-30.87,-56.61],[-31.0,-56.66],[-32.0,-56.96],[-33.0,-57.09],[-33.19,-57.16],[-34.0,-57.48],[-35.0,-57.51],[-36.0,-57.35],[-36.91,-57.16],[-37.0,-57.13],[-37.04,-57.16],[-37.29,-57.7],[-38.0,-58.04],[-39.0,-58.06],[-40.0,-58.03],[-41.0,-58.02],[-42.0,-57.98],[-43.0,-57.98],[-43.9,-58.23],[-44.0,-58.31],[-45.0,-58.36],[-46.0,-58.48],[-47.0,-58.38],[-48.0,-58.32],[-49.0,-58.27],[-50.0,-58.5],[-51.0,-58.72],[-51.07,-58.75],[-52.0,-59.23],[-52.03,-59.26],[-53.0,-59.76],[-53.01,-59.77],[-53.4,-60.27],[-54.0,-60.47],[-54.64,-60.76],[-55.0,-60.8],[-55.9,-61.25],[-56.0,-61.52],[-57.0,-61.66],[-57.4,-61.73],[-58.0,-61.8],[-58.96,-62.2],[-59.0,-62.27],[-60.0,-62.24],[-61.0,-62.52],[-61.42,-62.66],[-61.0,-62.84],[-60.17,-63.11],[-61.0,-63.32],[-61.57,-63.56],[-62.0,-63.62],[-62.88,-64.0],[-63.0,-64.06],[-63.77,-64.0],[-63.31,-63.56],[-63.14,-63.11],[-63.0,-62.85],[-62.61,-62.66],[-62.18,-62.2],[-62.0,-62.1],[-61.27,-61.73],[-61.24,-61.25],[-61.32,-60.76],[-61.97,-60.27],[-62.0,-60.25],[-63.0,-59.88],[-63.76,-60.27],[-64.0,-60.52],[-64.57,-60.76],[-65.0,-61.1],[-66.0,-60.86],[-66.31,-60.76],[-66.27,-60.27],[-66.33,-59.77],[-66.0,-59.26],[-66.0,-59.26],[-65.61,-58.75],[-65.43,-58.23],[-65.0,-58.1],[-64.58,-57.7],[-64.16,-57.16],[-64.0,-56.77],[-63.9,-56.61],[-63.0,-56.11],[-62.95,-56.06],[-62.25,-55.49],[-62.03,-54.92],[-62.0,-54.77],[-61.93,-54.34],[-61.6,-53.76],[-61.32,-53.16],[-61.36,-52.56],[-61.0,-52.52],[-60.0,-52.47],[-59.0,-52.47],[-58.11,-51.95],[-58.0,-51.81],[-57.47,-51.33],[-57.48,-50.7],[-57.43,-50.06],[-57.43,-49.41],[-57.52,-48.76],[-57.55,-48.09],[-57.42,-47.42],[-57.44,-46.74],[-57.58,-46.05],[-58.0,-45.51],[-58.09,-45.35],[-58.34,-44.65],[-58.49,-43.93],[-58.56,-43.21],[-58.2,-42.47],[-58.0,-42.17],[-57.5,-41.73],[-57.0,-41.52],[-56.36,-40.98],[-56.0,-40.78],[-55.22,-40.22],[-55.0,-40.1],[-54.0,-39.83],[-53.53,-39.45],[-53.18,-38.68],[-53.0,-38.42],[-52.54,-37.89],[-52.0,-37.11],[-51.19,-37.89],[-51.0,-38.05],[-50.91,-37.89],[-50.65,-37.1],[-50.71,-36.3],[-51.0,-35.76],[-51.84,-36.3],[-52.0,-37.06],[-52.17,-36.3],[-52.0,-35.64],[-51.92,-35.49],[-51.66,-34.67],[-51.26,-33.84],[-51.0,-33.01],[-51.0,-33.01],[-50.63,-32.16],[-50.06,-31.31],[-50.0,-31.09],[-49.26,-30.46],[-49.0,-29.86],[-48.79,-29.59],[-48.25,-28.72],[-48.07,-27.84],[-48.12,-26.95],[-48.06,-26.05],[-48.0,-25.87],[-47.0,-25.91],[-46.0,-25.92],[-45.68,-25.15],[-45.0,-24.54],[-44.28,-24.24],[-44.0,-24.12],[-43.0,-23.47],[-42.8,-23.33],[-42.0,-23.27],[-41.0,-22.58],[-40.74,-22.41],[-40.0,-21.72],[-39.06,-22.41],[-39.0,-22.45],[-38.0,-23.11],[-37.0,-23.28],[-36.0,-23.06],[-35.0,-23.17],[-34.71,-23.33],[-34.0,-23.91],[-33.0,-24.15],[-32.0,-24.01],[-31.77,-24.24],[-32.0,-24.54],[-33.0,-24.33],[-34.0,-24.61],[-35.0,-24.84],[-36.0,-25.12],[-36.31,-25.15],[-36.14,-26.05],[-36.0,-26.12],[-35.0,-26.15],[-34.0,-26.59],[-33.14,-26.95],[-33.0,-26.99],[-32.0,-27.3],[-31.0,-27.62],[-30.59,-27.84],[-30.0,-28.18],[-29.0,-28.45],[-28.0,-28.66],[-27.89,-28.72],[-27.0,-29.04],[-26.0,-29.42],[-25.41,-29.59],[-25.0,-29.71],[-24.0,-30.09],[-23.22,-30.46],[-23.0,-30.53],[-22.0,-30.78],[-21.22,-31.31],[-21.0,-31.39],[-20.0,-31.39],[-19.27,-31.31],[-19.0,-31.29],[-18.94,-31.31],[-18.0,-31.6],[-17.0,-31.66],[-16.0,-31.82],[-15.0,-31.97],[-14.23,-32.16],[-14.0,-32.23],[-13.0,-32.59],[-12.0,-32.59],[-11.0,-32.82],[-10.68,-33.01],[-10.0,-33.27],[-9.0,-33.07],[-8.0,-33.13],[-7.0,-33.58],[-6.76,-33.84],[-6.0,-34.48],[-5.0,-34.05],[-4.0,-34.43],[-3.7,-34.67],[-3.0,-35.24],[-2.0,-35.22],[-1.6,-34.67],[-1.79,-33.84],[-2.0,-33.65],[-2.52,-33.01],[-3.0,-32.35],[-3.19,-32.16],[-3.0,-31.9],[-2.18,-31.31],[-3.0,-30.55],[-3.62,-31.31],[-4.0,-31.52],[-5.0,-31.79],[-6.0,-31.77],[-6.74,-31.31],[-6.48,-30.46],[-6.0,-29.7],[-5.94,-29.59],[-5.8,-28.72],[-5.96,-27.84],[-6.0,-27.73],[-6.76,-26.95],[-7.0,-26.79],[-7.85,-26.05],[-8.0,-25.93],[-8.89,-25.15],[-9.0,-24.77],[-9.15,-24.24],[-10.0,-23.65],[-10.72,-24.24],[-11.0,-24.5],[-11.41,-24.24],[-12.0,-23.41],[-12.05,-23.33],[-13.0,-22.53],[-13.5,-22.41],[-14.0,-22.23],[-15.0,-21.58],[-15.42,-21.48],[-16.0,-21.19],[-17.0,-21.23],[-17.56,-20.55],[-18.0,-19.8],[-19.0,-19.77],[-19.14,-19.61],[-19.0,-18.88],[-18.0,-19.52],[-17.0,-18.95],[-16.39,-18.66],[-17.0,-18.53],[-17.99,-17.71],[-17.0,-17.02],[-16.67,-16.76],[-17.0,-16.58],[-17.73,-15.8],[-17.0,-15.23],[-16.0,-15.24],[-15.0,-15.32],[-14.11,-15.8],[-14.0,-15.86],[-13.0,-16.75],[-12.99,-16.76],[-12.0,-17.04],[-11.7,-16.76],[-12.0,-16.58],[-12.84,-15.8],[-12.0,-15.08],[-11.0,-15.19],[-10.84,-14.83],[-10.0,-14.16],[-9.0,-14.49],[-8.25,-14.83],[-8.0,-15.06],[-7.0,-15.48],[-6.81,-15.8],[-6.0,-16.19],[-5.36,-15.8],[-5.0,-15.41],[-4.0,-15.37],[-3.51,-14.83],[-3.0,-14.55],[-2.72,-14.83],[-2.0,-15.74],[-1.92,-15.8],[-1.0,-16.2],[0.0,-16.75],[0.02,-16.76],[1.0,-17.21],[1.98,-17.71],[2.0,-17.72],[2.12,-17.71],[2.66,-16.76],[3.0,-16.51],[4.0,-16.24],[5.0,-16.16],[5.9,-15.8],[6.0,-15.74],[6.28,-14.83],[6.45,-13.86],[6.85,-12.89],[7.0,-12.74],[8.0,-12.45],[8.98,-12.89],[9.0,-12.9],[10.0,-12.99],[11.0,-13.38],[11.23,-13.86],[11.48,-14.83],[11.18,-15.8],[11.26,-16.76],[11.26,-17.71],[12.0,-18.59],[12.08,-18.66],[12.08,-19.61],[12.0,-20.39],[11.9,-20.55],[12.0,-21.09],[12.25,-21.48],[12.54,-22.41],[12.75,-23.33],[13.0,-23.85],[14.0,-24.0],[14.04,-24.24],[14.09,-25.15],[14.03,-26.05],[14.38,-26.95],[15.0,-27.73],[15.01,-27.84],[16.0,-28.68],[16.04,-28.72],[16.98,-29.59],[17.0,-29.61],[17.24,-30.46],[17.38,-31.31],[18.0,-31.9],[18.31,-32.16],[18.41,-33.01],[18.48,-33.84],[19.0,-34.25],[19.5,-34.67],[20.0,-35.04],[20.52,-34.67],[21.0,-34.28],[22.0,-34.26],[23.0,-34.24],[24.0,-34.2],[24.88,-33.84],[25.0,-33.74],[26.0,-33.52],[27.0,-33.36],[27.6,-33.01],[28.0,-32.67],[28.64,-32.16],[29.0,-31.85],[30.0,-31.7],[30.51,-31.31],[30.62,-30.46],[31.0,-30.13],[31.87,-29.59],[32.0,-29.48],[32.9,-28.72],[33.0,-27.96],[33.13,-27.84],[34.0,-27.05],[34.73,-26.95],[35.0,-26.89],[35.18,-26.95],[36.0,-27.06],[36.56,-26.95],[36.0,-26.36],[35.85,-26.05],[36.0,-25.8],[36.83,-25.15],[37.0,-25.08],[38.0,-24.62],[38.45,-24.24],[38.55,-23.33],[39.0,-22.78],[40.0,-23.23],[40.1,-23.33],[41.0,-24.16],[41.09,-24.24],[42.0,-24.89],[43.0,-25.13],[43.03,-25.15],[44.0,-25.45],[45.0,-25.74],[46.0,-25.64],[46.57,-25.15],[47.0,-24.76],[47.6,-24.24],[47.66,-23.33],[48.0,-23.01],[48.65,-22.41],[48.7,-21.48],[48.72,-20.55],[48.79,-19.61],[49.0,-19.41],[49.7,-18.66],[49.72,-17.71],[49.96,-16.76],[49.96,-15.8],[50.0,-15.76],[50.64,-14.83],[50.64,-13.86],[50.0,-13.18],[49.7,-12.89],[49.12,-11.91],[49.0,-11.8],[48.52,-11.91],[48.0,-12.04],[47.43,-11.91],[47.0,-11.82],[46.0,-11.78],[45.28,-11.91],[45.0,-11.95],[44.0,-12.02],[43.93,-11.91],[43.0,-11.05],[42.14,-10.93],[42.0,-10.87],[41.0,-10.27],[40.68,-9.95],[40.0,-9.29],[39.92,-8.96],[39.84,-7.97],[39.84,-6.98],[39.67,-5.99],[39.81,-4.99],[39.84,-4.0],[40.0,-3.84],[40.83,-3.0],[41.0,-2.83],[41.82,-2.0],[42.0,-1.2],[42.25,-1.0],[43.0,-0.07],[43.11,0.0],[44.0,0.57],[45.0,0.85],[45.44,1.0],[46.0,1.21],[47.0,1.6],[48.0,1.9],[49.0,1.67],[50.0,1.26],[50.63,1.0],[51.0,0.89],[52.0,0.78],[53.0,0.65],[54.0,0.42],[55.0,0.46],[56.0,0.67],[57.0,0.8],[58.0,0.67],[59.0,0.75],[59.86,1.0],[60.0,1.04],[61.0,1.12],[61.07,1.0],[61.13,0.0],[61.17,-1.0],[61.0,-1.78],[60.96,-2.0],[60.94,-3.0],[61.0,-3.08],[62.0,-3.63],[63.0,-3.86],[64.0,-3.53],[65.0,-3.17],[66.0,-3.26],[67.0,-3.48],[68.0,-3.96],[68.18,-4.0],[69.0,-4.08],[70.0,-4.14],[71.0,-4.41],[71.33,-4.99],[72.0,-5.43],[72.4,-4.99],[72.75,-4.0],[73.0,-3.75],[74.0,-3.21],[75.0,-3.08],[76.0,-3.73],[76.65,-4.0],[77.0,-4.2],[77.75,-4.0],[78.0,-3.92],[79.0,-3.4],[80.0,-3.52],[81.0,-3.53],[81.4,-3.0],[82.0,-2.03],[82.02,-2.0],[82.64,-1.0],[83.0,-0.26],[83.13,0.0],[83.42,1.0],[83.0,1.45],[82.0,1.45],[81.63,2.0],[81.33,3.0],[81.41,4.0],[81.41,4.99],[81.73,5.99],[82.0,6.15],[82.57,6.98],[83.0,7.5],[83.68,7.97],[84.0,8.34],[85.0,8.78],[85.62,8.96],[86.0,9.45],[86.42,9.95],[87.0,10.23],[88.0,10.73],[88.33,10.93],[89.0,11.58],[89.7,10.93],[90.0,10.75],[91.0,10.73],[92.0,10.68],[93.0,10.4],[94.0,10.27],[95.0,10.55],[95.84,10.93],[96.0,11.05],[97.0,11.17],[97.13,10.93],[97.83,9.95],[98.0,9.63],[98.09,8.96],[98.27,7.97],[98.0,7.13],[97.86,6.98],[97.0,6.43],[96.17,5.99],[96.0,5.96],[95.09,4.99],[95.25,4.0],[95.09,3.0],[95.54,2.0],[96.0,1.56],[96.73,1.0],[97.0,0.74],[97.25,0.0],[98.0,-0.45],[98.12,-1.0],[99.0,-1.96],[99.08,-2.0],[100.0,-2.85],[100.66,-3.0],[100.64,-4.0],[101.0,-4.35],[101.76,-4.0],[102.0,-3.97],[102.03,-4.0],[103.0,-4.92],[103.07,-4.99],[104.0,-5.89],[104.89,-5.99],[105.0,-6.05],[106.0,-6.71],[106.19,-6.98],[107.0,-7.8],[108.0,-7.86],[109.0,-7.94],[109.57,-7.97],[110.0,-8.08],[111.0,-8.82],[112.0,-8.78],[113.0,-8.75],[114.0,-8.85],[115.0,-8.93],[116.0,-8.7],[116.17,-8.96],[116.71,-9.95],[117.0,-10.17],[117.19,-9.95],[118.0,-9.55],[119.0,-9.64],[119.07,-9.95],[119.59,-10.93],[119.0,-11.57],[118.77,-11.91],[118.43,-12.89],[118.48,-13.86],[118.22,-14.83],[118.14,-15.8],[118.0,-16.07],[117.41,-16.76],[117.0,-17.26],[116.72,-17.71],[116.1,-18.66],[116.0,-18.73],[115.38,-19.61],[115.0,-20.0],[114.51,-20.55],[114.18,-21.48],[114.0,-21.57],[113.17,-22.41],[113.19,-23.33],[113.02,-24.24],[113.0,-24.42],[112.61,-25.15],[113.0,-25.77],[113.06,-26.05],[113.06,-26.95],[113.49,-27.84],[113.71,-28.72],[114.0,-28.98],[114.23,-29.59],[114.0,-30.38],[113.77,-30.46],[113.0,-31.07],[112.73,-31.31],[112.0,-32.02],[111.33,-31.31],[111.36,-30.46],[111.22,-29.59],[111.3,-28.72],[111.0,-28.43],[110.59,-28.72],[110.07,-29.59],[110.0,-29.69],[109.57,-30.46],[109.63,-31.31],[110.0,-31.78],[110.77,-32.16],[110.89,-33.01],[111.0,-33.13],[112.0,-33.55],[112.86,-33.01],[113.0,-32.65],[113.96,-33.01],[114.0,-33.01],[114.2,-33.84],[115.0,-34.45],[115.09,-34.67],[116.0,-35.47],[117.0,-35.46],[118.0,-35.35],[119.0,-34.86],[119.39,-34.67],[120.0,-34.39],[121.0,-34.1],[122.0,-34.29],[123.0,-34.13],[123.55,-33.84],[124.0,-33.7],[124.89,-33.01],[125.0,-32.91],[126.0,-32.77],[127.0,-32.75],[127.77,-32.16],[128.0,-31.97],[129.0,-31.94],[130.0,-31.92],[131.0,-31.9],[132.0,-31.95],[133.0,-31.95],[133.24,-32.16],[134.0,-32.76],[134.29,-33.01],[135.0,-33.62],[135.26,-33.84],[135.49,-34.67],[136.0,-35.01],[136.69,-35.49],[137.0,-35.71],[138.0,-35.72],[139.0,-35.93],[139.46,-36.3],[139.54,-37.1],[140.0,-37.45],[140.55,-37.89],[141.0,-38.22],[142.0,-38.25],[143.0,-38.24],[144.0,-38.32],[145.0,-38.27],[145.41,-38.68],[146.0,-39.23],[146.71,-39.45],[146.0,-39.96],[145.66,-40.22],[145.0,-40.45],[144.6,-40.98],[144.59,-41.73],[145.0,-42.04],[145.58,-42.47],[145.6,-43.21],[146.0,-43.49],[147.0,-43.49],[147.59,-43.21],[148.0,-42.91],[148.6,-42.47],[148.72,-41.73],[148.67,-40.98],[148.66,-40.22],[148.07,-39.45],[148.0,-39.24],[147.76,-38.68],[147.96,-37.89],[148.0,-37.86],[149.0,-37.64],[149.83,-37.1],[150.0,-36.96],[150.4,-36.3],[150.4,-35.49],[150.45,-34.67],[151.0,-34.21],[151.35,-33.84],[151.36,-33.01],[152.0,-32.47],[152.38,-32.16],[152.84,-31.31],[153.0,-31.18],[153.39,-30.46],[153.37,-29.59],[153.46,-28.72],[153.67,-27.84],[154.0,-27.21],[155.0,-27.06],[156.0,-27.42],[156.71,-27.84],[157.0,-28.24],[157.53,-28.72],[157.87,-29.59],[157.99,-30.46],[158.0,-30.5],[158.55,-31.31],[158.77,-32.16],[159.0,-32.99],[159.01,-33.01],[159.99,-33.84],[160.0,-33.84],[160.0,-33.84],[160.53,-33.01],[160.5,-32.16],[161.0,-31.85],[161.34,-32.16],[161.68,-33.01],[162.0,-33.35],[163.0,-33.74],[163.09,-33.84],[163.59,-34.67],[164.0,-35.09],[164.55,-35.49],[165.0,-35.71],[165.75,-36.3],[166.0,-36.51],[167.0,-37.1],[167.02,-37.1],[168.0,-37.55],[168.93,-37.89],[169.0,-37.91],[170.0,-38.46],[170.37,-38.68],[171.0,-39.18],[171.34,-39.45],[172.0,-40.01],[172.07,-40.22],[172.01,-40.98],[172.0,-40.98],[171.17,-41.73],[171.15,-42.47],[171.0,-42.58],[170.13,-43.21],[170.0,-43.3],[169.14,-43.93],[169.0,-44.03],[168.0,-44.21],[167.48,-44.65],[167.0,-44.98],[166.5,-45.35],[166.51,-46.05],[167.0,-46.4],[167.56,-46.74],[168.0,-47.14],[168.85,-46.74],[169.0,-46.66],[170.0,-46.51],[170.93,-46.05],[171.0,-45.98],[172.0,-45.9],[173.0,-45.7],[174.0,-45.52],[174.62,-45.35],[175.0,-45.16],[176.0,-45.03],[177.0,-44.94],[177.97,-44.65],[178.0,-44.64],[179.0,-44.35],[179.94,-43.93],[180.0,-43.87],[180.67,-43.21],[181.0,-42.82]],[[108.0,-28.73],[107.99,-28.72],[107.33,-27.84],[107.0,-27.17],[106.0,-26.99],[105.91,-26.95],[105.0,-26.19],[104.58,-26.05],[104.0,-25.56],[103.42,-25.15],[103.0,-24.98],[102.0,-24.35],[101.91,-24.24],[101.65,-23.33],[101.0,-22.73],[100.0,-22.43],[99.98,-22.41],[99.74,-21.48],[100.0,-20.96],[101.0,-21.15],[101.29,-21.48],[101.95,-22.41],[102.0,-22.46],[102.03,-22.41],[103.0,-21.64],[103.35,-21.48],[104.0,-20.85],[104.4,-21.48],[104.2,-22.41],[104.48,-23.33],[105.0,-23.97],[105.72,-24.24],[106.0,-24.4],[106.79,-24.24],[107.0,-24.22],[107.01,-24.24],[107.41,-25.15],[108.0,-25.75],[108.25,-26.05],[108.55,-26.95],[108.29,-27.84],[108.02,-28.72],[108.0,-28.73]],[[92.0,-17.76],[91.94,-17.71],[92.0,-17.54],[92.14,-16.76],[92.0,-16.13],[91.0,-15.84],[90.97,-15.8],[91.0,-15.78],[92.0,-15.69],[93.0,-15.56],[93.19,-15.8],[94.0,-16.61],[94.1,-16.76],[94.49,-17.71],[94.0,-17.92],[93.0,-18.26],[92.0,-17.76]],[[-15.0,-19.91],[-15.12,-19.61],[-15.79,-18.66],[-15.0,-18.45],[-14.0,-18.52],[-13.83,-18.66],[-13.4,-19.61],[-14.0,-19.79],[-15.0,-19.91]],[[-9.0,-16.95],[-9.12,-16.76],[-9.24,-15.8],[-9.0,-15.45],[-8.65,-15.8],[-8.0,-16.55],[-7.86,-16.76],[-8.0,-17.05],[-9.0,-16.95]],[[95.0,-19.32],[94.58,-18.66],[95.0,-17.98],[95.91,-18.66],[95.0,-19.32]],[[93.0,5.77],[92.57,5.99],[92.52,6.98],[93.0,7.38],[93.05,6.98],[93.57,5.99],[93.0,5.77]],[[97.0,-12.32],[96.4,-11.91],[97.0,-11.21],[97.4,-11.91],[97.0,-12.32]],[[94.0,6.67],[93.71,6.98],[94.0,7.58],[94.41,6.98],[94.0,6.67]],[[106.0,-23.97],[105.73,-23.33],[106.0,-23.16],[106.15,-23.33],[106.0,-23.97]],[[-64.0,-59.42],[-64.46,-59.26],[-64.0,-59.04],[-63.67,-59.26],[-64.0,-59.42]],[[-12.0,-19.79],[-12.62,-19.61],[-12.0,-19.57],[-11.94,-19.61],[-12.0,-19.79]],[[-56.0,-43.4],[-56.07,-43.21],[-56.0,-43.03],[-55.8,-43.21],[-56.0,-43.4]],[[84.0,1.93],[83.92,2.0],[84.0,2.13],[84.06,2.0],[84.0,1.93]],[[12.0,-25.17],[11.96,-25.15],[12.0,-25.09],[12.15,-25.15],[12.0,-25.17]]],"type":"Polygon"},"properties":{ "hvalue":2.9,"color":"#6c99d2"} }, { "type":"Feature","geometry":{"coordinates":[[[181.0,-29.57],[181.0,-29.59],[181.0,-30.46],[181.0,-31.31],[181.0,-32.16],[181.0,-33.01],[181.0,-33.84],[181.0,-34.67],[181.0,-35.49],[181.0,-36.17],[180.8,-36.3],[180.0,-36.5],[179.0,-36.74],[178.57,-37.1],[179.0,-37.86],[179.02,-37.89],[179.18,-38.68],[179.35,-39.45],[179.0,-39.92],[178.0,-39.97],[177.63,-40.22],[177.0,-40.69],[176.89,-40.98],[176.0,-41.61],[175.13,-40.98],[175.09,-40.22],[175.0,-40.15],[174.0,-40.13],[173.27,-39.45],[174.0,-38.77],[174.12,-38.68],[174.1,-37.89],[174.09,-37.1],[174.0,-37.03],[173.0,-36.31],[172.0,-36.32],[171.97,-36.3],[171.0,-35.59],[170.85,-35.49],[170.17,-34.67],[170.0,-34.48],[169.49,-33.84],[170.0,-33.2],[170.16,-33.01],[170.0,-32.62],[169.42,-33.01],[169.0,-33.16],[168.36,-33.84],[168.0,-34.03],[167.56,-33.84],[167.0,-33.66],[166.47,-33.01],[166.0,-32.36],[165.81,-32.16],[165.11,-31.31],[165.83,-30.46],[166.0,-29.92],[166.26,-29.59],[166.63,-28.72],[167.0,-28.49],[168.0,-28.03],[168.66,-28.72],[168.11,-29.59],[168.0,-29.91],[167.71,-30.46],[167.54,-31.31],[168.0,-32.03],[168.67,-31.31],[169.0,-30.97],[169.76,-30.46],[170.0,-30.26],[170.45,-30.46],[170.38,-31.31],[171.0,-32.13],[171.1,-32.16],[172.0,-32.45],[173.0,-32.32],[173.17,-32.16],[173.93,-31.31],[174.0,-31.27],[175.0,-30.86],[175.75,-30.46],[176.0,-30.18],[176.59,-29.59],[177.0,-29.23],[177.86,-29.59],[178.0,-29.64],[178.07,-29.59],[179.0,-28.87],[179.19,-28.72],[180.0,-28.32],[180.69,-28.72],[181.0,-29.57]]],"type":"Polygon"},"properties":{ "hvalue":1.15,"color":"#E2EBF5"} }, { "type":"Feature","geometry":{"coordinates":[[[181.0,-17.59],[181.0,-17.71],[181.0,-18.03],[180.72,-17.71],[181.0,-17.59]]],"type":"Polygon"},"properties":{ "hvalue":2.0,"color":"#6c99d2"} }, { "type":"Feature","geometry":{"coordinates":[[[181.0,-16.11],[181.0,-16.76],[181.0,-17.59],[180.72,-17.71],[181.0,-18.03],[181.0,-18.66],[181.0,-18.82],[180.0,-18.74],[179.84,-18.66],[179.0,-18.46],[178.68,-18.66],[178.0,-19.16],[177.4,-18.66],[177.0,-18.24],[176.49,-17.71],[176.72,-16.76],[177.0,-16.48],[177.73,-15.8],[178.0,-15.57],[178.96,-14.83],[179.0,-14.78],[180.0,-14.43],[180.68,-14.83],[180.9,-15.8],[181.0,-16.11]],[[178.0,-18.43],[177.27,-17.71],[178.0,-16.81],[178.24,-16.76],[179.0,-16.44],[180.0,-15.81],[180.57,-16.76],[180.0,-17.26],[179.0,-17.34],[178.9,-17.71],[178.0,-18.43]]],"type":"Polygon"},"properties":{ "hvalue":1.9,"color":"#a7c2e0"} }, { "type":"Feature","geometry":{"coordinates":[[[181.0,-13.04],[181.0,-13.86],[181.0,-14.83],[181.0,-15.8],[181.0,-16.11],[180.9,-15.8],[180.68,-14.83],[180.0,-14.43],[179.0,-14.78],[178.96,-14.83],[178.0,-15.57],[177.73,-15.8],[177.0,-16.48],[176.72,-16.76],[176.49,-17.71],[177.0,-18.24],[177.4,-18.66],[178.0,-19.16],[178.68,-18.66],[179.0,-18.46],[179.84,-18.66],[180.0,-18.74],[181.0,-18.82],[181.0,-19.61],[181.0,-20.55],[181.0,-21.48],[181.0,-22.41],[181.0,-22.47],[180.2,-22.41],[180.0,-22.38],[179.98,-22.41],[179.37,-23.33],[179.0,-23.54],[178.0,-23.89],[177.67,-23.33],[177.0,-22.5],[176.0,-23.32],[175.99,-23.33],[175.19,-24.24],[175.0,-24.37],[174.1,-25.15],[174.0,-25.35],[173.17,-26.05],[173.0,-26.12],[172.77,-26.05],[172.0,-25.45],[171.67,-25.15],[171.64,-24.24],[171.65,-23.33],[171.89,-22.41],[172.0,-22.26],[172.51,-21.48],[172.0,-20.63],[171.0,-20.58],[170.88,-20.55],[170.73,-19.61],[170.14,-18.66],[170.0,-18.26],[169.74,-17.71],[169.02,-16.76],[169.0,-16.74],[168.95,-15.8],[168.87,-14.83],[168.43,-13.86],[168.62,-12.89],[169.0,-12.77],[170.0,-12.71],[171.0,-12.34],[172.0,-12.17],[172.48,-11.91],[173.0,-11.33],[174.0,-11.27],[174.76,-10.93],[175.0,-10.49],[175.15,-10.93],[176.0,-11.33],[176.8,-10.93],[177.0,-10.58],[177.25,-10.93],[178.0,-11.49],[178.47,-11.91],[179.0,-12.38],[179.53,-12.89],[180.0,-13.24],[181.0,-13.04]]],"type":"Polygon"},"properties":{ "hvalue":2.0,"color":"#6c99d2"} }, { "type":"Feature","geometry":{"coordinates":[[[181.0,33.97],[181.0,33.84],[181.0,33.01],[181.0,32.49],[180.51,33.01],[180.0,33.68],[179.9,33.84],[180.0,33.97],[181.0,33.97]]],"type":"Polygon"},"properties":{ "hvalue":3.0,"color":"#34cc99"} }, { "type":"Feature","geometry":{"coordinates":[[[181.0,39.63],[181.0,39.45],[181.0,38.68],[181.0,37.89],[181.0,37.1],[181.0,36.3],[181.0,35.49],[181.0,34.67],[181.0,33.97],[180.0,33.97],[179.9,33.84],[180.0,33.68],[180.51,33.01],[181.0,32.49],[181.0,32.16],[181.0,31.31],[181.0,30.46],[181.0,29.59],[181.0,28.72],[181.0,27.84],[181.0,26.95],[181.0,26.77],[180.0,26.26],[179.28,26.05],[179.0,25.98],[178.0,25.59],[177.0,25.31],[176.58,25.15],[176.0,24.7],[175.0,24.87],[174.0,24.65],[173.0,24.45],[172.62,24.24],[172.0,23.39],[171.76,23.33],[171.0,23.24],[170.09,23.33],[170.0,23.34],[169.96,23.33],[169.0,23.14],[168.0,23.03],[167.42,23.33],[167.0,23.48],[166.0,23.78],[165.0,23.76],[164.0,23.9],[163.0,23.65],[162.47,23.33],[163.0,22.69],[164.0,22.6],[165.0,22.7],[165.47,22.41],[165.0,21.92],[164.27,21.48],[164.0,21.44],[163.0,21.47],[162.91,21.48],[162.0,21.86],[161.0,21.94],[160.0,22.25],[159.65,22.41],[159.0,22.54],[158.0,22.87],[157.0,23.27],[156.0,23.07],[155.75,23.33],[156.0,23.95],[156.1,24.24],[156.0,24.41],[155.68,25.15],[155.05,26.05],[155.0,26.32],[154.9,26.95],[154.71,27.84],[155.0,28.21],[156.0,27.87],[156.07,27.84],[157.0,27.38],[158.0,27.43],[159.0,27.03],[159.98,27.84],[160.0,27.87],[160.12,28.72],[161.0,29.53],[161.15,29.59],[161.0,29.83],[160.79,30.46],[161.0,31.28],[161.02,31.31],[162.0,31.51],[162.69,31.31],[162.63,30.46],[163.0,30.39],[163.2,30.46],[163.99,31.31],[163.39,32.16],[164.0,32.41],[165.0,32.49],[166.0,32.59],[167.0,32.56],[168.0,32.38],[169.0,32.31],[169.96,33.01],[170.0,33.03],[170.79,33.84],[171.0,34.09],[172.0,34.5],[172.5,34.67],[173.0,34.96],[173.31,35.49],[174.0,35.96],[174.82,36.3],[175.0,36.52],[176.0,36.7],[177.0,37.02],[177.12,37.1],[177.83,37.89],[178.0,38.14],[178.52,38.68],[179.0,38.87],[180.0,39.19],[180.69,39.45],[181.0,39.63]],[[159.0,25.57],[158.39,26.05],[159.0,26.86],[160.0,26.65],[161.0,26.13],[161.08,26.05],[161.0,25.71],[160.0,25.66],[159.0,25.57]]],"type":"Polygon"},"properties":{ "hvalue":2.9,"color":"#6c99d2"} }, { "type":"Feature","geometry":{"coordinates":[[[181.0,59.71],[181.0,59.26],[181.0,58.75],[181.0,58.23],[181.0,57.7],[181.0,57.16],[181.0,56.61],[181.0,56.06],[181.0,55.49],[181.0,54.92],[181.0,54.34],[181.0,53.76],[181.0,53.16],[181.0,53.03],[180.04,53.16],[180.0,53.17],[179.98,53.16],[179.0,52.93],[178.49,52.56],[178.0,52.41],[177.41,51.95],[177.41,51.33],[177.39,50.7],[177.0,50.18],[176.93,50.06],[176.1,49.41],[176.0,49.29],[175.61,48.76],[175.6,48.09],[175.43,47.42],[175.0,46.83],[174.93,46.74],[174.87,46.05],[174.26,45.35],[174.0,44.97],[173.71,44.65],[173.0,44.29],[172.56,43.93],[172.0,43.47],[171.66,43.21],[171.0,42.71],[170.3,42.47],[170.0,42.34],[169.0,41.98],[168.02,41.73],[168.0,41.73],[167.0,41.45],[166.0,41.25],[165.0,41.13],[164.0,41.01],[163.93,40.98],[163.12,40.22],[163.0,40.1],[162.75,40.22],[162.0,40.39],[161.25,40.22],[161.0,40.11],[160.0,39.95],[159.0,39.79],[158.0,39.94],[157.0,40.0],[156.0,40.05],[155.56,40.22],[156.0,40.54],[156.24,40.98],[157.0,41.53],[157.3,41.73],[157.76,42.47],[158.0,42.76],[158.36,43.21],[158.52,43.93],[158.67,44.65],[159.0,44.75],[160.0,44.81],[161.0,44.97],[162.0,45.18],[162.77,45.35],[163.0,45.41],[164.0,45.52],[165.0,45.78],[165.51,46.05],[166.0,46.67],[166.05,46.74],[166.46,47.42],[167.0,47.84],[167.53,48.09],[168.0,48.55],[168.18,48.76],[168.1,49.41],[168.0,50.01],[167.98,50.06],[167.26,50.7],[167.0,50.83],[166.29,51.33],[166.0,51.44],[165.58,51.33],[165.0,51.14],[164.0,51.15],[163.0,51.13],[162.0,51.14],[161.76,51.33],[161.0,51.92],[160.98,51.95],[160.86,52.56],[160.97,53.16],[161.0,53.21],[162.0,53.23],[162.95,53.76],[163.0,53.78],[163.96,54.34],[164.0,54.36],[164.74,54.92],[165.0,55.06],[166.0,54.98],[166.69,54.92],[167.0,54.86],[168.0,54.67],[168.49,54.92],[168.0,55.27],[167.45,55.49],[167.0,55.76],[166.66,56.06],[166.42,56.61],[167.0,57.07],[167.44,57.16],[168.0,57.31],[168.97,57.7],[169.0,57.71],[169.03,57.7],[170.0,57.31],[170.98,57.7],[171.0,57.71],[171.57,57.7],[172.0,57.7],[173.0,57.38],[174.0,57.21],[174.24,57.16],[175.0,56.96],[176.0,56.71],[177.0,56.67],[177.76,56.61],[178.0,56.58],[178.16,56.61],[179.0,56.78],[179.41,57.16],[180.0,57.65],[180.07,57.7],[180.2,58.23],[180.12,58.75],[180.19,59.26],[181.0,59.71]],[[168.0,44.55],[167.92,44.65],[168.0,44.76],[168.16,45.35],[169.0,45.7],[169.77,46.05],[170.0,46.24],[170.94,46.74],[171.0,47.05],[171.2,47.42],[172.0,47.61],[172.25,47.42],[172.87,46.74],[172.51,46.05],[172.0,45.63],[171.71,45.35],[171.0,44.67],[170.91,44.65],[170.0,44.43],[169.0,44.22],[168.0,44.55]],[[173.0,52.72],[172.31,53.16],[173.0,53.56],[173.63,53.16],[173.0,52.72]],[[164.0,43.92],[163.98,43.93],[164.0,43.94],[165.0,44.06],[166.0,44.05],[166.32,43.93],[166.0,43.85],[165.0,43.78],[164.0,43.92]]],"type":"Polygon"},"properties":{ "hvalue":2.0,"color":"#6c99d2"} }, { "type":"Feature","geometry":{"coordinates":[[[181.0,70.69],[181.0,70.53],[181.0,70.19],[181.0,69.85],[181.0,69.5],[181.0,69.15],[181.0,68.79],[181.0,68.68],[180.0,68.77],[179.95,68.79],[179.86,69.15],[179.0,69.45],[178.87,69.5],[178.0,69.82],[177.54,69.85],[177.58,70.19],[177.82,70.53],[178.0,70.58],[179.0,70.56],[179.74,70.53],[180.0,70.51],[180.09,70.53],[181.0,70.69]]],"type":"Polygon"},"properties":{ "hvalue":1.25,"color":"#a7c2e0"} }, { "type":"Feature","geometry":{"coordinates":[[[-180.0,77.65],[-180.0,77.77],[-180.0,77.82],[-179.82,77.77],[-180.0,77.65]]],"type":"Polygon"},"properties":{ "hvalue":1.25,"color":"#a7c2e0"} }, { "type":"Feature","geometry":{"coordinates":[[[-180.0,76.23],[-180.0,76.44],[-180.0,76.67],[-180.0,76.87],[-179.32,76.67],[-179.49,76.44],[-180.0,76.23]]],"type":"Polygon"},"properties":{ "hvalue":1.25,"color":"#a7c2e0"} }, { "type":"Feature","geometry":{"coordinates":[[[-180.0,75.14],[-180.0,75.21],[-180.0,75.21],[-179.93,75.21],[-180.0,75.14]]],"type":"Polygon"},"properties":{ "hvalue":1.25,"color":"#a7c2e0"} }, { "type":"Feature","geometry":{"coordinates":[[[-180.0,68.77],[-180.0,68.79],[-180.0,69.15],[-180.0,69.5],[-180.0,69.85],[-180.0,70.19],[-180.0,70.51],[-179.91,70.53],[-179.0,70.69],[-178.74,70.86],[-178.0,70.93],[-177.18,71.19],[-177.28,71.51],[-177.36,71.82],[-177.0,72.0],[-176.66,72.13],[-176.0,72.3],[-175.41,72.43],[-175.0,72.51],[-174.0,72.65],[-173.4,72.73],[-173.0,72.78],[-172.0,72.92],[-171.0,73.0],[-170.6,73.03],[-170.0,73.07],[-169.0,73.14],[-168.0,73.21],[-167.0,73.23],[-166.0,73.23],[-165.0,73.22],[-164.0,73.2],[-163.0,73.14],[-162.0,73.08],[-161.52,73.03],[-161.48,72.73],[-162.0,72.64],[-162.72,72.43],[-163.0,72.38],[-163.85,72.13],[-164.0,72.09],[-165.0,71.82],[-165.01,71.82],[-165.93,71.51],[-166.0,71.48],[-166.7,71.19],[-167.0,71.08],[-167.54,70.86],[-168.0,70.67],[-168.31,70.53],[-168.94,70.19],[-169.0,70.15],[-169.37,69.85],[-169.87,69.5],[-170.0,69.38],[-170.18,69.15],[-170.43,68.79],[-170.81,68.43],[-170.73,68.06],[-171.0,67.9],[-171.03,67.68],[-171.03,67.3],[-171.41,66.91],[-172.0,66.87],[-172.11,66.91],[-173.0,67.14],[-174.0,67.06],[-175.0,67.15],[-175.39,67.3],[-175.5,67.68],[-176.0,67.86],[-177.0,67.86],[-177.52,68.06],[-178.0,68.27],[-178.42,68.43],[-179.0,68.68],[-180.0,68.77]],[[-175.0,67.29],[-175.02,67.3],[-175.2,67.68],[-176.0,67.96],[-177.0,67.97],[-177.23,68.06],[-178.0,68.4],[-178.08,68.43],[-178.65,68.79],[-178.42,69.15],[-178.25,69.5],[-178.02,69.85],[-178.0,69.88],[-177.8,70.19],[-177.34,70.53],[-177.0,70.66],[-176.35,70.86],[-176.0,70.97],[-175.38,71.19],[-175.0,71.4],[-174.52,71.51],[-174.0,71.62],[-173.0,71.8],[-172.85,71.82],[-172.0,71.97],[-171.0,72.09],[-170.62,72.13],[-170.0,72.18],[-169.0,72.19],[-168.5,72.13],[-168.0,71.91],[-167.92,71.82],[-168.0,71.79],[-168.64,71.51],[-169.0,71.36],[-169.37,71.19],[-169.99,70.86],[-170.0,70.86],[-170.65,70.53],[-171.0,70.31],[-171.17,70.19],[-171.64,69.85],[-172.0,69.59],[-172.1,69.5],[-172.34,69.15],[-172.45,68.79],[-172.51,68.43],[-172.61,68.06],[-172.65,67.68],[-172.75,67.3],[-173.0,67.28],[-174.0,67.22],[-175.0,67.29]]],"type":"Polygon"},"properties":{ "hvalue":1.25,"color":"#a7c2e0"} }, { "type":"Feature","geometry":{"coordinates":[[[-180.0,64.82],[-180.0,64.87],[-180.0,65.29],[-180.0,65.7],[-180.0,66.11],[-180.0,66.51],[-180.0,66.91],[-180.0,67.3],[-180.0,67.68],[-180.0,68.06],[-180.0,68.43],[-180.0,68.77],[-179.0,68.68],[-178.42,68.43],[-178.0,68.27],[-177.52,68.06],[-177.0,67.86],[-176.0,67.86],[-175.5,67.68],[-175.39,67.3],[-175.0,67.15],[-174.0,67.06],[-173.0,67.14],[-172.11,66.91],[-172.0,66.87],[-171.41,66.91],[-171.03,67.3],[-171.03,67.68],[-171.0,67.9],[-170.73,68.06],[-170.81,68.43],[-170.43,68.79],[-170.18,69.15],[-170.0,69.38],[-169.87,69.5],[-169.37,69.85],[-169.0,70.15],[-168.94,70.19],[-168.31,70.53],[-168.0,70.67],[-167.54,70.86],[-167.0,71.08],[-166.7,71.19],[-166.0,71.48],[-165.93,71.51],[-165.01,71.82],[-165.0,71.82],[-164.0,72.09],[-163.85,72.13],[-163.0,72.38],[-162.72,72.43],[-162.0,72.64],[-161.48,72.73],[-161.52,73.03],[-162.0,73.08],[-163.0,73.14],[-164.0,73.2],[-165.0,73.22],[-166.0,73.23],[-167.0,73.23],[-168.0,73.21],[-169.0,73.14],[-170.0,73.07],[-170.6,73.03],[-171.0,73.0],[-172.0,72.92],[-173.0,72.78],[-173.4,72.73],[-174.0,72.65],[-175.0,72.51],[-175.41,72.43],[-176.0,72.3],[-176.66,72.13],[-177.0,72.0],[-177.36,71.82],[-177.28,71.51],[-177.18,71.19],[-178.0,70.93],[-178.74,70.86],[-179.0,70.69],[-179.91,70.53],[-180.0,70.51],[-180.0,70.53],[-180.0,70.86],[-180.0,71.19],[-180.0,71.51],[-180.0,71.82],[-180.0,72.13],[-180.0,72.43],[-180.0,72.73],[-180.0,73.03],[-180.0,73.32],[-180.0,73.6],[-180.0,73.88],[-180.0,74.16],[-180.0,74.43],[-180.0,74.69],[-180.0,74.96],[-180.0,75.14],[-179.93,75.21],[-180.0,75.21],[-180.0,75.47],[-180.0,75.71],[-180.0,75.96],[-180.0,76.2],[-180.0,76.23],[-179.49,76.44],[-179.32,76.67],[-180.0,76.87],[-180.0,76.9],[-180.0,77.12],[-180.0,77.34],[-180.0,77.56],[-180.0,77.65],[-179.82,77.77],[-180.0,77.82],[-180.0,77.98],[-180.0,78.19],[-180.0,78.39],[-180.0,78.59],[-180.0,78.79],[-180.0,78.98],[-180.0,79.17],[-180.0,79.36],[-180.0,79.54],[-180.0,79.72],[-180.0,79.9],[-180.0,80.07],[-180.0,80.24],[-180.0,80.41],[-180.0,80.58],[-180.0,80.74],[-180.0,80.9],[-180.0,81.05],[-180.0,81.21],[-180.0,81.36],[-180.0,81.51],[-180.0,81.66],[-180.0,81.8],[-180.0,81.94],[-180.0,82.08],[-180.0,82.22],[-180.0,82.35],[-180.0,82.48],[-180.0,82.61],[-180.0,82.74],[-180.0,82.87],[-180.0,82.99],[-180.0,83.11],[-180.0,83.23],[-180.0,83.35],[-180.0,83.46],[-180.0,83.57],[-180.0,83.68],[-180.0,83.79],[-180.0,83.9],[-180.0,84.01],[-180.0,84.11],[-180.0,84.21],[-180.0,84.31],[-180.0,84.41],[-180.0,84.51],[-180.0,84.6],[-180.0,84.69],[-180.0,84.79],[-180.0,84.88],[-180.0,84.96],[-180.0,85.05],[-180.0,85.14],[-179.0,85.14],[-178.0,85.14],[-177.0,85.14],[-176.0,85.14],[-175.0,85.14],[-174.0,85.14],[-173.0,85.14],[-172.0,85.14],[-171.0,85.14],[-170.0,85.14],[-169.0,85.14],[-168.0,85.14],[-167.0,85.14],[-166.0,85.14],[-165.0,85.14],[-164.0,85.14],[-163.0,85.14],[-162.0,85.14],[-161.0,85.14],[-160.0,85.14],[-159.0,85.14],[-158.0,85.14],[-157.0,85.14],[-156.0,85.14],[-155.0,85.14],[-154.0,85.14],[-153.0,85.14],[-152.0,85.14],[-151.0,85.14],[-150.0,85.14],[-149.0,85.14],[-148.0,85.14],[-147.0,85.14],[-146.0,85.14],[-145.0,85.14],[-144.0,85.14],[-143.0,85.14],[-142.0,85.14],[-141.0,85.14],[-140.0,85.14],[-139.0,85.14],[-138.0,85.14],[-137.0,85.14],[-136.0,85.14],[-135.0,85.14],[-134.0,85.14],[-133.0,85.14],[-132.0,85.14],[-131.0,85.14],[-130.0,85.14],[-129.0,85.14],[-128.0,85.14],[-127.0,85.14],[-126.0,85.14],[-125.0,85.14],[-124.0,85.14],[-123.0,85.14],[-122.0,85.14],[-121.0,85.14],[-120.0,85.14],[-119.0,85.14],[-118.0,85.14],[-117.0,85.14],[-116.0,85.14],[-115.0,85.14],[-114.0,85.14],[-113.0,85.14],[-112.0,85.14],[-111.0,85.14],[-110.0,85.14],[-109.0,85.14],[-108.0,85.14],[-107.0,85.14],[-106.0,85.14],[-105.0,85.14],[-104.0,85.14],[-103.0,85.14],[-102.0,85.14],[-101.0,85.14],[-100.0,85.14],[-99.0,85.14],[-98.0,85.14],[-97.0,85.14],[-96.0,85.14],[-95.0,85.14],[-94.0,85.14],[-93.0,85.14],[-92.0,85.14],[-91.0,85.14],[-90.0,85.14],[-89.0,85.14],[-88.0,85.14],[-87.0,85.14],[-86.0,85.14],[-85.0,85.14],[-84.0,85.14],[-83.0,85.14],[-82.0,85.14],[-81.0,85.14],[-80.0,85.14],[-79.0,85.14],[-78.0,85.14],[-77.0,85.14],[-76.0,85.14],[-75.0,85.14],[-74.0,85.14],[-73.0,85.14],[-72.0,85.14],[-71.0,85.14],[-70.0,85.14],[-69.0,85.14],[-68.0,85.14],[-67.0,85.14],[-66.0,85.14],[-65.0,85.14],[-64.0,85.14],[-63.0,85.14],[-62.0,85.14],[-61.0,85.14],[-60.0,85.14],[-59.0,85.14],[-58.0,85.14],[-57.0,85.14],[-56.0,85.14],[-55.0,85.14],[-54.0,85.14],[-53.0,85.14],[-52.0,85.14],[-51.0,85.14],[-50.0,85.14],[-49.0,85.14],[-48.0,85.14],[-47.0,85.14],[-46.0,85.14],[-45.0,85.14],[-44.0,85.14],[-43.0,85.14],[-42.0,85.14],[-41.0,85.14],[-40.0,85.14],[-39.0,85.14],[-38.0,85.14],[-37.0,85.14],[-36.0,85.14],[-35.0,85.14],[-34.0,85.14],[-33.0,85.14],[-32.0,85.14],[-31.0,85.14],[-30.0,85.14],[-29.0,85.14],[-28.0,85.14],[-27.0,85.14],[-26.0,85.14],[-25.0,85.14],[-24.0,85.14],[-23.0,85.14],[-22.0,85.14],[-21.0,85.14],[-20.0,85.14],[-19.0,85.14],[-18.0,85.14],[-17.0,85.14],[-16.0,85.14],[-15.0,85.14],[-14.0,85.14],[-13.0,85.14],[-12.0,85.14],[-11.0,85.14],[-10.0,85.14],[-9.0,85.14],[-8.0,85.14],[-7.0,85.14],[-6.0,85.14],[-5.0,85.14],[-4.0,85.14],[-3.0,85.14],[-2.0,85.14],[-1.0,85.14],[0.0,85.14],[1.0,85.14],[2.0,85.14],[3.0,85.14],[4.0,85.14],[5.0,85.14],[6.0,85.14],[7.0,85.14],[8.0,85.14],[9.0,85.14],[10.0,85.14],[11.0,85.14],[12.0,85.14],[13.0,85.14],[14.0,85.14],[15.0,85.14],[16.0,85.14],[17.0,85.14],[18.0,85.14],[19.0,85.14],[20.0,85.14],[21.0,85.14],[22.0,85.14],[23.0,85.14],[24.0,85.14],[25.0,85.14],[26.0,85.14],[27.0,85.14],[28.0,85.14],[29.0,85.14],[30.0,85.14],[31.0,85.14],[32.0,85.14],[33.0,85.14],[34.0,85.14],[35.0,85.14],[36.0,85.14],[37.0,85.14],[38.0,85.14],[39.0,85.14],[40.0,85.14],[41.0,85.14],[42.0,85.14],[43.0,85.14],[44.0,85.14],[45.0,85.14],[46.0,85.14],[47.0,85.14],[48.0,85.14],[49.0,85.14],[50.0,85.14],[51.0,85.14],[52.0,85.14],[53.0,85.14],[54.0,85.14],[55.0,85.14],[56.0,85.14],[57.0,85.14],[58.0,85.14],[59.0,85.14],[60.0,85.14],[61.0,85.14],[62.0,85.14],[63.0,85.14],[64.0,85.14],[65.0,85.14],[66.0,85.14],[67.0,85.14],[68.0,85.14],[69.0,85.14],[70.0,85.14],[71.0,85.14],[72.0,85.14],[73.0,85.14],[74.0,85.14],[75.0,85.14],[76.0,85.14],[77.0,85.14],[78.0,85.14],[79.0,85.14],[80.0,85.14],[81.0,85.14],[82.0,85.14],[83.0,85.14],[84.0,85.14],[85.0,85.14],[86.0,85.14],[87.0,85.14],[88.0,85.14],[89.0,85.14],[90.0,85.14],[91.0,85.14],[92.0,85.14],[93.0,85.14],[94.0,85.14],[95.0,85.14],[96.0,85.14],[97.0,85.14],[98.0,85.14],[99.0,85.14],[100.0,85.14],[101.0,85.14],[102.0,85.14],[103.0,85.14],[104.0,85.14],[105.0,85.14],[106.0,85.14],[107.0,85.14],[108.0,85.14],[109.0,85.14],[110.0,85.14],[111.0,85.14],[112.0,85.14],[113.0,85.14],[114.0,85.14],[115.0,85.14],[116.0,85.14],[117.0,85.14],[118.0,85.14],[119.0,85.14],[120.0,85.14],[121.0,85.14],[122.0,85.14],[123.0,85.14],[124.0,85.14],[125.0,85.14],[126.0,85.14],[127.0,85.14],[128.0,85.14],[129.0,85.14],[130.0,85.14],[131.0,85.14],[132.0,85.14],[133.0,85.14],[134.0,85.14],[135.0,85.14],[136.0,85.14],[137.0,85.14],[138.0,85.14],[139.0,85.14],[140.0,85.14],[141.0,85.14],[142.0,85.14],[143.0,85.14],[144.0,85.14],[145.0,85.14],[146.0,85.14],[147.0,85.14],[148.0,85.14],[149.0,85.14],[150.0,85.14],[151.0,85.14],[152.0,85.14],[153.0,85.14],[154.0,85.14],[155.0,85.14],[156.0,85.14],[157.0,85.14],[158.0,85.14],[159.0,85.14],[160.0,85.14],[161.0,85.14],[162.0,85.14],[163.0,85.14],[164.0,85.14],[165.0,85.14],[166.0,85.14],[167.0,85.14],[168.0,85.14],[169.0,85.14],[170.0,85.14],[171.0,85.14],[172.0,85.14],[173.0,85.14],[174.0,85.14],[175.0,85.14],[176.0,85.14],[177.0,85.14],[178.0,85.14],[179.0,85.14],[180.0,85.14],[181.0,85.14],[181.0,85.05],[181.0,84.96],[181.0,84.88],[181.0,84.79],[181.0,84.69],[181.0,84.6],[181.0,84.51],[181.0,84.41],[181.0,84.31],[181.0,84.21],[181.0,84.11],[181.0,84.01],[181.0,83.9],[181.0,83.79],[181.0,83.68],[181.0,83.57],[181.0,83.46],[181.0,83.35],[181.0,83.23],[181.0,83.11],[181.0,82.99],[181.0,82.87],[181.0,82.74],[181.0,82.61],[181.0,82.48],[181.0,82.35],[181.0,82.22],[181.0,82.08],[181.0,81.94],[181.0,81.8],[181.0,81.66],[181.0,81.51],[181.0,81.36],[181.0,81.21],[181.0,81.05],[181.0,80.9],[181.0,80.74],[181.0,80.58],[181.0,80.41],[181.0,80.24],[181.0,80.07],[181.0,79.9],[181.0,79.72],[181.0,79.54],[181.0,79.36],[181.0,79.17],[181.0,78.98],[181.0,78.79],[181.0,78.59],[181.0,78.39],[181.0,78.19],[181.0,77.98],[181.0,77.77],[181.0,77.56],[181.0,77.34],[181.0,77.12],[181.0,76.9],[181.0,76.67],[181.0,76.44],[181.0,76.2],[181.0,75.96],[181.0,75.71],[181.0,75.47],[181.0,75.21],[181.0,74.96],[181.0,74.69],[181.0,74.43],[181.0,74.16],[181.0,73.88],[181.0,73.6],[181.0,73.32],[181.0,73.03],[181.0,72.73],[181.0,72.43],[181.0,72.13],[181.0,71.82],[181.0,71.51],[181.0,71.19],[181.0,70.86],[181.0,70.69],[180.09,70.53],[180.0,70.51],[179.74,70.53],[179.0,70.56],[178.0,70.58],[177.82,70.53],[177.58,70.19],[177.54,69.85],[178.0,69.82],[178.87,69.5],[179.0,69.45],[179.86,69.15],[179.95,68.79],[180.0,68.77],[181.0,68.68],[181.0,68.43],[181.0,68.06],[181.0,67.68],[181.0,67.3],[181.0,66.91],[181.0,66.51],[181.0,66.11],[181.0,65.7],[181.0,65.47],[180.89,65.29],[180.05,64.87],[180.0,64.82],[179.78,64.44],[179.57,64.0],[179.49,63.56],[179.86,63.11],[179.96,62.66],[179.77,62.2],[179.0,61.8],[178.42,61.73],[178.0,61.6],[177.59,61.25],[177.0,60.87],[176.83,60.76],[176.0,60.42],[175.73,60.27],[175.45,59.77],[175.18,59.26],[175.0,59.15],[174.0,58.96],[173.0,59.02],[172.23,59.26],[172.0,59.32],[171.0,59.53],[170.26,59.77],[170.0,59.79],[169.0,59.96],[168.0,60.22],[167.72,60.27],[167.0,60.31],[166.86,60.27],[166.0,59.96],[165.0,59.91],[164.0,59.86],[163.83,59.77],[163.91,59.26],[164.0,59.21],[164.64,58.75],[164.0,58.33],[163.33,58.23],[163.91,57.7],[163.5,57.16],[163.62,56.61],[163.0,56.12],[162.94,56.06],[162.28,55.49],[162.36,54.92],[162.0,54.71],[161.0,54.41],[160.88,54.34],[160.34,53.76],[160.0,53.16],[159.0,53.17],[158.99,53.16],[158.88,52.56],[158.76,51.95],[158.0,51.46],[157.8,51.33],[157.0,50.77],[156.88,50.7],[156.0,50.15],[155.1,50.7],[156.0,51.29],[156.07,51.33],[156.21,51.95],[156.26,52.56],[156.27,53.16],[156.08,53.76],[156.0,53.81],[155.3,54.34],[155.23,54.92],[155.2,55.49],[155.23,56.06],[155.55,56.61],[156.0,57.1],[156.04,57.16],[156.18,57.7],[156.7,58.23],[157.0,58.6],[157.18,58.75],[158.0,59.05],[158.82,59.26],[159.0,59.3],[160.0,59.6],[160.33,59.77],[161.0,60.1],[161.29,60.27],[161.0,60.6],[160.0,60.6],[159.47,60.76],[159.04,61.25],[159.0,61.3],[158.19,61.73],[158.0,61.76],[157.0,61.74],[156.98,61.73],[156.77,61.25],[156.0,60.97],[155.57,60.76],[155.0,60.54],[154.45,60.27],[154.4,59.77],[154.44,59.26],[154.0,58.92],[153.0,58.99],[152.0,58.96],[151.0,59.21],[150.7,59.26],[150.0,59.31],[149.7,59.26],[149.0,59.07],[148.0,58.88],[147.0,58.84],[146.0,58.8],[145.0,58.83],[144.51,58.75],[144.0,58.33],[143.64,58.23],[143.0,58.06],[142.58,57.7],[142.0,57.18],[141.89,57.16],[141.0,57.09],[140.0,56.91],[139.0,56.62],[139.0,56.61],[138.5,56.06],[138.0,55.67],[137.71,55.49],[138.0,55.41],[138.62,54.92],[138.76,54.34],[139.0,54.32],[140.0,54.28],[140.91,53.76],[141.0,53.7],[142.0,53.64],[142.57,53.76],[143.0,54.05],[143.37,53.76],[143.7,53.16],[143.74,52.56],[143.75,51.95],[143.78,51.33],[143.92,50.7],[144.0,50.49],[144.32,50.06],[144.74,49.41],[144.88,48.76],[145.0,48.58],[145.88,48.09],[146.0,47.88],[146.63,47.42],[146.0,47.19],[145.55,46.74],[145.15,46.05],[146.0,45.82],[146.92,45.35],[147.0,45.32],[147.06,45.35],[147.74,46.05],[148.0,46.32],[148.98,46.05],[149.0,46.05],[150.0,45.9],[150.4,46.05],[150.24,46.74],[150.27,47.42],[151.0,47.53],[152.0,47.73],[153.0,47.6],[153.36,47.42],[153.38,46.74],[154.0,46.44],[155.0,46.21],[155.45,46.05],[155.0,46.0],[154.0,45.53],[153.57,45.35],[153.0,45.21],[152.21,44.65],[152.0,44.25],[151.78,43.93],[151.26,43.21],[151.0,42.59],[150.85,42.47],[150.0,41.99],[149.0,41.81],[148.0,41.84],[147.71,41.73],[147.0,41.44],[146.0,41.22],[145.69,40.98],[145.0,40.66],[144.24,40.22],[144.0,40.05],[143.37,39.45],[143.0,39.24],[142.41,38.68],[142.0,38.3],[141.72,37.89],[141.0,37.14],[140.99,37.1],[140.75,36.3],[140.55,35.49],[140.0,35.04],[139.0,34.89],[138.0,34.77],[137.77,34.67],[137.0,33.94],[136.94,33.84],[136.0,33.13],[135.0,33.13],[134.0,33.08],[133.91,33.01],[133.36,32.16],[134.0,32.12],[134.16,32.16],[135.0,32.39],[136.0,32.21],[136.27,32.16],[137.0,31.92],[138.0,31.43],[138.23,31.31],[138.55,30.46],[138.0,30.07],[137.0,29.95],[136.0,29.93],[135.0,29.81],[134.0,29.83],[133.0,30.13],[132.05,29.59],[132.0,29.56],[131.0,29.5],[130.41,29.59],[130.0,29.62],[129.74,29.59],[129.21,28.72],[129.3,27.84],[129.0,27.51],[128.75,26.95],[128.0,26.28],[127.09,26.05],[127.0,26.02],[126.95,26.05],[126.0,26.79],[125.7,26.95],[126.0,27.38],[126.46,27.84],[127.0,28.56],[127.74,28.72],[128.0,28.77],[128.57,29.59],[128.0,29.88],[127.54,30.46],[127.29,31.31],[128.0,32.0],[128.06,32.16],[128.67,33.01],[129.0,33.29],[130.0,33.6],[130.29,33.84],[131.0,34.37],[131.36,34.67],[132.0,35.28],[132.5,35.49],[132.08,36.3],[132.0,36.35],[131.46,36.3],[131.0,36.27],[130.0,36.05],[129.77,35.49],[129.0,34.92],[128.0,34.87],[127.76,34.67],[127.0,34.11],[126.0,34.03],[125.0,34.08],[124.0,34.07],[123.0,33.88],[122.94,33.84],[122.03,33.01],[122.19,32.16],[122.78,31.31],[122.97,30.46],[122.93,29.59],[122.65,28.72],[122.0,28.16],[121.85,27.84],[121.0,27.1],[120.91,26.95],[120.0,26.18],[119.85,26.05],[119.6,25.15],[119.0,24.61],[118.0,24.4],[117.82,24.24],[117.42,23.33],[117.0,23.04],[116.0,22.6],[115.46,22.41],[115.0,21.89],[114.0,21.53],[113.0,21.51],[112.0,21.52],[111.0,21.66],[110.8,21.48],[110.63,20.55],[110.51,19.61],[110.45,18.66],[110.0,18.13],[109.0,17.93],[108.52,18.66],[109.0,19.43],[109.19,19.61],[109.27,20.55],[109.0,20.89],[108.0,20.92],[107.0,20.68],[106.86,20.55],[106.0,19.63],[105.98,19.61],[105.75,18.66],[106.0,18.42],[106.56,17.71],[107.0,17.3],[107.53,16.76],[108.0,16.31],[108.7,15.8],[109.0,15.25],[109.4,14.83],[109.81,13.86],[109.67,12.89],[109.54,11.91],[109.0,11.14],[108.78,10.93],[108.29,9.95],[109.0,9.27],[110.0,9.63],[110.94,9.95],[111.0,9.98],[112.0,10.26],[112.68,10.93],[113.0,11.2],[114.0,11.91],[114.0,11.91],[114.8,12.89],[115.0,13.3],[115.27,13.86],[115.61,14.83],[115.91,15.8],[116.0,16.11],[116.37,16.76],[116.73,17.71],[117.0,17.9],[118.0,17.86],[118.62,17.71],[119.0,17.63],[119.09,17.71],[120.0,18.38],[121.0,18.62],[121.31,18.66],[122.0,19.28],[122.99,18.66],[123.0,18.35],[124.0,18.23],[125.0,18.29],[125.53,18.66],[126.0,18.77],[126.29,18.66],[127.0,18.28],[128.0,18.01],[128.3,17.71],[128.09,16.76],[128.0,16.61],[127.0,16.24],[126.0,16.74],[125.0,16.73],[124.1,15.8],[125.0,15.08],[126.0,15.21],[127.0,15.5],[128.0,15.55],[129.0,15.31],[129.09,14.83],[129.49,13.86],[129.0,13.17],[128.87,12.89],[128.31,11.91],[128.0,11.59],[127.0,11.32],[126.73,10.93],[126.93,9.95],[126.93,8.96],[126.76,7.97],[126.4,6.98],[126.0,6.36],[125.68,5.99],[125.7,4.99],[125.71,4.0],[125.6,3.0],[125.88,2.0],[126.0,1.77],[127.0,1.97],[127.01,2.0],[128.0,2.84],[128.9,3.0],[129.0,3.09],[129.28,3.0],[129.0,2.81],[128.91,2.0],[129.0,1.74],[129.67,2.0],[130.0,2.44],[130.54,3.0],[131.0,3.22],[131.95,4.0],[132.0,4.03],[133.0,4.84],[133.3,4.99],[134.0,5.14],[135.0,5.16],[136.0,5.2],[137.0,5.13],[138.0,5.06],[139.0,5.15],[140.0,5.36],[141.0,5.31],[142.0,5.22],[143.0,5.25],[144.0,5.27],[145.0,5.49],[145.79,5.99],[146.0,6.05],[146.53,5.99],[147.0,5.78],[148.0,5.63],[149.0,5.3],[149.51,4.99],[150.0,4.79],[151.0,4.51],[152.0,4.36],[152.66,4.0],[153.0,3.69],[153.39,3.0],[154.0,2.29],[154.73,2.0],[154.58,1.0],[154.34,0.0],[154.75,-1.0],[155.0,-1.22],[155.53,-2.0],[156.0,-2.52],[157.0,-2.85],[157.51,-2.0],[157.39,-1.0],[157.31,0.0],[158.0,0.83],[158.92,1.0],[159.0,1.02],[159.5,2.0],[159.7,3.0],[159.0,3.77],[158.0,4.0],[158.0,4.0],[157.0,4.66],[156.63,4.99],[156.36,5.99],[157.0,6.5],[157.24,6.98],[158.0,7.82],[158.97,6.98],[159.0,6.78],[160.0,6.8],[160.36,5.99],[161.0,5.12],[162.0,5.19],[163.0,5.45],[163.37,4.99],[163.39,4.0],[163.0,3.47],[162.0,3.26],[161.0,3.84],[160.46,3.0],[161.0,2.43],[161.22,2.0],[161.0,1.66],[160.26,1.0],[160.09,0.0],[160.0,-0.1],[159.35,-1.0],[159.13,-2.0],[159.35,-3.0],[159.78,-4.0],[160.0,-4.66],[160.41,-4.99],[160.82,-5.99],[161.0,-6.2],[161.51,-6.98],[162.0,-7.94],[162.01,-7.97],[162.0,-8.01],[161.94,-8.96],[162.0,-9.37],[162.11,-9.95],[162.0,-10.03],[161.65,-9.95],[161.0,-9.82],[160.0,-9.79],[159.0,-9.37],[158.53,-8.96],[158.0,-8.49],[157.0,-8.53],[156.42,-7.97],[156.0,-7.0],[155.97,-6.98],[155.0,-6.7],[154.33,-5.99],[154.54,-4.99],[154.5,-4.0],[154.28,-3.0],[154.0,-2.44],[153.0,-2.99],[153.0,-3.0],[153.0,-3.0],[153.59,-4.0],[153.0,-4.44],[152.0,-4.85],[151.9,-4.99],[151.7,-5.99],[151.0,-6.71],[150.0,-6.77],[149.0,-6.86],[148.22,-6.98],[149.0,-7.41],[149.44,-7.97],[150.0,-8.38],[151.0,-8.62],[151.45,-8.96],[151.42,-9.95],[151.0,-10.39],[150.0,-10.49],[149.0,-10.55],[148.0,-10.54],[147.46,-9.95],[147.0,-9.49],[146.5,-8.96],[146.0,-8.46],[145.44,-7.97],[145.0,-7.53],[144.0,-7.83],[143.86,-7.97],[143.57,-8.96],[143.0,-9.75],[142.52,-9.95],[142.61,-10.93],[142.99,-11.91],[143.0,-11.92],[143.55,-12.89],[143.81,-13.86],[144.0,-14.04],[145.0,-14.39],[145.48,-14.83],[145.73,-15.8],[146.0,-16.61],[146.29,-16.76],[146.98,-17.71],[147.0,-17.79],[148.0,-18.61],[148.07,-18.66],[149.0,-18.94],[150.0,-19.37],[150.43,-19.61],[151.0,-19.84],[152.0,-20.2],[152.56,-20.55],[152.87,-21.48],[153.0,-21.96],[153.51,-21.48],[154.0,-20.66],[154.3,-20.55],[155.0,-20.44],[155.24,-20.55],[155.61,-21.48],[156.0,-21.82],[157.0,-22.07],[157.61,-21.48],[157.91,-20.55],[158.0,-20.47],[158.1,-20.55],[159.0,-21.09],[159.4,-21.48],[160.0,-22.08],[160.22,-22.41],[160.22,-23.33],[160.92,-24.24],[161.0,-24.46],[161.31,-25.15],[161.24,-26.05],[161.89,-26.95],[161.66,-27.84],[161.6,-28.72],[161.09,-29.59],[161.0,-29.64],[160.9,-29.59],[160.0,-29.07],[159.81,-28.72],[159.0,-28.15],[158.03,-27.84],[158.0,-27.82],[157.0,-27.02],[156.74,-26.95],[156.0,-26.41],[155.0,-26.16],[154.0,-26.34],[153.78,-26.95],[153.42,-27.84],[153.29,-28.72],[153.23,-29.59],[153.24,-30.46],[153.0,-30.91],[152.53,-31.31],[152.24,-32.16],[152.0,-32.35],[151.23,-33.01],[151.22,-33.84],[151.0,-34.07],[150.28,-34.67],[150.25,-35.49],[150.25,-36.3],[150.0,-36.71],[149.52,-37.1],[149.0,-37.44],[148.0,-37.58],[147.6,-37.89],[147.01,-38.68],[147.0,-38.7],[146.0,-39.03],[145.63,-38.68],[145.0,-38.05],[144.0,-38.16],[143.0,-38.11],[142.0,-38.11],[141.0,-38.1],[140.72,-37.89],[140.0,-37.32],[139.72,-37.1],[139.66,-36.3],[139.0,-35.76],[138.01,-35.49],[138.0,-35.46],[137.55,-34.67],[137.0,-34.1],[136.47,-34.67],[136.0,-34.79],[135.82,-34.67],[135.54,-33.84],[135.0,-33.39],[134.56,-33.01],[134.0,-32.54],[133.53,-32.16],[133.0,-31.71],[132.0,-31.71],[131.0,-31.68],[130.0,-31.69],[129.0,-31.7],[128.0,-31.72],[127.48,-32.16],[127.0,-32.53],[126.0,-32.54],[125.0,-32.63],[124.55,-33.01],[124.0,-33.44],[123.0,-33.69],[122.4,-33.84],[122.0,-33.93],[121.73,-33.84],[121.0,-33.61],[120.0,-33.75],[119.89,-33.84],[119.0,-34.41],[118.69,-34.67],[118.0,-35.1],[117.0,-35.16],[116.0,-35.17],[115.43,-34.67],[115.12,-33.84],[115.22,-33.01],[115.29,-32.16],[115.28,-31.31],[115.03,-30.46],[115.0,-29.92],[114.98,-29.59],[114.34,-28.72],[114.31,-27.84],[114.0,-27.56],[113.41,-26.95],[113.49,-26.05],[113.3,-25.15],[113.39,-24.24],[113.49,-23.33],[113.48,-22.41],[114.0,-21.89],[114.8,-21.48],[115.0,-21.16],[115.39,-20.55],[116.0,-19.95],[116.64,-19.61],[117.0,-19.32],[118.0,-19.02],[118.81,-18.66],[119.0,-18.54],[120.0,-17.84],[120.2,-17.71],[121.0,-16.95],[121.15,-16.76],[121.38,-15.8],[122.0,-15.13],[122.29,-14.83],[122.0,-14.17],[121.88,-13.86],[122.0,-13.73],[122.69,-13.86],[123.0,-13.94],[123.12,-13.86],[124.0,-12.93],[124.03,-12.89],[125.0,-12.05],[125.18,-11.91],[125.43,-10.93],[125.0,-10.85],[124.0,-10.81],[123.21,-9.95],[123.0,-9.15],[122.0,-9.72],[121.56,-9.95],[121.0,-10.04],[120.0,-10.6],[119.42,-9.95],[119.55,-8.96],[119.0,-8.55],[118.0,-8.51],[117.7,-8.96],[117.0,-9.59],[116.48,-8.96],[116.0,-8.23],[115.0,-8.42],[114.0,-8.52],[113.0,-8.46],[112.0,-8.48],[111.0,-8.5],[110.36,-7.97],[110.0,-7.49],[109.0,-7.48],[108.0,-7.53],[107.0,-7.49],[106.49,-6.98],[106.0,-6.29],[105.58,-5.99],[105.0,-5.62],[104.0,-5.55],[103.42,-4.99],[103.0,-4.57],[102.39,-4.0],[102.0,-3.61],[101.35,-3.0],[101.0,-2.65],[100.0,-2.07],[99.92,-2.0],[99.0,-1.49],[98.55,-1.0],[98.63,0.0],[98.0,0.58],[97.63,1.0],[97.41,2.0],[97.08,3.0],[97.0,3.08],[96.78,3.0],[96.0,2.65],[95.69,3.0],[96.0,3.48],[96.24,4.0],[96.0,4.24],[95.43,4.99],[96.0,5.59],[97.0,5.75],[97.67,5.99],[98.0,6.22],[99.0,6.67],[99.1,6.98],[99.0,7.25],[98.76,7.97],[98.43,8.96],[98.34,9.95],[98.07,10.93],[98.0,11.17],[97.61,11.91],[97.27,12.89],[97.0,13.85],[96.0,13.61],[95.0,12.89],[95.0,12.89],[94.0,12.25],[93.68,11.91],[93.0,11.51],[92.61,11.91],[92.28,12.89],[92.5,13.86],[93.0,14.59],[93.34,14.83],[93.68,15.8],[94.0,16.42],[94.04,16.76],[94.08,17.71],[94.0,17.9],[93.29,18.66],[93.02,19.61],[93.0,19.63],[92.0,20.15],[91.01,19.61],[91.0,19.59],[90.99,19.61],[90.7,20.55],[90.0,20.77],[89.0,20.74],[88.0,20.7],[87.82,20.55],[87.15,19.61],[87.12,18.66],[87.0,18.27],[86.77,17.71],[86.63,16.76],[86.4,15.8],[86.08,14.83],[86.0,14.72],[85.28,13.86],[85.0,13.43],[84.0,13.46],[83.33,12.89],[83.32,11.91],[83.12,10.93],[83.0,10.38],[82.93,9.95],[82.86,8.96],[82.33,7.97],[82.0,7.48],[81.86,6.98],[81.0,6.26],[80.0,6.31],[79.35,6.98],[79.31,7.97],[79.22,8.96],[79.0,9.14],[78.82,8.96],[78.0,8.24],[77.0,8.09],[76.16,8.96],[76.0,9.84],[75.71,9.95],[75.0,10.93],[75.0,11.0],[74.39,11.91],[74.06,12.89],[74.0,13.72],[73.9,13.86],[73.6,14.83],[73.11,15.8],[73.09,16.76],[73.0,17.44],[72.86,17.71],[72.18,18.66],[72.12,19.61],[72.0,20.24],[71.78,20.55],[71.0,20.73],[70.0,20.81],[69.29,21.48],[69.0,22.07],[68.62,22.41],[68.15,23.33],[68.0,23.47],[67.2,24.24],[67.0,24.43],[66.22,25.15],[66.0,25.35],[65.0,25.34],[64.0,25.18],[63.0,25.33],[62.0,25.41],[61.0,25.38],[60.0,25.17],[59.92,25.15],[59.45,24.24],[59.81,23.33],[59.82,22.41],[59.67,21.48],[59.0,20.77],[58.76,20.55],[58.0,19.85],[57.74,19.61],[57.0,18.98],[56.66,18.66],[56.0,17.99],[55.7,17.71],[55.0,17.14],[54.0,17.0],[53.75,16.76],[53.0,16.09],[52.7,15.8],[52.0,15.17],[51.0,15.06],[50.0,14.85],[49.98,14.83],[49.81,13.86],[49.8,12.89],[50.0,12.81],[51.0,12.52],[51.38,11.91],[51.57,10.93],[51.0,10.31],[50.64,9.95],[50.65,8.96],[50.0,8.18],[49.79,7.97],[49.91,6.98],[49.0,6.08],[48.91,5.99],[48.83,4.99],[48.0,4.15],[47.84,4.0],[47.0,3.22],[46.78,3.0],[46.0,2.29],[45.71,2.0],[45.0,1.36],[44.0,1.31],[43.69,1.0],[43.0,0.37],[42.63,0.0],[42.0,-0.66],[41.66,-1.0],[41.51,-2.0],[41.0,-2.52],[40.52,-3.0],[40.0,-3.53],[39.53,-4.0],[39.51,-4.99],[39.3,-5.99],[39.52,-6.98],[39.52,-7.97],[39.58,-8.96],[39.75,-9.95],[40.0,-10.19],[40.75,-10.93],[40.95,-11.91],[41.0,-12.72],[41.12,-12.89],[41.0,-13.03],[40.94,-13.86],[40.71,-14.83],[40.71,-15.8],[40.0,-16.58],[39.81,-16.76],[39.0,-17.54],[38.0,-17.52],[37.8,-17.71],[37.0,-18.48],[36.81,-18.66],[36.0,-19.4],[35.56,-19.61],[35.48,-20.55],[35.74,-21.48],[35.71,-22.41],[35.71,-23.33],[35.67,-24.24],[35.0,-24.87],[34.0,-24.94],[33.77,-25.15],[33.0,-26.0],[32.95,-26.05],[32.72,-26.95],[32.64,-27.84],[32.56,-28.72],[32.0,-29.19],[31.54,-29.59],[31.0,-29.93],[30.39,-30.46],[30.32,-31.31],[30.0,-31.55],[29.0,-31.65],[28.4,-32.16],[28.0,-32.48],[27.38,-33.01],[27.0,-33.23],[26.0,-33.33],[25.0,-33.47],[24.55,-33.84],[24.0,-34.07],[23.0,-34.09],[22.0,-34.11],[21.0,-34.11],[20.33,-34.67],[20.0,-34.9],[19.69,-34.67],[19.0,-34.1],[18.68,-33.84],[18.63,-33.01],[18.57,-32.16],[18.0,-31.68],[17.61,-31.31],[17.52,-30.46],[17.37,-29.59],[17.0,-29.27],[16.4,-28.72],[16.0,-28.37],[15.38,-27.84],[15.32,-26.95],[15.0,-26.66],[14.4,-26.05],[14.43,-25.15],[14.4,-24.24],[14.29,-23.33],[14.12,-22.41],[14.0,-22.3],[13.35,-21.48],[13.35,-20.55],[13.0,-20.22],[12.43,-19.61],[12.42,-18.66],[12.0,-18.26],[11.54,-17.71],[11.54,-16.76],[11.49,-15.8],[12.0,-15.06],[12.24,-14.83],[12.23,-13.86],[12.46,-12.89],[12.93,-11.91],[13.0,-11.27],[13.01,-10.93],[13.0,-10.63],[12.83,-9.95],[12.16,-8.96],[12.35,-7.97],[12.06,-6.98],[12.03,-5.99],[12.0,-5.96],[11.1,-4.99],[11.03,-4.0],[11.0,-3.97],[10.09,-3.0],[10.0,-2.91],[9.15,-2.0],[9.0,-1.85],[8.2,-1.0],[8.51,0.0],[9.0,0.55],[9.14,1.0],[9.15,2.0],[9.09,3.0],[9.0,3.21],[8.17,4.0],[8.0,4.07],[7.0,4.1],[6.0,4.11],[5.14,4.99],[5.0,5.4],[4.51,5.99],[4.0,6.18],[3.0,6.22],[2.0,6.19],[1.65,5.99],[1.0,5.28],[0.0,5.14],[-1.0,5.06],[-2.0,5.11],[-3.0,5.1],[-4.0,5.15],[-5.0,5.11],[-6.0,5.06],[-6.07,4.99],[-7.0,4.14],[-8.0,4.18],[-8.85,4.99],[-9.0,5.14],[-9.96,5.99],[-10.0,6.03],[-11.0,6.1],[-11.95,6.98],[-12.0,7.03],[-13.0,7.1],[-14.0,7.52],[-15.0,7.92],[-15.03,7.97],[-15.41,8.96],[-16.0,9.32],[-16.61,9.95],[-17.0,10.36],[-17.67,10.93],[-17.91,11.91],[-17.98,12.89],[-17.91,13.86],[-17.95,14.83],[-17.82,15.8],[-17.6,16.76],[-17.2,17.71],[-17.26,18.66],[-17.66,19.61],[-17.64,20.55],[-17.37,21.48],[-17.0,21.95],[-16.78,22.41],[-16.5,23.33],[-16.0,24.03],[-15.9,24.24],[-15.29,25.15],[-15.0,26.05],[-15.0,26.05],[-15.0,26.15],[-15.05,26.95],[-15.05,27.84],[-16.0,28.15],[-16.29,27.84],[-17.0,27.33],[-17.58,27.84],[-18.0,28.03],[-18.73,28.72],[-18.0,29.58],[-17.91,29.59],[-17.0,29.96],[-16.0,30.05],[-15.13,29.59],[-15.0,29.43],[-14.0,29.48],[-13.73,29.59],[-13.0,30.33],[-12.81,30.46],[-12.0,30.75],[-11.0,31.24],[-10.96,31.31],[-10.58,32.16],[-10.02,33.01],[-10.0,33.03],[-9.43,33.84],[-9.0,34.22],[-8.66,34.67],[-8.23,35.49],[-8.51,36.3],[-8.94,37.1],[-9.0,37.89],[-9.0,37.89],[-9.61,38.68],[-9.57,39.45],[-9.0,40.06],[-8.8,40.22],[-8.77,40.98],[-8.86,41.73],[-9.0,41.93],[-9.42,42.47],[-9.0,42.94],[-8.8,43.21],[-8.0,43.78],[-7.0,43.79],[-6.0,43.89],[-5.42,43.93],[-5.0,44.39],[-4.0,44.57],[-3.0,44.6],[-2.88,44.65],[-2.4,45.35],[-3.0,45.69],[-3.66,46.05],[-4.0,46.32],[-4.28,46.74],[-4.62,47.42],[-4.92,48.09],[-4.45,48.76],[-4.0,49.36],[-3.89,49.41],[-4.0,49.42],[-5.0,49.53],[-5.81,50.06],[-5.0,50.66],[-4.96,50.7],[-5.0,50.87],[-6.0,51.16],[-7.0,51.06],[-8.0,51.07],[-9.0,51.1],[-9.36,51.33],[-10.0,51.47],[-10.58,51.95],[-10.0,52.34],[-9.65,52.56],[-9.67,53.16],[-10.0,53.63],[-10.13,53.76],[-10.0,53.83],[-9.0,54.07],[-8.54,54.34],[-8.49,54.92],[-8.0,55.19],[-7.0,55.21],[-6.0,55.32],[-5.7,55.49],[-5.89,56.06],[-6.0,56.12],[-6.6,56.61],[-7.0,56.92],[-7.3,57.16],[-7.38,57.7],[-7.0,57.95],[-6.23,58.23],[-6.0,58.31],[-5.0,58.46],[-4.0,58.47],[-3.15,58.75],[-3.0,58.87],[-2.68,58.75],[-2.55,58.23],[-2.55,57.7],[-2.0,57.54],[-1.51,57.16],[-1.4,56.61],[-1.56,56.06],[-1.1,55.49],[-1.0,55.3],[-0.64,54.92],[-0.2,54.34],[0.0,53.91],[0.17,53.76],[1.0,53.17],[1.03,53.16],[2.0,52.62],[2.1,52.56],[2.65,51.95],[3.0,51.64],[4.0,51.92],[4.04,51.95],[4.27,52.56],[4.61,53.16],[5.0,53.39],[6.0,53.59],[7.0,53.64],[7.34,53.76],[8.0,54.02],[8.43,54.34],[8.35,54.92],[8.33,55.49],[8.42,56.06],[8.46,56.61],[9.0,56.99],[9.31,57.16],[10.0,57.43],[11.0,57.29],[11.39,57.16],[11.58,56.61],[11.57,56.06],[12.0,56.0],[12.11,56.06],[12.13,56.61],[12.26,57.16],[12.0,57.3],[11.41,57.7],[11.54,58.23],[11.45,58.75],[11.0,58.98],[10.0,58.92],[9.66,58.75],[9.0,58.39],[8.0,58.35],[7.0,58.43],[6.0,58.49],[5.52,58.75],[5.36,59.26],[5.21,59.77],[5.0,59.88],[4.34,60.27],[4.38,60.76],[4.32,61.25],[4.39,61.73],[5.0,62.18],[5.02,62.2],[5.3,62.66],[6.0,63.08],[6.08,63.11],[7.0,63.45],[7.37,63.56],[8.0,63.77],[8.27,64.0],[9.0,64.24],[10.0,64.43],[10.03,64.44],[10.41,64.87],[11.0,65.14],[11.61,65.29],[11.59,65.7],[12.0,65.9],[12.19,66.11],[12.75,66.51],[13.0,66.66],[13.35,66.91],[13.87,67.3],[14.0,67.39],[14.19,67.68],[14.26,68.06],[14.35,68.43],[14.4,68.79],[15.0,69.02],[15.81,69.15],[16.0,69.22],[17.0,69.44],[17.1,69.5],[18.0,69.82],[18.08,69.85],[19.0,70.12],[19.5,70.19],[20.0,70.33],[20.92,70.19],[21.0,70.18],[21.02,70.19],[21.43,70.53],[22.0,70.71],[22.86,70.86],[23.0,70.9],[24.0,71.07],[25.0,71.04],[26.0,71.03],[26.96,70.86],[27.0,70.83],[27.01,70.86],[28.0,71.09],[28.75,70.86],[29.0,70.78],[29.77,70.53],[30.0,70.43],[31.0,70.35],[31.46,70.19],[31.35,69.85],[32.0,69.78],[33.0,69.68],[33.51,69.5],[34.0,69.41],[34.96,69.15],[35.0,69.13],[36.0,69.07],[36.81,68.79],[37.0,68.72],[38.0,68.71],[38.79,68.43],[39.0,68.35],[40.0,68.15],[40.28,68.06],[41.0,67.79],[41.31,67.68],[41.98,67.3],[42.0,67.29],[43.0,67.27],[43.05,67.3],[43.42,67.68],[43.67,68.06],[43.64,68.43],[44.0,68.55],[45.0,68.67],[45.81,68.43],[46.0,68.36],[46.95,68.06],[47.0,68.01],[48.0,67.75],[49.0,68.04],[49.19,68.06],[49.0,68.33],[48.96,68.43],[48.37,68.79],[48.32,69.15],[49.0,69.43],[50.0,69.34],[50.69,69.15],[51.0,68.89],[51.54,68.79],[52.0,68.76],[53.0,68.71],[53.33,68.79],[54.0,69.03],[55.0,69.05],[56.0,69.1],[57.0,69.11],[58.0,68.97],[58.16,69.15],[59.0,69.4],[59.96,69.5],[59.27,69.85],[59.0,69.94],[58.24,70.19],[58.0,70.34],[57.0,70.33],[56.0,70.45],[55.65,70.53],[55.0,70.6],[54.0,70.66],[53.33,70.86],[53.0,71.02],[52.59,71.19],[52.0,71.33],[51.52,71.51],[51.52,71.82],[52.0,71.97],[52.51,72.13],[52.53,72.43],[52.55,72.73],[53.0,72.88],[53.5,73.03],[54.0,73.18],[54.47,73.32],[54.47,73.6],[54.6,73.88],[55.0,73.99],[55.59,74.16],[55.63,74.43],[56.0,74.57],[56.47,74.69],[56.46,74.96],[56.6,75.21],[57.0,75.33],[57.56,75.47],[58.0,75.6],[58.48,75.71],[59.0,75.88],[59.82,75.96],[60.0,76.02],[60.24,76.2],[61.0,76.37],[62.0,76.38],[63.0,76.36],[64.0,76.43],[64.25,76.44],[64.32,76.67],[64.99,76.9],[65.0,76.9],[66.0,77.11],[66.02,77.12],[67.0,77.3],[67.8,77.34],[68.0,77.36],[68.42,77.34],[69.0,77.33],[70.0,77.29],[71.0,77.26],[72.0,77.18],[72.56,77.12],[73.0,77.06],[73.59,76.9],[73.64,76.67],[73.12,76.44],[73.0,76.41],[72.28,76.2],[72.0,76.1],[71.0,76.08],[70.0,76.1],[69.0,75.98],[68.73,75.96],[68.0,75.89],[67.0,75.8],[66.23,75.71],[66.0,75.64],[65.19,75.47],[65.0,75.44],[64.0,75.27],[63.54,75.21],[63.0,75.06],[62.82,74.96],[62.0,74.71],[61.93,74.69],[61.31,74.43],[61.11,74.16],[61.0,74.1],[60.72,73.88],[60.56,73.6],[60.33,73.32],[60.0,73.18],[59.68,73.03],[59.39,72.73],[59.0,72.48],[58.95,72.43],[58.86,72.13],[59.0,71.82],[59.0,71.82],[59.25,71.51],[59.88,71.19],[60.0,71.08],[60.26,70.86],[60.45,70.53],[61.0,70.27],[61.34,70.19],[62.0,70.07],[63.0,69.86],[63.03,69.85],[64.0,69.8],[64.91,69.5],[65.0,69.43],[65.87,69.15],[66.0,69.13],[66.48,69.15],[66.37,69.5],[66.26,69.85],[66.52,70.19],[66.34,70.53],[66.3,70.86],[66.23,71.19],[67.0,71.45],[68.0,71.46],[68.14,71.51],[68.16,71.82],[68.23,72.13],[68.26,72.43],[68.27,72.73],[69.0,72.98],[69.43,73.03],[70.0,73.31],[70.03,73.32],[70.63,73.6],[71.0,73.7],[71.6,73.6],[72.0,73.53],[72.9,73.32],[73.0,73.2],[73.34,73.32],[74.0,73.46],[75.0,73.59],[75.01,73.6],[76.0,73.82],[76.74,73.88],[77.0,73.93],[78.0,74.08],[78.46,74.16],[79.0,74.33],[79.16,74.43],[79.76,74.69],[80.0,74.78],[81.0,74.89],[81.2,74.96],[81.34,75.21],[81.19,75.47],[81.65,75.71],[81.43,75.96],[82.0,76.19],[82.03,76.2],[83.0,76.44],[83.01,76.44],[83.63,76.67],[84.0,76.8],[84.32,76.9],[85.0,77.1],[85.19,77.12],[86.0,77.24],[86.51,77.34],[87.0,77.45],[87.32,77.56],[88.0,77.76],[88.05,77.77],[88.48,77.98],[88.49,78.19],[88.21,78.39],[88.1,78.59],[88.29,78.79],[88.34,78.98],[88.15,79.17],[88.0,79.21],[87.0,79.34],[86.17,79.36],[86.0,79.36],[85.79,79.36],[85.0,79.35],[84.0,79.35],[83.73,79.36],[83.0,79.37],[82.0,79.37],[81.0,79.37],[80.24,79.36],[80.0,79.36],[79.77,79.36],[79.0,79.37],[78.82,79.36],[78.0,79.32],[77.0,79.26],[76.29,79.36],[76.0,79.47],[75.7,79.54],[75.26,79.72],[75.21,79.9],[75.12,80.07],[75.0,80.15],[74.75,80.24],[74.22,80.41],[74.0,80.48],[73.71,80.58],[73.48,80.74],[73.64,80.9],[73.91,81.05],[74.0,81.08],[74.33,81.21],[75.0,81.3],[75.4,81.36],[76.0,81.45],[76.39,81.51],[77.0,81.54],[78.0,81.6],[78.88,81.66],[79.0,81.67],[80.0,81.75],[80.68,81.8],[81.0,81.83],[82.0,81.91],[82.42,81.94],[83.0,81.98],[84.0,82.05],[84.36,82.08],[85.0,82.13],[86.0,82.21],[86.1,82.22],[87.0,82.29],[87.65,82.35],[88.0,82.38],[89.0,82.46],[89.19,82.48],[90.0,82.59],[90.15,82.61],[91.0,82.71],[91.22,82.74],[91.53,82.87],[91.74,82.99],[91.0,83.11],[91.0,83.11],[90.33,83.23],[90.0,83.25],[89.0,83.28],[88.0,83.34],[87.86,83.35],[87.0,83.38],[86.0,83.42],[85.67,83.46],[85.0,83.52],[84.04,83.57],[84.0,83.57],[83.0,83.67],[82.9,83.68],[82.0,83.74],[81.0,83.78],[80.91,83.79],[80.0,83.83],[79.0,83.86],[78.27,83.9],[78.0,83.92],[77.0,83.96],[76.0,83.98],[75.0,83.99],[74.0,83.99],[73.0,83.98],[72.0,83.91],[71.93,83.9],[71.34,83.79],[71.0,83.73],[70.65,83.68],[70.0,83.63],[69.0,83.6],[68.0,83.59],[67.0,83.6],[66.0,83.6],[65.0,83.67],[64.77,83.68],[64.0,83.75],[63.34,83.79],[63.0,83.82],[62.0,83.87],[61.0,83.89],[60.0,83.9],[59.0,83.9],[58.0,83.89],[57.0,83.87],[56.0,83.85],[55.0,83.82],[54.0,83.8],[53.65,83.79],[53.0,83.77],[52.0,83.74],[51.0,83.7],[50.5,83.68],[50.0,83.65],[49.0,83.59],[48.66,83.57],[48.0,83.52],[47.29,83.46],[47.0,83.43],[46.13,83.35],[46.0,83.34],[45.0,83.25],[44.8,83.23],[44.0,83.15],[43.74,83.11],[43.0,83.0],[42.98,82.99],[42.21,82.87],[42.0,82.85],[41.0,82.77],[40.35,82.74],[40.0,82.7],[39.11,82.61],[39.0,82.6],[38.0,82.5],[37.78,82.48],[37.0,82.39],[36.7,82.35],[36.0,82.27],[35.61,82.22],[35.0,82.13],[34.8,82.08],[34.12,81.94],[34.0,81.91],[33.6,81.8],[33.0,81.69],[32.77,81.66],[32.0,81.54],[31.75,81.51],[31.0,81.36],[30.99,81.36],[30.25,81.21],[30.0,81.14],[29.7,81.05],[29.08,80.9],[29.0,80.88],[28.35,80.74],[28.0,80.65],[27.72,80.58],[27.4,80.41],[27.6,80.24],[28.0,80.23],[29.0,80.18],[30.0,80.19],[31.0,80.23],[31.05,80.24],[32.0,80.4],[33.0,80.29],[33.25,80.24],[33.29,80.07],[33.06,79.9],[33.0,79.88],[32.07,79.72],[32.0,79.7],[31.08,79.54],[31.0,79.52],[30.02,79.36],[30.0,79.35],[29.61,79.17],[29.92,78.98],[29.84,78.79],[29.56,78.59],[29.0,78.42],[28.85,78.39],[28.06,78.19],[28.0,78.17],[27.21,77.98],[27.0,77.93],[26.32,77.77],[26.0,77.7],[25.53,77.56],[25.0,77.4],[24.9,77.34],[24.26,77.12],[24.0,77.04],[23.65,76.9],[23.0,76.71],[22.89,76.67],[22.21,76.44],[22.0,76.38],[21.37,76.2],[21.0,76.08],[20.52,75.96],[20.0,75.83],[19.33,75.71],[19.0,75.65],[18.0,75.48],[17.92,75.47],[17.0,75.35],[16.0,75.25],[15.25,75.21],[15.0,75.2],[14.0,75.17],[13.0,75.12],[12.0,74.97],[11.93,74.96],[11.0,74.84],[10.0,74.75],[9.0,74.72],[8.03,74.69],[8.0,74.69],[7.92,74.69],[7.0,74.7],[6.0,74.77],[5.0,74.83],[4.0,74.84],[3.0,74.84],[2.0,74.87],[1.0,74.88],[0.0,74.87],[-1.0,74.84],[-2.0,74.8],[-3.0,74.75],[-3.75,74.69],[-4.0,74.67],[-5.0,74.6],[-6.0,74.52],[-6.73,74.43],[-7.0,74.4],[-8.0,74.25],[-8.61,74.16],[-9.0,74.11],[-10.0,74.03],[-11.0,73.92],[-11.2,73.88],[-12.0,73.75],[-12.74,73.6],[-13.0,73.55],[-14.0,73.39],[-14.32,73.32],[-14.92,73.03],[-15.0,73.0],[-16.0,72.87],[-17.0,72.95],[-17.16,73.03],[-17.75,73.32],[-17.0,73.51],[-16.42,73.6],[-16.0,73.73],[-15.75,73.88],[-15.72,74.16],[-15.0,74.43],[-15.0,74.43],[-15.0,74.43],[-16.0,74.49],[-16.59,74.43],[-17.0,74.39],[-17.61,74.16],[-18.0,74.04],[-18.3,73.88],[-19.0,73.69],[-19.19,73.6],[-19.81,73.32],[-20.0,73.28],[-20.44,73.03],[-20.28,72.73],[-20.24,72.43],[-21.0,72.19],[-21.12,72.13],[-21.47,71.82],[-21.05,71.51],[-21.0,71.35],[-20.45,71.19],[-21.0,70.96],[-21.01,70.86],[-21.0,70.53],[-21.33,70.19],[-21.85,69.85],[-22.0,69.78],[-23.0,69.5],[-23.01,69.5],[-23.9,69.15],[-24.0,69.11],[-24.76,68.79],[-25.0,68.7],[-25.76,68.43],[-25.68,68.06],[-25.0,67.75],[-24.77,67.68],[-24.73,67.3],[-25.0,67.25],[-25.8,66.91],[-26.0,66.81],[-27.0,66.52],[-27.03,66.51],[-27.28,66.11],[-28.0,66.0],[-29.0,66.06],[-30.0,66.04],[-31.0,65.91],[-31.76,65.7],[-32.0,65.66],[-33.0,65.63],[-34.0,65.67],[-35.0,65.62],[-36.0,65.48],[-37.0,65.4],[-37.2,65.29],[-38.0,65.08],[-38.79,64.87],[-39.0,64.81],[-40.0,64.45],[-40.01,64.44],[-40.21,64.0],[-40.42,63.56],[-41.0,63.29],[-41.41,63.11],[-42.0,62.83],[-42.39,62.66],[-42.49,62.2],[-42.58,61.73],[-42.68,61.25],[-42.74,60.76],[-43.0,60.51],[-43.49,60.27],[-44.0,59.91],[-45.0,59.93],[-45.74,60.27],[-46.0,60.4],[-47.0,60.65],[-48.0,60.47],[-48.6,60.76],[-48.71,61.25],[-49.0,61.39],[-49.77,61.73],[-50.0,62.19],[-50.04,62.2],[-51.0,62.55],[-51.38,62.66],[-52.0,62.99],[-52.21,63.11],[-52.58,63.56],[-52.48,64.0],[-52.81,64.44],[-52.75,64.87],[-52.79,65.29],[-53.0,65.37],[-53.64,65.7],[-53.7,66.11],[-53.78,66.51],[-53.89,66.91],[-53.95,67.3],[-53.97,67.68],[-53.89,68.06],[-53.92,68.43],[-54.0,68.63],[-54.23,68.79],[-54.73,69.15],[-55.0,69.36],[-56.0,69.34],[-56.87,69.15],[-57.0,69.12],[-58.0,68.94],[-59.0,68.98],[-60.0,69.02],[-60.57,68.79],[-61.0,68.59],[-61.28,68.43],[-61.35,68.06],[-61.22,67.68],[-61.34,67.3],[-61.2,66.91],[-61.0,66.55],[-60.95,66.51],[-60.79,66.11],[-60.82,65.7],[-60.86,65.29],[-60.81,64.87],[-60.84,64.44],[-60.85,64.0],[-61.0,63.74],[-61.5,64.0],[-62.0,64.1],[-62.37,64.0],[-62.06,63.56],[-62.0,63.46],[-61.76,63.11],[-61.85,62.66],[-61.95,62.2],[-62.0,62.1],[-62.66,61.73],[-63.0,61.61],[-63.52,61.25],[-63.72,60.76],[-63.71,60.27],[-63.48,59.77],[-63.06,59.26],[-63.0,59.23],[-62.15,58.75],[-62.1,58.23],[-62.0,58.18],[-61.13,57.7],[-61.0,57.21],[-60.93,57.16],[-60.12,56.61],[-60.0,56.34],[-59.68,56.06],[-59.02,55.49],[-59.0,55.48],[-58.06,54.92],[-58.0,54.89],[-57.0,54.65],[-56.56,54.34],[-56.11,53.76],[-56.0,53.74],[-55.17,53.16],[-55.0,52.61],[-54.94,52.56],[-54.57,51.95],[-54.17,51.33],[-54.0,50.97],[-53.83,50.7],[-53.54,50.06],[-53.04,49.41],[-53.0,49.26],[-52.68,48.76],[-52.32,48.09],[-52.1,47.42],[-52.15,46.74],[-52.58,46.05],[-52.31,45.35],[-52.9,44.65],[-53.0,44.58],[-53.5,43.93],[-53.0,43.58],[-52.6,43.21],[-52.05,42.47],[-52.0,42.4],[-51.34,41.73],[-51.0,41.41],[-50.28,40.98],[-51.0,40.36],[-51.15,40.22],[-51.56,39.45],[-51.0,38.76],[-50.0,38.75],[-49.0,39.32],[-48.83,39.45],[-49.0,39.59],[-49.69,40.22],[-49.72,40.98],[-49.1,41.73],[-49.0,41.74],[-48.99,41.73],[-48.46,40.98],[-48.59,40.22],[-48.0,39.77],[-47.45,39.45],[-47.0,39.31],[-46.34,39.45],[-46.0,39.7],[-45.0,39.53],[-44.0,39.68],[-43.0,40.16],[-42.8,40.22],[-42.0,40.37],[-41.0,40.24],[-40.96,40.22],[-40.0,39.99],[-39.0,39.96],[-38.0,40.17],[-37.78,40.22],[-37.0,40.45],[-36.4,40.98],[-36.0,41.24],[-35.0,41.0],[-34.88,40.98],[-34.0,40.82],[-33.54,40.98],[-33.0,41.24],[-32.0,41.71],[-31.96,41.73],[-31.56,42.47],[-31.0,42.71],[-30.11,43.21],[-30.0,43.28],[-29.8,43.21],[-29.54,42.47],[-29.0,42.14],[-28.12,41.73],[-28.0,41.52],[-27.86,41.73],[-27.02,42.47],[-27.0,42.67],[-26.95,43.21],[-26.0,43.47],[-25.0,43.49],[-24.83,43.21],[-25.0,43.05],[-25.79,42.47],[-26.0,42.11],[-26.22,41.73],[-26.33,40.98],[-27.0,40.46],[-28.0,40.78],[-29.0,40.66],[-29.74,40.22],[-30.0,39.79],[-30.1,39.45],[-30.0,39.25],[-29.0,39.08],[-28.0,39.39],[-27.0,39.42],[-26.04,38.68],[-26.0,38.62],[-25.0,38.3],[-24.56,37.89],[-24.05,37.1],[-24.0,36.97],[-23.37,36.3],[-23.0,35.94],[-22.0,35.59],[-21.65,35.49],[-21.0,35.14],[-20.08,34.67],[-20.0,34.51],[-19.54,33.84],[-19.0,33.11],[-18.94,33.01],[-18.93,32.16],[-18.0,31.7],[-17.71,32.16],[-17.57,33.01],[-17.0,33.28],[-16.66,33.01],[-16.36,32.16],[-17.0,31.6],[-17.6,31.31],[-18.0,30.64],[-18.28,30.46],[-19.0,29.84],[-19.22,29.59],[-20.0,29.1],[-21.0,28.95],[-21.43,28.72],[-22.0,28.39],[-23.0,28.25],[-23.37,27.84],[-23.69,26.95],[-23.86,26.05],[-24.0,25.92],[-25.0,25.52],[-25.91,25.15],[-25.93,24.24],[-26.0,24.15],[-27.0,24.08],[-27.89,23.33],[-28.0,23.24],[-29.0,23.18],[-29.75,23.33],[-30.0,23.39],[-30.43,24.24],[-30.0,24.78],[-29.71,25.15],[-29.07,26.05],[-29.0,26.33],[-28.73,26.95],[-28.84,27.84],[-28.5,28.72],[-28.0,29.22],[-27.48,29.59],[-27.0,29.97],[-26.53,30.46],[-26.23,31.31],[-26.0,31.66],[-25.65,32.16],[-25.29,33.01],[-25.0,33.69],[-24.92,33.84],[-25.0,34.03],[-25.15,34.67],[-25.0,35.16],[-24.89,35.49],[-25.0,35.57],[-26.0,36.23],[-26.13,36.3],[-27.0,36.56],[-28.0,36.84],[-28.5,37.1],[-29.0,37.59],[-30.0,37.83],[-30.31,37.89],[-31.0,38.05],[-31.97,38.68],[-32.0,38.71],[-32.05,38.68],[-32.19,37.89],[-33.0,37.26],[-33.07,37.1],[-34.0,36.34],[-34.05,36.3],[-35.0,35.8],[-36.0,36.02],[-37.0,35.95],[-38.0,35.8],[-39.0,35.66],[-40.0,35.53],[-40.05,35.49],[-40.58,34.67],[-41.0,34.25],[-41.27,33.84],[-42.0,33.07],[-43.0,33.48],[-43.59,33.84],[-44.0,34.06],[-44.12,33.84],[-44.44,33.01],[-44.89,32.16],[-45.0,31.97],[-46.0,31.33],[-46.07,31.31],[-46.7,30.46],[-47.0,30.07],[-47.59,29.59],[-47.55,28.72],[-48.0,28.18],[-48.59,28.72],[-48.38,29.59],[-49.0,30.15],[-49.57,29.59],[-49.45,28.72],[-50.0,28.03],[-51.0,27.88],[-51.07,27.84],[-51.45,26.95],[-51.87,26.05],[-52.0,25.84],[-52.61,25.15],[-53.0,24.44],[-54.0,24.79],[-55.0,24.91],[-56.0,24.79],[-57.0,24.65],[-58.0,24.89],[-58.24,25.15],[-58.54,26.05],[-59.0,26.74],[-59.19,26.95],[-60.0,27.33],[-61.0,27.72],[-61.34,27.84],[-62.0,28.06],[-62.77,28.72],[-63.0,28.89],[-63.8,29.59],[-64.0,29.75],[-65.0,29.72],[-65.24,29.59],[-65.09,28.72],[-65.0,28.65],[-64.26,27.84],[-64.06,26.95],[-65.0,26.24],[-65.31,26.05],[-66.0,25.56],[-67.0,25.24],[-67.47,25.15],[-68.0,25.03],[-69.0,24.93],[-70.0,24.37],[-70.14,24.24],[-70.9,23.33],[-71.0,23.22],[-72.0,23.05],[-72.32,22.41],[-72.0,22.15],[-71.09,21.48],[-72.0,20.94],[-73.0,20.74],[-74.0,21.18],[-74.42,20.55],[-74.0,20.18],[-73.0,20.34],[-72.0,20.35],[-71.0,20.51],[-70.0,19.95],[-69.76,19.61],[-69.0,19.41],[-68.17,18.66],[-69.0,17.82],[-70.0,17.82],[-71.0,17.86],[-71.64,17.71],[-72.0,17.53],[-72.44,17.71],[-73.0,17.84],[-74.0,17.94],[-75.0,18.52],[-76.0,18.52],[-77.0,18.11],[-78.0,17.82],[-79.0,18.09],[-80.0,18.64],[-80.03,18.66],[-81.0,19.5],[-82.0,19.31],[-82.48,19.61],[-83.0,20.2],[-83.34,20.55],[-84.0,20.8],[-84.77,21.48],[-85.0,21.59],[-86.0,21.86],[-86.1,21.48],[-86.15,20.55],[-86.57,19.61],[-86.0,19.36],[-85.56,19.61],[-85.0,19.88],[-84.52,19.61],[-84.0,18.89],[-83.89,18.66],[-84.0,18.53],[-84.88,17.71],[-85.0,17.48],[-85.57,16.76],[-85.0,16.63],[-84.0,16.44],[-83.0,16.21],[-82.54,15.8],[-82.72,14.83],[-82.91,13.86],[-83.0,13.64],[-83.13,12.89],[-83.0,12.23],[-82.0,12.02],[-81.85,11.91],[-82.0,11.48],[-82.36,10.93],[-82.96,9.95],[-82.0,9.75],[-81.0,9.11],[-80.0,9.77],[-79.0,9.87],[-78.0,9.88],[-77.38,9.95],[-77.0,10.05],[-76.0,10.23],[-75.0,10.93],[-75.0,10.93],[-74.0,11.53],[-73.0,11.79],[-72.88,11.91],[-72.0,12.62],[-71.0,12.0],[-70.0,12.68],[-69.0,12.61],[-68.34,12.89],[-68.96,13.86],[-68.37,14.83],[-68.0,14.98],[-67.0,14.94],[-66.75,14.83],[-66.0,14.53],[-65.0,14.43],[-64.0,14.38],[-63.0,14.38],[-62.0,14.83],[-61.0,14.54],[-60.26,13.86],[-61.0,13.0],[-61.31,12.89],[-61.09,11.91],[-61.0,11.73],[-60.09,10.93],[-60.0,10.81],[-59.0,10.28],[-58.72,9.95],[-58.03,8.96],[-58.0,8.93],[-57.0,8.59],[-56.37,8.96],[-56.0,9.25],[-55.0,9.31],[-54.37,8.96],[-54.0,8.69],[-53.37,7.97],[-53.0,7.82],[-52.0,7.8],[-51.0,7.24],[-50.63,6.98],[-50.0,6.48],[-49.46,5.99],[-49.0,5.58],[-48.0,5.2],[-47.0,5.16],[-46.62,4.99],[-46.0,4.19],[-45.83,4.0],[-45.21,3.0],[-45.41,2.0],[-45.26,1.0],[-46.0,0.38],[-46.46,0.0],[-46.0,-0.11],[-45.2,-1.0],[-45.0,-1.09],[-44.25,-2.0],[-44.0,-2.25],[-43.0,-2.33],[-42.0,-2.31],[-41.0,-2.29],[-40.0,-2.25],[-39.28,-3.0],[-39.0,-3.28],[-38.05,-4.0],[-38.0,-4.05],[-37.0,-4.54],[-36.0,-4.38],[-35.34,-4.99],[-35.09,-5.99],[-35.0,-6.08],[-34.24,-6.98],[-34.27,-7.97],[-35.0,-8.8],[-35.16,-8.96],[-35.26,-9.95],[-36.0,-10.63],[-36.97,-10.93],[-37.0,-10.96],[-37.26,-11.91],[-38.0,-12.87],[-38.02,-12.89],[-38.07,-13.86],[-38.31,-14.83],[-38.05,-15.8],[-38.32,-16.76],[-38.26,-17.71],[-39.0,-18.44],[-39.09,-18.66],[-39.2,-19.61],[-40.0,-20.28],[-40.29,-20.55],[-40.36,-21.48],[-41.0,-22.08],[-41.36,-22.41],[-42.0,-22.95],[-43.0,-23.0],[-44.0,-23.06],[-44.29,-23.33],[-45.0,-23.93],[-46.0,-24.01],[-46.25,-24.24],[-47.0,-24.88],[-48.0,-25.02],[-48.15,-25.15],[-48.41,-26.05],[-48.45,-26.95],[-48.42,-27.84],[-49.0,-28.54],[-49.2,-28.72],[-50.0,-29.57],[-50.02,-29.59],[-50.23,-30.46],[-50.41,-31.31],[-51.0,-31.9],[-51.73,-32.16],[-52.0,-32.61],[-52.13,-33.01],[-53.0,-33.81],[-53.04,-33.84],[-54.0,-34.65],[-54.02,-34.67],[-54.35,-35.49],[-55.0,-36.04],[-55.29,-36.3],[-56.0,-36.84],[-56.09,-37.1],[-57.0,-37.88],[-57.01,-37.89],[-58.0,-38.66],[-58.16,-38.68],[-58.98,-39.45],[-59.0,-39.47],[-60.0,-39.94],[-61.0,-40.15],[-61.07,-40.22],[-62.0,-40.87],[-62.06,-40.98],[-63.0,-41.56],[-64.0,-41.61],[-64.6,-41.73],[-64.0,-41.85],[-63.24,-42.47],[-64.0,-42.97],[-64.32,-43.21],[-65.0,-43.72],[-65.28,-43.93],[-65.35,-44.65],[-65.89,-45.35],[-66.0,-45.5],[-66.59,-46.05],[-66.52,-46.74],[-66.0,-46.85],[-65.36,-47.42],[-65.99,-48.09],[-66.0,-48.1],[-66.52,-48.76],[-66.87,-49.41],[-67.0,-49.69],[-67.19,-50.06],[-67.42,-50.7],[-67.3,-51.33],[-67.0,-51.51],[-66.0,-51.87],[-65.76,-51.95],[-65.0,-52.26],[-64.31,-52.56],[-64.0,-52.82],[-63.78,-53.16],[-63.66,-53.76],[-63.64,-54.34],[-64.0,-54.9],[-65.0,-54.75],[-65.68,-54.92],[-66.0,-55.43],[-66.01,-55.49],[-67.0,-56.05],[-68.0,-55.98],[-69.0,-55.94],[-70.0,-55.93],[-70.85,-55.49],[-71.0,-55.4],[-71.82,-54.92],[-72.0,-54.82],[-73.0,-54.53],[-73.3,-54.34],[-73.71,-53.76],[-74.0,-53.53],[-74.48,-53.16],[-75.0,-52.93],[-75.54,-52.56],[-75.52,-51.95],[-75.52,-51.33],[-75.53,-50.7],[-75.56,-50.06],[-75.61,-49.41],[-75.62,-48.76],[-75.64,-48.09],[-75.0,-47.59],[-74.74,-47.42],[-75.0,-47.19],[-75.51,-46.74],[-75.55,-46.05],[-75.0,-45.64],[-74.59,-45.35],[-74.6,-44.65],[-74.22,-43.93],[-74.58,-43.21],[-74.66,-42.47],[-74.0,-41.81],[-73.87,-41.73],[-74.0,-41.2],[-74.21,-40.98],[-74.57,-40.22],[-75.0,-39.77],[-75.41,-39.45],[-75.67,-38.68],[-76.0,-38.31],[-76.39,-37.89],[-77.0,-37.37],[-77.32,-37.1],[-77.17,-36.3],[-78.0,-35.76],[-78.66,-35.49],[-78.0,-34.81],[-77.09,-35.49],[-77.0,-35.65],[-76.0,-36.26],[-75.95,-36.3],[-75.0,-36.99],[-74.88,-37.1],[-74.0,-37.68],[-73.84,-37.1],[-73.0,-36.43],[-72.83,-36.3],[-72.62,-35.49],[-72.6,-34.67],[-72.0,-33.99],[-71.81,-33.84],[-71.73,-33.01],[-71.76,-32.16],[-71.82,-31.31],[-71.82,-30.46],[-71.82,-29.59],[-71.83,-28.72],[-71.85,-27.84],[-71.04,-26.95],[-71.0,-26.88],[-70.92,-26.05],[-70.9,-25.15],[-70.92,-24.24],[-70.92,-23.33],[-70.97,-22.41],[-70.95,-21.48],[-70.92,-20.55],[-70.94,-19.61],[-70.95,-18.66],[-71.0,-18.62],[-71.93,-17.71],[-72.0,-17.64],[-72.91,-16.76],[-73.0,-16.68],[-74.0,-16.65],[-74.89,-15.8],[-75.0,-15.7],[-75.85,-14.83],[-76.0,-14.68],[-76.81,-13.86],[-76.79,-12.89],[-77.0,-12.69],[-77.79,-11.91],[-77.82,-10.93],[-78.0,-10.75],[-78.79,-9.95],[-78.85,-8.96],[-79.0,-8.81],[-79.77,-7.97],[-79.88,-6.98],[-80.0,-6.87],[-81.0,-6.66],[-81.74,-5.99],[-81.8,-4.99],[-81.67,-4.0],[-81.0,-3.18],[-80.87,-3.0],[-81.0,-2.46],[-81.27,-2.0],[-81.0,-1.46],[-80.94,-1.0],[-80.86,0.0],[-80.6,1.0],[-80.0,1.78],[-79.8,2.0],[-79.67,3.0],[-79.7,4.0],[-80.0,4.74],[-80.95,4.99],[-81.0,5.0],[-82.0,5.26],[-82.99,4.99],[-83.0,4.99],[-83.0,4.99],[-83.96,5.99],[-84.0,6.06],[-84.2,6.98],[-84.0,7.31],[-83.62,7.97],[-84.0,8.28],[-84.75,8.96],[-85.0,8.99],[-85.89,9.95],[-85.91,10.93],[-86.0,11.02],[-87.0,11.89],[-87.08,11.91],[-88.0,12.53],[-88.7,12.89],[-89.0,12.91],[-90.0,12.94],[-90.96,13.86],[-91.0,13.9],[-92.0,13.96],[-92.98,14.83],[-93.0,14.85],[-94.0,15.75],[-94.02,15.8],[-95.0,16.14],[-95.91,15.8],[-96.0,15.71],[-97.0,15.03],[-97.8,15.8],[-98.0,15.99],[-99.0,15.99],[-99.86,16.76],[-100.0,16.9],[-101.0,16.92],[-101.93,17.71],[-102.0,17.78],[-103.0,17.82],[-103.93,18.66],[-104.0,18.72],[-105.0,18.75],[-105.9,19.61],[-105.95,20.55],[-106.0,20.9],[-106.68,21.48],[-107.0,21.83],[-107.72,22.41],[-108.0,22.58],[-109.0,22.77],[-110.0,22.54],[-110.86,23.33],[-111.0,23.93],[-111.33,24.24],[-112.0,24.38],[-112.75,25.15],[-112.82,26.05],[-113.0,26.21],[-113.86,26.95],[-114.0,27.1],[-115.0,27.4],[-115.56,27.84],[-115.0,28.69],[-114.99,28.72],[-115.0,28.73],[-115.9,29.59],[-116.0,30.1],[-116.48,30.46],[-116.97,31.31],[-117.0,31.4],[-118.0,31.88],[-118.35,32.16],[-119.0,32.73],[-119.17,33.01],[-120.0,33.62],[-120.19,33.84],[-120.67,34.67],[-120.95,35.49],[-121.0,35.53],[-121.79,36.3],[-122.0,36.47],[-122.71,37.1],[-122.84,37.89],[-123.0,38.02],[-123.68,38.68],[-123.77,39.45],[-124.0,39.63],[-124.53,40.22],[-124.61,40.98],[-124.68,41.73],[-124.86,42.47],[-124.84,43.21],[-124.79,43.93],[-124.74,44.65],[-124.06,45.35],[-124.0,45.52],[-123.91,46.05],[-124.0,46.16],[-124.46,46.74],[-124.65,47.42],[-124.65,48.09],[-125.0,48.27],[-125.73,48.76],[-126.0,48.93],[-126.73,49.41],[-127.0,49.59],[-127.74,50.06],[-128.0,50.23],[-128.58,50.7],[-128.0,51.27],[-127.9,51.33],[-128.0,51.41],[-128.89,51.95],[-129.0,52.0],[-130.0,52.32],[-130.96,51.95],[-131.0,51.94],[-131.04,51.95],[-132.0,52.44],[-132.25,52.56],[-133.0,53.01],[-133.35,53.16],[-134.0,53.6],[-134.72,53.76],[-135.0,53.82],[-136.0,54.26],[-136.23,54.34],[-136.98,54.92],[-137.0,54.93],[-138.0,55.27],[-138.2,54.92],[-138.86,54.34],[-139.0,54.21],[-139.33,53.76],[-139.51,53.16],[-139.63,52.56],[-139.78,51.95],[-139.8,51.33],[-139.83,50.7],[-139.77,50.06],[-139.65,49.41],[-139.56,48.76],[-139.44,48.09],[-139.71,47.42],[-139.96,46.74],[-139.79,46.05],[-139.82,45.35],[-140.0,44.93],[-140.17,44.65],[-140.89,43.93],[-141.0,43.87],[-142.0,43.47],[-142.4,43.21],[-143.0,42.54],[-144.0,42.79],[-144.78,42.47],[-145.0,42.27],[-145.91,42.47],[-146.0,42.48],[-147.0,42.71],[-148.0,43.05],[-149.0,43.06],[-149.26,43.21],[-149.82,43.93],[-150.0,44.04],[-151.0,43.97],[-151.04,43.93],[-151.21,43.21],[-151.0,42.77],[-150.86,42.47],[-150.51,41.73],[-151.0,41.21],[-151.89,41.73],[-152.0,42.2],[-152.05,42.47],[-152.74,43.21],[-153.0,43.5],[-153.43,43.93],[-153.72,44.65],[-154.0,44.95],[-154.26,45.35],[-154.24,46.05],[-154.12,46.74],[-154.0,47.02],[-153.84,47.42],[-153.71,48.09],[-153.5,48.76],[-153.25,49.41],[-153.09,50.06],[-153.0,50.64],[-152.99,50.7],[-152.67,51.33],[-152.25,51.95],[-152.0,52.3],[-151.69,52.56],[-151.04,53.16],[-151.0,53.2],[-150.32,53.76],[-150.0,54.0],[-149.48,54.34],[-149.01,54.92],[-149.0,54.93],[-148.53,55.49],[-148.08,56.06],[-148.08,56.61],[-148.23,57.16],[-148.0,57.39],[-147.6,57.7],[-147.63,58.23],[-147.94,58.75],[-148.0,58.77],[-149.0,58.87],[-150.0,59.12],[-151.0,58.86],[-151.82,58.75],[-152.0,58.47],[-152.05,58.23],[-152.19,57.7],[-153.0,57.33],[-153.37,57.16],[-154.0,56.81],[-154.58,57.16],[-154.67,57.7],[-155.0,58.02],[-155.22,57.7],[-156.0,57.3],[-156.27,57.16],[-157.0,56.72],[-157.2,56.61],[-158.0,56.22],[-158.28,56.06],[-159.0,55.6],[-159.39,55.49],[-160.0,55.13],[-160.64,55.49],[-161.0,55.66],[-161.18,55.49],[-162.0,55.0],[-162.28,54.92],[-163.0,54.62],[-164.0,54.79],[-164.32,54.92],[-164.0,55.12],[-163.0,55.4],[-162.93,55.49],[-162.0,56.0],[-161.82,56.06],[-161.0,56.54],[-160.73,56.61],[-160.26,57.16],[-160.0,57.65],[-159.97,57.7],[-159.37,58.23],[-160.0,58.39],[-161.0,58.36],[-161.98,58.75],[-161.86,59.26],[-161.98,59.77],[-162.0,59.78],[-163.0,59.96],[-164.0,59.8],[-164.57,60.27],[-165.0,60.59],[-165.27,60.76],[-166.0,61.19],[-166.11,61.25],[-166.13,61.73],[-166.0,61.84],[-165.62,62.2],[-165.0,62.64],[-164.97,62.66],[-164.27,63.11],[-164.0,63.2],[-163.0,63.18],[-162.2,63.56],[-162.0,63.62],[-161.0,63.69],[-160.92,64.0],[-161.0,64.03],[-161.55,64.44],[-162.0,64.63],[-163.0,64.51],[-164.0,64.66],[-165.0,64.68],[-166.0,64.63],[-166.79,64.87],[-167.0,65.04],[-168.0,65.28],[-169.0,65.19],[-169.5,64.87],[-169.64,64.44],[-170.0,64.13],[-171.0,64.03],[-171.52,64.44],[-172.0,64.51],[-173.0,64.51],[-174.0,64.48],[-175.0,64.54],[-175.83,64.87],[-176.0,65.02],[-176.91,65.29],[-177.0,65.34],[-178.0,65.32],[-179.0,65.47],[-179.11,65.29],[-179.95,64.87],[-180.0,64.82]],[[155.0,72.1],[154.18,72.13],[154.0,72.14],[153.0,72.33],[152.69,72.43],[152.27,72.73],[152.0,72.84],[151.39,73.03],[151.0,73.25],[150.76,73.32],[150.48,73.6],[151.0,73.74],[151.34,73.88],[152.0,73.98],[152.86,74.16],[153.0,74.18],[154.0,74.38],[154.25,74.43],[154.89,74.69],[155.0,74.81],[155.13,74.96],[155.22,75.21],[155.19,75.47],[155.12,75.71],[155.07,75.96],[155.0,76.03],[154.83,76.2],[154.71,76.44],[154.45,76.67],[154.2,76.9],[154.04,77.12],[154.0,77.17],[153.79,77.34],[153.36,77.56],[153.0,77.71],[152.86,77.77],[152.36,77.98],[152.0,78.19],[152.0,78.19],[152.0,78.25],[152.01,78.39],[152.62,78.59],[153.0,78.65],[154.0,78.79],[154.0,78.79],[155.0,78.86],[156.0,78.85],[156.41,78.79],[157.0,78.74],[158.0,78.68],[158.13,78.59],[158.12,78.39],[158.13,78.19],[158.46,77.98],[159.0,77.88],[160.0,77.85],[161.0,77.83],[162.0,77.82],[163.0,77.83],[164.0,77.8],[165.0,77.8],[166.0,77.81],[167.0,77.85],[168.0,77.87],[169.0,77.79],[169.26,77.77],[170.0,77.72],[171.0,77.68],[172.0,77.67],[173.0,77.66],[174.0,77.65],[175.0,77.64],[176.0,77.66],[177.0,77.76],[177.15,77.77],[178.0,77.81],[179.0,77.89],[180.0,77.82],[180.18,77.77],[180.0,77.65],[179.81,77.56],[179.25,77.34],[179.0,77.23],[178.84,77.12],[179.0,77.05],[179.71,76.9],[180.0,76.87],[180.68,76.67],[180.51,76.44],[180.0,76.23],[179.92,76.2],[179.27,75.96],[179.0,75.83],[178.79,75.71],[178.71,75.47],[179.0,75.35],[180.0,75.21],[180.07,75.21],[180.0,75.14],[179.67,74.96],[179.0,74.86],[178.0,74.72],[177.75,74.69],[177.0,74.59],[176.0,74.46],[175.83,74.43],[175.0,74.3],[174.09,74.16],[174.0,74.15],[173.0,73.94],[172.75,73.88],[172.0,73.68],[171.6,73.6],[171.0,73.48],[170.0,73.35],[169.52,73.32],[169.0,73.29],[168.0,73.19],[167.0,73.1],[166.46,73.03],[166.0,72.98],[165.0,72.87],[164.0,72.78],[163.48,72.73],[163.0,72.68],[162.0,72.54],[161.5,72.43],[161.0,72.28],[160.29,72.13],[160.0,72.1],[159.0,72.05],[158.0,72.03],[157.0,72.04],[156.0,72.08],[155.0,72.1]],[[-88.0,56.55],[-88.11,56.61],[-89.0,56.87],[-90.0,56.87],[-91.0,57.03],[-92.0,57.08],[-92.15,57.16],[-92.45,57.7],[-92.59,58.23],[-93.0,58.49],[-93.5,58.75],[-94.0,58.98],[-94.55,59.26],[-94.56,59.77],[-94.55,60.27],[-94.43,60.76],[-94.0,61.2],[-93.94,61.25],[-93.3,61.73],[-93.08,62.2],[-93.0,62.24],[-92.0,62.64],[-91.95,62.66],[-91.0,62.84],[-90.46,63.11],[-90.68,63.56],[-90.0,63.69],[-89.0,63.71],[-88.1,64.0],[-88.0,64.04],[-87.83,64.0],[-87.0,63.67],[-86.0,63.69],[-85.7,63.56],[-85.0,63.3],[-84.2,63.56],[-84.0,63.65],[-83.0,63.61],[-82.19,63.56],[-83.0,63.23],[-83.09,63.11],[-83.64,62.66],[-83.0,62.4],[-82.05,62.66],[-82.0,62.75],[-81.01,63.11],[-81.0,63.11],[-80.96,63.11],[-80.28,62.66],[-80.78,62.2],[-80.0,61.82],[-79.31,61.73],[-79.0,61.34],[-78.93,61.25],[-79.0,61.18],[-79.54,60.76],[-80.0,60.45],[-80.15,60.27],[-80.49,59.77],[-80.94,59.26],[-81.0,59.18],[-81.56,58.75],[-82.0,58.36],[-82.29,58.23],[-83.0,57.9],[-84.0,57.74],[-84.28,57.7],[-85.0,57.53],[-85.57,57.16],[-86.0,56.95],[-86.74,56.61],[-87.0,56.56],[-88.0,56.55]],[[-69.0,41.29],[-69.2,41.73],[-69.76,42.47],[-70.0,43.14],[-70.01,43.21],[-70.0,43.23],[-69.42,43.93],[-69.0,44.04],[-68.0,44.18],[-67.19,44.65],[-67.0,44.78],[-66.0,44.82],[-65.76,44.65],[-66.0,44.48],[-66.6,43.93],[-66.0,43.44],[-65.0,43.4],[-64.33,43.93],[-64.0,44.5],[-63.79,44.65],[-63.0,44.89],[-62.0,44.89],[-61.31,45.35],[-61.0,45.57],[-60.0,45.72],[-59.47,46.05],[-60.0,46.49],[-61.0,46.68],[-62.0,46.2],[-63.0,46.48],[-63.09,46.74],[-63.85,47.42],[-63.83,48.09],[-64.0,48.35],[-64.04,48.76],[-64.56,49.41],[-64.0,49.58],[-63.93,49.41],[-63.0,48.91],[-62.13,49.41],[-62.33,50.06],[-62.0,50.08],[-61.58,50.06],[-61.0,49.96],[-60.0,49.43],[-59.97,49.41],[-59.72,48.76],[-59.38,48.09],[-59.0,47.53],[-58.69,47.42],[-58.08,46.74],[-58.0,46.59],[-57.39,46.05],[-57.38,45.35],[-57.81,44.65],[-58.0,44.12],[-59.0,43.94],[-60.0,44.22],[-60.53,43.93],[-61.0,43.58],[-61.83,43.21],[-62.0,43.09],[-63.0,42.74],[-63.84,42.47],[-64.0,42.38],[-65.0,42.08],[-66.0,41.95],[-66.79,41.73],[-67.0,41.6],[-68.0,41.32],[-69.0,41.29]],[[-137.0,74.66],[-137.26,74.69],[-138.0,74.76],[-139.0,74.85],[-139.73,74.96],[-140.0,75.0],[-141.0,75.15],[-141.44,75.21],[-142.0,75.27],[-143.0,75.38],[-143.94,75.47],[-144.0,75.48],[-145.0,75.63],[-145.43,75.71],[-146.0,75.81],[-146.91,75.96],[-147.0,75.97],[-148.0,76.07],[-149.0,76.17],[-149.38,76.2],[-150.0,76.24],[-151.0,76.31],[-152.0,76.4],[-152.31,76.44],[-153.0,76.55],[-153.69,76.67],[-154.0,76.73],[-154.93,76.9],[-155.0,76.92],[-155.68,77.12],[-156.0,77.3],[-156.03,77.34],[-156.0,77.35],[-155.59,77.56],[-155.13,77.77],[-155.0,77.81],[-154.39,77.98],[-154.0,78.05],[-153.0,78.14],[-152.0,78.1],[-151.55,77.98],[-151.11,77.77],[-151.0,77.74],[-150.8,77.77],[-150.0,77.84],[-149.34,77.98],[-149.0,78.05],[-148.47,78.19],[-148.02,78.39],[-148.0,78.4],[-147.08,78.59],[-147.0,78.6],[-146.0,78.73],[-145.41,78.79],[-145.0,78.82],[-144.0,78.82],[-143.52,78.79],[-143.0,78.74],[-142.0,78.69],[-141.0,78.69],[-140.0,78.7],[-139.0,78.69],[-138.21,78.59],[-138.0,78.52],[-137.65,78.39],[-137.31,78.19],[-137.0,78.1],[-136.52,77.98],[-136.0,77.9],[-135.44,77.77],[-135.1,77.56],[-135.1,77.34],[-135.19,77.12],[-135.0,76.95],[-134.86,76.9],[-134.0,76.77],[-133.0,76.89],[-132.35,76.67],[-132.06,76.44],[-132.0,76.33],[-131.9,76.2],[-132.0,75.96],[-131.79,75.71],[-131.77,75.47],[-132.0,75.25],[-132.07,75.21],[-132.0,75.09],[-131.96,74.96],[-132.0,74.94],[-132.93,74.69],[-133.0,74.67],[-134.0,74.45],[-135.0,74.49],[-136.0,74.57],[-137.0,74.66]],[[137.0,-11.51],[136.17,-10.93],[136.0,-10.79],[135.0,-10.74],[134.0,-10.65],[133.0,-10.72],[132.0,-10.63],[131.0,-10.81],[130.0,-10.82],[129.0,-10.28],[128.28,-9.95],[128.0,-9.48],[127.0,-9.36],[126.99,-8.96],[127.0,-8.93],[128.0,-8.93],[129.0,-8.64],[130.0,-8.53],[131.0,-8.64],[131.71,-7.97],[132.0,-7.5],[132.54,-6.98],[132.0,-6.42],[131.0,-6.1],[130.84,-5.99],[130.9,-4.99],[131.0,-4.97],[131.01,-4.99],[132.0,-5.6],[133.0,-5.86],[133.13,-5.99],[134.0,-6.9],[135.0,-6.67],[136.0,-6.66],[137.0,-6.84],[137.18,-6.98],[137.06,-7.97],[138.0,-8.85],[139.0,-8.86],[139.99,-8.96],[139.0,-9.47],[138.19,-9.95],[138.07,-10.93],[138.0,-11.11],[137.0,-11.51]],[[-57.0,28.1],[-57.69,28.72],[-58.0,29.16],[-58.34,29.59],[-58.03,30.46],[-58.0,30.48],[-57.0,30.96],[-56.78,31.31],[-56.0,31.79],[-55.0,31.77],[-54.0,31.53],[-53.0,31.84],[-52.29,32.16],[-52.0,32.33],[-51.0,32.64],[-50.15,33.01],[-50.0,33.05],[-49.0,33.02],[-48.99,33.01],[-49.0,33.0],[-49.66,32.16],[-50.0,31.72],[-50.38,31.31],[-50.51,30.46],[-51.0,29.71],[-51.1,29.59],[-51.29,28.72],[-52.0,28.04],[-53.0,28.64],[-53.05,28.72],[-53.0,28.79],[-52.63,29.59],[-53.0,29.76],[-53.52,29.59],[-54.0,29.29],[-54.77,28.72],[-55.0,28.47],[-56.0,27.93],[-57.0,28.1]],[[14.0,54.86],[13.77,54.92],[13.91,55.49],[14.0,55.52],[15.0,55.55],[16.0,55.95],[16.16,56.06],[17.0,56.27],[18.0,56.56],[18.12,56.61],[18.55,57.16],[18.6,57.7],[18.0,57.9],[17.75,58.23],[17.87,58.75],[18.0,58.82],[18.97,59.26],[19.0,59.3],[20.0,59.62],[20.33,59.26],[20.57,58.75],[20.79,58.23],[21.0,57.8],[21.02,57.7],[21.01,57.16],[21.0,57.11],[20.26,56.61],[20.0,56.31],[19.0,56.09],[18.95,56.06],[18.32,55.49],[18.08,54.92],[18.0,54.9],[17.0,54.87],[16.0,54.73],[15.0,54.56],[14.0,54.86]],[[38.0,20.82],[37.33,21.48],[37.0,21.84],[36.87,22.41],[36.0,23.14],[35.79,23.33],[35.8,24.24],[35.0,25.13],[34.98,25.15],[34.92,26.05],[34.98,26.95],[35.0,26.97],[35.08,26.95],[36.0,26.57],[36.12,26.05],[36.65,25.15],[37.0,24.85],[38.0,24.35],[38.12,24.24],[38.13,23.33],[38.08,22.41],[38.41,21.48],[38.0,20.82]],[[145.0,-3.17],[144.75,-3.0],[144.0,-2.26],[143.47,-2.0],[143.0,-1.67],[142.0,-1.06],[141.88,-1.0],[141.3,0.0],[142.0,0.98],[142.07,1.0],[143.0,1.33],[143.94,1.0],[144.0,0.98],[144.79,0.0],[145.0,-0.25],[145.52,-1.0],[145.76,-2.0],[145.53,-3.0],[145.0,-3.17]],[[-76.0,74.89],[-76.74,74.96],[-77.0,74.99],[-77.73,75.21],[-78.0,75.24],[-79.0,75.46],[-79.01,75.47],[-80.0,75.66],[-80.46,75.71],[-81.0,75.86],[-82.0,75.94],[-82.32,75.96],[-82.0,76.02],[-81.56,76.2],[-81.0,76.26],[-80.0,76.27],[-79.44,76.2],[-79.0,76.02],[-78.0,76.09],[-77.0,76.06],[-76.0,76.01],[-75.22,75.96],[-75.0,75.94],[-74.0,75.89],[-73.0,75.8],[-72.51,75.71],[-72.41,75.47],[-73.0,75.41],[-74.0,75.23],[-74.06,75.21],[-75.0,74.96],[-75.0,74.96],[-76.0,74.89]],[[113.0,-5.42],[112.13,-4.99],[112.0,-4.86],[111.0,-4.41],[110.0,-4.18],[109.74,-4.0],[110.0,-3.9],[111.0,-3.97],[112.0,-3.91],[113.0,-3.98],[113.33,-4.0],[114.0,-4.76],[115.0,-4.98],[115.08,-4.99],[115.0,-5.21],[114.0,-5.16],[113.0,-5.42]],[[111.0,78.94],[110.67,78.98],[110.76,79.17],[111.0,79.27],[111.3,79.36],[112.0,79.54],[112.0,79.54],[112.79,79.72],[113.0,79.75],[114.0,79.83],[115.0,79.88],[116.0,79.77],[116.2,79.72],[117.0,79.55],[117.1,79.54],[117.85,79.36],[117.0,79.24],[116.22,79.17],[116.0,79.16],[115.0,79.1],[114.0,79.05],[113.08,78.98],[113.0,78.98],[112.0,78.93],[111.0,78.94]],[[49.0,41.59],[48.81,41.73],[48.61,42.47],[48.0,43.12],[47.96,43.21],[48.0,43.41],[48.45,43.93],[49.0,44.32],[50.0,43.98],[50.06,43.93],[50.2,43.21],[50.34,42.47],[50.0,41.8],[49.95,41.73],[49.0,41.59]],[[101.0,9.88],[100.82,9.95],[100.37,10.93],[100.68,11.91],[101.0,12.05],[102.0,12.11],[102.21,11.91],[103.0,11.03],[103.1,10.93],[103.0,10.36],[102.0,10.16],[101.26,9.95],[101.0,9.88]],[[137.0,40.94],[136.85,40.98],[136.76,41.73],[137.0,41.8],[138.0,42.07],[138.87,42.47],[139.0,42.55],[139.02,42.47],[140.0,41.76],[140.11,41.73],[140.0,41.64],[139.0,41.16],[138.56,40.98],[138.0,40.88],[137.0,40.94]],[[147.0,-4.96],[146.32,-4.0],[147.0,-3.33],[147.63,-4.0],[147.0,-4.96]],[[29.0,35.39],[28.83,35.49],[29.0,35.56],[30.0,35.55],[31.0,35.57],[32.0,35.63],[33.0,35.55],[33.18,35.49],[33.0,35.28],[32.0,35.17],[31.0,35.14],[30.0,35.16],[29.0,35.39]],[[144.0,41.42],[143.77,41.73],[143.98,42.47],[144.0,42.49],[145.0,42.56],[145.23,42.47],[145.25,41.73],[145.0,41.55],[144.0,41.42]],[[-82.0,43.54],[-82.23,43.93],[-82.72,44.65],[-82.0,44.92],[-81.87,44.65],[-81.91,43.93],[-82.0,43.54]],[[-79.0,73.85],[-79.32,73.88],[-80.0,73.98],[-80.46,74.16],[-80.0,74.21],[-79.0,74.26],[-78.0,74.23],[-77.64,74.16],[-78.0,74.07],[-78.8,73.88],[-79.0,73.85]],[[-80.0,51.71],[-80.38,51.95],[-80.24,52.56],[-80.0,52.66],[-79.58,52.56],[-79.35,51.95],[-80.0,51.71]],[[-89.0,69.14],[-89.18,69.15],[-90.0,69.47],[-90.02,69.5],[-90.0,69.56],[-89.0,69.68],[-88.55,69.5],[-88.9,69.15],[-89.0,69.14]],[[109.0,-2.89],[108.47,-2.0],[109.0,-1.8],[109.11,-2.0],[109.0,-2.89]],[[-66.0,49.68],[-66.21,50.06],[-66.0,50.19],[-65.0,50.08],[-64.86,50.06],[-65.0,49.81],[-66.0,49.68]],[[-60.0,30.41],[-60.08,30.46],[-60.2,31.31],[-60.0,31.47],[-59.61,31.31],[-59.92,30.46],[-60.0,30.41]],[[-78.0,28.5],[-78.35,28.72],[-78.0,28.9],[-77.31,28.72],[-78.0,28.5]],[[-87.0,64.77],[-87.08,64.87],[-87.29,65.29],[-87.0,65.54],[-86.85,65.29],[-86.92,64.87],[-87.0,64.77]],[[-87.0,16.73],[-87.13,16.76],[-87.0,17.36],[-86.6,16.76],[-87.0,16.73]],[[-105.0,74.38],[-105.67,74.43],[-105.0,74.46],[-104.0,74.44],[-103.83,74.43],[-104.0,74.3],[-105.0,74.38]],[[47.0,12.72],[46.86,12.89],[47.0,12.92],[48.0,12.95],[48.09,12.89],[48.0,12.82],[47.0,12.72]],[[136.0,36.26],[135.09,36.3],[136.0,36.56],[136.04,36.3],[136.0,36.26]],[[-74.0,23.28],[-74.22,23.33],[-74.0,23.52],[-73.01,23.33],[-74.0,23.28]],[[-98.0,69.83],[-98.58,69.85],[-98.0,70.15],[-97.7,69.85],[-98.0,69.83]],[[-75.0,21.38],[-75.75,21.48],[-75.0,21.65],[-74.74,21.48],[-75.0,21.38]],[[126.0,-10.41],[125.9,-9.95],[126.0,-9.94],[126.36,-9.95],[126.0,-10.41]],[[141.0,-10.13],[140.6,-9.95],[141.0,-9.86],[141.27,-9.95],[141.0,-10.13]],[[18.0,61.27],[17.96,61.73],[18.0,61.82],[18.29,61.73],[18.0,61.27]],[[-95.0,68.02],[-95.29,68.06],[-95.04,68.43],[-95.0,68.46],[-94.96,68.43],[-94.9,68.06],[-95.0,68.02]],[[25.0,37.77],[24.94,37.89],[25.0,38.27],[25.21,37.89],[25.0,37.77]],[[141.0,43.85],[140.71,43.93],[141.0,44.18],[141.05,43.93],[141.0,43.85]],[[-65.0,45.22],[-65.18,45.35],[-65.0,45.48],[-64.79,45.35],[-65.0,45.22]],[[100.0,-1.33],[99.96,-1.0],[100.0,-0.97],[100.03,-1.0],[100.0,-1.33]],[[148.0,-5.06],[147.8,-4.99],[148.0,-4.98],[148.03,-4.99],[148.0,-5.06]],[[140.0,43.2],[139.9,43.21],[140.0,43.31],[140.04,43.21],[140.0,43.2]],[[-71.0,40.94],[-71.01,40.98],[-71.0,41.0],[-70.83,40.98],[-71.0,40.94]],[[158.0,-22.43],[157.94,-22.41],[158.0,-22.36],[158.04,-22.41],[158.0,-22.43]],[[-99.0,69.48],[-99.03,69.5],[-99.0,69.55],[-98.99,69.5],[-99.0,69.48]],[[-54.0,27.83],[-54.01,27.84],[-54.0,27.85],[-53.98,27.84],[-54.0,27.83]]],"type":"Polygon"},"properties":{ "hvalue":1.15,"color":"#E2EBF5"} }, { "type":"Feature","geometry":{"coordinates":[[[-180.0,53.17],[-180.0,53.76],[-180.0,54.34],[-180.0,54.92],[-180.0,55.49],[-180.0,56.06],[-180.0,56.61],[-180.0,57.16],[-180.0,57.65],[-179.93,57.7],[-179.8,58.23],[-179.88,58.75],[-179.81,59.26],[-179.0,59.71],[-178.88,59.77],[-178.07,60.27],[-178.0,60.3],[-177.0,60.66],[-176.58,60.76],[-176.0,60.9],[-175.0,61.14],[-174.46,61.25],[-174.0,61.37],[-173.0,61.54],[-172.75,61.73],[-172.57,62.2],[-172.61,62.66],[-172.95,63.11],[-172.0,63.27],[-171.0,63.17],[-170.0,63.22],[-169.0,63.3],[-168.31,63.56],[-168.04,64.0],[-168.0,64.03],[-167.28,64.44],[-167.0,64.52],[-166.0,64.48],[-165.0,64.57],[-164.0,64.54],[-163.46,64.44],[-163.0,64.26],[-162.35,64.44],[-162.0,64.49],[-161.88,64.44],[-161.78,64.0],[-162.0,63.93],[-163.0,63.63],[-163.43,63.56],[-164.0,63.49],[-165.0,63.15],[-165.06,63.11],[-165.53,62.66],[-165.98,62.2],[-166.0,62.19],[-166.55,61.73],[-166.53,61.25],[-166.0,60.95],[-165.68,60.76],[-165.0,60.34],[-164.91,60.27],[-164.5,59.77],[-164.0,59.51],[-163.02,59.77],[-163.0,59.77],[-162.98,59.77],[-162.59,59.26],[-162.66,58.75],[-162.45,58.23],[-163.0,57.75],[-163.07,57.7],[-163.83,57.16],[-164.0,57.06],[-164.97,56.61],[-165.0,56.59],[-166.0,56.11],[-166.17,56.06],[-166.91,55.49],[-167.0,55.44],[-167.87,54.92],[-168.0,54.84],[-168.7,54.34],[-169.0,54.15],[-169.53,53.76],[-170.0,53.52],[-170.61,53.16],[-170.97,52.56],[-170.0,52.05],[-169.84,51.95],[-170.0,51.79],[-171.0,51.45],[-172.0,51.68],[-172.18,51.95],[-173.0,52.37],[-174.0,52.5],[-175.0,52.53],[-176.0,52.55],[-176.12,52.56],[-177.0,52.83],[-178.0,52.95],[-179.0,53.03],[-179.96,53.16],[-180.0,53.17]],[[-171.0,57.03],[-171.18,57.16],[-172.0,57.56],[-172.24,57.7],[-173.0,58.18],[-173.07,58.23],[-173.29,58.75],[-173.0,59.04],[-172.85,59.26],[-172.8,59.77],[-172.0,59.86],[-171.0,60.12],[-170.5,60.27],[-170.0,60.4],[-169.0,60.65],[-168.0,60.73],[-167.36,60.27],[-167.0,60.08],[-166.64,59.77],[-166.0,59.36],[-165.62,59.26],[-165.56,58.75],[-166.0,58.36],[-166.23,58.23],[-167.0,57.85],[-167.53,57.7],[-168.0,57.62],[-169.0,57.59],[-170.0,57.69],[-170.98,57.16],[-171.0,57.03]],[[-173.0,60.65],[-173.43,60.76],[-173.0,61.14],[-172.0,60.89],[-171.89,60.76],[-172.0,60.72],[-173.0,60.65]],[[-164.0,64.0],[-164.03,64.0],[-164.0,64.0],[-163.99,64.0],[-164.0,64.0]]],"type":"Polygon"},"properties":{ "hvalue":2.0,"color":"#6c99d2"} }, { "type":"Feature","geometry":{"coordinates":[[[-180.0,33.68],[-180.0,33.84],[-180.0,33.97],[-179.0,33.97],[-178.8,34.67],[-178.0,35.44],[-177.95,35.49],[-177.24,36.3],[-177.0,36.42],[-176.52,37.1],[-176.0,37.74],[-175.81,37.89],[-175.31,38.68],[-175.0,38.95],[-174.32,39.45],[-174.0,39.84],[-173.58,40.22],[-173.0,40.91],[-172.93,40.98],[-172.0,41.36],[-171.47,41.73],[-171.0,42.07],[-170.54,42.47],[-170.0,42.91],[-169.67,43.21],[-169.0,43.78],[-168.87,43.93],[-168.0,44.4],[-167.1,44.65],[-167.0,44.67],[-166.96,44.65],[-166.31,43.93],[-166.22,43.21],[-166.0,42.67],[-165.88,42.47],[-166.0,42.25],[-166.1,41.73],[-166.58,40.98],[-167.0,40.52],[-167.24,40.22],[-167.68,39.45],[-168.0,39.06],[-168.28,38.68],[-168.44,37.89],[-168.94,37.1],[-169.0,37.04],[-169.63,36.3],[-170.0,35.83],[-170.3,35.49],[-170.79,34.67],[-171.0,34.38],[-171.55,33.84],[-172.0,33.28],[-172.34,33.01],[-172.92,32.16],[-173.0,32.08],[-174.0,31.53],[-174.61,31.31],[-175.0,31.15],[-175.32,31.31],[-176.0,31.86],[-177.0,31.8],[-177.74,32.16],[-178.0,32.4],[-179.0,32.49],[-179.49,33.01],[-180.0,33.68]]],"type":"Polygon"},"properties":{ "hvalue":3.0,"color":"#34cc99"} }, { "type":"Feature","geometry":{"coordinates":[[[-180.0,26.26],[-180.0,26.95],[-180.0,27.84],[-180.0,28.72],[-180.0,29.59],[-180.0,30.46],[-180.0,31.31],[-180.0,32.16],[-180.0,33.01],[-180.0,33.68],[-179.49,33.01],[-179.0,32.49],[-178.0,32.4],[-177.74,32.16],[-177.0,31.8],[-176.0,31.86],[-175.32,31.31],[-175.0,31.15],[-174.61,31.31],[-174.0,31.53],[-173.0,32.08],[-172.92,32.16],[-172.34,33.01],[-172.0,33.28],[-171.55,33.84],[-171.0,34.38],[-170.79,34.67],[-170.3,35.49],[-170.0,35.83],[-169.63,36.3],[-169.0,37.04],[-168.94,37.1],[-168.44,37.89],[-168.28,38.68],[-168.0,39.06],[-167.68,39.45],[-167.24,40.22],[-167.0,40.52],[-166.58,40.98],[-166.1,41.73],[-166.0,42.25],[-165.88,42.47],[-166.0,42.67],[-166.22,43.21],[-166.31,43.93],[-166.96,44.65],[-167.0,44.67],[-167.1,44.65],[-168.0,44.4],[-168.87,43.93],[-169.0,43.78],[-169.67,43.21],[-170.0,42.91],[-170.54,42.47],[-171.0,42.07],[-171.47,41.73],[-172.0,41.36],[-172.93,40.98],[-173.0,40.91],[-173.58,40.22],[-174.0,39.84],[-174.32,39.45],[-175.0,38.95],[-175.31,38.68],[-175.81,37.89],[-176.0,37.74],[-176.52,37.1],[-177.0,36.42],[-177.24,36.3],[-177.95,35.49],[-178.0,35.44],[-178.8,34.67],[-179.0,33.97],[-180.0,33.97],[-180.0,34.67],[-180.0,35.49],[-180.0,36.3],[-180.0,37.1],[-180.0,37.89],[-180.0,38.68],[-180.0,39.19],[-179.31,39.45],[-179.0,39.63],[-178.0,40.04],[-177.8,40.22],[-177.44,40.98],[-177.0,41.32],[-176.41,41.73],[-176.0,42.02],[-175.38,42.47],[-175.0,42.84],[-174.53,43.21],[-174.0,43.55],[-173.35,43.93],[-173.0,44.1],[-172.0,44.53],[-171.78,44.65],[-171.0,45.26],[-170.73,45.35],[-170.0,45.54],[-169.0,46.02],[-168.93,46.05],[-168.0,46.54],[-167.49,46.74],[-167.0,47.03],[-166.44,47.42],[-166.0,47.8],[-165.46,48.09],[-165.0,48.38],[-164.55,48.76],[-164.0,49.31],[-163.88,49.41],[-163.35,50.06],[-163.06,50.7],[-163.0,50.79],[-162.73,51.33],[-162.21,51.95],[-162.0,52.18],[-161.58,52.56],[-161.45,53.16],[-161.91,53.76],[-161.57,54.34],[-161.0,54.85],[-160.0,54.49],[-159.08,54.92],[-159.0,54.97],[-158.19,55.49],[-158.0,55.66],[-157.32,56.06],[-157.0,56.17],[-156.0,56.6],[-155.0,56.35],[-154.0,56.44],[-153.49,56.61],[-153.0,56.88],[-152.0,57.01],[-151.0,56.99],[-150.58,56.61],[-151.0,56.13],[-151.08,56.06],[-151.86,55.49],[-152.0,55.37],[-152.59,54.92],[-153.0,54.38],[-153.03,54.34],[-153.47,53.76],[-154.0,53.34],[-154.22,53.16],[-154.62,52.56],[-155.0,52.0],[-155.05,51.95],[-155.46,51.33],[-155.8,50.7],[-156.0,50.32],[-156.24,50.06],[-156.85,49.41],[-156.96,48.76],[-157.0,48.2],[-157.01,48.09],[-157.56,47.42],[-157.85,46.74],[-158.0,46.42],[-159.0,46.37],[-160.0,46.43],[-160.29,46.05],[-160.95,45.35],[-161.0,45.25],[-161.1,44.65],[-161.0,44.46],[-160.66,43.93],[-160.56,43.21],[-160.53,42.47],[-160.63,41.73],[-160.67,40.98],[-161.0,40.46],[-161.23,40.22],[-161.64,39.45],[-161.61,38.68],[-161.74,37.89],[-162.0,37.54],[-162.36,37.1],[-163.0,36.5],[-163.19,36.3],[-163.45,35.49],[-163.62,34.67],[-164.0,34.07],[-164.19,33.84],[-164.63,33.01],[-165.0,32.64],[-165.74,32.16],[-166.0,31.84],[-166.45,31.31],[-167.0,30.81],[-167.55,30.46],[-168.0,30.23],[-169.0,29.83],[-169.77,30.46],[-170.0,30.71],[-170.27,31.31],[-171.0,32.06],[-171.8,31.31],[-172.0,31.19],[-172.88,30.46],[-173.0,30.35],[-174.0,29.66],[-174.1,29.59],[-175.0,28.89],[-175.4,28.72],[-176.0,28.5],[-177.0,28.07],[-177.65,27.84],[-178.0,27.56],[-178.73,26.95],[-179.0,26.77],[-180.0,26.26]]],"type":"Polygon"},"properties":{ "hvalue":2.9,"color":"#6c99d2"} }, { "type":"Feature","geometry":{"coordinates":[[[-180.0,-17.26],[-180.0,-16.76],[-180.0,-15.81],[-179.43,-16.76],[-180.0,-17.26]]],"type":"Polygon"},"properties":{ "hvalue":1.15,"color":"#E2EBF5"} }, { "type":"Feature","geometry":{"coordinates":[[[-180.0,-18.74],[-180.0,-18.66],[-180.0,-17.71],[-180.0,-17.26],[-179.43,-16.76],[-180.0,-15.81],[-180.0,-15.8],[-180.0,-14.83],[-180.0,-14.43],[-179.32,-14.83],[-179.1,-15.8],[-179.0,-16.11],[-178.63,-16.76],[-179.0,-17.59],[-179.28,-17.71],[-179.0,-18.03],[-178.89,-18.66],[-179.0,-18.82],[-180.0,-18.74]]],"type":"Polygon"},"properties":{ "hvalue":1.9,"color":"#a7c2e0"} }, { "type":"Feature","geometry":{"coordinates":[[[-180.0,-36.5],[-180.0,-36.3],[-180.0,-35.49],[-180.0,-34.67],[-180.0,-33.84],[-180.0,-33.01],[-180.0,-32.16],[-180.0,-31.31],[-180.0,-30.46],[-180.0,-29.59],[-180.0,-28.72],[-180.0,-28.32],[-179.31,-28.72],[-179.0,-29.57],[-178.99,-29.59],[-178.69,-30.46],[-178.73,-31.31],[-178.69,-32.16],[-178.52,-33.01],[-178.24,-33.84],[-178.06,-34.67],[-178.13,-35.49],[-179.0,-36.17],[-179.2,-36.3],[-180.0,-36.5]]],"type":"Polygon"},"properties":{ "hvalue":1.15,"color":"#E2EBF5"} }, { "type":"Feature","geometry":{"coordinates":[[[-180.0,-43.87],[-180.0,-43.21],[-180.0,-42.47],[-180.0,-41.73],[-180.0,-40.98],[-180.0,-40.22],[-180.0,-39.45],[-180.0,-38.68],[-180.0,-37.89],[-180.0,-37.1],[-180.0,-36.5],[-179.2,-36.3],[-179.0,-36.17],[-178.13,-35.49],[-178.06,-34.67],[-178.24,-33.84],[-178.52,-33.01],[-178.69,-32.16],[-178.73,-31.31],[-178.69,-30.46],[-178.99,-29.59],[-179.0,-29.57],[-179.31,-28.72],[-180.0,-28.32],[-180.0,-27.84],[-180.0,-26.95],[-180.0,-26.05],[-180.0,-25.15],[-180.0,-24.24],[-180.0,-23.33],[-180.0,-22.41],[-180.0,-22.38],[-179.8,-22.41],[-179.0,-22.47],[-178.0,-22.66],[-177.29,-22.41],[-177.0,-22.2],[-176.37,-22.41],[-176.0,-23.17],[-175.0,-22.88],[-174.82,-23.33],[-174.0,-24.24],[-173.2,-23.33],[-173.0,-23.21],[-172.82,-23.33],[-172.9,-24.24],[-172.56,-25.15],[-172.42,-26.05],[-172.22,-26.95],[-172.0,-27.44],[-171.54,-26.95],[-171.0,-26.6],[-170.6,-26.95],[-170.48,-27.84],[-170.0,-28.66],[-169.97,-28.72],[-170.0,-28.98],[-170.14,-29.59],[-170.21,-30.46],[-170.17,-31.31],[-170.64,-32.16],[-170.89,-33.01],[-171.0,-33.29],[-171.2,-33.84],[-171.4,-34.67],[-171.54,-35.49],[-171.96,-36.3],[-172.0,-37.04],[-172.0,-37.1],[-172.0,-37.11],[-171.79,-37.89],[-171.74,-38.68],[-171.75,-39.45],[-171.69,-40.22],[-171.77,-40.98],[-172.0,-41.52],[-172.18,-41.73],[-172.92,-42.47],[-173.0,-42.56],[-174.0,-42.95],[-174.93,-43.21],[-175.0,-43.25],[-175.24,-43.93],[-176.0,-44.3],[-176.52,-43.93],[-176.44,-43.21],[-176.0,-42.69],[-175.62,-42.47],[-176.0,-42.07],[-177.0,-42.46],[-177.02,-42.47],[-178.0,-42.71],[-179.0,-42.82],[-179.33,-43.21],[-180.0,-43.87]]],"type":"Polygon"},"properties":{ "hvalue":1.9,"color":"#a7c2e0"} }, { "type":"Feature","geometry":{"coordinates":[[[-180.0,-54.2],[-180.0,-53.76],[-180.0,-53.16],[-180.0,-52.56],[-180.0,-51.95],[-180.0,-51.85],[-179.0,-51.87],[-178.0,-51.84],[-177.0,-51.85],[-176.31,-51.95],[-176.0,-52.12],[-175.61,-52.56],[-175.12,-53.16],[-175.61,-53.76],[-176.0,-53.94],[-177.0,-54.18],[-178.0,-54.1],[-179.0,-54.22],[-180.0,-54.2]]],"type":"Polygon"},"properties":{ "hvalue":5.0,"color":"#fee600"} }, { "type":"Feature","geometry":{"coordinates":[[[-180.0,-61.54],[-180.0,-61.25],[-180.0,-60.76],[-180.0,-60.27],[-180.0,-59.77],[-180.0,-59.26],[-180.0,-58.75],[-180.0,-58.23],[-180.0,-57.7],[-180.0,-57.16],[-180.0,-56.61],[-180.0,-56.06],[-180.0,-55.49],[-180.0,-54.92],[-180.0,-54.34],[-180.0,-54.2],[-179.0,-54.22],[-178.0,-54.1],[-177.0,-54.18],[-176.0,-53.94],[-175.61,-53.76],[-175.12,-53.16],[-175.61,-52.56],[-176.0,-52.12],[-176.31,-51.95],[-177.0,-51.85],[-178.0,-51.84],[-179.0,-51.87],[-180.0,-51.85],[-180.0,-51.33],[-180.0,-50.7],[-180.0,-50.33],[-179.0,-50.23],[-178.0,-50.24],[-177.0,-50.67],[-176.94,-50.7],[-176.0,-50.92],[-175.0,-50.85],[-174.6,-50.7],[-174.0,-50.44],[-173.0,-50.64],[-172.74,-50.7],[-172.0,-51.07],[-171.61,-51.33],[-171.38,-51.95],[-172.0,-52.28],[-172.77,-52.56],[-172.63,-53.16],[-172.13,-53.76],[-172.0,-53.8],[-171.02,-54.34],[-171.0,-54.35],[-170.06,-54.92],[-170.0,-55.01],[-169.68,-55.49],[-169.0,-55.8],[-168.37,-56.06],[-168.0,-56.21],[-167.34,-56.61],[-167.0,-56.92],[-166.65,-57.16],[-166.15,-57.7],[-166.0,-57.82],[-165.35,-58.23],[-165.0,-58.45],[-164.4,-58.75],[-164.0,-59.0],[-163.53,-59.26],[-163.17,-59.77],[-164.0,-60.04],[-165.0,-60.06],[-166.0,-60.2],[-166.37,-60.27],[-167.0,-60.47],[-168.0,-60.75],[-168.02,-60.76],[-169.0,-61.15],[-169.95,-61.25],[-170.0,-61.26],[-170.73,-61.73],[-170.97,-62.2],[-171.0,-62.21],[-172.0,-62.35],[-173.0,-62.43],[-174.0,-62.58],[-174.49,-62.66],[-175.0,-62.73],[-176.0,-62.74],[-176.29,-62.66],[-177.0,-62.44],[-177.66,-62.2],[-178.0,-62.09],[-179.0,-61.89],[-179.69,-61.73],[-180.0,-61.54]],[[-173.0,-58.79],[-173.09,-58.75],[-174.0,-58.56],[-175.0,-58.26],[-175.16,-58.23],[-175.0,-58.08],[-174.74,-57.7],[-174.53,-57.16],[-174.0,-56.95],[-173.21,-56.61],[-173.0,-56.53],[-172.0,-56.47],[-171.2,-56.61],[-171.0,-56.64],[-170.0,-56.8],[-169.0,-57.04],[-168.81,-57.16],[-169.0,-57.61],[-169.06,-57.7],[-169.16,-58.23],[-169.62,-58.75],[-170.0,-58.83],[-171.0,-58.97],[-172.0,-59.08],[-173.0,-58.79]],[[-174.0,-55.73],[-174.7,-55.49],[-174.0,-55.08],[-173.45,-55.49],[-174.0,-55.73]],[[-172.0,-59.85],[-172.84,-59.77],[-172.0,-59.55],[-171.42,-59.77],[-172.0,-59.85]]],"type":"Polygon"},"properties":{ "hvalue":4.9,"color":"#6bff6b"} }, { "type":"Feature","geometry":{"coordinates":[[[-180.0,-64.2],[-180.0,-64.0],[-180.0,-63.56],[-180.0,-63.11],[-180.0,-62.66],[-180.0,-62.2],[-180.0,-61.73],[-180.0,-61.54],[-179.69,-61.73],[-179.0,-61.89],[-178.0,-62.09],[-177.66,-62.2],[-177.0,-62.44],[-176.29,-62.66],[-176.0,-62.74],[-175.0,-62.73],[-174.49,-62.66],[-174.0,-62.58],[-173.0,-62.43],[-172.0,-62.35],[-171.0,-62.21],[-170.97,-62.2],[-170.73,-61.73],[-170.0,-61.26],[-169.95,-61.25],[-169.0,-61.15],[-168.02,-60.76],[-168.0,-60.75],[-167.0,-60.47],[-166.37,-60.27],[-166.0,-60.2],[-165.0,-60.06],[-164.0,-60.04],[-163.17,-59.77],[-163.53,-59.26],[-164.0,-59.0],[-164.4,-58.75],[-165.0,-58.45],[-165.35,-58.23],[-166.0,-57.82],[-166.15,-57.7],[-166.65,-57.16],[-167.0,-56.92],[-167.34,-56.61],[-168.0,-56.21],[-168.37,-56.06],[-169.0,-55.8],[-169.68,-55.49],[-170.0,-55.01],[-170.06,-54.92],[-171.0,-54.35],[-171.02,-54.34],[-172.0,-53.8],[-172.13,-53.76],[-172.63,-53.16],[-172.77,-52.56],[-172.0,-52.28],[-171.38,-51.95],[-171.61,-51.33],[-172.0,-51.07],[-172.74,-50.7],[-173.0,-50.64],[-174.0,-50.44],[-174.6,-50.7],[-175.0,-50.85],[-176.0,-50.92],[-176.94,-50.7],[-177.0,-50.67],[-178.0,-50.24],[-179.0,-50.23],[-180.0,-50.33],[-180.0,-50.06],[-180.0,-49.41],[-180.0,-48.76],[-180.0,-48.09],[-180.0,-47.84],[-179.29,-48.09],[-179.11,-48.76],[-179.0,-48.84],[-178.07,-48.76],[-178.0,-48.75],[-177.05,-48.09],[-177.0,-48.06],[-176.0,-47.89],[-175.35,-47.42],[-175.0,-47.16],[-174.56,-46.74],[-174.0,-46.27],[-173.0,-46.53],[-172.65,-46.74],[-172.0,-47.26],[-171.0,-47.31],[-170.73,-47.42],[-170.0,-47.66],[-169.33,-48.09],[-169.0,-48.21],[-168.0,-48.31],[-167.0,-48.33],[-166.0,-48.4],[-165.43,-48.09],[-165.0,-47.9],[-164.02,-47.42],[-164.17,-46.74],[-164.27,-46.05],[-164.27,-45.35],[-164.4,-44.65],[-164.85,-43.93],[-165.0,-43.45],[-165.06,-43.21],[-165.36,-42.47],[-165.65,-41.73],[-165.82,-40.98],[-165.56,-40.22],[-165.33,-39.45],[-165.06,-38.68],[-165.0,-38.35],[-164.91,-37.89],[-164.76,-37.1],[-164.44,-36.3],[-164.09,-35.49],[-164.0,-35.2],[-163.84,-34.67],[-163.0,-33.88],[-162.96,-33.84],[-162.32,-33.01],[-162.0,-32.17],[-161.99,-32.16],[-162.0,-31.35],[-162.0,-31.31],[-162.0,-31.31],[-161.22,-30.46],[-161.16,-29.59],[-161.0,-29.32],[-160.0,-28.91],[-159.76,-28.72],[-159.0,-28.39],[-158.38,-27.84],[-158.0,-27.58],[-157.08,-26.95],[-157.0,-26.89],[-156.54,-26.05],[-156.18,-25.15],[-156.0,-25.01],[-155.0,-24.71],[-154.0,-24.58],[-153.0,-24.41],[-152.87,-24.24],[-152.4,-23.33],[-152.0,-23.0],[-151.0,-23.01],[-150.0,-23.25],[-149.07,-23.33],[-149.0,-23.33],[-148.94,-23.33],[-148.0,-22.95],[-147.91,-23.33],[-147.0,-23.67],[-146.45,-23.33],[-146.0,-22.68],[-145.69,-22.41],[-145.0,-21.89],[-144.0,-21.72],[-143.0,-22.0],[-142.0,-21.75],[-141.0,-22.17],[-140.81,-22.41],[-140.0,-23.23],[-139.0,-23.1],[-138.12,-23.33],[-138.0,-23.36],[-137.0,-23.71],[-136.0,-24.21],[-135.88,-24.24],[-135.0,-24.73],[-134.0,-24.92],[-133.0,-25.04],[-132.83,-25.15],[-132.0,-25.72],[-131.57,-26.05],[-131.02,-26.95],[-131.0,-26.97],[-130.0,-27.3],[-129.0,-27.77],[-128.93,-27.84],[-128.38,-28.72],[-128.0,-28.96],[-127.0,-29.55],[-126.94,-29.59],[-126.45,-30.46],[-126.08,-31.31],[-126.0,-31.35],[-125.0,-31.43],[-124.39,-32.16],[-124.0,-32.83],[-123.0,-32.65],[-122.55,-32.16],[-122.0,-31.66],[-121.0,-31.51],[-120.0,-31.96],[-119.62,-32.16],[-119.0,-32.48],[-118.0,-32.99],[-117.96,-33.01],[-117.0,-33.4],[-116.0,-33.66],[-115.55,-33.84],[-115.0,-34.1],[-114.19,-34.67],[-114.0,-35.17],[-113.86,-35.49],[-113.0,-36.02],[-112.57,-36.3],[-112.0,-36.6],[-111.15,-37.1],[-111.0,-37.19],[-110.0,-37.87],[-109.98,-37.89],[-110.0,-37.93],[-111.0,-38.65],[-112.0,-38.54],[-113.0,-38.4],[-114.0,-38.28],[-115.0,-38.26],[-116.0,-38.11],[-116.71,-37.89],[-117.0,-37.67],[-117.85,-37.1],[-118.0,-36.99],[-119.0,-36.66],[-120.0,-36.35],[-120.31,-36.3],[-121.0,-36.1],[-121.24,-36.3],[-122.0,-36.61],[-123.0,-37.01],[-123.2,-37.1],[-123.78,-37.89],[-123.95,-38.68],[-123.0,-39.29],[-122.29,-39.45],[-123.0,-39.68],[-123.42,-40.22],[-123.58,-40.98],[-123.0,-41.44],[-122.45,-41.73],[-122.0,-42.31],[-121.91,-42.47],[-121.95,-43.21],[-121.34,-43.93],[-121.41,-44.65],[-121.63,-45.35],[-121.83,-46.05],[-122.0,-46.48],[-122.12,-46.74],[-122.0,-47.17],[-121.94,-47.42],[-122.0,-47.47],[-123.0,-47.99],[-123.09,-48.09],[-123.24,-48.76],[-123.4,-49.41],[-124.0,-49.83],[-124.54,-50.06],[-124.7,-50.7],[-124.46,-51.33],[-124.57,-51.95],[-124.46,-52.56],[-124.38,-53.16],[-124.42,-53.76],[-124.72,-54.34],[-125.0,-54.56],[-125.29,-54.92],[-125.67,-55.49],[-126.0,-55.7],[-127.0,-55.96],[-127.6,-56.06],[-128.0,-56.23],[-128.82,-56.61],[-129.0,-56.67],[-130.0,-56.92],[-130.3,-57.16],[-131.0,-57.6],[-131.18,-57.7],[-132.0,-58.08],[-132.38,-58.23],[-133.0,-58.62],[-133.21,-58.75],[-134.0,-59.13],[-134.18,-59.26],[-134.79,-59.77],[-135.0,-59.96],[-135.55,-60.27],[-135.89,-60.76],[-136.0,-60.85],[-136.61,-61.25],[-137.0,-61.63],[-137.16,-61.73],[-137.76,-62.2],[-137.79,-62.66],[-137.97,-63.11],[-138.0,-63.17],[-138.42,-63.56],[-138.54,-64.0],[-138.36,-64.44],[-138.96,-64.87],[-139.0,-64.88],[-139.05,-64.87],[-140.0,-64.53],[-140.05,-64.44],[-140.17,-64.0],[-141.0,-63.68],[-141.33,-63.56],[-142.0,-63.29],[-143.0,-63.19],[-143.2,-63.11],[-144.0,-62.71],[-144.09,-62.66],[-145.0,-62.21],[-145.02,-62.2],[-145.04,-61.73],[-145.23,-61.25],[-145.79,-60.76],[-146.0,-60.7],[-147.0,-60.41],[-147.29,-60.27],[-147.14,-59.77],[-147.17,-59.26],[-148.0,-59.02],[-149.0,-59.22],[-149.72,-58.75],[-149.97,-58.23],[-150.0,-58.21],[-150.12,-58.23],[-151.0,-58.34],[-151.55,-58.23],[-151.32,-57.7],[-151.12,-57.16],[-151.7,-56.61],[-151.94,-56.06],[-151.0,-55.68],[-150.0,-55.69],[-149.04,-55.49],[-149.53,-54.92],[-150.0,-54.88],[-150.55,-54.92],[-151.0,-55.06],[-151.44,-54.92],[-152.0,-54.88],[-153.0,-54.72],[-154.0,-54.5],[-154.33,-54.34],[-154.77,-53.76],[-155.0,-53.64],[-156.0,-53.29],[-156.24,-53.16],[-156.31,-52.56],[-157.0,-52.24],[-158.0,-52.13],[-159.0,-52.07],[-159.42,-51.95],[-159.61,-51.33],[-159.41,-50.7],[-160.0,-50.54],[-161.0,-50.34],[-161.7,-50.06],[-161.68,-49.41],[-162.0,-48.95],[-162.23,-48.76],[-163.0,-48.31],[-164.0,-48.37],[-165.0,-48.4],[-165.43,-48.76],[-165.52,-49.41],[-165.0,-49.92],[-164.91,-50.06],[-164.0,-50.42],[-163.0,-50.65],[-162.8,-50.7],[-163.0,-50.92],[-163.09,-51.33],[-163.0,-51.68],[-162.87,-51.95],[-162.0,-52.32],[-161.6,-52.56],[-161.64,-53.16],[-161.0,-53.52],[-160.59,-53.76],[-160.99,-54.34],[-161.0,-54.35],[-161.81,-54.92],[-162.0,-54.96],[-163.0,-54.98],[-163.56,-55.49],[-163.95,-56.06],[-163.0,-56.3],[-162.49,-56.61],[-162.0,-56.96],[-161.67,-57.16],[-161.19,-57.7],[-161.0,-57.9],[-160.67,-58.23],[-160.0,-58.61],[-159.56,-58.75],[-159.23,-59.26],[-159.0,-59.41],[-158.19,-59.77],[-158.0,-59.9],[-157.18,-60.27],[-157.08,-60.76],[-157.0,-60.79],[-156.86,-60.76],[-156.0,-60.51],[-155.0,-60.29],[-154.93,-60.27],[-155.0,-60.25],[-155.73,-59.77],[-155.31,-59.26],[-155.0,-58.85],[-154.84,-58.75],[-154.0,-58.56],[-153.33,-58.75],[-153.0,-58.86],[-152.68,-59.26],[-153.0,-59.75],[-153.01,-59.77],[-153.42,-60.27],[-153.0,-60.42],[-152.47,-60.76],[-152.43,-61.25],[-152.41,-61.73],[-152.89,-62.2],[-152.92,-62.66],[-153.0,-62.83],[-153.4,-63.11],[-153.83,-63.56],[-154.0,-63.73],[-154.51,-64.0],[-154.87,-64.44],[-155.0,-64.48],[-156.0,-64.7],[-156.44,-64.87],[-156.79,-65.29],[-157.0,-65.43],[-157.87,-65.7],[-158.0,-65.74],[-158.73,-65.7],[-159.0,-65.67],[-159.23,-65.7],[-160.0,-65.76],[-160.28,-65.7],[-161.0,-65.5],[-162.0,-65.52],[-162.54,-65.29],[-163.0,-65.15],[-164.0,-65.09],[-165.0,-65.16],[-166.0,-65.19],[-167.0,-65.11],[-168.0,-65.11],[-169.0,-65.12],[-170.0,-64.95],[-171.0,-64.88],[-171.06,-64.87],[-172.0,-64.71],[-173.0,-64.72],[-173.82,-64.87],[-174.0,-64.97],[-174.76,-64.87],[-175.0,-64.85],[-176.0,-64.75],[-177.0,-64.61],[-178.0,-64.58],[-179.0,-64.58],[-179.59,-64.44],[-180.0,-64.2]],[[-145.0,-52.97],[-145.53,-52.56],[-146.0,-52.02],[-146.14,-51.95],[-147.0,-51.6],[-147.2,-51.33],[-147.48,-50.7],[-147.14,-50.06],[-147.0,-49.91],[-146.68,-49.41],[-146.46,-48.76],[-146.0,-48.25],[-145.85,-48.09],[-146.0,-47.94],[-146.58,-48.09],[-147.0,-48.2],[-147.9,-48.76],[-148.0,-48.84],[-148.33,-49.41],[-149.0,-49.92],[-149.21,-50.06],[-150.0,-50.45],[-150.92,-50.7],[-151.0,-50.73],[-152.0,-51.07],[-153.0,-50.75],[-153.12,-50.7],[-154.0,-50.4],[-154.48,-50.06],[-154.94,-49.41],[-155.0,-49.3],[-155.44,-48.76],[-156.0,-48.14],[-156.1,-48.09],[-157.0,-47.6],[-157.2,-47.42],[-157.56,-46.74],[-157.9,-46.05],[-158.0,-45.9],[-158.52,-45.35],[-159.0,-44.82],[-159.13,-44.65],[-159.43,-43.93],[-159.39,-43.21],[-159.66,-42.47],[-159.81,-41.73],[-159.8,-40.98],[-159.71,-40.22],[-159.78,-39.45],[-159.78,-38.68],[-159.51,-37.89],[-159.45,-37.1],[-159.38,-36.3],[-159.0,-35.61],[-158.94,-35.49],[-158.62,-34.67],[-158.0,-34.29],[-157.0,-33.86],[-156.98,-33.84],[-156.15,-33.01],[-156.0,-32.83],[-155.43,-32.16],[-155.42,-31.31],[-155.05,-30.46],[-155.0,-30.4],[-154.0,-30.05],[-153.0,-30.4],[-152.05,-29.59],[-152.0,-29.57],[-151.85,-29.59],[-151.0,-29.75],[-150.64,-29.59],[-150.0,-29.38],[-149.0,-29.15],[-148.0,-29.13],[-147.0,-28.8],[-146.0,-29.05],[-145.0,-29.2],[-144.1,-29.59],[-144.0,-29.64],[-143.42,-29.59],[-143.0,-29.55],[-142.0,-29.36],[-141.65,-29.59],[-141.0,-29.96],[-140.0,-30.22],[-139.55,-30.46],[-139.0,-30.78],[-138.0,-31.22],[-137.66,-31.31],[-137.0,-31.91],[-136.84,-32.16],[-136.0,-32.49],[-135.0,-32.76],[-134.39,-33.01],[-134.0,-33.35],[-133.19,-33.84],[-133.0,-33.88],[-132.0,-34.37],[-131.67,-34.67],[-131.0,-35.15],[-130.65,-35.49],[-130.15,-36.3],[-130.15,-37.1],[-130.0,-37.25],[-129.47,-37.89],[-129.45,-38.68],[-129.38,-39.45],[-129.24,-40.22],[-129.03,-40.98],[-129.0,-41.1],[-128.8,-41.73],[-128.39,-42.47],[-128.0,-43.06],[-127.87,-43.21],[-127.75,-43.93],[-127.55,-44.65],[-127.46,-45.35],[-127.47,-46.05],[-127.9,-46.74],[-127.87,-47.42],[-128.0,-47.61],[-128.35,-48.09],[-129.0,-48.65],[-129.11,-48.76],[-130.0,-49.28],[-130.66,-49.41],[-131.0,-49.45],[-132.0,-49.49],[-133.0,-49.48],[-134.0,-49.58],[-134.53,-49.41],[-134.23,-48.76],[-134.0,-48.6],[-133.35,-48.09],[-133.0,-47.61],[-132.73,-47.42],[-132.67,-46.74],[-132.9,-46.05],[-132.54,-45.35],[-132.34,-44.65],[-133.0,-44.02],[-133.1,-43.93],[-134.0,-43.58],[-134.67,-43.21],[-135.0,-43.14],[-136.0,-42.97],[-137.0,-42.88],[-138.0,-42.85],[-139.0,-43.02],[-139.23,-43.21],[-140.0,-43.9],[-140.03,-43.93],[-140.26,-44.65],[-140.32,-45.35],[-141.0,-46.04],[-141.01,-46.05],[-141.55,-46.74],[-141.71,-47.42],[-142.0,-47.69],[-142.42,-48.09],[-142.75,-48.76],[-142.93,-49.41],[-142.95,-50.06],[-142.88,-50.7],[-142.83,-51.33],[-143.0,-51.5],[-143.4,-51.95],[-144.0,-52.49],[-144.16,-52.56],[-145.0,-52.97]],[[-170.0,-52.71],[-170.77,-52.56],[-170.0,-52.3],[-169.5,-52.56],[-170.0,-52.71]],[[-156.0,-61.3],[-156.14,-61.25],[-156.0,-61.12],[-155.0,-61.14],[-154.59,-61.25],[-155.0,-61.32],[-156.0,-61.3]],[[-146.0,-27.02],[-146.11,-26.95],[-146.0,-26.81],[-145.89,-26.95],[-146.0,-27.02]]],"type":"Polygon"},"properties":{ "hvalue":3.9,"color":"#34cc99"} }, { "type":"Feature","geometry":{"coordinates":[[[-180.0,-65.22],[-180.0,-64.87],[-180.0,-64.44],[-180.0,-64.2],[-179.59,-64.44],[-179.0,-64.58],[-178.0,-64.58],[-177.0,-64.61],[-176.0,-64.75],[-175.0,-64.85],[-174.76,-64.87],[-174.0,-64.97],[-173.82,-64.87],[-173.0,-64.72],[-172.0,-64.71],[-171.06,-64.87],[-171.0,-64.88],[-170.0,-64.95],[-169.0,-65.12],[-168.0,-65.11],[-167.0,-65.11],[-166.0,-65.19],[-165.0,-65.16],[-164.0,-65.09],[-163.0,-65.15],[-162.54,-65.29],[-162.0,-65.52],[-161.0,-65.5],[-160.28,-65.7],[-160.0,-65.76],[-159.23,-65.7],[-159.0,-65.67],[-158.73,-65.7],[-158.0,-65.74],[-157.87,-65.7],[-157.0,-65.43],[-156.79,-65.29],[-156.44,-64.87],[-156.0,-64.7],[-155.0,-64.48],[-154.87,-64.44],[-154.51,-64.0],[-154.0,-63.73],[-153.83,-63.56],[-153.4,-63.11],[-153.0,-62.83],[-152.92,-62.66],[-152.89,-62.2],[-152.41,-61.73],[-152.43,-61.25],[-152.47,-60.76],[-153.0,-60.42],[-153.42,-60.27],[-153.01,-59.77],[-153.0,-59.75],[-152.68,-59.26],[-153.0,-58.86],[-153.33,-58.75],[-154.0,-58.56],[-154.84,-58.75],[-155.0,-58.85],[-155.31,-59.26],[-155.73,-59.77],[-155.0,-60.25],[-154.93,-60.27],[-155.0,-60.29],[-156.0,-60.51],[-156.86,-60.76],[-157.0,-60.79],[-157.08,-60.76],[-157.18,-60.27],[-158.0,-59.9],[-158.19,-59.77],[-159.0,-59.41],[-159.23,-59.26],[-159.56,-58.75],[-160.0,-58.61],[-160.67,-58.23],[-161.0,-57.9],[-161.19,-57.7],[-161.67,-57.16],[-162.0,-56.96],[-162.49,-56.61],[-163.0,-56.3],[-163.95,-56.06],[-163.56,-55.49],[-163.0,-54.98],[-162.0,-54.96],[-161.81,-54.92],[-161.0,-54.35],[-160.99,-54.34],[-160.59,-53.76],[-161.0,-53.52],[-161.64,-53.16],[-161.6,-52.56],[-162.0,-52.32],[-162.87,-51.95],[-163.0,-51.68],[-163.09,-51.33],[-163.0,-50.92],[-162.8,-50.7],[-163.0,-50.65],[-164.0,-50.42],[-164.91,-50.06],[-165.0,-49.92],[-165.52,-49.41],[-165.43,-48.76],[-165.0,-48.4],[-164.0,-48.37],[-163.0,-48.31],[-162.23,-48.76],[-162.0,-48.95],[-161.68,-49.41],[-161.7,-50.06],[-161.0,-50.34],[-160.0,-50.54],[-159.41,-50.7],[-159.61,-51.33],[-159.42,-51.95],[-159.0,-52.07],[-158.0,-52.13],[-157.0,-52.24],[-156.31,-52.56],[-156.24,-53.16],[-156.0,-53.29],[-155.0,-53.64],[-154.77,-53.76],[-154.33,-54.34],[-154.0,-54.5],[-153.0,-54.72],[-152.0,-54.88],[-151.44,-54.92],[-151.0,-55.06],[-150.55,-54.92],[-150.0,-54.88],[-149.53,-54.92],[-149.04,-55.49],[-150.0,-55.69],[-151.0,-55.68],[-151.94,-56.06],[-151.7,-56.61],[-151.12,-57.16],[-151.32,-57.7],[-151.55,-58.23],[-151.0,-58.34],[-150.12,-58.23],[-150.0,-58.21],[-149.97,-58.23],[-149.72,-58.75],[-149.0,-59.22],[-148.0,-59.02],[-147.17,-59.26],[-147.14,-59.77],[-147.29,-60.27],[-147.0,-60.41],[-146.0,-60.7],[-145.79,-60.76],[-145.23,-61.25],[-145.04,-61.73],[-145.02,-62.2],[-145.0,-62.21],[-144.09,-62.66],[-144.0,-62.71],[-143.2,-63.11],[-143.0,-63.19],[-142.0,-63.29],[-141.33,-63.56],[-141.0,-63.68],[-140.17,-64.0],[-140.05,-64.44],[-140.0,-64.53],[-139.05,-64.87],[-139.0,-64.88],[-138.96,-64.87],[-138.36,-64.44],[-138.54,-64.0],[-138.42,-63.56],[-138.0,-63.17],[-137.97,-63.11],[-137.79,-62.66],[-137.76,-62.2],[-137.16,-61.73],[-137.0,-61.63],[-136.61,-61.25],[-136.0,-60.85],[-135.89,-60.76],[-135.55,-60.27],[-135.0,-59.96],[-134.79,-59.77],[-134.18,-59.26],[-134.0,-59.13],[-133.21,-58.75],[-133.0,-58.62],[-132.38,-58.23],[-132.0,-58.08],[-131.18,-57.7],[-131.0,-57.6],[-130.3,-57.16],[-130.0,-56.92],[-129.0,-56.67],[-128.82,-56.61],[-128.0,-56.23],[-127.6,-56.06],[-127.0,-55.96],[-126.0,-55.7],[-125.67,-55.49],[-125.29,-54.92],[-125.0,-54.56],[-124.72,-54.34],[-124.42,-53.76],[-124.38,-53.16],[-124.46,-52.56],[-124.57,-51.95],[-124.46,-51.33],[-124.7,-50.7],[-124.54,-50.06],[-124.0,-49.83],[-123.4,-49.41],[-123.24,-48.76],[-123.09,-48.09],[-123.0,-47.99],[-122.0,-47.47],[-121.94,-47.42],[-122.0,-47.17],[-122.12,-46.74],[-122.0,-46.48],[-121.83,-46.05],[-121.63,-45.35],[-121.41,-44.65],[-121.34,-43.93],[-121.95,-43.21],[-121.91,-42.47],[-122.0,-42.31],[-122.45,-41.73],[-123.0,-41.44],[-123.58,-40.98],[-123.42,-40.22],[-123.0,-39.68],[-122.29,-39.45],[-123.0,-39.29],[-123.95,-38.68],[-123.78,-37.89],[-123.2,-37.1],[-123.0,-37.01],[-122.0,-36.61],[-121.24,-36.3],[-121.0,-36.1],[-120.31,-36.3],[-120.0,-36.35],[-119.0,-36.66],[-118.0,-36.99],[-117.85,-37.1],[-117.0,-37.67],[-116.71,-37.89],[-116.0,-38.11],[-115.0,-38.26],[-114.0,-38.28],[-113.0,-38.4],[-112.0,-38.54],[-111.0,-38.65],[-110.0,-37.93],[-109.98,-37.89],[-110.0,-37.87],[-111.0,-37.19],[-111.15,-37.1],[-112.0,-36.6],[-112.57,-36.3],[-113.0,-36.02],[-113.86,-35.49],[-114.0,-35.17],[-114.19,-34.67],[-115.0,-34.1],[-115.55,-33.84],[-116.0,-33.66],[-117.0,-33.4],[-117.96,-33.01],[-118.0,-32.99],[-119.0,-32.48],[-119.62,-32.16],[-120.0,-31.96],[-121.0,-31.51],[-122.0,-31.66],[-122.55,-32.16],[-123.0,-32.65],[-124.0,-32.83],[-124.39,-32.16],[-125.0,-31.43],[-126.0,-31.35],[-126.08,-31.31],[-126.45,-30.46],[-126.94,-29.59],[-127.0,-29.55],[-128.0,-28.96],[-128.38,-28.72],[-128.93,-27.84],[-129.0,-27.77],[-130.0,-27.3],[-131.0,-26.97],[-131.02,-26.95],[-131.57,-26.05],[-132.0,-25.72],[-132.83,-25.15],[-133.0,-25.04],[-134.0,-24.92],[-135.0,-24.73],[-135.88,-24.24],[-136.0,-24.21],[-137.0,-23.71],[-138.0,-23.36],[-138.12,-23.33],[-139.0,-23.1],[-140.0,-23.23],[-140.81,-22.41],[-141.0,-22.17],[-142.0,-21.75],[-143.0,-22.0],[-144.0,-21.72],[-145.0,-21.89],[-145.69,-22.41],[-146.0,-22.68],[-146.45,-23.33],[-147.0,-23.67],[-147.91,-23.33],[-148.0,-22.95],[-148.94,-23.33],[-149.0,-23.33],[-149.07,-23.33],[-150.0,-23.25],[-151.0,-23.01],[-152.0,-23.0],[-152.4,-23.33],[-152.87,-24.24],[-153.0,-24.41],[-154.0,-24.58],[-155.0,-24.71],[-156.0,-25.01],[-156.18,-25.15],[-156.54,-26.05],[-157.0,-26.89],[-157.08,-26.95],[-158.0,-27.58],[-158.38,-27.84],[-159.0,-28.39],[-159.76,-28.72],[-160.0,-28.91],[-161.0,-29.32],[-161.16,-29.59],[-161.22,-30.46],[-162.0,-31.31],[-162.0,-31.31],[-162.0,-31.35],[-161.99,-32.16],[-162.0,-32.17],[-162.32,-33.01],[-162.96,-33.84],[-163.0,-33.88],[-163.84,-34.67],[-164.0,-35.2],[-164.09,-35.49],[-164.44,-36.3],[-164.76,-37.1],[-164.91,-37.89],[-165.0,-38.35],[-165.06,-38.68],[-165.33,-39.45],[-165.56,-40.22],[-165.82,-40.98],[-165.65,-41.73],[-165.36,-42.47],[-165.06,-43.21],[-165.0,-43.45],[-164.85,-43.93],[-164.4,-44.65],[-164.27,-45.35],[-164.27,-46.05],[-164.17,-46.74],[-164.02,-47.42],[-165.0,-47.9],[-165.43,-48.09],[-166.0,-48.4],[-167.0,-48.33],[-168.0,-48.31],[-169.0,-48.21],[-169.33,-48.09],[-170.0,-47.66],[-170.73,-47.42],[-171.0,-47.31],[-172.0,-47.26],[-172.65,-46.74],[-173.0,-46.53],[-174.0,-46.27],[-174.56,-46.74],[-175.0,-47.16],[-175.35,-47.42],[-176.0,-47.89],[-177.0,-48.06],[-177.05,-48.09],[-178.0,-48.75],[-178.07,-48.76],[-179.0,-48.84],[-179.11,-48.76],[-179.29,-48.09],[-180.0,-47.84],[-180.0,-47.42],[-180.0,-46.74],[-180.0,-46.05],[-180.0,-45.35],[-180.0,-44.65],[-180.0,-43.93],[-180.0,-43.87],[-179.33,-43.21],[-179.0,-42.82],[-178.0,-42.71],[-177.02,-42.47],[-177.0,-42.46],[-176.0,-42.07],[-175.62,-42.47],[-176.0,-42.69],[-176.44,-43.21],[-176.52,-43.93],[-176.0,-44.3],[-175.24,-43.93],[-175.0,-43.25],[-174.93,-43.21],[-174.0,-42.95],[-173.0,-42.56],[-172.92,-42.47],[-172.18,-41.73],[-172.0,-41.52],[-171.77,-40.98],[-171.69,-40.22],[-171.75,-39.45],[-171.74,-38.68],[-171.79,-37.89],[-172.0,-37.11],[-172.0,-37.1],[-172.0,-37.04],[-171.96,-36.3],[-171.54,-35.49],[-171.4,-34.67],[-171.2,-33.84],[-171.0,-33.29],[-170.89,-33.01],[-170.64,-32.16],[-170.17,-31.31],[-170.21,-30.46],[-170.14,-29.59],[-170.0,-28.98],[-169.97,-28.72],[-170.0,-28.66],[-170.48,-27.84],[-170.6,-26.95],[-171.0,-26.6],[-171.54,-26.95],[-172.0,-27.44],[-172.22,-26.95],[-172.42,-26.05],[-172.56,-25.15],[-172.9,-24.24],[-172.82,-23.33],[-173.0,-23.21],[-173.2,-23.33],[-174.0,-24.24],[-174.82,-23.33],[-175.0,-22.88],[-176.0,-23.17],[-176.37,-22.41],[-177.0,-22.2],[-177.29,-22.41],[-178.0,-22.66],[-179.0,-22.47],[-179.8,-22.41],[-180.0,-22.38],[-180.0,-21.48],[-180.0,-20.55],[-180.0,-19.61],[-180.0,-18.74],[-179.0,-18.82],[-178.89,-18.66],[-179.0,-18.03],[-179.28,-17.71],[-179.0,-17.59],[-178.63,-16.76],[-179.0,-16.11],[-179.1,-15.8],[-179.32,-14.83],[-180.0,-14.43],[-180.0,-13.86],[-180.0,-13.24],[-179.0,-13.04],[-178.0,-12.96],[-177.0,-13.02],[-176.0,-13.27],[-175.0,-13.01],[-174.0,-12.91],[-173.0,-13.14],[-172.44,-13.86],[-172.0,-14.14],[-171.39,-13.86],[-171.0,-13.18],[-170.52,-12.89],[-170.0,-12.22],[-169.65,-11.91],[-169.03,-10.93],[-169.0,-10.9],[-168.0,-10.3],[-167.63,-9.95],[-167.0,-9.24],[-166.0,-9.29],[-165.66,-8.96],[-165.0,-8.55],[-164.37,-7.97],[-164.0,-7.52],[-163.0,-7.35],[-162.0,-7.41],[-161.0,-7.32],[-160.0,-7.62],[-159.0,-7.08],[-158.94,-6.98],[-158.64,-5.99],[-158.0,-5.34],[-157.01,-5.99],[-157.0,-6.01],[-156.0,-6.49],[-155.0,-6.06],[-154.0,-6.34],[-153.64,-5.99],[-154.0,-5.15],[-154.06,-4.99],[-154.0,-4.85],[-153.0,-4.28],[-152.1,-4.0],[-152.0,-3.92],[-151.03,-3.0],[-151.0,-2.99],[-150.0,-2.51],[-149.0,-2.7],[-148.0,-2.63],[-147.0,-2.55],[-146.62,-2.0],[-146.0,-1.19],[-145.0,-1.45],[-144.0,-1.63],[-143.5,-2.0],[-144.0,-2.51],[-144.58,-3.0],[-145.0,-3.57],[-145.27,-4.0],[-146.0,-4.22],[-146.77,-4.0],[-147.0,-3.71],[-147.4,-4.0],[-148.0,-4.17],[-148.9,-4.0],[-149.0,-3.95],[-149.06,-4.0],[-149.45,-4.99],[-149.0,-5.97],[-148.99,-5.99],[-148.73,-6.98],[-148.54,-7.97],[-149.0,-8.7],[-149.07,-8.96],[-149.0,-9.33],[-148.66,-9.95],[-148.58,-10.93],[-148.85,-11.91],[-149.0,-12.62],[-149.1,-12.89],[-150.0,-13.85],[-150.0,-13.86],[-151.0,-14.78],[-151.02,-14.83],[-151.47,-15.8],[-151.0,-16.12],[-150.41,-15.8],[-150.0,-15.0],[-149.56,-14.83],[-149.0,-14.06],[-148.94,-14.83],[-149.0,-15.18],[-149.33,-15.8],[-149.53,-16.76],[-149.0,-17.67],[-148.34,-16.76],[-148.0,-16.27],[-147.38,-15.8],[-147.0,-15.6],[-146.83,-15.8],[-146.0,-16.38],[-145.39,-16.76],[-145.0,-17.1],[-144.0,-17.21],[-143.0,-17.39],[-142.63,-17.71],[-142.0,-18.25],[-141.0,-18.26],[-140.0,-18.37],[-139.0,-18.26],[-138.37,-18.66],[-138.0,-18.75],[-137.0,-18.92],[-136.0,-19.02],[-135.4,-19.61],[-136.0,-20.23],[-136.1,-20.55],[-136.0,-20.71],[-135.0,-20.76],[-134.8,-20.55],[-134.0,-19.76],[-133.53,-19.61],[-133.0,-19.27],[-132.0,-18.95],[-131.0,-18.78],[-130.0,-19.35],[-129.0,-19.01],[-128.04,-18.66],[-128.0,-18.64],[-127.0,-18.5],[-126.81,-18.66],[-126.0,-19.05],[-125.0,-19.14],[-124.0,-18.71],[-123.0,-19.04],[-122.0,-19.21],[-121.0,-19.35],[-120.0,-19.28],[-119.0,-19.49],[-118.0,-19.28],[-117.0,-19.29],[-116.0,-19.4],[-115.54,-19.61],[-115.0,-19.84],[-114.0,-19.9],[-113.0,-20.28],[-112.0,-20.2],[-111.0,-20.15],[-110.01,-20.55],[-110.0,-20.55],[-110.0,-20.55],[-109.03,-19.61],[-109.0,-19.51],[-108.24,-18.66],[-109.0,-18.45],[-110.0,-18.34],[-110.76,-18.66],[-111.0,-18.82],[-111.09,-18.66],[-111.59,-17.71],[-111.12,-16.76],[-112.0,-15.87],[-112.08,-15.8],[-113.0,-15.29],[-113.72,-14.83],[-114.0,-14.53],[-114.54,-14.83],[-115.0,-14.97],[-115.27,-14.83],[-116.0,-14.44],[-117.0,-14.39],[-118.0,-14.17],[-118.88,-13.86],[-119.0,-13.8],[-119.1,-13.86],[-120.0,-14.43],[-121.0,-14.5],[-122.0,-14.39],[-123.0,-14.57],[-123.74,-13.86],[-124.0,-13.5],[-124.82,-12.89],[-125.0,-12.61],[-126.0,-12.26],[-127.0,-12.23],[-127.22,-11.91],[-127.1,-10.93],[-128.0,-10.29],[-129.0,-10.43],[-130.0,-10.14],[-130.05,-9.95],[-130.0,-9.85],[-129.44,-8.96],[-129.0,-8.32],[-128.72,-7.97],[-128.0,-7.15],[-127.91,-6.98],[-127.29,-5.99],[-127.0,-5.64],[-126.39,-4.99],[-126.01,-4.0],[-126.0,-3.97],[-125.0,-3.41],[-124.0,-3.23],[-123.18,-3.0],[-124.0,-2.35],[-125.0,-2.47],[-126.0,-2.58],[-127.0,-2.25],[-127.19,-2.0],[-127.0,-1.76],[-126.0,-1.01],[-125.92,-1.0],[-125.0,-0.95],[-124.88,-1.0],[-124.0,-1.62],[-123.0,-1.99],[-122.98,-2.0],[-122.35,-3.0],[-122.0,-3.1],[-121.0,-3.31],[-120.16,-4.0],[-120.62,-4.99],[-120.0,-5.14],[-119.71,-4.99],[-119.87,-4.0],[-119.25,-3.0],[-120.0,-2.33],[-120.72,-2.0],[-121.0,-1.82],[-121.5,-1.0],[-121.0,-0.27],[-120.8,0.0],[-120.0,0.44],[-119.0,0.46],[-118.0,0.77],[-117.77,1.0],[-118.0,1.5],[-118.15,2.0],[-118.0,2.23],[-117.0,2.49],[-116.0,2.4],[-115.63,2.0],[-115.0,1.69],[-114.0,1.93],[-113.62,2.0],[-113.11,3.0],[-113.0,3.67],[-112.0,3.18],[-111.0,3.58],[-110.0,3.96],[-109.94,4.0],[-109.0,4.7],[-108.56,4.99],[-108.0,5.44],[-107.58,5.99],[-107.04,6.98],[-107.0,7.01],[-106.95,6.98],[-106.39,5.99],[-106.95,4.99],[-106.9,4.0],[-107.0,3.87],[-107.64,3.0],[-107.83,2.0],[-107.16,1.0],[-107.0,0.63],[-106.0,0.34],[-105.0,0.25],[-104.49,1.0],[-104.0,1.69],[-103.0,1.61],[-102.74,2.0],[-102.0,2.85],[-101.15,3.0],[-101.0,3.01],[-100.32,3.0],[-100.57,2.0],[-101.0,1.07],[-101.09,1.0],[-102.0,0.19],[-102.49,0.0],[-103.0,-0.25],[-103.51,-1.0],[-103.5,-2.0],[-103.26,-3.0],[-103.61,-4.0],[-103.23,-4.99],[-103.9,-5.99],[-104.0,-6.12],[-104.39,-6.98],[-104.82,-7.97],[-104.42,-8.96],[-104.58,-9.95],[-104.0,-10.33],[-103.0,-10.01],[-102.0,-10.33],[-101.0,-10.18],[-100.0,-10.34],[-99.02,-10.93],[-99.0,-10.96],[-98.56,-11.91],[-98.0,-12.16],[-97.0,-12.28],[-96.18,-12.89],[-96.93,-13.86],[-96.0,-14.32],[-95.0,-14.55],[-94.79,-14.83],[-95.0,-15.01],[-95.85,-15.8],[-96.0,-16.18],[-96.43,-16.76],[-96.21,-17.71],[-96.95,-18.66],[-97.0,-18.83],[-97.19,-19.61],[-97.16,-20.55],[-97.02,-21.48],[-97.0,-21.5],[-96.0,-21.74],[-95.24,-22.41],[-95.0,-22.89],[-94.78,-23.33],[-94.0,-23.87],[-93.61,-24.24],[-93.13,-25.15],[-94.0,-25.55],[-94.62,-25.15],[-95.0,-24.89],[-96.0,-24.39],[-96.45,-24.24],[-97.0,-24.07],[-97.84,-23.33],[-98.0,-23.2],[-98.82,-22.41],[-99.0,-22.23],[-100.0,-21.79],[-101.0,-22.21],[-102.0,-21.86],[-102.99,-21.48],[-103.0,-21.48],[-104.0,-21.12],[-105.0,-21.15],[-106.0,-21.44],[-106.17,-21.48],[-106.0,-21.57],[-105.49,-22.41],[-105.0,-22.5],[-104.0,-22.48],[-103.0,-22.6],[-102.0,-23.04],[-101.28,-23.33],[-101.0,-23.37],[-100.0,-24.09],[-99.52,-24.24],[-99.0,-24.3],[-98.0,-24.6],[-97.16,-25.15],[-97.0,-25.22],[-96.0,-25.92],[-95.73,-26.05],[-95.0,-26.17],[-94.18,-26.95],[-94.0,-27.11],[-93.07,-27.84],[-93.0,-27.88],[-92.0,-28.25],[-91.24,-28.72],[-91.0,-28.97],[-90.1,-29.59],[-90.0,-29.72],[-89.2,-30.46],[-89.0,-31.29],[-88.99,-31.31],[-88.69,-32.16],[-88.08,-33.01],[-88.0,-33.08],[-87.51,-33.84],[-87.0,-34.41],[-86.72,-34.67],[-86.06,-35.49],[-86.0,-35.54],[-85.26,-36.3],[-85.0,-36.48],[-84.16,-37.1],[-84.0,-37.28],[-83.39,-37.89],[-83.0,-38.17],[-82.26,-38.68],[-82.0,-38.97],[-81.42,-39.45],[-81.0,-39.64],[-80.0,-40.13],[-79.78,-40.22],[-79.0,-40.5],[-78.16,-40.98],[-78.0,-41.07],[-77.0,-41.47],[-76.44,-41.73],[-76.0,-42.12],[-75.59,-42.47],[-75.0,-42.75],[-74.92,-43.21],[-74.76,-43.93],[-74.96,-44.65],[-74.95,-45.35],[-75.0,-45.39],[-75.88,-46.05],[-75.95,-46.74],[-76.0,-47.09],[-76.62,-47.42],[-77.0,-47.69],[-77.66,-47.42],[-78.0,-47.32],[-79.0,-47.41],[-79.04,-47.42],[-80.0,-47.77],[-81.0,-48.02],[-81.11,-48.09],[-81.67,-48.76],[-82.0,-49.01],[-83.0,-49.41],[-83.05,-49.41],[-84.0,-49.49],[-85.0,-49.56],[-86.0,-49.67],[-87.0,-49.84],[-88.0,-49.98],[-88.53,-50.06],[-89.0,-50.32],[-90.0,-50.61],[-90.46,-50.7],[-91.0,-51.0],[-91.65,-51.33],[-92.0,-51.83],[-92.24,-51.95],[-92.8,-52.56],[-92.63,-53.16],[-93.0,-53.43],[-93.36,-53.76],[-93.0,-54.14],[-92.6,-53.76],[-92.0,-53.45],[-91.89,-53.76],[-91.71,-54.34],[-91.82,-54.92],[-91.97,-55.49],[-91.0,-55.95],[-90.46,-56.06],[-90.0,-56.14],[-89.0,-56.58],[-88.91,-56.61],[-88.47,-57.16],[-88.33,-57.7],[-88.0,-57.77],[-87.0,-57.76],[-86.23,-57.7],[-86.0,-57.65],[-85.0,-57.29],[-84.59,-57.16],[-84.0,-56.98],[-83.0,-56.72],[-82.56,-56.61],[-82.0,-56.17],[-81.8,-56.06],[-81.0,-55.65],[-80.8,-55.49],[-80.56,-54.92],[-80.4,-54.34],[-80.1,-53.76],[-80.24,-53.16],[-80.0,-52.72],[-79.9,-52.56],[-79.27,-51.95],[-79.0,-51.67],[-78.83,-51.33],[-78.11,-50.7],[-78.0,-50.67],[-77.64,-50.06],[-77.0,-49.7],[-76.36,-49.41],[-76.33,-48.76],[-76.0,-48.44],[-75.99,-48.76],[-75.98,-49.41],[-75.89,-50.06],[-75.84,-50.7],[-75.84,-51.33],[-75.83,-51.95],[-75.87,-52.56],[-75.0,-53.16],[-74.99,-53.16],[-74.66,-53.76],[-74.6,-54.34],[-75.0,-54.79],[-75.31,-54.92],[-76.0,-55.18],[-76.6,-55.49],[-77.0,-55.71],[-77.95,-56.06],[-78.0,-56.1],[-79.0,-56.49],[-79.33,-56.61],[-79.63,-57.16],[-79.89,-57.7],[-80.0,-58.02],[-80.33,-58.23],[-80.0,-58.26],[-79.0,-58.39],[-78.63,-58.75],[-79.0,-59.13],[-79.12,-59.26],[-80.0,-59.65],[-80.21,-59.77],[-81.0,-60.1],[-81.39,-60.27],[-82.0,-60.54],[-82.56,-60.76],[-83.0,-60.98],[-83.61,-61.25],[-84.0,-61.67],[-84.33,-61.73],[-85.0,-61.79],[-85.92,-62.2],[-86.0,-62.22],[-87.0,-62.63],[-87.07,-62.66],[-87.82,-63.11],[-88.0,-63.26],[-89.0,-63.43],[-89.27,-63.56],[-90.0,-63.88],[-90.27,-64.0],[-90.72,-64.44],[-91.0,-64.54],[-92.0,-64.69],[-93.0,-64.8],[-93.29,-64.87],[-94.0,-65.24],[-94.14,-65.29],[-95.0,-65.6],[-95.28,-65.7],[-96.0,-65.98],[-96.21,-66.11],[-96.93,-66.51],[-97.0,-66.55],[-97.36,-66.91],[-98.0,-67.16],[-98.28,-67.3],[-98.79,-67.68],[-99.0,-67.77],[-100.0,-67.91],[-101.0,-67.8],[-102.0,-67.86],[-103.0,-67.97],[-104.0,-67.96],[-105.0,-67.87],[-106.0,-67.82],[-107.0,-67.77],[-108.0,-67.8],[-108.54,-67.68],[-109.0,-67.47],[-109.23,-67.3],[-110.0,-66.94],[-110.99,-67.3],[-111.0,-67.31],[-112.0,-67.57],[-112.52,-67.68],[-113.0,-67.84],[-114.0,-68.0],[-115.0,-67.99],[-115.88,-68.06],[-116.0,-68.08],[-117.0,-68.08],[-118.0,-68.12],[-118.34,-68.06],[-119.0,-68.04],[-120.0,-67.83],[-121.0,-67.79],[-122.0,-67.96],[-123.0,-67.7],[-124.0,-67.69],[-124.1,-67.68],[-125.0,-67.47],[-126.0,-67.43],[-127.0,-67.46],[-128.0,-67.43],[-129.0,-67.43],[-130.0,-67.41],[-130.43,-67.3],[-131.0,-66.99],[-132.0,-67.28],[-132.08,-67.3],[-133.0,-67.42],[-133.52,-67.3],[-133.82,-66.91],[-133.95,-66.51],[-134.0,-66.49],[-135.0,-66.16],[-136.0,-66.22],[-136.33,-66.11],[-137.0,-65.91],[-138.0,-65.73],[-138.1,-65.7],[-139.0,-65.35],[-139.26,-65.29],[-140.0,-65.17],[-140.39,-64.87],[-140.68,-64.44],[-141.0,-64.17],[-141.34,-64.0],[-142.0,-63.75],[-142.67,-63.56],[-143.0,-63.49],[-143.96,-63.11],[-144.0,-63.09],[-144.9,-62.66],[-145.0,-62.61],[-145.93,-62.2],[-146.0,-62.16],[-146.74,-61.73],[-147.0,-61.37],[-147.15,-61.25],[-148.0,-60.92],[-149.0,-60.96],[-149.81,-61.25],[-150.0,-61.36],[-150.95,-61.73],[-151.0,-61.75],[-151.86,-62.2],[-152.0,-62.43],[-152.09,-62.66],[-152.32,-63.11],[-153.0,-63.46],[-153.16,-63.56],[-153.52,-64.0],[-154.0,-64.3],[-154.19,-64.44],[-155.0,-64.72],[-155.47,-64.87],[-156.0,-65.21],[-156.11,-65.29],[-156.66,-65.7],[-157.0,-65.87],[-157.88,-66.11],[-158.0,-66.15],[-159.0,-66.31],[-160.0,-66.37],[-161.0,-66.41],[-162.0,-66.14],[-162.16,-66.11],[-163.0,-65.96],[-164.0,-65.91],[-165.0,-65.91],[-166.0,-65.9],[-167.0,-65.85],[-168.0,-65.78],[-168.96,-65.7],[-169.0,-65.7],[-170.0,-65.66],[-171.0,-65.6],[-172.0,-65.64],[-172.61,-65.7],[-173.0,-65.73],[-174.0,-65.82],[-174.43,-65.7],[-175.0,-65.54],[-176.0,-65.49],[-177.0,-65.48],[-177.79,-65.29],[-178.0,-65.21],[-178.27,-65.29],[-179.0,-65.4],[-179.76,-65.29],[-180.0,-65.22]],[[-90.0,-47.42],[-90.0,-47.42],[-90.56,-46.74],[-90.94,-46.05],[-91.0,-45.71],[-91.11,-45.35],[-91.9,-44.65],[-92.0,-44.57],[-92.58,-43.93],[-92.51,-43.21],[-93.0,-42.71],[-93.48,-42.47],[-93.37,-41.73],[-93.69,-40.98],[-93.74,-40.22],[-93.09,-39.45],[-93.0,-39.36],[-92.47,-38.68],[-93.0,-38.3],[-94.0,-38.38],[-94.85,-37.89],[-94.0,-37.35],[-93.53,-37.1],[-93.0,-36.83],[-92.09,-37.1],[-92.0,-37.21],[-91.0,-37.47],[-90.0,-37.2],[-89.45,-37.1],[-89.0,-36.98],[-88.0,-36.89],[-87.52,-37.1],[-87.0,-37.41],[-86.26,-37.89],[-86.0,-38.11],[-85.4,-38.68],[-85.0,-38.88],[-84.22,-39.45],[-84.0,-39.58],[-83.02,-40.22],[-83.0,-40.24],[-82.05,-40.98],[-82.0,-41.03],[-81.11,-41.73],[-81.0,-41.88],[-80.54,-42.47],[-80.0,-42.81],[-79.26,-43.21],[-79.0,-43.82],[-78.96,-43.93],[-79.0,-44.27],[-79.17,-44.65],[-80.0,-44.83],[-81.0,-45.03],[-81.58,-45.35],[-82.0,-45.48],[-83.0,-45.8],[-83.47,-46.05],[-84.0,-46.27],[-85.0,-46.68],[-85.13,-46.74],[-86.0,-47.33],[-86.19,-47.42],[-87.0,-47.68],[-88.0,-47.81],[-89.0,-47.72],[-90.0,-47.42]],[[-107.0,-35.68],[-107.79,-35.49],[-108.0,-35.24],[-108.35,-34.67],[-109.0,-34.26],[-109.84,-33.84],[-110.0,-33.16],[-110.18,-33.01],[-111.0,-32.96],[-112.0,-32.92],[-112.71,-32.16],[-113.0,-31.88],[-113.96,-31.31],[-114.0,-31.29],[-114.71,-30.46],[-114.8,-29.59],[-115.0,-29.39],[-116.0,-28.9],[-116.35,-28.72],[-117.0,-27.97],[-117.15,-27.84],[-118.0,-27.17],[-118.19,-26.95],[-118.73,-26.05],[-118.0,-25.5],[-117.0,-25.49],[-116.44,-26.05],[-116.0,-26.79],[-115.0,-26.54],[-114.42,-26.95],[-114.0,-27.2],[-113.0,-27.54],[-112.0,-27.36],[-111.0,-27.22],[-110.0,-27.57],[-109.87,-27.84],[-109.85,-28.72],[-109.63,-29.59],[-109.0,-30.26],[-108.0,-29.82],[-107.0,-29.95],[-106.61,-30.46],[-106.15,-31.31],[-106.0,-31.4],[-105.88,-31.31],[-105.0,-30.72],[-104.54,-31.31],[-104.75,-32.16],[-104.32,-33.01],[-104.58,-33.84],[-105.0,-34.4],[-105.24,-34.67],[-105.75,-35.49],[-106.0,-35.65],[-107.0,-35.68]],[[-110.0,-45.47],[-110.33,-45.35],[-111.0,-44.99],[-111.89,-44.65],[-112.0,-44.51],[-112.54,-43.93],[-112.0,-43.48],[-111.68,-43.21],[-111.0,-42.86],[-110.05,-42.47],[-110.0,-42.45],[-109.0,-42.23],[-108.0,-42.2],[-107.0,-41.96],[-106.13,-41.73],[-106.0,-41.69],[-105.32,-41.73],[-105.0,-41.75],[-104.0,-41.84],[-103.0,-42.02],[-102.73,-41.73],[-103.0,-41.38],[-103.32,-40.98],[-103.0,-40.73],[-102.0,-40.55],[-101.0,-40.93],[-100.76,-40.98],[-100.0,-41.23],[-99.07,-41.73],[-99.0,-41.77],[-98.0,-42.36],[-97.9,-42.47],[-97.7,-43.21],[-98.0,-43.4],[-99.0,-43.76],[-100.0,-43.64],[-101.0,-43.89],[-101.19,-43.93],[-102.0,-44.07],[-103.0,-44.18],[-104.0,-44.39],[-104.42,-44.65],[-105.0,-44.88],[-106.0,-45.23],[-106.34,-45.35],[-107.0,-45.53],[-108.0,-45.71],[-109.0,-45.77],[-110.0,-45.47]],[[-117.0,-50.74],[-117.04,-50.7],[-117.04,-50.06],[-117.0,-49.94],[-116.72,-49.41],[-116.12,-48.76],[-116.0,-48.7],[-115.0,-48.36],[-114.6,-48.09],[-114.0,-47.95],[-113.0,-47.75],[-112.0,-47.66],[-111.0,-47.67],[-110.0,-47.58],[-109.42,-47.42],[-109.0,-47.34],[-108.0,-47.18],[-107.0,-46.94],[-106.18,-46.74],[-106.0,-46.68],[-105.0,-46.47],[-104.0,-46.48],[-103.0,-46.53],[-102.09,-46.74],[-102.7,-47.42],[-103.0,-47.71],[-103.51,-48.09],[-103.89,-48.76],[-104.0,-49.12],[-105.0,-48.99],[-106.0,-49.03],[-107.0,-49.12],[-108.0,-49.2],[-108.8,-49.41],[-109.0,-49.45],[-110.0,-49.56],[-111.0,-49.76],[-112.0,-49.94],[-112.93,-50.06],[-113.0,-50.07],[-114.0,-50.21],[-115.0,-50.63],[-115.43,-50.7],[-116.0,-50.82],[-117.0,-50.74]],[[-97.0,-62.75],[-97.38,-62.66],[-98.0,-62.49],[-99.0,-62.3],[-99.66,-62.2],[-100.0,-62.08],[-101.0,-61.97],[-102.0,-61.88],[-103.0,-61.78],[-104.0,-61.98],[-105.0,-61.77],[-105.03,-61.73],[-105.0,-61.72],[-104.0,-61.53],[-103.0,-61.59],[-102.0,-61.41],[-101.8,-61.25],[-101.0,-60.99],[-100.56,-60.76],[-100.0,-60.45],[-99.38,-60.27],[-99.0,-60.1],[-98.0,-59.8],[-97.78,-59.77],[-97.0,-59.66],[-96.0,-59.73],[-95.67,-59.77],[-95.0,-59.85],[-94.0,-59.99],[-93.35,-60.27],[-93.0,-60.35],[-92.0,-60.46],[-91.17,-60.76],[-91.79,-61.25],[-92.0,-61.36],[-92.68,-61.73],[-93.0,-61.88],[-93.71,-62.2],[-94.0,-62.33],[-95.0,-62.66],[-95.0,-62.66],[-96.0,-62.74],[-97.0,-62.75]],[[-161.0,-18.36],[-161.74,-17.71],[-162.0,-17.22],[-163.0,-16.77],[-164.0,-17.42],[-165.0,-17.52],[-166.0,-17.36],[-167.0,-17.43],[-168.0,-17.23],[-169.0,-16.9],[-169.62,-16.76],[-169.0,-15.99],[-168.94,-15.8],[-168.0,-15.47],[-167.0,-15.42],[-166.0,-15.31],[-165.0,-15.41],[-164.0,-15.52],[-163.38,-15.8],[-163.0,-16.69],[-162.0,-16.52],[-161.0,-16.12],[-160.0,-16.19],[-159.0,-16.65],[-158.58,-16.76],[-159.0,-16.9],[-159.86,-17.71],[-160.0,-17.82],[-161.0,-18.36]],[[-123.0,-66.21],[-123.63,-66.11],[-124.0,-66.01],[-125.0,-65.8],[-125.83,-65.7],[-126.0,-65.68],[-126.43,-65.7],[-127.0,-65.72],[-127.07,-65.7],[-127.49,-65.29],[-127.36,-64.87],[-127.7,-64.44],[-127.73,-64.0],[-127.33,-63.56],[-127.87,-63.11],[-127.45,-62.66],[-127.41,-62.2],[-127.0,-61.81],[-126.54,-61.73],[-126.0,-61.67],[-125.8,-61.73],[-125.0,-61.94],[-124.33,-62.2],[-124.0,-62.55],[-123.78,-62.66],[-123.54,-63.11],[-124.0,-63.34],[-124.53,-63.56],[-125.0,-63.98],[-126.0,-63.8],[-126.19,-64.0],[-126.37,-64.44],[-126.0,-64.56],[-125.0,-64.56],[-124.0,-64.56],[-123.08,-64.44],[-123.0,-64.42],[-122.0,-64.38],[-121.91,-64.44],[-121.0,-64.82],[-120.93,-64.87],[-120.84,-65.29],[-120.54,-65.7],[-121.0,-65.96],[-121.43,-66.11],[-122.0,-66.18],[-123.0,-66.21]],[[-176.0,-22.06],[-176.22,-21.48],[-176.6,-20.55],[-176.0,-20.1],[-175.81,-19.61],[-175.0,-18.84],[-174.81,-18.66],[-174.0,-18.24],[-173.48,-18.66],[-174.0,-19.5],[-174.12,-19.61],[-174.09,-20.55],[-174.18,-21.48],[-175.0,-22.38],[-176.0,-22.06]],[[-99.0,-52.57],[-99.02,-52.56],[-100.0,-52.02],[-100.09,-51.95],[-100.86,-51.33],[-101.0,-51.19],[-101.31,-50.7],[-101.54,-50.06],[-101.0,-49.84],[-100.0,-49.7],[-99.0,-49.58],[-98.0,-49.55],[-97.71,-50.06],[-97.57,-50.7],[-97.41,-51.33],[-98.0,-51.39],[-98.42,-51.95],[-98.9,-52.56],[-99.0,-52.57]],[[-113.0,-60.02],[-113.81,-59.77],[-114.0,-59.57],[-114.39,-59.26],[-114.64,-58.75],[-114.0,-58.42],[-113.0,-58.51],[-112.0,-58.63],[-111.83,-58.75],[-112.0,-58.95],[-112.43,-59.26],[-112.0,-59.43],[-111.54,-59.77],[-112.0,-60.01],[-113.0,-60.02]],[[-124.0,-7.05],[-124.18,-6.98],[-124.0,-6.7],[-123.76,-5.99],[-123.0,-5.58],[-122.0,-5.32],[-121.79,-5.99],[-122.0,-6.14],[-123.0,-6.87],[-123.49,-6.98],[-124.0,-7.05]],[[-158.0,-9.64],[-158.75,-8.96],[-158.0,-8.11],[-157.22,-8.96],[-158.0,-9.64]],[[-108.0,-6.21],[-108.24,-5.99],[-108.0,-5.81],[-107.0,-5.64],[-106.33,-5.99],[-107.0,-6.55],[-108.0,-6.21]],[[-113.0,-57.78],[-113.12,-57.7],[-113.03,-57.16],[-113.0,-57.16],[-112.99,-57.16],[-112.0,-57.44],[-111.6,-57.7],[-112.0,-58.0],[-113.0,-57.78]],[[-110.0,-15.81],[-110.01,-15.8],[-110.02,-14.83],[-110.0,-14.79],[-109.96,-14.83],[-109.0,-15.73],[-108.95,-15.8],[-109.0,-15.98],[-110.0,-15.81]],[[-107.0,-21.12],[-107.35,-20.55],[-107.0,-19.81],[-106.72,-20.55],[-107.0,-21.12]],[[-105.0,-12.32],[-105.23,-11.91],[-105.0,-11.26],[-104.54,-11.91],[-105.0,-12.32]],[[-117.0,-5.16],[-117.18,-4.99],[-117.0,-4.69],[-116.04,-4.99],[-117.0,-5.16]],[[-109.0,-27.18],[-109.49,-26.95],[-109.0,-26.53],[-108.7,-26.95],[-109.0,-27.18]],[[-170.0,-26.39],[-170.36,-26.05],[-170.0,-25.61],[-169.81,-26.05],[-170.0,-26.39]],[[-107.0,-10.0],[-107.17,-9.95],[-107.15,-8.96],[-107.0,-8.72],[-106.86,-8.96],[-106.93,-9.95],[-107.0,-10.0]],[[-96.0,-51.44],[-96.77,-51.33],[-96.0,-51.21],[-95.81,-51.33],[-96.0,-51.44]],[[-108.0,-3.18],[-108.3,-3.0],[-108.0,-2.86],[-107.63,-3.0],[-108.0,-3.18]],[[-155.0,-57.97],[-155.11,-57.7],[-155.0,-57.61],[-154.83,-57.7],[-155.0,-57.97]],[[-171.0,-17.76],[-171.07,-17.71],[-171.0,-17.46],[-170.91,-17.71],[-171.0,-17.76]],[[-109.0,-11.96],[-109.03,-11.91],[-109.0,-11.87],[-108.92,-11.91],[-109.0,-11.96]]],"type":"Polygon"},"properties":{ "hvalue":2.9,"color":"#6c99d2"} }, { "type":"Feature","geometry":{"coordinates":[[[-180.0,-65.57],[-180.0,-65.29],[-180.0,-65.22],[-179.76,-65.29],[-179.0,-65.4],[-178.27,-65.29],[-178.0,-65.21],[-177.79,-65.29],[-177.0,-65.48],[-176.0,-65.49],[-175.0,-65.54],[-174.43,-65.7],[-174.0,-65.82],[-173.0,-65.73],[-172.61,-65.7],[-172.0,-65.64],[-171.0,-65.6],[-170.0,-65.66],[-169.0,-65.7],[-168.96,-65.7],[-168.0,-65.78],[-167.0,-65.85],[-166.0,-65.9],[-165.0,-65.91],[-164.0,-65.91],[-163.0,-65.96],[-162.16,-66.11],[-162.0,-66.14],[-161.0,-66.41],[-160.0,-66.37],[-159.0,-66.31],[-158.0,-66.15],[-157.88,-66.11],[-157.0,-65.87],[-156.66,-65.7],[-156.11,-65.29],[-156.0,-65.21],[-155.47,-64.87],[-155.0,-64.72],[-154.19,-64.44],[-154.0,-64.3],[-153.52,-64.0],[-153.16,-63.56],[-153.0,-63.46],[-152.32,-63.11],[-152.09,-62.66],[-152.0,-62.43],[-151.86,-62.2],[-151.0,-61.75],[-150.95,-61.73],[-150.0,-61.36],[-149.81,-61.25],[-149.0,-60.96],[-148.0,-60.92],[-147.15,-61.25],[-147.0,-61.37],[-146.74,-61.73],[-146.0,-62.16],[-145.93,-62.2],[-145.0,-62.61],[-144.9,-62.66],[-144.0,-63.09],[-143.96,-63.11],[-143.0,-63.49],[-142.67,-63.56],[-142.0,-63.75],[-141.34,-64.0],[-141.0,-64.17],[-140.68,-64.44],[-140.39,-64.87],[-140.0,-65.17],[-139.26,-65.29],[-139.0,-65.35],[-138.1,-65.7],[-138.0,-65.73],[-137.0,-65.91],[-136.33,-66.11],[-136.0,-66.22],[-135.0,-66.16],[-134.0,-66.49],[-133.95,-66.51],[-133.82,-66.91],[-133.52,-67.3],[-133.0,-67.42],[-132.08,-67.3],[-132.0,-67.28],[-131.0,-66.99],[-130.43,-67.3],[-130.0,-67.41],[-129.0,-67.43],[-128.0,-67.43],[-127.0,-67.46],[-126.0,-67.43],[-125.0,-67.47],[-124.1,-67.68],[-124.0,-67.69],[-123.0,-67.7],[-122.0,-67.96],[-121.0,-67.79],[-120.0,-67.83],[-119.0,-68.04],[-118.34,-68.06],[-118.0,-68.12],[-117.0,-68.08],[-116.0,-68.08],[-115.88,-68.06],[-115.0,-67.99],[-114.0,-68.0],[-113.0,-67.84],[-112.52,-67.68],[-112.0,-67.57],[-111.0,-67.31],[-110.99,-67.3],[-110.0,-66.94],[-109.23,-67.3],[-109.0,-67.47],[-108.54,-67.68],[-108.0,-67.8],[-107.0,-67.77],[-106.0,-67.82],[-105.0,-67.87],[-104.0,-67.96],[-103.0,-67.97],[-102.0,-67.86],[-101.0,-67.8],[-100.0,-67.91],[-99.0,-67.77],[-98.79,-67.68],[-98.28,-67.3],[-98.0,-67.16],[-97.36,-66.91],[-97.0,-66.55],[-96.93,-66.51],[-96.21,-66.11],[-96.0,-65.98],[-95.28,-65.7],[-95.0,-65.6],[-94.14,-65.29],[-94.0,-65.24],[-93.29,-64.87],[-93.0,-64.8],[-92.0,-64.69],[-91.0,-64.54],[-90.72,-64.44],[-90.27,-64.0],[-90.0,-63.88],[-89.27,-63.56],[-89.0,-63.43],[-88.0,-63.26],[-87.82,-63.11],[-87.07,-62.66],[-87.0,-62.63],[-86.0,-62.22],[-85.92,-62.2],[-85.0,-61.79],[-84.33,-61.73],[-84.0,-61.67],[-83.61,-61.25],[-83.0,-60.98],[-82.56,-60.76],[-82.0,-60.54],[-81.39,-60.27],[-81.0,-60.1],[-80.21,-59.77],[-80.0,-59.65],[-79.12,-59.26],[-79.0,-59.13],[-78.63,-58.75],[-79.0,-58.39],[-80.0,-58.26],[-80.33,-58.23],[-80.0,-58.02],[-79.89,-57.7],[-79.63,-57.16],[-79.33,-56.61],[-79.0,-56.49],[-78.0,-56.1],[-77.95,-56.06],[-77.0,-55.71],[-76.6,-55.49],[-76.0,-55.18],[-75.31,-54.92],[-75.0,-54.79],[-74.6,-54.34],[-74.66,-53.76],[-74.99,-53.16],[-75.0,-53.16],[-75.87,-52.56],[-75.83,-51.95],[-75.84,-51.33],[-75.84,-50.7],[-75.89,-50.06],[-75.98,-49.41],[-75.99,-48.76],[-76.0,-48.44],[-76.33,-48.76],[-76.36,-49.41],[-77.0,-49.7],[-77.64,-50.06],[-78.0,-50.67],[-78.11,-50.7],[-78.83,-51.33],[-79.0,-51.67],[-79.27,-51.95],[-79.9,-52.56],[-80.0,-52.72],[-80.24,-53.16],[-80.1,-53.76],[-80.4,-54.34],[-80.56,-54.92],[-80.8,-55.49],[-81.0,-55.65],[-81.8,-56.06],[-82.0,-56.17],[-82.56,-56.61],[-83.0,-56.72],[-84.0,-56.98],[-84.59,-57.16],[-85.0,-57.29],[-86.0,-57.65],[-86.23,-57.7],[-87.0,-57.76],[-88.0,-57.77],[-88.33,-57.7],[-88.47,-57.16],[-88.91,-56.61],[-89.0,-56.58],[-90.0,-56.14],[-90.46,-56.06],[-91.0,-55.95],[-91.97,-55.49],[-91.82,-54.92],[-91.71,-54.34],[-91.89,-53.76],[-92.0,-53.45],[-92.6,-53.76],[-93.0,-54.14],[-93.36,-53.76],[-93.0,-53.43],[-92.63,-53.16],[-92.8,-52.56],[-92.24,-51.95],[-92.0,-51.83],[-91.65,-51.33],[-91.0,-51.0],[-90.46,-50.7],[-90.0,-50.61],[-89.0,-50.32],[-88.53,-50.06],[-88.0,-49.98],[-87.0,-49.84],[-86.0,-49.67],[-85.0,-49.56],[-84.0,-49.49],[-83.05,-49.41],[-83.0,-49.41],[-82.0,-49.01],[-81.67,-48.76],[-81.11,-48.09],[-81.0,-48.02],[-80.0,-47.77],[-79.04,-47.42],[-79.0,-47.41],[-78.0,-47.32],[-77.66,-47.42],[-77.0,-47.69],[-76.62,-47.42],[-76.0,-47.09],[-75.95,-46.74],[-75.88,-46.05],[-75.0,-45.39],[-74.95,-45.35],[-74.96,-44.65],[-74.76,-43.93],[-74.92,-43.21],[-75.0,-42.75],[-75.59,-42.47],[-76.0,-42.12],[-76.44,-41.73],[-77.0,-41.47],[-78.0,-41.07],[-78.16,-40.98],[-79.0,-40.5],[-79.78,-40.22],[-80.0,-40.13],[-81.0,-39.64],[-81.42,-39.45],[-82.0,-38.97],[-82.26,-38.68],[-83.0,-38.17],[-83.39,-37.89],[-84.0,-37.28],[-84.16,-37.1],[-85.0,-36.48],[-85.26,-36.3],[-86.0,-35.54],[-86.06,-35.49],[-86.72,-34.67],[-87.0,-34.41],[-87.51,-33.84],[-88.0,-33.08],[-88.08,-33.01],[-88.69,-32.16],[-88.99,-31.31],[-89.0,-31.29],[-89.2,-30.46],[-90.0,-29.72],[-90.1,-29.59],[-91.0,-28.97],[-91.24,-28.72],[-92.0,-28.25],[-93.0,-27.88],[-93.07,-27.84],[-94.0,-27.11],[-94.18,-26.95],[-95.0,-26.17],[-95.73,-26.05],[-96.0,-25.92],[-97.0,-25.22],[-97.16,-25.15],[-98.0,-24.6],[-99.0,-24.3],[-99.52,-24.24],[-100.0,-24.09],[-101.0,-23.37],[-101.28,-23.33],[-102.0,-23.04],[-103.0,-22.6],[-104.0,-22.48],[-105.0,-22.5],[-105.49,-22.41],[-106.0,-21.57],[-106.17,-21.48],[-106.0,-21.44],[-105.0,-21.15],[-104.0,-21.12],[-103.0,-21.48],[-102.99,-21.48],[-102.0,-21.86],[-101.0,-22.21],[-100.0,-21.79],[-99.0,-22.23],[-98.82,-22.41],[-98.0,-23.2],[-97.84,-23.33],[-97.0,-24.07],[-96.45,-24.24],[-96.0,-24.39],[-95.0,-24.89],[-94.62,-25.15],[-94.0,-25.55],[-93.13,-25.15],[-93.61,-24.24],[-94.0,-23.87],[-94.78,-23.33],[-95.0,-22.89],[-95.24,-22.41],[-96.0,-21.74],[-97.0,-21.5],[-97.02,-21.48],[-97.16,-20.55],[-97.19,-19.61],[-97.0,-18.83],[-96.95,-18.66],[-96.21,-17.71],[-96.43,-16.76],[-96.0,-16.18],[-95.85,-15.8],[-95.0,-15.01],[-94.79,-14.83],[-95.0,-14.55],[-96.0,-14.32],[-96.93,-13.86],[-96.18,-12.89],[-97.0,-12.28],[-98.0,-12.16],[-98.56,-11.91],[-99.0,-10.96],[-99.02,-10.93],[-100.0,-10.34],[-101.0,-10.18],[-102.0,-10.33],[-103.0,-10.01],[-104.0,-10.33],[-104.58,-9.95],[-104.42,-8.96],[-104.82,-7.97],[-104.39,-6.98],[-104.0,-6.12],[-103.9,-5.99],[-103.23,-4.99],[-103.61,-4.0],[-103.26,-3.0],[-103.5,-2.0],[-103.51,-1.0],[-103.0,-0.25],[-102.49,0.0],[-102.0,0.19],[-101.09,1.0],[-101.0,1.07],[-100.57,2.0],[-100.32,3.0],[-101.0,3.01],[-101.15,3.0],[-102.0,2.85],[-102.74,2.0],[-103.0,1.61],[-104.0,1.69],[-104.49,1.0],[-105.0,0.25],[-106.0,0.34],[-107.0,0.63],[-107.16,1.0],[-107.83,2.0],[-107.64,3.0],[-107.0,3.87],[-106.9,4.0],[-106.95,4.99],[-106.39,5.99],[-106.95,6.98],[-107.0,7.01],[-107.04,6.98],[-107.58,5.99],[-108.0,5.44],[-108.56,4.99],[-109.0,4.7],[-109.94,4.0],[-110.0,3.96],[-111.0,3.58],[-112.0,3.18],[-113.0,3.67],[-113.11,3.0],[-113.62,2.0],[-114.0,1.93],[-115.0,1.69],[-115.63,2.0],[-116.0,2.4],[-117.0,2.49],[-118.0,2.23],[-118.15,2.0],[-118.0,1.5],[-117.77,1.0],[-118.0,0.77],[-119.0,0.46],[-120.0,0.44],[-120.8,0.0],[-121.0,-0.27],[-121.5,-1.0],[-121.0,-1.82],[-120.72,-2.0],[-120.0,-2.33],[-119.25,-3.0],[-119.87,-4.0],[-119.71,-4.99],[-120.0,-5.14],[-120.62,-4.99],[-120.16,-4.0],[-121.0,-3.31],[-122.0,-3.1],[-122.35,-3.0],[-122.98,-2.0],[-123.0,-1.99],[-124.0,-1.62],[-124.88,-1.0],[-125.0,-0.95],[-125.92,-1.0],[-126.0,-1.01],[-127.0,-1.76],[-127.19,-2.0],[-127.0,-2.25],[-126.0,-2.58],[-125.0,-2.47],[-124.0,-2.35],[-123.18,-3.0],[-124.0,-3.23],[-125.0,-3.41],[-126.0,-3.97],[-126.01,-4.0],[-126.39,-4.99],[-127.0,-5.64],[-127.29,-5.99],[-127.91,-6.98],[-128.0,-7.15],[-128.72,-7.97],[-129.0,-8.32],[-129.44,-8.96],[-130.0,-9.85],[-130.05,-9.95],[-130.0,-10.14],[-129.0,-10.43],[-128.0,-10.29],[-127.1,-10.93],[-127.22,-11.91],[-127.0,-12.23],[-126.0,-12.26],[-125.0,-12.61],[-124.82,-12.89],[-124.0,-13.5],[-123.74,-13.86],[-123.0,-14.57],[-122.0,-14.39],[-121.0,-14.5],[-120.0,-14.43],[-119.1,-13.86],[-119.0,-13.8],[-118.88,-13.86],[-118.0,-14.17],[-117.0,-14.39],[-116.0,-14.44],[-115.27,-14.83],[-115.0,-14.97],[-114.54,-14.83],[-114.0,-14.53],[-113.72,-14.83],[-113.0,-15.29],[-112.08,-15.8],[-112.0,-15.87],[-111.12,-16.76],[-111.59,-17.71],[-111.09,-18.66],[-111.0,-18.82],[-110.76,-18.66],[-110.0,-18.34],[-109.0,-18.45],[-108.24,-18.66],[-109.0,-19.51],[-109.03,-19.61],[-110.0,-20.55],[-110.0,-20.55],[-110.01,-20.55],[-111.0,-20.15],[-112.0,-20.2],[-113.0,-20.28],[-114.0,-19.9],[-115.0,-19.84],[-115.54,-19.61],[-116.0,-19.4],[-117.0,-19.29],[-118.0,-19.28],[-119.0,-19.49],[-120.0,-19.28],[-121.0,-19.35],[-122.0,-19.21],[-123.0,-19.04],[-124.0,-18.71],[-125.0,-19.14],[-126.0,-19.05],[-126.81,-18.66],[-127.0,-18.5],[-128.0,-18.64],[-128.04,-18.66],[-129.0,-19.01],[-130.0,-19.35],[-131.0,-18.78],[-132.0,-18.95],[-133.0,-19.27],[-133.53,-19.61],[-134.0,-19.76],[-134.8,-20.55],[-135.0,-20.76],[-136.0,-20.71],[-136.1,-20.55],[-136.0,-20.23],[-135.4,-19.61],[-136.0,-19.02],[-137.0,-18.92],[-138.0,-18.75],[-138.37,-18.66],[-139.0,-18.26],[-140.0,-18.37],[-141.0,-18.26],[-142.0,-18.25],[-142.63,-17.71],[-143.0,-17.39],[-144.0,-17.21],[-145.0,-17.1],[-145.39,-16.76],[-146.0,-16.38],[-146.83,-15.8],[-147.0,-15.6],[-147.38,-15.8],[-148.0,-16.27],[-148.34,-16.76],[-149.0,-17.67],[-149.53,-16.76],[-149.33,-15.8],[-149.0,-15.18],[-148.94,-14.83],[-149.0,-14.06],[-149.56,-14.83],[-150.0,-15.0],[-150.41,-15.8],[-151.0,-16.12],[-151.47,-15.8],[-151.02,-14.83],[-151.0,-14.78],[-150.0,-13.86],[-150.0,-13.85],[-149.1,-12.89],[-149.0,-12.62],[-148.85,-11.91],[-148.58,-10.93],[-148.66,-9.95],[-149.0,-9.33],[-149.07,-8.96],[-149.0,-8.7],[-148.54,-7.97],[-148.73,-6.98],[-148.99,-5.99],[-149.0,-5.97],[-149.45,-4.99],[-149.06,-4.0],[-149.0,-3.95],[-148.9,-4.0],[-148.0,-4.17],[-147.4,-4.0],[-147.0,-3.71],[-146.77,-4.0],[-146.0,-4.22],[-145.27,-4.0],[-145.0,-3.57],[-144.58,-3.0],[-144.0,-2.51],[-143.5,-2.0],[-144.0,-1.63],[-145.0,-1.45],[-146.0,-1.19],[-146.62,-2.0],[-147.0,-2.55],[-148.0,-2.63],[-149.0,-2.7],[-150.0,-2.51],[-151.0,-2.99],[-151.03,-3.0],[-152.0,-3.92],[-152.1,-4.0],[-153.0,-4.28],[-154.0,-4.85],[-154.06,-4.99],[-154.0,-5.15],[-153.64,-5.99],[-154.0,-6.34],[-155.0,-6.06],[-156.0,-6.49],[-157.0,-6.01],[-157.01,-5.99],[-158.0,-5.34],[-158.64,-5.99],[-158.94,-6.98],[-159.0,-7.08],[-160.0,-7.62],[-161.0,-7.32],[-162.0,-7.41],[-163.0,-7.35],[-164.0,-7.52],[-164.37,-7.97],[-165.0,-8.55],[-165.66,-8.96],[-166.0,-9.29],[-167.0,-9.24],[-167.63,-9.95],[-168.0,-10.3],[-169.0,-10.9],[-169.03,-10.93],[-169.65,-11.91],[-170.0,-12.22],[-170.52,-12.89],[-171.0,-13.18],[-171.39,-13.86],[-172.0,-14.14],[-172.44,-13.86],[-173.0,-13.14],[-174.0,-12.91],[-175.0,-13.01],[-176.0,-13.27],[-177.0,-13.02],[-178.0,-12.96],[-179.0,-13.04],[-180.0,-13.24],[-180.0,-12.89],[-180.0,-11.91],[-180.0,-10.93],[-180.0,-9.95],[-180.0,-8.96],[-180.0,-7.97],[-180.0,-6.98],[-180.0,-5.99],[-180.0,-4.99],[-180.0,-4.0],[-180.0,-3.0],[-180.0,-2.0],[-180.0,-1.0],[-180.0,0.0],[-180.0,1.0],[-180.0,2.0],[-180.0,3.0],[-180.0,4.0],[-180.0,4.99],[-180.0,5.99],[-180.0,6.98],[-180.0,7.97],[-180.0,8.96],[-180.0,9.95],[-180.0,10.93],[-180.0,11.91],[-180.0,12.89],[-180.0,13.86],[-180.0,14.83],[-180.0,15.8],[-180.0,16.76],[-180.0,17.71],[-180.0,18.66],[-180.0,19.61],[-180.0,20.55],[-180.0,21.48],[-180.0,22.41],[-180.0,23.33],[-180.0,24.24],[-180.0,25.15],[-180.0,26.05],[-180.0,26.26],[-179.0,26.77],[-178.73,26.95],[-178.0,27.56],[-177.65,27.84],[-177.0,28.07],[-176.0,28.5],[-175.4,28.72],[-175.0,28.89],[-174.1,29.59],[-174.0,29.66],[-173.0,30.35],[-172.88,30.46],[-172.0,31.19],[-171.8,31.31],[-171.0,32.06],[-170.27,31.31],[-170.0,30.71],[-169.77,30.46],[-169.0,29.83],[-168.0,30.23],[-167.55,30.46],[-167.0,30.81],[-166.45,31.31],[-166.0,31.84],[-165.74,32.16],[-165.0,32.64],[-164.63,33.01],[-164.19,33.84],[-164.0,34.07],[-163.62,34.67],[-163.45,35.49],[-163.19,36.3],[-163.0,36.5],[-162.36,37.1],[-162.0,37.54],[-161.74,37.89],[-161.61,38.68],[-161.64,39.45],[-161.23,40.22],[-161.0,40.46],[-160.67,40.98],[-160.63,41.73],[-160.53,42.47],[-160.56,43.21],[-160.66,43.93],[-161.0,44.46],[-161.1,44.65],[-161.0,45.25],[-160.95,45.35],[-160.29,46.05],[-160.0,46.43],[-159.0,46.37],[-158.0,46.42],[-157.85,46.74],[-157.56,47.42],[-157.01,48.09],[-157.0,48.2],[-156.96,48.76],[-156.85,49.41],[-156.24,50.06],[-156.0,50.32],[-155.8,50.7],[-155.46,51.33],[-155.05,51.95],[-155.0,52.0],[-154.62,52.56],[-154.22,53.16],[-154.0,53.34],[-153.47,53.76],[-153.03,54.34],[-153.0,54.38],[-152.59,54.92],[-152.0,55.37],[-151.86,55.49],[-151.08,56.06],[-151.0,56.13],[-150.58,56.61],[-151.0,56.99],[-152.0,57.01],[-153.0,56.88],[-153.49,56.61],[-154.0,56.44],[-155.0,56.35],[-156.0,56.6],[-157.0,56.17],[-157.32,56.06],[-158.0,55.66],[-158.19,55.49],[-159.0,54.97],[-159.08,54.92],[-160.0,54.49],[-161.0,54.85],[-161.57,54.34],[-161.91,53.76],[-161.45,53.16],[-161.58,52.56],[-162.0,52.18],[-162.21,51.95],[-162.73,51.33],[-163.0,50.79],[-163.06,50.7],[-163.35,50.06],[-163.88,49.41],[-164.0,49.31],[-164.55,48.76],[-165.0,48.38],[-165.46,48.09],[-166.0,47.8],[-166.44,47.42],[-167.0,47.03],[-167.49,46.74],[-168.0,46.54],[-168.93,46.05],[-169.0,46.02],[-170.0,45.54],[-170.73,45.35],[-171.0,45.26],[-171.78,44.65],[-172.0,44.53],[-173.0,44.1],[-173.35,43.93],[-174.0,43.55],[-174.53,43.21],[-175.0,42.84],[-175.38,42.47],[-176.0,42.02],[-176.41,41.73],[-177.0,41.32],[-177.44,40.98],[-177.8,40.22],[-178.0,40.04],[-179.0,39.63],[-179.31,39.45],[-180.0,39.19],[-180.0,39.45],[-180.0,40.22],[-180.0,40.98],[-180.0,41.73],[-180.0,42.47],[-180.0,43.21],[-180.0,43.93],[-180.0,44.65],[-180.0,45.35],[-180.0,46.05],[-180.0,46.74],[-180.0,47.42],[-180.0,48.09],[-180.0,48.76],[-180.0,49.41],[-180.0,50.06],[-180.0,50.7],[-180.0,51.33],[-180.0,51.95],[-180.0,52.56],[-180.0,53.16],[-180.0,53.17],[-179.96,53.16],[-179.0,53.03],[-178.0,52.95],[-177.0,52.83],[-176.12,52.56],[-176.0,52.55],[-175.0,52.53],[-174.0,52.5],[-173.0,52.37],[-172.18,51.95],[-172.0,51.68],[-171.0,51.45],[-170.0,51.79],[-169.84,51.95],[-170.0,52.05],[-170.97,52.56],[-170.61,53.16],[-170.0,53.52],[-169.53,53.76],[-169.0,54.15],[-168.7,54.34],[-168.0,54.84],[-167.87,54.92],[-167.0,55.44],[-166.91,55.49],[-166.17,56.06],[-166.0,56.11],[-165.0,56.59],[-164.97,56.61],[-164.0,57.06],[-163.83,57.16],[-163.07,57.7],[-163.0,57.75],[-162.45,58.23],[-162.66,58.75],[-162.59,59.26],[-162.98,59.77],[-163.0,59.77],[-163.02,59.77],[-164.0,59.51],[-164.5,59.77],[-164.91,60.27],[-165.0,60.34],[-165.68,60.76],[-166.0,60.95],[-166.53,61.25],[-166.55,61.73],[-166.0,62.19],[-165.98,62.2],[-165.53,62.66],[-165.06,63.11],[-165.0,63.15],[-164.0,63.49],[-163.43,63.56],[-163.0,63.63],[-162.0,63.93],[-161.78,64.0],[-161.88,64.44],[-162.0,64.49],[-162.35,64.44],[-163.0,64.26],[-163.46,64.44],[-164.0,64.54],[-165.0,64.57],[-166.0,64.48],[-167.0,64.52],[-167.28,64.44],[-168.0,64.03],[-168.04,64.0],[-168.31,63.56],[-169.0,63.3],[-170.0,63.22],[-171.0,63.17],[-172.0,63.27],[-172.95,63.11],[-172.61,62.66],[-172.57,62.2],[-172.75,61.73],[-173.0,61.54],[-174.0,61.37],[-174.46,61.25],[-175.0,61.14],[-176.0,60.9],[-176.58,60.76],[-177.0,60.66],[-178.0,60.3],[-178.07,60.27],[-178.88,59.77],[-179.0,59.71],[-179.81,59.26],[-179.88,58.75],[-179.8,58.23],[-179.93,57.7],[-180.0,57.65],[-180.0,57.7],[-180.0,58.23],[-180.0,58.75],[-180.0,59.26],[-180.0,59.77],[-180.0,60.27],[-180.0,60.76],[-180.0,61.25],[-180.0,61.73],[-180.0,62.2],[-180.0,62.66],[-180.0,63.11],[-180.0,63.56],[-180.0,64.0],[-180.0,64.44],[-180.0,64.82],[-179.95,64.87],[-179.11,65.29],[-179.0,65.47],[-178.0,65.32],[-177.0,65.34],[-176.91,65.29],[-176.0,65.02],[-175.83,64.87],[-175.0,64.54],[-174.0,64.48],[-173.0,64.51],[-172.0,64.51],[-171.52,64.44],[-171.0,64.03],[-170.0,64.13],[-169.64,64.44],[-169.5,64.87],[-169.0,65.19],[-168.0,65.28],[-167.0,65.04],[-166.79,64.87],[-166.0,64.63],[-165.0,64.68],[-164.0,64.66],[-163.0,64.51],[-162.0,64.63],[-161.55,64.44],[-161.0,64.03],[-160.92,64.0],[-161.0,63.69],[-162.0,63.62],[-162.2,63.56],[-163.0,63.18],[-164.0,63.2],[-164.27,63.11],[-164.97,62.66],[-165.0,62.64],[-165.62,62.2],[-166.0,61.84],[-166.13,61.73],[-166.11,61.25],[-166.0,61.19],[-165.27,60.76],[-165.0,60.59],[-164.57,60.27],[-164.0,59.8],[-163.0,59.96],[-162.0,59.78],[-161.98,59.77],[-161.86,59.26],[-161.98,58.75],[-161.0,58.36],[-160.0,58.39],[-159.37,58.23],[-159.97,57.7],[-160.0,57.65],[-160.26,57.16],[-160.73,56.61],[-161.0,56.54],[-161.82,56.06],[-162.0,56.0],[-162.93,55.49],[-163.0,55.4],[-164.0,55.12],[-164.32,54.92],[-164.0,54.79],[-163.0,54.62],[-162.28,54.92],[-162.0,55.0],[-161.18,55.49],[-161.0,55.66],[-160.64,55.49],[-160.0,55.13],[-159.39,55.49],[-159.0,55.6],[-158.28,56.06],[-158.0,56.22],[-157.2,56.61],[-157.0,56.72],[-156.27,57.16],[-156.0,57.3],[-155.22,57.7],[-155.0,58.02],[-154.67,57.7],[-154.58,57.16],[-154.0,56.81],[-153.37,57.16],[-153.0,57.33],[-152.19,57.7],[-152.05,58.23],[-152.0,58.47],[-151.82,58.75],[-151.0,58.86],[-150.0,59.12],[-149.0,58.87],[-148.0,58.77],[-147.94,58.75],[-147.63,58.23],[-147.6,57.7],[-148.0,57.39],[-148.23,57.16],[-148.08,56.61],[-148.08,56.06],[-148.53,55.49],[-149.0,54.93],[-149.01,54.92],[-149.48,54.34],[-150.0,54.0],[-150.32,53.76],[-151.0,53.2],[-151.04,53.16],[-151.69,52.56],[-152.0,52.3],[-152.25,51.95],[-152.67,51.33],[-152.99,50.7],[-153.0,50.64],[-153.09,50.06],[-153.25,49.41],[-153.5,48.76],[-153.71,48.09],[-153.84,47.42],[-154.0,47.02],[-154.12,46.74],[-154.24,46.05],[-154.26,45.35],[-154.0,44.95],[-153.72,44.65],[-153.43,43.93],[-153.0,43.5],[-152.74,43.21],[-152.05,42.47],[-152.0,42.2],[-151.89,41.73],[-151.0,41.21],[-150.51,41.73],[-150.86,42.47],[-151.0,42.77],[-151.21,43.21],[-151.04,43.93],[-151.0,43.97],[-150.0,44.04],[-149.82,43.93],[-149.26,43.21],[-149.0,43.06],[-148.0,43.05],[-147.0,42.71],[-146.0,42.48],[-145.91,42.47],[-145.0,42.27],[-144.78,42.47],[-144.0,42.79],[-143.0,42.54],[-142.4,43.21],[-142.0,43.47],[-141.0,43.87],[-140.89,43.93],[-140.17,44.65],[-140.0,44.93],[-139.82,45.35],[-139.79,46.05],[-139.96,46.74],[-139.71,47.42],[-139.44,48.09],[-139.56,48.76],[-139.65,49.41],[-139.77,50.06],[-139.83,50.7],[-139.8,51.33],[-139.78,51.95],[-139.63,52.56],[-139.51,53.16],[-139.33,53.76],[-139.0,54.21],[-138.86,54.34],[-138.2,54.92],[-138.0,55.27],[-137.0,54.93],[-136.98,54.92],[-136.23,54.34],[-136.0,54.26],[-135.0,53.82],[-134.72,53.76],[-134.0,53.6],[-133.35,53.16],[-133.0,53.01],[-132.25,52.56],[-132.0,52.44],[-131.04,51.95],[-131.0,51.94],[-130.96,51.95],[-130.0,52.32],[-129.0,52.0],[-128.89,51.95],[-128.0,51.41],[-127.9,51.33],[-128.0,51.27],[-128.58,50.7],[-128.0,50.23],[-127.74,50.06],[-127.0,49.59],[-126.73,49.41],[-126.0,48.93],[-125.73,48.76],[-125.0,48.27],[-124.65,48.09],[-124.65,47.42],[-124.46,46.74],[-124.0,46.16],[-123.91,46.05],[-124.0,45.52],[-124.06,45.35],[-124.74,44.65],[-124.79,43.93],[-124.84,43.21],[-124.86,42.47],[-124.68,41.73],[-124.61,40.98],[-124.53,40.22],[-124.0,39.63],[-123.77,39.45],[-123.68,38.68],[-123.0,38.02],[-122.84,37.89],[-122.71,37.1],[-122.0,36.47],[-121.79,36.3],[-121.0,35.53],[-120.95,35.49],[-120.67,34.67],[-120.19,33.84],[-120.0,33.62],[-119.17,33.01],[-119.0,32.73],[-118.35,32.16],[-118.0,31.88],[-117.0,31.4],[-116.97,31.31],[-116.48,30.46],[-116.0,30.1],[-115.9,29.59],[-115.0,28.73],[-114.99,28.72],[-115.0,28.69],[-115.56,27.84],[-115.0,27.4],[-114.0,27.1],[-113.86,26.95],[-113.0,26.21],[-112.82,26.05],[-112.75,25.15],[-112.0,24.38],[-111.33,24.24],[-111.0,23.93],[-110.86,23.33],[-110.0,22.54],[-109.0,22.77],[-108.0,22.58],[-107.72,22.41],[-107.0,21.83],[-106.68,21.48],[-106.0,20.9],[-105.95,20.55],[-105.9,19.61],[-105.0,18.75],[-104.0,18.72],[-103.93,18.66],[-103.0,17.82],[-102.0,17.78],[-101.93,17.71],[-101.0,16.92],[-100.0,16.9],[-99.86,16.76],[-99.0,15.99],[-98.0,15.99],[-97.8,15.8],[-97.0,15.03],[-96.0,15.71],[-95.91,15.8],[-95.0,16.14],[-94.02,15.8],[-94.0,15.75],[-93.0,14.85],[-92.98,14.83],[-92.0,13.96],[-91.0,13.9],[-90.96,13.86],[-90.0,12.94],[-89.0,12.91],[-88.7,12.89],[-88.0,12.53],[-87.08,11.91],[-87.0,11.89],[-86.0,11.02],[-85.91,10.93],[-85.89,9.95],[-85.0,8.99],[-84.75,8.96],[-84.0,8.28],[-83.62,7.97],[-84.0,7.31],[-84.2,6.98],[-84.0,6.06],[-83.96,5.99],[-83.0,4.99],[-83.0,4.99],[-82.99,4.99],[-82.0,5.26],[-81.0,5.0],[-80.95,4.99],[-80.0,4.74],[-79.7,4.0],[-79.67,3.0],[-79.8,2.0],[-80.0,1.78],[-80.6,1.0],[-80.86,0.0],[-80.94,-1.0],[-81.0,-1.46],[-81.27,-2.0],[-81.0,-2.46],[-80.87,-3.0],[-81.0,-3.18],[-81.67,-4.0],[-81.8,-4.99],[-81.74,-5.99],[-81.0,-6.66],[-80.0,-6.87],[-79.88,-6.98],[-79.77,-7.97],[-79.0,-8.81],[-78.85,-8.96],[-78.79,-9.95],[-78.0,-10.75],[-77.82,-10.93],[-77.79,-11.91],[-77.0,-12.69],[-76.79,-12.89],[-76.81,-13.86],[-76.0,-14.68],[-75.85,-14.83],[-75.0,-15.7],[-74.89,-15.8],[-74.0,-16.65],[-73.0,-16.68],[-72.91,-16.76],[-72.0,-17.64],[-71.93,-17.71],[-71.0,-18.62],[-70.95,-18.66],[-70.94,-19.61],[-70.92,-20.55],[-70.95,-21.48],[-70.97,-22.41],[-70.92,-23.33],[-70.92,-24.24],[-70.9,-25.15],[-70.92,-26.05],[-71.0,-26.88],[-71.04,-26.95],[-71.85,-27.84],[-71.83,-28.72],[-71.82,-29.59],[-71.82,-30.46],[-71.82,-31.31],[-71.76,-32.16],[-71.73,-33.01],[-71.81,-33.84],[-72.0,-33.99],[-72.6,-34.67],[-72.62,-35.49],[-72.83,-36.3],[-73.0,-36.43],[-73.84,-37.1],[-74.0,-37.68],[-74.88,-37.1],[-75.0,-36.99],[-75.95,-36.3],[-76.0,-36.26],[-77.0,-35.65],[-77.09,-35.49],[-78.0,-34.81],[-78.66,-35.49],[-78.0,-35.76],[-77.17,-36.3],[-77.32,-37.1],[-77.0,-37.37],[-76.39,-37.89],[-76.0,-38.31],[-75.67,-38.68],[-75.41,-39.45],[-75.0,-39.77],[-74.57,-40.22],[-74.21,-40.98],[-74.0,-41.2],[-73.87,-41.73],[-74.0,-41.81],[-74.66,-42.47],[-74.58,-43.21],[-74.22,-43.93],[-74.6,-44.65],[-74.59,-45.35],[-75.0,-45.64],[-75.55,-46.05],[-75.51,-46.74],[-75.0,-47.19],[-74.74,-47.42],[-75.0,-47.59],[-75.64,-48.09],[-75.62,-48.76],[-75.61,-49.41],[-75.56,-50.06],[-75.53,-50.7],[-75.52,-51.33],[-75.52,-51.95],[-75.54,-52.56],[-75.0,-52.93],[-74.48,-53.16],[-74.0,-53.53],[-73.71,-53.76],[-73.3,-54.34],[-73.0,-54.53],[-72.0,-54.82],[-71.82,-54.92],[-71.0,-55.4],[-70.85,-55.49],[-70.0,-55.93],[-69.0,-55.94],[-68.0,-55.98],[-67.0,-56.05],[-66.01,-55.49],[-66.0,-55.43],[-65.68,-54.92],[-65.0,-54.75],[-64.0,-54.9],[-63.64,-54.34],[-63.66,-53.76],[-63.78,-53.16],[-64.0,-52.82],[-64.31,-52.56],[-65.0,-52.26],[-65.76,-51.95],[-66.0,-51.87],[-67.0,-51.51],[-67.3,-51.33],[-67.42,-50.7],[-67.19,-50.06],[-67.0,-49.69],[-66.87,-49.41],[-66.52,-48.76],[-66.0,-48.1],[-65.99,-48.09],[-65.36,-47.42],[-66.0,-46.85],[-66.52,-46.74],[-66.59,-46.05],[-66.0,-45.5],[-65.89,-45.35],[-65.35,-44.65],[-65.28,-43.93],[-65.0,-43.72],[-64.32,-43.21],[-64.0,-42.97],[-63.24,-42.47],[-64.0,-41.85],[-64.6,-41.73],[-64.0,-41.61],[-63.0,-41.56],[-62.06,-40.98],[-62.0,-40.87],[-61.07,-40.22],[-61.0,-40.15],[-60.0,-39.94],[-59.0,-39.47],[-58.98,-39.45],[-58.16,-38.68],[-58.0,-38.66],[-57.01,-37.89],[-57.0,-37.88],[-56.09,-37.1],[-56.0,-36.84],[-55.29,-36.3],[-55.0,-36.04],[-54.35,-35.49],[-54.02,-34.67],[-54.0,-34.65],[-53.04,-33.84],[-53.0,-33.81],[-52.13,-33.01],[-52.0,-32.61],[-51.73,-32.16],[-51.0,-31.9],[-50.41,-31.31],[-50.23,-30.46],[-50.02,-29.59],[-50.0,-29.57],[-49.2,-28.72],[-49.0,-28.54],[-48.42,-27.84],[-48.45,-26.95],[-48.41,-26.05],[-48.15,-25.15],[-48.0,-25.02],[-47.0,-24.88],[-46.25,-24.24],[-46.0,-24.01],[-45.0,-23.93],[-44.29,-23.33],[-44.0,-23.06],[-43.0,-23.0],[-42.0,-22.95],[-41.36,-22.41],[-41.0,-22.08],[-40.36,-21.48],[-40.29,-20.55],[-40.0,-20.28],[-39.2,-19.61],[-39.09,-18.66],[-39.0,-18.44],[-38.26,-17.71],[-38.32,-16.76],[-38.05,-15.8],[-38.31,-14.83],[-38.07,-13.86],[-38.02,-12.89],[-38.0,-12.87],[-37.26,-11.91],[-37.0,-10.96],[-36.97,-10.93],[-36.0,-10.63],[-35.26,-9.95],[-35.16,-8.96],[-35.0,-8.8],[-34.27,-7.97],[-34.24,-6.98],[-35.0,-6.08],[-35.09,-5.99],[-35.34,-4.99],[-36.0,-4.38],[-37.0,-4.54],[-38.0,-4.05],[-38.05,-4.0],[-39.0,-3.28],[-39.28,-3.0],[-40.0,-2.25],[-41.0,-2.29],[-42.0,-2.31],[-43.0,-2.33],[-44.0,-2.25],[-44.25,-2.0],[-45.0,-1.09],[-45.2,-1.0],[-46.0,-0.11],[-46.46,0.0],[-46.0,0.38],[-45.26,1.0],[-45.41,2.0],[-45.21,3.0],[-45.83,4.0],[-46.0,4.19],[-46.62,4.99],[-47.0,5.16],[-48.0,5.2],[-49.0,5.58],[-49.46,5.99],[-50.0,6.48],[-50.63,6.98],[-51.0,7.24],[-52.0,7.8],[-53.0,7.82],[-53.37,7.97],[-54.0,8.69],[-54.37,8.96],[-55.0,9.31],[-56.0,9.25],[-56.37,8.96],[-57.0,8.59],[-58.0,8.93],[-58.03,8.96],[-58.72,9.95],[-59.0,10.28],[-60.0,10.81],[-60.09,10.93],[-61.0,11.73],[-61.09,11.91],[-61.31,12.89],[-61.0,13.0],[-60.26,13.86],[-61.0,14.54],[-62.0,14.83],[-63.0,14.38],[-64.0,14.38],[-65.0,14.43],[-66.0,14.53],[-66.75,14.83],[-67.0,14.94],[-68.0,14.98],[-68.37,14.83],[-68.96,13.86],[-68.34,12.89],[-69.0,12.61],[-70.0,12.68],[-71.0,12.0],[-72.0,12.62],[-72.88,11.91],[-73.0,11.79],[-74.0,11.53],[-75.0,10.93],[-75.0,10.93],[-76.0,10.23],[-77.0,10.05],[-77.38,9.95],[-78.0,9.88],[-79.0,9.87],[-80.0,9.77],[-81.0,9.11],[-82.0,9.75],[-82.96,9.95],[-82.36,10.93],[-82.0,11.48],[-81.85,11.91],[-82.0,12.02],[-83.0,12.23],[-83.13,12.89],[-83.0,13.64],[-82.91,13.86],[-82.72,14.83],[-82.54,15.8],[-83.0,16.21],[-84.0,16.44],[-85.0,16.63],[-85.57,16.76],[-85.0,17.48],[-84.88,17.71],[-84.0,18.53],[-83.89,18.66],[-84.0,18.89],[-84.52,19.61],[-85.0,19.88],[-85.56,19.61],[-86.0,19.36],[-86.57,19.61],[-86.15,20.55],[-86.1,21.48],[-86.0,21.86],[-85.0,21.59],[-84.77,21.48],[-84.0,20.8],[-83.34,20.55],[-83.0,20.2],[-82.48,19.61],[-82.0,19.31],[-81.0,19.5],[-80.03,18.66],[-80.0,18.64],[-79.0,18.09],[-78.0,17.82],[-77.0,18.11],[-76.0,18.52],[-75.0,18.52],[-74.0,17.94],[-73.0,17.84],[-72.44,17.71],[-72.0,17.53],[-71.64,17.71],[-71.0,17.86],[-70.0,17.82],[-69.0,17.82],[-68.17,18.66],[-69.0,19.41],[-69.76,19.61],[-70.0,19.95],[-71.0,20.51],[-72.0,20.35],[-73.0,20.34],[-74.0,20.18],[-74.42,20.55],[-74.0,21.18],[-73.0,20.74],[-72.0,20.94],[-71.09,21.48],[-72.0,22.15],[-72.32,22.41],[-72.0,23.05],[-71.0,23.22],[-70.9,23.33],[-70.14,24.24],[-70.0,24.37],[-69.0,24.93],[-68.0,25.03],[-67.47,25.15],[-67.0,25.24],[-66.0,25.56],[-65.31,26.05],[-65.0,26.24],[-64.06,26.95],[-64.26,27.84],[-65.0,28.65],[-65.09,28.72],[-65.24,29.59],[-65.0,29.72],[-64.0,29.75],[-63.8,29.59],[-63.0,28.89],[-62.77,28.72],[-62.0,28.06],[-61.34,27.84],[-61.0,27.72],[-60.0,27.33],[-59.19,26.95],[-59.0,26.74],[-58.54,26.05],[-58.24,25.15],[-58.0,24.89],[-57.0,24.65],[-56.0,24.79],[-55.0,24.91],[-54.0,24.79],[-53.0,24.44],[-52.61,25.15],[-52.0,25.84],[-51.87,26.05],[-51.45,26.95],[-51.07,27.84],[-51.0,27.88],[-50.0,28.03],[-49.45,28.72],[-49.57,29.59],[-49.0,30.15],[-48.38,29.59],[-48.59,28.72],[-48.0,28.18],[-47.55,28.72],[-47.59,29.59],[-47.0,30.07],[-46.7,30.46],[-46.07,31.31],[-46.0,31.33],[-45.0,31.97],[-44.89,32.16],[-44.44,33.01],[-44.12,33.84],[-44.0,34.06],[-43.59,33.84],[-43.0,33.48],[-42.0,33.07],[-41.27,33.84],[-41.0,34.25],[-40.58,34.67],[-40.05,35.49],[-40.0,35.53],[-39.0,35.66],[-38.0,35.8],[-37.0,35.95],[-36.0,36.02],[-35.0,35.8],[-34.05,36.3],[-34.0,36.34],[-33.07,37.1],[-33.0,37.26],[-32.19,37.89],[-32.05,38.68],[-32.0,38.71],[-31.97,38.68],[-31.0,38.05],[-30.31,37.89],[-30.0,37.83],[-29.0,37.59],[-28.5,37.1],[-28.0,36.84],[-27.0,36.56],[-26.13,36.3],[-26.0,36.23],[-25.0,35.57],[-24.89,35.49],[-25.0,35.16],[-25.15,34.67],[-25.0,34.03],[-24.92,33.84],[-25.0,33.69],[-25.29,33.01],[-25.65,32.16],[-26.0,31.66],[-26.23,31.31],[-26.53,30.46],[-27.0,29.97],[-27.48,29.59],[-28.0,29.22],[-28.5,28.72],[-28.84,27.84],[-28.73,26.95],[-29.0,26.33],[-29.07,26.05],[-29.71,25.15],[-30.0,24.78],[-30.43,24.24],[-30.0,23.39],[-29.75,23.33],[-29.0,23.18],[-28.0,23.24],[-27.89,23.33],[-27.0,24.08],[-26.0,24.15],[-25.93,24.24],[-25.91,25.15],[-25.0,25.52],[-24.0,25.92],[-23.86,26.05],[-23.69,26.95],[-23.37,27.84],[-23.0,28.25],[-22.0,28.39],[-21.43,28.72],[-21.0,28.95],[-20.0,29.1],[-19.22,29.59],[-19.0,29.84],[-18.28,30.46],[-18.0,30.64],[-17.6,31.31],[-17.0,31.6],[-16.36,32.16],[-16.66,33.01],[-17.0,33.28],[-17.57,33.01],[-17.71,32.16],[-18.0,31.7],[-18.93,32.16],[-18.94,33.01],[-19.0,33.11],[-19.54,33.84],[-20.0,34.51],[-20.08,34.67],[-21.0,35.14],[-21.65,35.49],[-22.0,35.59],[-23.0,35.94],[-23.37,36.3],[-24.0,36.97],[-24.05,37.1],[-24.56,37.89],[-25.0,38.3],[-26.0,38.62],[-26.04,38.68],[-27.0,39.42],[-28.0,39.39],[-29.0,39.08],[-30.0,39.25],[-30.1,39.45],[-30.0,39.79],[-29.74,40.22],[-29.0,40.66],[-28.0,40.78],[-27.0,40.46],[-26.33,40.98],[-26.22,41.73],[-26.0,42.11],[-25.79,42.47],[-25.0,43.05],[-24.83,43.21],[-25.0,43.49],[-26.0,43.47],[-26.95,43.21],[-27.0,42.67],[-27.02,42.47],[-27.86,41.73],[-28.0,41.52],[-28.12,41.73],[-29.0,42.14],[-29.54,42.47],[-29.8,43.21],[-30.0,43.28],[-30.11,43.21],[-31.0,42.71],[-31.56,42.47],[-31.96,41.73],[-32.0,41.71],[-33.0,41.24],[-33.54,40.98],[-34.0,40.82],[-34.88,40.98],[-35.0,41.0],[-36.0,41.24],[-36.4,40.98],[-37.0,40.45],[-37.78,40.22],[-38.0,40.17],[-39.0,39.96],[-40.0,39.99],[-40.96,40.22],[-41.0,40.24],[-42.0,40.37],[-42.8,40.22],[-43.0,40.16],[-44.0,39.68],[-45.0,39.53],[-46.0,39.7],[-46.34,39.45],[-47.0,39.31],[-47.45,39.45],[-48.0,39.77],[-48.59,40.22],[-48.46,40.98],[-48.99,41.73],[-49.0,41.74],[-49.1,41.73],[-49.72,40.98],[-49.69,40.22],[-49.0,39.59],[-48.83,39.45],[-49.0,39.32],[-50.0,38.75],[-51.0,38.76],[-51.56,39.45],[-51.15,40.22],[-51.0,40.36],[-50.28,40.98],[-51.0,41.41],[-51.34,41.73],[-52.0,42.4],[-52.05,42.47],[-52.6,43.21],[-53.0,43.58],[-53.5,43.93],[-53.0,44.58],[-52.9,44.65],[-52.31,45.35],[-52.58,46.05],[-52.15,46.74],[-52.1,47.42],[-52.32,48.09],[-52.68,48.76],[-53.0,49.26],[-53.04,49.41],[-53.54,50.06],[-53.83,50.7],[-54.0,50.97],[-54.17,51.33],[-54.57,51.95],[-54.94,52.56],[-55.0,52.61],[-55.17,53.16],[-56.0,53.74],[-56.11,53.76],[-56.56,54.34],[-57.0,54.65],[-58.0,54.89],[-58.06,54.92],[-59.0,55.48],[-59.02,55.49],[-59.68,56.06],[-60.0,56.34],[-60.12,56.61],[-60.93,57.16],[-61.0,57.21],[-61.13,57.7],[-62.0,58.18],[-62.1,58.23],[-62.15,58.75],[-63.0,59.23],[-63.06,59.26],[-63.48,59.77],[-63.71,60.27],[-63.72,60.76],[-63.52,61.25],[-63.0,61.61],[-62.66,61.73],[-62.0,62.1],[-61.95,62.2],[-61.85,62.66],[-61.76,63.11],[-62.0,63.46],[-62.06,63.56],[-62.37,64.0],[-62.0,64.1],[-61.5,64.0],[-61.0,63.74],[-60.85,64.0],[-60.84,64.44],[-60.81,64.87],[-60.86,65.29],[-60.82,65.7],[-60.79,66.11],[-60.95,66.51],[-61.0,66.55],[-61.2,66.91],[-61.34,67.3],[-61.22,67.68],[-61.35,68.06],[-61.28,68.43],[-61.0,68.59],[-60.57,68.79],[-60.0,69.02],[-59.0,68.98],[-58.0,68.94],[-57.0,69.12],[-56.87,69.15],[-56.0,69.34],[-55.0,69.36],[-54.73,69.15],[-54.23,68.79],[-54.0,68.63],[-53.92,68.43],[-53.89,68.06],[-53.97,67.68],[-53.95,67.3],[-53.89,66.91],[-53.78,66.51],[-53.7,66.11],[-53.64,65.7],[-53.0,65.37],[-52.79,65.29],[-52.75,64.87],[-52.81,64.44],[-52.48,64.0],[-52.58,63.56],[-52.21,63.11],[-52.0,62.99],[-51.38,62.66],[-51.0,62.55],[-50.04,62.2],[-50.0,62.19],[-49.77,61.73],[-49.0,61.39],[-48.71,61.25],[-48.6,60.76],[-48.0,60.47],[-47.0,60.65],[-46.0,60.4],[-45.74,60.27],[-45.0,59.93],[-44.0,59.91],[-43.49,60.27],[-43.0,60.51],[-42.74,60.76],[-42.68,61.25],[-42.58,61.73],[-42.49,62.2],[-42.39,62.66],[-42.0,62.83],[-41.41,63.11],[-41.0,63.29],[-40.42,63.56],[-40.21,64.0],[-40.01,64.44],[-40.0,64.45],[-39.0,64.81],[-38.79,64.87],[-38.0,65.08],[-37.2,65.29],[-37.0,65.4],[-36.0,65.48],[-35.0,65.62],[-34.0,65.67],[-33.0,65.63],[-32.0,65.66],[-31.76,65.7],[-31.0,65.91],[-30.0,66.04],[-29.0,66.06],[-28.0,66.0],[-27.28,66.11],[-27.03,66.51],[-27.0,66.52],[-26.0,66.81],[-25.8,66.91],[-25.0,67.25],[-24.73,67.3],[-24.77,67.68],[-25.0,67.75],[-25.68,68.06],[-25.76,68.43],[-25.0,68.7],[-24.76,68.79],[-24.0,69.11],[-23.9,69.15],[-23.01,69.5],[-23.0,69.5],[-22.0,69.78],[-21.85,69.85],[-21.33,70.19],[-21.0,70.53],[-21.01,70.86],[-21.0,70.96],[-20.45,71.19],[-21.0,71.35],[-21.05,71.51],[-21.47,71.82],[-21.12,72.13],[-21.0,72.19],[-20.24,72.43],[-20.28,72.73],[-20.44,73.03],[-20.0,73.28],[-19.81,73.32],[-19.19,73.6],[-19.0,73.69],[-18.3,73.88],[-18.0,74.04],[-17.61,74.16],[-17.0,74.39],[-16.59,74.43],[-16.0,74.49],[-15.0,74.43],[-15.0,74.43],[-15.0,74.43],[-15.72,74.16],[-15.75,73.88],[-16.0,73.73],[-16.42,73.6],[-17.0,73.51],[-17.75,73.32],[-17.16,73.03],[-17.0,72.95],[-16.0,72.87],[-15.0,73.0],[-14.92,73.03],[-14.32,73.32],[-14.0,73.39],[-13.0,73.55],[-12.74,73.6],[-12.0,73.75],[-11.2,73.88],[-11.0,73.92],[-10.0,74.03],[-9.0,74.11],[-8.61,74.16],[-8.0,74.25],[-7.0,74.4],[-6.73,74.43],[-6.0,74.52],[-5.0,74.6],[-4.0,74.67],[-3.75,74.69],[-3.0,74.75],[-2.0,74.8],[-1.0,74.84],[0.0,74.87],[1.0,74.88],[2.0,74.87],[3.0,74.84],[4.0,74.84],[5.0,74.83],[6.0,74.77],[7.0,74.7],[7.92,74.69],[8.0,74.69],[8.03,74.69],[9.0,74.72],[10.0,74.75],[11.0,74.84],[11.93,74.96],[12.0,74.97],[13.0,75.12],[14.0,75.17],[15.0,75.2],[15.25,75.21],[16.0,75.25],[17.0,75.35],[17.92,75.47],[18.0,75.48],[19.0,75.65],[19.33,75.71],[20.0,75.83],[20.52,75.96],[21.0,76.08],[21.37,76.2],[22.0,76.38],[22.21,76.44],[22.89,76.67],[23.0,76.71],[23.65,76.9],[24.0,77.04],[24.26,77.12],[24.9,77.34],[25.0,77.4],[25.53,77.56],[26.0,77.7],[26.32,77.77],[27.0,77.93],[27.21,77.98],[28.0,78.17],[28.06,78.19],[28.85,78.39],[29.0,78.42],[29.56,78.59],[29.84,78.79],[29.92,78.98],[29.61,79.17],[30.0,79.35],[30.02,79.36],[31.0,79.52],[31.08,79.54],[32.0,79.7],[32.07,79.72],[33.0,79.88],[33.06,79.9],[33.29,80.07],[33.25,80.24],[33.0,80.29],[32.0,80.4],[31.05,80.24],[31.0,80.23],[30.0,80.19],[29.0,80.18],[28.0,80.23],[27.6,80.24],[27.4,80.41],[27.72,80.58],[28.0,80.65],[28.35,80.74],[29.0,80.88],[29.08,80.9],[29.7,81.05],[30.0,81.14],[30.25,81.21],[30.99,81.36],[31.0,81.36],[31.75,81.51],[32.0,81.54],[32.77,81.66],[33.0,81.69],[33.6,81.8],[34.0,81.91],[34.12,81.94],[34.8,82.08],[35.0,82.13],[35.61,82.22],[36.0,82.27],[36.7,82.35],[37.0,82.39],[37.78,82.48],[38.0,82.5],[39.0,82.6],[39.11,82.61],[40.0,82.7],[40.35,82.74],[41.0,82.77],[42.0,82.85],[42.21,82.87],[42.98,82.99],[43.0,83.0],[43.74,83.11],[44.0,83.15],[44.8,83.23],[45.0,83.25],[46.0,83.34],[46.13,83.35],[47.0,83.43],[47.29,83.46],[48.0,83.52],[48.66,83.57],[49.0,83.59],[50.0,83.65],[50.5,83.68],[51.0,83.7],[52.0,83.74],[53.0,83.77],[53.65,83.79],[54.0,83.8],[55.0,83.82],[56.0,83.85],[57.0,83.87],[58.0,83.89],[59.0,83.9],[60.0,83.9],[61.0,83.89],[62.0,83.87],[63.0,83.82],[63.34,83.79],[64.0,83.75],[64.77,83.68],[65.0,83.67],[66.0,83.6],[67.0,83.6],[68.0,83.59],[69.0,83.6],[70.0,83.63],[70.65,83.68],[71.0,83.73],[71.34,83.79],[71.93,83.9],[72.0,83.91],[73.0,83.98],[74.0,83.99],[75.0,83.99],[76.0,83.98],[77.0,83.96],[78.0,83.92],[78.27,83.9],[79.0,83.86],[80.0,83.83],[80.91,83.79],[81.0,83.78],[82.0,83.74],[82.9,83.68],[83.0,83.67],[84.0,83.57],[84.04,83.57],[85.0,83.52],[85.67,83.46],[86.0,83.42],[87.0,83.38],[87.86,83.35],[88.0,83.34],[89.0,83.28],[90.0,83.25],[90.33,83.23],[91.0,83.11],[91.0,83.11],[91.74,82.99],[91.53,82.87],[91.22,82.74],[91.0,82.71],[90.15,82.61],[90.0,82.59],[89.19,82.48],[89.0,82.46],[88.0,82.38],[87.65,82.35],[87.0,82.29],[86.1,82.22],[86.0,82.21],[85.0,82.13],[84.36,82.08],[84.0,82.05],[83.0,81.98],[82.42,81.94],[82.0,81.91],[81.0,81.83],[80.68,81.8],[80.0,81.75],[79.0,81.67],[78.88,81.66],[78.0,81.6],[77.0,81.54],[76.39,81.51],[76.0,81.45],[75.4,81.36],[75.0,81.3],[74.33,81.21],[74.0,81.08],[73.91,81.05],[73.64,80.9],[73.48,80.74],[73.71,80.58],[74.0,80.48],[74.22,80.41],[74.75,80.24],[75.0,80.15],[75.12,80.07],[75.21,79.9],[75.26,79.72],[75.7,79.54],[76.0,79.47],[76.29,79.36],[77.0,79.26],[78.0,79.32],[78.82,79.36],[79.0,79.37],[79.77,79.36],[80.0,79.36],[80.24,79.36],[81.0,79.37],[82.0,79.37],[83.0,79.37],[83.73,79.36],[84.0,79.35],[85.0,79.35],[85.79,79.36],[86.0,79.36],[86.17,79.36],[87.0,79.34],[88.0,79.21],[88.15,79.17],[88.34,78.98],[88.29,78.79],[88.1,78.59],[88.21,78.39],[88.49,78.19],[88.48,77.98],[88.05,77.77],[88.0,77.76],[87.32,77.56],[87.0,77.45],[86.51,77.34],[86.0,77.24],[85.19,77.12],[85.0,77.1],[84.32,76.9],[84.0,76.8],[83.63,76.67],[83.01,76.44],[83.0,76.44],[82.03,76.2],[82.0,76.19],[81.43,75.96],[81.65,75.71],[81.19,75.47],[81.34,75.21],[81.2,74.96],[81.0,74.89],[80.0,74.78],[79.76,74.69],[79.16,74.43],[79.0,74.33],[78.46,74.16],[78.0,74.08],[77.0,73.93],[76.74,73.88],[76.0,73.82],[75.01,73.6],[75.0,73.59],[74.0,73.46],[73.34,73.32],[73.0,73.2],[72.9,73.32],[72.0,73.53],[71.6,73.6],[71.0,73.7],[70.63,73.6],[70.03,73.32],[70.0,73.31],[69.43,73.03],[69.0,72.98],[68.27,72.73],[68.26,72.43],[68.23,72.13],[68.16,71.82],[68.14,71.51],[68.0,71.46],[67.0,71.45],[66.23,71.19],[66.3,70.86],[66.34,70.53],[66.52,70.19],[66.26,69.85],[66.37,69.5],[66.48,69.15],[66.0,69.13],[65.87,69.15],[65.0,69.43],[64.91,69.5],[64.0,69.8],[63.03,69.85],[63.0,69.86],[62.0,70.07],[61.34,70.19],[61.0,70.27],[60.45,70.53],[60.26,70.86],[60.0,71.08],[59.88,71.19],[59.25,71.51],[59.0,71.82],[59.0,71.82],[58.86,72.13],[58.95,72.43],[59.0,72.48],[59.39,72.73],[59.68,73.03],[60.0,73.18],[60.33,73.32],[60.56,73.6],[60.72,73.88],[61.0,74.1],[61.11,74.16],[61.31,74.43],[61.93,74.69],[62.0,74.71],[62.82,74.96],[63.0,75.06],[63.54,75.21],[64.0,75.27],[65.0,75.44],[65.19,75.47],[66.0,75.64],[66.23,75.71],[67.0,75.8],[68.0,75.89],[68.73,75.96],[69.0,75.98],[70.0,76.1],[71.0,76.08],[72.0,76.1],[72.28,76.2],[73.0,76.41],[73.12,76.44],[73.64,76.67],[73.59,76.9],[73.0,77.06],[72.56,77.12],[72.0,77.18],[71.0,77.26],[70.0,77.29],[69.0,77.33],[68.42,77.34],[68.0,77.36],[67.8,77.34],[67.0,77.3],[66.02,77.12],[66.0,77.11],[65.0,76.9],[64.99,76.9],[64.32,76.67],[64.25,76.44],[64.0,76.43],[63.0,76.36],[62.0,76.38],[61.0,76.37],[60.24,76.2],[60.0,76.02],[59.82,75.96],[59.0,75.88],[58.48,75.71],[58.0,75.6],[57.56,75.47],[57.0,75.33],[56.6,75.21],[56.46,74.96],[56.47,74.69],[56.0,74.57],[55.63,74.43],[55.59,74.16],[55.0,73.99],[54.6,73.88],[54.47,73.6],[54.47,73.32],[54.0,73.18],[53.5,73.03],[53.0,72.88],[52.55,72.73],[52.53,72.43],[52.51,72.13],[52.0,71.97],[51.52,71.82],[51.52,71.51],[52.0,71.33],[52.59,71.19],[53.0,71.02],[53.33,70.86],[54.0,70.66],[55.0,70.6],[55.65,70.53],[56.0,70.45],[57.0,70.33],[58.0,70.34],[58.24,70.19],[59.0,69.94],[59.27,69.85],[59.96,69.5],[59.0,69.4],[58.16,69.15],[58.0,68.97],[57.0,69.11],[56.0,69.1],[55.0,69.05],[54.0,69.03],[53.33,68.79],[53.0,68.71],[52.0,68.76],[51.54,68.79],[51.0,68.89],[50.69,69.15],[50.0,69.34],[49.0,69.43],[48.32,69.15],[48.37,68.79],[48.96,68.43],[49.0,68.33],[49.19,68.06],[49.0,68.04],[48.0,67.75],[47.0,68.01],[46.95,68.06],[46.0,68.36],[45.81,68.43],[45.0,68.67],[44.0,68.55],[43.64,68.43],[43.67,68.06],[43.42,67.68],[43.05,67.3],[43.0,67.27],[42.0,67.29],[41.98,67.3],[41.31,67.68],[41.0,67.79],[40.28,68.06],[40.0,68.15],[39.0,68.35],[38.79,68.43],[38.0,68.71],[37.0,68.72],[36.81,68.79],[36.0,69.07],[35.0,69.13],[34.96,69.15],[34.0,69.41],[33.51,69.5],[33.0,69.68],[32.0,69.78],[31.35,69.85],[31.46,70.19],[31.0,70.35],[30.0,70.43],[29.77,70.53],[29.0,70.78],[28.75,70.86],[28.0,71.09],[27.01,70.86],[27.0,70.83],[26.96,70.86],[26.0,71.03],[25.0,71.04],[24.0,71.07],[23.0,70.9],[22.86,70.86],[22.0,70.71],[21.43,70.53],[21.02,70.19],[21.0,70.18],[20.92,70.19],[20.0,70.33],[19.5,70.19],[19.0,70.12],[18.08,69.85],[18.0,69.82],[17.1,69.5],[17.0,69.44],[16.0,69.22],[15.81,69.15],[15.0,69.02],[14.4,68.79],[14.35,68.43],[14.26,68.06],[14.19,67.68],[14.0,67.39],[13.87,67.3],[13.35,66.91],[13.0,66.66],[12.75,66.51],[12.19,66.11],[12.0,65.9],[11.59,65.7],[11.61,65.29],[11.0,65.14],[10.41,64.87],[10.03,64.44],[10.0,64.43],[9.0,64.24],[8.27,64.0],[8.0,63.77],[7.37,63.56],[7.0,63.45],[6.08,63.11],[6.0,63.08],[5.3,62.66],[5.02,62.2],[5.0,62.18],[4.39,61.73],[4.32,61.25],[4.38,60.76],[4.34,60.27],[5.0,59.88],[5.21,59.77],[5.36,59.26],[5.52,58.75],[6.0,58.49],[7.0,58.43],[8.0,58.35],[9.0,58.39],[9.66,58.75],[10.0,58.92],[11.0,58.98],[11.45,58.75],[11.54,58.23],[11.41,57.7],[12.0,57.3],[12.26,57.16],[12.13,56.61],[12.11,56.06],[12.0,56.0],[11.57,56.06],[11.58,56.61],[11.39,57.16],[11.0,57.29],[10.0,57.43],[9.31,57.16],[9.0,56.99],[8.46,56.61],[8.42,56.06],[8.33,55.49],[8.35,54.92],[8.43,54.34],[8.0,54.02],[7.34,53.76],[7.0,53.64],[6.0,53.59],[5.0,53.39],[4.61,53.16],[4.27,52.56],[4.04,51.95],[4.0,51.92],[3.0,51.64],[2.65,51.95],[2.1,52.56],[2.0,52.62],[1.03,53.16],[1.0,53.17],[0.17,53.76],[0.0,53.91],[-0.2,54.34],[-0.64,54.92],[-1.0,55.3],[-1.1,55.49],[-1.56,56.06],[-1.4,56.61],[-1.51,57.16],[-2.0,57.54],[-2.55,57.7],[-2.55,58.23],[-2.68,58.75],[-3.0,58.87],[-3.15,58.75],[-4.0,58.47],[-5.0,58.46],[-6.0,58.31],[-6.23,58.23],[-7.0,57.95],[-7.38,57.7],[-7.3,57.16],[-7.0,56.92],[-6.6,56.61],[-6.0,56.12],[-5.89,56.06],[-5.7,55.49],[-6.0,55.32],[-7.0,55.21],[-8.0,55.19],[-8.49,54.92],[-8.54,54.34],[-9.0,54.07],[-10.0,53.83],[-10.13,53.76],[-10.0,53.63],[-9.67,53.16],[-9.65,52.56],[-10.0,52.34],[-10.58,51.95],[-10.0,51.47],[-9.36,51.33],[-9.0,51.1],[-8.0,51.07],[-7.0,51.06],[-6.0,51.16],[-5.0,50.87],[-4.96,50.7],[-5.0,50.66],[-5.81,50.06],[-5.0,49.53],[-4.0,49.42],[-3.89,49.41],[-4.0,49.36],[-4.45,48.76],[-4.92,48.09],[-4.62,47.42],[-4.28,46.74],[-4.0,46.32],[-3.66,46.05],[-3.0,45.69],[-2.4,45.35],[-2.88,44.65],[-3.0,44.6],[-4.0,44.57],[-5.0,44.39],[-5.42,43.93],[-6.0,43.89],[-7.0,43.79],[-8.0,43.78],[-8.8,43.21],[-9.0,42.94],[-9.42,42.47],[-9.0,41.93],[-8.86,41.73],[-8.77,40.98],[-8.8,40.22],[-9.0,40.06],[-9.57,39.45],[-9.61,38.68],[-9.0,37.89],[-9.0,37.89],[-8.94,37.1],[-8.51,36.3],[-8.23,35.49],[-8.66,34.67],[-9.0,34.22],[-9.43,33.84],[-10.0,33.03],[-10.02,33.01],[-10.58,32.16],[-10.96,31.31],[-11.0,31.24],[-12.0,30.75],[-12.81,30.46],[-13.0,30.33],[-13.73,29.59],[-14.0,29.48],[-15.0,29.43],[-15.13,29.59],[-16.0,30.05],[-17.0,29.96],[-17.91,29.59],[-18.0,29.58],[-18.73,28.72],[-18.0,28.03],[-17.58,27.84],[-17.0,27.33],[-16.29,27.84],[-16.0,28.15],[-15.05,27.84],[-15.05,26.95],[-15.0,26.15],[-15.0,26.05],[-15.0,26.05],[-15.29,25.15],[-15.9,24.24],[-16.0,24.03],[-16.5,23.33],[-16.78,22.41],[-17.0,21.95],[-17.37,21.48],[-17.64,20.55],[-17.66,19.61],[-17.26,18.66],[-17.2,17.71],[-17.6,16.76],[-17.82,15.8],[-17.95,14.83],[-17.91,13.86],[-17.98,12.89],[-17.91,11.91],[-17.67,10.93],[-17.0,10.36],[-16.61,9.95],[-16.0,9.32],[-15.41,8.96],[-15.03,7.97],[-15.0,7.92],[-14.0,7.52],[-13.0,7.1],[-12.0,7.03],[-11.95,6.98],[-11.0,6.1],[-10.0,6.03],[-9.96,5.99],[-9.0,5.14],[-8.85,4.99],[-8.0,4.18],[-7.0,4.14],[-6.07,4.99],[-6.0,5.06],[-5.0,5.11],[-4.0,5.15],[-3.0,5.1],[-2.0,5.11],[-1.0,5.06],[0.0,5.14],[1.0,5.28],[1.65,5.99],[2.0,6.19],[3.0,6.22],[4.0,6.18],[4.51,5.99],[5.0,5.4],[5.14,4.99],[6.0,4.11],[7.0,4.1],[8.0,4.07],[8.17,4.0],[9.0,3.21],[9.09,3.0],[9.15,2.0],[9.14,1.0],[9.0,0.55],[8.51,0.0],[8.2,-1.0],[9.0,-1.85],[9.15,-2.0],[10.0,-2.91],[10.09,-3.0],[11.0,-3.97],[11.03,-4.0],[11.1,-4.99],[12.0,-5.96],[12.03,-5.99],[12.06,-6.98],[12.35,-7.97],[12.16,-8.96],[12.83,-9.95],[13.0,-10.63],[13.01,-10.93],[13.0,-11.27],[12.93,-11.91],[12.46,-12.89],[12.23,-13.86],[12.24,-14.83],[12.0,-15.06],[11.49,-15.8],[11.54,-16.76],[11.54,-17.71],[12.0,-18.26],[12.42,-18.66],[12.43,-19.61],[13.0,-20.22],[13.35,-20.55],[13.35,-21.48],[14.0,-22.3],[14.12,-22.41],[14.29,-23.33],[14.4,-24.24],[14.43,-25.15],[14.4,-26.05],[15.0,-26.66],[15.32,-26.95],[15.38,-27.84],[16.0,-28.37],[16.4,-28.72],[17.0,-29.27],[17.37,-29.59],[17.52,-30.46],[17.61,-31.31],[18.0,-31.68],[18.57,-32.16],[18.63,-33.01],[18.68,-33.84],[19.0,-34.1],[19.69,-34.67],[20.0,-34.9],[20.33,-34.67],[21.0,-34.11],[22.0,-34.11],[23.0,-34.09],[24.0,-34.07],[24.55,-33.84],[25.0,-33.47],[26.0,-33.33],[27.0,-33.23],[27.38,-33.01],[28.0,-32.48],[28.4,-32.16],[29.0,-31.65],[30.0,-31.55],[30.32,-31.31],[30.39,-30.46],[31.0,-29.93],[31.54,-29.59],[32.0,-29.19],[32.56,-28.72],[32.64,-27.84],[32.72,-26.95],[32.95,-26.05],[33.0,-26.0],[33.77,-25.15],[34.0,-24.94],[35.0,-24.87],[35.67,-24.24],[35.71,-23.33],[35.71,-22.41],[35.74,-21.48],[35.48,-20.55],[35.56,-19.61],[36.0,-19.4],[36.81,-18.66],[37.0,-18.48],[37.8,-17.71],[38.0,-17.52],[39.0,-17.54],[39.81,-16.76],[40.0,-16.58],[40.71,-15.8],[40.71,-14.83],[40.94,-13.86],[41.0,-13.03],[41.12,-12.89],[41.0,-12.72],[40.95,-11.91],[40.75,-10.93],[40.0,-10.19],[39.75,-9.95],[39.58,-8.96],[39.52,-7.97],[39.52,-6.98],[39.3,-5.99],[39.51,-4.99],[39.53,-4.0],[40.0,-3.53],[40.52,-3.0],[41.0,-2.52],[41.51,-2.0],[41.66,-1.0],[42.0,-0.66],[42.63,0.0],[43.0,0.37],[43.69,1.0],[44.0,1.31],[45.0,1.36],[45.71,2.0],[46.0,2.29],[46.78,3.0],[47.0,3.22],[47.84,4.0],[48.0,4.15],[48.83,4.99],[48.91,5.99],[49.0,6.08],[49.91,6.98],[49.79,7.97],[50.0,8.18],[50.65,8.96],[50.64,9.95],[51.0,10.31],[51.57,10.93],[51.38,11.91],[51.0,12.52],[50.0,12.81],[49.8,12.89],[49.81,13.86],[49.98,14.83],[50.0,14.85],[51.0,15.06],[52.0,15.17],[52.7,15.8],[53.0,16.09],[53.75,16.76],[54.0,17.0],[55.0,17.14],[55.7,17.71],[56.0,17.99],[56.66,18.66],[57.0,18.98],[57.74,19.61],[58.0,19.85],[58.76,20.55],[59.0,20.77],[59.67,21.48],[59.82,22.41],[59.81,23.33],[59.45,24.24],[59.92,25.15],[60.0,25.17],[61.0,25.38],[62.0,25.41],[63.0,25.33],[64.0,25.18],[65.0,25.34],[66.0,25.35],[66.22,25.15],[67.0,24.43],[67.2,24.24],[68.0,23.47],[68.15,23.33],[68.62,22.41],[69.0,22.07],[69.29,21.48],[70.0,20.81],[71.0,20.73],[71.78,20.55],[72.0,20.24],[72.12,19.61],[72.18,18.66],[72.86,17.71],[73.0,17.44],[73.09,16.76],[73.11,15.8],[73.6,14.83],[73.9,13.86],[74.0,13.72],[74.06,12.89],[74.39,11.91],[75.0,11.0],[75.0,10.93],[75.71,9.95],[76.0,9.84],[76.16,8.96],[77.0,8.09],[78.0,8.24],[78.82,8.96],[79.0,9.14],[79.22,8.96],[79.31,7.97],[79.35,6.98],[80.0,6.31],[81.0,6.26],[81.86,6.98],[82.0,7.48],[82.33,7.97],[82.86,8.96],[82.93,9.95],[83.0,10.38],[83.12,10.93],[83.32,11.91],[83.33,12.89],[84.0,13.46],[85.0,13.43],[85.28,13.86],[86.0,14.72],[86.08,14.83],[86.4,15.8],[86.63,16.76],[86.77,17.71],[87.0,18.27],[87.12,18.66],[87.15,19.61],[87.82,20.55],[88.0,20.7],[89.0,20.74],[90.0,20.77],[90.7,20.55],[90.99,19.61],[91.0,19.59],[91.01,19.61],[92.0,20.15],[93.0,19.63],[93.02,19.61],[93.29,18.66],[94.0,17.9],[94.08,17.71],[94.04,16.76],[94.0,16.42],[93.68,15.8],[93.34,14.83],[93.0,14.59],[92.5,13.86],[92.28,12.89],[92.61,11.91],[93.0,11.51],[93.68,11.91],[94.0,12.25],[95.0,12.89],[95.0,12.89],[96.0,13.61],[97.0,13.85],[97.27,12.89],[97.61,11.91],[98.0,11.17],[98.07,10.93],[98.34,9.95],[98.43,8.96],[98.76,7.97],[99.0,7.25],[99.1,6.98],[99.0,6.67],[98.0,6.22],[97.67,5.99],[97.0,5.75],[96.0,5.59],[95.43,4.99],[96.0,4.24],[96.24,4.0],[96.0,3.48],[95.69,3.0],[96.0,2.65],[96.78,3.0],[97.0,3.08],[97.08,3.0],[97.41,2.0],[97.63,1.0],[98.0,0.58],[98.63,0.0],[98.55,-1.0],[99.0,-1.49],[99.92,-2.0],[100.0,-2.07],[101.0,-2.65],[101.35,-3.0],[102.0,-3.61],[102.39,-4.0],[103.0,-4.57],[103.42,-4.99],[104.0,-5.55],[105.0,-5.62],[105.58,-5.99],[106.0,-6.29],[106.49,-6.98],[107.0,-7.49],[108.0,-7.53],[109.0,-7.48],[110.0,-7.49],[110.36,-7.97],[111.0,-8.5],[112.0,-8.48],[113.0,-8.46],[114.0,-8.52],[115.0,-8.42],[116.0,-8.23],[116.48,-8.96],[117.0,-9.59],[117.7,-8.96],[118.0,-8.51],[119.0,-8.55],[119.55,-8.96],[119.42,-9.95],[120.0,-10.6],[121.0,-10.04],[121.56,-9.95],[122.0,-9.72],[123.0,-9.15],[123.21,-9.95],[124.0,-10.81],[125.0,-10.85],[125.43,-10.93],[125.18,-11.91],[125.0,-12.05],[124.03,-12.89],[124.0,-12.93],[123.12,-13.86],[123.0,-13.94],[122.69,-13.86],[122.0,-13.73],[121.88,-13.86],[122.0,-14.17],[122.29,-14.83],[122.0,-15.13],[121.38,-15.8],[121.15,-16.76],[121.0,-16.95],[120.2,-17.71],[120.0,-17.84],[119.0,-18.54],[118.81,-18.66],[118.0,-19.02],[117.0,-19.32],[116.64,-19.61],[116.0,-19.95],[115.39,-20.55],[115.0,-21.16],[114.8,-21.48],[114.0,-21.89],[113.48,-22.41],[113.49,-23.33],[113.39,-24.24],[113.3,-25.15],[113.49,-26.05],[113.41,-26.95],[114.0,-27.56],[114.31,-27.84],[114.34,-28.72],[114.98,-29.59],[115.0,-29.92],[115.03,-30.46],[115.28,-31.31],[115.29,-32.16],[115.22,-33.01],[115.12,-33.84],[115.43,-34.67],[116.0,-35.17],[117.0,-35.16],[118.0,-35.1],[118.69,-34.67],[119.0,-34.41],[119.89,-33.84],[120.0,-33.75],[121.0,-33.61],[121.73,-33.84],[122.0,-33.93],[122.4,-33.84],[123.0,-33.69],[124.0,-33.44],[124.55,-33.01],[125.0,-32.63],[126.0,-32.54],[127.0,-32.53],[127.48,-32.16],[128.0,-31.72],[129.0,-31.7],[130.0,-31.69],[131.0,-31.68],[132.0,-31.71],[133.0,-31.71],[133.53,-32.16],[134.0,-32.54],[134.56,-33.01],[135.0,-33.39],[135.54,-33.84],[135.82,-34.67],[136.0,-34.79],[136.47,-34.67],[137.0,-34.1],[137.55,-34.67],[138.0,-35.46],[138.01,-35.49],[139.0,-35.76],[139.66,-36.3],[139.72,-37.1],[140.0,-37.32],[140.72,-37.89],[141.0,-38.1],[142.0,-38.11],[143.0,-38.11],[144.0,-38.16],[145.0,-38.05],[145.63,-38.68],[146.0,-39.03],[147.0,-38.7],[147.01,-38.68],[147.6,-37.89],[148.0,-37.58],[149.0,-37.44],[149.52,-37.1],[150.0,-36.71],[150.25,-36.3],[150.25,-35.49],[150.28,-34.67],[151.0,-34.07],[151.22,-33.84],[151.23,-33.01],[152.0,-32.35],[152.24,-32.16],[152.53,-31.31],[153.0,-30.91],[153.24,-30.46],[153.23,-29.59],[153.29,-28.72],[153.42,-27.84],[153.78,-26.95],[154.0,-26.34],[155.0,-26.16],[156.0,-26.41],[156.74,-26.95],[157.0,-27.02],[158.0,-27.82],[158.03,-27.84],[159.0,-28.15],[159.81,-28.72],[160.0,-29.07],[160.9,-29.59],[161.0,-29.64],[161.09,-29.59],[161.6,-28.72],[161.66,-27.84],[161.89,-26.95],[161.24,-26.05],[161.31,-25.15],[161.0,-24.46],[160.92,-24.24],[160.22,-23.33],[160.22,-22.41],[160.0,-22.08],[159.4,-21.48],[159.0,-21.09],[158.1,-20.55],[158.0,-20.47],[157.91,-20.55],[157.61,-21.48],[157.0,-22.07],[156.0,-21.82],[155.61,-21.48],[155.24,-20.55],[155.0,-20.44],[154.3,-20.55],[154.0,-20.66],[153.51,-21.48],[153.0,-21.96],[152.87,-21.48],[152.56,-20.55],[152.0,-20.2],[151.0,-19.84],[150.43,-19.61],[150.0,-19.37],[149.0,-18.94],[148.07,-18.66],[148.0,-18.61],[147.0,-17.79],[146.98,-17.71],[146.29,-16.76],[146.0,-16.61],[145.73,-15.8],[145.48,-14.83],[145.0,-14.39],[144.0,-14.04],[143.81,-13.86],[143.55,-12.89],[143.0,-11.92],[142.99,-11.91],[142.61,-10.93],[142.52,-9.95],[143.0,-9.75],[143.57,-8.96],[143.86,-7.97],[144.0,-7.83],[145.0,-7.53],[145.44,-7.97],[146.0,-8.46],[146.5,-8.96],[147.0,-9.49],[147.46,-9.95],[148.0,-10.54],[149.0,-10.55],[150.0,-10.49],[151.0,-10.39],[151.42,-9.95],[151.45,-8.96],[151.0,-8.62],[150.0,-8.38],[149.44,-7.97],[149.0,-7.41],[148.22,-6.98],[149.0,-6.86],[150.0,-6.77],[151.0,-6.71],[151.7,-5.99],[151.9,-4.99],[152.0,-4.85],[153.0,-4.44],[153.59,-4.0],[153.0,-3.0],[153.0,-3.0],[153.0,-2.99],[154.0,-2.44],[154.28,-3.0],[154.5,-4.0],[154.54,-4.99],[154.33,-5.99],[155.0,-6.7],[155.97,-6.98],[156.0,-7.0],[156.42,-7.97],[157.0,-8.53],[158.0,-8.49],[158.53,-8.96],[159.0,-9.37],[160.0,-9.79],[161.0,-9.82],[161.65,-9.95],[162.0,-10.03],[162.11,-9.95],[162.0,-9.37],[161.94,-8.96],[162.0,-8.01],[162.01,-7.97],[162.0,-7.94],[161.51,-6.98],[161.0,-6.2],[160.82,-5.99],[160.41,-4.99],[160.0,-4.66],[159.78,-4.0],[159.35,-3.0],[159.13,-2.0],[159.35,-1.0],[160.0,-0.1],[160.09,0.0],[160.26,1.0],[161.0,1.66],[161.22,2.0],[161.0,2.43],[160.46,3.0],[161.0,3.84],[162.0,3.26],[163.0,3.47],[163.39,4.0],[163.37,4.99],[163.0,5.45],[162.0,5.19],[161.0,5.12],[160.36,5.99],[160.0,6.8],[159.0,6.78],[158.97,6.98],[158.0,7.82],[157.24,6.98],[157.0,6.5],[156.36,5.99],[156.63,4.99],[157.0,4.66],[158.0,4.0],[158.0,4.0],[159.0,3.77],[159.7,3.0],[159.5,2.0],[159.0,1.02],[158.92,1.0],[158.0,0.83],[157.31,0.0],[157.39,-1.0],[157.51,-2.0],[157.0,-2.85],[156.0,-2.52],[155.53,-2.0],[155.0,-1.22],[154.75,-1.0],[154.34,0.0],[154.58,1.0],[154.73,2.0],[154.0,2.29],[153.39,3.0],[153.0,3.69],[152.66,4.0],[152.0,4.36],[151.0,4.51],[150.0,4.79],[149.51,4.99],[149.0,5.3],[148.0,5.63],[147.0,5.78],[146.53,5.99],[146.0,6.05],[145.79,5.99],[145.0,5.49],[144.0,5.27],[143.0,5.25],[142.0,5.22],[141.0,5.31],[140.0,5.36],[139.0,5.15],[138.0,5.06],[137.0,5.13],[136.0,5.2],[135.0,5.16],[134.0,5.14],[133.3,4.99],[133.0,4.84],[132.0,4.03],[131.95,4.0],[131.0,3.22],[130.54,3.0],[130.0,2.44],[129.67,2.0],[129.0,1.74],[128.91,2.0],[129.0,2.81],[129.28,3.0],[129.0,3.09],[128.9,3.0],[128.0,2.84],[127.01,2.0],[127.0,1.97],[126.0,1.77],[125.88,2.0],[125.6,3.0],[125.71,4.0],[125.7,4.99],[125.68,5.99],[126.0,6.36],[126.4,6.98],[126.76,7.97],[126.93,8.96],[126.93,9.95],[126.73,10.93],[127.0,11.32],[128.0,11.59],[128.31,11.91],[128.87,12.89],[129.0,13.17],[129.49,13.86],[129.09,14.83],[129.0,15.31],[128.0,15.55],[127.0,15.5],[126.0,15.21],[125.0,15.08],[124.1,15.8],[125.0,16.73],[126.0,16.74],[127.0,16.24],[128.0,16.61],[128.09,16.76],[128.3,17.71],[128.0,18.01],[127.0,18.28],[126.29,18.66],[126.0,18.77],[125.53,18.66],[125.0,18.29],[124.0,18.23],[123.0,18.35],[122.99,18.66],[122.0,19.28],[121.31,18.66],[121.0,18.62],[120.0,18.38],[119.09,17.71],[119.0,17.63],[118.62,17.71],[118.0,17.86],[117.0,17.9],[116.73,17.71],[116.37,16.76],[116.0,16.11],[115.91,15.8],[115.61,14.83],[115.27,13.86],[115.0,13.3],[114.8,12.89],[114.0,11.91],[114.0,11.91],[113.0,11.2],[112.68,10.93],[112.0,10.26],[111.0,9.98],[110.94,9.95],[110.0,9.63],[109.0,9.27],[108.29,9.95],[108.78,10.93],[109.0,11.14],[109.54,11.91],[109.67,12.89],[109.81,13.86],[109.4,14.83],[109.0,15.25],[108.7,15.8],[108.0,16.31],[107.53,16.76],[107.0,17.3],[106.56,17.71],[106.0,18.42],[105.75,18.66],[105.98,19.61],[106.0,19.63],[106.86,20.55],[107.0,20.68],[108.0,20.92],[109.0,20.89],[109.27,20.55],[109.19,19.61],[109.0,19.43],[108.52,18.66],[109.0,17.93],[110.0,18.13],[110.45,18.66],[110.51,19.61],[110.63,20.55],[110.8,21.48],[111.0,21.66],[112.0,21.52],[113.0,21.51],[114.0,21.53],[115.0,21.89],[115.46,22.41],[116.0,22.6],[117.0,23.04],[117.42,23.33],[117.82,24.24],[118.0,24.4],[119.0,24.61],[119.6,25.15],[119.85,26.05],[120.0,26.18],[120.91,26.95],[121.0,27.1],[121.85,27.84],[122.0,28.16],[122.65,28.72],[122.93,29.59],[122.97,30.46],[122.78,31.31],[122.19,32.16],[122.03,33.01],[122.94,33.84],[123.0,33.88],[124.0,34.07],[125.0,34.08],[126.0,34.03],[127.0,34.11],[127.76,34.67],[128.0,34.87],[129.0,34.92],[129.77,35.49],[130.0,36.05],[131.0,36.27],[131.46,36.3],[132.0,36.35],[132.08,36.3],[132.5,35.49],[132.0,35.28],[131.36,34.67],[131.0,34.37],[130.29,33.84],[130.0,33.6],[129.0,33.29],[128.67,33.01],[128.06,32.16],[128.0,32.0],[127.29,31.31],[127.54,30.46],[128.0,29.88],[128.57,29.59],[128.0,28.77],[127.74,28.72],[127.0,28.56],[126.46,27.84],[126.0,27.38],[125.7,26.95],[126.0,26.79],[126.95,26.05],[127.0,26.02],[127.09,26.05],[128.0,26.28],[128.75,26.95],[129.0,27.51],[129.3,27.84],[129.21,28.72],[129.74,29.59],[130.0,29.62],[130.41,29.59],[131.0,29.5],[132.0,29.56],[132.05,29.59],[133.0,30.13],[134.0,29.83],[135.0,29.81],[136.0,29.93],[137.0,29.95],[138.0,30.07],[138.55,30.46],[138.23,31.31],[138.0,31.43],[137.0,31.92],[136.27,32.16],[136.0,32.21],[135.0,32.39],[134.16,32.16],[134.0,32.12],[133.36,32.16],[133.91,33.01],[134.0,33.08],[135.0,33.13],[136.0,33.13],[136.94,33.84],[137.0,33.94],[137.77,34.67],[138.0,34.77],[139.0,34.89],[140.0,35.04],[140.55,35.49],[140.75,36.3],[140.99,37.1],[141.0,37.14],[141.72,37.89],[142.0,38.3],[142.41,38.68],[143.0,39.24],[143.37,39.45],[144.0,40.05],[144.24,40.22],[145.0,40.66],[145.69,40.98],[146.0,41.22],[147.0,41.44],[147.71,41.73],[148.0,41.84],[149.0,41.81],[150.0,41.99],[150.85,42.47],[151.0,42.59],[151.26,43.21],[151.78,43.93],[152.0,44.25],[152.21,44.65],[153.0,45.21],[153.57,45.35],[154.0,45.53],[155.0,46.0],[155.45,46.05],[155.0,46.21],[154.0,46.44],[153.38,46.74],[153.36,47.42],[153.0,47.6],[152.0,47.73],[151.0,47.53],[150.27,47.42],[150.24,46.74],[150.4,46.05],[150.0,45.9],[149.0,46.05],[148.98,46.05],[148.0,46.32],[147.74,46.05],[147.06,45.35],[147.0,45.32],[146.92,45.35],[146.0,45.82],[145.15,46.05],[145.55,46.74],[146.0,47.19],[146.63,47.42],[146.0,47.88],[145.88,48.09],[145.0,48.58],[144.88,48.76],[144.74,49.41],[144.32,50.06],[144.0,50.49],[143.92,50.7],[143.78,51.33],[143.75,51.95],[143.74,52.56],[143.7,53.16],[143.37,53.76],[143.0,54.05],[142.57,53.76],[142.0,53.64],[141.0,53.7],[140.91,53.76],[140.0,54.28],[139.0,54.32],[138.76,54.34],[138.62,54.92],[138.0,55.41],[137.71,55.49],[138.0,55.67],[138.5,56.06],[139.0,56.61],[139.0,56.62],[140.0,56.91],[141.0,57.09],[141.89,57.16],[142.0,57.18],[142.58,57.7],[143.0,58.06],[143.64,58.23],[144.0,58.33],[144.51,58.75],[145.0,58.83],[146.0,58.8],[147.0,58.84],[148.0,58.88],[149.0,59.07],[149.7,59.26],[150.0,59.31],[150.7,59.26],[151.0,59.21],[152.0,58.96],[153.0,58.99],[154.0,58.92],[154.44,59.26],[154.4,59.77],[154.45,60.27],[155.0,60.54],[155.57,60.76],[156.0,60.97],[156.77,61.25],[156.98,61.73],[157.0,61.74],[158.0,61.76],[158.19,61.73],[159.0,61.3],[159.04,61.25],[159.47,60.76],[160.0,60.6],[161.0,60.6],[161.29,60.27],[161.0,60.1],[160.33,59.77],[160.0,59.6],[159.0,59.3],[158.82,59.26],[158.0,59.05],[157.18,58.75],[157.0,58.6],[156.7,58.23],[156.18,57.7],[156.04,57.16],[156.0,57.1],[155.55,56.61],[155.23,56.06],[155.2,55.49],[155.23,54.92],[155.3,54.34],[156.0,53.81],[156.08,53.76],[156.27,53.16],[156.26,52.56],[156.21,51.95],[156.07,51.33],[156.0,51.29],[155.1,50.7],[156.0,50.15],[156.88,50.7],[157.0,50.77],[157.8,51.33],[158.0,51.46],[158.76,51.95],[158.88,52.56],[158.99,53.16],[159.0,53.17],[160.0,53.16],[160.34,53.76],[160.88,54.34],[161.0,54.41],[162.0,54.71],[162.36,54.92],[162.28,55.49],[162.94,56.06],[163.0,56.12],[163.62,56.61],[163.5,57.16],[163.91,57.7],[163.33,58.23],[164.0,58.33],[164.64,58.75],[164.0,59.21],[163.91,59.26],[163.83,59.77],[164.0,59.86],[165.0,59.91],[166.0,59.96],[166.86,60.27],[167.0,60.31],[167.72,60.27],[168.0,60.22],[169.0,59.96],[170.0,59.79],[170.26,59.77],[171.0,59.53],[172.0,59.32],[172.23,59.26],[173.0,59.02],[174.0,58.96],[175.0,59.15],[175.18,59.26],[175.45,59.77],[175.73,60.27],[176.0,60.42],[176.83,60.76],[177.0,60.87],[177.59,61.25],[178.0,61.6],[178.42,61.73],[179.0,61.8],[179.77,62.2],[179.96,62.66],[179.86,63.11],[179.49,63.56],[179.57,64.0],[179.78,64.44],[180.0,64.82],[180.05,64.87],[180.89,65.29],[181.0,65.47],[181.0,65.29],[181.0,64.87],[181.0,64.44],[181.0,64.0],[181.0,63.56],[181.0,63.11],[181.0,62.66],[181.0,62.2],[181.0,61.73],[181.0,61.25],[181.0,60.76],[181.0,60.27],[181.0,59.77],[181.0,59.71],[180.19,59.26],[180.12,58.75],[180.2,58.23],[180.07,57.7],[180.0,57.65],[179.41,57.16],[179.0,56.78],[178.16,56.61],[178.0,56.58],[177.76,56.61],[177.0,56.67],[176.0,56.71],[175.0,56.96],[174.24,57.16],[174.0,57.21],[173.0,57.38],[172.0,57.7],[171.57,57.7],[171.0,57.71],[170.98,57.7],[170.0,57.31],[169.03,57.7],[169.0,57.71],[168.97,57.7],[168.0,57.31],[167.44,57.16],[167.0,57.07],[166.42,56.61],[166.66,56.06],[167.0,55.76],[167.45,55.49],[168.0,55.27],[168.49,54.92],[168.0,54.67],[167.0,54.86],[166.69,54.92],[166.0,54.98],[165.0,55.06],[164.74,54.92],[164.0,54.36],[163.96,54.34],[163.0,53.78],[162.95,53.76],[162.0,53.23],[161.0,53.21],[160.97,53.16],[160.86,52.56],[160.98,51.95],[161.0,51.92],[161.76,51.33],[162.0,51.14],[163.0,51.13],[164.0,51.15],[165.0,51.14],[165.58,51.33],[166.0,51.44],[166.29,51.33],[167.0,50.83],[167.26,50.7],[167.98,50.06],[168.0,50.01],[168.1,49.41],[168.18,48.76],[168.0,48.55],[167.53,48.09],[167.0,47.84],[166.46,47.42],[166.05,46.74],[166.0,46.67],[165.51,46.05],[165.0,45.78],[164.0,45.52],[163.0,45.41],[162.77,45.35],[162.0,45.18],[161.0,44.97],[160.0,44.81],[159.0,44.75],[158.67,44.65],[158.52,43.93],[158.36,43.21],[158.0,42.76],[157.76,42.47],[157.3,41.73],[157.0,41.53],[156.24,40.98],[156.0,40.54],[155.56,40.22],[156.0,40.05],[157.0,40.0],[158.0,39.94],[159.0,39.79],[160.0,39.95],[161.0,40.11],[161.25,40.22],[162.0,40.39],[162.75,40.22],[163.0,40.1],[163.12,40.22],[163.93,40.98],[164.0,41.01],[165.0,41.13],[166.0,41.25],[167.0,41.45],[168.0,41.73],[168.02,41.73],[169.0,41.98],[170.0,42.34],[170.3,42.47],[171.0,42.71],[171.66,43.21],[172.0,43.47],[172.56,43.93],[173.0,44.29],[173.71,44.65],[174.0,44.97],[174.26,45.35],[174.87,46.05],[174.93,46.74],[175.0,46.83],[175.43,47.42],[175.6,48.09],[175.61,48.76],[176.0,49.29],[176.1,49.41],[176.93,50.06],[177.0,50.18],[177.39,50.7],[177.41,51.33],[177.41,51.95],[178.0,52.41],[178.49,52.56],[179.0,52.93],[179.98,53.16],[180.0,53.17],[180.04,53.16],[181.0,53.03],[181.0,52.56],[181.0,51.95],[181.0,51.33],[181.0,50.7],[181.0,50.06],[181.0,49.41],[181.0,48.76],[181.0,48.09],[181.0,47.42],[181.0,46.74],[181.0,46.05],[181.0,45.35],[181.0,44.65],[181.0,43.93],[181.0,43.21],[181.0,42.47],[181.0,41.73],[181.0,40.98],[181.0,40.22],[181.0,39.63],[180.69,39.45],[180.0,39.19],[179.0,38.87],[178.52,38.68],[178.0,38.14],[177.83,37.89],[177.12,37.1],[177.0,37.02],[176.0,36.7],[175.0,36.52],[174.82,36.3],[174.0,35.96],[173.31,35.49],[173.0,34.96],[172.5,34.67],[172.0,34.5],[171.0,34.09],[170.79,33.84],[170.0,33.03],[169.96,33.01],[169.0,32.31],[168.0,32.38],[167.0,32.56],[166.0,32.59],[165.0,32.49],[164.0,32.41],[163.39,32.16],[163.99,31.31],[163.2,30.46],[163.0,30.39],[162.63,30.46],[162.69,31.31],[162.0,31.51],[161.02,31.31],[161.0,31.28],[160.79,30.46],[161.0,29.83],[161.15,29.59],[161.0,29.53],[160.12,28.72],[160.0,27.87],[159.98,27.84],[159.0,27.03],[158.0,27.43],[157.0,27.38],[156.07,27.84],[156.0,27.87],[155.0,28.21],[154.71,27.84],[154.9,26.95],[155.0,26.32],[155.05,26.05],[155.68,25.15],[156.0,24.41],[156.1,24.24],[156.0,23.95],[155.75,23.33],[156.0,23.07],[157.0,23.27],[158.0,22.87],[159.0,22.54],[159.65,22.41],[160.0,22.25],[161.0,21.94],[162.0,21.86],[162.91,21.48],[163.0,21.47],[164.0,21.44],[164.27,21.48],[165.0,21.92],[165.47,22.41],[165.0,22.7],[164.0,22.6],[163.0,22.69],[162.47,23.33],[163.0,23.65],[164.0,23.9],[165.0,23.76],[166.0,23.78],[167.0,23.48],[167.42,23.33],[168.0,23.03],[169.0,23.14],[169.96,23.33],[170.0,23.34],[170.09,23.33],[171.0,23.24],[171.76,23.33],[172.0,23.39],[172.62,24.24],[173.0,24.45],[174.0,24.65],[175.0,24.87],[176.0,24.7],[176.58,25.15],[177.0,25.31],[178.0,25.59],[179.0,25.98],[179.28,26.05],[180.0,26.26],[181.0,26.77],[181.0,26.05],[181.0,25.15],[181.0,24.24],[181.0,23.33],[181.0,22.41],[181.0,21.48],[181.0,20.55],[181.0,19.61],[181.0,18.66],[181.0,17.71],[181.0,16.76],[181.0,15.8],[181.0,14.83],[181.0,13.86],[181.0,12.89],[181.0,11.91],[181.0,10.93],[181.0,9.95],[181.0,8.96],[181.0,7.97],[181.0,6.98],[181.0,5.99],[181.0,4.99],[181.0,4.0],[181.0,3.0],[181.0,2.0],[181.0,1.0],[181.0,0.0],[181.0,-1.0],[181.0,-2.0],[181.0,-3.0],[181.0,-4.0],[181.0,-4.99],[181.0,-5.99],[181.0,-6.98],[181.0,-7.97],[181.0,-8.96],[181.0,-9.95],[181.0,-10.93],[181.0,-11.91],[181.0,-12.89],[181.0,-13.04],[180.0,-13.24],[179.53,-12.89],[179.0,-12.38],[178.47,-11.91],[178.0,-11.49],[177.25,-10.93],[177.0,-10.58],[176.8,-10.93],[176.0,-11.33],[175.15,-10.93],[175.0,-10.49],[174.76,-10.93],[174.0,-11.27],[173.0,-11.33],[172.48,-11.91],[172.0,-12.17],[171.0,-12.34],[170.0,-12.71],[169.0,-12.77],[168.62,-12.89],[168.43,-13.86],[168.87,-14.83],[168.95,-15.8],[169.0,-16.74],[169.02,-16.76],[169.74,-17.71],[170.0,-18.26],[170.14,-18.66],[170.73,-19.61],[170.88,-20.55],[171.0,-20.58],[172.0,-20.63],[172.51,-21.48],[172.0,-22.26],[171.89,-22.41],[171.65,-23.33],[171.64,-24.24],[171.67,-25.15],[172.0,-25.45],[172.77,-26.05],[173.0,-26.12],[173.17,-26.05],[174.0,-25.35],[174.1,-25.15],[175.0,-24.37],[175.19,-24.24],[175.99,-23.33],[176.0,-23.32],[177.0,-22.5],[177.67,-23.33],[178.0,-23.89],[179.0,-23.54],[179.37,-23.33],[179.98,-22.41],[180.0,-22.38],[180.2,-22.41],[181.0,-22.47],[181.0,-23.33],[181.0,-24.24],[181.0,-25.15],[181.0,-26.05],[181.0,-26.95],[181.0,-27.84],[181.0,-28.72],[181.0,-29.57],[180.69,-28.72],[180.0,-28.32],[179.19,-28.72],[179.0,-28.87],[178.07,-29.59],[178.0,-29.64],[177.86,-29.59],[177.0,-29.23],[176.59,-29.59],[176.0,-30.18],[175.75,-30.46],[175.0,-30.86],[174.0,-31.27],[173.93,-31.31],[173.17,-32.16],[173.0,-32.32],[172.0,-32.45],[171.1,-32.16],[171.0,-32.13],[170.38,-31.31],[170.45,-30.46],[170.0,-30.26],[169.76,-30.46],[169.0,-30.97],[168.67,-31.31],[168.0,-32.03],[167.54,-31.31],[167.71,-30.46],[168.0,-29.91],[168.11,-29.59],[168.66,-28.72],[168.0,-28.03],[167.0,-28.49],[166.63,-28.72],[166.26,-29.59],[166.0,-29.92],[165.83,-30.46],[165.11,-31.31],[165.81,-32.16],[166.0,-32.36],[166.47,-33.01],[167.0,-33.66],[167.56,-33.84],[168.0,-34.03],[168.36,-33.84],[169.0,-33.16],[169.42,-33.01],[170.0,-32.62],[170.16,-33.01],[170.0,-33.2],[169.49,-33.84],[170.0,-34.48],[170.17,-34.67],[170.85,-35.49],[171.0,-35.59],[171.97,-36.3],[172.0,-36.32],[173.0,-36.31],[174.0,-37.03],[174.09,-37.1],[174.1,-37.89],[174.12,-38.68],[174.0,-38.77],[173.27,-39.45],[174.0,-40.13],[175.0,-40.15],[175.09,-40.22],[175.13,-40.98],[176.0,-41.61],[176.89,-40.98],[177.0,-40.69],[177.63,-40.22],[178.0,-39.97],[179.0,-39.92],[179.35,-39.45],[179.18,-38.68],[179.02,-37.89],[179.0,-37.86],[178.57,-37.1],[179.0,-36.74],[180.0,-36.5],[180.8,-36.3],[181.0,-36.17],[181.0,-36.3],[181.0,-37.1],[181.0,-37.89],[181.0,-38.68],[181.0,-39.45],[181.0,-40.22],[181.0,-40.98],[181.0,-41.73],[181.0,-42.47],[181.0,-42.82],[180.67,-43.21],[180.0,-43.87],[179.94,-43.93],[179.0,-44.35],[178.0,-44.64],[177.97,-44.65],[177.0,-44.94],[176.0,-45.03],[175.0,-45.16],[174.62,-45.35],[174.0,-45.52],[173.0,-45.7],[172.0,-45.9],[171.0,-45.98],[170.93,-46.05],[170.0,-46.51],[169.0,-46.66],[168.85,-46.74],[168.0,-47.14],[167.56,-46.74],[167.0,-46.4],[166.51,-46.05],[166.5,-45.35],[167.0,-44.98],[167.48,-44.65],[168.0,-44.21],[169.0,-44.03],[169.14,-43.93],[170.0,-43.3],[170.13,-43.21],[171.0,-42.58],[171.15,-42.47],[171.17,-41.73],[172.0,-40.98],[172.01,-40.98],[172.07,-40.22],[172.0,-40.01],[171.34,-39.45],[171.0,-39.18],[170.37,-38.68],[170.0,-38.46],[169.0,-37.91],[168.93,-37.89],[168.0,-37.55],[167.02,-37.1],[167.0,-37.1],[166.0,-36.51],[165.75,-36.3],[165.0,-35.71],[164.55,-35.49],[164.0,-35.09],[163.59,-34.67],[163.09,-33.84],[163.0,-33.74],[162.0,-33.35],[161.68,-33.01],[161.34,-32.16],[161.0,-31.85],[160.5,-32.16],[160.53,-33.01],[160.0,-33.84],[160.0,-33.84],[159.99,-33.84],[159.01,-33.01],[159.0,-32.99],[158.77,-32.16],[158.55,-31.31],[158.0,-30.5],[157.99,-30.46],[157.87,-29.59],[157.53,-28.72],[157.0,-28.24],[156.71,-27.84],[156.0,-27.42],[155.0,-27.06],[154.0,-27.21],[153.67,-27.84],[153.46,-28.72],[153.37,-29.59],[153.39,-30.46],[153.0,-31.18],[152.84,-31.31],[152.38,-32.16],[152.0,-32.47],[151.36,-33.01],[151.35,-33.84],[151.0,-34.21],[150.45,-34.67],[150.4,-35.49],[150.4,-36.3],[150.0,-36.96],[149.83,-37.1],[149.0,-37.64],[148.0,-37.86],[147.96,-37.89],[147.76,-38.68],[148.0,-39.24],[148.07,-39.45],[148.66,-40.22],[148.67,-40.98],[148.72,-41.73],[148.6,-42.47],[148.0,-42.91],[147.59,-43.21],[147.0,-43.49],[146.0,-43.49],[145.6,-43.21],[145.58,-42.47],[145.0,-42.04],[144.59,-41.73],[144.6,-40.98],[145.0,-40.45],[145.66,-40.22],[146.0,-39.96],[146.71,-39.45],[146.0,-39.23],[145.41,-38.68],[145.0,-38.27],[144.0,-38.32],[143.0,-38.24],[142.0,-38.25],[141.0,-38.22],[140.55,-37.89],[140.0,-37.45],[139.54,-37.1],[139.46,-36.3],[139.0,-35.93],[138.0,-35.72],[137.0,-35.71],[136.69,-35.49],[136.0,-35.01],[135.49,-34.67],[135.26,-33.84],[135.0,-33.62],[134.29,-33.01],[134.0,-32.76],[133.24,-32.16],[133.0,-31.95],[132.0,-31.95],[131.0,-31.9],[130.0,-31.92],[129.0,-31.94],[128.0,-31.97],[127.77,-32.16],[127.0,-32.75],[126.0,-32.77],[125.0,-32.91],[124.89,-33.01],[124.0,-33.7],[123.55,-33.84],[123.0,-34.13],[122.0,-34.29],[121.0,-34.1],[120.0,-34.39],[119.39,-34.67],[119.0,-34.86],[118.0,-35.35],[117.0,-35.46],[116.0,-35.47],[115.09,-34.67],[115.0,-34.45],[114.2,-33.84],[114.0,-33.01],[113.96,-33.01],[113.0,-32.65],[112.86,-33.01],[112.0,-33.55],[111.0,-33.13],[110.89,-33.01],[110.77,-32.16],[110.0,-31.78],[109.63,-31.31],[109.57,-30.46],[110.0,-29.69],[110.07,-29.59],[110.59,-28.72],[111.0,-28.43],[111.3,-28.72],[111.22,-29.59],[111.36,-30.46],[111.33,-31.31],[112.0,-32.02],[112.73,-31.31],[113.0,-31.07],[113.77,-30.46],[114.0,-30.38],[114.23,-29.59],[114.0,-28.98],[113.71,-28.72],[113.49,-27.84],[113.06,-26.95],[113.06,-26.05],[113.0,-25.77],[112.61,-25.15],[113.0,-24.42],[113.02,-24.24],[113.19,-23.33],[113.17,-22.41],[114.0,-21.57],[114.18,-21.48],[114.51,-20.55],[115.0,-20.0],[115.38,-19.61],[116.0,-18.73],[116.1,-18.66],[116.72,-17.71],[117.0,-17.26],[117.41,-16.76],[118.0,-16.07],[118.14,-15.8],[118.22,-14.83],[118.48,-13.86],[118.43,-12.89],[118.77,-11.91],[119.0,-11.57],[119.59,-10.93],[119.07,-9.95],[119.0,-9.64],[118.0,-9.55],[117.19,-9.95],[117.0,-10.17],[116.71,-9.95],[116.17,-8.96],[116.0,-8.7],[115.0,-8.93],[114.0,-8.85],[113.0,-8.75],[112.0,-8.78],[111.0,-8.82],[110.0,-8.08],[109.57,-7.97],[109.0,-7.94],[108.0,-7.86],[107.0,-7.8],[106.19,-6.98],[106.0,-6.71],[105.0,-6.05],[104.89,-5.99],[104.0,-5.89],[103.07,-4.99],[103.0,-4.92],[102.03,-4.0],[102.0,-3.97],[101.76,-4.0],[101.0,-4.35],[100.64,-4.0],[100.66,-3.0],[100.0,-2.85],[99.08,-2.0],[99.0,-1.96],[98.12,-1.0],[98.0,-0.45],[97.25,0.0],[97.0,0.74],[96.73,1.0],[96.0,1.56],[95.54,2.0],[95.09,3.0],[95.25,4.0],[95.09,4.99],[96.0,5.96],[96.17,5.99],[97.0,6.43],[97.86,6.98],[98.0,7.13],[98.27,7.97],[98.09,8.96],[98.0,9.63],[97.83,9.95],[97.13,10.93],[97.0,11.17],[96.0,11.05],[95.84,10.93],[95.0,10.55],[94.0,10.27],[93.0,10.4],[92.0,10.68],[91.0,10.73],[90.0,10.75],[89.7,10.93],[89.0,11.58],[88.33,10.93],[88.0,10.73],[87.0,10.23],[86.42,9.95],[86.0,9.45],[85.62,8.96],[85.0,8.78],[84.0,8.34],[83.68,7.97],[83.0,7.5],[82.57,6.98],[82.0,6.15],[81.73,5.99],[81.41,4.99],[81.41,4.0],[81.33,3.0],[81.63,2.0],[82.0,1.45],[83.0,1.45],[83.42,1.0],[83.13,0.0],[83.0,-0.26],[82.64,-1.0],[82.02,-2.0],[82.0,-2.03],[81.4,-3.0],[81.0,-3.53],[80.0,-3.52],[79.0,-3.4],[78.0,-3.92],[77.75,-4.0],[77.0,-4.2],[76.65,-4.0],[76.0,-3.73],[75.0,-3.08],[74.0,-3.21],[73.0,-3.75],[72.75,-4.0],[72.4,-4.99],[72.0,-5.43],[71.33,-4.99],[71.0,-4.41],[70.0,-4.14],[69.0,-4.08],[68.18,-4.0],[68.0,-3.96],[67.0,-3.48],[66.0,-3.26],[65.0,-3.17],[64.0,-3.53],[63.0,-3.86],[62.0,-3.63],[61.0,-3.08],[60.94,-3.0],[60.96,-2.0],[61.0,-1.78],[61.17,-1.0],[61.13,0.0],[61.07,1.0],[61.0,1.12],[60.0,1.04],[59.86,1.0],[59.0,0.75],[58.0,0.67],[57.0,0.8],[56.0,0.67],[55.0,0.46],[54.0,0.42],[53.0,0.65],[52.0,0.78],[51.0,0.89],[50.63,1.0],[50.0,1.26],[49.0,1.67],[48.0,1.9],[47.0,1.6],[46.0,1.21],[45.44,1.0],[45.0,0.85],[44.0,0.57],[43.11,0.0],[43.0,-0.07],[42.25,-1.0],[42.0,-1.2],[41.82,-2.0],[41.0,-2.83],[40.83,-3.0],[40.0,-3.84],[39.84,-4.0],[39.81,-4.99],[39.67,-5.99],[39.84,-6.98],[39.84,-7.97],[39.92,-8.96],[40.0,-9.29],[40.68,-9.95],[41.0,-10.27],[42.0,-10.87],[42.14,-10.93],[43.0,-11.05],[43.93,-11.91],[44.0,-12.02],[45.0,-11.95],[45.28,-11.91],[46.0,-11.78],[47.0,-11.82],[47.43,-11.91],[48.0,-12.04],[48.52,-11.91],[49.0,-11.8],[49.12,-11.91],[49.7,-12.89],[50.0,-13.18],[50.64,-13.86],[50.64,-14.83],[50.0,-15.76],[49.96,-15.8],[49.96,-16.76],[49.72,-17.71],[49.7,-18.66],[49.0,-19.41],[48.79,-19.61],[48.72,-20.55],[48.7,-21.48],[48.65,-22.41],[48.0,-23.01],[47.66,-23.33],[47.6,-24.24],[47.0,-24.76],[46.57,-25.15],[46.0,-25.64],[45.0,-25.74],[44.0,-25.45],[43.03,-25.15],[43.0,-25.13],[42.0,-24.89],[41.09,-24.24],[41.0,-24.16],[40.1,-23.33],[40.0,-23.23],[39.0,-22.78],[38.55,-23.33],[38.45,-24.24],[38.0,-24.62],[37.0,-25.08],[36.83,-25.15],[36.0,-25.8],[35.85,-26.05],[36.0,-26.36],[36.56,-26.95],[36.0,-27.06],[35.18,-26.95],[35.0,-26.89],[34.73,-26.95],[34.0,-27.05],[33.13,-27.84],[33.0,-27.96],[32.9,-28.72],[32.0,-29.48],[31.87,-29.59],[31.0,-30.13],[30.62,-30.46],[30.51,-31.31],[30.0,-31.7],[29.0,-31.85],[28.64,-32.16],[28.0,-32.67],[27.6,-33.01],[27.0,-33.36],[26.0,-33.52],[25.0,-33.74],[24.88,-33.84],[24.0,-34.2],[23.0,-34.24],[22.0,-34.26],[21.0,-34.28],[20.52,-34.67],[20.0,-35.04],[19.5,-34.67],[19.0,-34.25],[18.48,-33.84],[18.41,-33.01],[18.31,-32.16],[18.0,-31.9],[17.38,-31.31],[17.24,-30.46],[17.0,-29.61],[16.98,-29.59],[16.04,-28.72],[16.0,-28.68],[15.01,-27.84],[15.0,-27.73],[14.38,-26.95],[14.03,-26.05],[14.09,-25.15],[14.04,-24.24],[14.0,-24.0],[13.0,-23.85],[12.75,-23.33],[12.54,-22.41],[12.25,-21.48],[12.0,-21.09],[11.9,-20.55],[12.0,-20.39],[12.08,-19.61],[12.08,-18.66],[12.0,-18.59],[11.26,-17.71],[11.26,-16.76],[11.18,-15.8],[11.48,-14.83],[11.23,-13.86],[11.0,-13.38],[10.0,-12.99],[9.0,-12.9],[8.98,-12.89],[8.0,-12.45],[7.0,-12.74],[6.85,-12.89],[6.45,-13.86],[6.28,-14.83],[6.0,-15.74],[5.9,-15.8],[5.0,-16.16],[4.0,-16.24],[3.0,-16.51],[2.66,-16.76],[2.12,-17.71],[2.0,-17.72],[1.98,-17.71],[1.0,-17.21],[0.02,-16.76],[0.0,-16.75],[-1.0,-16.2],[-1.92,-15.8],[-2.0,-15.74],[-2.72,-14.83],[-3.0,-14.55],[-3.51,-14.83],[-4.0,-15.37],[-5.0,-15.41],[-5.36,-15.8],[-6.0,-16.19],[-6.81,-15.8],[-7.0,-15.48],[-8.0,-15.06],[-8.25,-14.83],[-9.0,-14.49],[-10.0,-14.16],[-10.84,-14.83],[-11.0,-15.19],[-12.0,-15.08],[-12.84,-15.8],[-12.0,-16.58],[-11.7,-16.76],[-12.0,-17.04],[-12.99,-16.76],[-13.0,-16.75],[-14.0,-15.86],[-14.11,-15.8],[-15.0,-15.32],[-16.0,-15.24],[-17.0,-15.23],[-17.73,-15.8],[-17.0,-16.58],[-16.67,-16.76],[-17.0,-17.02],[-17.99,-17.71],[-17.0,-18.53],[-16.39,-18.66],[-17.0,-18.95],[-18.0,-19.52],[-19.0,-18.88],[-19.14,-19.61],[-19.0,-19.77],[-18.0,-19.8],[-17.56,-20.55],[-17.0,-21.23],[-16.0,-21.19],[-15.42,-21.48],[-15.0,-21.58],[-14.0,-22.23],[-13.5,-22.41],[-13.0,-22.53],[-12.05,-23.33],[-12.0,-23.41],[-11.41,-24.24],[-11.0,-24.5],[-10.72,-24.24],[-10.0,-23.65],[-9.15,-24.24],[-9.0,-24.77],[-8.89,-25.15],[-8.0,-25.93],[-7.85,-26.05],[-7.0,-26.79],[-6.76,-26.95],[-6.0,-27.73],[-5.96,-27.84],[-5.8,-28.72],[-5.94,-29.59],[-6.0,-29.7],[-6.48,-30.46],[-6.74,-31.31],[-6.0,-31.77],[-5.0,-31.79],[-4.0,-31.52],[-3.62,-31.31],[-3.0,-30.55],[-2.18,-31.31],[-3.0,-31.9],[-3.19,-32.16],[-3.0,-32.35],[-2.52,-33.01],[-2.0,-33.65],[-1.79,-33.84],[-1.6,-34.67],[-2.0,-35.22],[-3.0,-35.24],[-3.7,-34.67],[-4.0,-34.43],[-5.0,-34.05],[-6.0,-34.48],[-6.76,-33.84],[-7.0,-33.58],[-8.0,-33.13],[-9.0,-33.07],[-10.0,-33.27],[-10.68,-33.01],[-11.0,-32.82],[-12.0,-32.59],[-13.0,-32.59],[-14.0,-32.23],[-14.23,-32.16],[-15.0,-31.97],[-16.0,-31.82],[-17.0,-31.66],[-18.0,-31.6],[-18.94,-31.31],[-19.0,-31.29],[-19.27,-31.31],[-20.0,-31.39],[-21.0,-31.39],[-21.22,-31.31],[-22.0,-30.78],[-23.0,-30.53],[-23.22,-30.46],[-24.0,-30.09],[-25.0,-29.71],[-25.41,-29.59],[-26.0,-29.42],[-27.0,-29.04],[-27.89,-28.72],[-28.0,-28.66],[-29.0,-28.45],[-30.0,-28.18],[-30.59,-27.84],[-31.0,-27.62],[-32.0,-27.3],[-33.0,-26.99],[-33.14,-26.95],[-34.0,-26.59],[-35.0,-26.15],[-36.0,-26.12],[-36.14,-26.05],[-36.31,-25.15],[-36.0,-25.12],[-35.0,-24.84],[-34.0,-24.61],[-33.0,-24.33],[-32.0,-24.54],[-31.77,-24.24],[-32.0,-24.01],[-33.0,-24.15],[-34.0,-23.91],[-34.71,-23.33],[-35.0,-23.17],[-36.0,-23.06],[-37.0,-23.28],[-38.0,-23.11],[-39.0,-22.45],[-39.06,-22.41],[-40.0,-21.72],[-40.74,-22.41],[-41.0,-22.58],[-42.0,-23.27],[-42.8,-23.33],[-43.0,-23.47],[-44.0,-24.12],[-44.28,-24.24],[-45.0,-24.54],[-45.68,-25.15],[-46.0,-25.92],[-47.0,-25.91],[-48.0,-25.87],[-48.06,-26.05],[-48.12,-26.95],[-48.07,-27.84],[-48.25,-28.72],[-48.79,-29.59],[-49.0,-29.86],[-49.26,-30.46],[-50.0,-31.09],[-50.06,-31.31],[-50.63,-32.16],[-51.0,-33.01],[-51.0,-33.01],[-51.26,-33.84],[-51.66,-34.67],[-51.92,-35.49],[-52.0,-35.64],[-52.17,-36.3],[-52.0,-37.06],[-51.84,-36.3],[-51.0,-35.76],[-50.71,-36.3],[-50.65,-37.1],[-50.91,-37.89],[-51.0,-38.05],[-51.19,-37.89],[-52.0,-37.11],[-52.54,-37.89],[-53.0,-38.42],[-53.18,-38.68],[-53.53,-39.45],[-54.0,-39.83],[-55.0,-40.1],[-55.22,-40.22],[-56.0,-40.78],[-56.36,-40.98],[-57.0,-41.52],[-57.5,-41.73],[-58.0,-42.17],[-58.2,-42.47],[-58.56,-43.21],[-58.49,-43.93],[-58.34,-44.65],[-58.09,-45.35],[-58.0,-45.51],[-57.58,-46.05],[-57.44,-46.74],[-57.42,-47.42],[-57.55,-48.09],[-57.52,-48.76],[-57.43,-49.41],[-57.43,-50.06],[-57.48,-50.7],[-57.47,-51.33],[-58.0,-51.81],[-58.11,-51.95],[-59.0,-52.47],[-60.0,-52.47],[-61.0,-52.52],[-61.36,-52.56],[-61.32,-53.16],[-61.6,-53.76],[-61.93,-54.34],[-62.0,-54.77],[-62.03,-54.92],[-62.25,-55.49],[-62.95,-56.06],[-63.0,-56.11],[-63.9,-56.61],[-64.0,-56.77],[-64.16,-57.16],[-64.58,-57.7],[-65.0,-58.1],[-65.43,-58.23],[-65.61,-58.75],[-66.0,-59.26],[-66.0,-59.26],[-66.33,-59.77],[-66.27,-60.27],[-66.31,-60.76],[-66.0,-60.86],[-65.0,-61.1],[-64.57,-60.76],[-64.0,-60.52],[-63.76,-60.27],[-63.0,-59.88],[-62.0,-60.25],[-61.97,-60.27],[-61.32,-60.76],[-61.24,-61.25],[-61.27,-61.73],[-62.0,-62.1],[-62.18,-62.2],[-62.61,-62.66],[-63.0,-62.85],[-63.14,-63.11],[-63.31,-63.56],[-63.77,-64.0],[-63.0,-64.06],[-62.88,-64.0],[-62.0,-63.62],[-61.57,-63.56],[-61.0,-63.32],[-60.17,-63.11],[-61.0,-62.84],[-61.42,-62.66],[-61.0,-62.52],[-60.0,-62.24],[-59.0,-62.27],[-58.96,-62.2],[-58.0,-61.8],[-57.4,-61.73],[-57.0,-61.66],[-56.0,-61.52],[-55.9,-61.25],[-55.0,-60.8],[-54.64,-60.76],[-54.0,-60.47],[-53.4,-60.27],[-53.01,-59.77],[-53.0,-59.76],[-52.03,-59.26],[-52.0,-59.23],[-51.07,-58.75],[-51.0,-58.72],[-50.0,-58.5],[-49.0,-58.27],[-48.0,-58.32],[-47.0,-58.38],[-46.0,-58.48],[-45.0,-58.36],[-44.0,-58.31],[-43.9,-58.23],[-43.0,-57.98],[-42.0,-57.98],[-41.0,-58.02],[-40.0,-58.03],[-39.0,-58.06],[-38.0,-58.04],[-37.29,-57.7],[-37.04,-57.16],[-37.0,-57.13],[-36.91,-57.16],[-36.0,-57.35],[-35.0,-57.51],[-34.0,-57.48],[-33.19,-57.16],[-33.0,-57.09],[-32.0,-56.96],[-31.0,-56.66],[-30.87,-56.61],[-30.0,-56.25],[-29.54,-56.06],[-29.11,-55.49],[-29.0,-55.11],[-28.35,-54.92],[-28.0,-54.9],[-27.73,-54.92],[-27.0,-55.11],[-26.44,-55.49],[-26.0,-55.65],[-25.61,-56.06],[-25.0,-56.43],[-24.72,-56.61],[-24.0,-57.12],[-23.0,-57.08],[-22.06,-57.16],[-22.0,-57.17],[-21.0,-57.25],[-20.0,-57.4],[-19.2,-57.7],[-19.0,-57.75],[-18.0,-57.85],[-17.0,-57.76],[-16.0,-57.84],[-15.22,-57.7],[-15.0,-57.62],[-14.0,-57.54],[-13.0,-57.32],[-12.44,-57.16],[-12.0,-57.03],[-11.26,-57.16],[-11.0,-57.2],[-10.13,-57.16],[-10.0,-57.15],[-9.98,-57.16],[-9.0,-57.37],[-8.0,-57.24],[-7.0,-57.2],[-6.0,-57.33],[-5.0,-57.47],[-4.0,-57.49],[-3.0,-57.39],[-2.0,-57.33],[-1.0,-57.35],[0.0,-57.36],[0.4,-57.16],[1.0,-57.0],[2.0,-56.85],[3.0,-56.99],[4.0,-57.02],[5.0,-57.02],[6.0,-56.98],[7.0,-56.98],[8.0,-56.97],[9.0,-57.04],[10.0,-57.07],[11.0,-57.07],[12.0,-57.07],[12.91,-57.16],[13.0,-57.17],[14.0,-57.51],[14.76,-57.7],[15.0,-57.79],[16.0,-58.02],[17.0,-58.22],[17.09,-58.23],[18.0,-58.42],[19.0,-58.54],[20.0,-58.63],[21.0,-58.74],[21.02,-58.75],[22.0,-59.09],[22.38,-59.26],[23.0,-59.5],[23.83,-59.77],[24.0,-59.85],[25.0,-60.01],[25.93,-60.27],[26.0,-60.29],[27.0,-60.64],[28.0,-60.67],[29.0,-60.61],[30.0,-60.76],[30.0,-60.76],[31.0,-61.02],[32.0,-61.16],[33.0,-61.19],[34.0,-61.17],[35.0,-61.21],[35.53,-61.25],[36.0,-61.31],[37.0,-61.47],[38.0,-61.52],[39.0,-61.65],[39.14,-61.73],[40.0,-62.02],[41.0,-62.1],[42.0,-62.13],[43.0,-62.15],[43.58,-62.2],[44.0,-62.25],[45.0,-62.38],[46.0,-62.52],[47.0,-62.66],[47.01,-62.66],[48.0,-62.85],[49.0,-63.02],[49.89,-63.11],[50.0,-63.12],[51.0,-63.24],[52.0,-63.38],[53.0,-63.51],[53.65,-63.56],[54.0,-63.59],[55.0,-63.6],[56.0,-63.56],[56.03,-63.56],[57.0,-63.49],[58.0,-63.39],[59.0,-63.27],[59.95,-63.11],[60.0,-63.1],[61.0,-62.99],[62.0,-62.83],[62.78,-62.66],[63.0,-62.62],[64.0,-62.43],[65.0,-62.36],[66.0,-62.34],[67.0,-62.27],[67.48,-62.2],[68.0,-62.14],[69.0,-61.93],[69.87,-61.73],[70.0,-61.7],[71.0,-61.65],[72.0,-61.64],[73.0,-61.36],[73.23,-61.25],[74.0,-60.87],[74.2,-60.76],[75.0,-60.38],[75.29,-60.27],[76.0,-60.1],[77.0,-60.02],[78.0,-59.81],[78.16,-59.77],[79.0,-59.64],[80.0,-59.37],[80.34,-59.26],[81.0,-59.01],[82.0,-59.13],[83.0,-59.19],[83.21,-59.26],[84.0,-59.54],[84.56,-59.77],[85.0,-60.01],[85.38,-60.27],[86.0,-60.67],[87.0,-60.63],[87.33,-60.76],[88.0,-61.03],[89.0,-61.13],[90.0,-60.92],[91.0,-60.78],[91.98,-60.76],[92.0,-60.76],[93.0,-60.46],[93.75,-60.27],[94.0,-60.19],[94.2,-60.27],[95.0,-60.44],[96.0,-60.39],[96.68,-60.27],[97.0,-60.15],[97.45,-60.27],[98.0,-60.37],[99.0,-60.48],[99.88,-60.76],[100.0,-60.84],[101.0,-61.15],[102.0,-61.21],[103.0,-60.96],[104.0,-60.9],[105.0,-60.88],[106.0,-60.96],[107.0,-61.17],[108.0,-61.14],[108.33,-61.25],[109.0,-61.45],[110.0,-61.46],[110.71,-61.73],[111.0,-61.84],[112.0,-62.06],[113.0,-62.17],[113.1,-62.2],[114.0,-62.4],[115.0,-62.48],[116.0,-62.58],[117.0,-62.63],[117.1,-62.66],[118.0,-62.93],[118.99,-63.11],[119.0,-63.12],[119.36,-63.56],[120.0,-63.74],[121.0,-63.99],[122.0,-63.99],[122.04,-64.0],[123.0,-64.38],[123.31,-64.44],[124.0,-64.53],[125.0,-64.67],[126.0,-64.7],[127.0,-64.72],[128.0,-64.69],[129.0,-64.66],[130.0,-64.66],[131.0,-64.57],[131.43,-64.44],[132.0,-64.09],[132.18,-64.0],[133.0,-63.83],[134.0,-63.7],[135.0,-63.73],[136.0,-63.89],[137.0,-63.76],[138.0,-63.66],[139.0,-63.63],[140.0,-63.72],[141.0,-63.78],[142.0,-63.68],[142.3,-63.56],[143.0,-63.24],[144.0,-63.24],[145.0,-63.11],[146.0,-63.37],[147.0,-63.34],[148.0,-63.28],[148.72,-63.11],[149.0,-63.05],[150.0,-63.07],[151.0,-63.01],[152.0,-62.9],[153.0,-62.88],[154.0,-62.79],[155.0,-62.66],[156.0,-62.75],[157.0,-62.95],[158.0,-62.93],[159.0,-62.89],[160.0,-62.83],[161.0,-62.77],[162.0,-62.71],[163.0,-62.68],[164.0,-62.69],[165.0,-62.79],[166.0,-62.87],[167.0,-62.96],[167.53,-63.11],[168.0,-63.24],[168.61,-63.56],[169.0,-63.74],[170.0,-63.97],[171.0,-63.91],[171.94,-63.56],[172.0,-63.53],[173.0,-63.53],[174.0,-63.53],[174.15,-63.56],[174.92,-64.0],[175.0,-64.06],[175.64,-64.44],[176.0,-64.49],[177.0,-64.46],[178.0,-64.48],[179.0,-64.78],[179.3,-64.87],[180.0,-65.22],[180.24,-65.29],[181.0,-65.4],[181.0,-65.7],[181.0,-65.72],[180.92,-65.7],[180.0,-65.57],[179.02,-65.29],[179.0,-65.28],[178.0,-64.87],[177.99,-64.87],[177.0,-64.79],[176.0,-64.75],[175.0,-64.66],[174.17,-64.44],[174.0,-64.3],[173.0,-64.44],[172.99,-64.44],[172.0,-64.52],[171.32,-64.44],[171.0,-64.39],[170.0,-64.4],[169.0,-64.15],[168.74,-64.0],[168.0,-63.65],[167.69,-63.56],[167.0,-63.41],[166.0,-63.25],[165.0,-63.15],[164.38,-63.11],[164.0,-63.09],[163.37,-63.11],[163.0,-63.13],[162.0,-63.19],[161.0,-63.28],[160.0,-63.34],[159.0,-63.41],[158.0,-63.42],[157.0,-63.37],[156.0,-63.22],[155.0,-63.28],[154.0,-63.44],[153.0,-63.49],[152.0,-63.53],[151.51,-63.56],[151.0,-63.59],[150.0,-63.62],[149.0,-63.57],[148.0,-63.6],[147.0,-63.64],[146.0,-63.73],[145.0,-63.66],[144.0,-63.85],[143.5,-64.0],[143.0,-64.15],[142.0,-64.31],[141.0,-64.27],[140.0,-64.17],[139.0,-64.1],[138.0,-64.16],[137.0,-64.27],[136.0,-64.34],[135.0,-64.2],[134.0,-64.18],[133.22,-64.44],[133.0,-64.49],[132.0,-64.73],[131.38,-64.87],[131.0,-64.99],[130.0,-65.09],[129.0,-65.09],[128.0,-65.05],[127.0,-64.99],[126.0,-64.88],[125.91,-64.87],[125.0,-64.84],[124.0,-64.79],[123.0,-64.74],[122.0,-64.63],[121.0,-64.56],[120.27,-64.44],[120.0,-64.36],[119.0,-64.0],[119.0,-64.0],[118.0,-63.69],[117.69,-63.56],[117.07,-63.11],[117.0,-63.09],[116.0,-62.99],[115.0,-62.83],[114.0,-62.87],[113.0,-62.95],[112.18,-62.66],[112.0,-62.58],[111.0,-62.32],[110.66,-62.2],[110.0,-62.02],[109.0,-61.97],[108.0,-61.83],[107.38,-61.73],[107.0,-61.69],[106.0,-61.4],[105.0,-61.31],[104.0,-61.41],[103.0,-61.5],[102.36,-61.73],[102.0,-61.85],[101.0,-61.82],[100.0,-61.91],[99.44,-61.73],[99.0,-61.54],[98.37,-61.25],[98.0,-61.07],[97.0,-60.95],[96.0,-61.0],[95.37,-61.25],[95.0,-61.38],[94.69,-61.25],[94.01,-60.76],[94.0,-60.76],[93.99,-60.76],[93.54,-61.25],[93.0,-61.5],[92.0,-61.47],[91.07,-61.25],[91.0,-61.24],[90.95,-61.25],[90.0,-61.5],[89.0,-61.51],[88.0,-61.37],[87.65,-61.25],[87.0,-61.02],[86.0,-60.98],[85.45,-60.76],[85.0,-60.36],[84.88,-60.27],[84.02,-59.77],[84.0,-59.76],[83.0,-59.55],[82.0,-59.52],[81.0,-59.44],[80.0,-59.69],[79.58,-59.77],[79.0,-59.93],[78.0,-60.13],[77.09,-60.27],[77.0,-60.3],[76.0,-60.6],[75.58,-60.76],[75.0,-61.06],[74.69,-61.25],[74.0,-61.63],[73.77,-61.73],[73.0,-62.0],[72.0,-62.14],[71.08,-62.2],[71.0,-62.21],[70.0,-62.3],[69.0,-62.43],[68.0,-62.54],[67.0,-62.61],[66.06,-62.66],[66.0,-62.67],[65.0,-62.85],[64.0,-63.0],[63.47,-63.11],[63.0,-63.23],[62.0,-63.42],[61.23,-63.56],[61.0,-63.61],[60.0,-63.76],[59.0,-63.87],[58.0,-63.96],[57.58,-64.0],[57.0,-64.11],[56.0,-64.26],[55.0,-64.3],[54.0,-64.25],[53.0,-64.0],[52.99,-64.0],[52.0,-63.88],[51.0,-63.75],[50.0,-63.63],[49.3,-63.56],[49.0,-63.54],[48.0,-63.46],[47.0,-63.36],[46.0,-63.26],[45.34,-63.11],[45.0,-63.05],[44.0,-62.89],[43.0,-62.72],[42.57,-62.66],[42.0,-62.61],[41.0,-62.52],[40.0,-62.43],[39.0,-62.28],[38.48,-62.2],[38.0,-62.12],[37.0,-62.0],[36.0,-61.87],[35.0,-61.73],[34.96,-61.73],[34.0,-61.66],[33.0,-61.62],[32.0,-61.57],[31.0,-61.4],[30.14,-61.25],[30.0,-61.23],[29.0,-61.22],[28.36,-61.25],[28.0,-61.26],[27.0,-61.25],[27.0,-61.25],[26.05,-60.76],[26.0,-60.74],[25.0,-60.47],[24.14,-60.27],[24.0,-60.25],[23.0,-59.8],[22.91,-59.77],[22.0,-59.51],[21.13,-59.26],[21.0,-59.22],[20.0,-59.13],[19.0,-59.08],[18.0,-58.96],[17.0,-58.78],[16.88,-58.75],[16.0,-58.6],[15.0,-58.35],[14.6,-58.23],[14.0,-58.06],[13.0,-57.82],[12.0,-57.74],[11.44,-57.7],[11.0,-57.68],[10.0,-57.66],[9.0,-57.56],[8.0,-57.41],[7.0,-57.38],[6.0,-57.32],[5.0,-57.26],[4.0,-57.24],[3.0,-57.17],[2.93,-57.16],[2.0,-57.09],[1.39,-57.16],[1.0,-57.38],[0.24,-57.7],[0.0,-57.78],[-1.0,-57.82],[-2.0,-57.84],[-3.0,-57.79],[-4.0,-57.91],[-5.0,-57.9],[-5.9,-57.7],[-6.0,-57.69],[-7.0,-57.56],[-8.0,-57.56],[-9.0,-57.63],[-10.0,-57.51],[-11.0,-57.52],[-12.0,-57.44],[-12.92,-57.7],[-13.0,-57.73],[-14.0,-57.97],[-15.0,-57.97],[-16.0,-58.06],[-17.0,-58.0],[-18.0,-58.05],[-19.0,-58.02],[-20.0,-57.82],[-20.46,-57.7],[-21.0,-57.6],[-22.0,-57.52],[-23.0,-57.51],[-24.0,-57.48],[-24.67,-57.16],[-25.0,-56.85],[-25.29,-56.61],[-26.0,-56.13],[-26.17,-56.06],[-27.0,-55.77],[-28.0,-55.71],[-28.62,-56.06],[-29.0,-56.24],[-30.0,-56.58],[-30.07,-56.61],[-31.0,-57.0],[-32.0,-57.15],[-32.11,-57.16],[-33.0,-57.37],[-34.0,-57.63],[-35.0,-57.65],[-36.0,-57.63],[-36.53,-57.7],[-37.0,-57.84],[-38.0,-58.21],[-39.0,-58.21],[-40.0,-58.18],[-41.0,-58.2],[-42.0,-58.22],[-42.32,-58.23],[-43.0,-58.41],[-43.35,-58.75],[-44.0,-58.99],[-45.0,-59.21],[-45.12,-59.26],[-46.0,-59.44],[-47.0,-59.46],[-48.0,-59.65],[-48.74,-59.77],[-49.0,-59.8],[-50.0,-59.92],[-51.0,-59.99],[-51.94,-60.27],[-52.0,-60.29],[-52.9,-60.76],[-53.0,-60.8],[-54.0,-60.92],[-55.0,-61.02],[-55.46,-61.25],[-55.0,-61.64],[-54.82,-61.73],[-55.0,-61.81],[-56.0,-62.06],[-56.32,-62.2],[-56.68,-62.66],[-57.0,-62.89],[-58.0,-63.0],[-58.26,-63.11],[-59.0,-63.53],[-59.18,-63.56],[-60.0,-63.61],[-61.0,-63.7],[-62.0,-63.81],[-62.45,-64.0],[-63.0,-64.28],[-63.46,-64.44],[-64.0,-64.62],[-64.38,-64.44],[-64.39,-64.0],[-64.0,-63.65],[-63.87,-63.56],[-63.57,-63.11],[-63.38,-62.66],[-63.0,-62.45],[-62.62,-62.2],[-62.0,-61.86],[-61.75,-61.73],[-62.0,-61.25],[-62.0,-61.25],[-62.33,-60.76],[-63.0,-60.4],[-63.46,-60.76],[-63.94,-61.25],[-64.0,-61.28],[-64.78,-61.73],[-65.0,-61.82],[-65.33,-61.73],[-66.0,-61.54],[-66.44,-61.73],[-67.0,-62.07],[-67.26,-62.2],[-68.0,-62.59],[-68.56,-62.66],[-69.0,-62.7],[-70.0,-62.83],[-71.0,-62.81],[-72.0,-62.74],[-73.0,-62.98],[-73.89,-63.11],[-74.0,-63.11],[-74.08,-63.11],[-74.65,-62.66],[-74.0,-62.22],[-73.97,-62.2],[-73.65,-61.73],[-73.69,-61.25],[-73.72,-60.76],[-73.37,-60.27],[-73.56,-59.77],[-74.0,-59.74],[-74.15,-59.77],[-75.0,-59.98],[-75.71,-60.27],[-76.0,-60.37],[-76.88,-60.76],[-77.0,-60.83],[-77.66,-61.25],[-78.0,-61.41],[-79.0,-61.51],[-79.65,-61.73],[-80.0,-62.05],[-80.1,-62.2],[-80.65,-62.66],[-80.97,-63.11],[-81.0,-63.17],[-81.29,-63.56],[-82.0,-63.98],[-82.03,-64.0],[-82.42,-64.44],[-83.0,-64.79],[-83.44,-64.87],[-84.0,-65.02],[-85.0,-65.25],[-86.0,-65.13],[-86.67,-65.29],[-87.0,-65.36],[-88.0,-65.53],[-88.32,-65.7],[-88.54,-66.11],[-88.82,-66.51],[-89.0,-66.58],[-90.0,-66.79],[-90.8,-66.91],[-91.0,-66.93],[-91.4,-66.91],[-92.0,-66.88],[-92.07,-66.91],[-92.96,-67.3],[-93.0,-67.31],[-94.0,-67.56],[-94.7,-67.68],[-95.0,-67.75],[-96.0,-67.9],[-97.0,-68.05],[-97.07,-68.06],[-97.98,-68.43],[-98.0,-68.43],[-99.0,-68.57],[-100.0,-68.71],[-100.55,-68.79],[-101.0,-68.91],[-102.0,-68.98],[-103.0,-68.94],[-103.98,-68.79],[-104.0,-68.79],[-105.0,-68.67],[-106.0,-68.66],[-107.0,-68.69],[-108.0,-68.77],[-109.0,-68.69],[-110.0,-68.66],[-111.0,-68.68],[-112.0,-68.67],[-112.56,-68.79],[-113.0,-68.9],[-113.91,-69.15],[-114.0,-69.17],[-114.53,-69.15],[-115.0,-69.13],[-116.0,-69.07],[-117.0,-68.9],[-117.81,-68.79],[-118.0,-68.77],[-119.0,-68.75],[-120.0,-68.73],[-121.0,-68.67],[-122.0,-68.64],[-122.98,-68.43],[-123.0,-68.42],[-123.91,-68.06],[-124.0,-68.04],[-125.0,-67.95],[-126.0,-67.83],[-127.0,-67.8],[-127.62,-67.68],[-128.0,-67.65],[-129.0,-67.63],[-130.0,-67.6],[-131.0,-67.43],[-132.0,-67.58],[-133.0,-67.6],[-134.0,-67.42],[-134.32,-67.3],[-134.57,-66.91],[-134.81,-66.51],[-135.0,-66.44],[-135.92,-66.51],[-136.0,-66.52],[-136.04,-66.51],[-137.0,-66.26],[-137.65,-66.11],[-138.0,-66.06],[-139.0,-65.78],[-139.18,-65.7],[-140.0,-65.48],[-140.41,-65.29],[-140.78,-64.87],[-141.0,-64.59],[-141.43,-64.44],[-142.0,-64.12],[-142.29,-64.0],[-143.0,-63.83],[-143.73,-63.56],[-144.0,-63.47],[-144.88,-63.11],[-145.0,-63.05],[-145.93,-62.66],[-146.0,-62.63],[-146.98,-62.2],[-147.0,-62.19],[-147.78,-61.73],[-148.0,-61.55],[-149.0,-61.47],[-149.46,-61.73],[-150.0,-61.96],[-150.88,-62.2],[-151.0,-62.31],[-151.2,-62.66],[-151.4,-63.11],[-152.0,-63.44],[-152.2,-63.56],[-152.78,-64.0],[-153.0,-64.2],[-153.23,-64.44],[-154.0,-64.69],[-154.72,-64.87],[-155.0,-65.01],[-155.31,-65.29],[-156.0,-65.64],[-156.07,-65.7],[-156.78,-66.11],[-157.0,-66.2],[-158.0,-66.49],[-158.11,-66.51],[-159.0,-66.7],[-160.0,-66.75],[-161.0,-66.75],[-162.0,-66.58],[-162.25,-66.51],[-163.0,-66.32],[-164.0,-66.27],[-165.0,-66.26],[-166.0,-66.27],[-167.0,-66.24],[-168.0,-66.25],[-169.0,-66.26],[-170.0,-66.22],[-171.0,-66.18],[-172.0,-66.12],[-172.46,-66.11],[-173.0,-66.1],[-174.0,-66.1],[-175.0,-66.01],[-176.0,-65.84],[-177.0,-65.92],[-178.0,-65.94],[-179.0,-65.72],[-179.08,-65.7],[-180.0,-65.57]],[[-42.0,43.09],[-42.65,43.21],[-42.97,43.93],[-43.0,43.95],[-43.63,44.65],[-44.0,44.98],[-45.0,45.18],[-45.43,45.35],[-46.0,45.69],[-46.92,46.05],[-47.0,46.1],[-47.9,46.74],[-48.0,46.86],[-48.39,47.42],[-48.6,48.09],[-48.97,48.76],[-49.0,48.82],[-49.36,49.41],[-49.83,50.06],[-50.0,50.33],[-50.33,50.7],[-50.38,51.33],[-50.63,51.95],[-51.0,52.49],[-51.08,52.56],[-52.0,52.96],[-52.36,53.16],[-53.0,53.53],[-53.53,53.76],[-54.0,53.97],[-54.86,54.34],[-55.0,54.39],[-55.72,54.92],[-56.0,55.1],[-56.49,55.49],[-57.0,55.9],[-57.3,56.06],[-58.0,56.52],[-58.09,56.61],[-58.59,57.16],[-59.0,57.49],[-59.29,57.7],[-59.77,58.23],[-60.0,58.54],[-60.23,58.75],[-60.47,59.26],[-60.48,59.77],[-60.21,60.27],[-60.0,60.75],[-60.0,60.76],[-59.91,61.25],[-59.72,61.73],[-59.26,62.2],[-59.0,62.34],[-58.71,62.66],[-58.33,63.11],[-58.0,63.53],[-57.94,63.56],[-57.29,64.0],[-57.0,64.12],[-56.0,64.19],[-55.86,64.0],[-55.39,63.56],[-55.0,63.23],[-54.92,63.11],[-54.53,62.66],[-54.0,62.28],[-53.79,62.2],[-53.0,61.96],[-52.0,61.8],[-51.69,61.73],[-51.0,61.61],[-50.0,61.36],[-49.69,61.25],[-49.0,60.9],[-48.95,60.76],[-48.0,60.29],[-47.58,60.27],[-47.74,59.77],[-47.06,59.26],[-47.0,59.24],[-46.9,59.26],[-46.0,59.5],[-45.0,59.63],[-44.0,59.68],[-43.87,59.77],[-43.19,60.27],[-43.0,60.36],[-42.58,60.76],[-42.49,61.25],[-42.33,61.73],[-42.18,62.2],[-42.02,62.66],[-42.0,62.67],[-41.05,63.11],[-41.0,63.13],[-40.08,63.56],[-40.0,63.69],[-39.0,63.91],[-38.59,64.0],[-38.0,64.14],[-37.0,64.22],[-36.0,64.44],[-35.99,64.44],[-35.0,64.49],[-34.0,64.6],[-33.0,64.74],[-32.0,64.76],[-31.0,64.72],[-30.0,64.68],[-29.0,64.47],[-28.9,64.44],[-28.0,64.17],[-27.54,64.0],[-28.0,63.66],[-28.15,63.56],[-29.0,63.12],[-29.04,63.11],[-29.04,62.66],[-29.0,62.64],[-28.17,62.2],[-28.0,62.17],[-27.0,62.08],[-26.0,62.05],[-25.0,61.98],[-24.0,61.76],[-23.85,61.73],[-23.0,61.54],[-22.0,61.28],[-21.91,61.25],[-21.0,60.93],[-20.54,60.76],[-20.0,60.47],[-19.34,60.27],[-19.0,60.13],[-18.01,59.77],[-18.0,59.76],[-17.17,59.26],[-17.0,59.23],[-16.75,59.26],[-16.0,59.36],[-15.0,59.65],[-14.81,59.77],[-14.3,60.27],[-14.01,60.76],[-14.45,61.25],[-14.51,61.73],[-14.5,62.2],[-14.44,62.66],[-14.28,63.11],[-14.18,63.56],[-14.0,63.68],[-13.44,64.0],[-13.03,64.44],[-13.0,64.53],[-12.69,64.87],[-12.55,65.29],[-12.86,65.7],[-13.0,65.81],[-13.34,66.11],[-13.91,66.51],[-13.89,66.91],[-13.72,67.3],[-13.91,67.68],[-14.0,67.86],[-14.12,68.06],[-14.0,68.43],[-14.0,68.43],[-13.57,68.79],[-13.04,69.15],[-13.0,69.17],[-12.59,69.5],[-12.0,69.84],[-11.98,69.85],[-11.33,70.19],[-11.0,70.28],[-10.25,70.53],[-10.0,70.6],[-9.0,70.71],[-8.65,70.86],[-9.0,71.06],[-10.0,71.17],[-10.06,71.19],[-10.0,71.46],[-9.99,71.51],[-9.33,71.82],[-9.0,71.96],[-8.58,72.13],[-8.0,72.33],[-7.72,72.43],[-7.0,72.65],[-6.77,72.73],[-6.0,72.95],[-5.63,73.03],[-5.0,73.16],[-4.0,73.32],[-3.99,73.32],[-3.0,73.48],[-2.0,73.6],[-1.96,73.6],[-1.0,73.67],[0.0,73.71],[1.0,73.72],[2.0,73.7],[3.0,73.65],[3.74,73.6],[4.0,73.58],[5.0,73.53],[6.0,73.46],[7.0,73.37],[7.7,73.32],[8.0,73.3],[9.0,73.24],[10.0,73.16],[11.0,73.08],[12.0,73.04],[12.09,73.03],[13.0,72.98],[14.0,72.94],[15.0,72.91],[16.0,72.89],[17.0,72.97],[17.61,73.03],[18.0,73.06],[19.0,73.08],[20.0,73.11],[21.0,73.29],[21.21,73.32],[22.0,73.42],[23.0,73.59],[23.11,73.6],[24.0,73.72],[24.97,73.88],[25.0,73.91],[25.29,74.16],[25.0,74.26],[24.68,74.43],[25.0,74.56],[25.8,74.69],[26.0,74.7],[27.0,74.71],[28.0,74.7],[29.0,74.76],[29.85,74.96],[30.0,75.0],[30.64,75.21],[31.0,75.4],[31.28,75.47],[32.0,75.71],[32.0,75.71],[33.0,75.94],[33.04,75.96],[33.63,76.2],[34.0,76.39],[34.15,76.44],[34.81,76.67],[35.0,76.74],[35.93,76.9],[36.0,76.91],[36.88,77.12],[37.0,77.14],[37.97,77.34],[38.0,77.34],[38.93,77.56],[39.0,77.57],[39.69,77.77],[40.0,77.85],[40.48,77.98],[41.0,78.09],[41.66,78.19],[42.0,78.24],[43.0,78.36],[43.22,78.39],[44.0,78.49],[44.65,78.59],[45.0,78.63],[46.0,78.72],[47.0,78.74],[48.0,78.78],[48.18,78.79],[49.0,78.84],[49.96,78.98],[50.0,78.99],[50.81,79.17],[51.0,79.21],[51.67,79.36],[52.0,79.44],[53.0,79.54],[53.16,79.54],[54.0,79.56],[55.0,79.59],[55.29,79.54],[56.0,79.4],[56.13,79.36],[56.63,79.17],[56.99,78.98],[57.0,78.96],[57.2,78.79],[57.29,78.59],[57.21,78.39],[57.0,78.23],[56.95,78.19],[56.54,77.98],[56.25,77.77],[56.0,77.61],[55.9,77.56],[55.65,77.34],[55.53,77.12],[55.48,76.9],[55.64,76.67],[56.0,76.55],[57.0,76.45],[57.11,76.44],[58.0,76.38],[58.64,76.2],[58.62,75.96],[58.17,75.71],[58.0,75.67],[57.29,75.47],[57.0,75.39],[56.36,75.21],[56.14,74.96],[56.15,74.69],[56.0,74.65],[55.41,74.43],[55.35,74.16],[55.0,74.06],[54.36,73.88],[54.15,73.6],[54.15,73.32],[54.0,73.28],[53.2,73.03],[53.0,72.97],[52.28,72.73],[52.25,72.43],[52.21,72.13],[52.0,72.06],[51.23,71.82],[51.22,71.51],[52.0,71.22],[52.14,71.19],[52.81,70.86],[53.0,70.78],[54.0,70.54],[54.14,70.53],[55.0,70.26],[55.53,70.19],[56.0,69.88],[56.08,69.85],[56.0,69.84],[55.0,69.64],[54.45,69.5],[54.0,69.44],[53.0,69.41],[52.0,69.34],[51.0,69.41],[50.37,69.5],[50.0,69.57],[49.0,69.71],[48.13,69.5],[48.0,69.4],[47.24,69.15],[47.13,68.79],[47.0,68.75],[46.56,68.79],[46.0,68.89],[45.0,69.02],[44.0,69.07],[43.0,69.07],[42.08,69.15],[42.0,69.16],[41.0,69.22],[40.47,69.5],[40.0,69.74],[39.85,69.85],[39.63,70.19],[39.35,70.53],[39.22,70.86],[39.0,71.14],[38.92,71.19],[38.37,71.51],[38.05,71.82],[38.0,71.9],[37.57,72.13],[37.0,72.36],[36.0,72.33],[35.37,72.13],[35.0,71.96],[34.65,71.82],[34.0,71.61],[33.0,71.76],[32.0,71.79],[31.0,71.76],[30.0,71.74],[29.0,71.74],[28.64,71.82],[28.0,72.06],[27.54,72.13],[27.0,72.19],[26.0,72.32],[25.45,72.43],[25.0,72.5],[24.0,72.56],[23.0,72.52],[22.0,72.51],[21.0,72.43],[20.97,72.43],[20.0,72.29],[19.0,72.14],[18.96,72.13],[18.03,71.82],[18.0,71.78],[17.88,71.51],[17.94,71.19],[17.79,70.86],[17.24,70.53],[17.0,70.34],[16.0,70.33],[15.68,70.19],[15.71,69.85],[15.22,69.5],[15.0,69.35],[14.82,69.15],[14.04,68.79],[14.0,68.71],[13.34,68.43],[13.0,68.11],[12.91,68.06],[12.09,67.68],[12.0,67.37],[11.85,67.3],[11.0,67.12],[10.0,67.24],[9.85,67.3],[9.0,67.68],[9.0,67.68],[8.04,68.06],[8.0,68.08],[7.0,68.36],[6.73,68.43],[6.0,68.69],[5.57,68.79],[5.0,68.91],[4.41,69.15],[4.0,69.29],[3.22,69.5],[3.0,69.55],[2.0,69.5],[2.0,69.5],[1.22,69.15],[1.0,69.0],[0.92,68.79],[0.98,68.43],[1.0,68.25],[1.04,68.06],[1.0,68.0],[0.92,67.68],[0.67,67.3],[0.33,66.91],[0.0,66.64],[-0.1,66.51],[0.0,66.13],[0.01,66.11],[0.24,65.7],[0.63,65.29],[1.0,64.88],[1.01,64.87],[1.35,64.44],[1.55,64.0],[1.83,63.56],[2.0,63.34],[2.2,63.11],[2.39,62.66],[2.76,62.2],[3.0,61.73],[3.0,61.73],[3.17,61.25],[3.46,60.76],[3.75,60.27],[4.0,59.98],[4.16,59.77],[4.93,59.26],[5.0,59.23],[5.23,58.75],[6.0,58.33],[7.0,58.24],[7.09,58.23],[8.0,58.04],[9.0,58.09],[9.24,58.23],[10.0,58.67],[10.27,58.75],[11.0,58.81],[11.12,58.75],[11.27,58.23],[11.05,57.7],[11.0,57.65],[10.0,57.59],[9.0,57.3],[8.75,57.16],[8.14,56.61],[8.07,56.06],[8.0,55.77],[7.7,55.49],[7.75,54.92],[7.24,54.34],[7.0,54.29],[6.56,54.34],[6.0,54.46],[5.0,54.52],[4.0,54.43],[3.0,54.63],[2.0,54.45],[1.12,54.34],[1.0,54.33],[0.99,54.34],[0.83,54.92],[0.44,55.49],[0.0,55.83],[-0.17,56.06],[-0.42,56.61],[-0.64,57.16],[-1.0,57.61],[-1.06,57.7],[-1.43,58.23],[-1.66,58.75],[-2.0,59.04],[-3.0,59.22],[-3.58,58.75],[-4.0,58.61],[-5.0,58.6],[-6.0,58.51],[-6.86,58.23],[-7.0,58.18],[-7.73,57.7],[-7.64,57.16],[-7.0,56.64],[-6.96,56.61],[-6.49,56.06],[-6.51,55.49],[-7.0,55.39],[-8.0,55.34],[-8.78,54.92],[-8.86,54.34],[-9.0,54.26],[-10.0,54.13],[-10.67,53.76],[-10.3,53.16],[-10.2,52.56],[-10.93,51.95],[-10.81,51.33],[-11.0,50.84],[-11.43,50.7],[-12.0,50.56],[-13.0,50.51],[-13.81,50.7],[-13.83,51.33],[-13.86,51.95],[-14.0,52.07],[-14.71,52.56],[-15.0,52.68],[-16.0,53.08],[-17.0,52.72],[-17.27,52.56],[-17.77,51.95],[-18.0,51.82],[-19.0,51.62],[-20.0,51.77],[-21.0,51.33],[-21.01,51.33],[-21.79,50.7],[-22.0,50.2],[-22.08,50.06],[-22.64,49.41],[-23.0,49.29],[-23.22,48.76],[-23.0,48.33],[-22.81,48.09],[-23.0,47.97],[-24.0,47.74],[-24.72,47.42],[-25.0,47.21],[-25.98,46.74],[-26.0,46.73],[-26.48,46.05],[-27.0,45.83],[-28.0,45.7],[-28.7,45.35],[-29.0,45.25],[-30.0,44.84],[-30.44,44.65],[-31.0,44.39],[-31.74,43.93],[-32.0,43.77],[-33.0,43.28],[-34.0,43.26],[-34.48,43.21],[-35.0,43.16],[-35.2,43.21],[-36.0,43.43],[-37.0,43.37],[-38.0,43.42],[-39.0,43.37],[-40.0,43.25],[-41.0,43.23],[-41.23,43.21],[-42.0,43.09]],[[-143.0,7.65],[-143.89,7.97],[-144.0,8.02],[-145.0,8.39],[-145.97,8.96],[-145.98,9.95],[-146.0,9.99],[-146.42,10.93],[-147.0,11.46],[-148.0,11.84],[-148.57,11.91],[-149.0,11.98],[-149.53,12.89],[-150.0,13.73],[-150.08,13.86],[-151.0,14.76],[-151.1,14.83],[-151.86,15.8],[-151.42,16.76],[-151.89,17.71],[-152.0,17.97],[-152.38,18.66],[-152.49,19.61],[-152.48,20.55],[-152.0,21.27],[-151.52,21.48],[-151.0,21.97],[-150.68,22.41],[-150.46,23.33],[-150.03,24.24],[-150.0,24.25],[-149.0,24.6],[-148.0,24.74],[-147.22,25.15],[-147.0,25.35],[-146.09,26.05],[-146.0,26.13],[-145.0,26.52],[-144.0,26.59],[-143.0,26.69],[-142.0,26.64],[-141.0,26.58],[-140.0,26.43],[-139.0,26.23],[-138.67,26.05],[-138.0,25.92],[-137.0,25.81],[-136.0,25.71],[-135.0,25.81],[-134.0,25.69],[-133.0,25.4],[-132.37,25.15],[-132.0,24.83],[-131.04,25.15],[-131.0,25.16],[-130.96,25.15],[-130.16,24.24],[-130.0,23.78],[-129.67,23.33],[-129.36,22.41],[-129.0,22.27],[-128.0,22.08],[-127.0,21.49],[-126.0,21.93],[-125.0,22.4],[-124.99,22.41],[-124.29,23.33],[-124.0,23.6],[-123.0,23.77],[-122.0,23.71],[-121.36,23.33],[-121.0,22.94],[-120.0,22.51],[-119.0,22.52],[-118.89,22.41],[-118.05,21.48],[-118.0,21.42],[-117.49,20.55],[-117.19,19.61],[-117.11,18.66],[-117.0,18.03],[-116.92,17.71],[-117.0,17.56],[-117.36,16.76],[-117.23,15.8],[-118.0,14.91],[-119.0,15.28],[-119.47,15.8],[-120.0,16.39],[-120.42,16.76],[-120.85,17.71],[-121.0,17.95],[-122.0,18.56],[-123.0,18.43],[-124.0,17.97],[-125.0,18.29],[-125.45,18.66],[-126.0,19.36],[-127.0,19.41],[-127.41,18.66],[-128.0,18.28],[-129.0,18.21],[-130.0,18.26],[-130.78,17.71],[-130.82,16.76],[-131.0,16.33],[-131.28,15.8],[-132.0,15.6],[-133.0,15.52],[-134.0,14.98],[-134.18,14.83],[-135.0,14.25],[-135.37,13.86],[-135.41,12.89],[-135.0,12.02],[-134.96,11.91],[-134.56,10.93],[-135.0,9.97],[-135.05,9.95],[-136.0,9.56],[-136.44,8.96],[-137.0,8.27],[-137.23,7.97],[-138.0,7.34],[-139.0,7.47],[-140.0,7.9],[-141.0,7.62],[-142.0,7.47],[-143.0,7.65]],[[54.0,5.48],[53.05,5.99],[53.0,6.06],[52.52,6.98],[52.0,7.97],[52.0,7.97],[51.62,8.96],[51.13,9.95],[51.92,10.93],[51.89,11.91],[52.0,12.28],[52.62,12.89],[52.37,13.86],[52.52,14.83],[53.0,15.05],[54.0,15.65],[54.1,15.8],[54.83,16.76],[55.0,16.79],[56.0,17.35],[56.36,17.71],[57.0,18.46],[57.15,18.66],[58.0,19.28],[58.53,19.61],[59.0,20.02],[59.68,20.55],[60.0,21.07],[61.0,21.18],[62.0,21.13],[62.89,21.48],[63.0,21.55],[64.0,21.8],[64.32,21.48],[65.0,21.17],[66.0,21.41],[66.59,21.48],[67.0,21.61],[67.09,21.48],[67.48,20.55],[67.69,19.61],[67.72,18.66],[67.43,17.71],[67.0,17.35],[66.39,16.76],[66.0,16.16],[65.82,15.8],[65.46,14.83],[65.0,14.19],[64.88,13.86],[64.0,12.93],[63.96,12.89],[63.02,11.91],[63.0,11.87],[62.52,10.93],[62.0,10.56],[61.68,9.95],[61.2,8.96],[61.0,8.71],[60.0,8.25],[59.0,8.07],[58.13,7.97],[58.0,7.95],[57.96,7.97],[57.0,8.4],[56.2,8.96],[56.0,9.02],[55.67,8.96],[55.0,8.48],[54.82,7.97],[55.0,7.15],[55.04,6.98],[55.18,5.99],[55.0,5.65],[54.0,5.48]],[[-162.0,25.76],[-162.65,26.05],[-163.0,26.63],[-164.0,26.94],[-165.0,26.68],[-165.12,26.95],[-165.0,27.23],[-164.0,26.98],[-163.0,27.29],[-162.84,27.84],[-163.0,27.97],[-163.28,28.72],[-163.21,29.59],[-163.0,30.07],[-162.57,30.46],[-162.0,31.13],[-161.8,31.31],[-161.34,32.16],[-161.12,33.01],[-161.0,33.17],[-160.53,33.84],[-160.17,34.67],[-160.0,34.99],[-159.0,35.0],[-158.22,34.67],[-158.0,34.52],[-157.0,34.03],[-156.68,33.84],[-156.0,33.42],[-155.0,33.05],[-154.92,33.01],[-154.0,32.63],[-153.3,32.16],[-153.0,31.8],[-152.24,31.31],[-152.07,30.46],[-153.0,29.66],[-153.13,29.59],[-153.27,28.72],[-154.0,27.96],[-155.0,27.92],[-155.23,27.84],[-156.0,27.42],[-156.71,27.84],[-157.0,27.9],[-157.68,27.84],[-158.0,27.76],[-159.0,27.44],[-160.0,27.43],[-161.0,26.98],[-161.05,26.95],[-161.84,26.05],[-162.0,25.76]],[[66.0,80.11],[65.17,80.24],[65.0,80.29],[64.82,80.41],[64.9,80.58],[65.0,80.61],[65.22,80.74],[65.23,80.9],[65.0,80.92],[64.24,81.05],[64.0,81.1],[63.53,81.05],[63.33,80.9],[63.0,80.84],[62.57,80.9],[62.0,80.98],[61.0,81.04],[60.7,81.05],[60.63,81.21],[60.0,81.33],[59.89,81.36],[59.19,81.51],[59.38,81.66],[59.3,81.8],[59.0,81.86],[58.0,81.83],[57.72,81.8],[57.0,81.67],[56.92,81.66],[56.19,81.51],[56.16,81.36],[56.0,81.35],[55.44,81.36],[55.0,81.4],[54.0,81.36],[54.0,81.36],[53.19,81.21],[53.0,81.14],[52.0,81.09],[51.07,81.21],[51.0,81.22],[50.0,81.3],[49.0,81.26],[48.31,81.36],[48.29,81.51],[48.58,81.66],[48.99,81.8],[49.0,81.8],[49.64,81.94],[50.0,82.0],[50.33,82.08],[50.98,82.22],[51.0,82.22],[51.66,82.35],[52.0,82.41],[52.39,82.48],[53.0,82.56],[53.4,82.61],[54.0,82.68],[54.49,82.74],[55.0,82.79],[55.79,82.87],[56.0,82.89],[57.0,82.98],[57.17,82.99],[58.0,83.05],[59.0,83.11],[59.07,83.11],[60.0,83.16],[61.0,83.2],[61.55,83.23],[62.0,83.25],[63.0,83.28],[64.0,83.31],[65.0,83.32],[66.0,83.31],[67.0,83.31],[68.0,83.32],[69.0,83.33],[69.75,83.35],[70.0,83.36],[71.0,83.4],[72.0,83.45],[72.82,83.46],[73.0,83.46],[73.12,83.46],[74.0,83.44],[75.0,83.4],[76.0,83.36],[76.32,83.35],[77.0,83.33],[78.0,83.29],[79.0,83.24],[79.09,83.23],[80.0,83.14],[80.21,83.11],[81.0,82.99],[81.02,82.99],[81.0,82.97],[80.9,82.87],[80.74,82.74],[80.0,82.64],[79.82,82.61],[79.05,82.48],[79.0,82.47],[78.06,82.35],[78.0,82.34],[77.26,82.22],[77.0,82.18],[76.45,82.08],[76.0,82.01],[75.59,81.94],[75.0,81.85],[74.79,81.8],[74.0,81.69],[73.81,81.66],[73.0,81.51],[72.99,81.51],[72.0,81.38],[71.85,81.36],[71.03,81.21],[71.0,81.2],[70.27,81.05],[70.0,80.96],[69.78,80.9],[69.34,80.74],[69.01,80.58],[69.0,80.57],[68.58,80.41],[68.11,80.24],[68.0,80.22],[67.0,80.12],[66.0,80.11]],[[-140.0,31.1],[-140.74,31.31],[-141.0,31.59],[-141.35,32.16],[-142.0,32.79],[-142.49,33.01],[-142.36,33.84],[-142.0,33.93],[-141.0,33.95],[-140.36,33.84],[-140.0,33.63],[-139.51,33.84],[-139.37,34.67],[-140.0,35.44],[-140.03,35.49],[-140.65,36.3],[-141.0,37.03],[-141.08,37.1],[-141.53,37.89],[-142.0,38.21],[-142.6,38.68],[-142.4,39.45],[-142.0,39.8],[-141.0,39.98],[-140.0,40.1],[-139.41,40.22],[-140.0,40.44],[-141.0,40.77],[-141.91,40.98],[-141.0,41.18],[-140.0,41.2],[-139.0,41.02],[-138.88,40.98],[-138.0,40.28],[-137.0,40.31],[-136.81,40.22],[-136.38,39.45],[-136.0,38.94],[-135.48,38.68],[-135.0,38.44],[-134.75,37.89],[-134.37,37.1],[-134.79,36.3],[-134.0,35.85],[-133.17,35.49],[-133.0,35.36],[-132.0,34.75],[-131.94,34.67],[-132.0,34.32],[-132.18,33.84],[-132.92,33.01],[-133.0,32.95],[-134.0,32.6],[-134.51,32.16],[-135.0,31.8],[-136.0,31.75],[-137.0,31.97],[-138.0,31.41],[-138.22,31.31],[-139.0,31.1],[-140.0,31.1]],[[45.0,-25.52],[44.23,-25.15],[44.0,-24.94],[43.2,-24.24],[43.21,-23.33],[43.06,-22.41],[43.0,-21.87],[42.76,-21.48],[42.61,-20.55],[42.45,-19.61],[42.42,-18.66],[42.41,-17.71],[43.0,-16.92],[43.02,-16.76],[44.0,-15.96],[44.22,-15.8],[45.0,-14.83],[45.0,-14.83],[46.0,-14.14],[46.23,-13.86],[47.0,-13.01],[47.15,-12.89],[48.0,-12.65],[49.0,-12.23],[49.44,-12.89],[50.0,-13.44],[50.4,-13.86],[50.4,-14.83],[50.0,-15.41],[49.6,-15.8],[49.6,-16.76],[49.45,-17.71],[49.44,-18.66],[49.0,-19.13],[48.49,-19.61],[48.45,-20.55],[48.44,-21.48],[48.41,-22.41],[48.0,-22.79],[47.41,-23.33],[47.37,-24.24],[47.0,-24.57],[46.36,-25.15],[46.0,-25.45],[45.0,-25.52]],[[148.0,49.35],[147.6,49.41],[147.0,49.73],[146.69,50.06],[146.05,50.7],[146.0,50.84],[145.78,51.33],[145.49,51.95],[145.2,52.56],[146.0,53.05],[146.53,53.16],[147.0,53.63],[147.04,53.76],[147.0,53.95],[146.92,54.34],[146.84,54.92],[146.68,55.49],[147.0,55.7],[148.0,55.79],[148.44,56.06],[148.48,56.61],[148.84,57.16],[148.97,57.7],[148.63,58.23],[149.0,58.42],[150.0,58.44],[151.0,58.5],[152.0,58.55],[152.36,58.75],[153.0,58.82],[153.71,58.75],[153.13,58.23],[153.29,57.7],[153.83,57.16],[154.0,56.96],[154.4,56.61],[154.2,56.06],[154.08,55.49],[154.16,54.92],[154.4,54.34],[154.98,53.76],[155.0,53.75],[155.42,53.16],[155.36,52.56],[155.0,52.08],[154.91,51.95],[154.02,51.33],[154.0,51.32],[153.03,50.7],[153.0,50.67],[152.0,50.08],[151.94,50.06],[151.0,49.71],[150.0,49.53],[149.36,49.41],[149.0,49.35],[148.0,49.35]],[[-169.0,17.4],[-169.66,17.71],[-169.53,18.66],[-170.0,19.29],[-171.0,19.04],[-172.0,19.39],[-173.0,19.31],[-173.1,19.61],[-173.31,20.55],[-173.42,21.48],[-173.29,22.41],[-174.0,22.94],[-174.41,23.33],[-174.97,24.24],[-175.0,24.27],[-176.0,25.11],[-176.02,25.15],[-176.0,25.17],[-175.25,26.05],[-175.0,26.54],[-174.0,26.92],[-173.0,26.08],[-172.8,26.05],[-172.0,25.93],[-171.0,25.67],[-170.0,25.33],[-169.0,25.44],[-168.0,25.69],[-167.0,25.25],[-166.84,25.15],[-166.0,24.39],[-165.89,24.24],[-166.0,23.42],[-167.0,23.34],[-168.0,23.83],[-168.9,23.33],[-168.95,22.41],[-168.43,21.48],[-168.15,20.55],[-168.31,19.61],[-168.0,18.71],[-167.98,18.66],[-168.0,18.64],[-168.5,17.71],[-169.0,17.4]],[[-129.0,43.09],[-129.61,43.21],[-130.0,43.25],[-131.0,43.48],[-131.75,43.93],[-132.0,44.07],[-132.83,44.65],[-133.0,44.82],[-133.63,45.35],[-134.0,45.7],[-134.29,46.05],[-134.51,46.74],[-134.67,47.42],[-134.76,48.09],[-134.97,48.76],[-134.95,49.41],[-134.62,50.06],[-134.0,50.54],[-133.0,50.51],[-132.5,50.7],[-132.0,50.81],[-131.0,50.98],[-130.09,51.33],[-130.0,51.34],[-129.0,51.34],[-128.98,51.33],[-128.93,50.7],[-128.6,50.06],[-128.0,49.6],[-127.7,49.41],[-127.0,48.85],[-126.86,48.76],[-126.0,48.25],[-125.76,48.09],[-125.17,47.42],[-125.07,46.74],[-125.13,46.05],[-125.59,45.35],[-126.0,44.86],[-126.18,44.65],[-126.99,43.93],[-127.0,43.92],[-127.78,43.21],[-128.0,43.02],[-129.0,43.09]],[[148.0,14.32],[147.22,14.83],[147.0,14.92],[146.34,15.8],[146.0,16.65],[145.9,16.76],[146.0,17.16],[146.1,17.71],[146.42,18.66],[147.0,19.51],[147.09,19.61],[148.0,20.41],[148.16,20.55],[148.0,20.95],[147.68,21.48],[147.7,22.41],[148.0,23.17],[149.0,22.63],[149.85,22.41],[150.0,22.39],[151.0,22.27],[152.0,21.87],[152.49,21.48],[153.0,21.21],[153.96,20.55],[154.0,20.39],[154.3,19.61],[154.6,18.66],[154.0,18.21],[153.55,17.71],[153.0,17.14],[152.34,16.76],[152.0,16.38],[151.66,15.8],[151.0,15.52],[150.0,15.1],[149.58,14.83],[149.0,14.41],[148.0,14.32]],[[172.0,5.79],[171.71,5.99],[171.26,6.98],[171.0,7.44],[170.02,7.97],[170.0,7.98],[169.99,7.97],[169.0,7.07],[168.08,6.98],[168.0,6.93],[167.97,6.98],[167.06,7.97],[167.0,8.06],[166.42,8.96],[166.0,9.39],[165.47,9.95],[165.75,10.93],[165.94,11.91],[166.0,12.03],[167.0,12.74],[168.0,12.63],[169.0,12.47],[169.71,12.89],[170.0,13.03],[170.08,12.89],[170.76,11.91],[171.0,11.32],[172.0,11.02],[172.04,10.93],[172.91,9.95],[173.0,9.79],[174.0,9.16],[174.15,8.96],[174.31,7.97],[174.0,7.32],[173.0,7.33],[172.93,6.98],[172.78,5.99],[172.0,5.79]],[[154.0,-14.12],[153.45,-13.86],[153.0,-13.62],[152.0,-13.08],[151.72,-12.89],[151.51,-11.91],[152.0,-11.82],[153.0,-11.86],[154.0,-11.85],[154.82,-10.93],[154.55,-9.95],[154.37,-8.96],[154.0,-8.37],[153.81,-7.97],[153.87,-6.98],[154.0,-6.9],[154.04,-6.98],[154.72,-7.97],[155.0,-8.1],[156.0,-8.7],[156.34,-8.96],[157.0,-9.58],[157.52,-9.95],[158.0,-10.38],[158.64,-10.93],[159.0,-11.15],[159.29,-11.91],[159.0,-12.79],[158.0,-12.77],[157.74,-12.89],[157.17,-13.86],[157.0,-13.97],[156.0,-14.81],[155.0,-14.41],[154.0,-14.12]],[[168.0,-46.94],[167.77,-46.74],[167.0,-46.27],[166.69,-46.05],[166.69,-45.35],[167.0,-45.12],[167.67,-44.65],[168.0,-44.38],[169.0,-44.26],[169.46,-43.93],[170.0,-43.54],[170.46,-43.21],[171.0,-42.82],[171.47,-42.47],[171.48,-41.73],[172.0,-41.26],[172.45,-40.98],[173.0,-40.4],[174.0,-40.45],[174.67,-40.98],[174.81,-41.73],[174.81,-42.47],[174.24,-43.21],[174.0,-43.52],[173.68,-43.93],[173.0,-44.5],[172.67,-44.65],[172.0,-45.08],[171.87,-45.35],[171.0,-45.6],[170.58,-46.05],[170.0,-46.34],[169.0,-46.43],[168.44,-46.74],[168.0,-46.94]],[[112.0,14.11],[111.37,14.83],[111.0,14.98],[110.0,15.52],[109.79,15.8],[109.0,16.04],[108.0,16.61],[107.85,16.76],[107.0,17.62],[106.9,17.71],[106.49,18.66],[106.92,19.61],[107.0,19.71],[108.0,20.29],[108.44,19.61],[108.24,18.66],[108.67,17.71],[109.0,17.36],[109.6,17.71],[110.0,17.82],[110.72,18.66],[110.82,19.61],[111.0,20.51],[112.0,20.09],[112.4,19.61],[113.0,18.88],[113.16,18.66],[113.42,17.71],[113.0,17.02],[112.86,16.76],[112.43,15.8],[112.55,14.83],[112.0,14.11]],[[-20.0,63.49],[-20.15,63.56],[-21.0,63.62],[-22.0,63.64],[-22.9,64.0],[-23.0,64.15],[-24.0,64.42],[-24.07,64.44],[-24.96,64.87],[-24.74,65.29],[-25.0,65.38],[-25.92,65.7],[-25.01,66.11],[-25.0,66.11],[-24.0,66.32],[-23.0,66.47],[-22.0,66.46],[-21.09,66.11],[-21.0,66.01],[-20.0,66.03],[-19.0,66.04],[-18.0,66.04],[-17.0,66.1],[-16.98,66.11],[-16.0,66.42],[-15.0,66.38],[-14.33,66.11],[-14.29,65.7],[-14.0,65.58],[-13.34,65.29],[-13.53,64.87],[-14.0,64.45],[-14.03,64.44],[-15.0,64.16],[-15.54,64.0],[-16.0,63.82],[-17.0,63.63],[-17.74,63.56],[-18.0,63.23],[-19.0,63.11],[-20.0,63.49]],[[-76.0,10.91],[-76.08,10.93],[-77.0,11.43],[-77.47,11.91],[-78.0,12.59],[-78.47,12.89],[-79.0,13.61],[-80.0,13.75],[-80.26,13.86],[-80.0,14.58],[-79.0,14.72],[-78.96,14.83],[-78.3,15.8],[-78.0,16.35],[-77.0,16.68],[-76.82,16.76],[-76.0,16.82],[-75.73,16.76],[-75.0,16.24],[-74.0,15.89],[-73.72,15.8],[-73.75,14.83],[-73.4,13.86],[-73.72,12.89],[-73.92,11.91],[-74.0,11.89],[-75.0,11.68],[-75.97,10.93],[-76.0,10.91]],[[146.0,-14.33],[145.04,-13.86],[145.0,-13.85],[144.0,-13.24],[143.88,-12.89],[143.74,-11.91],[143.98,-10.93],[143.86,-9.95],[143.91,-8.96],[144.0,-8.7],[144.69,-7.97],[145.0,-7.86],[145.11,-7.97],[146.0,-8.76],[146.21,-8.96],[147.0,-9.81],[147.14,-9.95],[148.0,-10.89],[149.0,-10.91],[149.24,-10.93],[149.0,-11.32],[148.0,-11.69],[147.64,-11.91],[148.0,-12.22],[148.47,-12.89],[148.0,-13.74],[147.83,-13.86],[147.0,-14.07],[146.0,-14.33]],[[-50.0,18.88],[-50.92,19.61],[-51.0,19.7],[-51.88,20.55],[-52.0,20.8],[-52.38,21.48],[-52.0,22.41],[-52.0,22.43],[-51.37,23.33],[-51.0,23.46],[-50.86,23.33],[-50.0,22.73],[-49.61,22.41],[-49.0,22.06],[-48.0,22.34],[-47.0,21.77],[-46.92,21.48],[-46.0,20.67],[-45.83,20.55],[-45.35,19.61],[-46.0,18.81],[-47.0,19.1],[-48.0,19.29],[-49.0,18.91],[-50.0,18.88]],[[162.0,-22.83],[161.62,-22.41],[161.8,-21.48],[161.81,-20.55],[162.0,-20.38],[162.99,-20.55],[163.0,-20.61],[163.0,-20.55],[163.33,-19.61],[164.0,-19.06],[165.0,-19.02],[165.44,-19.61],[166.0,-19.77],[167.0,-20.34],[167.16,-20.55],[167.58,-21.48],[167.75,-22.41],[167.0,-23.13],[166.0,-22.5],[165.69,-22.41],[165.0,-22.35],[164.0,-21.87],[163.0,-21.6],[162.65,-22.41],[162.0,-22.83]],[[-64.0,-48.34],[-64.33,-48.09],[-64.67,-47.42],[-65.0,-46.95],[-65.04,-46.74],[-65.06,-46.05],[-65.0,-45.72],[-64.91,-45.35],[-64.82,-44.65],[-64.36,-43.93],[-64.0,-43.58],[-63.34,-43.21],[-63.0,-43.08],[-62.39,-43.21],[-62.0,-43.4],[-61.0,-43.91],[-60.99,-43.93],[-60.72,-44.65],[-60.88,-45.35],[-61.0,-45.64],[-61.31,-46.05],[-61.73,-46.74],[-62.0,-47.23],[-62.11,-47.42],[-62.57,-48.09],[-63.0,-48.49],[-64.0,-48.34]],[[-160.0,19.41],[-160.44,19.61],[-161.0,20.1],[-161.98,20.55],[-161.09,21.48],[-161.0,21.51],[-160.0,22.08],[-159.0,22.41],[-158.0,22.34],[-157.04,21.48],[-157.0,21.42],[-156.47,20.55],[-156.0,20.31],[-155.14,19.61],[-156.0,18.98],[-157.0,19.03],[-158.0,19.25],[-159.0,19.3],[-160.0,19.41]],[[-11.0,36.19],[-11.36,36.3],[-12.0,36.64],[-12.43,37.1],[-12.53,37.89],[-12.6,38.68],[-12.34,39.45],[-12.36,40.22],[-12.0,40.89],[-11.97,40.98],[-11.43,41.73],[-11.0,42.03],[-10.0,42.43],[-9.78,41.73],[-9.58,40.98],[-9.67,40.22],[-9.92,39.45],[-9.98,38.68],[-9.83,37.89],[-9.86,37.1],[-10.0,36.67],[-10.85,36.3],[-11.0,36.19]],[[120.0,21.95],[119.06,22.41],[119.51,23.33],[120.0,23.57],[120.4,24.24],[121.0,24.99],[121.9,25.15],[122.0,25.27],[122.4,25.15],[123.0,24.53],[124.0,24.87],[124.53,24.24],[124.0,23.9],[123.0,24.19],[122.0,24.0],[121.83,23.33],[121.0,22.56],[120.67,22.41],[120.0,21.95]],[[-24.0,13.21],[-24.63,13.86],[-24.36,14.83],[-25.0,15.24],[-25.48,15.8],[-25.68,16.76],[-25.68,17.71],[-25.17,18.66],[-25.0,18.78],[-24.9,18.66],[-24.0,17.8],[-23.9,17.71],[-23.0,16.9],[-22.9,16.76],[-22.45,15.8],[-22.72,14.83],[-23.0,13.92],[-23.05,13.86],[-24.0,13.21]],[[73.0,0.34],[72.45,1.0],[72.83,2.0],[72.23,3.0],[72.18,4.0],[72.31,4.99],[72.22,5.99],[72.19,6.98],[73.0,7.92],[74.0,7.23],[74.11,6.98],[74.19,5.99],[74.04,4.99],[74.0,4.88],[73.91,4.0],[73.8,3.0],[73.16,2.0],[73.54,1.0],[73.0,0.34]],[[146.0,-43.38],[145.75,-43.21],[145.74,-42.47],[145.0,-41.92],[144.75,-41.73],[144.76,-40.98],[145.0,-40.67],[146.0,-40.46],[146.65,-40.22],[147.0,-39.99],[148.0,-39.79],[148.35,-40.22],[148.3,-40.98],[148.45,-41.73],[148.37,-42.47],[148.0,-42.74],[147.37,-43.21],[147.0,-43.38],[146.0,-43.38]],[[145.0,32.07],[144.87,32.16],[144.55,33.01],[145.0,33.15],[145.45,33.01],[146.0,32.81],[147.0,32.97],[147.08,33.01],[147.52,33.84],[148.0,34.06],[149.0,33.95],[149.44,33.84],[149.55,33.01],[149.23,32.16],[149.0,31.86],[148.0,31.81],[147.0,31.42],[146.0,31.52],[145.0,32.07]],[[-145.0,-16.24],[-145.97,-15.8],[-146.0,-15.76],[-146.63,-14.83],[-146.41,-13.86],[-146.0,-13.6],[-145.0,-13.81],[-144.94,-13.86],[-144.0,-14.31],[-143.0,-14.49],[-142.0,-14.72],[-141.96,-14.83],[-142.0,-14.88],[-142.5,-15.8],[-143.0,-16.4],[-144.0,-15.99],[-145.0,-16.24]],[[-15.0,-30.84],[-15.68,-30.46],[-16.0,-29.97],[-16.38,-29.59],[-16.47,-28.72],[-16.34,-27.84],[-16.0,-27.56],[-15.0,-27.74],[-14.0,-27.79],[-13.91,-27.84],[-13.0,-28.5],[-12.61,-28.72],[-13.0,-28.98],[-13.35,-29.59],[-13.58,-30.46],[-14.0,-30.68],[-15.0,-30.84]],[[-149.0,35.35],[-149.42,35.49],[-150.0,35.96],[-150.28,36.3],[-150.0,37.05],[-149.0,37.01],[-148.0,36.81],[-147.0,36.95],[-146.18,37.1],[-146.0,37.13],[-145.91,37.1],[-145.0,36.84],[-144.0,36.51],[-143.35,36.3],[-144.0,36.01],[-145.0,35.85],[-146.0,35.85],[-147.0,35.86],[-148.0,35.74],[-148.48,35.49],[-149.0,35.35]],[[173.0,0.4],[172.28,1.0],[172.31,2.0],[172.58,3.0],[172.64,4.0],[173.0,4.9],[174.0,4.24],[174.07,4.0],[174.21,3.0],[174.19,2.0],[174.79,1.0],[174.0,0.9],[173.0,0.4]],[[155.0,58.89],[154.7,59.26],[154.63,59.77],[154.72,60.27],[155.0,60.41],[155.91,60.76],[156.0,60.8],[156.69,60.76],[157.0,60.65],[158.0,60.48],[159.0,60.45],[160.0,60.29],[160.07,60.27],[160.0,60.23],[159.0,60.03],[158.0,60.0],[157.28,59.77],[157.0,59.71],[156.02,59.26],[156.0,59.25],[155.0,58.89]],[[143.0,12.72],[142.2,12.89],[142.0,13.26],[141.55,13.86],[142.0,14.04],[142.74,14.83],[143.0,15.13],[144.0,15.35],[145.0,15.4],[145.39,14.83],[145.41,13.86],[145.0,13.5],[144.14,12.89],[144.0,12.75],[143.0,12.72]],[[-26.0,-16.06],[-26.29,-15.8],[-26.25,-14.83],[-26.0,-14.54],[-25.12,-13.86],[-25.0,-13.8],[-24.9,-13.86],[-24.1,-14.83],[-24.0,-15.67],[-23.0,-15.28],[-22.0,-15.74],[-21.89,-15.8],[-22.0,-16.14],[-23.0,-16.1],[-24.0,-15.85],[-25.0,-16.02],[-26.0,-16.06]],[[140.0,34.51],[139.79,34.67],[140.0,34.7],[140.96,35.49],[141.0,35.62],[142.0,36.14],[142.62,36.3],[143.0,36.6],[143.29,36.3],[144.0,35.84],[144.38,35.49],[144.0,35.3],[143.0,34.9],[142.45,34.67],[142.0,34.56],[141.0,34.36],[140.0,34.51]],[[-61.0,-52.24],[-61.53,-51.95],[-61.25,-51.33],[-61.09,-50.7],[-61.0,-50.52],[-60.55,-50.06],[-60.0,-49.57],[-59.0,-49.74],[-58.81,-50.06],[-58.51,-50.7],[-58.0,-51.23],[-57.97,-51.33],[-58.0,-51.36],[-58.44,-51.95],[-59.0,-52.28],[-60.0,-52.28],[-61.0,-52.24]],[[168.0,-18.01],[167.52,-17.71],[167.13,-16.76],[167.0,-16.63],[166.31,-15.8],[166.34,-14.83],[166.91,-13.86],[167.0,-13.8],[167.04,-13.86],[167.61,-14.83],[168.0,-15.01],[168.44,-15.8],[168.34,-16.76],[168.15,-17.71],[168.0,-18.01]],[[-30.0,-13.48],[-30.96,-12.89],[-30.0,-11.91],[-29.98,-11.91],[-29.0,-11.78],[-28.0,-11.54],[-27.0,-11.74],[-26.88,-11.91],[-27.0,-12.24],[-28.0,-12.57],[-28.53,-12.89],[-29.0,-13.12],[-30.0,-13.48]],[[-21.0,-18.45],[-21.8,-17.71],[-21.6,-16.76],[-21.0,-16.51],[-20.68,-16.76],[-20.0,-17.67],[-19.0,-17.46],[-18.03,-17.71],[-19.0,-18.6],[-20.0,-17.79],[-21.0,-18.45]],[[-74.0,-35.66],[-74.13,-35.49],[-74.32,-34.67],[-74.97,-33.84],[-74.7,-33.01],[-74.0,-32.47],[-73.0,-32.81],[-72.88,-33.01],[-72.86,-33.84],[-72.96,-34.67],[-72.99,-35.49],[-73.0,-35.53],[-74.0,-35.66]],[[57.0,80.02],[56.72,80.07],[56.0,80.16],[55.44,80.24],[55.02,80.41],[55.0,80.43],[54.83,80.58],[54.91,80.74],[54.27,80.9],[55.0,81.0],[55.79,81.05],[55.79,81.21],[56.0,81.23],[57.0,81.32],[58.0,81.35],[58.71,81.21],[58.66,81.05],[58.69,80.9],[58.65,80.74],[58.7,80.58],[58.66,80.41],[58.0,80.28],[57.39,80.24],[57.39,80.07],[57.0,80.02]],[[48.0,79.83],[47.44,79.9],[47.0,80.05],[46.88,80.07],[46.0,80.16],[45.69,80.24],[45.51,80.41],[46.0,80.43],[46.44,80.58],[46.44,80.74],[47.0,80.81],[48.0,80.81],[49.0,80.82],[50.0,80.87],[51.0,80.74],[51.0,80.58],[50.69,80.41],[50.46,80.24],[50.57,80.07],[50.37,79.9],[50.0,79.82],[49.0,79.8],[48.0,79.83]],[[179.0,18.22],[178.82,18.66],[178.76,19.61],[178.47,20.55],[178.11,21.48],[179.0,21.93],[179.62,21.48],[179.6,20.55],[179.45,19.61],[179.17,18.66],[179.0,18.22]],[[-91.0,-0.64],[-91.47,0.0],[-91.0,0.83],[-90.6,1.0],[-90.0,1.64],[-89.34,1.0],[-89.36,0.0],[-90.0,-0.55],[-91.0,-0.64]],[[168.0,37.75],[167.66,37.89],[167.63,38.68],[168.0,39.04],[169.0,39.1],[170.0,38.99],[170.23,38.68],[170.0,38.06],[169.93,37.89],[169.0,37.57],[168.0,37.75]],[[110.0,11.34],[109.87,11.91],[110.0,12.6],[110.77,12.89],[111.0,13.07],[112.0,13.08],[112.02,12.89],[112.0,12.88],[111.0,12.52],[110.83,11.91],[110.0,11.34]],[[-125.0,38.78],[-125.81,39.45],[-125.73,40.22],[-125.24,40.98],[-125.0,41.14],[-124.98,40.98],[-124.85,40.22],[-124.53,39.45],[-125.0,38.78]],[[-95.0,-21.65],[-95.16,-21.48],[-96.0,-21.06],[-96.7,-20.55],[-96.0,-20.09],[-95.0,-20.25],[-94.82,-20.55],[-94.94,-21.48],[-95.0,-21.65]],[[-8.0,-29.58],[-8.81,-28.72],[-8.0,-28.03],[-7.08,-28.72],[-8.0,-29.58]],[[175.0,18.44],[174.71,18.66],[174.47,19.61],[175.0,20.21],[175.91,19.61],[175.17,18.66],[175.0,18.44]],[[127.0,33.0],[126.98,33.01],[127.0,33.04],[127.44,33.84],[128.0,34.12],[129.0,33.96],[129.12,33.84],[129.0,33.82],[128.05,33.01],[128.0,32.94],[127.0,33.0]],[[61.0,80.21],[60.78,80.24],[60.71,80.41],[60.0,80.43],[59.08,80.58],[59.1,80.74],[60.0,80.86],[60.25,80.9],[61.0,80.99],[61.72,80.9],[62.0,80.78],[62.3,80.74],[62.0,80.68],[61.83,80.58],[61.1,80.41],[61.08,80.24],[61.0,80.21]],[[-177.0,20.77],[-177.3,21.48],[-177.41,22.41],[-177.0,23.28],[-176.74,22.41],[-176.67,21.48],[-177.0,20.77]],[[-19.0,8.54],[-19.28,8.96],[-19.0,9.79],[-18.0,9.02],[-17.97,8.96],[-18.0,8.77],[-19.0,8.54]],[[119.0,24.08],[118.84,24.24],[119.0,24.28],[119.96,25.15],[120.0,25.28],[120.15,25.15],[120.04,24.24],[120.0,24.18],[119.0,24.08]],[[-96.0,-2.4],[-96.43,-2.0],[-96.0,-1.23],[-95.21,-2.0],[-96.0,-2.4]],[[175.0,-1.42],[174.58,-1.0],[175.0,-0.06],[175.61,-1.0],[175.0,-1.42]],[[170.0,39.85],[169.86,40.22],[170.0,40.28],[171.0,40.39],[172.0,40.27],[172.21,40.22],[172.0,40.07],[171.0,39.83],[170.0,39.85]],[[45.0,-13.56],[44.41,-12.89],[45.0,-12.59],[45.5,-12.89],[45.0,-13.56]],[[-160.0,9.36],[-160.15,9.95],[-160.0,10.1],[-159.0,10.04],[-158.97,9.95],[-159.0,9.92],[-160.0,9.36]],[[169.0,14.29],[168.55,14.83],[169.0,15.22],[169.49,14.83],[169.0,14.29]],[[-95.0,-12.54],[-95.58,-11.91],[-95.0,-11.74],[-94.53,-11.91],[-95.0,-12.54]],[[153.0,-11.21],[152.41,-10.93],[153.0,-10.52],[153.57,-10.93],[153.0,-11.21]],[[166.0,-10.33],[165.47,-9.95],[166.0,-9.53],[166.45,-9.95],[166.0,-10.33]],[[-8.0,-30.67],[-8.4,-30.46],[-8.0,-29.62],[-7.68,-30.46],[-8.0,-30.67]],[[-171.0,63.52],[-171.14,63.56],[-171.0,63.99],[-170.0,63.83],[-169.68,63.56],[-170.0,63.54],[-171.0,63.52]],[[157.0,37.72],[156.78,37.89],[157.0,38.29],[157.91,37.89],[157.0,37.72]],[[169.0,-19.11],[168.52,-18.66],[169.0,-18.41],[169.23,-18.66],[169.0,-19.11]],[[155.0,49.15],[154.58,49.41],[155.0,49.76],[155.29,49.41],[155.0,49.15]],[[161.0,9.66],[160.74,9.95],[161.0,10.29],[161.36,9.95],[161.0,9.66]],[[-19.0,72.42],[-19.07,72.43],[-19.0,72.44],[-18.0,72.58],[-17.41,72.43],[-18.0,72.34],[-19.0,72.42]],[[-144.0,32.52],[-144.24,33.01],[-144.0,33.16],[-143.66,33.01],[-144.0,32.52]],[[161.0,-12.89],[161.0,-12.89],[161.0,-12.88],[162.0,-12.72],[162.06,-12.89],[162.0,-12.93],[161.0,-12.89]],[[43.0,-12.28],[42.68,-11.91],[43.0,-11.81],[43.11,-11.91],[43.0,-12.28]],[[-148.0,-15.01],[-148.12,-14.83],[-148.0,-14.65],[-147.58,-14.83],[-148.0,-15.01]],[[-166.0,22.31],[-166.07,22.41],[-166.0,23.01],[-165.81,22.41],[-166.0,22.31]],[[-80.0,-33.9],[-80.33,-33.84],[-80.0,-33.76],[-79.27,-33.84],[-80.0,-33.9]],[[166.0,58.72],[165.67,58.75],[166.0,58.94],[166.26,58.75],[166.0,58.72]],[[-167.0,53.63],[-167.24,53.76],[-167.0,53.87],[-166.73,53.76],[-167.0,53.63]],[[162.0,36.25],[161.75,36.3],[162.0,36.42],[162.33,36.3],[162.0,36.25]],[[-125.0,37.81],[-125.08,37.89],[-125.0,38.12],[-124.8,37.89],[-125.0,37.81]],[[166.0,37.04],[165.6,37.1],[166.0,37.15],[166.15,37.1],[166.0,37.04]],[[-100.0,-8.12],[-100.11,-7.97],[-100.0,-7.85],[-99.89,-7.97],[-100.0,-8.12]],[[-27.0,6.8],[-27.05,6.98],[-27.0,7.19],[-26.95,6.98],[-27.0,6.8]],[[-143.0,41.69],[-143.09,41.73],[-143.0,41.89],[-142.9,41.73],[-143.0,41.69]],[[-97.0,-9.13],[-97.05,-8.96],[-97.0,-8.9],[-96.91,-8.96],[-97.0,-9.13]],[[-53.0,23.31],[-53.03,23.33],[-53.0,23.49],[-52.85,23.33],[-53.0,23.31]],[[174.0,17.57],[173.98,17.71],[174.0,17.8],[174.07,17.71],[174.0,17.57]],[[-94.0,-19.65],[-94.1,-19.61],[-94.0,-19.56],[-93.95,-19.61],[-94.0,-19.65]],[[154.0,48.7],[153.95,48.76],[154.0,48.8],[154.06,48.76],[154.0,48.7]],[[-95.0,11.85],[-95.04,11.91],[-95.0,11.99],[-94.97,11.91],[-95.0,11.85]],[[-19.0,21.46],[-19.02,21.48],[-19.0,21.57],[-18.95,21.48],[-19.0,21.46]],[[-165.0,54.33],[-165.04,54.34],[-165.0,54.36],[-164.98,54.34],[-165.0,54.33]],[[130.0,21.47],[129.97,21.48],[130.0,21.5],[130.04,21.48],[130.0,21.47]]],"type":"Polygon"},"properties":{ "hvalue":1.9,"color":"#a7c2e0"} }, { "type":"Feature","geometry":{"coordinates":[[[-180.0,-77.79],[-180.0,-77.77],[-180.0,-77.76],[-179.97,-77.77],[-180.0,-77.79]]],"type":"Polygon"},"properties":{ "hvalue":2.0,"color":"#6c99d2"} }, { "type":"Feature","geometry":{"coordinates":[[[-180.0,-78.23],[-179.8,-78.19],[-179.76,-77.98],[-179.44,-77.77],[-180.0,-77.65],[-180.0,-77.56],[-180.0,-77.34],[-180.0,-77.12],[-180.0,-76.9],[-180.0,-76.67],[-180.0,-76.44],[-180.0,-76.2],[-180.0,-75.96],[-180.0,-75.71],[-180.0,-75.47],[-180.0,-75.21],[-180.0,-74.96],[-180.0,-74.69],[-180.0,-74.43],[-180.0,-74.16],[-180.0,-73.88],[-180.0,-73.6],[-180.0,-73.32],[-180.0,-73.03],[-180.0,-72.73],[-180.0,-72.43],[-180.0,-72.13],[-180.0,-71.82],[-180.0,-71.51],[-180.0,-71.19],[-180.0,-70.86],[-180.0,-70.53],[-180.0,-70.19],[-180.0,-69.85],[-180.0,-69.5],[-180.0,-69.15],[-180.0,-68.79],[-180.0,-68.43],[-180.0,-68.06],[-180.0,-67.68],[-180.0,-67.3],[-180.0,-66.91],[-180.0,-66.51],[-180.0,-66.11],[-180.0,-65.7],[-180.0,-65.57],[-179.08,-65.7],[-179.0,-65.72],[-178.0,-65.94],[-177.0,-65.92],[-176.0,-65.84],[-175.0,-66.01],[-174.0,-66.1],[-173.0,-66.1],[-172.46,-66.11],[-172.0,-66.12],[-171.0,-66.18],[-170.0,-66.22],[-169.0,-66.26],[-168.0,-66.25],[-167.0,-66.24],[-166.0,-66.27],[-165.0,-66.26],[-164.0,-66.27],[-163.0,-66.32],[-162.25,-66.51],[-162.0,-66.58],[-161.0,-66.75],[-160.0,-66.75],[-159.0,-66.7],[-158.11,-66.51],[-158.0,-66.49],[-157.0,-66.2],[-156.78,-66.11],[-156.07,-65.7],[-156.0,-65.64],[-155.31,-65.29],[-155.0,-65.01],[-154.72,-64.87],[-154.0,-64.69],[-153.23,-64.44],[-153.0,-64.2],[-152.78,-64.0],[-152.2,-63.56],[-152.0,-63.44],[-151.4,-63.11],[-151.2,-62.66],[-151.0,-62.31],[-150.88,-62.2],[-150.0,-61.96],[-149.46,-61.73],[-149.0,-61.47],[-148.0,-61.55],[-147.78,-61.73],[-147.0,-62.19],[-146.98,-62.2],[-146.0,-62.63],[-145.93,-62.66],[-145.0,-63.05],[-144.88,-63.11],[-144.0,-63.47],[-143.73,-63.56],[-143.0,-63.83],[-142.29,-64.0],[-142.0,-64.12],[-141.43,-64.44],[-141.0,-64.59],[-140.78,-64.87],[-140.41,-65.29],[-140.0,-65.48],[-139.18,-65.7],[-139.0,-65.78],[-138.0,-66.06],[-137.65,-66.11],[-137.0,-66.26],[-136.04,-66.51],[-136.0,-66.52],[-135.92,-66.51],[-135.0,-66.44],[-134.81,-66.51],[-134.57,-66.91],[-134.32,-67.3],[-134.0,-67.42],[-133.0,-67.6],[-132.0,-67.58],[-131.0,-67.43],[-130.0,-67.6],[-129.0,-67.63],[-128.0,-67.65],[-127.62,-67.68],[-127.0,-67.8],[-126.0,-67.83],[-125.0,-67.95],[-124.0,-68.04],[-123.91,-68.06],[-123.0,-68.42],[-122.98,-68.43],[-122.0,-68.64],[-121.0,-68.67],[-120.0,-68.73],[-119.0,-68.75],[-118.0,-68.77],[-117.81,-68.79],[-117.0,-68.9],[-116.0,-69.07],[-115.0,-69.13],[-114.53,-69.15],[-114.0,-69.17],[-113.91,-69.15],[-113.0,-68.9],[-112.56,-68.79],[-112.0,-68.67],[-111.0,-68.68],[-110.0,-68.66],[-109.0,-68.69],[-108.0,-68.77],[-107.0,-68.69],[-106.0,-68.66],[-105.0,-68.67],[-104.0,-68.79],[-103.98,-68.79],[-103.0,-68.94],[-102.0,-68.98],[-101.0,-68.91],[-100.55,-68.79],[-100.0,-68.71],[-99.0,-68.57],[-98.0,-68.43],[-97.98,-68.43],[-97.07,-68.06],[-97.0,-68.05],[-96.0,-67.9],[-95.0,-67.75],[-94.7,-67.68],[-94.0,-67.56],[-93.0,-67.31],[-92.96,-67.3],[-92.07,-66.91],[-92.0,-66.88],[-91.4,-66.91],[-91.0,-66.93],[-90.8,-66.91],[-90.0,-66.79],[-89.0,-66.58],[-88.82,-66.51],[-88.54,-66.11],[-88.32,-65.7],[-88.0,-65.53],[-87.0,-65.36],[-86.67,-65.29],[-86.0,-65.13],[-85.0,-65.25],[-84.0,-65.02],[-83.44,-64.87],[-83.0,-64.79],[-82.42,-64.44],[-82.03,-64.0],[-82.0,-63.98],[-81.29,-63.56],[-81.0,-63.17],[-80.97,-63.11],[-80.65,-62.66],[-80.1,-62.2],[-80.0,-62.05],[-79.65,-61.73],[-79.0,-61.51],[-78.0,-61.41],[-77.66,-61.25],[-77.0,-60.83],[-76.88,-60.76],[-76.0,-60.37],[-75.71,-60.27],[-75.0,-59.98],[-74.15,-59.77],[-74.0,-59.74],[-73.56,-59.77],[-73.37,-60.27],[-73.72,-60.76],[-73.69,-61.25],[-73.65,-61.73],[-73.97,-62.2],[-74.0,-62.22],[-74.65,-62.66],[-74.08,-63.11],[-74.0,-63.11],[-73.89,-63.11],[-73.0,-62.98],[-72.0,-62.74],[-71.0,-62.81],[-70.0,-62.83],[-69.0,-62.7],[-68.56,-62.66],[-68.0,-62.59],[-67.26,-62.2],[-67.0,-62.07],[-66.44,-61.73],[-66.0,-61.54],[-65.33,-61.73],[-65.0,-61.82],[-64.78,-61.73],[-64.0,-61.28],[-63.94,-61.25],[-63.46,-60.76],[-63.0,-60.4],[-62.33,-60.76],[-62.0,-61.25],[-62.0,-61.25],[-61.75,-61.73],[-62.0,-61.86],[-62.62,-62.2],[-63.0,-62.45],[-63.38,-62.66],[-63.57,-63.11],[-63.87,-63.56],[-64.0,-63.65],[-64.39,-64.0],[-64.38,-64.44],[-64.0,-64.62],[-63.46,-64.44],[-63.0,-64.28],[-62.45,-64.0],[-62.0,-63.81],[-61.0,-63.7],[-60.0,-63.61],[-59.18,-63.56],[-59.0,-63.53],[-58.26,-63.11],[-58.0,-63.0],[-57.0,-62.89],[-56.68,-62.66],[-56.32,-62.2],[-56.0,-62.06],[-55.0,-61.81],[-54.82,-61.73],[-55.0,-61.64],[-55.46,-61.25],[-55.0,-61.02],[-54.0,-60.92],[-53.0,-60.8],[-52.9,-60.76],[-52.0,-60.29],[-51.94,-60.27],[-51.0,-59.99],[-50.0,-59.92],[-49.0,-59.8],[-48.74,-59.77],[-48.0,-59.65],[-47.0,-59.46],[-46.0,-59.44],[-45.12,-59.26],[-45.0,-59.21],[-44.0,-58.99],[-43.35,-58.75],[-43.0,-58.41],[-42.32,-58.23],[-42.0,-58.22],[-41.0,-58.2],[-40.0,-58.18],[-39.0,-58.21],[-38.0,-58.21],[-37.0,-57.84],[-36.53,-57.7],[-36.0,-57.63],[-35.0,-57.65],[-34.0,-57.63],[-33.0,-57.37],[-32.11,-57.16],[-32.0,-57.15],[-31.0,-57.0],[-30.07,-56.61],[-30.0,-56.58],[-29.0,-56.24],[-28.62,-56.06],[-28.0,-55.71],[-27.0,-55.77],[-26.17,-56.06],[-26.0,-56.13],[-25.29,-56.61],[-25.0,-56.85],[-24.67,-57.16],[-24.0,-57.48],[-23.0,-57.51],[-22.0,-57.52],[-21.0,-57.6],[-20.46,-57.7],[-20.0,-57.82],[-19.0,-58.02],[-18.0,-58.05],[-17.0,-58.0],[-16.0,-58.06],[-15.0,-57.97],[-14.0,-57.97],[-13.0,-57.73],[-12.92,-57.7],[-12.0,-57.44],[-11.0,-57.52],[-10.0,-57.51],[-9.0,-57.63],[-8.0,-57.56],[-7.0,-57.56],[-6.0,-57.69],[-5.9,-57.7],[-5.0,-57.9],[-4.0,-57.91],[-3.0,-57.79],[-2.0,-57.84],[-1.0,-57.82],[0.0,-57.78],[0.24,-57.7],[1.0,-57.38],[1.39,-57.16],[2.0,-57.09],[2.93,-57.16],[3.0,-57.17],[4.0,-57.24],[5.0,-57.26],[6.0,-57.32],[7.0,-57.38],[8.0,-57.41],[9.0,-57.56],[10.0,-57.66],[11.0,-57.68],[11.44,-57.7],[12.0,-57.74],[13.0,-57.82],[14.0,-58.06],[14.6,-58.23],[15.0,-58.35],[16.0,-58.6],[16.88,-58.75],[17.0,-58.78],[18.0,-58.96],[19.0,-59.08],[20.0,-59.13],[21.0,-59.22],[21.13,-59.26],[22.0,-59.51],[22.91,-59.77],[23.0,-59.8],[24.0,-60.25],[24.14,-60.27],[25.0,-60.47],[26.0,-60.74],[26.05,-60.76],[27.0,-61.25],[27.0,-61.25],[28.0,-61.26],[28.36,-61.25],[29.0,-61.22],[30.0,-61.23],[30.14,-61.25],[31.0,-61.4],[32.0,-61.57],[33.0,-61.62],[34.0,-61.66],[34.96,-61.73],[35.0,-61.73],[36.0,-61.87],[37.0,-62.0],[38.0,-62.12],[38.48,-62.2],[39.0,-62.28],[40.0,-62.43],[41.0,-62.52],[42.0,-62.61],[42.57,-62.66],[43.0,-62.72],[44.0,-62.89],[45.0,-63.05],[45.34,-63.11],[46.0,-63.26],[47.0,-63.36],[48.0,-63.46],[49.0,-63.54],[49.3,-63.56],[50.0,-63.63],[51.0,-63.75],[52.0,-63.88],[52.99,-64.0],[53.0,-64.0],[54.0,-64.25],[55.0,-64.3],[56.0,-64.26],[57.0,-64.11],[57.58,-64.0],[58.0,-63.96],[59.0,-63.87],[60.0,-63.76],[61.0,-63.61],[61.23,-63.56],[62.0,-63.42],[63.0,-63.23],[63.47,-63.11],[64.0,-63.0],[65.0,-62.85],[66.0,-62.67],[66.06,-62.66],[67.0,-62.61],[68.0,-62.54],[69.0,-62.43],[70.0,-62.3],[71.0,-62.21],[71.08,-62.2],[72.0,-62.14],[73.0,-62.0],[73.77,-61.73],[74.0,-61.63],[74.69,-61.25],[75.0,-61.06],[75.58,-60.76],[76.0,-60.6],[77.0,-60.3],[77.09,-60.27],[78.0,-60.13],[79.0,-59.93],[79.58,-59.77],[80.0,-59.69],[81.0,-59.44],[82.0,-59.52],[83.0,-59.55],[84.0,-59.76],[84.02,-59.77],[84.88,-60.27],[85.0,-60.36],[85.45,-60.76],[86.0,-60.98],[87.0,-61.02],[87.65,-61.25],[88.0,-61.37],[89.0,-61.51],[90.0,-61.5],[90.95,-61.25],[91.0,-61.24],[91.07,-61.25],[92.0,-61.47],[93.0,-61.5],[93.54,-61.25],[93.99,-60.76],[94.0,-60.76],[94.01,-60.76],[94.69,-61.25],[95.0,-61.38],[95.37,-61.25],[96.0,-61.0],[97.0,-60.95],[98.0,-61.07],[98.37,-61.25],[99.0,-61.54],[99.44,-61.73],[100.0,-61.91],[101.0,-61.82],[102.0,-61.85],[102.36,-61.73],[103.0,-61.5],[104.0,-61.41],[105.0,-61.31],[106.0,-61.4],[107.0,-61.69],[107.38,-61.73],[108.0,-61.83],[109.0,-61.97],[110.0,-62.02],[110.66,-62.2],[111.0,-62.32],[112.0,-62.58],[112.18,-62.66],[113.0,-62.95],[114.0,-62.87],[115.0,-62.83],[116.0,-62.99],[117.0,-63.09],[117.07,-63.11],[117.69,-63.56],[118.0,-63.69],[119.0,-64.0],[119.0,-64.0],[120.0,-64.36],[120.27,-64.44],[121.0,-64.56],[122.0,-64.63],[123.0,-64.74],[124.0,-64.79],[125.0,-64.84],[125.91,-64.87],[126.0,-64.88],[127.0,-64.99],[128.0,-65.05],[129.0,-65.09],[130.0,-65.09],[131.0,-64.99],[131.38,-64.87],[132.0,-64.73],[133.0,-64.49],[133.22,-64.44],[134.0,-64.18],[135.0,-64.2],[136.0,-64.34],[137.0,-64.27],[138.0,-64.16],[139.0,-64.1],[140.0,-64.17],[141.0,-64.27],[142.0,-64.31],[143.0,-64.15],[143.5,-64.0],[144.0,-63.85],[145.0,-63.66],[146.0,-63.73],[147.0,-63.64],[148.0,-63.6],[149.0,-63.57],[150.0,-63.62],[151.0,-63.59],[151.51,-63.56],[152.0,-63.53],[153.0,-63.49],[154.0,-63.44],[155.0,-63.28],[156.0,-63.22],[157.0,-63.37],[158.0,-63.42],[159.0,-63.41],[160.0,-63.34],[161.0,-63.28],[162.0,-63.19],[163.0,-63.13],[163.37,-63.11],[164.0,-63.09],[164.38,-63.11],[165.0,-63.15],[166.0,-63.25],[167.0,-63.41],[167.69,-63.56],[168.0,-63.65],[168.74,-64.0],[169.0,-64.15],[170.0,-64.4],[171.0,-64.39],[171.32,-64.44],[172.0,-64.52],[172.99,-64.44],[173.0,-64.44],[174.0,-64.3],[174.17,-64.44],[175.0,-64.66],[176.0,-64.75],[177.0,-64.79],[177.99,-64.87],[178.0,-64.87],[179.0,-65.28],[179.02,-65.29],[180.0,-65.57],[180.92,-65.7],[181.0,-65.72],[181.0,-66.11],[181.0,-66.51],[181.0,-66.91],[181.0,-67.3],[181.0,-67.68],[181.0,-68.06],[181.0,-68.43],[181.0,-68.79],[181.0,-69.15],[181.0,-69.5],[181.0,-69.85],[181.0,-70.19],[181.0,-70.53],[181.0,-70.86],[181.0,-71.19],[181.0,-71.51],[181.0,-71.82],[181.0,-72.13],[181.0,-72.43],[181.0,-72.73],[181.0,-73.03],[181.0,-73.32],[181.0,-73.6],[181.0,-73.88],[181.0,-74.16],[181.0,-74.43],[181.0,-74.69],[181.0,-74.96],[181.0,-75.21],[181.0,-75.47],[181.0,-75.71],[181.0,-75.96],[181.0,-76.2],[181.0,-76.44],[181.0,-76.67],[181.0,-76.9],[181.0,-77.12],[181.0,-77.34],[181.0,-77.56],[181.0,-77.77],[181.0,-77.98],[181.0,-78.19],[181.0,-78.39],[181.0,-78.59],[181.0,-78.79],[181.0,-78.98],[181.0,-79.17],[181.0,-79.36],[181.0,-79.54],[181.0,-79.72],[181.0,-79.9],[181.0,-80.07],[181.0,-80.24],[181.0,-80.41],[181.0,-80.58],[181.0,-80.74],[181.0,-80.9],[181.0,-81.05],[181.0,-81.21],[181.0,-81.36],[181.0,-81.51],[181.0,-81.66],[181.0,-81.8],[181.0,-81.94],[181.0,-82.08],[181.0,-82.22],[181.0,-82.35],[181.0,-82.48],[181.0,-82.61],[181.0,-82.74],[181.0,-82.87],[181.0,-82.99],[181.0,-83.11],[181.0,-83.23],[181.0,-83.35],[181.0,-83.46],[181.0,-83.57],[181.0,-83.68],[181.0,-83.79],[181.0,-83.9],[181.0,-84.01],[181.0,-84.11],[181.0,-84.21],[181.0,-84.31],[181.0,-84.41],[181.0,-84.51],[181.0,-84.6],[181.0,-84.69],[181.0,-84.79],[181.0,-84.88],[181.0,-84.96],[181.0,-85.05],[180.0,-85.05],[179.0,-85.05],[178.0,-85.05],[177.0,-85.05],[176.0,-85.05],[175.0,-85.05],[174.0,-85.05],[173.0,-85.05],[172.0,-85.05],[171.0,-85.05],[170.0,-85.05],[169.0,-85.05],[168.0,-85.05],[167.0,-85.05],[166.0,-85.05],[165.0,-85.05],[164.0,-85.05],[163.0,-85.05],[162.0,-85.05],[161.0,-85.05],[160.0,-85.05],[159.0,-85.05],[158.0,-85.05],[157.0,-85.05],[156.0,-85.05],[155.0,-85.05],[154.0,-85.05],[153.0,-85.05],[152.0,-85.05],[151.0,-85.05],[150.0,-85.05],[149.0,-85.05],[148.0,-85.05],[147.0,-85.05],[146.0,-85.05],[145.0,-85.05],[144.0,-85.05],[143.0,-85.05],[142.0,-85.05],[141.0,-85.05],[140.0,-85.05],[139.0,-85.05],[138.0,-85.05],[137.0,-85.05],[136.0,-85.05],[135.0,-85.05],[134.0,-85.05],[133.0,-85.05],[132.0,-85.05],[131.0,-85.05],[130.0,-85.05],[129.0,-85.05],[128.0,-85.05],[127.0,-85.05],[126.0,-85.05],[125.0,-85.05],[124.0,-85.05],[123.0,-85.05],[122.0,-85.05],[121.0,-85.05],[120.0,-85.05],[119.0,-85.05],[118.0,-85.05],[117.0,-85.05],[116.0,-85.05],[115.0,-85.05],[114.0,-85.05],[113.0,-85.05],[112.0,-85.05],[111.0,-85.05],[110.0,-85.05],[109.0,-85.05],[108.0,-85.05],[107.0,-85.05],[106.0,-85.05],[105.0,-85.05],[104.0,-85.05],[103.0,-85.05],[102.0,-85.05],[101.0,-85.05],[100.0,-85.05],[99.0,-85.05],[98.0,-85.05],[97.0,-85.05],[96.0,-85.05],[95.0,-85.05],[94.0,-85.05],[93.0,-85.05],[92.0,-85.05],[91.0,-85.05],[90.0,-85.05],[89.0,-85.05],[88.0,-85.05],[87.0,-85.05],[86.0,-85.05],[85.0,-85.05],[84.0,-85.05],[83.0,-85.05],[82.0,-85.05],[81.0,-85.05],[80.0,-85.05],[79.0,-85.05],[78.0,-85.05],[77.0,-85.05],[76.0,-85.05],[75.0,-85.05],[74.0,-85.05],[73.0,-85.05],[72.0,-85.05],[71.0,-85.05],[70.0,-85.05],[69.0,-85.05],[68.0,-85.05],[67.0,-85.05],[66.0,-85.05],[65.0,-85.05],[64.0,-85.05],[63.0,-85.05],[62.0,-85.05],[61.0,-85.05],[60.0,-85.05],[59.0,-85.05],[58.0,-85.05],[57.0,-85.05],[56.0,-85.05],[55.0,-85.05],[54.0,-85.05],[53.0,-85.05],[52.0,-85.05],[51.0,-85.05],[50.0,-85.05],[49.0,-85.05],[48.0,-85.05],[47.0,-85.05],[46.0,-85.05],[45.0,-85.05],[44.0,-85.05],[43.0,-85.05],[42.0,-85.05],[41.0,-85.05],[40.0,-85.05],[39.0,-85.05],[38.0,-85.05],[37.0,-85.05],[36.0,-85.05],[35.0,-85.05],[34.0,-85.05],[33.0,-85.05],[32.0,-85.05],[31.0,-85.05],[30.0,-85.05],[29.0,-85.05],[28.0,-85.05],[27.0,-85.05],[26.0,-85.05],[25.0,-85.05],[24.0,-85.05],[23.0,-85.05],[22.0,-85.05],[21.0,-85.05],[20.0,-85.05],[19.0,-85.05],[18.0,-85.05],[17.0,-85.05],[16.0,-85.05],[15.0,-85.05],[14.0,-85.05],[13.0,-85.05],[12.0,-85.05],[11.0,-85.05],[10.0,-85.05],[9.0,-85.05],[8.0,-85.05],[7.0,-85.05],[6.0,-85.05],[5.0,-85.05],[4.0,-85.05],[3.0,-85.05],[2.0,-85.05],[1.0,-85.05],[0.0,-85.05],[-1.0,-85.05],[-2.0,-85.05],[-3.0,-85.05],[-4.0,-85.05],[-5.0,-85.05],[-6.0,-85.05],[-7.0,-85.05],[-8.0,-85.05],[-9.0,-85.05],[-10.0,-85.05],[-11.0,-85.05],[-12.0,-85.05],[-13.0,-85.05],[-14.0,-85.05],[-15.0,-85.05],[-16.0,-85.05],[-17.0,-85.05],[-18.0,-85.05],[-19.0,-85.05],[-20.0,-85.05],[-21.0,-85.05],[-22.0,-85.05],[-23.0,-85.05],[-24.0,-85.05],[-25.0,-85.05],[-26.0,-85.05],[-27.0,-85.05],[-28.0,-85.05],[-29.0,-85.05],[-30.0,-85.05],[-31.0,-85.05],[-32.0,-85.05],[-33.0,-85.05],[-34.0,-85.05],[-35.0,-85.05],[-36.0,-85.05],[-37.0,-85.05],[-38.0,-85.05],[-39.0,-85.05],[-40.0,-85.05],[-41.0,-85.05],[-42.0,-85.05],[-43.0,-85.05],[-44.0,-85.05],[-45.0,-85.05],[-46.0,-85.05],[-47.0,-85.05],[-48.0,-85.05],[-49.0,-85.05],[-50.0,-85.05],[-51.0,-85.05],[-52.0,-85.05],[-53.0,-85.05],[-54.0,-85.05],[-55.0,-85.05],[-56.0,-85.05],[-57.0,-85.05],[-58.0,-85.05],[-59.0,-85.05],[-60.0,-85.05],[-61.0,-85.05],[-62.0,-85.05],[-63.0,-85.05],[-64.0,-85.05],[-65.0,-85.05],[-66.0,-85.05],[-67.0,-85.05],[-68.0,-85.05],[-69.0,-85.05],[-70.0,-85.05],[-71.0,-85.05],[-72.0,-85.05],[-73.0,-85.05],[-74.0,-85.05],[-75.0,-85.05],[-76.0,-85.05],[-77.0,-85.05],[-78.0,-85.05],[-79.0,-85.05],[-80.0,-85.05],[-81.0,-85.05],[-82.0,-85.05],[-83.0,-85.05],[-84.0,-85.05],[-85.0,-85.05],[-86.0,-85.05],[-87.0,-85.05],[-88.0,-85.05],[-89.0,-85.05],[-90.0,-85.05],[-91.0,-85.05],[-92.0,-85.05],[-93.0,-85.05],[-94.0,-85.05],[-95.0,-85.05],[-96.0,-85.05],[-97.0,-85.05],[-98.0,-85.05],[-99.0,-85.05],[-100.0,-85.05],[-101.0,-85.05],[-102.0,-85.05],[-103.0,-85.05],[-104.0,-85.05],[-105.0,-85.05],[-106.0,-85.05],[-107.0,-85.05],[-108.0,-85.05],[-109.0,-85.05],[-110.0,-85.05],[-111.0,-85.05],[-112.0,-85.05],[-113.0,-85.05],[-114.0,-85.05],[-115.0,-85.05],[-116.0,-85.05],[-117.0,-85.05],[-118.0,-85.05],[-119.0,-85.05],[-120.0,-85.05],[-121.0,-85.05],[-122.0,-85.05],[-123.0,-85.05],[-124.0,-85.05],[-125.0,-85.05],[-126.0,-85.05],[-127.0,-85.05],[-128.0,-85.05],[-129.0,-85.05],[-130.0,-85.05],[-131.0,-85.05],[-132.0,-85.05],[-133.0,-85.05],[-134.0,-85.05],[-135.0,-85.05],[-136.0,-85.05],[-137.0,-85.05],[-138.0,-85.05],[-139.0,-85.05],[-140.0,-85.05],[-141.0,-85.05],[-142.0,-85.05],[-143.0,-85.05],[-144.0,-85.05],[-145.0,-85.05],[-146.0,-85.05],[-147.0,-85.05],[-148.0,-85.05],[-149.0,-85.05],[-150.0,-85.05],[-151.0,-85.05],[-152.0,-85.05],[-153.0,-85.05],[-154.0,-85.05],[-155.0,-85.05],[-156.0,-85.05],[-157.0,-85.05],[-158.0,-85.05],[-159.0,-85.05],[-160.0,-85.05],[-161.0,-85.05],[-162.0,-85.05],[-163.0,-85.05],[-164.0,-85.05],[-165.0,-85.05],[-166.0,-85.05],[-167.0,-85.05],[-168.0,-85.05],[-169.0,-85.05],[-170.0,-85.05],[-171.0,-85.05],[-172.0,-85.05],[-173.0,-85.05],[-174.0,-85.05],[-175.0,-85.05],[-176.0,-85.05],[-177.0,-85.05],[-178.0,-85.05],[-179.0,-85.05],[-180.0,-85.05],[-180.0,-84.96],[-180.0,-84.88],[-180.0,-84.79],[-180.0,-84.69],[-180.0,-84.6],[-180.0,-84.51],[-180.0,-84.41],[-180.0,-84.31],[-180.0,-84.21],[-180.0,-84.11],[-180.0,-84.01],[-180.0,-83.9],[-180.0,-83.79],[-180.0,-83.68],[-180.0,-83.57],[-180.0,-83.46],[-180.0,-83.35],[-180.0,-83.23],[-180.0,-83.11],[-180.0,-82.99],[-180.0,-82.87],[-180.0,-82.74],[-180.0,-82.61],[-180.0,-82.48],[-180.0,-82.35],[-180.0,-82.22],[-180.0,-82.08],[-180.0,-81.94],[-180.0,-81.8],[-180.0,-81.66],[-180.0,-81.51],[-180.0,-81.36],[-180.0,-81.21],[-180.0,-81.05],[-180.0,-80.9],[-180.0,-80.74],[-180.0,-80.58],[-180.0,-80.41],[-180.0,-80.24],[-180.0,-80.07],[-180.0,-79.9],[-180.0,-79.72],[-180.0,-79.54],[-180.0,-79.36],[-180.0,-79.17],[-180.0,-78.98],[-180.0,-78.79],[-180.0,-78.59],[-180.0,-78.39],[-180.0,-78.23]],[[177.0,-78.22],[176.87,-78.19],[176.82,-77.98],[176.51,-77.77],[177.0,-77.6],[178.0,-77.62],[179.0,-77.63],[180.0,-77.65],[180.56,-77.77],[180.24,-77.98],[180.2,-78.19],[180.0,-78.23],[179.0,-78.23],[178.0,-78.23],[177.0,-78.22]],[[-152.0,-77.44],[-152.98,-77.34],[-152.0,-77.13],[-151.94,-77.12],[-151.0,-76.95],[-150.58,-77.12],[-150.46,-77.34],[-151.0,-77.46],[-152.0,-77.44]],[[68.0,-67.86],[67.33,-67.68],[68.0,-67.46],[69.0,-67.46],[69.5,-67.68],[69.0,-67.86],[68.0,-67.86]],[[-86.0,-72.74],[-86.11,-72.73],[-86.0,-72.73],[-85.0,-72.7],[-84.86,-72.73],[-85.0,-73.02],[-86.0,-72.74]],[[-89.0,-72.53],[-89.28,-72.43],[-89.0,-72.4],[-88.0,-72.35],[-87.48,-72.43],[-88.0,-72.54],[-89.0,-72.53]],[[-159.0,-78.28],[-159.43,-78.19],[-159.38,-77.98],[-159.0,-77.89],[-158.62,-77.98],[-158.57,-78.19],[-159.0,-78.28]],[[143.0,-67.04],[142.64,-66.91],[143.0,-66.73],[143.72,-66.91],[143.0,-67.04]],[[146.0,-67.77],[145.76,-67.68],[146.0,-67.59],[147.0,-67.61],[147.17,-67.68],[147.0,-67.74],[146.0,-67.77]],[[-158.0,-77.66],[-158.53,-77.56],[-158.0,-77.45],[-157.5,-77.56],[-158.0,-77.66]],[[-142.0,-75.82],[-142.43,-75.71],[-142.0,-75.61],[-141.57,-75.71],[-142.0,-75.82]],[[66.0,-67.72],[65.38,-67.68],[66.0,-67.64],[66.19,-67.68],[66.0,-67.72]],[[-148.0,-76.23],[-148.12,-76.2],[-148.0,-76.01],[-147.89,-76.2],[-148.0,-76.23]],[[173.0,-77.35],[172.51,-77.34],[173.0,-77.32],[173.05,-77.34],[173.0,-77.35]],[[83.0,-67.33],[82.92,-67.3],[83.0,-67.25],[83.08,-67.3],[83.0,-67.33]],[[-147.0,-75.73],[-147.07,-75.71],[-147.0,-75.7],[-146.94,-75.71],[-147.0,-75.73]],[[107.0,-66.51],[106.99,-66.51],[107.0,-66.51],[107.01,-66.51],[107.0,-66.51]]],"type":"Polygon"},"properties":{ "hvalue":1.15,"color":"#E2EBF5"} }, { "type":"Feature","geometry":{"coordinates":[[[-180.0,-78.23],[-180.0,-78.19],[-180.0,-77.98],[-180.0,-77.79],[-179.97,-77.77],[-180.0,-77.76],[-180.0,-77.65],[-179.44,-77.77],[-179.76,-77.98],[-179.8,-78.19],[-180.0,-78.23]]],"type":"Polygon"},"properties":{ "hvalue":1.9,"color":"#a7c2e0"} }  ] }