{"type":"FeatureCollection","features":[{"type":"Feature","geometry":{"type":"Polygon","coordinates":[[[-149.75,-77.25],[-149.5,-77.0],[-149.25,-77.25],[-149.5,-77.25],[-149.75,-77.25]]]},"properties":{"hvalue":1.15,"color":"#E2EBF5"}},{"type":"Feature","geometry":{"type":"Polygon","coordinates":[[[-147.25,-76.75],[-147.5,-77.0],[-147.25,-77.25],[-147.75,-77.25],[-148.0,-77.0],[-148.75,-77.0],[-148.5,-76.75],[-147.25,-76.75]]]},"properties":{"hvalue":1.15,"color":"#E2EBF5"}},{"type":"Feature","geometry":{"type":"Polygon","coordinates":[[[-145.5,-77.0],[-146.75,-77.0],[-146.5,-76.75],[-145.75,-76.75],[-145.5,-77.0]]]},"properties":{"hvalue":1.15,"color":"#E2EBF5"}},{"type":"Feature","geometry":{"type":"Polygon","coordinates":[[[-125.0,-73.75],[-125.0,-73.5],[-124.75,-73.75],[-125.0,-73.75]]]},"properties":{"hvalue":1.15,"color":"#E2EBF5"}},{"type":"Feature","geometry":{"type":"Polygon","coordinates":[[[-180.0,-78.0],[-180.0,-65.527],[-179.25,-65.421],[-178.75,-65.861],[-178.5,-65.866],[-178.25,-65.728],[-177.5,-65.624],[-175.75,-65.92],[-174.25,-65.851],[-173.5,-65.686],[-172.5,-65.803],[-171.0,-65.846],[-169.5,-65.709],[-168.25,-65.399],[-166.75,-65.503],[-164.25,-65.435],[-161.5,-65.513],[-158.0,-65.093],[-156.747,-64.75],[-155.288,-64.0],[-152.5,-62.965],[-150.75,-61.856],[-149.994,-61.5],[-148.997,-60.75],[-148.5,-60.491],[-148.0,-60.339],[-147.5,-60.342],[-147.25,-60.419],[-146.75,-60.745],[-146.0,-61.407],[-145.5,-61.63],[-144.0,-61.857],[-143.0,-62.414],[-141.792,-62.5],[-141.5,-62.779],[-140.5,-63.344],[-139.27,-63.75],[-138.75,-63.811],[-138.0,-64.438],[-136.426,-64.75],[-136.346,-65.0],[-136.0,-65.137],[-134.25,-65.234],[-131.75,-65.195],[-131.675,-65.25],[-131.973,-65.5],[-132.596,-65.75],[-132.517,-66.0],[-131.63,-66.25],[-130.75,-66.318],[-130.484,-66.5],[-130.25,-66.553],[-126.75,-66.732],[-125.75,-67.154],[-124.0,-67.114],[-123.0,-67.428],[-121.75,-67.4],[-121.5,-67.25],[-120.75,-67.206],[-120.647,-67.25],[-120.75,-67.39],[-121.117,-67.5],[-120.75,-67.582],[-120.5,-67.762],[-119.75,-67.904],[-119.5,-68.035],[-119.25,-67.919],[-119.0,-68.072],[-117.75,-68.16],[-117.5,-68.299],[-116.5,-68.363],[-116.0,-68.554],[-114.892,-68.5],[-114.25,-68.107],[-113.5,-67.814],[-112.25,-67.572],[-110.852,-66.75],[-110.5,-66.586],[-110.0,-66.494],[-109.75,-66.516],[-109.227,-67.0],[-108.75,-67.266],[-107.75,-67.599],[-106.25,-67.673],[-106.0,-67.782],[-104.75,-67.81],[-104.25,-68.025],[-103.75,-68.041],[-103.0,-67.945],[-101.5,-67.525],[-99.25,-67.288],[-97.25,-67.257],[-94.25,-66.879],[-92.75,-66.818],[-90.75,-66.423],[-88.75,-66.298],[-87.5,-66.085],[-87.0,-66.19],[-86.75,-66.401],[-86.5,-66.455],[-85.5,-66.34],[-84.25,-66.502],[-83.75,-66.472],[-83.0,-66.3],[-81.75,-65.833],[-80.596,-65.25],[-80.099,-64.75],[-79.5,-64.49],[-78.5,-64.434],[-77.75,-64.651],[-76.75,-64.652],[-76.436,-64.5],[-74.25,-64.22],[-72.315,-63.75],[-69.75,-63.463],[-68.948,-63.25],[-68.25,-62.949],[-67.25,-62.952],[-66.75,-62.872],[-65.5,-62.336],[-62.75,-61.782],[-62.5,-61.827],[-62.242,-62.0],[-62.456,-62.25],[-62.535,-62.75],[-62.75,-63.137],[-63.215,-63.5],[-63.327,-64.0],[-63.5,-64.0],[-64.25,-64.75],[-64.0,-65.0],[-64.25,-65.25],[-64.0,-65.5],[-64.5,-65.5],[-64.75,-65.75],[-64.75,-66.0],[-65.0,-65.75],[-65.25,-66.0],[-65.5,-66.0],[-65.75,-66.25],[-65.75,-66.5],[-66.25,-66.5],[-66.5,-66.75],[-66.5,-67.0],[-67.5,-67.0],[-67.75,-67.25],[-67.75,-66.75],[-68.0,-66.5],[-68.25,-66.75],[-68.5,-66.75],[-68.75,-67.0],[-68.75,-67.25],[-69.25,-67.25],[-69.5,-67.5],[-69.25,-67.75],[-69.0,-67.75],[-68.75,-68.0],[-68.5,-67.75],[-68.0,-67.75],[-67.75,-67.5],[-67.75,-67.75],[-67.5,-68.0],[-67.25,-68.0],[-67.0,-68.25],[-67.25,-68.5],[-67.25,-68.75],[-67.5,-69.0],[-67.25,-69.25],[-68.75,-69.25],[-69.0,-69.5],[-68.75,-69.75],[-68.25,-69.75],[-68.5,-70.0],[-69.25,-70.0],[-69.0,-69.75],[-69.5,-69.25],[-69.75,-69.25],[-69.75,-69.0],[-70.0,-68.75],[-72.0,-68.75],[-72.25,-69.0],[-72.25,-69.25],[-72.75,-69.25],[-73.0,-69.5],[-72.75,-69.75],[-74.5,-69.75],[-74.75,-69.5],[-75.25,-69.5],[-75.5,-69.75],[-75.75,-69.75],[-76.0,-70.0],[-75.75,-70.25],[-74.75,-70.25],[-74.5,-70.5],[-75.25,-70.5],[-75.5,-70.75],[-76.5,-70.75],[-76.75,-71.0],[-76.5,-71.25],[-74.75,-71.25],[-74.5,-71.0],[-74.25,-71.25],[-74.5,-71.5],[-75.0,-71.5],[-75.25,-71.75],[-74.75,-72.25],[-73.25,-72.25],[-73.25,-72.5],[-73.0,-72.75],[-72.5,-72.75],[-72.75,-73.0],[-74.0,-73.0],[-74.25,-72.75],[-76.0,-72.75],[-76.25,-72.5],[-77.25,-72.5],[-77.5,-72.25],[-77.75,-72.5],[-78.25,-72.5],[-78.5,-72.25],[-79.0,-72.25],[-79.25,-72.5],[-79.0,-72.75],[-79.25,-73.0],[-80.0,-73.0],[-80.25,-73.25],[-81.0,-73.25],[-81.25,-73.5],[-81.0,-73.75],[-82.5,-73.75],[-82.75,-73.5],[-84.75,-73.5],[-85.0,-73.25],[-85.25,-73.25],[-85.5,-73.0],[-86.0,-73.0],[-86.25,-72.75],[-88.25,-72.75],[-88.5,-72.5],[-93.947,-72.5],[-94.75,-72.355],[-95.41,-72.41],[-95.25,-72.25],[-95.5,-72.0],[-96.0,-72.0],[-96.25,-71.75],[-102.25,-71.75],[-102.5,-72.0],[-102.5,-72.25],[-103.0,-72.75],[-103.25,-72.75],[-103.5,-73.0],[-103.5,-73.25],[-103.25,-73.5],[-102.75,-73.5],[-103.0,-73.75],[-102.75,-74.0],[-102.0,-74.0],[-101.75,-74.25],[-102.0,-74.25],[-102.25,-74.5],[-102.0,-74.75],[-101.25,-74.75],[-101.5,-75.0],[-105.0,-75.0],[-105.25,-74.75],[-106.5,-74.75],[-106.75,-74.5],[-107.25,-74.5],[-108.0,-75.25],[-108.25,-75.25],[-108.5,-75.0],[-109.0,-75.0],[-109.25,-74.75],[-109.75,-74.75],[-110.5,-74.0],[-113.75,-74.0],[-114.0,-73.75],[-115.0,-73.75],[-115.25,-74.0],[-116.0,-74.0],[-116.25,-73.75],[-116.75,-73.75],[-117.0,-74.0],[-118.5,-74.0],[-118.75,-73.75],[-122.0,-73.75],[-122.25,-73.5],[-122.5,-73.5],[-122.75,-73.75],[-124.25,-73.75],[-124.0,-73.5],[-124.0,-73.25],[-124.25,-73.0],[-124.5,-73.25],[-124.75,-73.25],[-125.0,-73.0],[-125.25,-73.25],[-127.0,-73.25],[-127.25,-73.5],[-127.25,-73.75],[-127.5,-74.0],[-128.0,-74.0],[-128.25,-74.25],[-132.75,-74.25],[-133.0,-74.5],[-136.5,-74.5],[-137.0,-75.0],[-139.75,-75.0],[-140.25,-75.5],[-140.5,-75.25],[-140.75,-75.5],[-141.0,-75.25],[-141.25,-75.5],[-141.5,-75.25],[-141.75,-75.25],[-141.947,-75.447],[-142.053,-75.447],[-142.25,-75.25],[-142.75,-75.25],[-143.0,-75.5],[-144.5,-75.5],[-144.75,-75.75],[-145.0,-75.75],[-145.25,-75.5],[-145.5,-75.75],[-146.25,-75.75],[-146.5,-76.0],[-148.5,-76.0],[-148.75,-76.25],[-149.25,-76.25],[-149.46,-76.46],[-149.623,-76.5],[-149.461,-76.539],[-149.25,-76.75],[-149.5,-77.0],[-150.0,-76.5],[-150.75,-76.5],[-151.0,-76.75],[-150.75,-77.0],[-150.986,-77.236],[-151.25,-77.0],[-151.5,-77.25],[-154.0,-77.25],[-154.25,-77.0],[-158.0,-77.0],[-158.25,-77.25],[-158.035,-77.465],[-158.29,-77.5],[-158.5,-77.75],[-158.25,-78.0],[-180.0,-78.0]]]},"properties":{"hvalue":1.15,"color":"#E2EBF5"}},{"type":"Feature","geometry":{"type":"Polygon","coordinates":[[[-175.25,-20.939],[-175.105,-21.0],[-175.25,-21.092],[-175.304,-21.0],[-175.25,-20.939]]]},"properties":{"hvalue":1.15,"color":"#E2EBF5"}},{"type":"Feature","geometry":{"type":"Polygon","coordinates":[[[-174.512,-20.0],[-174.611,-20.5],[-174.75,-20.647],[-175.0,-20.636],[-175.181,-20.5],[-174.951,-20.0],[-174.5,-19.623],[-174.352,-19.75],[-174.512,-20.0]]]},"properties":{"hvalue":1.15,"color":"#E2EBF5"}},{"type":"Feature","geometry":{"type":"Polygon","coordinates":[[[-174.0,-18.677],[-173.944,-18.75],[-174.0,-18.814],[-174.106,-18.75],[-174.0,-18.677]]]},"properties":{"hvalue":1.15,"color":"#E2EBF5"}},{"type":"Feature","geometry":{"type":"Polygon","coordinates":[[[-179.75,-18.692],[-179.723,-18.75],[-179.75,-18.775],[-179.78,-18.75],[-179.75,-18.692]]]},"properties":{"hvalue":1.15,"color":"#E2EBF5"}},{"type":"Feature","geometry":{"type":"Polygon","coordinates":[[[-141.614,-18.5],[-141.651,-18.75],[-141.75,-18.844],[-141.919,-18.75],[-141.75,-18.369],[-141.614,-18.5]]]},"properties":{"hvalue":1.15,"color":"#E2EBF5"}},{"type":"Feature","geometry":{"type":"Polygon","coordinates":[[[-178.4,-18.5],[-178.459,-18.75],[-178.5,-18.814],[-178.597,-18.75],[-178.594,-18.5],[-178.5,-18.392],[-178.4,-18.5]]]},"properties":{"hvalue":1.15,"color":"#E2EBF5"}},{"type":"Feature","geometry":{"type":"Polygon","coordinates":[[[-180.0,-18.566],[-180.0,-18.401],[-179.889,-18.5],[-180.0,-18.566]]]},"properties":{"hvalue":1.15,"color":"#E2EBF5"}},{"type":"Feature","geometry":{"type":"Polygon","coordinates":[[[-179.25,-18.22],[-179.238,-18.25],[-179.276,-18.25],[-179.25,-18.22]]]},"properties":{"hvalue":1.15,"color":"#E2EBF5"}},{"type":"Feature","geometry":{"type":"Polygon","coordinates":[[[-140.646,-18.25],[-140.75,-18.386],[-141.0,-18.402],[-141.526,-18.25],[-141.25,-18.201],[-141.165,-17.75],[-140.75,-17.526],[-140.53,-17.75],[-140.646,-18.25]]]},"properties":{"hvalue":1.15,"color":"#E2EBF5"}},{"type":"Feature","geometry":{"type":"Polygon","coordinates":[[[-141.822,-18.0],[-142.25,-18.267],[-142.47,-18.0],[-142.25,-17.646],[-142.0,-17.539],[-141.746,-17.75],[-141.822,-18.0]]]},"properties":{"hvalue":1.15,"color":"#E2EBF5"}},{"type":"Feature","geometry":{"type":"Polygon","coordinates":[[[-142.598,-17.5],[-142.5,-17.322],[-142.376,-17.5],[-142.5,-17.583],[-142.598,-17.5]]]},"properties":{"hvalue":1.15,"color":"#E2EBF5"}},{"type":"Feature","geometry":{"type":"Polygon","coordinates":[[[-179.0,-17.44],[-179.25,-17.525],[-179.598,-17.25],[-179.25,-16.803],[-179.0,-16.777],[-178.816,-17.0],[-178.822,-17.25],[-179.0,-17.44]]]},"properties":{"hvalue":1.15,"color":"#E2EBF5"}},{"type":"Feature","geometry":{"type":"Polygon","coordinates":[[[-151.592,-16.75],[-151.5,-16.5],[-151.641,-16.359],[-151.5,-16.314],[-151.349,-16.5],[-151.377,-16.75],[-151.5,-16.829],[-151.592,-16.75]]]},"properties":{"hvalue":1.15,"color":"#E2EBF5"}},{"type":"Feature","geometry":{"type":"Polygon","coordinates":[[[-180.0,-15.505],[-179.364,-16.0],[-179.382,-16.25],[-179.574,-16.75],[-179.774,-16.976],[-180.0,-16.75],[-180.0,-15.505]]]},"properties":{"hvalue":1.15,"color":"#E2EBF5"}},{"type":"Feature","geometry":{"type":"Polygon","coordinates":[[[-149.381,-15.75],[-148.919,-15.0],[-148.75,-14.862],[-148.5,-14.895],[-148.0,-14.433],[-147.5,-14.118],[-147.25,-13.974],[-145.75,-13.644],[-144.75,-13.77],[-144.0,-14.165],[-143.5,-14.324],[-142.75,-14.431],[-142.678,-14.5],[-142.85,-15.0],[-142.666,-15.25],[-142.25,-15.484],[-142.084,-15.75],[-142.175,-16.0],[-142.388,-16.25],[-142.742,-16.5],[-142.788,-16.75],[-143.0,-17.092],[-143.25,-17.142],[-143.75,-16.921],[-144.25,-17.203],[-144.5,-17.137],[-145.0,-17.217],[-145.5,-17.564],[-145.658,-17.5],[-145.75,-16.873],[-146.25,-16.461],[-146.535,-16.75],[-146.75,-16.846],[-147.5,-16.773],[-148.0,-16.944],[-149.079,-17.671],[-149.25,-17.5],[-149.5,-17.5],[-149.637,-17.637],[-149.871,-17.5],[-149.821,-17.0],[-149.381,-15.75]]]},"properties":{"hvalue":1.15,"color":"#E2EBF5"}},{"type":"Feature","geometry":{"type":"Polygon","coordinates":[[[-178.317,-14.25],[-178.197,-14.25],[-178.25,-14.315],[-178.317,-14.25]]]},"properties":{"hvalue":1.15,"color":"#E2EBF5"}},{"type":"Feature","geometry":{"type":"Polygon","coordinates":[[[-170.78,-14.25],[-170.725,-14.25],[-170.75,-14.273],[-170.78,-14.25]]]},"properties":{"hvalue":1.15,"color":"#E2EBF5"}},{"type":"Feature","geometry":{"type":"Polygon","coordinates":[[[-176.25,-13.141],[-176.154,-13.25],[-176.25,-13.356],[-176.381,-13.25],[-176.25,-13.141]]]},"properties":{"hvalue":1.15,"color":"#E2EBF5"}},{"type":"Feature","geometry":{"type":"Polygon","coordinates":[[[-179.75,-11.672],[-179.689,-11.75],[-179.75,-11.831],[-179.896,-11.75],[-179.75,-11.672]]]},"properties":{"hvalue":1.15,"color":"#E2EBF5"}},{"type":"Feature","geometry":{"type":"Polygon","coordinates":[[[-139.212,-9.712],[-139.203,-9.797],[-139.25,-9.842],[-139.323,-9.75],[-139.212,-9.712]]]},"properties":{"hvalue":1.15,"color":"#E2EBF5"}},{"type":"Feature","geometry":{"type":"Polygon","coordinates":[[[-158.0,-8.942],[-157.951,-9.0],[-158.0,-9.055],[-158.072,-9.0],[-158.0,-8.942]]]},"properties":{"hvalue":1.15,"color":"#E2EBF5"}},{"type":"Feature","geometry":{"type":"Polygon","coordinates":[[[-140.35,-8.75],[-140.204,-8.75],[-140.25,-8.988],[-140.35,-8.75]]]},"properties":{"hvalue":1.15,"color":"#E2EBF5"}},{"type":"Feature","geometry":{"type":"Polygon","coordinates":[[[-157.5,2.053],[-157.433,2.0],[-157.5,1.915],[-157.553,2.0],[-157.5,2.053]]]},"properties":{"hvalue":1.15,"color":"#E2EBF5"}},{"type":"Feature","geometry":{"type":"Polygon","coordinates":[[[-111.531,24.281],[-111.75,24.299],[-112.0,24.478],[-112.269,24.75],[-112.331,25.0],[-112.25,25.187],[-112.25,24.75],[-112.0,24.5],[-111.75,24.5],[-111.531,24.281]]]},"properties":{"hvalue":1.15,"color":"#E2EBF5"}},{"type":"Feature","geometry":{"type":"Polygon","coordinates":[[[-112.334,26.0],[-112.25,26.0],[-112.25,25.823],[-112.334,26.0]]]},"properties":{"hvalue":1.15,"color":"#E2EBF5"}},{"type":"Feature","geometry":{"type":"Polygon","coordinates":[[[-106.5,21.531],[-106.701,21.75],[-106.41,23.0],[-107.0,23.504],[-107.5,23.808],[-108.25,23.465],[-108.75,23.495],[-109.374,23.126],[-109.25,23.25],[-109.25,23.5],[-110.25,24.5],[-110.5,24.25],[-110.5,24.75],[-110.75,25.0],[-110.75,25.25],[-111.0,25.5],[-111.0,25.75],[-111.25,26.0],[-111.25,26.5],[-112.75,28.0],[-112.75,28.25],[-113.0,28.5],[-113.0,28.75],[-113.25,29.0],[-113.0,29.25],[-113.5,29.75],[-113.75,29.5],[-114.0,29.75],[-114.25,29.75],[-114.25,30.0],[-114.5,30.25],[-114.5,30.75],[-114.75,31.0],[-114.75,31.5],[-114.5,31.5],[-114.25,31.25],[-114.0,31.25],[-113.75,31.5],[-113.5,31.25],[-113.25,31.25],[-113.25,30.75],[-113.0,30.5],[-113.0,30.25],[-112.75,30.0],[-112.75,29.75],[-112.25,29.25],[-112.5,29.25],[-112.75,29.0],[-112.5,28.75],[-112.0,28.75],[-112.0,28.5],[-111.75,28.25],[-111.5,28.25],[-111.0,27.75],[-110.5,27.75],[-110.75,27.5],[-110.25,27.0],[-110.0,27.0],[-110.0,26.75],[-109.75,26.5],[-109.5,26.5],[-109.25,26.25],[-109.5,26.0],[-109.5,25.75],[-109.25,25.5],[-109.0,25.5],[-108.75,25.25],[-108.5,25.25],[-108.25,25.0],[-108.25,24.75],[-108.0,24.5],[-107.75,24.5],[-105.75,22.5],[-105.75,21.75],[-105.5,21.5],[-105.25,21.5],[-105.5,21.25],[-105.562,20.938],[-105.514,21.25],[-105.75,21.45],[-106.0,21.531],[-106.25,21.443],[-106.5,21.531]]]},"properties":{"hvalue":1.15,"color":"#E2EBF5"}},{"type":"Feature","geometry":{"type":"Polygon","coordinates":[[[-113.073,26.573],[-113.5,26.653],[-113.613,26.75],[-113.25,26.75],[-113.073,26.573]]]},"properties":{"hvalue":1.15,"color":"#E2EBF5"}},{"type":"Feature","geometry":{"type":"Polygon","coordinates":[[[-114.86,29.11],[-114.25,28.5],[-114.25,28.0],[-115.0,28.0],[-115.077,27.923],[-115.192,28.0],[-115.303,28.25],[-114.864,28.75],[-114.81,29.0],[-114.86,29.11]]]},"properties":{"hvalue":1.15,"color":"#E2EBF5"}},{"type":"Feature","geometry":{"type":"Polygon","coordinates":[[[-117.382,33.132],[-117.25,33.0],[-117.25,32.783],[-117.34,33.0],[-117.382,33.132]]]},"properties":{"hvalue":1.15,"color":"#E2EBF5"}},{"type":"Feature","geometry":{"type":"Polygon","coordinates":[[[-118.5,33.215],[-118.371,33.0],[-118.5,32.909],[-118.592,33.0],[-118.5,33.215]]]},"properties":{"hvalue":1.15,"color":"#E2EBF5"}},{"type":"Feature","geometry":{"type":"Polygon","coordinates":[[[-118.649,33.5],[-118.623,34.0],[-118.5,34.0],[-118.5,33.75],[-118.221,33.5],[-118.5,33.272],[-118.649,33.5]]]},"properties":{"hvalue":1.15,"color":"#E2EBF5"}},{"type":"Feature","geometry":{"type":"Polygon","coordinates":[[[-119.941,33.941],[-120.095,34.0],[-120.336,34.336],[-120.25,34.25],[-119.75,34.25],[-120.0,34.0],[-119.941,33.941]]]},"properties":{"hvalue":1.15,"color":"#E2EBF5"}},{"type":"Feature","geometry":{"type":"Polygon","coordinates":[[[-119.374,34.124],[-119.566,34.066],[-119.75,34.25],[-119.5,34.25],[-119.374,34.124]]]},"properties":{"hvalue":1.15,"color":"#E2EBF5"}},{"type":"Feature","geometry":{"type":"Polygon","coordinates":[[[-124.25,40.863],[-124.25,40.75],[-124.312,40.688],[-124.312,40.75],[-124.25,40.863]]]},"properties":{"hvalue":1.15,"color":"#E2EBF5"}},{"type":"Feature","geometry":{"type":"Polygon","coordinates":[[[-124.5,43.352],[-124.5,43.0],[-124.533,42.967],[-124.5,43.352]]]},"properties":{"hvalue":1.15,"color":"#E2EBF5"}},{"type":"Feature","geometry":{"type":"Polygon","coordinates":[[[-124.25,44.791],[-124.25,43.75],[-124.434,43.566],[-124.416,44.25],[-124.25,44.791]]]},"properties":{"hvalue":1.15,"color":"#E2EBF5"}},{"type":"Feature","geometry":{"type":"Polygon","coordinates":[[[-125.269,46.25],[-125.309,46.5],[-125.139,46.75],[-125.115,47.0],[-125.347,47.5],[-125.239,47.75],[-125.652,48.25],[-125.776,48.5],[-125.767,48.75],[-126.5,49.127],[-127.23,49.75],[-127.0,49.75],[-126.5,49.25],[-126.25,49.25],[-126.0,49.0],[-125.75,49.0],[-125.5,48.75],[-125.25,48.75],[-125.0,48.5],[-124.5,48.5],[-124.75,48.25],[-124.75,48.0],[-124.5,47.75],[-124.5,47.5],[-124.0,47.0],[-124.25,46.75],[-123.75,46.25],[-124.0,46.0],[-124.0,45.25],[-124.237,45.013],[-124.25,45.395],[-124.5,45.847],[-125.269,46.25]]]},"properties":{"hvalue":1.15,"color":"#E2EBF5"}},{"type":"Feature","geometry":{"type":"Polygon","coordinates":[[[-123.25,49.25],[-122.5,48.5],[-122.5,48.25],[-123.5,48.25],[-123.25,48.5],[-123.25,48.75],[-123.5,49.0],[-123.75,49.0],[-123.75,49.25],[-123.25,49.25]]]},"properties":{"hvalue":1.15,"color":"#E2EBF5"}},{"type":"Feature","geometry":{"type":"Polygon","coordinates":[[[-127.5,50.0],[-127.279,49.779],[-127.708,50.0],[-127.5,50.0]]]},"properties":{"hvalue":1.15,"color":"#E2EBF5"}},{"type":"Feature","geometry":{"type":"Polygon","coordinates":[[[-177.0,51.75],[-176.875,51.625],[-177.13,51.62],[-177.0,51.75]]]},"properties":{"hvalue":1.15,"color":"#E2EBF5"}},{"type":"Feature","geometry":{"type":"Polygon","coordinates":[[[-177.394,51.644],[-177.895,51.605],[-177.75,51.75],[-177.918,51.918],[-177.38,51.87],[-177.5,51.75],[-177.394,51.644]]]},"properties":{"hvalue":1.15,"color":"#E2EBF5"}},{"type":"Feature","geometry":{"type":"Polygon","coordinates":[[[-177.143,51.893],[-176.843,51.907],[-177.0,51.75],[-177.143,51.893]]]},"properties":{"hvalue":1.15,"color":"#E2EBF5"}},{"type":"Feature","geometry":{"type":"Polygon","coordinates":[[[-176.092,51.75],[-176.311,51.689],[-176.25,51.75],[-176.444,52.0],[-176.202,52.048],[-176.25,52.0],[-176.092,51.75]]]},"properties":{"hvalue":1.15,"color":"#E2EBF5"}},{"type":"Feature","geometry":{"type":"Polygon","coordinates":[[[-173.783,52.25],[-174.0,52.121],[-174.25,52.087],[-174.419,52.25],[-174.25,52.346],[-173.783,52.25]]]},"properties":{"hvalue":1.15,"color":"#E2EBF5"}},{"type":"Feature","geometry":{"type":"Polygon","coordinates":[[[-129.75,51.847],[-131.0,51.868],[-131.203,52.047],[-131.0,52.25],[-131.5,52.75],[-131.5,53.0],[-131.75,53.25],[-131.75,53.75],[-131.5,54.0],[-131.75,54.25],[-133.0,54.25],[-133.175,54.075],[-133.163,54.25],[-133.0,54.462],[-132.844,54.5],[-133.5,54.751],[-133.17,54.92],[-132.75,54.5],[-132.5,54.75],[-132.25,54.75],[-132.0,55.0],[-131.75,55.0],[-131.5,54.75],[-131.25,55.0],[-131.0,55.0],[-130.5,54.5],[-130.5,54.25],[-130.75,54.0],[-130.5,53.75],[-130.5,53.5],[-130.0,53.0],[-129.25,53.0],[-129.5,52.75],[-129.0,52.25],[-128.75,52.5],[-128.0,51.75],[-128.25,51.5],[-128.0,51.25],[-127.75,51.5],[-127.75,51.0],[-128.25,51.0],[-128.5,50.75],[-128.327,50.577],[-128.5,50.635],[-128.728,50.75],[-129.008,51.5],[-129.367,51.75],[-129.75,51.847]]]},"properties":{"hvalue":1.15,"color":"#E2EBF5"}},{"type":"Feature","geometry":{"type":"Polygon","coordinates":[[[-167.25,53.445],[-167.656,53.406],[-167.826,53.576],[-167.131,53.619],[-167.25,53.445]]]},"properties":{"hvalue":1.15,"color":"#E2EBF5"}},{"type":"Feature","geometry":{"type":"Polygon","coordinates":[[[-166.157,53.907],[-166.25,54.0],[-166.677,54.0],[-166.25,54.067],[-165.927,54.0],[-166.157,53.907]]]},"properties":{"hvalue":1.15,"color":"#E2EBF5"}},{"type":"Feature","geometry":{"type":"Polygon","coordinates":[[[-165.5,54.32],[-165.25,54.262],[-164.979,54.25],[-165.5,54.173],[-165.637,54.25],[-165.5,54.32]]]},"properties":{"hvalue":1.15,"color":"#E2EBF5"}},{"type":"Feature","geometry":{"type":"Polygon","coordinates":[[[-162.077,55.0],[-162.25,54.899],[-162.569,54.931],[-162.5,55.0],[-162.077,55.0]]]},"properties":{"hvalue":1.15,"color":"#E2EBF5"}},{"type":"Feature","geometry":{"type":"Polygon","coordinates":[[[-163.066,54.816],[-163.374,55.124],[-163.0,55.167],[-163.0,55.0],[-162.91,54.91],[-163.066,54.816]]]},"properties":{"hvalue":1.15,"color":"#E2EBF5"}},{"type":"Feature","geometry":{"type":"Polygon","coordinates":[[[-164.0,55.005],[-163.995,55.005],[-164.01,55.0],[-164.0,55.005]]]},"properties":{"hvalue":1.15,"color":"#E2EBF5"}},{"type":"Feature","geometry":{"type":"Polygon","coordinates":[[[-133.5,55.104],[-133.624,55.25],[-133.645,55.395],[-133.294,55.044],[-133.5,55.104]]]},"properties":{"hvalue":1.15,"color":"#E2EBF5"}},{"type":"Feature","geometry":{"type":"Polygon","coordinates":[[[-161.5,55.5],[-161.338,55.338],[-161.419,55.25],[-161.946,55.054],[-161.5,55.5]]]},"properties":{"hvalue":1.15,"color":"#E2EBF5"}},{"type":"Feature","geometry":{"type":"Polygon","coordinates":[[[-159.5,55.267],[-159.75,55.166],[-160.0,55.185],[-160.25,55.337],[-160.25,55.5],[-160.0,55.5],[-159.75,55.75],[-159.618,55.618],[-159.844,55.5],[-159.5,55.267]]]},"properties":{"hvalue":1.15,"color":"#E2EBF5"}},{"type":"Feature","geometry":{"type":"Polygon","coordinates":[[[-132.25,55.5],[-132.25,55.75],[-132.0,55.5],[-132.25,55.5]]]},"properties":{"hvalue":1.15,"color":"#E2EBF5"}},{"type":"Feature","geometry":{"type":"Polygon","coordinates":[[[-134.0,56.0],[-133.788,55.788],[-134.0,55.833],[-134.2,56.0],[-134.0,56.0]]]},"properties":{"hvalue":1.15,"color":"#E2EBF5"}},{"type":"Feature","geometry":{"type":"Polygon","coordinates":[[[-161.31,56.0],[-161.0,56.099],[-160.608,56.142],[-160.75,56.0],[-161.31,56.0]]]},"properties":{"hvalue":1.15,"color":"#E2EBF5"}},{"type":"Feature","geometry":{"type":"Polygon","coordinates":[[[-134.5,56.25],[-134.329,56.079],[-134.598,56.152],[-134.5,56.25]]]},"properties":{"hvalue":1.15,"color":"#E2EBF5"}},{"type":"Feature","geometry":{"type":"Polygon","coordinates":[[[-154.75,56.604],[-154.558,56.5],[-154.75,56.437],[-154.817,56.5],[-154.75,56.604]]]},"properties":{"hvalue":1.15,"color":"#E2EBF5"}},{"type":"Feature","geometry":{"type":"Polygon","coordinates":[[[-159.25,56.761],[-159.233,56.767],[-159.265,56.75],[-159.25,56.761]]]},"properties":{"hvalue":1.15,"color":"#E2EBF5"}},{"type":"Feature","geometry":{"type":"Polygon","coordinates":[[[-154.437,56.563],[-154.555,57.055],[-154.25,56.75],[-154.437,56.563]]]},"properties":{"hvalue":1.15,"color":"#E2EBF5"}},{"type":"Feature","geometry":{"type":"Polygon","coordinates":[[[-153.75,56.75],[-153.473,57.0],[-153.751,56.749],[-153.75,56.75]]]},"properties":{"hvalue":1.15,"color":"#E2EBF5"}},{"type":"Feature","geometry":{"type":"Polygon","coordinates":[[[-134.5,57.0],[-134.25,57.0],[-134.5,56.75],[-134.5,57.0]]]},"properties":{"hvalue":1.15,"color":"#E2EBF5"}},{"type":"Feature","geometry":{"type":"Polygon","coordinates":[[[-135.523,57.0],[-135.5,57.0],[-135.5,56.981],[-135.523,57.0]]]},"properties":{"hvalue":1.15,"color":"#E2EBF5"}},{"type":"Feature","geometry":{"type":"Polygon","coordinates":[[[-170.25,57.466],[-170.053,57.25],[-170.25,57.115],[-170.422,57.25],[-170.25,57.466]]]},"properties":{"hvalue":1.15,"color":"#E2EBF5"}},{"type":"Feature","geometry":{"type":"Polygon","coordinates":[[[-133.75,57.5],[-133.75,57.75],[-133.5,57.5],[-134.0,57.0],[-134.25,57.0],[-133.75,57.5]]]},"properties":{"hvalue":1.15,"color":"#E2EBF5"}},{"type":"Feature","geometry":{"type":"Polygon","coordinates":[[[-152.5,58.0],[-152.15,58.0],[-152.25,57.637],[-152.25,57.75],[-152.5,58.0]]]},"properties":{"hvalue":1.15,"color":"#E2EBF5"}},{"type":"Feature","geometry":{"type":"Polygon","coordinates":[[[-157.75,58.183],[-157.75,58.376],[-158.5,58.397],[-158.968,58.282],[-158.75,58.5],[-158.75,58.75],[-158.5,58.75],[-158.25,58.5],[-157.75,58.5],[-157.5,58.75],[-157.25,58.75],[-157.5,58.5],[-157.5,58.25],[-157.75,58.0],[-157.75,57.5],[-158.25,57.5],[-158.75,57.0],[-158.817,57.0],[-158.513,57.25],[-157.75,58.183]]]},"properties":{"hvalue":1.15,"color":"#E2EBF5"}},{"type":"Feature","geometry":{"type":"Polygon","coordinates":[[[-136.564,58.25],[-136.5,58.25],[-136.546,58.204],[-136.564,58.25]]]},"properties":{"hvalue":1.15,"color":"#E2EBF5"}},{"type":"Feature","geometry":{"type":"Polygon","coordinates":[[[-136.25,58.25],[-136.0,58.5],[-136.0,58.25],[-136.25,58.25]]]},"properties":{"hvalue":1.15,"color":"#E2EBF5"}},{"type":"Feature","geometry":{"type":"Polygon","coordinates":[[[-153.0,58.544],[-152.162,59.0],[-151.869,59.0],[-151.83,58.33],[-152.0,58.5],[-152.25,58.5],[-152.5,58.75],[-152.75,58.5],[-153.0,58.5],[-153.5,58.0],[-153.75,58.0],[-154.0,57.75],[-154.305,57.75],[-153.787,58.0],[-153.0,58.544]]]},"properties":{"hvalue":1.15,"color":"#E2EBF5"}},{"type":"Feature","geometry":{"type":"Polygon","coordinates":[[[-154.0,58.333],[-154.0,58.5],[-153.811,58.5],[-154.0,58.333]]]},"properties":{"hvalue":1.15,"color":"#E2EBF5"}},{"type":"Feature","geometry":{"type":"Polygon","coordinates":[[[-153.287,58.787],[-153.75,59.25],[-153.5,59.5],[-153.085,59.5],[-153.287,58.787]]]},"properties":{"hvalue":1.15,"color":"#E2EBF5"}},{"type":"Feature","geometry":{"type":"Polygon","coordinates":[[[-151.939,59.5],[-151.925,59.675],[-151.75,59.5],[-151.939,59.5]]]},"properties":{"hvalue":1.15,"color":"#E2EBF5"}},{"type":"Feature","geometry":{"type":"Polygon","coordinates":[[[-149.5,59.75],[-149.45,59.75],[-149.545,59.705],[-149.5,59.75]]]},"properties":{"hvalue":1.15,"color":"#E2EBF5"}},{"type":"Feature","geometry":{"type":"Polygon","coordinates":[[[-147.75,60.0],[-147.693,59.943],[-147.815,59.935],[-147.75,60.0]]]},"properties":{"hvalue":1.15,"color":"#E2EBF5"}},{"type":"Feature","geometry":{"type":"Polygon","coordinates":[[[-144.334,60.0],[-144.176,60.0],[-144.25,59.96],[-144.334,60.0]]]},"properties":{"hvalue":1.15,"color":"#E2EBF5"}},{"type":"Feature","geometry":{"type":"Polygon","coordinates":[[[-148.25,60.0],[-148.228,59.978],[-148.272,59.978],[-148.25,60.0]]]},"properties":{"hvalue":1.15,"color":"#E2EBF5"}},{"type":"Feature","geometry":{"type":"Polygon","coordinates":[[[-144.61,60.11],[-144.75,60.148],[-145.089,60.25],[-144.75,60.25],[-144.61,60.11]]]},"properties":{"hvalue":1.15,"color":"#E2EBF5"}},{"type":"Feature","geometry":{"type":"Polygon","coordinates":[[[-151.25,60.75],[-151.25,60.5],[-151.846,59.904],[-151.615,60.25],[-151.75,60.415],[-152.25,60.219],[-152.647,59.853],[-152.5,60.0],[-152.5,60.25],[-152.25,60.5],[-152.0,60.5],[-151.75,60.75],[-151.5,60.75],[-151.25,61.0],[-151.0,61.0],[-151.25,60.75]]]},"properties":{"hvalue":1.15,"color":"#E2EBF5"}},{"type":"Feature","geometry":{"type":"Polygon","coordinates":[[[-147.75,60.75],[-147.0,60.75],[-146.75,61.0],[-146.5,60.75],[-146.5,60.5],[-146.338,60.338],[-147.0,60.339],[-147.25,60.078],[-147.333,60.083],[-147.75,60.5],[-148.0,60.25],[-148.0,60.5],[-148.25,60.75],[-148.0,61.0],[-147.75,60.75]]]},"properties":{"hvalue":1.15,"color":"#E2EBF5"}},{"type":"Feature","geometry":{"type":"Polygon","coordinates":[[[-117.75,61.5],[-117.5,61.25],[-118.0,61.25],[-117.75,61.5]]]},"properties":{"hvalue":1.15,"color":"#E2EBF5"}},{"type":"Feature","geometry":{"type":"Polygon","coordinates":[[[-114.5,62.0],[-114.75,62.25],[-114.25,62.25],[-114.0,62.0],[-113.75,62.0],[-113.5,61.75],[-113.0,61.75],[-113.25,61.5],[-113.5,61.5],[-114.0,61.0],[-114.25,61.25],[-114.5,61.0],[-116.25,61.0],[-116.5,61.25],[-116.0,61.25],[-115.75,61.5],[-114.75,61.5],[-114.5,61.75],[-114.5,62.0]]]},"properties":{"hvalue":1.15,"color":"#E2EBF5"}},{"type":"Feature","geometry":{"type":"Polygon","coordinates":[[[-115.0,62.25],[-115.5,62.25],[-115.75,62.5],[-115.25,62.5],[-115.0,62.25]]]},"properties":{"hvalue":1.15,"color":"#E2EBF5"}},{"type":"Feature","geometry":{"type":"Polygon","coordinates":[[[-108.0,67.0],[-107.75,67.25],[-107.5,67.0],[-107.75,66.75],[-108.0,67.0]]]},"properties":{"hvalue":1.15,"color":"#E2EBF5"}},{"type":"Feature","geometry":{"type":"Polygon","coordinates":[[[-109.5,68.0],[-112.25,68.0],[-112.5,67.75],[-114.0,67.75],[-114.25,68.0],[-115.0,68.0],[-114.75,68.25],[-114.25,68.25],[-114.0,68.5],[-114.25,68.75],[-114.75,68.75],[-115.0,69.0],[-114.75,69.0],[-114.5,69.25],[-114.25,69.25],[-114.0,69.0],[-113.75,69.0],[-113.75,68.75],[-113.5,68.5],[-113.25,68.5],[-113.0,68.25],[-112.25,68.25],[-112.0,68.5],[-111.25,68.5],[-111.0,68.25],[-110.75,68.5],[-109.25,68.5],[-109.0,68.75],[-108.25,68.75],[-108.5,68.5],[-108.5,68.25],[-108.25,68.0],[-108.0,68.0],[-108.25,67.75],[-108.75,67.75],[-109.25,68.25],[-109.5,68.0]],[[-108.75,68.5],[-109.0,68.25],[-108.75,68.0],[-108.5,68.25],[-108.75,68.5]]]},"properties":{"hvalue":1.15,"color":"#E2EBF5"}},{"type":"Feature","geometry":{"type":"Polygon","coordinates":[[[-107.25,68.75],[-107.5,68.75],[-107.0,69.25],[-106.5,69.25],[-106.25,69.0],[-107.0,69.0],[-107.25,68.75]]]},"properties":{"hvalue":1.15,"color":"#E2EBF5"}},{"type":"Feature","geometry":{"type":"Polygon","coordinates":[[[-112.25,70.5],[-112.5,70.25],[-112.75,70.25],[-113.0,70.5],[-112.25,70.5]]]},"properties":{"hvalue":1.15,"color":"#E2EBF5"}},{"type":"Feature","geometry":{"type":"Polygon","coordinates":[[[-80.79,-33.75],[-80.685,-33.75],[-80.75,-33.787],[-80.79,-33.75]]]},"properties":{"hvalue":1.15,"color":"#E2EBF5"}},{"type":"Feature","geometry":{"type":"Polygon","coordinates":[[[-80.004,-26.25],[-79.994,-26.25],[-80.0,-26.254],[-80.004,-26.25]]]},"properties":{"hvalue":1.15,"color":"#E2EBF5"}},{"type":"Feature","geometry":{"type":"Polygon","coordinates":[[[-81.25,-22.0],[-81.25,-22.0],[-81.25,-22.0],[-81.25,-22.0]]]},"properties":{"hvalue":1.15,"color":"#E2EBF5"}},{"type":"Feature","geometry":{"type":"Polygon","coordinates":[[[-80.655,-6.405],[-80.5,-6.25],[-80.047,-6.703],[-80.25,-6.645],[-80.5,-6.412],[-80.655,-6.405]]]},"properties":{"hvalue":1.15,"color":"#E2EBF5"}},{"type":"Feature","geometry":{"type":"Polygon","coordinates":[[[-81.0,-5.5],[-81.0,-5.75],[-81.156,-5.906],[-81.15,-5.35],[-81.0,-5.5]]]},"properties":{"hvalue":1.15,"color":"#E2EBF5"}},{"type":"Feature","geometry":{"type":"Polygon","coordinates":[[[-81.297,-4.75],[-81.25,-4.75],[-81.25,-4.893],[-81.297,-4.75]]]},"properties":{"hvalue":1.15,"color":"#E2EBF5"}},{"type":"Feature","geometry":{"type":"Polygon","coordinates":[[[-81.355,-4.355],[-80.559,-2.691],[-80.25,-2.75],[-80.5,-3.0],[-80.25,-3.25],[-81.355,-4.355]]]},"properties":{"hvalue":1.15,"color":"#E2EBF5"}},{"type":"Feature","geometry":{"type":"Polygon","coordinates":[[[-80.0,-3.0],[-80.0,-3.25],[-80.25,-3.25],[-80.0,-3.0]]]},"properties":{"hvalue":1.15,"color":"#E2EBF5"}},{"type":"Feature","geometry":{"type":"Polygon","coordinates":[[[-80.75,-2.0],[-80.983,-2.233],[-80.972,-1.778],[-80.75,-2.0]]]},"properties":{"hvalue":1.15,"color":"#E2EBF5"}},{"type":"Feature","geometry":{"type":"Polygon","coordinates":[[[-90.5,-1.103],[-90.288,-1.25],[-90.5,-1.343],[-90.588,-1.25],[-90.5,-1.103]]]},"properties":{"hvalue":1.15,"color":"#E2EBF5"}},{"type":"Feature","geometry":{"type":"Polygon","coordinates":[[[-89.146,-0.25],[-89.077,-0.5],[-89.164,-0.75],[-89.5,-0.982],[-89.698,-0.75],[-89.603,-0.25],[-89.75,-0.021],[-89.918,0.0],[-89.75,0.082],[-89.5,0.023],[-89.146,-0.25]]]},"properties":{"hvalue":1.15,"color":"#E2EBF5"}},{"type":"Feature","geometry":{"type":"Polygon","coordinates":[[[-90.933,0.25],[-90.994,0.5],[-90.918,0.75],[-90.75,0.817],[-90.5,0.732],[-90.307,0.5],[-90.25,0.25],[-90.022,0.0],[-90.001,-0.749],[-90.25,-0.5],[-90.476,-0.726],[-90.86,-0.86],[-90.75,-0.75],[-90.75,-0.5],[-90.5,-0.25],[-90.75,0.0],[-91.0,-0.25],[-91.0,0.0],[-91.25,0.25],[-91.5,0.0],[-91.5,-0.25],[-91.25,-0.5],[-91.5,-0.79],[-91.651,-0.25],[-91.651,0.0],[-91.526,0.25],[-91.25,0.393],[-91.055,0.25],[-91.0,0.069],[-90.933,0.25]]]},"properties":{"hvalue":1.15,"color":"#E2EBF5"}},{"type":"Feature","geometry":{"type":"Polygon","coordinates":[[[-90.0,0.648],[-89.865,0.5],[-90.0,0.345],[-90.118,0.5],[-90.0,0.648]]]},"properties":{"hvalue":1.15,"color":"#E2EBF5"}},{"type":"Feature","geometry":{"type":"Polygon","coordinates":[[[-80.593,0.25],[-80.177,1.0],[-79.175,2.5],[-79.5,2.62],[-80.25,2.613],[-80.75,2.836],[-81.0,2.788],[-81.791,2.5],[-82.057,2.0],[-82.75,1.562],[-83.25,1.415],[-83.321,1.75],[-83.278,2.0],[-82.966,2.5],[-82.947,2.75],[-83.344,3.0],[-83.471,3.25],[-83.404,4.5],[-83.754,5.0],[-83.5,5.283],[-82.75,5.394],[-82.25,5.593],[-81.5,6.242],[-80.25,6.101],[-79.75,6.302],[-79.306,7.0],[-79.232,7.5],[-79.34,7.75],[-79.5,7.825],[-79.75,7.722],[-79.835,7.5],[-80.0,7.349],[-80.25,7.182],[-80.654,7.096],[-80.5,7.25],[-80.25,7.25],[-80.0,7.5],[-80.0,7.75],[-80.25,8.0],[-80.25,8.25],[-80.0,8.25],[-79.5,8.75],[-79.5,9.0],[-79.25,8.75],[-78.75,8.75],[-78.75,8.5],[-78.5,8.25],[-78.25,8.25],[-78.5,8.0],[-78.5,7.75],[-77.75,7.0],[-77.75,6.75],[-77.5,6.5],[-77.5,4.0],[-77.25,3.75],[-77.75,3.25],[-77.75,2.75],[-78.5,2.75],[-78.75,2.5],[-78.75,2.0],[-79.0,1.75],[-79.0,1.5],[-79.5,1.0],[-80.0,1.0],[-80.25,0.75],[-80.25,0.5],[-80.0,0.25],[-80.5,-0.25],[-80.5,-0.5],[-80.902,-0.902],[-80.593,0.25]]]},"properties":{"hvalue":1.15,"color":"#E2EBF5"}},{"type":"Feature","geometry":{"type":"Polygon","coordinates":[[[-89.512,3.5],[-89.0,3.805],[-88.5,3.857],[-88.318,4.0],[-88.0,4.806],[-87.75,4.725],[-87.5,4.807],[-87.162,5.25],[-87.207,5.75],[-87.0,6.058],[-86.25,6.11],[-85.75,6.376],[-85.5,6.236],[-85.099,5.75],[-84.941,5.25],[-85.009,5.0],[-85.5,4.666],[-86.0,4.634],[-86.25,4.537],[-86.573,4.0],[-86.571,3.5],[-86.711,3.25],[-87.225,2.5],[-87.75,2.148],[-88.0,2.033],[-88.75,2.072],[-89.25,1.723],[-89.505,1.75],[-89.738,2.0],[-89.78,2.5],[-89.518,3.0],[-89.512,3.5]]]},"properties":{"hvalue":1.15,"color":"#E2EBF5"}},{"type":"Feature","geometry":{"type":"Polygon","coordinates":[[[-94.759,4.75],[-94.5,4.84],[-94.352,4.75],[-94.372,4.5],[-94.5,4.349],[-94.75,4.442],[-94.759,4.75]]]},"properties":{"hvalue":1.15,"color":"#E2EBF5"}},{"type":"Feature","geometry":{"type":"Polygon","coordinates":[[[-80.855,7.105],[-81.75,7.114],[-81.902,7.25],[-81.984,7.484],[-81.75,7.25],[-81.5,7.5],[-81.0,7.5],[-81.0,7.25],[-80.855,7.105]]]},"properties":{"hvalue":1.15,"color":"#E2EBF5"}},{"type":"Feature","geometry":{"type":"Polygon","coordinates":[[[-82.25,8.0],[-81.75,8.0],[-81.75,7.75],[-81.993,7.507],[-82.389,8.0],[-82.933,8.067],[-82.75,8.25],[-82.5,8.25],[-82.25,8.0]]]},"properties":{"hvalue":1.15,"color":"#E2EBF5"}},{"type":"Feature","geometry":{"type":"Polygon","coordinates":[[[-83.471,8.279],[-83.25,8.5],[-83.25,8.277],[-83.471,8.279]]]},"properties":{"hvalue":1.15,"color":"#E2EBF5"}},{"type":"Feature","geometry":{"type":"Polygon","coordinates":[[[-83.986,9.0],[-84.205,9.25],[-84.0,9.25],[-83.75,9.0],[-83.75,8.558],[-83.952,8.75],[-83.986,9.0]]]},"properties":{"hvalue":1.15,"color":"#E2EBF5"}},{"type":"Feature","geometry":{"type":"Polygon","coordinates":[[[-84.995,9.505],[-84.75,9.75],[-84.75,9.518],[-84.995,9.505]]]},"properties":{"hvalue":1.15,"color":"#E2EBF5"}},{"type":"Feature","geometry":{"type":"Polygon","coordinates":[[[-83.75,11.5],[-83.536,11.714],[-83.5,11.621],[-83.0,11.386],[-81.771,10.5],[-81.614,10.25],[-81.734,10.0],[-82.19,9.75],[-82.249,9.5],[-81.75,9.312],[-81.25,9.283],[-79.557,9.693],[-79.75,9.5],[-80.0,9.5],[-80.25,9.25],[-80.75,9.25],[-81.0,9.0],[-81.5,9.0],[-81.75,9.25],[-82.0,9.0],[-83.25,10.25],[-83.25,10.5],[-83.5,10.75],[-83.5,11.0],[-83.75,11.25],[-83.75,11.5]]]},"properties":{"hvalue":1.15,"color":"#E2EBF5"}},{"type":"Feature","geometry":{"type":"Polygon","coordinates":[[[-86.25,11.415],[-86.786,11.75],[-87.0,12.17],[-87.677,12.75],[-87.799,13.0],[-87.5,13.25],[-87.5,12.75],[-85.75,11.0],[-85.75,10.75],[-86.0,10.5],[-86.0,10.25],[-85.556,9.806],[-85.75,9.822],[-85.938,10.0],[-86.03,10.25],[-86.048,10.5],[-86.0,11.134],[-86.25,11.415]]]},"properties":{"hvalue":1.15,"color":"#E2EBF5"}},{"type":"Feature","geometry":{"type":"Polygon","coordinates":[[[-83.25,14.5],[-83.25,14.75],[-83.0,15.0],[-83.5,15.5],[-84.0,15.5],[-84.0,15.75],[-84.25,16.0],[-86.75,16.0],[-87.0,15.75],[-87.25,16.0],[-87.765,16.0],[-86.841,16.25],[-86.688,16.5],[-86.5,16.572],[-86.0,16.626],[-85.75,16.359],[-84.5,16.475],[-84.0,16.449],[-83.25,16.235],[-83.021,16.0],[-82.75,15.879],[-82.5,15.88],[-82.25,15.678],[-82.056,15.5],[-82.191,15.25],[-82.816,14.75],[-82.635,14.5],[-82.728,14.25],[-83.301,13.75],[-83.472,13.5],[-83.494,13.25],[-83.338,12.5],[-83.508,12.258],[-83.75,12.5],[-83.5,12.75],[-83.5,13.75],[-83.0,14.25],[-83.25,14.5]]]},"properties":{"hvalue":1.15,"color":"#E2EBF5"}},{"type":"Feature","geometry":{"type":"Polygon","coordinates":[[[-81.25,14.474],[-81.25,14.518],[-81.23,14.5],[-81.25,14.474]]]},"properties":{"hvalue":1.15,"color":"#E2EBF5"}},{"type":"Feature","geometry":{"type":"Polygon","coordinates":[[[-94.0,15.324],[-94.318,16.0],[-94.0,16.0],[-93.25,15.25],[-93.0,15.25],[-92.265,14.515],[-93.5,15.21],[-94.0,15.324]]]},"properties":{"hvalue":1.15,"color":"#E2EBF5"}},{"type":"Feature","geometry":{"type":"Polygon","coordinates":[[[-96.0,15.75],[-95.895,15.75],[-96.048,15.702],[-96.0,15.75]]]},"properties":{"hvalue":1.15,"color":"#E2EBF5"}},{"type":"Feature","geometry":{"type":"Polygon","coordinates":[[[-94.613,16.113],[-94.75,16.163],[-95.236,16.014],[-95.0,16.25],[-94.75,16.25],[-94.613,16.113]]]},"properties":{"hvalue":1.15,"color":"#E2EBF5"}},{"type":"Feature","geometry":{"type":"Polygon","coordinates":[[[-88.099,16.0],[-88.75,16.0],[-88.25,16.5],[-88.25,16.75],[-88.143,16.857],[-88.09,16.5],[-88.169,16.25],[-88.099,16.0]]]},"properties":{"hvalue":1.15,"color":"#E2EBF5"}},{"type":"Feature","geometry":{"type":"Polygon","coordinates":[[[-87.75,17.506],[-87.786,17.25],[-88.0,17.09],[-88.25,17.25],[-88.0,17.5],[-88.0,18.25],[-87.779,18.25],[-87.813,18.0],[-87.957,17.75],[-87.75,17.506]]]},"properties":{"hvalue":1.15,"color":"#E2EBF5"}},{"type":"Feature","geometry":{"type":"Polygon","coordinates":[[[-85.5,17.57],[-86.75,18.319],[-87.0,18.42],[-87.57,18.43],[-87.5,18.5],[-87.5,19.25],[-87.25,19.5],[-87.5,19.75],[-87.5,20.0],[-86.75,20.75],[-86.75,21.5],[-87.0,21.75],[-87.25,21.5],[-87.5,21.5],[-87.75,21.75],[-88.5,21.75],[-88.75,21.5],[-89.5,21.5],[-89.75,21.25],[-90.25,21.25],[-90.5,21.0],[-90.5,20.5],[-90.75,20.25],[-90.5,20.0],[-90.75,19.75],[-90.75,19.5],[-91.25,19.0],[-91.25,18.75],[-91.5,18.5],[-91.75,18.5],[-92.0,18.75],[-92.75,18.75],[-93.0,18.5],[-93.75,18.5],[-94.0,18.25],[-94.5,18.25],[-95.0,18.75],[-95.5,18.75],[-96.25,19.5],[-96.25,19.75],[-96.5,20.0],[-96.5,20.25],[-96.75,20.5],[-97.0,20.5],[-97.0,20.75],[-97.25,21.0],[-97.25,21.25],[-97.5,21.5],[-97.5,22.0],[-97.75,22.25],[-97.75,23.25],[-97.5,23.5],[-97.5,23.75],[-97.75,24.0],[-97.5,24.25],[-97.75,24.5],[-97.5,24.75],[-97.5,25.25],[-97.0,25.75],[-97.0,26.0],[-97.25,26.25],[-97.25,27.0],[-97.5,27.25],[-97.25,27.5],[-97.25,27.75],[-96.5,28.5],[-96.0,28.5],[-95.75,28.75],[-95.25,28.75],[-94.75,29.25],[-94.75,29.75],[-94.5,29.5],[-93.75,29.5],[-93.5,29.75],[-93.25,29.5],[-92.75,29.5],[-92.5,29.75],[-92.25,29.5],[-92.0,29.75],[-91.75,29.5],[-91.5,29.5],[-91.5,29.25],[-91.25,29.0],[-90.75,29.0],[-90.5,29.25],[-90.25,29.0],[-90.0,29.25],[-89.75,29.25],[-89.5,29.0],[-89.25,29.0],[-89.0,29.25],[-89.25,29.5],[-89.5,29.5],[-89.25,29.75],[-89.25,30.25],[-88.25,30.25],[-88.0,30.5],[-87.75,30.25],[-85.75,30.25],[-85.5,30.0],[-85.5,29.75],[-85.25,29.5],[-85.0,29.75],[-84.75,29.5],[-84.25,30.0],[-84.0,30.0],[-83.0,29.0],[-83.0,28.75],[-82.75,28.5],[-82.75,28.0],[-82.5,27.75],[-82.75,27.5],[-82.75,27.25],[-82.0,26.5],[-82.0,26.25],[-80.75,25.0],[-80.5,25.0],[-80.25,25.25],[-80.25,25.5],[-80.0,25.75],[-80.0,27.25],[-80.25,27.5],[-80.25,27.75],[-80.5,28.0],[-80.5,28.5],[-80.75,28.75],[-80.75,29.0],[-81.0,29.25],[-81.0,29.5],[-81.25,29.75],[-81.25,30.329],[-80.25,29.633],[-80.0,29.602],[-79.75,29.637],[-79.25,29.881],[-79.0,29.916],[-78.75,29.808],[-78.0,29.987],[-77.25,30.379],[-76.75,30.529],[-76.5,30.512],[-76.0,30.173],[-74.25,30.283],[-73.733,30.0],[-72.75,29.848],[-72.5,29.741],[-71.825,29.0],[-71.25,28.589],[-70.0,28.212],[-69.25,27.882],[-69.0,27.667],[-67.75,27.106],[-67.655,27.0],[-67.697,26.75],[-68.128,26.25],[-68.343,25.75],[-68.854,25.25],[-69.525,23.75],[-69.75,23.473],[-70.396,23.0],[-70.281,22.5],[-70.28,21.5],[-70.723,20.75],[-70.25,20.518],[-70.0,20.686],[-69.75,20.414],[-69.0,20.182],[-68.899,20.0],[-69.0,19.818],[-69.163,19.75],[-69.054,19.5],[-68.516,19.0],[-69.0,19.0],[-69.0,19.25],[-69.25,19.5],[-69.75,19.5],[-70.0,19.75],[-70.5,19.75],[-70.75,20.0],[-71.75,20.0],[-72.0,19.75],[-72.25,20.0],[-72.5,20.0],[-72.75,20.25],[-73.0,20.0],[-73.25,20.0],[-73.5,19.75],[-73.25,19.5],[-73.0,19.5],[-73.0,19.0],[-72.75,18.75],[-72.5,18.75],[-72.75,18.5],[-73.5,18.5],[-73.75,18.75],[-74.25,18.75],[-74.5,18.5],[-74.0,18.0],[-71.75,18.0],[-71.75,17.75],[-71.5,17.5],[-71.0,18.0],[-71.0,18.25],[-70.75,18.25],[-70.5,18.0],[-70.25,18.0],[-70.0,18.25],[-68.5,18.25],[-68.393,18.357],[-68.327,18.25],[-68.666,18.0],[-69.272,17.75],[-69.5,17.408],[-70.5,17.068],[-70.585,17.25],[-70.75,17.337],[-71.5,17.149],[-73.0,17.043],[-73.5,17.191],[-74.25,17.629],[-75.35,18.0],[-75.768,18.25],[-76.0,18.276],[-76.102,18.102],[-76.25,18.25],[-76.5,18.25],[-76.75,18.5],[-78.25,18.5],[-78.5,18.25],[-78.25,18.0],[-78.0,18.0],[-77.75,17.75],[-77.056,17.75],[-77.25,17.592],[-78.0,17.738],[-78.75,17.536],[-79.75,17.487],[-80.5,17.582],[-81.25,17.875],[-81.5,17.885],[-81.75,17.47],[-82.75,17.308],[-83.75,16.982],[-84.25,17.044],[-85.5,17.57]]]},"properties":{"hvalue":1.15,"color":"#E2EBF5"}},{"type":"Feature","geometry":{"type":"Polygon","coordinates":[[[-80.5,32.5],[-80.13,32.5],[-80.75,32.035],[-81.0,31.701],[-81.114,31.25],[-81.269,31.0],[-81.261,30.511],[-81.5,30.75],[-81.5,31.0],[-81.25,31.25],[-81.25,31.75],[-80.5,32.5]]]},"properties":{"hvalue":1.15,"color":"#E2EBF5"}},{"type":"Feature","geometry":{"type":"Polygon","coordinates":[[[-81.5,42.5],[-80.25,42.5],[-80.0,42.75],[-79.25,42.75],[-79.5,42.5],[-79.75,42.5],[-80.0,42.25],[-80.25,42.25],[-80.5,42.0],[-81.25,42.0],[-81.75,41.5],[-83.0,41.5],[-83.25,41.75],[-83.25,42.0],[-83.0,42.0],[-82.75,41.75],[-82.5,41.75],[-82.0,42.25],[-81.75,42.25],[-81.5,42.5]]]},"properties":{"hvalue":1.15,"color":"#E2EBF5"}},{"type":"Feature","geometry":{"type":"Polygon","coordinates":[[[-82.75,42.5],[-82.5,42.5],[-82.75,42.25],[-82.75,42.5]]]},"properties":{"hvalue":1.15,"color":"#E2EBF5"}},{"type":"Feature","geometry":{"type":"Polygon","coordinates":[[[-87.75,44.0],[-87.5,44.0],[-87.25,44.25],[-87.25,44.75],[-86.75,45.25],[-87.0,45.5],[-86.0,45.5],[-85.5,46.0],[-85.0,46.0],[-85.0,45.5],[-85.25,45.25],[-85.25,45.0],[-85.75,45.0],[-86.0,45.25],[-86.25,45.0],[-86.25,44.5],[-86.75,44.0],[-86.5,43.75],[-86.5,43.25],[-86.25,43.0],[-86.25,42.5],[-87.0,41.75],[-87.5,41.75],[-87.5,42.0],[-87.75,42.25],[-87.75,43.5],[-87.5,43.75],[-87.75,44.0]]]},"properties":{"hvalue":1.15,"color":"#E2EBF5"}},{"type":"Feature","geometry":{"type":"Polygon","coordinates":[[[-83.75,44.0],[-83.5,44.0],[-83.25,44.25],[-83.25,45.25],[-83.5,45.5],[-84.0,45.5],[-84.25,45.75],[-83.5,45.75],[-83.25,46.0],[-82.5,46.0],[-82.75,45.75],[-82.5,45.5],[-82.0,45.5],[-81.75,45.25],[-81.5,45.5],[-81.5,45.75],[-80.75,45.75],[-80.5,45.5],[-80.5,45.25],[-80.25,45.0],[-80.0,45.0],[-80.25,44.75],[-80.75,44.75],[-81.25,45.25],[-81.5,45.0],[-81.5,44.5],[-81.75,44.25],[-81.75,44.0],[-82.0,43.75],[-81.75,43.5],[-82.0,43.25],[-82.5,43.25],[-82.5,44.0],[-82.75,44.25],[-83.0,44.0],[-83.25,44.0],[-83.5,43.75],[-83.75,43.75],[-83.75,44.0]]]},"properties":{"hvalue":1.15,"color":"#E2EBF5"}},{"type":"Feature","geometry":{"type":"Polygon","coordinates":[[[-87.5,45.25],[-87.25,45.25],[-87.5,45.0],[-87.5,45.25]]]},"properties":{"hvalue":1.15,"color":"#E2EBF5"}},{"type":"Feature","geometry":{"type":"Polygon","coordinates":[[[-84.5,45.75],[-84.5,46.0],[-84.25,45.75],[-84.5,45.75]]]},"properties":{"hvalue":1.15,"color":"#E2EBF5"}},{"type":"Feature","geometry":{"type":"Polygon","coordinates":[[[-89.25,47.0],[-89.75,47.0],[-90.0,46.75],[-90.75,46.75],[-91.0,47.0],[-91.25,47.0],[-91.5,46.75],[-91.75,46.75],[-91.25,47.25],[-91.0,47.25],[-90.75,47.5],[-90.25,47.5],[-90.0,47.75],[-89.75,47.75],[-89.0,48.5],[-88.75,48.25],[-88.5,48.5],[-88.5,48.75],[-88.25,48.75],[-88.0,48.5],[-87.75,48.5],[-87.5,48.75],[-86.75,48.75],[-86.0,48.0],[-86.0,47.75],[-85.75,47.5],[-85.5,47.75],[-85.0,47.75],[-85.0,47.5],[-84.75,47.25],[-85.0,47.0],[-84.75,46.75],[-84.75,46.5],[-85.0,46.5],[-85.0,46.75],[-85.25,47.0],[-85.5,46.75],[-86.25,46.75],[-86.5,46.5],[-87.25,46.5],[-87.75,47.0],[-88.0,47.0],[-87.75,47.25],[-88.0,47.5],[-88.25,47.5],[-88.5,47.25],[-89.0,47.25],[-89.25,47.0]]]},"properties":{"hvalue":1.15,"color":"#E2EBF5"}},{"type":"Feature","geometry":{"type":"Polygon","coordinates":[[[-96.75,51.0],[-96.5,51.25],[-96.5,50.75],[-96.75,50.5],[-96.75,50.75],[-97.0,51.0],[-96.75,51.0]]]},"properties":{"hvalue":1.15,"color":"#E2EBF5"}},{"type":"Feature","geometry":{"type":"Polygon","coordinates":[[[-98.75,52.75],[-98.5,53.0],[-98.75,53.25],[-99.25,53.25],[-99.05,53.45],[-98.5,53.22],[-98.25,53.219],[-98.134,53.5],[-98.378,53.75],[-98.25,53.75],[-98.0,53.5],[-97.75,53.5],[-97.75,53.25],[-97.5,53.0],[-97.5,52.75],[-97.25,52.5],[-97.25,52.25],[-96.75,51.75],[-96.75,51.5],[-97.0,51.75],[-97.25,51.75],[-97.25,52.0],[-97.5,52.25],[-98.25,52.25],[-98.25,52.5],[-98.5,52.75],[-98.75,52.75]]]},"properties":{"hvalue":1.15,"color":"#E2EBF5"}},{"type":"Feature","geometry":{"type":"Polygon","coordinates":[[[-99.0,53.618],[-99.0,53.75],[-98.917,53.75],[-99.0,53.618]]]},"properties":{"hvalue":1.15,"color":"#E2EBF5"}},{"type":"Feature","geometry":{"type":"Polygon","coordinates":[[[-84.25,55.5],[-84.681,55.5],[-84.25,55.535],[-83.755,55.495],[-84.0,55.25],[-84.25,55.5]]]},"properties":{"hvalue":1.15,"color":"#E2EBF5"}},{"type":"Feature","geometry":{"type":"Polygon","coordinates":[[[-85.063,55.5],[-85.5,55.5],[-85.645,55.645],[-85.5,55.621],[-85.063,55.5]]]},"properties":{"hvalue":1.15,"color":"#E2EBF5"}},{"type":"Feature","geometry":{"type":"Polygon","coordinates":[[[-86.379,55.879],[-86.015,55.75],[-86.25,55.75],[-86.379,55.879]]]},"properties":{"hvalue":1.15,"color":"#E2EBF5"}},{"type":"Feature","geometry":{"type":"Polygon","coordinates":[[[-86.887,56.0],[-87.25,56.0],[-87.391,56.141],[-87.25,56.124],[-86.887,56.0]]]},"properties":{"hvalue":1.15,"color":"#E2EBF5"}},{"type":"Feature","geometry":{"type":"Polygon","coordinates":[[[-87.75,56.3],[-87.68,56.25],[-87.904,56.404],[-87.75,56.3]]]},"properties":{"hvalue":1.15,"color":"#E2EBF5"}},{"type":"Feature","geometry":{"type":"Polygon","coordinates":[[[-88.921,56.921],[-88.571,56.75],[-88.75,56.75],[-88.921,56.921]]]},"properties":{"hvalue":1.15,"color":"#E2EBF5"}},{"type":"Feature","geometry":{"type":"Polygon","coordinates":[[[-89.965,57.215],[-89.5,57.138],[-89.2,57.0],[-89.75,57.0],[-89.965,57.215]]]},"properties":{"hvalue":1.15,"color":"#E2EBF5"}},{"type":"Feature","geometry":{"type":"Polygon","coordinates":[[[-85.0,65.5],[-84.75,65.5],[-85.0,65.25],[-85.0,65.5]]]},"properties":{"hvalue":1.15,"color":"#E2EBF5"}},{"type":"Feature","geometry":{"type":"Polygon","coordinates":[[[-89.25,65.75],[-89.0,65.5],[-89.25,65.5],[-89.5,65.75],[-89.25,65.75]]]},"properties":{"hvalue":1.15,"color":"#E2EBF5"}},{"type":"Feature","geometry":{"type":"Polygon","coordinates":[[[-95.5,67.25],[-95.75,67.5],[-96.0,67.5],[-95.75,67.75],[-95.5,67.5],[-95.5,67.25]]]},"properties":{"hvalue":1.15,"color":"#E2EBF5"}},{"type":"Feature","geometry":{"type":"Polygon","coordinates":[[[-95.5,69.25],[-95.25,69.5],[-94.5,69.5],[-94.5,69.0],[-94.75,68.75],[-94.5,68.5],[-94.25,68.75],[-93.75,68.75],[-93.75,68.5],[-94.25,68.5],[-94.5,68.25],[-95.5,68.25],[-95.75,68.0],[-95.75,67.75],[-96.25,68.25],[-96.25,68.5],[-95.75,68.5],[-95.5,68.75],[-96.0,69.25],[-95.5,69.25]]]},"properties":{"hvalue":1.15,"color":"#E2EBF5"}},{"type":"Feature","geometry":{"type":"Polygon","coordinates":[[[-105.5,69.0],[-105.0,69.0],[-104.75,68.75],[-105.0,68.5],[-105.25,68.5],[-105.25,68.75],[-105.5,69.0]]]},"properties":{"hvalue":1.15,"color":"#E2EBF5"}},{"type":"Feature","geometry":{"type":"Polygon","coordinates":[[[-93.75,69.5],[-93.5,69.5],[-93.75,69.25],[-93.75,69.5]]]},"properties":{"hvalue":1.15,"color":"#E2EBF5"}},{"type":"Feature","geometry":{"type":"Polygon","coordinates":[[[-83.25,70.0],[-83.0,69.75],[-83.5,69.75],[-83.25,70.0]]]},"properties":{"hvalue":1.15,"color":"#E2EBF5"}},{"type":"Feature","geometry":{"type":"Polygon","coordinates":[[[-88.25,69.0],[-88.5,69.25],[-89.75,69.25],[-90.0,69.0],[-90.0,68.5],[-90.25,68.5],[-90.25,68.75],[-90.5,69.0],[-90.25,69.25],[-90.25,69.5],[-90.5,69.75],[-91.25,69.75],[-91.5,70.0],[-91.75,69.75],[-92.0,69.75],[-91.75,70.0],[-91.75,70.25],[-92.25,70.75],[-92.75,70.75],[-92.75,71.25],[-93.25,71.75],[-93.5,71.5],[-94.0,72.0],[-93.75,72.25],[-93.5,72.25],[-93.25,72.5],[-93.5,72.75],[-93.25,72.75],[-93.0,72.5],[-92.75,72.75],[-92.5,72.5],[-92.25,72.75],[-91.75,72.75],[-91.25,73.25],[-91.0,73.25],[-90.75,73.5],[-90.5,73.5],[-90.25,73.75],[-90.402,73.902],[-90.0,74.017],[-90.028,73.75],[-89.875,73.5],[-89.314,73.186],[-90.0,72.5],[-90.0,71.5],[-89.75,71.25],[-89.25,71.25],[-89.5,71.0],[-89.0,70.5],[-88.75,70.5],[-88.5,70.25],[-88.0,70.25],[-87.75,70.0],[-87.5,70.25],[-86.75,70.25],[-86.5,70.0],[-85.25,70.0],[-85.75,69.5],[-85.25,69.0],[-85.25,68.75],[-85.75,68.75],[-86.0,68.5],[-86.0,68.0],[-86.25,68.0],[-86.25,68.25],[-86.5,68.5],[-86.75,68.25],[-86.75,67.75],[-86.5,67.5],[-87.0,67.5],[-87.25,67.25],[-87.5,67.5],[-87.75,67.5],[-88.25,68.0],[-88.25,68.25],[-88.0,68.25],[-87.75,68.5],[-87.75,68.75],[-88.0,69.0],[-88.25,69.0]]]},"properties":{"hvalue":1.15,"color":"#E2EBF5"}},{"type":"Feature","geometry":{"type":"Polygon","coordinates":[[[-85.25,71.5],[-84.75,71.5],[-85.0,71.25],[-85.25,71.5]]]},"properties":{"hvalue":1.15,"color":"#E2EBF5"}},{"type":"Feature","geometry":{"type":"Polygon","coordinates":[[[-85.5,73.5],[-85.0,73.5],[-84.75,73.75],[-84.892,73.892],[-84.25,73.72],[-83.804,73.696],[-84.0,73.5],[-84.75,73.5],[-85.25,73.0],[-85.75,73.0],[-86.0,72.75],[-85.5,72.25],[-85.75,72.0],[-85.5,71.75],[-86.0,71.75],[-86.25,72.0],[-86.25,72.25],[-86.0,72.5],[-86.25,72.75],[-86.5,72.75],[-86.5,73.0],[-86.25,73.0],[-86.0,73.25],[-85.75,73.25],[-85.5,73.5]]]},"properties":{"hvalue":1.15,"color":"#E2EBF5"}},{"type":"Feature","geometry":{"type":"Polygon","coordinates":[[[-81.0,73.25],[-81.0,73.5],[-80.75,73.25],[-81.0,73.25]]]},"properties":{"hvalue":1.15,"color":"#E2EBF5"}},{"type":"Feature","geometry":{"type":"Polygon","coordinates":[[[-81.17,73.67],[-80.846,73.654],[-81.0,73.5],[-81.17,73.67]]]},"properties":{"hvalue":1.15,"color":"#E2EBF5"}},{"type":"Feature","geometry":{"type":"Polygon","coordinates":[[[-95.5,73.5],[-95.676,73.324],[-95.92,73.5],[-95.5,73.897],[-95.158,74.092],[-95.5,73.75],[-95.5,73.5]]]},"properties":{"hvalue":1.15,"color":"#E2EBF5"}},{"type":"Feature","geometry":{"type":"Polygon","coordinates":[[[-86.5,74.5],[-82.25,74.5],[-82.177,74.427],[-82.75,74.406],[-83.75,74.219],[-85.75,74.176],[-86.856,74.25],[-86.75,74.25],[-86.5,74.5]]]},"properties":{"hvalue":1.15,"color":"#E2EBF5"}},{"type":"Feature","geometry":{"type":"Polygon","coordinates":[[[-88.5,74.5],[-88.369,74.369],[-89.25,74.326],[-90.672,74.5],[-88.5,74.5]]]},"properties":{"hvalue":1.15,"color":"#E2EBF5"}},{"type":"Feature","geometry":{"type":"Polygon","coordinates":[[[-80.327,74.5],[-81.0,74.447],[-81.844,74.406],[-81.75,74.5],[-80.327,74.5]]]},"properties":{"hvalue":1.15,"color":"#E2EBF5"}},{"type":"Feature","geometry":{"type":"Polygon","coordinates":[[[-79.351,74.75],[-79.935,74.565],[-79.5,75.0],[-79.5,75.25],[-79.708,75.458],[-79.305,75.25],[-79.27,75.0],[-79.351,74.75]]]},"properties":{"hvalue":1.15,"color":"#E2EBF5"}},{"type":"Feature","geometry":{"type":"Polygon","coordinates":[[[-86.25,75.519],[-86.184,75.5],[-86.477,75.5],[-86.25,75.519]]]},"properties":{"hvalue":1.15,"color":"#E2EBF5"}},{"type":"Feature","geometry":{"type":"Polygon","coordinates":[[[-86.75,75.547],[-86.51,75.5],[-86.801,75.551],[-86.75,75.547]]]},"properties":{"hvalue":1.15,"color":"#E2EBF5"}},{"type":"Feature","geometry":{"type":"Polygon","coordinates":[[[-81.0,75.757],[-80.95,75.75],[-81.007,75.757],[-81.0,75.757]]]},"properties":{"hvalue":1.15,"color":"#E2EBF5"}},{"type":"Feature","geometry":{"type":"Polygon","coordinates":[[[-88.5,75.75],[-88.75,75.75],[-89.0,75.5],[-89.5,76.0],[-89.292,76.208],[-89.0,76.207],[-88.5,75.75]]]},"properties":{"hvalue":1.15,"color":"#E2EBF5"}},{"type":"Feature","geometry":{"type":"Polygon","coordinates":[[[-87.71,76.25],[-81.5,76.25],[-81.47,76.22],[-83.5,76.028],[-85.5,76.165],[-87.25,76.175],[-87.71,76.25]]]},"properties":{"hvalue":1.15,"color":"#E2EBF5"}},{"type":"Feature","geometry":{"type":"Polygon","coordinates":[[[-79.553,76.197],[-79.813,76.187],[-79.5,76.25],[-79.553,76.197]]]},"properties":{"hvalue":1.15,"color":"#E2EBF5"}},{"type":"Feature","geometry":{"type":"Polygon","coordinates":[[[-90.5,76.5],[-90.75,76.5],[-90.925,76.675],[-90.682,76.682],[-90.5,76.5]]]},"properties":{"hvalue":1.15,"color":"#E2EBF5"}},{"type":"Feature","geometry":{"type":"Polygon","coordinates":[[[-89.005,76.255],[-89.263,76.263],[-89.927,76.927],[-89.303,76.947],[-89.5,76.75],[-89.005,76.255]]]},"properties":{"hvalue":1.15,"color":"#E2EBF5"}},{"type":"Feature","geometry":{"type":"Polygon","coordinates":[[[-91.207,77.207],[-91.289,77.25],[-91.438,77.438],[-91.207,77.207]]]},"properties":{"hvalue":1.15,"color":"#E2EBF5"}},{"type":"Feature","geometry":{"type":"Polygon","coordinates":[[[-86.25,78.0],[-85.75,78.0],[-85.5,77.75],[-85.25,77.75],[-85.5,77.5],[-85.75,77.5],[-86.25,78.0]]]},"properties":{"hvalue":1.15,"color":"#E2EBF5"}},{"type":"Feature","geometry":{"type":"Polygon","coordinates":[[[-87.25,78.75],[-87.0,78.75],[-87.25,78.5],[-87.5,78.5],[-87.25,78.75]]]},"properties":{"hvalue":1.15,"color":"#E2EBF5"}},{"type":"Feature","geometry":{"type":"Polygon","coordinates":[[[-84.5,79.0],[-84.75,79.0],[-85.25,79.0],[-85.0,79.25],[-84.75,79.25],[-84.5,79.0]]]},"properties":{"hvalue":1.15,"color":"#E2EBF5"}},{"type":"Feature","geometry":{"type":"Polygon","coordinates":[[[-83.0,80.25],[-84.0,80.25],[-83.75,80.5],[-82.75,80.5],[-83.0,80.25]]]},"properties":{"hvalue":1.15,"color":"#E2EBF5"}},{"type":"Feature","geometry":{"type":"Polygon","coordinates":[[[-87.0,80.75],[-87.25,81.0],[-86.25,81.0],[-86.5,80.75],[-86.25,80.5],[-86.5,80.5],[-86.75,80.25],[-86.25,79.75],[-87.25,79.75],[-87.0,80.0],[-87.25,80.25],[-87.75,80.25],[-88.0,80.5],[-87.25,80.5],[-87.0,80.75]]]},"properties":{"hvalue":1.15,"color":"#E2EBF5"}},{"type":"Feature","geometry":{"type":"Polygon","coordinates":[[[-88.5,80.25],[-89.0,80.25],[-89.5,80.75],[-89.0,80.75],[-88.75,81.0],[-88.25,81.0],[-88.5,80.75],[-88.25,80.5],[-88.5,80.25]]]},"properties":{"hvalue":1.15,"color":"#E2EBF5"}},{"type":"Feature","geometry":{"type":"Polygon","coordinates":[[[-80.0,80.5],[-80.25,80.5],[-80.25,80.75],[-79.75,80.75],[-80.0,80.5]]]},"properties":{"hvalue":1.15,"color":"#E2EBF5"}},{"type":"Feature","geometry":{"type":"Polygon","coordinates":[[[-78.25,-73.0],[-78.0,-73.0],[-78.25,-73.25],[-78.5,-73.25],[-78.25,-73.0]]]},"properties":{"hvalue":1.15,"color":"#E2EBF5"}},{"type":"Feature","geometry":{"type":"Polygon","coordinates":[[[-74.25,-71.25],[-74.0,-71.0],[-73.25,-71.0],[-73.25,-71.25],[-74.25,-71.25]]]},"properties":{"hvalue":1.15,"color":"#E2EBF5"}},{"type":"Feature","geometry":{"type":"Polygon","coordinates":[[[-67.25,-67.5],[-67.0,-67.5],[-67.0,-67.75],[-67.25,-67.5]]]},"properties":{"hvalue":1.15,"color":"#E2EBF5"}},{"type":"Feature","geometry":{"type":"Polygon","coordinates":[[[-67.75,-55.25],[-67.5,-55.5],[-68.04,-55.54],[-68.0,-55.5],[-67.75,-55.25]]]},"properties":{"hvalue":1.15,"color":"#E2EBF5"}},{"type":"Feature","geometry":{"type":"Polygon","coordinates":[[[-67.0,-55.0],[-66.698,-55.25],[-67.193,-55.443],[-67.0,-55.25],[-67.0,-55.0]]]},"properties":{"hvalue":1.15,"color":"#E2EBF5"}},{"type":"Feature","geometry":{"type":"Polygon","coordinates":[[[-73.25,-54.0],[-73.0,-54.0],[-72.876,-54.124],[-73.25,-54.024],[-73.314,-53.936],[-73.25,-54.0]]]},"properties":{"hvalue":1.15,"color":"#E2EBF5"}},{"type":"Feature","geometry":{"type":"Polygon","coordinates":[[[-73.928,-53.25],[-73.75,-53.25],[-73.824,-53.324],[-73.928,-53.25]]]},"properties":{"hvalue":1.15,"color":"#E2EBF5"}},{"type":"Feature","geometry":{"type":"Polygon","coordinates":[[[-69.25,-52.5],[-69.25,-52.25],[-69.0,-52.5],[-69.25,-52.5]]]},"properties":{"hvalue":1.15,"color":"#E2EBF5"}},{"type":"Feature","geometry":{"type":"Polygon","coordinates":[[[-75.421,-47.921],[-75.25,-47.651],[-75.118,-47.618],[-75.25,-47.75],[-75.421,-47.921]]]},"properties":{"hvalue":1.15,"color":"#E2EBF5"}},{"type":"Feature","geometry":{"type":"Polygon","coordinates":[[[-74.5,-47.297],[-74.5,-47.5],[-74.75,-47.75],[-74.952,-47.548],[-74.749,-47.5],[-74.5,-47.297]]]},"properties":{"hvalue":1.15,"color":"#E2EBF5"}},{"type":"Feature","geometry":{"type":"Polygon","coordinates":[[[-74.422,-47.0],[-74.25,-47.0],[-74.43,-47.18],[-74.422,-47.0]]]},"properties":{"hvalue":1.15,"color":"#E2EBF5"}},{"type":"Feature","geometry":{"type":"Polygon","coordinates":[[[-75.0,-46.75],[-74.839,-46.911],[-75.143,-46.893],[-75.0,-46.75]]]},"properties":{"hvalue":1.15,"color":"#E2EBF5"}},{"type":"Feature","geometry":{"type":"Polygon","coordinates":[[[-75.555,-46.555],[-75.5,-46.434],[-75.384,-46.384],[-75.5,-46.5],[-75.555,-46.555]]]},"properties":{"hvalue":1.15,"color":"#E2EBF5"}},{"type":"Feature","geometry":{"type":"Polygon","coordinates":[[[-75.048,-44.75],[-74.5,-44.315],[-74.5,-44.5],[-74.75,-44.75],[-74.5,-45.0],[-74.5,-45.25],[-74.883,-45.633],[-74.501,-45.0],[-74.75,-44.76],[-75.048,-44.75]]]},"properties":{"hvalue":1.15,"color":"#E2EBF5"}},{"type":"Feature","geometry":{"type":"Polygon","coordinates":[[[-73.5,-44.5],[-73.5,-44.25],[-73.5,-44.0],[-73.25,-44.25],[-73.5,-44.5]]]},"properties":{"hvalue":1.15,"color":"#E2EBF5"}},{"type":"Feature","geometry":{"type":"Polygon","coordinates":[[[-74.75,-43.5],[-74.5,-43.322],[-74.25,-43.5],[-73.75,-43.5],[-73.25,-43.0],[-73.5,-42.75],[-73.5,-42.5],[-73.25,-42.25],[-73.5,-42.0],[-73.25,-42.0],[-73.0,-41.75],[-72.75,-41.75],[-73.0,-42.0],[-73.0,-42.25],[-72.75,-42.5],[-73.0,-42.75],[-73.0,-43.25],[-73.25,-43.5],[-73.0,-43.75],[-73.25,-43.75],[-73.5,-44.0],[-73.75,-43.75],[-74.0,-44.0],[-74.25,-44.0],[-74.382,-44.132],[-74.136,-43.75],[-74.25,-43.587],[-74.5,-43.625],[-74.75,-43.5]]]},"properties":{"hvalue":1.15,"color":"#E2EBF5"}},{"type":"Feature","geometry":{"type":"Polygon","coordinates":[[[-73.75,-41.75],[-74.0,-41.75],[-74.04,-41.79],[-73.933,-41.567],[-73.75,-41.75]]]},"properties":{"hvalue":1.15,"color":"#E2EBF5"}},{"type":"Feature","geometry":{"type":"Polygon","coordinates":[[[-73.511,-39.75],[-73.5,-39.75],[-73.517,-39.767],[-73.511,-39.75]]]},"properties":{"hvalue":1.15,"color":"#E2EBF5"}},{"type":"Feature","geometry":{"type":"Polygon","coordinates":[[[-73.324,-39.324],[-73.31,-39.19],[-73.25,-39.25],[-73.324,-39.324]]]},"properties":{"hvalue":1.15,"color":"#E2EBF5"}},{"type":"Feature","geometry":{"type":"Polygon","coordinates":[[[-73.5,-38.088],[-73.5,-38.25],[-73.604,-38.354],[-73.64,-38.25],[-73.5,-38.088]]]},"properties":{"hvalue":1.15,"color":"#E2EBF5"}},{"type":"Feature","geometry":{"type":"Polygon","coordinates":[[[-73.5,-37.0],[-73.633,-37.133],[-73.615,-37.0],[-73.318,-36.75],[-73.0,-36.316],[-73.0,-36.5],[-73.25,-36.75],[-73.25,-37.0],[-73.5,-37.0]]]},"properties":{"hvalue":1.15,"color":"#E2EBF5"}},{"type":"Feature","geometry":{"type":"Polygon","coordinates":[[[-72.559,-35.309],[-72.25,-34.88],[-72.25,-35.0],[-72.559,-35.309]]]},"properties":{"hvalue":1.15,"color":"#E2EBF5"}},{"type":"Feature","geometry":{"type":"Polygon","coordinates":[[[-71.75,-33.543],[-71.75,-33.75],[-71.994,-33.994],[-71.921,-33.75],[-71.75,-33.543]]]},"properties":{"hvalue":1.15,"color":"#E2EBF5"}},{"type":"Feature","geometry":{"type":"Polygon","coordinates":[[[-71.543,-32.0],[-71.5,-32.0],[-71.544,-32.044],[-71.543,-32.0]]]},"properties":{"hvalue":1.15,"color":"#E2EBF5"}},{"type":"Feature","geometry":{"type":"Polygon","coordinates":[[[-71.5,-30.002],[-71.5,-30.25],[-71.719,-30.469],[-71.685,-30.25],[-71.5,-30.002]]]},"properties":{"hvalue":1.15,"color":"#E2EBF5"}},{"type":"Feature","geometry":{"type":"Polygon","coordinates":[[[-71.5,-28.78],[-71.5,-29.0],[-71.5,-29.141],[-71.614,-29.0],[-71.5,-28.78]]]},"properties":{"hvalue":1.15,"color":"#E2EBF5"}},{"type":"Feature","geometry":{"type":"Polygon","coordinates":[[[-71.25,-28.292],[-71.25,-28.5],[-71.463,-28.713],[-71.378,-28.5],[-71.25,-28.292]]]},"properties":{"hvalue":1.15,"color":"#E2EBF5"}},{"type":"Feature","geometry":{"type":"Polygon","coordinates":[[[-70.75,-26.561],[-70.75,-26.75],[-70.868,-26.868],[-70.844,-26.75],[-70.75,-26.561]]]},"properties":{"hvalue":1.15,"color":"#E2EBF5"}},{"type":"Feature","geometry":{"type":"Polygon","coordinates":[[[-70.5,-25.042],[-70.5,-25.25],[-70.602,-25.352],[-70.579,-25.25],[-70.5,-25.042]]]},"properties":{"hvalue":1.15,"color":"#E2EBF5"}},{"type":"Feature","geometry":{"type":"Polygon","coordinates":[[[-70.588,-24.088],[-70.623,-23.5],[-70.623,-23.377],[-70.5,-23.5],[-70.5,-24.0],[-70.588,-24.088]]]},"properties":{"hvalue":1.15,"color":"#E2EBF5"}},{"type":"Feature","geometry":{"type":"Polygon","coordinates":[[[-70.5,-22.772],[-70.5,-23.0],[-70.648,-23.148],[-70.65,-23.0],[-70.5,-22.772]]]},"properties":{"hvalue":1.15,"color":"#E2EBF5"}},{"type":"Feature","geometry":{"type":"Polygon","coordinates":[[[-70.25,-21.848],[-70.25,-22.25],[-70.336,-22.336],[-70.25,-21.848]]]},"properties":{"hvalue":1.15,"color":"#E2EBF5"}},{"type":"Feature","geometry":{"type":"Polygon","coordinates":[[[-70.25,-20.412],[-70.25,-20.5],[-70.25,-20.702],[-70.292,-20.5],[-70.25,-20.412]]]},"properties":{"hvalue":1.15,"color":"#E2EBF5"}},{"type":"Feature","geometry":{"type":"Polygon","coordinates":[[[-76.25,-13.5],[-76.25,-13.75],[-76.383,-13.883],[-76.349,-13.401],[-76.25,-13.5]]]},"properties":{"hvalue":1.15,"color":"#E2EBF5"}},{"type":"Feature","geometry":{"type":"Polygon","coordinates":[[[-78.855,-8.645],[-78.75,-8.75],[-78.75,-8.847],[-78.837,-8.75],[-78.855,-8.645]]]},"properties":{"hvalue":1.15,"color":"#E2EBF5"}},{"type":"Feature","geometry":{"type":"Polygon","coordinates":[[[-79.022,-8.25],[-79.0,-8.25],[-79.0,-8.278],[-79.022,-8.25]]]},"properties":{"hvalue":1.15,"color":"#E2EBF5"}},{"type":"Feature","geometry":{"type":"Polygon","coordinates":[[[-79.199,9.699],[-78.25,9.528],[-77.047,10.0],[-76.0,10.195],[-75.5,10.661],[-75.5,10.5],[-75.75,10.25],[-75.75,9.5],[-76.0,9.5],[-77.0,8.5],[-77.25,8.75],[-77.5,8.75],[-78.25,9.5],[-79.0,9.5],[-79.199,9.699]]]},"properties":{"hvalue":1.15,"color":"#E2EBF5"}},{"type":"Feature","geometry":{"type":"Polygon","coordinates":[[[-68.25,10.942],[-68.0,10.758],[-67.529,10.721],[-67.75,10.5],[-68.0,10.5],[-68.25,10.75],[-68.25,10.942]]]},"properties":{"hvalue":1.15,"color":"#E2EBF5"}},{"type":"Feature","geometry":{"type":"Polygon","coordinates":[[[-74.588,11.088],[-74.343,11.25],[-74.198,11.302],[-74.25,11.0],[-74.5,11.0],[-74.588,11.088]]]},"properties":{"hvalue":1.15,"color":"#E2EBF5"}},{"type":"Feature","geometry":{"type":"Polygon","coordinates":[[[-73.5,11.275],[-73.38,11.37],[-73.574,11.25],[-73.5,11.275]]]},"properties":{"hvalue":1.15,"color":"#E2EBF5"}},{"type":"Feature","geometry":{"type":"Polygon","coordinates":[[[-69.0,11.619],[-68.92,11.5],[-69.109,11.609],[-69.0,11.619]]]},"properties":{"hvalue":1.15,"color":"#E2EBF5"}},{"type":"Feature","geometry":{"type":"Polygon","coordinates":[[[-71.5,11.75],[-71.334,11.75],[-71.5,11.621],[-71.62,11.63],[-71.5,11.75]]]},"properties":{"hvalue":1.15,"color":"#E2EBF5"}},{"type":"Feature","geometry":{"type":"Polygon","coordinates":[[[-69.75,11.75],[-69.75,11.872],[-69.595,11.75],[-69.291,11.709],[-69.5,11.5],[-70.0,11.5],[-69.75,11.75]]]},"properties":{"hvalue":1.15,"color":"#E2EBF5"}},{"type":"Feature","geometry":{"type":"Polygon","coordinates":[[[-70.706,12.0],[-70.225,12.525],[-70.074,12.25],[-70.25,12.25],[-70.5,12.0],[-70.0,11.5],[-70.5,11.5],[-70.75,11.25],[-71.0,11.25],[-71.25,11.0],[-71.5,11.0],[-71.747,11.247],[-70.967,11.5],[-70.75,11.72],[-70.706,12.0]]]},"properties":{"hvalue":1.15,"color":"#E2EBF5"}},{"type":"Feature","geometry":{"type":"Polygon","coordinates":[[[-67.819,12.0],[-67.6,12.0],[-67.75,11.909],[-67.819,12.0]]]},"properties":{"hvalue":1.15,"color":"#E2EBF5"}},{"type":"Feature","geometry":{"type":"Polygon","coordinates":[[[-71.87,12.38],[-72.5,11.75],[-72.819,11.75],[-72.183,12.25],[-71.87,12.38]]]},"properties":{"hvalue":1.15,"color":"#E2EBF5"}},{"type":"Feature","geometry":{"type":"Polygon","coordinates":[[[-69.0,11.861],[-69.403,12.25],[-69.25,12.361],[-68.753,12.0],[-69.0,11.861]]]},"properties":{"hvalue":1.15,"color":"#E2EBF5"}},{"type":"Feature","geometry":{"type":"Polygon","coordinates":[[[-68.5,12.353],[-68.346,12.25],[-68.5,12.048],[-68.654,12.25],[-68.5,12.353]]]},"properties":{"hvalue":1.15,"color":"#E2EBF5"}},{"type":"Feature","geometry":{"type":"Polygon","coordinates":[[[-78.921,33.5],[-79.5,32.825],[-79.85,32.65],[-79.0,33.5],[-78.921,33.5]]]},"properties":{"hvalue":1.15,"color":"#E2EBF5"}},{"type":"Feature","geometry":{"type":"Polygon","coordinates":[[[-78.5,33.75],[-78.439,33.75],[-78.53,33.72],[-78.5,33.75]]]},"properties":{"hvalue":1.15,"color":"#E2EBF5"}},{"type":"Feature","geometry":{"type":"Polygon","coordinates":[[[-77.25,34.5],[-77.122,34.5],[-77.318,34.432],[-77.25,34.5]]]},"properties":{"hvalue":1.15,"color":"#E2EBF5"}},{"type":"Feature","geometry":{"type":"Polygon","coordinates":[[[-69.077,35.5],[-68.989,35.25],[-69.196,35.0],[-69.5,34.832],[-69.816,34.75],[-70.117,35.0],[-69.936,35.25],[-69.5,35.613],[-69.25,35.694],[-69.077,35.5]]]},"properties":{"hvalue":1.15,"color":"#E2EBF5"}},{"type":"Feature","geometry":{"type":"Polygon","coordinates":[[[-76.5,38.5],[-76.5,39.25],[-76.25,39.25],[-76.25,38.75],[-76.5,38.5]]]},"properties":{"hvalue":1.15,"color":"#E2EBF5"}},{"type":"Feature","geometry":{"type":"Polygon","coordinates":[[[-76.0,36.5],[-76.0,36.75],[-76.25,37.0],[-76.5,37.0],[-76.25,37.25],[-76.25,37.75],[-76.5,38.0],[-76.25,38.25],[-76.0,38.25],[-76.0,38.0],[-75.75,37.75],[-75.5,37.75],[-75.0,38.25],[-75.0,38.75],[-75.25,39.0],[-75.25,39.25],[-75.0,39.0],[-74.75,39.0],[-74.0,39.75],[-74.0,40.5],[-73.0,40.5],[-72.75,40.75],[-73.0,41.0],[-73.25,41.0],[-73.0,41.25],[-71.25,41.25],[-71.0,41.5],[-70.5,41.5],[-70.25,41.75],[-70.75,42.25],[-71.0,42.25],[-70.75,42.5],[-70.75,43.0],[-70.0,43.75],[-69.5,43.75],[-69.0,44.25],[-68.0,44.25],[-67.75,44.5],[-67.25,44.5],[-67.0,44.75],[-67.0,45.0],[-66.0,45.0],[-65.75,45.25],[-65.25,45.25],[-65.0,45.5],[-64.75,45.25],[-65.0,45.25],[-65.25,45.0],[-65.5,45.0],[-65.75,44.75],[-66.0,44.75],[-66.25,44.5],[-66.25,43.75],[-66.0,43.5],[-65.0,43.5],[-64.5,44.0],[-64.25,44.0],[-64.0,44.25],[-64.0,44.5],[-63.75,44.25],[-63.5,44.5],[-62.75,44.5],[-62.5,44.75],[-62.0,44.75],[-61.75,45.0],[-61.25,45.0],[-60.75,45.5],[-60.5,45.5],[-60.25,45.75],[-60.0,45.75],[-59.75,46.0],[-60.25,46.5],[-60.25,47.0],[-60.316,47.066],[-60.164,47.0],[-60.036,46.75],[-60.12,46.5],[-59.605,46.0],[-60.25,45.106],[-60.953,44.5],[-61.5,43.566],[-62.341,43.0],[-63.0,42.433],[-64.25,41.753],[-65.25,41.422],[-66.5,40.541],[-66.54,40.5],[-66.259,39.75],[-66.551,39.0],[-67.25,38.553],[-67.528,38.0],[-67.75,37.809],[-68.0,37.7],[-68.75,37.756],[-69.25,37.691],[-69.75,37.45],[-70.25,37.815],[-70.75,37.675],[-71.5,37.019],[-72.0,36.876],[-72.75,37.455],[-73.25,37.494],[-73.5,37.409],[-74.0,37.149],[-74.75,36.606],[-75.358,36.0],[-75.326,35.5],[-75.457,35.25],[-76.301,34.801],[-76.5,35.0],[-76.25,35.25],[-76.0,35.25],[-75.5,35.75],[-75.75,36.0],[-76.0,36.0],[-75.75,36.25],[-76.0,36.5]]]},"properties":{"hvalue":1.15,"color":"#E2EBF5"}},{"type":"Feature","geometry":{"type":"Polygon","coordinates":[[[-77.5,43.75],[-77.0,43.75],[-76.75,44.0],[-76.25,44.0],[-76.25,43.75],[-76.5,43.5],[-76.75,43.5],[-77.0,43.25],[-77.5,43.25],[-77.75,43.5],[-78.75,43.5],[-79.0,43.25],[-79.75,43.25],[-79.5,43.5],[-79.25,43.5],[-79.0,43.75],[-78.0,43.75],[-77.75,44.0],[-77.5,43.75]]]},"properties":{"hvalue":1.15,"color":"#E2EBF5"}},{"type":"Feature","geometry":{"type":"Polygon","coordinates":[[[-75.25,64.25],[-74.75,64.25],[-74.5,64.5],[-74.25,64.5],[-74.0,64.25],[-73.75,64.5],[-73.5,64.25],[-73.25,64.25],[-72.75,63.75],[-72.5,63.75],[-72.25,63.5],[-72.0,63.75],[-71.75,63.5],[-71.5,63.5],[-71.75,63.25],[-71.25,62.75],[-71.0,62.75],[-70.75,62.5],[-70.5,62.5],[-70.25,62.75],[-69.75,62.75],[-69.25,62.25],[-68.5,62.25],[-68.25,62.0],[-66.75,62.0],[-66.551,61.801],[-68.0,61.878],[-68.715,61.75],[-68.42,61.5],[-68.5,61.305],[-68.828,61.25],[-68.643,61.0],[-68.01,60.74],[-68.5,60.25],[-68.25,60.0],[-68.0,60.0],[-67.75,60.25],[-67.75,60.5],[-67.991,60.741],[-67.5,60.662],[-66.25,60.012],[-65.75,59.875],[-65.5,59.915],[-65.04,60.25],[-64.931,60.5],[-64.75,60.668],[-63.75,60.672],[-63.586,60.75],[-63.937,61.0],[-64.749,61.251],[-64.5,61.5],[-65.0,62.0],[-65.25,61.75],[-65.25,61.5],[-65.082,61.332],[-66.058,61.75],[-65.75,62.0],[-65.75,62.25],[-66.0,62.5],[-66.25,62.5],[-66.5,62.75],[-66.75,62.75],[-67.0,63.0],[-67.5,63.0],[-67.75,63.25],[-67.5,63.5],[-67.25,63.25],[-67.0,63.25],[-66.75,63.0],[-66.5,63.0],[-66.25,62.75],[-65.5,62.75],[-65.25,62.5],[-64.75,63.0],[-64.75,63.25],[-64.25,63.25],[-64.0,63.5],[-64.0,63.75],[-64.25,64.0],[-64.75,64.0],[-64.75,64.25],[-65.25,64.75],[-65.5,64.75],[-65.75,65.0],[-66.5,65.0],[-67.25,65.75],[-67.0,66.0],[-67.25,66.25],[-67.0,66.5],[-66.5,66.0],[-66.0,66.0],[-65.75,65.75],[-65.5,65.75],[-64.933,65.183],[-65.0,65.154],[-65.25,65.298],[-65.429,65.25],[-65.364,65.0],[-64.0,63.978],[-60.5,62.762],[-59.391,62.5],[-58.5,62.084],[-58.066,62.0],[-59.5,61.654],[-61.5,61.513],[-62.0,61.325],[-62.554,61.25],[-62.437,61.0],[-62.25,60.885],[-61.5,60.806],[-61.25,60.695],[-61.11,60.5],[-61.25,60.352],[-62.5,60.278],[-62.75,60.2],[-63.0,60.044],[-63.007,59.75],[-62.75,59.209],[-61.763,58.5],[-61.691,58.0],[-60.907,57.75],[-60.389,57.25],[-60.272,56.75],[-60.374,56.0],[-60.284,55.966],[-60.5,55.75],[-61.0,56.25],[-61.25,56.25],[-61.25,57.25],[-61.5,57.5],[-61.5,57.75],[-61.75,58.0],[-62.0,58.0],[-62.25,58.25],[-62.5,58.25],[-62.75,58.5],[-63.0,58.5],[-62.75,58.75],[-63.5,59.5],[-63.75,59.5],[-64.0,59.75],[-64.0,60.0],[-64.5,60.5],[-64.75,60.5],[-65.5,59.75],[-65.5,59.5],[-66.0,59.0],[-66.25,59.0],[-66.75,58.5],[-68.0,58.5],[-68.5,59.0],[-69.0,59.0],[-69.5,59.5],[-69.75,59.5],[-69.5,59.75],[-69.75,60.0],[-69.5,60.25],[-69.5,60.75],[-69.25,61.0],[-69.5,61.25],[-69.75,61.0],[-70.0,61.0],[-70.25,61.25],[-71.5,61.25],[-71.5,61.5],[-71.75,61.75],[-72.0,61.75],[-72.25,62.0],[-72.5,62.0],[-72.75,62.25],[-73.0,62.25],[-73.25,62.5],[-74.5,62.5],[-74.75,62.25],[-75.0,62.25],[-75.25,62.5],[-76.75,62.5],[-77.0,62.75],[-77.75,62.75],[-78.25,62.25],[-78.25,62.0],[-77.75,61.5],[-77.75,61.25],[-78.0,61.25],[-78.25,61.0],[-78.0,60.75],[-77.75,60.75],[-77.75,60.25],[-77.5,60.0],[-77.5,59.75],[-77.75,59.75],[-78.5,59.0],[-78.5,58.5],[-78.25,58.25],[-77.75,58.25],[-77.5,58.0],[-77.25,58.0],[-77.0,57.75],[-77.0,57.5],[-76.75,57.25],[-76.75,57.0],[-76.5,56.75],[-76.75,56.5],[-76.5,56.25],[-76.75,56.25],[-77.5,55.5],[-77.75,55.5],[-78.0,55.25],[-78.25,55.25],[-78.5,55.0],[-79.5,55.0],[-79.75,54.75],[-79.5,54.5],[-79.5,54.25],[-79.25,54.0],[-79.25,53.5],[-79.0,53.25],[-79.0,52.75],[-78.75,52.5],[-78.75,52.0],[-79.0,51.75],[-79.25,51.75],[-79.75,51.25],[-80.0,51.25],[-80.75,52.0],[-81.0,52.0],[-81.25,52.25],[-81.5,52.25],[-81.5,52.5],[-81.75,52.75],[-81.25,52.75],[-81.0,52.5],[-80.75,52.5],[-80.5,52.75],[-81.0,53.25],[-81.75,53.25],[-82.0,53.0],[-82.25,53.0],[-82.0,53.25],[-82.0,54.0],[-82.25,54.25],[-82.25,55.0],[-82.5,55.25],[-83.5,55.25],[-83.747,55.497],[-83.0,55.494],[-82.5,55.403],[-81.928,55.0],[-81.5,54.524],[-81.25,54.362],[-80.656,54.5],[-80.455,55.0],[-80.5,55.322],[-80.809,55.75],[-81.118,56.0],[-81.75,56.276],[-82.5,56.304],[-82.75,56.385],[-83.25,56.785],[-83.884,57.0],[-84.5,57.32],[-85.25,57.409],[-86.0,57.714],[-87.75,57.782],[-89.0,58.132],[-90.0,58.047],[-91.0,58.357],[-92.5,58.302],[-92.592,58.25],[-92.558,58.0],[-92.5,57.895],[-92.25,57.777],[-91.404,57.5],[-90.75,57.471],[-90.187,57.25],[-92.25,57.25],[-92.25,57.5],[-92.75,58.0],[-92.75,58.25],[-93.5,59.0],[-94.0,59.0],[-94.25,58.75],[-94.5,59.0],[-94.75,59.0],[-94.75,59.75],[-94.5,60.0],[-94.5,60.5],[-94.0,61.0],[-94.0,61.25],[-93.75,61.5],[-93.5,61.5],[-92.75,62.25],[-92.5,62.25],[-92.25,62.5],[-92.25,62.75],[-90.75,62.75],[-90.5,63.0],[-91.0,63.5],[-90.25,63.5],[-89.75,64.0],[-89.5,64.0],[-89.25,63.75],[-88.75,63.75],[-88.5,64.0],[-88.0,64.0],[-87.0,65.0],[-87.25,65.25],[-87.0,65.5],[-86.5,65.5],[-86.25,65.75],[-86.25,66.0],[-86.0,66.25],[-86.0,66.5],[-85.5,66.5],[-85.25,66.25],[-85.0,66.25],[-85.25,66.0],[-85.75,66.0],[-86.25,65.5],[-86.25,64.75],[-86.5,64.5],[-86.25,64.25],[-86.5,64.0],[-87.25,64.0],[-87.5,63.75],[-87.25,63.5],[-85.75,63.5],[-85.75,63.25],[-85.5,63.0],[-85.0,63.0],[-84.75,63.25],[-84.5,63.25],[-84.25,63.5],[-83.75,63.5],[-83.5,63.75],[-83.5,64.0],[-83.25,64.0],[-83.0,63.75],[-82.75,63.75],[-82.5,63.5],[-81.5,63.5],[-81.25,63.25],[-81.0,63.25],[-80.75,63.5],[-80.5,63.5],[-80.25,63.75],[-80.75,64.25],[-81.5,64.25],[-82.0,64.75],[-82.5,64.75],[-82.75,65.0],[-83.25,65.0],[-83.5,65.25],[-84.0,65.25],[-84.25,65.5],[-84.75,65.5],[-84.5,65.75],[-84.75,66.0],[-84.5,66.0],[-84.25,66.25],[-84.25,66.0],[-83.75,65.5],[-83.5,65.75],[-83.75,66.0],[-83.75,66.25],[-84.0,66.5],[-83.75,66.5],[-83.5,66.25],[-83.0,66.25],[-82.75,66.5],[-82.25,66.5],[-82.0,66.75],[-81.5,66.75],[-81.25,67.0],[-81.25,67.25],[-81.0,67.5],[-81.25,67.75],[-81.75,67.75],[-82.25,68.25],[-81.75,68.25],[-81.25,68.75],[-82.0,69.5],[-82.25,69.5],[-82.25,69.75],[-81.25,69.75],[-81.0,69.5],[-80.75,69.75],[-81.0,70.0],[-80.0,70.0],[-79.5,69.5],[-79.25,69.75],[-78.75,69.75],[-78.5,70.0],[-78.75,70.25],[-78.5,70.25],[-78.25,70.0],[-77.75,70.0],[-77.5,69.75],[-77.0,69.75],[-76.75,69.5],[-76.5,69.5],[-76.25,69.25],[-76.75,68.75],[-76.5,68.5],[-76.75,68.25],[-77.0,68.25],[-77.5,67.75],[-76.75,67.0],[-76.5,67.0],[-76.25,67.25],[-75.25,67.25],[-75.0,67.5],[-75.0,68.0],[-74.75,67.75],[-74.0,67.75],[-73.75,68.0],[-74.0,68.25],[-74.75,68.25],[-74.5,68.5],[-74.0,68.5],[-73.75,68.25],[-73.5,68.25],[-73.25,68.0],[-73.0,68.0],[-72.75,67.75],[-72.5,67.75],[-72.5,67.25],[-73.0,66.75],[-73.5,66.75],[-73.75,66.5],[-74.0,66.5],[-74.5,66.0],[-74.25,65.75],[-74.5,65.5],[-75.0,65.5],[-75.25,65.25],[-75.5,65.5],[-75.75,65.5],[-76.0,65.25],[-76.25,65.5],[-77.25,65.5],[-77.5,65.25],[-78.0,65.25],[-78.25,65.0],[-78.25,64.5],[-78.0,64.25],[-77.75,64.25],[-77.0,64.25],[-76.75,64.0],[-76.5,64.25],[-75.75,64.25],[-75.5,64.5],[-75.25,64.25]],[[-78.0,64.0],[-77.75,63.75],[-77.5,64.0],[-77.75,64.25],[-78.0,64.0]]]},"properties":{"hvalue":1.15,"color":"#E2EBF5"}},{"type":"Feature","geometry":{"type":"Polygon","coordinates":[[[-68.25,61.25],[-68.25,61.25],[-68.253,61.25],[-68.25,61.25]]]},"properties":{"hvalue":1.15,"color":"#E2EBF5"}},{"type":"Feature","geometry":{"type":"Polygon","coordinates":[[[-68.5,63.5],[-68.5,63.75],[-68.25,63.5],[-68.5,63.5]]]},"properties":{"hvalue":1.15,"color":"#E2EBF5"}},{"type":"Feature","geometry":{"type":"Polygon","coordinates":[[[-74.0,65.75],[-73.75,65.75],[-73.75,65.5],[-74.0,65.75]]]},"properties":{"hvalue":1.15,"color":"#E2EBF5"}},{"type":"Feature","geometry":{"type":"Polygon","coordinates":[[[-75.25,68.25],[-74.75,68.25],[-75.0,68.0],[-75.25,68.25]]]},"properties":{"hvalue":1.15,"color":"#E2EBF5"}},{"type":"Feature","geometry":{"type":"Polygon","coordinates":[[[-75.5,68.5],[-76.5,68.5],[-76.25,68.75],[-75.25,68.75],[-75.5,68.5]]]},"properties":{"hvalue":1.15,"color":"#E2EBF5"}},{"type":"Feature","geometry":{"type":"Polygon","coordinates":[[[-67.657,70.407],[-66.75,70.152],[-66.019,69.75],[-66.325,69.25],[-66.655,69.095],[-66.5,69.25],[-66.75,69.5],[-67.25,69.5],[-67.0,69.75],[-67.657,70.407]]]},"properties":{"hvalue":1.15,"color":"#E2EBF5"}},{"type":"Feature","geometry":{"type":"Polygon","coordinates":[[[-69.0,70.25],[-68.5,70.25],[-68.75,70.0],[-69.0,70.25]]]},"properties":{"hvalue":1.15,"color":"#E2EBF5"}},{"type":"Feature","geometry":{"type":"Polygon","coordinates":[[[-67.983,70.5],[-68.25,70.5],[-68.401,70.651],[-68.25,70.638],[-67.983,70.5]]]},"properties":{"hvalue":1.15,"color":"#E2EBF5"}},{"type":"Feature","geometry":{"type":"Polygon","coordinates":[[[-69.374,70.876],[-69.5,70.75],[-69.75,70.75],[-69.943,70.943],[-69.374,70.876]]]},"properties":{"hvalue":1.15,"color":"#E2EBF5"}},{"type":"Feature","geometry":{"type":"Polygon","coordinates":[[[-70.691,71.191],[-70.151,71.0],[-70.25,71.0],[-70.5,70.75],[-70.5,71.0],[-70.691,71.191]]]},"properties":{"hvalue":1.15,"color":"#E2EBF5"}},{"type":"Feature","geometry":{"type":"Polygon","coordinates":[[[-71.102,71.352],[-70.853,71.25],[-71.0,71.25],[-71.102,71.352]]]},"properties":{"hvalue":1.15,"color":"#E2EBF5"}},{"type":"Feature","geometry":{"type":"Polygon","coordinates":[[[-74.079,72.079],[-73.096,71.75],[-73.25,71.75],[-73.5,71.5],[-73.75,71.75],[-74.25,71.75],[-74.0,72.0],[-74.079,72.079]]]},"properties":{"hvalue":1.15,"color":"#E2EBF5"}},{"type":"Feature","geometry":{"type":"Polygon","coordinates":[[[-74.75,72.296],[-74.589,72.25],[-74.825,72.325],[-74.75,72.296]]]},"properties":{"hvalue":1.15,"color":"#E2EBF5"}},{"type":"Feature","geometry":{"type":"Polygon","coordinates":[[[-79.75,72.75],[-79.5,72.75],[-78.25,72.75],[-78.5,72.5],[-80.25,72.5],[-80.5,72.25],[-80.5,72.0],[-80.75,72.0],[-80.75,72.25],[-80.25,72.75],[-80.75,73.25],[-80.5,73.25],[-80.25,73.0],[-80.0,73.0],[-79.75,72.75]]]},"properties":{"hvalue":1.15,"color":"#E2EBF5"}},{"type":"Feature","geometry":{"type":"Polygon","coordinates":[[[-76.073,72.75],[-76.5,72.75],[-76.261,72.989],[-76.073,72.75]]]},"properties":{"hvalue":1.15,"color":"#E2EBF5"}},{"type":"Feature","geometry":{"type":"Polygon","coordinates":[[[-79.415,76.165],[-79.5,76.25],[-78.544,76.25],[-79.0,76.159],[-79.415,76.165]]]},"properties":{"hvalue":1.15,"color":"#E2EBF5"}},{"type":"Feature","geometry":{"type":"Polygon","coordinates":[[[-78.0,76.5],[-77.854,76.5],[-78.137,76.363],[-78.0,76.5]]]},"properties":{"hvalue":1.15,"color":"#E2EBF5"}},{"type":"Feature","geometry":{"type":"Polygon","coordinates":[[[-70.25,77.5],[-69.5,77.5],[-69.25,77.25],[-70.0,77.25],[-70.25,77.5]]]},"properties":{"hvalue":1.15,"color":"#E2EBF5"}},{"type":"Feature","geometry":{"type":"Polygon","coordinates":[[[-69.75,76.75],[-69.5,76.5],[-69.25,76.5],[-69.25,76.258],[-70.0,76.34],[-72.25,77.072],[-72.576,77.25],[-72.863,77.75],[-73.5,77.978],[-74.5,77.943],[-76.5,77.427],[-77.897,77.25],[-77.819,77.0],[-79.25,77.0],[-79.5,77.25],[-78.0,77.25],[-77.5,77.75],[-76.0,77.75],[-75.5,78.25],[-75.75,78.5],[-74.5,78.5],[-74.25,78.75],[-74.5,79.0],[-75.75,79.0],[-76.0,79.25],[-74.0,79.25],[-73.75,79.5],[-73.5,79.5],[-73.25,79.75],[-73.0,79.75],[-72.75,79.5],[-71.25,79.5],[-71.0,79.75],[-70.75,79.75],[-70.5,80.0],[-70.25,80.0],[-70.0,80.25],[-69.0,80.25],[-68.5,80.75],[-66.75,80.75],[-67.0,80.5],[-67.5,80.5],[-67.75,80.25],[-67.5,80.0],[-66.25,80.0],[-66.0,79.75],[-65.75,79.75],[-65.5,80.0],[-65.0,80.0],[-65.25,79.75],[-65.25,79.5],[-65.5,79.5],[-65.75,79.25],[-69.0,79.25],[-69.25,79.0],[-69.75,79.0],[-70.0,78.75],[-72.5,78.75],[-73.0,78.25],[-72.75,78.0],[-72.5,78.0],[-72.25,77.75],[-71.5,77.75],[-71.25,77.5],[-71.0,77.75],[-70.75,77.5],[-70.25,77.5],[-70.5,77.25],[-71.0,77.25],[-71.25,77.0],[-71.0,76.75],[-69.75,76.75]]]},"properties":{"hvalue":1.15,"color":"#E2EBF5"}},{"type":"Feature","geometry":{"type":"Polygon","coordinates":[[[-79.25,81.0],[-79.0,81.0],[-79.25,80.75],[-79.5,80.75],[-79.25,81.0]]]},"properties":{"hvalue":1.15,"color":"#E2EBF5"}},{"type":"Feature","geometry":{"type":"Polygon","coordinates":[[[-61.0,-69.5],[-61.5,-69.5],[-61.25,-69.25],[-61.0,-69.25],[-61.0,-69.5]]]},"properties":{"hvalue":1.15,"color":"#E2EBF5"}},{"type":"Feature","geometry":{"type":"Polygon","coordinates":[[[-62.5,-63.986],[-61.75,-63.989],[-61.5,-64.237],[-61.0,-63.995],[-61.0,-64.25],[-61.5,-64.25],[-61.75,-64.5],[-62.25,-64.5],[-62.0,-64.25],[-62.25,-64.0],[-62.5,-64.0],[-62.75,-64.25],[-62.75,-64.75],[-63.0,-64.75],[-63.0,-64.25],[-63.224,-64.026],[-63.0,-64.085],[-62.5,-63.986]]]},"properties":{"hvalue":1.15,"color":"#E2EBF5"}},{"type":"Feature","geometry":{"type":"Polygon","coordinates":[[[-58.0,-63.75],[-57.5,-63.75],[-57.75,-64.0],[-58.0,-63.75]]]},"properties":{"hvalue":1.15,"color":"#E2EBF5"}},{"type":"Feature","geometry":{"type":"Polygon","coordinates":[[[-59.435,-63.685],[-59.5,-63.75],[-59.912,-63.75],[-59.75,-63.691],[-59.435,-63.685]]]},"properties":{"hvalue":1.15,"color":"#E2EBF5"}},{"type":"Feature","geometry":{"type":"Polygon","coordinates":[[[-58.991,-63.5],[-58.57,-63.32],[-58.75,-63.5],[-58.991,-63.5]]]},"properties":{"hvalue":1.15,"color":"#E2EBF5"}},{"type":"Feature","geometry":{"type":"Polygon","coordinates":[[[-60.5,-62.71],[-60.378,-62.75],[-60.654,-62.75],[-60.5,-62.71]]]},"properties":{"hvalue":1.15,"color":"#E2EBF5"}},{"type":"Feature","geometry":{"type":"Polygon","coordinates":[[[-58.5,-62.25],[-58.446,-62.25],[-58.526,-62.276],[-58.5,-62.25]]]},"properties":{"hvalue":1.15,"color":"#E2EBF5"}},{"type":"Feature","geometry":{"type":"Polygon","coordinates":[[[-57.75,-61.958],[-57.654,-62.0],[-57.75,-62.125],[-57.852,-62.102],[-57.75,-61.958]]]},"properties":{"hvalue":1.15,"color":"#E2EBF5"}},{"type":"Feature","geometry":{"type":"Polygon","coordinates":[[[-64.533,-54.75],[-64.25,-54.599],[-64.0,-54.668],[-63.966,-54.75],[-64.25,-54.801],[-64.533,-54.75]]]},"properties":{"hvalue":1.15,"color":"#E2EBF5"}},{"type":"Feature","geometry":{"type":"Polygon","coordinates":[[[-58.555,-52.055],[-58.5,-52.0],[-58.435,-52.0],[-58.5,-52.042],[-58.555,-52.055]]]},"properties":{"hvalue":1.15,"color":"#E2EBF5"}},{"type":"Feature","geometry":{"type":"Polygon","coordinates":[[[-61.054,-51.0],[-59.75,-50.337],[-59.25,-50.233],[-59.0,-50.27],[-58.75,-50.366],[-58.25,-50.748],[-57.813,-51.437],[-58.0,-51.25],[-60.5,-51.25],[-60.75,-51.5],[-60.75,-51.75],[-61.0,-51.75],[-61.077,-51.827],[-61.25,-51.78],[-61.25,-51.683],[-60.974,-51.5],[-60.806,-51.25],[-61.054,-51.0]]]},"properties":{"hvalue":1.15,"color":"#E2EBF5"}},{"type":"Feature","geometry":{"type":"Polygon","coordinates":[[[-67.25,-54.0],[-67.5,-53.75],[-67.75,-53.75],[-68.25,-53.25],[-68.5,-53.25],[-68.25,-53.0],[-68.75,-52.5],[-68.5,-52.5],[-68.25,-52.25],[-68.5,-52.0],[-68.75,-52.0],[-68.75,-51.5],[-69.0,-51.25],[-69.0,-50.5],[-68.5,-50.5],[-68.25,-50.25],[-68.0,-50.25],[-67.75,-50.0],[-67.75,-49.75],[-67.5,-49.5],[-67.5,-49.25],[-66.75,-48.5],[-66.5,-48.5],[-66.25,-48.25],[-66.0,-48.25],[-65.75,-48.0],[-65.75,-47.75],[-65.5,-47.5],[-65.5,-47.25],[-65.75,-47.0],[-66.75,-47.0],[-67.25,-46.5],[-67.5,-46.5],[-67.5,-46.25],[-67.25,-46.0],[-67.25,-45.75],[-66.75,-45.25],[-65.75,-45.25],[-65.5,-45.0],[-65.5,-44.75],[-65.25,-44.5],[-65.25,-44.25],[-65.0,-44.0],[-65.25,-43.75],[-64.75,-43.25],[-64.5,-43.25],[-64.25,-43.0],[-64.5,-42.75],[-64.25,-42.75],[-64.0,-43.0],[-63.75,-43.0],[-63.5,-42.75],[-63.5,-42.25],[-63.75,-42.0],[-64.0,-42.0],[-64.25,-42.25],[-64.75,-42.25],[-65.0,-42.0],[-65.0,-41.0],[-64.25,-41.0],[-64.0,-41.25],[-62.75,-41.25],[-62.5,-41.0],[-62.25,-41.0],[-62.0,-40.75],[-62.25,-40.5],[-62.25,-40.0],[-62.0,-39.75],[-62.0,-39.5],[-62.25,-39.25],[-62.25,-39.0],[-62.0,-39.0],[-61.75,-39.25],[-60.75,-39.25],[-60.5,-39.0],[-59.5,-39.0],[-59.25,-38.75],[-58.5,-38.75],[-58.25,-38.5],[-58.0,-38.5],[-56.75,-37.25],[-56.75,-37.0],[-56.5,-36.75],[-56.5,-36.5],[-56.75,-36.25],[-57.0,-36.5],[-57.0,-36.25],[-57.25,-36.0],[-57.25,-35.75],[-57.0,-35.5],[-57.0,-35.25],[-57.25,-35.0],[-57.5,-35.0],[-57.75,-34.75],[-58.0,-34.75],[-58.25,-34.5],[-58.25,-34.25],[-58.0,-34.25],[-57.75,-34.5],[-57.25,-34.5],[-57.0,-34.75],[-56.75,-34.75],[-56.5,-35.0],[-54.5,-35.0],[-54.25,-34.75],[-54.004,-34.75],[-54.329,-35.25],[-55.75,-36.755],[-56.25,-37.462],[-56.75,-38.385],[-57.165,-38.75],[-57.29,-39.25],[-57.5,-39.498],[-57.75,-39.444],[-58.13,-39.5],[-58.087,-39.75],[-57.762,-40.0],[-58.0,-40.371],[-58.25,-40.401],[-59.045,-40.25],[-59.453,-39.75],[-59.152,-39.5],[-59.5,-39.412],[-60.0,-39.469],[-60.5,-39.7],[-61.25,-40.212],[-61.5,-40.249],[-61.75,-40.434],[-62.25,-41.16],[-63.109,-41.5],[-63.5,-41.793],[-63.62,-42.0],[-63.374,-42.5],[-63.599,-43.75],[-63.5,-44.173],[-63.235,-44.75],[-63.234,-45.0],[-63.377,-45.5],[-63.364,-46.25],[-63.736,-49.0],[-65.603,-51.75],[-66.52,-52.5],[-67.219,-53.25],[-67.0,-53.521],[-66.5,-53.475],[-65.25,-53.661],[-65.026,-53.75],[-64.936,-54.0],[-65.195,-54.555],[-65.25,-54.5],[-66.25,-54.5],[-66.5,-54.25],[-66.75,-54.25],[-67.0,-54.0],[-67.25,-54.0]]]},"properties":{"hvalue":1.15,"color":"#E2EBF5"}},{"type":"Feature","geometry":{"type":"Polygon","coordinates":[[[-53.5,-34.226],[-53.5,-34.0],[-53.0,-33.5],[-52.805,-33.5],[-53.5,-34.226]]]},"properties":{"hvalue":1.15,"color":"#E2EBF5"}},{"type":"Feature","geometry":{"type":"Polygon","coordinates":[[[-53.5,-33.25],[-53.5,-33.0],[-53.25,-32.75],[-53.0,-32.75],[-53.5,-33.25]]]},"properties":{"hvalue":1.15,"color":"#E2EBF5"}},{"type":"Feature","geometry":{"type":"Polygon","coordinates":[[[-53.0,-32.75],[-52.75,-32.5],[-52.75,-32.75],[-53.0,-32.75]]]},"properties":{"hvalue":1.15,"color":"#E2EBF5"}},{"type":"Feature","geometry":{"type":"Polygon","coordinates":[[[-51.75,-31.75],[-51.53,-31.97],[-51.653,-32.0],[-51.88,-32.25],[-52.27,-33.0],[-52.5,-33.254],[-52.51,-33.26],[-52.5,-33.0],[-52.25,-32.75],[-52.25,-32.5],[-51.75,-32.0],[-52.0,-31.75],[-51.75,-31.5],[-51.75,-31.75]]]},"properties":{"hvalue":1.15,"color":"#E2EBF5"}},{"type":"Feature","geometry":{"type":"Polygon","coordinates":[[[-50.75,-30.5],[-50.534,-30.716],[-50.579,-30.921],[-51.0,-30.5],[-50.75,-30.5]]]},"properties":{"hvalue":1.15,"color":"#E2EBF5"}},{"type":"Feature","geometry":{"type":"Polygon","coordinates":[[[-48.25,-25.5],[-47.5,-24.75],[-47.38,-24.75],[-47.917,-25.25],[-48.25,-25.797],[-48.379,-26.5],[-48.335,-27.415],[-48.5,-27.25],[-48.5,-26.0],[-48.25,-25.75],[-48.25,-25.5]]]},"properties":{"hvalue":1.15,"color":"#E2EBF5"}},{"type":"Feature","geometry":{"type":"Polygon","coordinates":[[[-45.189,-23.75],[-45.313,-23.813],[-45.168,-23.668],[-45.189,-23.75]]]},"properties":{"hvalue":1.15,"color":"#E2EBF5"}},{"type":"Feature","geometry":{"type":"Polygon","coordinates":[[[-43.73,-23.02],[-44.0,-23.112],[-44.126,-23.126],[-44.0,-23.0],[-43.73,-23.02]]]},"properties":{"hvalue":1.15,"color":"#E2EBF5"}},{"type":"Feature","geometry":{"type":"Polygon","coordinates":[[[-48.75,-1.25],[-48.5,-1.0],[-48.5,-1.25],[-48.75,-1.25]]]},"properties":{"hvalue":1.15,"color":"#E2EBF5"}},{"type":"Feature","geometry":{"type":"Polygon","coordinates":[[[-51.0,0.0],[-50.75,0.0],[-50.75,-0.25],[-51.0,0.0]]]},"properties":{"hvalue":1.15,"color":"#E2EBF5"}},{"type":"Feature","geometry":{"type":"Polygon","coordinates":[[[-46.25,-0.75],[-47.0,-0.75],[-47.25,-0.5],[-48.0,-0.5],[-48.25,-0.75],[-48.25,-0.5],[-48.75,0.0],[-49.25,0.0],[-49.75,0.5],[-50.0,0.5],[-50.0,0.75],[-49.75,1.0],[-49.75,1.75],[-50.0,2.0],[-50.5,2.0],[-50.5,2.25],[-50.75,2.5],[-50.75,3.0],[-51.0,3.25],[-51.0,4.0],[-51.5,4.5],[-51.75,4.5],[-52.75,5.5],[-53.0,5.5],[-53.25,5.75],[-53.75,5.75],[-54.0,6.0],[-57.0,6.0],[-58.0,7.0],[-58.25,7.0],[-58.25,7.25],[-59.115,8.115],[-58.75,7.934],[-58.0,7.281],[-57.25,6.894],[-56.75,6.747],[-55.75,6.779],[-53.75,6.408],[-53.25,6.132],[-53.0,6.096],[-51.25,6.4],[-51.0,6.395],[-50.5,6.215],[-49.5,5.297],[-48.976,5.0],[-48.73,4.75],[-48.505,4.25],[-48.0,3.874],[-47.75,4.199],[-47.25,4.156],[-47.0,3.949],[-45.5,4.026],[-44.25,4.484],[-43.75,4.757],[-43.25,4.786],[-42.335,4.25],[-41.471,3.5],[-41.204,3.0],[-41.289,2.5],[-42.324,2.0],[-42.457,1.75],[-42.441,1.5],[-42.555,1.25],[-44.5,1.281],[-45.0,1.14],[-45.086,1.0],[-44.747,0.5],[-45.25,0.197],[-45.396,-0.25],[-45.361,-0.75],[-45.158,-1.0],[-45.0,-1.037],[-44.5,-1.424],[-44.37,-1.88],[-45.0,-1.25],[-45.25,-1.5],[-45.75,-1.0],[-46.0,-1.0],[-46.25,-0.75]]]},"properties":{"hvalue":1.15,"color":"#E2EBF5"}},{"type":"Feature","geometry":{"type":"Polygon","coordinates":[[[-57.022,7.25],[-56.981,7.25],[-57.0,7.212],[-57.022,7.25]]]},"properties":{"hvalue":1.15,"color":"#E2EBF5"}},{"type":"Feature","geometry":{"type":"Polygon","coordinates":[[[-59.991,8.75],[-59.581,8.5],[-59.75,8.5],[-60.0,8.75],[-60.25,8.75],[-60.5,8.5],[-60.5,8.75],[-60.75,9.0],[-60.75,9.424],[-59.991,8.75]]]},"properties":{"hvalue":1.15,"color":"#E2EBF5"}},{"type":"Feature","geometry":{"type":"Polygon","coordinates":[[[-61.25,9.75],[-61.5,10.0],[-61.123,10.0],[-61.133,9.75],[-61.25,9.75]]]},"properties":{"hvalue":1.15,"color":"#E2EBF5"}},{"type":"Feature","geometry":{"type":"Polygon","coordinates":[[[-64.0,10.5],[-64.5,10.5],[-64.75,10.25],[-65.5,10.25],[-65.75,10.5],[-66.0,10.5],[-66.25,10.75],[-66.963,10.75],[-66.75,10.921],[-66.25,11.071],[-65.5,11.173],[-65.0,11.133],[-63.5,11.393],[-63.0,11.329],[-62.47,11.0],[-61.387,10.863],[-61.5,10.75],[-61.5,10.5],[-61.75,10.25],[-61.5,10.0],[-62.0,10.0],[-62.25,10.25],[-62.5,10.25],[-62.75,10.5],[-62.5,10.75],[-62.75,11.0],[-63.0,10.75],[-63.75,10.75],[-64.0,10.5]]]},"properties":{"hvalue":1.15,"color":"#E2EBF5"}},{"type":"Feature","geometry":{"type":"Polygon","coordinates":[[[-60.75,11.298],[-60.75,11.184],[-60.858,11.25],[-60.75,11.298]]]},"properties":{"hvalue":1.15,"color":"#E2EBF5"}},{"type":"Feature","geometry":{"type":"Polygon","coordinates":[[[-66.57,11.75],[-66.75,11.552],[-67.0,11.604],[-67.1,11.75],[-66.75,11.893],[-66.57,11.75]]]},"properties":{"hvalue":1.15,"color":"#E2EBF5"}},{"type":"Feature","geometry":{"type":"Polygon","coordinates":[[[-66.25,11.816],[-66.18,11.75],[-66.25,11.645],[-66.377,11.75],[-66.25,11.816]]]},"properties":{"hvalue":1.15,"color":"#E2EBF5"}},{"type":"Feature","geometry":{"type":"Polygon","coordinates":[[[-64.75,11.812],[-64.524,11.75],[-64.75,11.656],[-64.858,11.75],[-64.75,11.812]]]},"properties":{"hvalue":1.15,"color":"#E2EBF5"}},{"type":"Feature","geometry":{"type":"Polygon","coordinates":[[[-61.667,13.25],[-61.25,13.403],[-61.121,13.25],[-61.193,13.0],[-61.435,12.75],[-61.436,12.5],[-61.635,12.25],[-61.653,12.0],[-61.75,11.88],[-62.0,11.861],[-62.34,12.0],[-62.228,12.25],[-61.875,12.5],[-61.81,12.75],[-61.561,13.0],[-61.667,13.25]]]},"properties":{"hvalue":1.15,"color":"#E2EBF5"}},{"type":"Feature","geometry":{"type":"Polygon","coordinates":[[[-59.77,13.25],[-59.736,13.25],[-59.75,13.228],[-59.77,13.25]]]},"properties":{"hvalue":1.15,"color":"#E2EBF5"}},{"type":"Feature","geometry":{"type":"Polygon","coordinates":[[[-61.407,14.0],[-61.184,14.066],[-61.25,14.0],[-61.2,13.7],[-61.454,13.75],[-61.407,14.0]]]},"properties":{"hvalue":1.15,"color":"#E2EBF5"}},{"type":"Feature","geometry":{"type":"Polygon","coordinates":[[[-61.25,14.75],[-61.25,14.5],[-61.137,14.387],[-61.25,14.356],[-61.726,14.5],[-62.016,14.75],[-61.147,14.853],[-61.25,14.75]]]},"properties":{"hvalue":1.15,"color":"#E2EBF5"}},{"type":"Feature","geometry":{"type":"Polygon","coordinates":[[[-61.5,15.143],[-62.243,15.25],[-62.128,15.5],[-61.5,15.649],[-61.368,15.5],[-61.5,15.143]]]},"properties":{"hvalue":1.15,"color":"#E2EBF5"}},{"type":"Feature","geometry":{"type":"Polygon","coordinates":[[[-61.886,15.886],[-62.25,15.937],[-62.537,16.0],[-62.331,16.25],[-61.849,16.401],[-62.0,16.25],[-62.0,16.0],[-61.886,15.886]]]},"properties":{"hvalue":1.15,"color":"#E2EBF5"}},{"type":"Feature","geometry":{"type":"Polygon","coordinates":[[[-62.289,16.75],[-62.235,16.75],[-62.25,16.723],[-62.289,16.75]]]},"properties":{"hvalue":1.15,"color":"#E2EBF5"}},{"type":"Feature","geometry":{"type":"Polygon","coordinates":[[[-62.608,17.25],[-62.75,17.056],[-63.228,17.25],[-63.542,17.5],[-63.25,17.584],[-63.0,17.561],[-62.608,17.25]]]},"properties":{"hvalue":1.15,"color":"#E2EBF5"}},{"type":"Feature","geometry":{"type":"Polygon","coordinates":[[[-65.086,17.75],[-65.0,17.802],[-64.882,17.75],[-65.0,17.703],[-65.086,17.75]]]},"properties":{"hvalue":1.15,"color":"#E2EBF5"}},{"type":"Feature","geometry":{"type":"Polygon","coordinates":[[[-68.164,18.25],[-67.0,18.824],[-66.75,18.831],[-65.5,18.434],[-65.311,18.25],[-65.75,17.805],[-66.0,17.714],[-66.138,17.75],[-66.0,17.75],[-65.5,18.25],[-65.75,18.5],[-67.0,18.5],[-67.25,18.25],[-67.25,18.0],[-67.0,17.75],[-66.75,18.0],[-66.5,17.75],[-66.303,17.75],[-66.5,17.635],[-67.0,17.581],[-67.5,17.375],[-67.564,17.5],[-67.524,17.75],[-68.164,18.25]]]},"properties":{"hvalue":1.15,"color":"#E2EBF5"}},{"type":"Feature","geometry":{"type":"Polygon","coordinates":[[[-63.343,18.25],[-63.071,18.25],[-63.0,17.992],[-63.25,17.936],[-63.325,18.0],[-63.343,18.25]]]},"properties":{"hvalue":1.15,"color":"#E2EBF5"}},{"type":"Feature","geometry":{"type":"Polygon","coordinates":[[[-64.388,18.5],[-64.5,18.367],[-64.75,18.342],[-64.944,18.5],[-64.5,18.664],[-64.388,18.5]]]},"properties":{"hvalue":1.15,"color":"#E2EBF5"}},{"type":"Feature","geometry":{"type":"Polygon","coordinates":[[[-57.872,27.5],[-57.835,27.25],[-58.154,27.25],[-58.165,27.5],[-57.872,27.5]]]},"properties":{"hvalue":1.15,"color":"#E2EBF5"}},{"type":"Feature","geometry":{"type":"Polygon","coordinates":[[[-57.192,27.75],[-56.362,28.25],[-54.5,28.401],[-54.002,28.25],[-53.837,28.0],[-53.807,27.5],[-54.336,27.25],[-55.5,26.869],[-55.75,26.863],[-57.162,27.25],[-57.335,27.5],[-57.192,27.75]]]},"properties":{"hvalue":1.15,"color":"#E2EBF5"}},{"type":"Feature","geometry":{"type":"Polygon","coordinates":[[[-44.429,29.25],[-44.248,29.0],[-45.0,28.705],[-45.75,28.689],[-45.92,28.75],[-45.996,29.0],[-45.25,29.262],[-44.75,29.31],[-44.429,29.25]]]},"properties":{"hvalue":1.15,"color":"#E2EBF5"}},{"type":"Feature","geometry":{"type":"Polygon","coordinates":[[[-65.0,32.315],[-64.84,32.25],[-65.0,32.188],[-65.0,32.315]]]},"properties":{"hvalue":1.15,"color":"#E2EBF5"}},{"type":"Feature","geometry":{"type":"Polygon","coordinates":[[[-63.75,46.0],[-64.0,46.25],[-63.75,46.5],[-63.75,46.25],[-63.5,46.0],[-63.75,46.0]]]},"properties":{"hvalue":1.15,"color":"#E2EBF5"}},{"type":"Feature","geometry":{"type":"Polygon","coordinates":[[[-63.25,46.55],[-63.037,46.5],[-63.308,46.558],[-63.25,46.55]]]},"properties":{"hvalue":1.15,"color":"#E2EBF5"}},{"type":"Feature","geometry":{"type":"Polygon","coordinates":[[[-63.75,46.727],[-63.539,46.711],[-63.75,46.5],[-63.75,46.727]]]},"properties":{"hvalue":1.15,"color":"#E2EBF5"}},{"type":"Feature","geometry":{"type":"Polygon","coordinates":[[[-62.192,46.75],[-62.192,47.25],[-61.75,47.8],[-61.5,47.966],[-61.182,47.75],[-61.0,47.01],[-60.718,47.032],[-61.5,46.25],[-61.5,46.0],[-61.75,45.75],[-62.0,46.0],[-62.25,46.0],[-62.25,46.25],[-62.5,46.5],[-62.927,46.5],[-62.192,46.75]]]},"properties":{"hvalue":1.15,"color":"#E2EBF5"}},{"type":"Feature","geometry":{"type":"Polygon","coordinates":[[[-53.853,46.897],[-53.75,47.0],[-53.75,46.891],[-53.853,46.897]]]},"properties":{"hvalue":1.15,"color":"#E2EBF5"}},{"type":"Feature","geometry":{"type":"Polygon","coordinates":[[[-54.75,47.25],[-54.738,47.25],[-54.762,47.238],[-54.75,47.25]]]},"properties":{"hvalue":1.15,"color":"#E2EBF5"}},{"type":"Feature","geometry":{"type":"Polygon","coordinates":[[[-64.75,48.25],[-64.354,48.25],[-64.386,47.75],[-64.644,47.25],[-64.622,47.0],[-64.5,46.887],[-64.342,46.908],[-64.5,46.75],[-64.0,46.25],[-64.25,46.25],[-64.75,46.75],[-64.75,47.0],[-65.0,47.25],[-64.5,47.75],[-64.75,48.0],[-65.0,48.0],[-64.75,48.25]]]},"properties":{"hvalue":1.15,"color":"#E2EBF5"}},{"type":"Feature","geometry":{"type":"Polygon","coordinates":[[[-56.5,47.284],[-59.0,47.309],[-59.25,47.389],[-59.577,47.75],[-59.5,47.895],[-59.5,47.75],[-59.25,47.5],[-56.0,47.5],[-55.75,47.25],[-56.0,47.0],[-55.874,46.874],[-56.25,46.832],[-56.425,47.0],[-56.424,47.25],[-56.5,47.284]]]},"properties":{"hvalue":1.15,"color":"#E2EBF5"}},{"type":"Feature","geometry":{"type":"Polygon","coordinates":[[[-53.0,47.5],[-53.0,47.75],[-53.0,47.921],[-52.777,47.723],[-53.0,47.5]]]},"properties":{"hvalue":1.15,"color":"#E2EBF5"}},{"type":"Feature","geometry":{"type":"Polygon","coordinates":[[[-65.0,48.0],[-65.25,47.75],[-65.5,47.75],[-65.75,48.0],[-65.0,48.0]]]},"properties":{"hvalue":1.15,"color":"#E2EBF5"}},{"type":"Feature","geometry":{"type":"Polygon","coordinates":[[[-53.5,47.75],[-53.75,47.75],[-53.5,48.0],[-53.5,47.75]]]},"properties":{"hvalue":1.15,"color":"#E2EBF5"}},{"type":"Feature","geometry":{"type":"Polygon","coordinates":[[[-53.5,48.25],[-53.25,48.25],[-53.5,48.0],[-53.5,48.25]]]},"properties":{"hvalue":1.15,"color":"#E2EBF5"}},{"type":"Feature","geometry":{"type":"Polygon","coordinates":[[[-53.25,48.25],[-53.235,48.265],[-53.201,48.201],[-53.25,48.25]]]},"properties":{"hvalue":1.15,"color":"#E2EBF5"}},{"type":"Feature","geometry":{"type":"Polygon","coordinates":[[[-59.0,48.25],[-59.25,48.25],[-59.48,48.02],[-59.432,48.5],[-59.25,48.656],[-58.75,48.86],[-58.75,48.75],[-58.5,48.5],[-58.75,48.5],[-59.0,48.25]]]},"properties":{"hvalue":1.15,"color":"#E2EBF5"}},{"type":"Feature","geometry":{"type":"Polygon","coordinates":[[[-61.172,48.5],[-61.5,48.39],[-61.613,48.5],[-61.5,48.615],[-61.25,48.591],[-61.172,48.5]]]},"properties":{"hvalue":1.15,"color":"#E2EBF5"}},{"type":"Feature","geometry":{"type":"Polygon","coordinates":[[[-64.25,48.75],[-64.25,48.914],[-64.122,48.75],[-64.154,48.654],[-64.25,48.75]]]},"properties":{"hvalue":1.15,"color":"#E2EBF5"}},{"type":"Feature","geometry":{"type":"Polygon","coordinates":[[[-53.593,49.157],[-53.563,48.75],[-53.75,48.75],[-53.75,49.0],[-53.593,49.157]]]},"properties":{"hvalue":1.15,"color":"#E2EBF5"}},{"type":"Feature","geometry":{"type":"Polygon","coordinates":[[[-67.5,49.25],[-66.75,50.0],[-66.25,50.0],[-66.0,50.25],[-63.75,50.25],[-63.5,50.0],[-64.0,50.0],[-64.25,49.75],[-64.0,49.5],[-63.75,49.5],[-63.5,49.25],[-63.25,49.25],[-63.0,49.0],[-61.75,49.0],[-61.57,49.18],[-61.519,49.0],[-61.75,48.752],[-62.0,48.701],[-63.25,49.001],[-64.271,49.5],[-64.5,49.552],[-64.91,49.5],[-64.989,49.25],[-65.25,49.25],[-65.5,49.5],[-65.75,49.25],[-66.75,49.25],[-67.0,49.0],[-67.75,49.0],[-68.0,48.75],[-68.25,48.75],[-68.5,48.5],[-69.0,48.5],[-69.0,48.75],[-68.75,48.75],[-68.5,49.0],[-68.25,49.0],[-68.0,49.25],[-67.5,49.25]]]},"properties":{"hvalue":1.15,"color":"#E2EBF5"}},{"type":"Feature","geometry":{"type":"Polygon","coordinates":[[[-55.053,49.553],[-54.95,49.55],[-55.0,49.5],[-55.053,49.553]]]},"properties":{"hvalue":1.15,"color":"#E2EBF5"}},{"type":"Feature","geometry":{"type":"Polygon","coordinates":[[[-54.63,49.63],[-54.25,49.638],[-53.956,49.5],[-54.5,49.5],[-54.63,49.63]]]},"properties":{"hvalue":1.15,"color":"#E2EBF5"}},{"type":"Feature","geometry":{"type":"Polygon","coordinates":[[[-55.5,49.55],[-55.5,49.5],[-55.715,49.715],[-55.5,49.55]]]},"properties":{"hvalue":1.15,"color":"#E2EBF5"}},{"type":"Feature","geometry":{"type":"Polygon","coordinates":[[[-63.0,50.25],[-62.25,50.25],[-62.0,50.0],[-60.25,50.0],[-60.0,50.25],[-59.75,50.25],[-59.5,50.5],[-59.25,50.5],[-58.75,51.0],[-58.25,51.0],[-58.0,51.25],[-57.0,51.25],[-56.75,51.5],[-56.5,51.5],[-57.0,51.0],[-57.25,51.0],[-57.5,50.75],[-57.5,50.5],[-57.75,50.25],[-57.75,50.0],[-58.25,49.5],[-58.25,49.25],[-58.446,49.25],[-57.598,50.5],[-57.75,50.678],[-58.0,50.787],[-58.75,50.642],[-60.5,49.725],[-61.5,49.596],[-61.735,49.485],[-62.25,49.5],[-62.5,49.75],[-63.0,49.75],[-63.25,50.0],[-63.0,50.25]]]},"properties":{"hvalue":1.15,"color":"#E2EBF5"}},{"type":"Feature","geometry":{"type":"Polygon","coordinates":[[[-60.0,53.5],[-59.75,53.75],[-59.5,53.75],[-59.75,53.5],[-60.0,53.5]]]},"properties":{"hvalue":1.15,"color":"#E2EBF5"}},{"type":"Feature","geometry":{"type":"Polygon","coordinates":[[[-57.478,54.228],[-57.5,54.25],[-57.485,54.25],[-57.478,54.228]]]},"properties":{"hvalue":1.15,"color":"#E2EBF5"}},{"type":"Feature","geometry":{"type":"Polygon","coordinates":[[[-58.75,55.014],[-58.729,55.0],[-58.767,55.017],[-58.75,55.014]]]},"properties":{"hvalue":1.15,"color":"#E2EBF5"}},{"type":"Feature","geometry":{"type":"Polygon","coordinates":[[[-60.069,55.681],[-59.75,55.488],[-59.512,55.25],[-60.0,55.25],[-60.25,55.5],[-60.069,55.681]]]},"properties":{"hvalue":1.15,"color":"#E2EBF5"}},{"type":"Feature","geometry":{"type":"Polygon","coordinates":[[[-49.116,60.5],[-49.536,61.5],[-50.0,62.09],[-50.5,62.341],[-50.75,62.367],[-52.0,62.11],[-53.0,62.059],[-54.0,61.902],[-55.5,61.958],[-56.32,61.75],[-57.25,61.651],[-57.774,61.75],[-57.75,61.961],[-57.0,62.134],[-56.612,62.5],[-56.0,62.892],[-55.416,63.5],[-52.75,65.5],[-52.25,65.0],[-52.25,64.25],[-52.0,64.0],[-51.75,64.25],[-51.75,63.75],[-51.0,63.0],[-50.75,63.0],[-50.5,62.75],[-50.5,62.5],[-50.25,62.25],[-50.0,62.25],[-49.0,61.25],[-48.75,61.25],[-48.0,60.5],[-47.75,60.5],[-47.5,60.75],[-46.75,60.75],[-46.5,60.5],[-45.75,60.5],[-45.25,60.0],[-45.0,60.0],[-44.867,59.867],[-45.237,59.75],[-45.834,59.25],[-46.0,59.016],[-46.25,58.926],[-46.75,58.916],[-47.75,59.165],[-49.489,59.0],[-49.488,59.5],[-49.13,60.25],[-49.116,60.5]]]},"properties":{"hvalue":1.15,"color":"#E2EBF5"}},{"type":"Feature","geometry":{"type":"Polygon","coordinates":[[[-53.5,66.679],[-53.5,66.5],[-53.598,66.402],[-53.566,66.5],[-53.5,66.679]]]},"properties":{"hvalue":1.15,"color":"#E2EBF5"}},{"type":"Feature","geometry":{"type":"Polygon","coordinates":[[[-62.0,66.25],[-61.5,66.25],[-61.25,66.5],[-61.25,66.75],[-61.5,67.0],[-62.0,67.0],[-62.25,67.25],[-62.5,67.0],[-63.0,67.5],[-63.5,67.5],[-63.75,67.75],[-64.25,67.75],[-64.5,68.0],[-64.75,68.0],[-64.974,68.224],[-61.5,67.12],[-60.5,66.674],[-58.881,66.25],[-58.784,66.0],[-59.7,65.5],[-60.0,65.426],[-60.75,65.302],[-62.0,65.238],[-62.287,65.0],[-62.5,64.948],[-63.29,64.96],[-63.25,65.5],[-62.75,65.5],[-62.5,65.75],[-62.25,65.75],[-62.0,66.0],[-62.0,66.25]]]},"properties":{"hvalue":1.15,"color":"#E2EBF5"}},{"type":"Feature","geometry":{"type":"Polygon","coordinates":[[[-53.659,68.091],[-53.664,68.25],[-53.5,68.506],[-53.25,68.688],[-53.0,68.739],[-53.0,68.25],[-53.5,68.25],[-53.659,68.091]]]},"properties":{"hvalue":1.15,"color":"#E2EBF5"}},{"type":"Feature","geometry":{"type":"Polygon","coordinates":[[[-67.75,69.0],[-67.066,69.0],[-67.022,68.75],[-66.5,68.674],[-65.011,68.239],[-65.25,68.0],[-66.25,68.0],[-66.75,68.5],[-67.25,68.5],[-67.5,68.75],[-68.0,68.75],[-67.75,69.0]]]},"properties":{"hvalue":1.15,"color":"#E2EBF5"}},{"type":"Feature","geometry":{"type":"Polygon","coordinates":[[[-51.25,68.75],[-52.25,68.75],[-52.454,68.954],[-51.478,69.0],[-51.25,69.209],[-51.25,68.75]]]},"properties":{"hvalue":1.15,"color":"#E2EBF5"}},{"type":"Feature","geometry":{"type":"Polygon","coordinates":[[[-53.852,69.352],[-54.25,69.406],[-54.412,69.5],[-54.0,69.5],[-53.852,69.352]]]},"properties":{"hvalue":1.15,"color":"#E2EBF5"}},{"type":"Feature","geometry":{"type":"Polygon","coordinates":[[[-51.5,69.611],[-52.018,69.482],[-51.75,69.75],[-52.0,70.0],[-51.25,70.0],[-51.5,69.75],[-51.327,69.577],[-51.5,69.611]]]},"properties":{"hvalue":1.15,"color":"#E2EBF5"}},{"type":"Feature","geometry":{"type":"Polygon","coordinates":[[[-50.75,70.0],[-50.5,70.0],[-50.5,69.75],[-50.75,70.0]]]},"properties":{"hvalue":1.15,"color":"#E2EBF5"}},{"type":"Feature","geometry":{"type":"Polygon","coordinates":[[[-54.886,70.0],[-54.878,70.128],[-54.75,70.0],[-54.886,70.0]]]},"properties":{"hvalue":1.15,"color":"#E2EBF5"}},{"type":"Feature","geometry":{"type":"Polygon","coordinates":[[[-55.0,70.514],[-54.673,70.673],[-54.5,70.5],[-54.75,70.5],[-54.88,70.37],[-55.0,70.514]]]},"properties":{"hvalue":1.15,"color":"#E2EBF5"}},{"type":"Feature","geometry":{"type":"Polygon","coordinates":[[[-51.75,70.75],[-51.5,71.0],[-51.5,70.75],[-51.25,70.5],[-51.75,70.5],[-52.0,70.75],[-52.75,70.75],[-53.0,71.0],[-52.0,71.0],[-51.75,70.75]]]},"properties":{"hvalue":1.15,"color":"#E2EBF5"}},{"type":"Feature","geometry":{"type":"Polygon","coordinates":[[[-53.25,71.5],[-53.5,71.25],[-53.25,71.0],[-53.5,70.75],[-53.75,71.0],[-54.269,71.0],[-54.462,71.25],[-54.0,71.25],[-53.5,71.75],[-53.25,71.5]]]},"properties":{"hvalue":1.15,"color":"#E2EBF5"}},{"type":"Feature","geometry":{"type":"Polygon","coordinates":[[[-55.75,72.369],[-55.75,72.25],[-55.75,72.146],[-55.841,72.25],[-55.75,72.369]]]},"properties":{"hvalue":1.15,"color":"#E2EBF5"}},{"type":"Feature","geometry":{"type":"Polygon","coordinates":[[[-56.871,73.5],[-57.571,74.5],[-58.0,74.597],[-58.187,74.75],[-58.412,75.25],[-59.537,75.75],[-59.0,75.75],[-58.75,75.5],[-58.5,75.5],[-58.0,75.0],[-57.75,75.0],[-57.5,74.75],[-57.25,74.75],[-57.5,74.5],[-57.25,74.25],[-56.75,74.25],[-56.5,74.0],[-56.75,73.75],[-56.5,73.5],[-56.0,73.5],[-56.25,73.25],[-56.0,73.0],[-56.0,72.75],[-55.863,72.613],[-56.0,72.643],[-56.444,73.0],[-56.584,73.25],[-56.871,73.5]]]},"properties":{"hvalue":1.15,"color":"#E2EBF5"}},{"type":"Feature","geometry":{"type":"Polygon","coordinates":[[[-61.0,75.996],[-60.25,76.0],[-60.087,75.837],[-60.75,75.977],[-61.0,75.996]]]},"properties":{"hvalue":1.15,"color":"#E2EBF5"}},{"type":"Feature","geometry":{"type":"Polygon","coordinates":[[[-64.79,76.0],[-65.0,75.92],[-65.338,75.912],[-65.25,76.0],[-64.79,76.0]]]},"properties":{"hvalue":1.15,"color":"#E2EBF5"}},{"type":"Feature","geometry":{"type":"Polygon","coordinates":[[[-66.5,76.0],[-66.0,76.0],[-65.968,75.968],[-66.575,75.925],[-66.5,76.0]]]},"properties":{"hvalue":1.15,"color":"#E2EBF5"}},{"type":"Feature","geometry":{"type":"Polygon","coordinates":[[[-64.063,76.063],[-64.5,76.038],[-64.733,76.017],[-64.5,76.25],[-64.25,76.25],[-64.063,76.063]]]},"properties":{"hvalue":1.15,"color":"#E2EBF5"}},{"type":"Feature","geometry":{"type":"Polygon","coordinates":[[[-63.5,76.25],[-63.0,76.25],[-62.883,76.133],[-63.65,76.1],[-63.5,76.25]]]},"properties":{"hvalue":1.15,"color":"#E2EBF5"}},{"type":"Feature","geometry":{"type":"Polygon","coordinates":[[[-65.0,81.25],[-64.5,81.25],[-64.25,81.5],[-64.5,81.75],[-62.25,81.75],[-62.0,82.0],[-61.5,82.0],[-61.75,81.75],[-61.75,81.5],[-62.0,81.25],[-64.25,81.25],[-64.5,81.0],[-65.75,81.0],[-66.0,80.75],[-66.5,80.75],[-66.25,81.0],[-66.0,81.0],[-65.75,81.25],[-66.0,81.5],[-65.25,81.5],[-65.0,81.25]]]},"properties":{"hvalue":1.15,"color":"#E2EBF5"}},{"type":"Feature","geometry":{"type":"Polygon","coordinates":[[[-36.579,-54.171],[-36.342,-54.25],[-36.5,-54.25],[-36.579,-54.171]]]},"properties":{"hvalue":1.15,"color":"#E2EBF5"}},{"type":"Feature","geometry":{"type":"Polygon","coordinates":[[[-40.812,-21.312],[-40.975,-21.75],[-40.982,-21.768],[-41.0,-21.5],[-40.812,-21.312]]]},"properties":{"hvalue":1.15,"color":"#E2EBF5"}},{"type":"Feature","geometry":{"type":"Polygon","coordinates":[[[-40.75,-21.0],[-40.619,-20.869],[-40.75,-21.157],[-40.75,-21.0]]]},"properties":{"hvalue":1.15,"color":"#E2EBF5"}},{"type":"Feature","geometry":{"type":"Polygon","coordinates":[[[-39.5,-18.124],[-39.5,-18.0],[-39.39,-18.0],[-39.5,-18.124]]]},"properties":{"hvalue":1.15,"color":"#E2EBF5"}},{"type":"Feature","geometry":{"type":"Polygon","coordinates":[[[-27.116,-17.0],[-27.786,-16.75],[-27.742,-16.5],[-27.519,-16.25],[-27.0,-16.247],[-25.25,-16.677],[-25.059,-16.75],[-24.793,-17.0],[-24.718,-17.25],[-24.81,-17.5],[-25.537,-17.75],[-25.816,-18.25],[-26.25,-18.404],[-27.0,-18.213],[-27.336,-18.0],[-27.495,-17.75],[-27.494,-17.5],[-27.02,-17.25],[-27.116,-17.0]]]},"properties":{"hvalue":1.15,"color":"#E2EBF5"}},{"type":"Feature","geometry":{"type":"Polygon","coordinates":[[[-39.0,-15.0],[-39.0,-14.5],[-38.839,-14.339],[-38.869,-15.131],[-39.0,-15.0]]]},"properties":{"hvalue":1.15,"color":"#E2EBF5"}},{"type":"Feature","geometry":{"type":"Polygon","coordinates":[[[-37.5,-12.25],[-37.5,-11.75],[-37.25,-11.5],[-37.25,-11.25],[-36.75,-10.75],[-36.536,-10.75],[-37.049,-11.25],[-37.0,-11.724],[-36.658,-12.25],[-36.75,-12.381],[-36.869,-12.5],[-37.5,-12.603],[-37.713,-12.75],[-38.065,-13.5],[-38.75,-13.854],[-38.75,-13.25],[-38.5,-13.0],[-38.25,-13.0],[-37.5,-12.25]]]},"properties":{"hvalue":1.15,"color":"#E2EBF5"}},{"type":"Feature","geometry":{"type":"Polygon","coordinates":[[[-35.624,-9.75],[-35.75,-9.939],[-35.75,-9.75],[-35.106,-9.106],[-35.233,-9.5],[-35.624,-9.75]]]},"properties":{"hvalue":1.15,"color":"#E2EBF5"}},{"type":"Feature","geometry":{"type":"Polygon","coordinates":[[[-35.0,-8.75],[-34.977,-8.727],[-35.0,-8.817],[-35.0,-8.75]]]},"properties":{"hvalue":1.15,"color":"#E2EBF5"}},{"type":"Feature","geometry":{"type":"Polygon","coordinates":[[[-36.714,-4.75],[-36.0,-4.871],[-35.688,-5.0],[-36.75,-5.0],[-37.0,-4.75],[-37.25,-4.75],[-37.653,-4.347],[-36.714,-4.75]]]},"properties":{"hvalue":1.15,"color":"#E2EBF5"}},{"type":"Feature","geometry":{"type":"Polygon","coordinates":[[[-39.874,-2.75],[-41.75,-2.75],[-41.892,-2.608],[-40.25,-2.598],[-39.874,-2.75]]]},"properties":{"hvalue":1.15,"color":"#E2EBF5"}},{"type":"Feature","geometry":{"type":"Polygon","coordinates":[[[-42.425,-2.575],[-42.066,-2.566],[-42.25,-2.75],[-42.425,-2.575]]]},"properties":{"hvalue":1.15,"color":"#E2EBF5"}},{"type":"Feature","geometry":{"type":"Polygon","coordinates":[[[-44.204,-2.296],[-43.75,-2.175],[-43.594,-2.25],[-43.75,-2.25],[-44.0,-2.5],[-44.204,-2.296]]]},"properties":{"hvalue":1.15,"color":"#E2EBF5"}},{"type":"Feature","geometry":{"type":"Polygon","coordinates":[[[-20.0,2.089],[-19.5,2.088],[-19.435,2.0],[-19.286,1.0],[-19.5,0.939],[-19.75,1.059],[-20.189,1.5],[-20.27,1.75],[-20.218,2.0],[-20.0,2.089]]]},"properties":{"hvalue":1.15,"color":"#E2EBF5"}},{"type":"Feature","geometry":{"type":"Polygon","coordinates":[[[-33.5,3.917],[-33.846,3.75],[-33.836,3.5],[-34.219,3.25],[-34.5,2.897],[-34.75,2.822],[-35.25,3.005],[-36.5,3.26],[-36.702,3.5],[-36.748,4.5],[-37.0,4.597],[-38.0,4.631],[-38.227,4.5],[-38.328,4.25],[-38.5,4.091],[-38.75,4.006],[-39.0,4.093],[-39.18,4.25],[-39.35,4.75],[-39.341,5.0],[-39.25,5.074],[-39.0,5.027],[-38.5,4.819],[-38.258,5.0],[-38.338,5.25],[-39.123,6.5],[-39.25,7.001],[-39.0,7.114],[-38.0,7.158],[-37.5,7.437],[-36.75,7.518],[-36.25,7.365],[-35.75,7.404],[-35.5,7.305],[-35.0,7.377],[-34.75,7.139],[-34.5,7.136],[-34.0,7.501],[-33.288,7.75],[-32.75,7.797],[-32.5,7.606],[-31.552,7.25],[-30.25,6.075],[-30.0,6.172],[-29.75,5.903],[-29.656,5.5],[-29.667,5.25],[-29.75,5.163],[-30.146,5.25],[-30.5,5.485],[-30.75,5.28],[-31.0,5.295],[-31.5,5.669],[-31.815,5.5],[-31.972,4.75],[-31.25,4.035],[-31.148,3.75],[-31.318,3.5],[-31.75,3.166],[-32.0,3.203],[-32.402,3.0],[-32.604,2.75],[-32.5,2.658],[-32.5,2.316],[-32.75,2.338],[-32.804,3.0],[-33.01,3.25],[-33.419,3.5],[-33.5,3.917]]]},"properties":{"hvalue":1.15,"color":"#E2EBF5"}},{"type":"Feature","geometry":{"type":"Polygon","coordinates":[[[-9.489,5.239],[-11.929,7.0],[-11.75,7.0],[-11.5,6.75],[-11.25,6.75],[-10.5,6.0],[-10.25,6.0],[-9.489,5.239]]]},"properties":{"hvalue":1.15,"color":"#E2EBF5"}},{"type":"Feature","geometry":{"type":"Polygon","coordinates":[[[-18.0,8.256],[-18.25,8.647],[-18.25,9.43],[-18.0,9.619],[-17.5,9.599],[-17.128,9.25],[-17.0,8.908],[-16.495,8.5],[-16.16,8.0],[-15.99,7.5],[-16.036,7.25],[-16.279,7.0],[-16.5,6.897],[-16.75,6.861],[-17.0,6.968],[-17.453,7.75],[-18.0,8.256]]]},"properties":{"hvalue":1.15,"color":"#E2EBF5"}},{"type":"Feature","geometry":{"type":"Polygon","coordinates":[[[-14.75,7.304],[-15.0,7.322],[-15.451,8.0],[-16.178,8.5],[-16.941,10.0],[-17.22,10.75],[-17.428,11.5],[-17.585,12.75],[-17.465,13.5],[-17.476,14.726],[-17.0,14.25],[-17.0,14.0],[-16.75,13.75],[-16.75,13.5],[-17.0,13.25],[-16.75,13.0],[-17.0,12.75],[-17.0,12.5],[-16.25,11.75],[-16.5,11.5],[-16.25,11.25],[-16.0,11.25],[-15.75,11.5],[-16.0,11.75],[-15.75,11.75],[-15.5,11.5],[-15.5,11.25],[-15.0,10.75],[-14.75,10.75],[-14.75,10.5],[-14.0,9.75],[-13.75,9.75],[-13.75,9.5],[-13.5,9.25],[-13.5,9.0],[-13.25,8.75],[-13.25,8.25],[-13.0,8.0],[-13.0,7.75],[-12.5,7.25],[-12.25,7.25],[-12.09,7.09],[-13.5,7.319],[-14.25,7.588],[-14.5,7.58],[-14.75,7.304]]]},"properties":{"hvalue":1.15,"color":"#E2EBF5"}},{"type":"Feature","geometry":{"type":"Polygon","coordinates":[[[-23.56,15.31],[-23.25,15.434],[-23.095,15.25],[-23.385,14.5],[-23.75,14.02],[-23.968,14.5],[-23.938,15.188],[-23.5,14.75],[-23.25,15.0],[-23.56,15.31]]]},"properties":{"hvalue":1.15,"color":"#E2EBF5"}},{"type":"Feature","geometry":{"type":"Polygon","coordinates":[[[-24.213,15.0],[-24.347,14.5],[-24.5,14.381],[-24.75,14.548],[-24.824,14.75],[-24.5,15.118],[-24.213,15.0]]]},"properties":{"hvalue":1.15,"color":"#E2EBF5"}},{"type":"Feature","geometry":{"type":"Polygon","coordinates":[[[-22.643,16.0],[-22.75,15.767],[-23.0,15.848],[-23.044,16.0],[-22.75,16.134],[-22.643,16.0]]]},"properties":{"hvalue":1.15,"color":"#E2EBF5"}},{"type":"Feature","geometry":{"type":"Polygon","coordinates":[[[-24.25,16.56],[-24.166,16.5],[-24.25,16.318],[-24.454,16.5],[-24.25,16.56]]]},"properties":{"hvalue":1.15,"color":"#E2EBF5"}},{"type":"Feature","geometry":{"type":"Polygon","coordinates":[[[-25.0,16.89],[-24.75,16.533],[-24.648,16.5],[-24.584,16.25],[-24.75,16.145],[-24.939,16.5],[-25.267,16.75],[-25.0,16.89]]]},"properties":{"hvalue":1.15,"color":"#E2EBF5"}},{"type":"Feature","geometry":{"type":"Polygon","coordinates":[[[-17.163,17.0],[-17.072,17.5],[-16.671,18.0],[-16.651,18.25],[-17.166,20.0],[-17.152,21.152],[-17.0,21.0],[-16.75,21.0],[-16.75,20.75],[-16.25,20.25],[-16.25,20.0],[-16.5,19.75],[-16.5,19.25],[-16.25,19.0],[-16.25,17.25],[-16.5,17.0],[-16.5,16.5],[-16.75,16.25],[-16.5,16.0],[-16.75,15.75],[-16.75,15.5],[-17.269,14.981],[-17.092,15.5],[-17.163,17.0]]]},"properties":{"hvalue":1.15,"color":"#E2EBF5"}},{"type":"Feature","geometry":{"type":"Polygon","coordinates":[[[-17.0,21.774],[-17.0,21.5],[-17.03,21.47],[-17.0,21.774]]]},"properties":{"hvalue":1.15,"color":"#E2EBF5"}},{"type":"Feature","geometry":{"type":"Polygon","coordinates":[[[-16.25,23.222],[-16.25,23.0],[-16.408,22.842],[-16.387,23.0],[-16.25,23.222]]]},"properties":{"hvalue":1.15,"color":"#E2EBF5"}},{"type":"Feature","geometry":{"type":"Polygon","coordinates":[[[-16.0,23.769],[-15.886,23.864],[-16.0,23.75],[-16.0,23.5],[-16.229,23.271],[-16.0,23.769]]]},"properties":{"hvalue":1.15,"color":"#E2EBF5"}},{"type":"Feature","geometry":{"type":"Polygon","coordinates":[[[-15.083,26.0],[-14.603,26.5],[-14.38,27.0],[-14.339,27.25],[-14.506,28.0],[-14.25,28.278],[-14.0,28.0],[-13.75,28.25],[-13.75,28.5],[-13.954,28.704],[-13.937,28.937],[-13.75,28.75],[-13.5,28.75],[-13.251,28.999],[-12.75,28.395],[-12.519,28.25],[-12.011,28.239],[-12.25,28.0],[-12.5,28.0],[-12.75,27.75],[-13.0,28.0],[-13.5,27.5],[-13.5,27.0],[-14.0,26.5],[-14.25,26.5],[-14.5,26.25],[-14.5,26.0],[-15.0,25.5],[-15.0,24.75],[-15.669,24.081],[-15.245,24.75],[-15.083,26.0]]]},"properties":{"hvalue":1.15,"color":"#E2EBF5"}},{"type":"Feature","geometry":{"type":"Polygon","coordinates":[[[-15.5,27.307],[-15.75,27.222],[-15.931,27.931],[-15.75,27.75],[-15.5,27.75],[-15.274,27.976],[-15.265,27.75],[-15.456,27.5],[-15.5,27.307]]]},"properties":{"hvalue":1.15,"color":"#E2EBF5"}},{"type":"Feature","geometry":{"type":"Polygon","coordinates":[[[-17.095,28.0],[-17.236,27.75],[-17.25,27.725],[-17.387,28.0],[-17.25,28.163],[-17.095,28.0]]]},"properties":{"hvalue":1.15,"color":"#E2EBF5"}},{"type":"Feature","geometry":{"type":"Polygon","coordinates":[[[-16.5,27.911],[-16.75,27.846],[-16.873,28.0],[-16.86,28.11],[-16.75,28.0],[-16.5,28.0],[-16.088,28.412],[-16.068,28.25],[-16.5,27.911]]]},"properties":{"hvalue":1.15,"color":"#E2EBF5"}},{"type":"Feature","geometry":{"type":"Polygon","coordinates":[[[-18.0,28.6],[-17.888,28.5],[-18.0,28.442],[-18.041,28.5],[-18.0,28.6]]]},"properties":{"hvalue":1.15,"color":"#E2EBF5"}},{"type":"Feature","geometry":{"type":"Polygon","coordinates":[[[-13.5,29.325],[-13.4,29.25],[-13.253,29.003],[-13.5,29.25],[-13.596,29.25],[-13.5,29.325]]]},"properties":{"hvalue":1.15,"color":"#E2EBF5"}},{"type":"Feature","geometry":{"type":"Polygon","coordinates":[[[-10.395,29.25],[-10.25,29.392],[-10.25,29.25],[-10.395,29.25]]]},"properties":{"hvalue":1.15,"color":"#E2EBF5"}},{"type":"Feature","geometry":{"type":"Polygon","coordinates":[[[-9.916,29.834],[-9.954,30.5],[-9.936,30.686],[-9.75,30.5],[-9.75,30.0],[-9.916,29.834]]]},"properties":{"hvalue":1.15,"color":"#E2EBF5"}},{"type":"Feature","geometry":{"type":"Polygon","coordinates":[[[-42.277,31.0],[-42.75,30.754],[-43.571,31.0],[-43.44,31.25],[-43.0,31.404],[-42.75,31.403],[-42.334,31.25],[-42.277,31.0]]]},"properties":{"hvalue":1.15,"color":"#E2EBF5"}},{"type":"Feature","geometry":{"type":"Polygon","coordinates":[[[-9.75,31.56],[-9.75,31.5],[-9.802,31.448],[-9.796,31.5],[-9.75,31.56]]]},"properties":{"hvalue":1.15,"color":"#E2EBF5"}},{"type":"Feature","geometry":{"type":"Polygon","coordinates":[[[-9.377,32.377],[-9.25,32.25],[-9.417,32.083],[-9.387,32.25],[-9.377,32.377]]]},"properties":{"hvalue":1.15,"color":"#E2EBF5"}},{"type":"Feature","geometry":{"type":"Polygon","coordinates":[[[-17.0,32.487],[-17.25,32.501],[-17.349,32.75],[-17.25,32.848],[-17.144,32.856],[-17.25,32.75],[-17.0,32.5],[-16.956,32.544],[-17.0,32.487]]]},"properties":{"hvalue":1.15,"color":"#E2EBF5"}},{"type":"Feature","geometry":{"type":"Polygon","coordinates":[[[-42.298,28.5],[-42.549,29.0],[-42.324,29.25],[-41.874,29.5],[-41.665,29.75],[-41.68,30.25],[-41.341,30.75],[-40.806,31.25],[-40.892,31.75],[-40.823,32.0],[-40.504,32.5],[-40.0,32.824],[-39.269,33.0],[-39.057,33.25],[-39.261,33.75],[-39.75,33.958],[-40.141,34.25],[-40.181,34.5],[-40.0,34.701],[-39.5,35.029],[-38.0,35.476],[-37.0,35.966],[-36.589,36.25],[-36.109,36.75],[-35.97,37.0],[-35.75,37.132],[-34.5,37.394],[-33.25,38.034],[-32.75,38.168],[-31.75,38.783],[-31.5,39.011],[-31.383,39.383],[-31.25,39.25],[-31.0,39.5],[-31.25,39.75],[-31.327,39.673],[-31.25,39.809],[-31.0,39.969],[-30.25,39.817],[-29.5,39.99],[-28.25,40.109],[-26.5,40.04],[-25.0,40.361],[-24.5,40.378],[-22.75,40.1],[-21.75,39.829],[-21.0,39.767],[-19.75,39.936],[-19.0,40.485],[-18.5,40.418],[-16.75,39.934],[-15.0,40.347],[-14.75,40.266],[-14.488,40.0],[-14.051,39.75],[-13.838,39.5],[-13.834,39.0],[-13.686,38.75],[-13.654,38.5],[-13.829,38.25],[-15.278,37.0],[-16.5,36.517],[-17.25,36.031],[-18.178,35.75],[-18.49,35.5],[-18.649,35.25],[-19.154,35.0],[-21.5,34.272],[-23.0,33.717],[-23.5,33.401],[-24.25,33.127],[-27.25,31.68],[-28.75,31.555],[-31.25,30.619],[-33.25,30.062],[-34.25,29.865],[-35.0,29.874],[-36.0,29.514],[-36.5,29.125],[-37.0,28.863],[-39.0,28.072],[-40.5,27.991],[-41.0,28.181],[-42.0,28.347],[-42.298,28.5]]]},"properties":{"hvalue":1.15,"color":"#E2EBF5"}},{"type":"Feature","geometry":{"type":"Polygon","coordinates":[[[-7.5,36.125],[-8.75,36.804],[-8.94,37.0],[-8.928,37.178],[-8.75,37.0],[-8.25,37.0],[-8.0,36.75],[-7.75,37.0],[-6.75,37.0],[-6.25,36.5],[-6.25,36.25],[-6.0,36.0],[-5.75,36.0],[-6.25,35.5],[-6.25,35.0],[-6.449,34.801],[-6.5,35.132],[-6.753,35.5],[-7.5,36.125]]]},"properties":{"hvalue":1.15,"color":"#E2EBF5"}},{"type":"Feature","geometry":{"type":"Polygon","coordinates":[[[-9.331,38.5],[-9.0,38.25],[-9.0,38.048],[-9.331,38.5]]]},"properties":{"hvalue":1.15,"color":"#E2EBF5"}},{"type":"Feature","geometry":{"type":"Polygon","coordinates":[[[-13.066,39.75],[-13.25,39.615],[-13.574,39.75],[-13.25,39.949],[-13.066,39.75]]]},"properties":{"hvalue":1.15,"color":"#E2EBF5"}},{"type":"Feature","geometry":{"type":"Polygon","coordinates":[[[-8.813,41.0],[-8.884,41.25],[-8.931,41.431],[-8.75,41.25],[-8.75,40.75],[-8.909,40.591],[-8.813,41.0]]]},"properties":{"hvalue":1.15,"color":"#E2EBF5"}},{"type":"Feature","geometry":{"type":"Polygon","coordinates":[[[-9.0,42.265],[-9.175,42.5],[-9.201,42.75],[-9.0,42.75],[-9.0,42.265]]]},"properties":{"hvalue":1.15,"color":"#E2EBF5"}},{"type":"Feature","geometry":{"type":"Polygon","coordinates":[[[-3.75,43.5],[-5.0,43.5],[-5.113,43.613],[-3.624,43.626],[-3.75,43.5]]]},"properties":{"hvalue":1.15,"color":"#E2EBF5"}},{"type":"Feature","geometry":{"type":"Polygon","coordinates":[[[-1.5,43.925],[-1.5,43.75],[-1.75,43.5],[-3.25,43.5],[-3.367,43.617],[-2.25,43.6],[-1.75,43.749],[-1.5,43.925]]]},"properties":{"hvalue":1.15,"color":"#E2EBF5"}},{"type":"Feature","geometry":{"type":"Polygon","coordinates":[[[-7.778,43.75],[-7.5,43.793],[-7.207,43.75],[-7.778,43.75]]]},"properties":{"hvalue":1.15,"color":"#E2EBF5"}},{"type":"Feature","geometry":{"type":"Polygon","coordinates":[[[-1.25,45.835],[-1.363,46.0],[-1.42,46.25],[-1.25,46.25],[-1.25,45.835]]]},"properties":{"hvalue":1.15,"color":"#E2EBF5"}},{"type":"Feature","geometry":{"type":"Polygon","coordinates":[[[-2.243,47.0],[-2.0,47.0],[-2.0,46.825],[-2.243,47.0]]]},"properties":{"hvalue":1.15,"color":"#E2EBF5"}},{"type":"Feature","geometry":{"type":"Polygon","coordinates":[[[-3.84,50.09],[-5.047,49.953],[-4.75,50.25],[-4.0,50.25],[-3.84,50.09]]]},"properties":{"hvalue":1.15,"color":"#E2EBF5"}},{"type":"Feature","geometry":{"type":"Polygon","coordinates":[[[-3.915,51.415],[-3.75,51.5],[-3.75,51.25],[-3.915,51.415]]]},"properties":{"hvalue":1.15,"color":"#E2EBF5"}},{"type":"Feature","geometry":{"type":"Polygon","coordinates":[[[-8.681,51.5],[-9.0,51.456],[-9.039,51.461],[-9.0,51.5],[-8.681,51.5]]]},"properties":{"hvalue":1.15,"color":"#E2EBF5"}},{"type":"Feature","geometry":{"type":"Polygon","coordinates":[[[-7.781,51.75],[-8.0,51.659],[-8.454,51.546],[-8.25,51.75],[-7.781,51.75]]]},"properties":{"hvalue":1.15,"color":"#E2EBF5"}},{"type":"Feature","geometry":{"type":"Polygon","coordinates":[[[-7.048,52.0],[-7.5,51.837],[-7.732,51.768],[-7.5,52.0],[-7.048,52.0]]]},"properties":{"hvalue":1.15,"color":"#E2EBF5"}},{"type":"Feature","geometry":{"type":"Polygon","coordinates":[[[-4.814,52.75],[-4.446,52.946],[-4.25,52.75],[-4.25,52.578],[-4.75,52.701],[-4.814,52.75]]]},"properties":{"hvalue":1.15,"color":"#E2EBF5"}},{"type":"Feature","geometry":{"type":"Polygon","coordinates":[[[-5.75,54.0],[-5.5,54.25],[-5.5,54.5],[-6.068,55.068],[-5.398,54.75],[-5.283,54.5],[-5.5,54.094],[-5.911,53.75],[-5.767,53.25],[-5.408,53.0],[-5.322,52.75],[-5.987,52.25],[-6.407,52.093],[-6.25,52.25],[-6.25,52.5],[-6.0,52.75],[-6.0,53.5],[-6.25,53.75],[-6.0,54.0],[-5.75,54.0]]]},"properties":{"hvalue":1.15,"color":"#E2EBF5"}},{"type":"Feature","geometry":{"type":"Polygon","coordinates":[[[-10.032,54.0],[-10.0,54.0],[-10.0,53.926],[-10.032,54.0]]]},"properties":{"hvalue":1.15,"color":"#E2EBF5"}},{"type":"Feature","geometry":{"type":"Polygon","coordinates":[[[-3.044,54.0],[-3.0,54.0],[-3.031,53.969],[-3.044,54.0]]]},"properties":{"hvalue":1.15,"color":"#E2EBF5"}},{"type":"Feature","geometry":{"type":"Polygon","coordinates":[[[-4.284,54.284],[-4.205,54.25],[-4.285,54.215],[-4.284,54.284]]]},"properties":{"hvalue":1.15,"color":"#E2EBF5"}},{"type":"Feature","geometry":{"type":"Polygon","coordinates":[[[-4.25,54.73],[-4.25,54.75],[-4.214,54.75],[-4.25,54.73]]]},"properties":{"hvalue":1.15,"color":"#E2EBF5"}},{"type":"Feature","geometry":{"type":"Polygon","coordinates":[[[-5.0,55.444],[-5.0,55.5],[-4.75,55.5],[-4.75,55.5],[-5.0,55.444]]]},"properties":{"hvalue":1.15,"color":"#E2EBF5"}},{"type":"Feature","geometry":{"type":"Polygon","coordinates":[[[-5.437,55.437],[-5.537,55.5],[-5.739,55.739],[-5.437,55.437]]]},"properties":{"hvalue":1.15,"color":"#E2EBF5"}},{"type":"Feature","geometry":{"type":"Polygon","coordinates":[[[-5.761,56.0],[-5.75,56.0],[-5.75,55.783],[-5.761,56.0]]]},"properties":{"hvalue":1.15,"color":"#E2EBF5"}},{"type":"Feature","geometry":{"type":"Polygon","coordinates":[[[-2.348,56.098],[-2.044,56.0],[-2.25,56.0],[-2.348,56.098]]]},"properties":{"hvalue":1.15,"color":"#E2EBF5"}},{"type":"Feature","geometry":{"type":"Polygon","coordinates":[[[-6.105,57.605],[-5.945,57.555],[-6.0,57.5],[-6.105,57.605]]]},"properties":{"hvalue":1.15,"color":"#E2EBF5"}},{"type":"Feature","geometry":{"type":"Polygon","coordinates":[[[-7.0,57.75],[-6.75,57.75],[-6.514,57.75],[-7.0,57.646],[-7.0,57.75]]]},"properties":{"hvalue":1.15,"color":"#E2EBF5"}},{"type":"Feature","geometry":{"type":"Polygon","coordinates":[[[-2.0,57.75],[-2.471,57.75],[-2.0,57.827],[-1.88,57.75],[-1.871,57.621],[-2.0,57.75]]]},"properties":{"hvalue":1.15,"color":"#E2EBF5"}},{"type":"Feature","geometry":{"type":"Polygon","coordinates":[[[-3.75,57.84],[-3.75,58.0],[-3.634,58.0],[-3.75,57.84]]]},"properties":{"hvalue":1.15,"color":"#E2EBF5"}},{"type":"Feature","geometry":{"type":"Polygon","coordinates":[[[-3.0,58.5],[-2.995,58.5],[-3.022,58.478],[-3.0,58.5]]]},"properties":{"hvalue":1.15,"color":"#E2EBF5"}},{"type":"Feature","geometry":{"type":"Polygon","coordinates":[[[-2.75,58.874],[-2.959,58.791],[-2.75,59.0],[-2.872,59.122],[-2.882,59.25],[-2.75,59.305],[-2.464,59.25],[-2.75,58.874]]]},"properties":{"hvalue":1.15,"color":"#E2EBF5"}},{"type":"Feature","geometry":{"type":"Polygon","coordinates":[[[-43.0,60.198],[-43.0,60.25],[-42.909,60.25],[-43.0,60.198]]]},"properties":{"hvalue":1.15,"color":"#E2EBF5"}},{"type":"Feature","geometry":{"type":"Polygon","coordinates":[[[-6.803,61.947],[-6.672,62.0],[-6.75,61.893],[-6.803,61.947]]]},"properties":{"hvalue":1.15,"color":"#E2EBF5"}},{"type":"Feature","geometry":{"type":"Polygon","coordinates":[[[-41.75,62.75],[-41.5,62.75],[-41.25,63.0],[-41.25,63.25],[-41.0,63.25],[-40.5,63.75],[-40.5,64.25],[-40.25,64.25],[-40.0,64.5],[-40.25,64.75],[-40.0,65.0],[-39.75,65.0],[-39.5,65.25],[-39.75,65.5],[-39.5,65.5],[-39.25,65.25],[-39.0,65.5],[-37.0,65.5],[-36.75,65.75],[-36.25,65.75],[-36.0,66.0],[-35.386,66.0],[-35.846,65.75],[-35.833,65.5],[-36.124,65.0],[-35.75,64.625],[-35.25,64.477],[-34.0,64.51],[-33.25,64.379],[-32.5,64.441],[-32.226,64.25],[-32.266,64.0],[-32.638,63.75],[-34.651,63.5],[-34.5,63.233],[-38.0,62.733],[-40.805,62.0],[-41.5,61.568],[-42.5,60.713],[-42.25,61.0],[-42.5,61.25],[-42.0,61.75],[-42.0,62.0],[-42.25,62.25],[-41.75,62.75]]]},"properties":{"hvalue":1.15,"color":"#E2EBF5"}},{"type":"Feature","geometry":{"type":"Polygon","coordinates":[[[-17.063,63.75],[-17.5,63.675],[-17.592,63.658],[-17.5,63.75],[-17.063,63.75]]]},"properties":{"hvalue":1.15,"color":"#E2EBF5"}},{"type":"Feature","geometry":{"type":"Polygon","coordinates":[[[-15.065,64.25],[-15.25,64.174],[-15.629,64.121],[-15.5,64.25],[-15.065,64.25]]]},"properties":{"hvalue":1.15,"color":"#E2EBF5"}},{"type":"Feature","geometry":{"type":"Polygon","coordinates":[[[-27.694,63.25],[-28.064,63.75],[-27.968,64.0],[-27.681,64.25],[-27.161,65.0],[-25.25,65.871],[-23.773,66.227],[-24.25,65.75],[-24.25,65.5],[-24.0,65.25],[-23.75,65.25],[-23.5,65.5],[-22.5,65.5],[-22.5,65.25],[-22.75,65.25],[-23.0,65.0],[-22.75,64.75],[-22.5,64.75],[-22.25,64.5],[-22.0,64.5],[-21.75,64.25],[-22.25,64.25],[-22.5,64.0],[-22.25,63.75],[-20.75,63.75],[-20.5,63.5],[-19.75,63.5],[-19.567,63.317],[-22.25,63.114],[-24.5,62.692],[-25.5,62.626],[-26.25,62.727],[-27.25,63.055],[-27.694,63.25]]]},"properties":{"hvalue":1.15,"color":"#E2EBF5"}},{"type":"Feature","geometry":{"type":"Polygon","coordinates":[[[-14.5,64.5],[-14.412,64.5],[-14.586,64.414],[-14.5,64.5]]]},"properties":{"hvalue":1.15,"color":"#E2EBF5"}},{"type":"Feature","geometry":{"type":"Polygon","coordinates":[[[-14.0,64.75],[-13.976,64.75],[-14.031,64.719],[-14.0,64.75]]]},"properties":{"hvalue":1.15,"color":"#E2EBF5"}},{"type":"Feature","geometry":{"type":"Polygon","coordinates":[[[-40.5,65.0],[-40.25,64.75],[-40.5,64.75],[-40.75,65.0],[-40.5,65.0]]]},"properties":{"hvalue":1.15,"color":"#E2EBF5"}},{"type":"Feature","geometry":{"type":"Polygon","coordinates":[[[-13.75,65.25],[-13.597,65.403],[-13.516,65.25],[-13.625,65.125],[-13.75,65.25]]]},"properties":{"hvalue":1.15,"color":"#E2EBF5"}},{"type":"Feature","geometry":{"type":"Polygon","coordinates":[[[-23.0,66.0],[-23.25,66.25],[-23.716,66.25],[-22.75,66.585],[-21.5,66.766],[-20.841,66.75],[-20.5,66.442],[-19.75,66.61],[-19.0,66.603],[-17.75,66.817],[-16.5,66.859],[-15.0,66.667],[-14.506,66.5],[-14.226,66.25],[-13.909,65.75],[-14.75,65.75],[-14.5,66.0],[-15.0,66.5],[-15.25,66.25],[-15.5,66.25],[-15.75,66.5],[-16.25,66.5],[-16.5,66.75],[-16.75,66.5],[-16.5,66.25],[-19.25,66.25],[-19.5,66.0],[-19.75,66.0],[-20.0,66.25],[-20.25,66.25],[-20.5,66.0],[-20.5,65.75],[-21.0,65.75],[-21.25,65.5],[-21.25,66.0],[-21.5,66.25],[-21.75,66.25],[-22.0,66.5],[-22.75,66.5],[-23.0,66.25],[-23.0,66.0]]]},"properties":{"hvalue":1.15,"color":"#E2EBF5"}},{"type":"Feature","geometry":{"type":"Polygon","coordinates":[[[-33.0,67.5],[-32.75,67.5],[-32.5,67.75],[-32.25,67.75],[-32.0,68.0],[-30.412,68.0],[-30.949,67.75],[-30.846,67.5],[-31.0,67.418],[-35.171,66.079],[-35.0,66.25],[-34.75,66.25],[-34.5,66.5],[-34.0,66.5],[-33.0,67.5]]]},"properties":{"hvalue":1.15,"color":"#E2EBF5"}},{"type":"Feature","geometry":{"type":"Polygon","coordinates":[[[-29.75,68.25],[-29.571,68.071],[-29.96,68.04],[-29.75,68.25]]]},"properties":{"hvalue":1.15,"color":"#E2EBF5"}},{"type":"Feature","geometry":{"type":"Polygon","coordinates":[[[-28.816,68.25],[-29.0,68.196],[-29.336,68.164],[-29.25,68.25],[-28.816,68.25]]]},"properties":{"hvalue":1.15,"color":"#E2EBF5"}},{"type":"Feature","geometry":{"type":"Polygon","coordinates":[[[-27.5,68.5],[-27.308,68.5],[-27.586,68.414],[-27.5,68.5]]]},"properties":{"hvalue":1.15,"color":"#E2EBF5"}},{"type":"Feature","geometry":{"type":"Polygon","coordinates":[[[-25.5,69.0],[-25.306,69.0],[-25.592,68.908],[-25.5,69.0]]]},"properties":{"hvalue":1.15,"color":"#E2EBF5"}},{"type":"Feature","geometry":{"type":"Polygon","coordinates":[[[-24.5,69.25],[-24.424,69.25],[-24.525,69.225],[-24.5,69.25]]]},"properties":{"hvalue":1.15,"color":"#E2EBF5"}},{"type":"Feature","geometry":{"type":"Polygon","coordinates":[[[18.5,-34.369],[18.359,-34.25],[18.247,-34.0],[18.25,-33.984],[18.5,-34.25],[18.75,-34.25],[18.863,-34.363],[18.5,-34.369]]]},"properties":{"hvalue":1.15,"color":"#E2EBF5"}},{"type":"Feature","geometry":{"type":"Polygon","coordinates":[[[18.13,-33.38],[18.25,-33.5],[18.25,-33.645],[18.173,-33.5],[18.13,-33.38]]]},"properties":{"hvalue":1.15,"color":"#E2EBF5"}},{"type":"Feature","geometry":{"type":"Polygon","coordinates":[[[18.25,-32.5],[17.783,-32.967],[17.77,-32.75],[18.139,-31.889],[18.25,-32.0],[18.25,-32.5]]]},"properties":{"hvalue":1.15,"color":"#E2EBF5"}},{"type":"Feature","geometry":{"type":"Polygon","coordinates":[[[14.5,-22.5],[14.5,-22.75],[14.424,-22.826],[14.425,-22.425],[14.5,-22.5]]]},"properties":{"hvalue":1.15,"color":"#E2EBF5"}},{"type":"Feature","geometry":{"type":"Polygon","coordinates":[[[11.75,-17.0],[11.63,-16.5],[11.75,-16.193],[11.75,-17.0]]]},"properties":{"hvalue":1.15,"color":"#E2EBF5"}},{"type":"Feature","geometry":{"type":"Polygon","coordinates":[[[11.733,-15.75],[11.91,-15.25],[12.0,-15.056],[12.0,-15.5],[11.75,-15.75],[11.75,-15.834],[11.733,-15.75]]]},"properties":{"hvalue":1.15,"color":"#E2EBF5"}},{"type":"Feature","geometry":{"type":"Polygon","coordinates":[[[12.028,-14.972],[12.25,-14.108],[12.25,-14.75],[12.028,-14.972]]]},"properties":{"hvalue":1.15,"color":"#E2EBF5"}},{"type":"Feature","geometry":{"type":"Polygon","coordinates":[[[12.661,-11.75],[12.522,-10.25],[12.25,-9.676],[12.117,-8.75],[12.192,-7.5],[11.962,-6.75],[11.75,-5.0],[11.508,-4.5],[11.75,-4.5],[11.75,-5.0],[12.0,-5.25],[12.0,-5.75],[12.25,-6.0],[12.25,-6.5],[12.75,-7.0],[12.75,-7.5],[13.0,-7.75],[13.0,-8.0],[13.25,-8.25],[13.25,-8.75],[13.0,-9.0],[13.0,-9.75],[13.25,-10.0],[13.25,-10.25],[13.75,-10.75],[13.75,-12.0],[13.5,-12.25],[13.5,-12.5],[13.25,-12.5],[12.5,-13.25],[12.5,-13.75],[12.264,-13.986],[12.333,-13.5],[12.576,-12.75],[12.661,-11.75]]]},"properties":{"hvalue":1.15,"color":"#E2EBF5"}},{"type":"Feature","geometry":{"type":"Polygon","coordinates":[[[10.87,-3.75],[11.0,-3.75],[11.0,-3.898],[10.87,-3.75]]]},"properties":{"hvalue":1.15,"color":"#E2EBF5"}},{"type":"Feature","geometry":{"type":"Polygon","coordinates":[[[9.959,-2.75],[10.0,-2.75],[10.0,-2.787],[9.959,-2.75]]]},"properties":{"hvalue":1.15,"color":"#E2EBF5"}},{"type":"Feature","geometry":{"type":"Polygon","coordinates":[[[6.731,1.75],[6.855,1.25],[6.927,0.323],[6.75,0.5],[6.5,0.5],[6.348,0.348],[6.5,2.08],[6.731,1.75]]]},"properties":{"hvalue":1.15,"color":"#E2EBF5"}},{"type":"Feature","geometry":{"type":"Polygon","coordinates":[[[8.514,1.5],[8.554,3.0],[8.75,3.0],[9.0,3.25],[9.0,3.5],[8.75,3.75],[8.288,3.288],[8.25,3.96],[8.0,4.078],[7.63,4.0],[7.5,3.873],[7.41,3.75],[7.627,3.0],[7.69,1.75],[7.25,1.383],[7.118,1.5],[7.0,2.76],[6.794,3.0],[6.803,3.75],[6.75,3.816],[6.25,3.8],[5.75,4.202],[5.281,4.75],[4.513,6.0],[4.177,6.25],[4.5,6.25],[5.0,5.75],[5.0,5.5],[5.25,5.25],[5.25,5.0],[5.5,4.75],[5.5,4.5],[5.75,4.25],[8.0,4.25],[8.25,4.5],[8.75,4.5],[8.75,4.25],[9.25,3.75],[9.5,4.0],[9.5,3.5],[9.75,3.25],[9.75,2.0],[9.5,1.75],[9.5,1.5],[9.25,1.25],[9.5,1.0],[9.5,0.75],[9.25,0.5],[9.5,0.25],[9.25,0.0],[9.25,-0.25],[8.75,-0.75],[8.75,-0.98],[8.585,-0.75],[8.651,0.75],[8.514,1.5]]]},"properties":{"hvalue":1.15,"color":"#E2EBF5"}},{"type":"Feature","geometry":{"type":"Polygon","coordinates":[[[1.0,6.0],[1.158,6.0],[1.0,5.85],[0.807,5.807],[1.0,6.0]]]},"properties":{"hvalue":1.15,"color":"#E2EBF5"}},{"type":"Feature","geometry":{"type":"Polygon","coordinates":[[[3.5,6.5],[3.741,6.259],[3.268,6.268],[3.5,6.5]]]},"properties":{"hvalue":1.15,"color":"#E2EBF5"}},{"type":"Feature","geometry":{"type":"Polygon","coordinates":[[[23.75,35.0],[24.454,35.0],[24.0,34.545],[23.75,34.644],[23.48,35.25],[23.5,35.389],[23.5,35.25],[23.75,35.0]]]},"properties":{"hvalue":1.15,"color":"#E2EBF5"}},{"type":"Feature","geometry":{"type":"Polygon","coordinates":[[[24.25,35.548],[24.35,35.5],[24.25,35.5],[24.25,35.548]]]},"properties":{"hvalue":1.15,"color":"#E2EBF5"}},{"type":"Feature","geometry":{"type":"Polygon","coordinates":[[[26.25,36.645],[26.436,36.5],[26.25,36.38],[26.142,36.5],[26.25,36.645]]]},"properties":{"hvalue":1.15,"color":"#E2EBF5"}},{"type":"Feature","geometry":{"type":"Polygon","coordinates":[[[25.615,36.865],[25.69,36.75],[25.575,36.5],[25.914,36.25],[25.75,36.032],[25.5,36.092],[25.364,36.25],[25.405,36.5],[25.166,37.0],[25.25,37.076],[25.5,36.75],[25.615,36.865]]]},"properties":{"hvalue":1.15,"color":"#E2EBF5"}},{"type":"Feature","geometry":{"type":"Polygon","coordinates":[[[23.75,37.75],[23.996,37.504],[23.75,37.115],[23.25,36.599],[23.175,36.325],[23.0,36.5],[23.25,36.75],[23.0,37.0],[23.0,37.25],[23.5,37.25],[23.75,37.5],[23.5,37.75],[23.75,37.75]]]},"properties":{"hvalue":1.15,"color":"#E2EBF5"}},{"type":"Feature","geometry":{"type":"Polygon","coordinates":[[[24.558,37.75],[24.183,37.5],[24.173,37.673],[24.25,37.75],[24.25,38.0],[24.558,37.75]]]},"properties":{"hvalue":1.15,"color":"#E2EBF5"}},{"type":"Feature","geometry":{"type":"Polygon","coordinates":[[[21.825,35.75],[21.177,35.5],[21.045,35.25],[21.075,34.25],[21.371,33.5],[21.5,33.349],[22.443,33.0],[21.5,33.0],[21.25,32.75],[20.75,32.75],[20.5,32.5],[20.25,32.5],[20.0,32.25],[20.0,32.0],[19.75,31.75],[19.75,31.5],[20.0,31.25],[20.0,30.75],[19.75,30.75],[19.5,30.5],[19.25,30.5],[19.0,30.25],[18.5,30.75],[18.25,30.75],[18.0,31.0],[17.75,31.0],[17.5,31.25],[16.0,31.25],[15.5,31.75],[15.5,32.25],[15.25,32.5],[14.75,32.5],[14.5,32.75],[14.0,32.75],[13.75,33.0],[12.0,33.0],[11.75,33.25],[11.25,33.25],[11.25,33.75],[11.0,34.0],[10.75,33.75],[10.75,33.5],[10.25,34.0],[10.25,34.25],[10.5,34.5],[10.75,34.5],[11.0,34.75],[11.0,35.0],[11.25,35.25],[11.25,35.5],[10.5,36.25],[10.75,36.25],[11.0,36.5],[11.0,36.75],[11.25,37.0],[11.0,37.25],[10.75,37.0],[10.25,37.0],[10.25,37.25],[10.0,37.5],[9.25,37.5],[8.75,37.0],[7.75,37.0],[7.5,37.25],[7.25,37.25],[7.0,37.0],[6.75,37.0],[6.5,37.25],[6.25,37.25],[6.0,37.0],[5.5,37.0],[5.25,36.75],[5.0,37.0],[3.0,37.0],[2.75,36.75],[1.5,36.75],[1.25,36.5],[0.75,36.5],[0.5,36.25],[0.25,36.25],[0.0,36.0],[-0.5,36.0],[-0.75,35.75],[-1.0,35.75],[-1.25,35.5],[-1.5,35.5],[-1.75,35.25],[-2.75,35.25],[-3.0,35.5],[-3.25,35.25],[-4.75,35.25],[-5.0,35.5],[-5.25,35.5],[-5.25,35.75],[-5.5,36.0],[-5.25,36.25],[-4.75,36.25],[-4.5,36.5],[-4.25,36.5],[-4.0,36.75],[-3.75,36.75],[-3.5,36.5],[-3.25,36.75],[-3.0,36.75],[-2.75,36.5],[-2.5,36.75],[-2.0,36.75],[-1.25,37.5],[-1.0,37.5],[-0.5,38.0],[-0.5,38.25],[-0.25,38.25],[0.25,38.75],[-0.25,39.25],[-0.25,39.5],[0.75,40.5],[0.75,40.75],[1.0,41.0],[1.75,41.0],[2.0,41.25],[2.25,41.25],[2.5,41.5],[2.75,41.5],[3.25,42.0],[3.25,42.75],[3.0,43.0],[3.25,43.0],[3.5,43.25],[3.75,43.25],[4.0,43.5],[4.25,43.25],[5.25,43.25],[5.5,43.0],[6.5,43.0],[7.0,43.5],[7.5,43.5],[7.75,43.75],[8.25,43.75],[8.5,44.0],[8.5,44.25],[9.25,44.25],[9.5,44.0],[10.0,44.0],[10.25,43.75],[10.25,43.5],[10.5,43.25],[10.0,42.75],[10.25,42.5],[10.5,42.75],[10.75,42.75],[11.25,42.25],[11.5,42.25],[12.0,41.75],[12.25,41.75],[12.75,41.25],[13.25,41.25],[13.5,41.0],[13.75,41.0],[14.0,40.75],[14.25,40.75],[14.5,40.5],[14.75,40.5],[14.75,40.25],[15.0,40.0],[15.25,40.0],[15.5,39.75],[15.75,39.75],[15.75,39.5],[16.0,39.25],[16.0,38.75],[15.75,38.5],[15.75,38.25],[15.5,38.0],[15.75,37.75],[16.0,37.75],[16.25,38.0],[16.25,38.25],[16.5,38.25],[16.75,38.5],[16.75,38.75],[17.0,38.75],[17.25,39.0],[17.25,39.25],[16.75,39.75],[16.5,39.75],[16.75,40.0],[16.75,40.25],[17.75,40.25],[18.25,39.75],[18.5,40.0],[18.5,40.25],[18.0,40.75],[17.75,40.75],[17.5,41.0],[17.25,41.0],[17.0,41.25],[16.75,41.25],[16.5,41.5],[16.0,41.5],[16.25,41.75],[16.0,42.0],[15.0,42.0],[14.75,42.25],[14.5,42.25],[14.0,42.75],[14.0,43.25],[13.5,43.75],[13.25,43.75],[13.0,44.0],[12.75,44.0],[12.25,44.5],[12.5,44.75],[12.5,45.25],[13.0,45.75],[13.5,45.75],[13.5,45.0],[13.75,44.75],[14.0,44.75],[14.25,45.0],[14.25,44.75],[14.5,44.5],[14.75,44.75],[14.75,44.5],[15.75,43.5],[16.0,43.5],[16.5,43.0],[16.75,43.0],[17.0,43.25],[17.0,43.0],[17.25,42.75],[17.5,42.75],[17.75,42.5],[18.25,42.5],[18.5,42.25],[18.75,42.25],[19.25,41.75],[19.5,41.75],[19.5,41.25],[19.25,41.0],[19.25,40.75],[19.5,40.5],[19.25,40.25],[19.5,40.0],[19.75,40.0],[19.5,39.75],[19.75,39.5],[20.0,39.5],[20.5,39.0],[20.75,39.0],[20.5,38.75],[20.75,38.5],[21.0,38.5],[21.25,38.25],[21.5,38.25],[21.25,38.0],[21.25,37.75],[21.5,37.5],[21.5,37.0],[21.75,36.75],[22.0,36.75],[22.25,36.75],[22.5,36.75],[22.75,36.75],[23.0,36.5],[22.75,36.25],[22.934,36.066],[22.75,35.96],[21.825,35.75]],[[15.25,38.25],[14.0,38.25],[13.75,38.0],[13.5,38.25],[12.75,38.25],[12.25,37.75],[12.5,37.5],[13.0,37.5],[13.25,37.25],[13.5,37.25],[13.75,37.0],[14.25,37.0],[14.75,36.5],[15.0,36.5],[15.5,37.0],[15.25,37.25],[15.25,37.75],[15.5,38.0],[15.25,38.25]],[[22.25,36.5],[22.5,36.25],[22.75,36.5],[22.5,36.75],[22.25,36.5]]]},"properties":{"hvalue":1.15,"color":"#E2EBF5"}},{"type":"Feature","geometry":{"type":"Polygon","coordinates":[[[26.75,39.0],[26.75,38.5],[26.5,38.75],[26.75,39.0]]]},"properties":{"hvalue":1.15,"color":"#E2EBF5"}},{"type":"Feature","geometry":{"type":"Polygon","coordinates":[[[26.25,38.5],[26.0,38.75],[25.941,38.691],[25.879,39.121],[26.0,39.0],[26.25,39.0],[26.5,38.75],[26.25,38.5]]]},"properties":{"hvalue":1.15,"color":"#E2EBF5"}},{"type":"Feature","geometry":{"type":"Polygon","coordinates":[[[23.0,38.75],[23.0,39.0],[23.25,38.75],[23.0,38.75]]]},"properties":{"hvalue":1.15,"color":"#E2EBF5"}},{"type":"Feature","geometry":{"type":"Polygon","coordinates":[[[26.5,39.5],[26.75,39.5],[26.5,39.25],[26.5,39.5]]]},"properties":{"hvalue":1.15,"color":"#E2EBF5"}},{"type":"Feature","geometry":{"type":"Polygon","coordinates":[[[25.918,39.418],[25.75,39.734],[25.5,39.678],[25.0,39.383],[24.5,39.423],[24.328,39.25],[24.245,39.0],[24.5,38.933],[24.647,38.75],[24.5,38.609],[24.25,38.671],[24.128,38.622],[24.0,38.75],[23.75,38.75],[23.25,39.25],[23.0,39.0],[23.0,39.25],[23.25,39.5],[22.75,40.0],[22.75,40.5],[23.5,39.75],[23.75,40.0],[23.5,40.25],[23.75,40.25],[24.25,40.75],[24.5,40.75],[24.75,40.75],[25.0,40.75],[25.25,40.75],[25.5,40.75],[26.0,40.75],[26.25,40.5],[26.0,40.25],[26.0,39.5],[25.918,39.418]],[[25.25,40.5],[25.5,40.25],[25.75,40.5],[25.5,40.75],[25.25,40.5]]]},"properties":{"hvalue":1.15,"color":"#E2EBF5"}},{"type":"Feature","geometry":{"type":"Polygon","coordinates":[[[-1.254,44.75],[-1.25,44.75],[-1.25,44.626],[-1.254,44.75]]]},"properties":{"hvalue":1.15,"color":"#E2EBF5"}},{"type":"Feature","geometry":{"type":"Polygon","coordinates":[[[14.25,45.25],[14.5,45.25],[14.25,45.0],[14.25,45.25]]]},"properties":{"hvalue":1.15,"color":"#E2EBF5"}},{"type":"Feature","geometry":{"type":"Polygon","coordinates":[[[-1.185,45.685],[-1.0,45.5],[-1.176,45.324],[-1.18,45.5],[-1.185,45.685]]]},"properties":{"hvalue":1.15,"color":"#E2EBF5"}},{"type":"Feature","geometry":{"type":"Polygon","coordinates":[[[-2.5,49.371],[-2.622,49.5],[-2.5,49.627],[-2.0,49.721],[-1.75,49.926],[0.0,49.934],[1.151,50.25],[1.394,50.394],[1.25,50.25],[1.25,50.0],[0.5,50.0],[0.0,49.5],[-1.25,49.5],[-1.5,49.75],[-1.75,49.75],[-2.0,49.5],[-1.75,49.25],[-1.75,48.75],[-2.75,48.75],[-2.9,48.9],[-2.25,48.895],[-1.921,49.0],[-2.25,49.303],[-2.5,49.371]]]},"properties":{"hvalue":1.15,"color":"#E2EBF5"}},{"type":"Feature","geometry":{"type":"Polygon","coordinates":[[[-3.5,50.5],[-1.25,50.5],[-1.0,50.75],[1.0,50.75],[1.5,51.25],[1.25,51.5],[1.0,51.5],[1.75,52.25],[1.75,52.75],[1.5,53.0],[0.25,53.0],[0.5,53.25],[0.25,53.5],[0.25,53.75],[0.0,54.0],[-0.25,54.0],[0.0,54.25],[-0.25,54.5],[-0.5,54.5],[-0.75,54.75],[-1.0,54.75],[-1.5,55.25],[-1.5,55.5],[-1.985,55.985],[-1.5,55.736],[-1.247,55.5],[-1.129,55.25],[-0.432,54.75],[0.5,54.135],[1.374,53.75],[1.5,53.612],[1.687,53.25],[2.101,52.75],[2.331,52.25],[2.332,52.0],[1.956,51.5],[2.0,51.411],[2.25,51.349],[3.0,51.496],[4.0,51.959],[4.0,51.75],[3.75,51.75],[3.5,51.5],[3.25,51.5],[3.0,51.25],[2.25,51.25],[2.0,51.0],[1.75,51.0],[1.5,50.75],[1.5,50.651],[0.5,50.563],[0.0,50.599],[-1.25,50.349],[-3.69,50.06],[-3.5,50.25],[-3.5,50.5]]]},"properties":{"hvalue":1.15,"color":"#E2EBF5"}},{"type":"Feature","geometry":{"type":"Polygon","coordinates":[[[6.25,53.667],[8.137,54.0],[8.25,54.09],[8.339,54.25],[8.107,54.75],[8.25,54.994],[8.278,55.25],[8.115,55.5],[8.146,55.604],[8.5,55.25],[8.5,55.0],[8.75,54.75],[8.75,54.5],[9.0,54.25],[9.0,54.0],[8.75,54.0],[8.25,53.5],[8.0,53.75],[7.25,53.75],[7.0,53.5],[7.0,53.25],[6.75,53.5],[5.75,53.5],[5.5,53.25],[5.5,53.0],[5.25,53.25],[5.0,53.25],[4.61,52.86],[4.625,53.0],[5.0,53.356],[6.25,53.667]]]},"properties":{"hvalue":1.15,"color":"#E2EBF5"}},{"type":"Feature","geometry":{"type":"Polygon","coordinates":[[[8.152,56.098],[8.25,56.0],[8.137,55.887],[8.15,56.0],[8.152,56.098]]]},"properties":{"hvalue":1.15,"color":"#E2EBF5"}},{"type":"Feature","geometry":{"type":"Polygon","coordinates":[[[21.25,57.064],[21.25,57.0],[21.168,56.918],[21.181,57.0],[21.25,57.064]]]},"properties":{"hvalue":1.15,"color":"#E2EBF5"}},{"type":"Feature","geometry":{"type":"Polygon","coordinates":[[[8.785,57.215],[9.25,57.372],[9.5,57.417],[9.5,57.25],[9.25,57.25],[9.0,57.0],[8.785,57.215]]]},"properties":{"hvalue":1.15,"color":"#E2EBF5"}},{"type":"Feature","geometry":{"type":"Polygon","coordinates":[[[22.25,58.0],[22.5,58.0],[22.75,58.25],[23.24,58.25],[23.294,58.0],[23.5,57.885],[24.0,57.827],[24.25,57.995],[24.25,57.25],[24.0,57.25],[23.75,57.0],[23.5,57.25],[23.25,57.25],[22.75,57.75],[22.032,57.75],[22.135,58.115],[22.25,58.0]]]},"properties":{"hvalue":1.15,"color":"#E2EBF5"}},{"type":"Feature","geometry":{"type":"Polygon","coordinates":[[[23.825,58.25],[24.5,58.25],[24.253,58.003],[24.0,58.086],[23.825,58.25]]]},"properties":{"hvalue":1.15,"color":"#E2EBF5"}},{"type":"Feature","geometry":{"type":"Polygon","coordinates":[[[8.94,58.25],[8.75,58.158],[8.337,58.087],[8.5,58.25],[8.94,58.25]]]},"properties":{"hvalue":1.15,"color":"#E2EBF5"}},{"type":"Feature","geometry":{"type":"Polygon","coordinates":[[[18.25,59.0],[18.5,59.0],[19.25,59.75],[18.5,60.5],[18.25,60.5],[18.0,60.75],[17.5,60.75],[17.25,61.0],[17.25,61.5],[17.5,61.75],[17.5,62.25],[17.75,62.25],[18.5,63.0],[18.97,63.0],[18.815,62.5],[18.013,62.0],[17.899,61.75],[17.912,61.5],[19.25,61.041],[20.5,61.037],[21.0,61.156],[21.25,61.327],[21.311,61.5],[21.277,61.973],[21.5,61.75],[21.5,61.5],[21.0,61.0],[21.5,60.5],[21.75,60.5],[22.363,59.887],[20.25,59.878],[19.92,60.0],[20.25,60.0],[20.5,60.25],[20.25,60.5],[19.5,60.5],[19.25,60.25],[19.5,60.0],[19.637,60.0],[19.404,59.5],[18.5,58.807],[18.273,58.75],[18.1,58.5],[18.25,58.244],[19.25,58.17],[19.404,58.0],[19.118,57.75],[19.113,57.5],[18.44,56.94],[19.0,57.5],[19.0,57.75],[18.75,58.0],[18.5,58.0],[18.0,57.5],[18.0,57.11],[17.75,57.16],[17.25,56.819],[16.993,56.5],[16.967,56.25],[17.5,55.88],[18.25,55.962],[19.25,55.916],[19.887,55.75],[20.25,55.74],[20.789,56.0],[21.0,56.567],[21.0,55.75],[21.25,55.5],[21.0,55.25],[21.25,55.0],[20.0,55.0],[19.75,54.75],[19.75,54.5],[18.75,54.5],[18.25,55.0],[17.75,55.0],[17.5,54.75],[16.75,54.75],[16.5,54.5],[16.25,54.5],[16.0,54.25],[15.0,54.25],[14.5,53.75],[14.25,53.75],[13.75,54.25],[13.5,54.25],[13.75,54.5],[13.5,54.75],[13.25,54.5],[12.25,54.5],[12.0,54.25],[11.75,54.25],[11.5,54.0],[11.0,54.0],[11.0,54.25],[10.75,54.5],[10.25,54.5],[10.25,54.75],[10.0,55.0],[10.25,55.0],[10.5,54.75],[10.75,55.0],[10.75,55.25],[10.25,55.75],[10.0,55.75],[10.25,56.0],[10.75,56.0],[11.0,56.25],[11.0,56.5],[10.75,56.75],[10.5,56.75],[10.5,57.0],[10.75,57.25],[10.75,57.5],[10.5,57.75],[10.329,57.75],[10.75,57.908],[11.25,57.976],[11.343,58.157],[11.75,57.75],[11.75,57.5],[12.75,56.5],[12.75,56.0],[12.5,56.25],[12.0,56.25],[11.75,56.0],[11.75,55.75],[11.5,56.0],[11.0,55.5],[11.5,55.0],[11.25,54.75],[11.5,54.5],[11.75,54.5],[12.5,55.25],[12.5,55.5],[12.75,55.75],[13.25,55.25],[14.25,55.25],[14.5,55.5],[14.25,55.75],[14.5,56.0],[16.0,56.0],[16.25,56.25],[16.25,56.5],[16.5,56.25],[16.75,56.5],[16.75,56.75],[16.5,57.0],[16.75,57.25],[16.75,57.75],[17.0,58.0],[17.0,58.5],[17.25,58.5],[17.5,58.75],[18.0,58.75],[18.25,59.0]],[[17.0,57.0],[17.25,57.25],[17.0,57.5],[16.75,57.25],[17.0,57.0]]]},"properties":{"hvalue":1.15,"color":"#E2EBF5"}},{"type":"Feature","geometry":{"type":"Polygon","coordinates":[[[23.5,58.5],[23.634,58.366],[23.5,58.393],[23.267,58.267],[23.5,58.5]]]},"properties":{"hvalue":1.15,"color":"#E2EBF5"}},{"type":"Feature","geometry":{"type":"Polygon","coordinates":[[[22.0,58.399],[21.922,58.5],[22.151,58.651],[22.0,58.5],[22.0,58.399]]]},"properties":{"hvalue":1.15,"color":"#E2EBF5"}},{"type":"Feature","geometry":{"type":"Polygon","coordinates":[[[9.5,58.75],[9.705,58.75],[9.459,58.5],[9.065,58.315],[9.5,58.75]]]},"properties":{"hvalue":1.15,"color":"#E2EBF5"}},{"type":"Feature","geometry":{"type":"Polygon","coordinates":[[[23.25,58.75],[23.5,58.75],[23.5,58.5],[23.25,58.75]]]},"properties":{"hvalue":1.15,"color":"#E2EBF5"}},{"type":"Feature","geometry":{"type":"Polygon","coordinates":[[[23.25,58.75],[23.0,58.75],[22.75,58.75],[23.0,59.0],[23.25,58.75]]]},"properties":{"hvalue":1.15,"color":"#E2EBF5"}},{"type":"Feature","geometry":{"type":"Polygon","coordinates":[[[22.36,59.0],[22.621,59.121],[22.5,59.0],[22.75,58.75],[22.337,58.75],[22.36,59.0]]]},"properties":{"hvalue":1.15,"color":"#E2EBF5"}},{"type":"Feature","geometry":{"type":"Polygon","coordinates":[[[10.89,59.0],[11.0,59.0],[11.0,58.935],[10.89,59.0]]]},"properties":{"hvalue":1.15,"color":"#E2EBF5"}},{"type":"Feature","geometry":{"type":"Polygon","coordinates":[[[10.5,59.25],[10.686,59.064],[10.295,59.045],[10.5,59.25]]]},"properties":{"hvalue":1.15,"color":"#E2EBF5"}},{"type":"Feature","geometry":{"type":"Polygon","coordinates":[[[5.5,59.054],[5.405,59.155],[5.5,59.25],[5.75,59.25],[5.5,59.054]]]},"properties":{"hvalue":1.15,"color":"#E2EBF5"}},{"type":"Feature","geometry":{"type":"Polygon","coordinates":[[[22.839,59.161],[23.5,59.396],[23.67,59.42],[23.5,59.25],[23.25,59.25],[23.0,59.0],[22.839,59.161]]]},"properties":{"hvalue":1.15,"color":"#E2EBF5"}},{"type":"Feature","geometry":{"type":"Polygon","coordinates":[[[22.75,60.0],[22.876,59.874],[22.627,59.877],[22.75,60.0]]]},"properties":{"hvalue":1.15,"color":"#E2EBF5"}},{"type":"Feature","geometry":{"type":"Polygon","coordinates":[[[24.25,60.0],[26.0,60.0],[26.25,60.25],[27.0,60.25],[27.25,60.5],[27.5,60.25],[27.75,60.5],[28.5,60.5],[28.5,60.282],[28.25,60.351],[27.527,60.25],[28.25,60.178],[28.528,60.222],[28.75,60.0],[28.5,60.0],[28.0,59.5],[27.0,59.5],[26.75,59.75],[25.5,59.75],[25.25,59.5],[24.083,59.5],[24.815,59.75],[24.147,59.897],[24.25,60.0]]]},"properties":{"hvalue":1.15,"color":"#E2EBF5"}},{"type":"Feature","geometry":{"type":"Polygon","coordinates":[[[-0.696,60.75],[-0.943,60.25],[-1.056,60.194],[-1.0,60.5],[-1.075,60.575],[-0.696,60.75]]]},"properties":{"hvalue":1.15,"color":"#E2EBF5"}},{"type":"Feature","geometry":{"type":"Polygon","coordinates":[[[4.971,61.529],[5.0,60.75],[4.854,60.604],[4.731,61.0],[4.971,61.529]]]},"properties":{"hvalue":1.15,"color":"#E2EBF5"}},{"type":"Feature","geometry":{"type":"Polygon","coordinates":[[[5.5,62.279],[5.536,62.286],[5.439,62.25],[5.5,62.279]]]},"properties":{"hvalue":1.15,"color":"#E2EBF5"}},{"type":"Feature","geometry":{"type":"Polygon","coordinates":[[[6.063,62.5],[6.457,62.707],[6.25,62.5],[6.063,62.5]]]},"properties":{"hvalue":1.15,"color":"#E2EBF5"}},{"type":"Feature","geometry":{"type":"Polygon","coordinates":[[[6.559,62.75],[6.862,62.862],[6.75,62.75],[6.559,62.75]]]},"properties":{"hvalue":1.15,"color":"#E2EBF5"}},{"type":"Feature","geometry":{"type":"Polygon","coordinates":[[[7.643,63.143],[7.5,63.0],[7.23,63.0],[7.5,63.121],[7.643,63.143]]]},"properties":{"hvalue":1.15,"color":"#E2EBF5"}},{"type":"Feature","geometry":{"type":"Polygon","coordinates":[[[19.25,63.25],[19.257,63.25],[19.21,63.21],[19.25,63.25]]]},"properties":{"hvalue":1.15,"color":"#E2EBF5"}},{"type":"Feature","geometry":{"type":"Polygon","coordinates":[[[19.75,63.5],[19.999,63.5],[19.589,63.339],[19.75,63.5]]]},"properties":{"hvalue":1.15,"color":"#E2EBF5"}},{"type":"Feature","geometry":{"type":"Polygon","coordinates":[[[8.0,63.25],[7.921,63.25],[8.137,63.5],[8.541,63.791],[8.0,63.25]]]},"properties":{"hvalue":1.15,"color":"#E2EBF5"}},{"type":"Feature","geometry":{"type":"Polygon","coordinates":[[[9.5,63.75],[9.0,63.75],[8.853,63.897],[9.25,64.089],[9.955,64.205],[9.5,63.75]]]},"properties":{"hvalue":1.15,"color":"#E2EBF5"}},{"type":"Feature","geometry":{"type":"Polygon","coordinates":[[[20.5,63.75],[20.75,63.75],[21.5,64.5],[21.25,64.75],[21.75,65.25],[22.0,65.25],[22.5,65.75],[22.75,65.75],[22.869,65.631],[22.5,65.39],[22.025,65.25],[21.761,65.0],[21.819,64.5],[21.511,64.25],[21.18,63.75],[21.25,63.642],[22.0,63.598],[22.489,63.739],[22.25,63.5],[21.75,63.5],[21.5,63.25],[21.25,63.5],[21.0,63.25],[21.25,63.0],[21.0,62.75],[21.0,62.662],[20.789,63.0],[20.883,63.25],[21.101,63.5],[20.75,63.618],[20.348,63.598],[20.5,63.75]]]},"properties":{"hvalue":1.15,"color":"#E2EBF5"}},{"type":"Feature","geometry":{"type":"Polygon","coordinates":[[[23.75,64.285],[23.79,64.29],[23.699,64.25],[23.75,64.285]]]},"properties":{"hvalue":1.15,"color":"#E2EBF5"}},{"type":"Feature","geometry":{"type":"Polygon","coordinates":[[[10.25,64.302],[10.321,64.321],[10.115,64.25],[10.25,64.302]]]},"properties":{"hvalue":1.15,"color":"#E2EBF5"}},{"type":"Feature","geometry":{"type":"Polygon","coordinates":[[[10.869,65.0],[11.0,65.108],[11.684,65.184],[11.25,64.75],[11.0,64.852],[10.869,65.0]]]},"properties":{"hvalue":1.15,"color":"#E2EBF5"}},{"type":"Feature","geometry":{"type":"Polygon","coordinates":[[[24.884,65.116],[25.165,65.25],[25.25,65.5],[25.25,65.0],[25.0,65.0],[24.884,65.116]]]},"properties":{"hvalue":1.15,"color":"#E2EBF5"}},{"type":"Feature","geometry":{"type":"Polygon","coordinates":[[[23.5,65.75],[23.75,65.75],[24.171,65.75],[23.75,65.693],[23.5,65.75]]]},"properties":{"hvalue":1.15,"color":"#E2EBF5"}},{"type":"Feature","geometry":{"type":"Polygon","coordinates":[[[13.0,66.25],[12.75,66.25],[12.5,66.0],[12.5,65.75],[12.25,65.75],[12.127,65.627],[12.021,65.75],[12.108,66.0],[12.469,66.25],[12.638,66.5],[12.842,66.592],[12.75,66.5],[13.0,66.25]]]},"properties":{"hvalue":1.15,"color":"#E2EBF5"}},{"type":"Feature","geometry":{"type":"Polygon","coordinates":[[[13.25,66.786],[13.352,66.852],[13.183,66.75],[13.25,66.786]]]},"properties":{"hvalue":1.15,"color":"#E2EBF5"}},{"type":"Feature","geometry":{"type":"Polygon","coordinates":[[[14.75,68.104],[14.36,68.11],[14.5,68.25],[14.317,68.433],[14.5,68.535],[14.75,68.25],[15.0,68.5],[15.25,68.5],[15.5,68.25],[15.25,68.0],[15.0,68.0],[14.75,67.75],[14.75,67.5],[14.5,67.5],[14.0,67.0],[14.0,67.14],[14.5,67.503],[14.898,68.0],[14.75,68.104]]]},"properties":{"hvalue":1.15,"color":"#E2EBF5"}},{"type":"Feature","geometry":{"type":"Polygon","coordinates":[[[13.25,68.0],[13.196,68.054],[13.5,68.079],[13.595,68.0],[13.165,67.915],[13.25,68.0]]]},"properties":{"hvalue":1.15,"color":"#E2EBF5"}},{"type":"Feature","geometry":{"type":"Polygon","coordinates":[[[15.318,69.182],[15.707,69.207],[15.5,69.0],[15.318,69.182]]]},"properties":{"hvalue":1.15,"color":"#E2EBF5"}},{"type":"Feature","geometry":{"type":"Polygon","coordinates":[[[16.875,69.5],[17.435,69.685],[17.0,69.25],[17.25,69.0],[17.0,69.0],[16.75,68.75],[16.5,69.0],[16.0,69.0],[15.788,69.212],[16.0,69.378],[16.875,69.5]]]},"properties":{"hvalue":1.15,"color":"#E2EBF5"}},{"type":"Feature","geometry":{"type":"Polygon","coordinates":[[[17.824,69.75],[18.25,69.898],[18.453,69.953],[18.25,69.75],[18.25,69.5],[18.0,69.75],[17.824,69.75]]]},"properties":{"hvalue":1.15,"color":"#E2EBF5"}},{"type":"Feature","geometry":{"type":"Polygon","coordinates":[[[18.589,70.0],[18.862,70.112],[18.75,70.0],[18.589,70.0]]]},"properties":{"hvalue":1.15,"color":"#E2EBF5"}},{"type":"Feature","geometry":{"type":"Polygon","coordinates":[[[25.25,70.5],[25.5,70.5],[25.25,70.25],[25.25,70.5]]]},"properties":{"hvalue":1.15,"color":"#E2EBF5"}},{"type":"Feature","geometry":{"type":"Polygon","coordinates":[[[20.192,70.442],[20.0,70.25],[20.25,70.0],[20.5,70.25],[20.304,70.446],[21.5,70.627],[22.5,70.93],[23.75,71.19],[25.498,71.248],[25.25,71.0],[24.5,71.0],[24.25,70.75],[23.5,70.75],[23.25,71.0],[22.75,70.5],[21.5,70.5],[21.25,70.25],[21.25,70.0],[21.0,70.25],[20.75,70.25],[20.5,70.0],[20.5,69.75],[20.25,69.75],[19.75,70.25],[19.079,70.25],[19.25,70.368],[20.192,70.442]]]},"properties":{"hvalue":1.15,"color":"#E2EBF5"}},{"type":"Feature","geometry":{"type":"Polygon","coordinates":[[[25.75,70.75],[25.75,71.0],[26.0,70.75],[25.75,70.75]]]},"properties":{"hvalue":1.15,"color":"#E2EBF5"}},{"type":"Feature","geometry":{"type":"Polygon","coordinates":[[[25.502,71.248],[25.975,71.225],[25.75,71.0],[25.502,71.248]]]},"properties":{"hvalue":1.15,"color":"#E2EBF5"}},{"type":"Feature","geometry":{"type":"Polygon","coordinates":[[[-20.75,83.0],[-24.5,83.0],[-24.75,83.25],[-25.5,83.25],[-25.75,83.5],[-26.25,83.5],[-26.5,83.75],[-39.25,83.75],[-39.5,83.5],[-41.75,83.5],[-42.0,83.25],[-47.0,83.25],[-47.5,82.75],[-48.25,82.75],[-48.5,83.0],[-49.0,83.0],[-49.25,82.75],[-49.75,82.75],[-50.0,82.5],[-51.75,82.5],[-52.0,82.25],[-51.75,82.0],[-52.0,82.0],[-52.25,82.25],[-53.0,82.25],[-53.25,82.5],[-53.5,82.25],[-53.75,82.25],[-54.0,82.5],[-54.25,82.25],[-54.0,82.0],[-54.25,81.75],[-54.5,82.0],[-54.5,82.25],[-54.75,82.5],[-55.75,82.5],[-56.0,82.25],[-56.25,82.5],[-56.5,82.5],[-56.75,82.25],[-59.75,82.25],[-60.0,82.0],[-61.5,82.0],[-61.25,82.25],[-61.5,82.5],[-62.0,82.5],[-62.25,82.75],[-63.5,82.75],[-63.75,83.0],[-66.0,83.0],[-66.25,82.75],[-66.5,82.75],[-66.75,83.0],[-68.75,83.0],[-69.0,83.25],[-73.0,83.25],[-73.25,83.0],[-74.0,83.0],[-74.25,83.25],[-77.5,83.25],[-77.75,83.0],[-81.0,83.0],[-81.25,82.75],[-82.25,82.75],[-82.5,82.5],[-82.25,82.25],[-82.75,82.25],[-83.0,82.5],[-85.5,82.5],[-85.75,82.25],[-86.0,82.25],[-86.25,82.5],[-86.5,82.25],[-88.75,82.25],[-89.0,82.0],[-91.5,82.0],[-92.0,81.5],[-91.75,81.25],[-91.25,81.25],[-91.0,81.5],[-90.5,81.5],[-90.25,81.25],[-89.75,81.25],[-89.75,81.0],[-89.5,80.75],[-89.75,80.5],[-90.25,80.5],[-90.5,80.75],[-90.75,80.75],[-91.0,81.0],[-91.75,81.0],[-92.0,81.25],[-92.25,81.25],[-92.5,81.5],[-94.25,81.5],[-94.5,81.25],[-95.0,81.25],[-95.25,81.0],[-95.0,80.75],[-96.0,80.75],[-96.25,80.5],[-96.0,80.25],[-96.25,80.25],[-96.5,80.0],[-96.5,79.75],[-96.25,79.5],[-95.5,79.5],[-95.25,79.25],[-94.0,79.25],[-94.25,79.0],[-94.0,78.75],[-93.75,78.75],[-93.5,78.5],[-92.5,78.5],[-92.5,78.25],[-92.25,78.0],[-89.75,78.0],[-89.5,78.25],[-89.25,78.25],[-89.0,78.0],[-88.75,78.0],[-88.5,78.25],[-88.5,78.5],[-87.5,78.5],[-87.75,78.25],[-87.5,78.0],[-88.0,78.0],[-88.25,77.75],[-87.75,77.25],[-88.75,77.25],[-88.891,77.109],[-89.25,77.051],[-89.933,77.067],[-89.5,77.5],[-89.75,77.75],[-91.0,77.914],[-91.5,77.848],[-91.61,77.75],[-91.642,77.5],[-92.0,77.442],[-93.237,77.0],[-95.0,77.0],[-95.25,77.25],[-93.75,77.25],[-93.25,77.75],[-93.5,78.0],[-93.75,77.75],[-94.0,78.0],[-94.25,77.75],[-94.5,78.0],[-94.75,77.75],[-94.75,78.0],[-95.25,78.5],[-96.0,78.5],[-96.25,78.75],[-97.25,78.75],[-97.5,79.0],[-98.0,79.0],[-98.5,78.5],[-98.0,78.0],[-97.75,78.25],[-97.25,77.75],[-96.25,77.75],[-96.25,77.5],[-96.0,77.25],[-96.25,77.25],[-96.75,76.75],[-96.25,76.25],[-93.0,76.25],[-92.75,76.0],[-92.5,76.0],[-92.255,75.755],[-92.75,75.844],[-93.557,75.75],[-93.629,75.5],[-93.226,75.25],[-93.15,74.75],[-93.25,74.537],[-93.5,74.31],[-96.401,74.25],[-96.308,73.75],[-96.554,73.5],[-96.511,73.25],[-97.0,73.25],[-97.25,73.0],[-97.5,73.0],[-97.75,73.25],[-97.5,73.25],[-97.0,73.75],[-97.25,74.0],[-97.5,74.0],[-97.75,74.25],[-98.5,74.25],[-98.75,74.0],[-98.75,73.75],[-99.25,73.75],[-99.5,74.0],[-100.75,74.0],[-101.0,73.75],[-101.25,73.75],[-101.5,73.5],[-101.25,73.25],[-100.5,73.25],[-100.25,73.0],[-100.5,73.0],[-100.75,72.75],[-101.25,72.75],[-101.5,73.0],[-101.75,73.0],[-102.0,73.25],[-102.5,73.25],[-103.0,72.75],[-102.75,72.5],[-102.0,72.5],[-101.75,72.25],[-101.0,72.25],[-100.75,72.0],[-100.5,72.0],[-100.25,71.75],[-99.75,71.75],[-99.25,71.25],[-98.5,71.25],[-98.25,71.5],[-97.0,71.5],[-96.75,71.75],[-96.5,71.75],[-96.25,72.0],[-96.25,72.5],[-96.5,72.75],[-96.25,73.0],[-96.487,73.237],[-96.25,73.137],[-95.75,73.155],[-95.75,72.75],[-95.5,72.5],[-95.25,72.5],[-95.25,72.0],[-95.5,71.75],[-95.75,71.75],[-96.0,71.5],[-96.25,71.5],[-96.5,71.25],[-96.5,71.0],[-96.75,70.75],[-96.5,70.5],[-96.25,70.5],[-96.5,70.25],[-96.5,70.0],[-96.25,69.75],[-96.5,69.75],[-96.75,69.5],[-97.0,69.75],[-97.5,69.75],[-97.75,70.0],[-98.0,70.0],[-98.25,69.75],[-98.5,69.75],[-98.75,69.5],[-98.75,69.25],[-99.25,69.25],[-99.5,69.0],[-99.25,68.75],[-98.5,68.75],[-98.25,68.5],[-98.75,68.0],[-101.25,68.0],[-101.5,67.75],[-101.75,68.0],[-103.0,68.0],[-103.25,68.25],[-104.25,68.25],[-104.25,68.5],[-104.5,68.75],[-102.25,68.75],[-102.0,68.5],[-101.75,68.5],[-101.5,68.75],[-101.75,69.0],[-102.0,69.0],[-101.75,69.25],[-102.0,69.5],[-102.75,69.5],[-102.5,69.75],[-102.0,69.75],[-101.75,69.5],[-101.5,69.5],[-101.25,69.25],[-100.5,70.0],[-100.75,70.25],[-101.5,70.25],[-101.75,70.5],[-102.5,70.5],[-102.75,70.75],[-103.75,70.75],[-104.0,71.0],[-104.5,71.0],[-104.25,71.25],[-104.25,71.75],[-105.25,72.75],[-105.0,73.0],[-104.75,73.0],[-104.25,73.5],[-104.5,73.75],[-106.75,73.75],[-107.0,73.5],[-107.25,73.5],[-107.5,73.25],[-107.75,73.5],[-108.25,73.0],[-108.25,72.75],[-107.75,72.25],[-107.75,71.75],[-108.0,71.75],[-108.25,72.0],[-108.5,72.0],[-108.25,72.25],[-108.75,72.75],[-109.0,72.75],[-109.25,73.0],[-109.75,73.0],[-110.0,72.75],[-110.0,72.5],[-110.25,72.75],[-110.75,72.75],[-111.0,72.5],[-111.5,72.5],[-111.25,72.75],[-111.5,73.0],[-113.5,73.0],[-113.75,72.75],[-114.0,72.75],[-113.75,73.0],[-113.75,73.25],[-114.0,73.5],[-115.0,73.5],[-115.25,73.25],[-115.5,73.25],[-115.25,73.5],[-115.5,73.75],[-115.75,73.75],[-116.0,74.0],[-116.5,74.0],[-116.75,74.25],[-120.0,74.25],[-120.25,74.5],[-120.75,74.5],[-121.0,74.75],[-122.0,74.75],[-122.25,74.5],[-124.5,74.5],[-124.75,74.25],[-124.25,73.75],[-124.0,73.75],[-124.25,73.5],[-124.5,73.5],[-124.75,73.25],[-124.75,73.0],[-125.0,73.0],[-125.25,72.75],[-125.25,72.5],[-125.5,72.5],[-126.0,72.0],[-125.75,71.75],[-124.5,71.75],[-124.25,71.5],[-124.0,71.5],[-123.75,71.25],[-123.5,71.25],[-123.25,71.0],[-122.5,71.0],[-122.25,71.25],[-120.75,71.25],[-120.5,71.5],[-120.5,71.75],[-120.25,72.0],[-120.0,72.0],[-119.75,72.25],[-119.5,72.25],[-119.25,72.5],[-118.75,72.5],[-118.5,72.75],[-118.25,72.75],[-118.5,72.5],[-118.25,72.25],[-118.75,72.25],[-119.25,71.75],[-119.0,71.5],[-118.25,71.5],[-118.0,71.25],[-118.25,71.25],[-118.5,71.0],[-118.0,70.5],[-115.25,70.5],[-115.5,70.25],[-117.0,70.25],[-117.5,69.75],[-117.25,69.5],[-116.75,69.5],[-116.5,69.25],[-115.5,69.25],[-115.25,69.0],[-117.75,69.0],[-118.0,69.25],[-118.5,69.25],[-118.75,69.5],[-119.0,69.25],[-119.25,69.5],[-120.5,69.5],[-120.75,69.75],[-121.5,69.75],[-121.75,70.0],[-123.0,70.0],[-123.5,69.5],[-124.5,69.5],[-124.25,69.75],[-124.25,70.0],[-124.5,70.25],[-125.0,70.25],[-125.5,69.75],[-125.5,69.5],[-126.25,69.5],[-126.5,69.75],[-126.75,69.75],[-126.75,70.0],[-127.25,70.5],[-127.75,70.5],[-128.0,70.75],[-128.25,70.5],[-128.25,70.25],[-128.75,69.75],[-129.0,70.0],[-129.5,70.0],[-129.75,70.25],[-130.75,70.25],[-131.0,70.0],[-131.75,70.0],[-132.0,69.75],[-133.0,69.75],[-133.25,69.5],[-133.75,69.5],[-134.0,69.75],[-134.5,69.75],[-134.75,69.5],[-135.0,69.5],[-135.25,69.75],[-135.5,69.5],[-135.75,69.5],[-136.0,69.25],[-136.0,69.0],[-137.25,69.0],[-137.5,69.25],[-138.5,69.25],[-138.75,69.5],[-139.0,69.5],[-139.25,69.75],[-141.5,69.75],[-141.75,70.0],[-142.25,70.0],[-142.5,70.25],[-144.5,70.25],[-144.75,70.0],[-145.0,70.25],[-147.75,70.25],[-148.0,70.5],[-149.0,70.5],[-149.25,70.75],[-149.75,70.75],[-150.0,70.5],[-150.5,70.5],[-150.75,70.75],[-151.0,70.5],[-151.75,70.5],[-152.0,70.75],[-152.25,70.75],[-152.5,71.0],[-154.5,71.0],[-154.75,71.25],[-155.25,71.25],[-155.5,71.0],[-155.75,71.0],[-156.0,71.25],[-156.25,71.25],[-156.5,71.5],[-156.75,71.5],[-157.25,71.0],[-157.5,71.25],[-157.75,71.0],[-159.75,71.0],[-160.0,70.75],[-160.25,70.75],[-160.5,70.5],[-161.0,70.5],[-161.25,70.25],[-162.25,70.25],[-162.5,70.0],[-162.75,70.0],[-163.5,69.25],[-164.0,69.25],[-164.25,69.0],[-166.0,69.0],[-166.25,68.75],[-166.25,68.25],[-166.0,68.0],[-165.5,68.0],[-165.25,67.75],[-164.5,67.75],[-164.25,67.5],[-164.0,67.5],[-163.5,67.0],[-162.75,67.0],[-162.25,66.5],[-162.0,66.75],[-162.0,66.5],[-161.75,66.25],[-163.75,66.25],[-163.75,66.5],[-164.0,66.75],[-164.5,66.75],[-164.75,66.5],[-165.75,66.5],[-166.0,66.25],[-166.75,66.25],[-167.0,66.0],[-167.25,66.0],[-167.75,65.5],[-167.5,65.25],[-166.5,65.25],[-166.75,65.0],[-166.25,64.5],[-165.5,64.5],[-165.25,64.25],[-164.75,64.25],[-164.5,64.5],[-163.5,64.5],[-163.25,64.25],[-163.0,64.5],[-162.75,64.25],[-162.5,64.25],[-162.25,64.5],[-162.0,64.5],[-161.75,64.75],[-161.25,64.75],[-161.5,64.5],[-161.0,64.0],[-161.0,63.75],[-161.25,63.5],[-162.5,63.5],[-162.75,63.25],[-164.5,63.25],[-165.5,62.25],[-165.75,62.25],[-166.25,61.75],[-165.5,61.0],[-165.25,61.0],[-165.0,60.75],[-165.25,60.5],[-165.0,60.25],[-164.75,60.25],[-164.5,60.0],[-164.25,60.0],[-164.0,59.75],[-162.75,59.75],[-162.5,60.0],[-162.25,60.0],[-162.0,59.75],[-162.0,59.25],[-161.75,59.0],[-162.0,58.75],[-161.75,58.5],[-161.5,58.5],[-161.25,58.75],[-159.5,58.75],[-159.105,58.355],[-159.75,58.372],[-161.75,57.922],[-164.0,57.881],[-167.25,58.213],[-169.0,58.205],[-170.0,58.053],[-170.75,58.375],[-173.0,58.31],[-173.75,58.082],[-174.75,57.973],[-176.75,57.438],[-178.25,57.394],[-179.25,57.206],[-180.0,57.155],[-180.0,65.0],[-179.75,65.0],[-179.25,65.5],[-179.75,66.0],[-179.5,66.0],[-179.25,66.25],[-178.25,65.25],[-177.5,65.25],[-177.25,65.5],[-176.5,65.5],[-176.25,65.25],[-176.0,65.25],[-176.0,65.0],[-175.75,64.75],[-175.5,64.75],[-175.25,64.5],[-174.0,64.5],[-173.75,64.25],[-172.5,64.25],[-172.0,64.75],[-172.0,65.0],[-172.25,65.25],[-172.0,65.5],[-170.75,65.5],[-170.0,66.25],[-170.25,66.5],[-170.75,66.5],[-171.0,66.75],[-171.25,66.75],[-171.5,67.0],[-172.25,67.0],[-172.5,67.25],[-174.0,67.25],[-174.25,67.0],[-174.0,66.75],[-174.0,66.5],[-174.5,66.5],[-174.75,66.75],[-174.75,67.25],[-175.25,67.75],[-175.5,67.75],[-175.75,68.0],[-176.5,68.0],[-176.75,68.25],[-177.25,68.25],[-177.5,68.5],[-178.5,68.5],[-179.0,69.0],[-180.0,69.0],[-180.0,71.0],[-179.75,70.75],[-178.75,70.75],[-178.5,71.0],[-178.25,70.75],[-178.0,70.75],[-177.5,71.25],[-177.75,71.5],[-178.25,71.5],[-178.5,71.75],[-179.75,71.75],[-180.0,71.5],[-180.0,86.75],[179.75,86.75],[179.75,71.5],[179.25,71.5],[179.0,71.25],[178.75,71.25],[178.5,71.0],[178.75,70.75],[179.75,70.75],[179.75,69.25],[179.5,69.5],[179.25,69.25],[179.0,69.5],[178.25,69.5],[178.0,69.75],[176.5,69.75],[176.25,70.0],[172.25,70.0],[172.0,70.25],[170.75,70.25],[170.5,70.0],[170.5,69.5],[170.75,69.25],[170.75,69.0],[169.5,69.0],[169.25,69.25],[168.5,69.25],[168.5,69.5],[169.25,69.5],[169.5,69.75],[169.25,70.0],[168.75,70.0],[168.5,70.25],[168.25,70.0],[168.0,70.0],[167.75,69.75],[167.25,69.75],[167.0,69.5],[166.5,69.5],[166.25,69.75],[162.0,69.75],[161.75,69.5],[161.5,69.75],[161.25,69.5],[161.0,69.75],[160.0,69.75],[160.0,70.25],[160.25,70.5],[160.0,70.75],[159.5,70.75],[159.25,71.0],[158.75,71.0],[158.5,71.25],[158.25,71.0],[158.0,71.0],[157.75,71.25],[155.25,71.25],[155.0,71.0],[154.75,71.25],[154.5,71.0],[152.0,71.0],[151.5,71.5],[150.75,71.5],[150.5,71.75],[150.0,71.75],[150.25,72.0],[150.0,72.25],[149.25,72.25],[149.0,72.5],[145.75,72.5],[145.5,72.75],[142.25,72.75],[142.0,73.0],[142.25,73.25],[142.5,73.0],[143.25,73.0],[143.75,73.5],[143.5,73.75],[142.75,73.75],[142.5,74.0],[141.25,74.0],[141.0,74.25],[140.25,74.25],[140.0,74.0],[140.25,73.75],[140.75,73.75],[140.5,73.5],[140.75,73.25],[141.5,73.25],[141.75,73.0],[141.0,73.0],[140.5,72.5],[139.25,72.5],[139.0,72.25],[139.25,72.0],[139.5,72.0],[139.75,71.75],[139.5,71.5],[139.25,71.5],[139.0,71.75],[137.0,71.75],[136.75,71.5],[136.5,71.75],[135.0,71.75],[134.75,71.5],[133.5,71.5],[133.25,71.75],[133.0,71.75],[132.75,72.0],[132.5,72.0],[132.25,71.75],[132.25,71.5],[131.75,71.0],[131.5,71.0],[131.25,70.75],[131.0,70.75],[130.75,71.0],[130.5,71.0],[130.25,71.25],[129.75,71.25],[129.5,71.5],[129.5,71.75],[129.25,72.0],[129.5,72.25],[129.25,72.5],[129.5,72.75],[129.5,73.0],[129.25,73.25],[128.75,73.25],[128.5,73.5],[126.5,73.5],[126.25,73.75],[126.0,73.75],[125.75,73.5],[125.5,73.75],[123.5,73.75],[123.25,73.5],[123.25,73.0],[120.25,73.0],[120.0,73.25],[118.75,73.25],[119.0,73.5],[118.75,73.75],[113.75,73.75],[113.5,73.5],[113.25,73.5],[113.5,73.75],[113.25,74.0],[113.5,74.0],[113.715,74.215],[114.5,74.186],[114.981,74.25],[115.513,74.5],[115.614,74.75],[115.75,74.836],[116.184,75.0],[116.272,75.25],[116.0,75.592],[115.75,75.669],[114.75,75.525],[114.266,75.25],[113.937,75.187],[114.0,75.25],[113.75,75.5],[113.75,76.0],[113.5,76.25],[112.75,76.25],[113.0,76.5],[112.776,76.724],[113.532,76.75],[114.966,77.0],[115.107,77.5],[115.057,77.75],[114.779,78.0],[113.0,78.643],[111.75,78.893],[110.0,79.086],[108.5,79.137],[107.257,79.0],[107.461,78.5],[108.011,78.25],[107.956,78.0],[108.21,77.75],[109.27,77.25],[110.489,76.989],[110.25,76.75],[107.75,76.75],[107.5,76.5],[107.0,76.5],[107.0,77.0],[106.75,77.25],[106.0,77.25],[106.25,77.5],[106.0,77.75],[102.75,77.75],[102.5,77.5],[102.0,77.5],[101.75,77.25],[101.25,77.25],[100.75,76.75],[100.75,76.5],[99.75,76.5],[99.5,76.25],[98.0,76.25],[97.75,76.0],[97.5,76.0],[97.25,76.25],[97.0,76.25],[96.75,76.5],[95.25,76.5],[95.0,76.25],[93.5,76.25],[93.25,76.0],[93.0,76.25],[92.75,76.0],[92.5,76.0],[92.25,75.75],[90.0,75.75],[89.75,75.5],[88.75,75.5],[88.5,75.25],[88.0,75.25],[87.75,75.0],[87.0,75.0],[86.75,74.75],[86.5,75.0],[86.25,75.0],[86.0,74.75],[85.75,74.75],[85.5,75.0],[85.25,74.75],[85.25,74.5],[85.5,74.25],[86.0,74.25],[86.25,74.0],[85.5,74.0],[85.25,73.75],[85.0,73.75],[84.75,74.0],[84.5,73.75],[80.5,73.75],[80.25,73.5],[80.5,73.25],[80.5,73.0],[80.75,72.75],[80.75,72.5],[81.0,72.25],[82.0,72.25],[82.0,72.0],[81.0,72.0],[80.75,72.25],[80.25,72.25],[80.0,72.5],[79.75,72.5],[79.5,72.5],[79.25,72.5],[78.5,72.5],[78.25,72.75],[77.5,72.75],[77.25,72.5],[77.75,72.0],[77.0,72.0],[76.75,72.25],[76.5,72.0],[75.75,72.0],[75.5,72.25],[75.75,72.5],[75.25,73.0],[74.75,72.5],[75.0,72.25],[74.75,72.25],[74.5,72.0],[72.5,72.0],[72.75,72.25],[72.75,72.75],[72.5,73.0],[71.5,73.0],[71.739,73.239],[72.5,73.031],[75.609,73.609],[75.5,73.5],[75.75,73.25],[76.0,73.5],[75.792,73.708],[76.75,73.856],[78.5,74.304],[79.25,74.613],[80.25,74.758],[81.0,75.147],[81.889,75.75],[82.75,75.963],[83.817,76.0],[84.843,76.25],[85.166,76.5],[86.182,76.75],[86.449,77.0],[87.194,77.25],[89.495,77.495],[89.25,77.25],[89.5,77.0],[89.75,77.0],[90.0,77.25],[89.75,77.5],[89.586,77.5],[91.5,77.687],[97.75,77.911],[98.335,78.0],[98.32,78.25],[98.553,78.5],[92.75,78.971],[89.5,79.403],[88.25,79.452],[84.75,79.367],[81.0,79.108],[74.5,79.109],[68.5,78.852],[65.75,78.536],[61.748,77.75],[61.32,77.25],[62.573,77.0],[63.25,76.754],[64.0,76.734],[66.148,76.898],[66.0,76.75],[65.5,76.75],[65.25,76.5],[63.25,76.5],[63.0,76.25],[62.5,76.25],[62.25,76.5],[61.0,76.5],[60.75,76.25],[60.75,76.0],[60.5,76.25],[60.25,76.25],[60.0,76.0],[58.5,76.0],[58.25,75.75],[58.0,75.75],[57.75,75.5],[57.0,75.5],[56.75,75.25],[56.5,75.25],[56.25,75.0],[56.25,74.75],[56.0,74.75],[55.75,74.5],[55.5,74.5],[55.25,74.25],[55.038,74.25],[55.615,74.75],[55.758,75.0],[56.0,75.185],[56.344,75.25],[56.5,75.391],[56.903,75.5],[56.958,75.75],[55.75,76.189],[55.25,76.207],[52.75,76.005],[51.0,76.003],[47.25,75.628],[44.25,75.522],[42.75,75.616],[42.0,75.775],[40.25,77.028],[38.554,77.5],[38.25,77.693],[36.916,78.0],[42.0,78.615],[46.169,79.0],[50.56,79.75],[50.256,79.756],[50.5,80.0],[50.75,79.75],[51.0,80.0],[50.75,80.25],[51.0,80.5],[51.25,80.5],[51.5,80.75],[51.25,81.0],[50.463,81.0],[51.0,81.107],[54.203,81.203],[54.0,81.0],[54.25,80.75],[54.5,80.75],[54.75,80.5],[56.5,80.5],[56.25,80.25],[56.5,80.0],[58.0,80.0],[58.25,80.25],[58.0,80.5],[58.5,80.5],[59.0,81.0],[58.75,81.25],[58.5,81.25],[58.25,81.0],[57.75,81.0],[57.75,81.25],[58.0,81.5],[57.807,81.693],[58.051,81.699],[58.25,81.5],[58.75,81.5],[59.0,81.75],[58.853,81.897],[71.75,82.139],[73.5,82.028],[75.5,81.614],[77.0,81.605],[85.199,82.0],[88.416,82.5],[92.718,83.0],[91.25,83.07],[90.25,83.311],[84.25,83.65],[80.25,84.052],[77.5,84.184],[76.5,84.328],[73.5,84.397],[72.5,84.591],[67.0,84.227],[66.0,84.337],[63.25,84.421],[62.75,84.506],[61.25,84.455],[60.5,84.352],[55.858,84.25],[50.75,83.848],[45.75,83.315],[44.0,83.26],[43.25,83.113],[40.75,83.156],[39.0,83.022],[37.283,82.75],[36.829,82.5],[35.75,82.165],[34.75,82.088],[30.34,82.0],[29.25,81.804],[27.261,81.75],[26.0,81.544],[22.5,81.583],[16.902,81.25],[17.5,81.207],[17.676,81.0],[18.0,80.869],[18.5,80.831],[23.25,81.271],[25.75,81.163],[27.25,80.705],[27.527,80.5],[27.732,80.0],[27.532,79.75],[27.25,79.606],[26.783,79.5],[26.5,79.315],[25.846,79.25],[26.5,79.193],[28.0,79.38],[29.75,79.428],[32.205,79.25],[31.0,79.11],[30.5,78.857],[29.054,78.75],[31.906,78.5],[29.5,78.276],[23.5,77.284],[23.275,77.275],[23.5,77.5],[24.0,77.5],[24.25,77.75],[24.0,78.0],[23.5,78.0],[23.25,78.25],[22.0,78.25],[22.25,78.5],[22.0,78.75],[21.75,78.75],[21.5,79.0],[20.5,79.0],[20.25,79.25],[23.0,79.25],[23.25,79.0],[24.25,79.0],[24.5,79.25],[25.75,79.25],[26.0,79.5],[26.5,79.5],[26.75,79.75],[27.0,79.75],[27.25,80.0],[27.0,80.25],[25.0,80.25],[24.75,80.5],[23.75,80.5],[23.5,80.25],[23.0,80.25],[22.75,80.5],[22.5,80.5],[22.25,80.25],[21.25,80.25],[21.0,80.5],[19.25,80.5],[19.0,80.25],[18.5,80.25],[18.25,80.0],[18.5,79.75],[17.75,79.75],[17.5,80.0],[16.75,80.0],[16.5,80.25],[16.25,80.0],[16.0,80.0],[15.75,79.75],[15.75,79.5],[15.5,79.5],[15.25,79.75],[14.25,79.75],[14.0,80.0],[10.929,80.0],[12.25,80.564],[13.25,80.85],[15.0,81.137],[16.716,81.25],[15.5,81.291],[13.905,81.25],[12.677,81.0],[12.5,80.872],[8.75,80.815],[7.5,80.617],[5.0,80.512],[3.25,80.271],[2.75,80.063],[1.918,80.0],[1.682,79.75],[1.792,79.5],[1.655,79.25],[1.674,79.0],[1.5,78.832],[0.709,78.5],[0.529,78.25],[0.696,78.0],[0.569,77.75],[0.746,77.5],[0.789,77.25],[1.0,77.124],[1.75,77.138],[3.741,76.5],[4.278,76.25],[5.02,75.75],[5.257,75.5],[5.308,75.0],[4.991,74.75],[4.435,74.5],[2.439,73.75],[0.0,73.063],[-3.5,72.378],[-6.25,72.086],[-7.25,71.897],[-7.75,71.614],[-7.886,71.25],[-8.158,71.158],[-8.25,71.25],[-8.433,71.067],[-8.75,70.921],[-9.003,71.0],[-8.883,71.25],[-8.918,71.5],[-9.25,71.949],[-9.75,72.183],[-10.5,72.307],[-11.937,72.0],[-15.25,71.483],[-17.0,70.876],[-19.25,70.345],[-19.462,70.25],[-19.461,70.0],[-20.0,69.872],[-23.881,69.369],[-23.75,69.5],[-23.0,69.5],[-22.75,69.75],[-22.25,69.75],[-21.5,70.5],[-21.75,70.75],[-21.75,71.25],[-21.5,71.5],[-22.0,72.0],[-21.75,72.25],[-21.75,72.5],[-22.0,72.75],[-22.0,73.25],[-20.75,73.25],[-20.25,73.75],[-20.5,74.0],[-19.75,74.0],[-19.5,74.25],[-19.0,74.25],[-18.75,74.5],[-19.0,74.75],[-19.75,74.75],[-20.25,75.25],[-20.0,75.25],[-19.75,75.0],[-19.25,75.5],[-19.25,75.75],[-19.5,76.0],[-19.75,76.0],[-20.25,76.5],[-20.75,76.5],[-21.0,76.75],[-19.0,76.75],[-19.25,76.5],[-19.0,76.25],[-18.75,76.25],[-18.5,76.5],[-18.75,76.75],[-18.5,76.75],[-18.0,77.25],[-18.25,77.5],[-19.25,77.5],[-19.0,77.75],[-19.25,78.0],[-19.0,78.25],[-19.25,78.5],[-19.5,78.5],[-19.75,78.25],[-19.5,78.0],[-20.75,78.0],[-21.0,78.25],[-21.25,78.25],[-21.0,78.5],[-21.0,78.75],[-20.75,78.75],[-20.5,78.5],[-19.75,78.5],[-19.5,78.75],[-19.25,78.75],[-19.0,79.0],[-19.0,79.25],[-19.25,79.5],[-17.25,79.5],[-17.0,79.75],[-17.25,80.0],[-16.25,80.0],[-16.0,80.25],[-16.25,80.5],[-14.25,80.5],[-14.0,80.75],[-13.5,80.75],[-13.25,81.0],[-12.25,81.0],[-11.75,81.5],[-12.0,81.75],[-13.5,81.75],[-13.75,82.0],[-14.0,82.0],[-14.25,81.75],[-15.75,81.75],[-16.0,82.0],[-16.25,82.0],[-16.5,81.75],[-16.75,81.75],[-17.0,81.5],[-19.0,81.5],[-19.25,81.75],[-20.25,81.75],[-20.0,82.0],[-20.0,82.25],[-20.25,82.5],[-20.5,82.5],[-20.5,82.75],[-20.75,83.0]],[[79.5,72.75],[79.0,73.25],[78.75,73.0],[79.25,72.5],[79.5,72.75]],[[-19.25,81.75],[-18.75,81.75],[-18.5,82.0],[-18.75,82.25],[-19.25,82.25],[-19.5,82.0],[-19.25,81.75]]]},"properties":{"hvalue":1.15,"color":"#E2EBF5"}},{"type":"Feature","geometry":{"type":"Polygon","coordinates":[[[18.75,74.516],[18.869,74.5],[18.698,74.5],[18.75,74.516]]]},"properties":{"hvalue":1.15,"color":"#E2EBF5"}},{"type":"Feature","geometry":{"type":"Polygon","coordinates":[[[16.384,76.5],[16.739,76.5],[16.5,76.457],[16.384,76.5]]]},"properties":{"hvalue":1.15,"color":"#E2EBF5"}},{"type":"Feature","geometry":{"type":"Polygon","coordinates":[[[16.097,76.653],[15.679,76.75],[15.293,77.0],[15.5,77.0],[15.75,76.75],[16.0,76.75],[16.097,76.653]]]},"properties":{"hvalue":1.15,"color":"#E2EBF5"}},{"type":"Feature","geometry":{"type":"Polygon","coordinates":[[[22.717,77.283],[22.5,77.27],[22.06,77.31],[22.25,77.5],[22.5,77.5],[22.717,77.283]]]},"properties":{"hvalue":1.15,"color":"#E2EBF5"}},{"type":"Feature","geometry":{"type":"Polygon","coordinates":[[[18.25,78.0],[19.0,78.0],[19.25,78.25],[19.5,78.25],[19.75,78.5],[20.0,78.5],[20.25,78.25],[20.75,78.25],[21.0,78.0],[21.25,78.0],[21.25,77.75],[21.0,77.5],[21.112,77.388],[20.25,77.498],[19.5,77.439],[18.25,77.107],[17.5,76.739],[16.755,76.505],[17.0,76.75],[17.25,76.75],[17.75,77.25],[18.0,77.25],[18.5,77.75],[18.25,78.0]]]},"properties":{"hvalue":1.15,"color":"#E2EBF5"}},{"type":"Feature","geometry":{"type":"Polygon","coordinates":[[[14.0,77.319],[13.589,77.5],[13.495,77.75],[13.558,77.942],[13.75,77.75],[14.0,77.75],[14.0,77.319]]]},"properties":{"hvalue":1.15,"color":"#E2EBF5"}},{"type":"Feature","geometry":{"type":"Polygon","coordinates":[[[15.25,78.25],[15.0,78.25],[14.5,78.25],[14.75,78.5],[15.0,78.5],[15.25,78.25]]]},"properties":{"hvalue":1.15,"color":"#E2EBF5"}},{"type":"Feature","geometry":{"type":"Polygon","coordinates":[[[12.25,78.184],[11.32,78.32],[11.5,78.5],[11.5,78.75],[11.25,79.0],[11.75,79.0],[11.75,78.75],[12.0,78.5],[12.5,78.5],[12.747,78.253],[12.25,78.184]]]},"properties":{"hvalue":1.15,"color":"#E2EBF5"}},{"type":"Feature","geometry":{"type":"Polygon","coordinates":[[[10.84,78.84],[10.532,79.0],[11.033,79.217],[11.25,79.0],[11.0,79.0],[10.84,78.84]]]},"properties":{"hvalue":1.15,"color":"#E2EBF5"}},{"type":"Feature","geometry":{"type":"Polygon","coordinates":[[[20.25,79.25],[19.25,79.25],[18.75,79.25],[19.0,79.5],[20.0,79.5],[20.25,79.25]]]},"properties":{"hvalue":1.15,"color":"#E2EBF5"}},{"type":"Feature","geometry":{"type":"Polygon","coordinates":[[[-46.75,-77.75],[-47.0,-77.5],[-47.25,-77.75],[-47.75,-77.25],[-48.5,-77.25],[-48.75,-77.0],[-49.25,-77.0],[-49.5,-76.75],[-51.0,-76.75],[-51.25,-76.5],[-52.0,-76.5],[-52.25,-76.25],[-52.5,-76.25],[-52.75,-76.5],[-53.0,-76.5],[-53.5,-76.0],[-53.75,-76.0],[-54.0,-75.75],[-54.25,-76.0],[-54.5,-75.75],[-55.75,-75.75],[-56.0,-75.5],[-57.25,-75.5],[-57.5,-75.25],[-58.5,-75.25],[-58.75,-75.0],[-59.5,-75.0],[-59.75,-74.75],[-60.0,-74.75],[-59.75,-74.5],[-60.0,-74.25],[-59.75,-74.0],[-59.75,-73.75],[-60.0,-73.5],[-59.75,-73.25],[-59.75,-72.5],[-60.25,-72.0],[-60.0,-71.75],[-60.25,-71.5],[-60.5,-71.5],[-60.5,-70.75],[-60.25,-70.5],[-60.5,-70.25],[-60.0,-70.25],[-59.75,-70.0],[-59.75,-69.75],[-60.0,-69.5],[-59.75,-69.25],[-59.0,-69.25],[-58.75,-69.0],[-59.0,-68.75],[-59.0,-68.5],[-59.5,-68.0],[-59.75,-68.25],[-60.0,-68.25],[-60.0,-68.0],[-59.75,-67.75],[-60.0,-67.5],[-60.0,-67.0],[-60.25,-66.75],[-60.25,-66.0],[-60.5,-65.75],[-60.75,-65.75],[-61.0,-65.5],[-61.75,-65.5],[-61.75,-65.25],[-60.25,-65.25],[-60.0,-65.0],[-60.25,-64.75],[-60.0,-64.75],[-59.75,-64.5],[-59.5,-64.75],[-59.25,-64.5],[-59.0,-64.5],[-58.75,-64.75],[-58.5,-64.5],[-58.75,-64.25],[-58.5,-64.0],[-58.0,-64.5],[-57.75,-64.5],[-57.5,-64.75],[-57.25,-64.75],[-57.0,-64.5],[-57.0,-64.25],[-57.5,-63.75],[-57.0,-63.75],[-56.75,-63.5],[-57.0,-63.25],[-58.217,-63.25],[-57.534,-63.0],[-57.738,-62.75],[-57.709,-62.5],[-57.5,-62.37],[-54.101,-61.75],[-54.686,-61.5],[-55.722,-61.5],[-55.25,-61.463],[-55.205,-61.25],[-55.0,-61.146],[-54.0,-61.145],[-53.0,-61.289],[-50.75,-61.045],[-48.893,-60.5],[-47.5,-60.36],[-45.7,-60.0],[-42.75,-59.557],[-41.663,-59.0],[-41.0,-58.768],[-39.5,-58.575],[-39.25,-58.652],[-38.75,-58.651],[-38.113,-58.5],[-36.75,-57.975],[-35.0,-57.828],[-32.75,-57.46],[-31.25,-57.42],[-30.809,-57.25],[-30.099,-56.5],[-30.011,-56.25],[-29.97,-55.5],[-29.752,-55.25],[-29.25,-55.165],[-27.75,-55.277],[-27.027,-55.5],[-26.75,-55.615],[-26.25,-56.096],[-25.25,-56.479],[-24.75,-56.913],[-24.25,-56.93],[-23.5,-56.809],[-22.25,-57.017],[-22.0,-56.99],[-21.5,-56.699],[-21.25,-56.682],[-19.75,-56.998],[-19.25,-57.41],[-18.75,-57.572],[-17.25,-57.662],[-16.0,-57.946],[-15.25,-57.989],[-14.75,-57.934],[-13.5,-58.125],[-12.25,-58.061],[-10.0,-57.715],[-8.5,-57.812],[-6.75,-57.525],[-3.5,-57.438],[-1.75,-57.29],[-0.75,-57.339],[1.0,-56.98],[1.5,-56.801],[2.25,-56.93],[3.25,-57.244],[4.5,-57.318],[6.25,-57.091],[8.75,-57.02],[11.0,-56.586],[11.5,-56.559],[12.75,-56.712],[13.0,-56.805],[13.5,-57.244],[14.5,-57.585],[16.0,-57.742],[17.25,-58.045],[18.25,-58.111],[19.959,-58.5],[20.5,-58.745],[21.25,-58.937],[21.75,-59.375],[22.818,-59.75],[23.5,-60.209],[24.0,-60.293],[25.5,-60.289],[26.0,-60.642],[26.75,-60.878],[27.0,-61.189],[27.5,-61.394],[28.0,-61.39],[28.75,-61.202],[30.75,-61.041],[32.25,-61.402],[34.25,-61.593],[38.5,-61.392],[39.17,-61.5],[39.5,-61.742],[39.75,-61.798],[44.0,-62.145],[45.75,-62.181],[48.25,-62.545],[50.0,-62.672],[51.0,-62.566],[52.0,-62.217],[52.75,-62.101],[53.25,-62.133],[54.25,-62.54],[54.75,-62.611],[56.5,-62.15],[57.75,-62.362],[58.75,-62.212],[61.0,-62.198],[62.25,-62.095],[65.25,-62.208],[67.75,-62.181],[70.208,-61.75],[72.25,-61.504],[75.25,-60.852],[77.75,-60.615],[80.0,-60.203],[81.0,-60.133],[84.5,-60.493],[85.5,-61.157],[86.5,-61.59],[88.75,-61.966],[90.75,-62.185],[92.0,-62.224],[94.0,-62.049],[98.0,-62.057],[98.75,-62.125],[100.25,-62.478],[104.25,-62.497],[111.75,-63.578],[113.0,-63.664],[115.0,-63.615],[116.0,-63.684],[117.75,-64.148],[119.75,-64.5],[122.25,-65.105],[125.75,-65.12],[129.62,-65.75],[130.588,-66.0],[130.5,-66.0],[130.25,-66.25],[130.0,-66.25],[129.75,-66.5],[129.75,-66.75],[129.5,-67.0],[128.25,-67.0],[128.0,-66.75],[127.5,-66.75],[127.5,-66.5],[127.25,-66.25],[125.75,-66.25],[125.5,-66.5],[125.0,-66.5],[125.0,-66.25],[124.75,-66.0],[124.25,-66.5],[123.75,-66.5],[123.5,-66.75],[122.5,-66.75],[122.25,-66.5],[121.5,-66.5],[121.25,-66.75],[116.5,-66.75],[116.25,-66.5],[115.0,-66.5],[114.75,-66.25],[114.5,-66.25],[114.25,-66.0],[114.0,-66.0],[113.75,-65.75],[111.5,-65.75],[111.25,-66.0],[110.75,-66.0],[110.25,-66.5],[109.5,-66.5],[109.25,-66.75],[109.14,-66.75],[109.43,-66.5],[109.0,-66.377],[108.5,-66.359],[108.25,-66.368],[107.928,-66.5],[107.106,-66.5],[106.75,-66.25],[105.726,-66.226],[105.5,-66.0],[105.0,-66.0],[105.25,-65.75],[105.0,-65.5],[103.5,-65.5],[103.5,-65.25],[103.25,-65.0],[103.0,-65.0],[102.75,-65.25],[103.0,-65.5],[102.5,-65.5],[102.326,-65.674],[102.115,-65.75],[102.0,-65.75],[101.75,-65.5],[101.25,-65.5],[101.0,-65.25],[100.5,-65.25],[100.25,-65.5],[99.75,-65.5],[99.5,-65.75],[99.25,-65.75],[99.0,-65.5],[98.0,-65.5],[97.75,-65.25],[97.25,-65.25],[97.0,-65.0],[96.5,-65.0],[96.25,-64.75],[95.75,-64.75],[95.25,-65.25],[95.25,-65.448],[94.25,-65.649],[93.5,-65.879],[93.325,-66.0],[94.117,-66.5],[90.5,-66.5],[90.25,-66.75],[89.0,-66.75],[88.75,-66.5],[87.75,-66.5],[87.5,-66.25],[85.5,-66.25],[85.25,-66.5],[84.0,-66.5],[83.75,-66.75],[83.75,-67.0],[83.25,-67.0],[83.0,-67.25],[81.25,-67.25],[81.0,-67.5],[81.25,-67.75],[80.0,-67.74],[79.75,-68.0],[79.0,-68.0],[78.75,-68.25],[78.25,-68.25],[77.75,-68.75],[77.75,-69.0],[77.0,-69.0],[76.75,-69.25],[76.0,-69.25],[75.75,-69.5],[74.25,-69.5],[74.25,-69.25],[74.0,-69.0],[73.75,-69.0],[73.5,-68.75],[73.0,-68.75],[72.75,-68.5],[71.75,-68.5],[71.75,-68.25],[71.25,-67.75],[66.0,-67.75],[65.75,-67.5],[64.25,-67.5],[64.0,-67.25],[63.25,-67.25],[63.0,-67.5],[61.75,-67.5],[61.5,-67.25],[59.25,-67.25],[59.0,-67.0],[57.25,-67.0],[57.0,-66.75],[57.25,-66.5],[57.0,-66.25],[56.25,-66.25],[56.0,-66.0],[55.75,-66.0],[55.5,-65.75],[52.0,-65.75],[51.75,-66.0],[51.0,-66.0],[50.75,-66.25],[50.5,-66.25],[50.25,-66.5],[50.25,-67.0],[49.75,-67.0],[49.5,-66.75],[48.75,-66.75],[48.424,-67.0],[48.5,-67.25],[48.25,-67.5],[47.75,-67.5],[47.5,-67.25],[46.25,-67.25],[46.0,-67.5],[45.0,-67.5],[44.75,-67.75],[44.0,-67.75],[43.75,-68.0],[42.75,-68.0],[42.5,-68.25],[41.5,-68.25],[41.25,-68.5],[41.0,-68.5],[40.592,-68.75],[40.5,-68.75],[40.25,-68.5],[40.0,-68.75],[39.75,-68.75],[39.5,-69.0],[39.5,-69.5],[39.0,-69.5],[38.75,-69.75],[38.5,-69.75],[38.25,-69.5],[36.75,-69.5],[36.75,-69.25],[36.5,-69.0],[36.25,-69.25],[36.0,-69.0],[35.0,-69.0],[34.75,-68.75],[34.5,-68.75],[34.25,-68.5],[33.0,-68.5],[32.5,-69.0],[30.5,-69.0],[30.25,-69.25],[30.0,-69.0],[29.75,-69.0],[29.25,-69.5],[27.0,-69.5],[26.75,-69.75],[26.5,-69.75],[26.25,-70.0],[25.0,-70.0],[24.75,-70.25],[24.0,-70.25],[23.75,-70.0],[21.5,-70.0],[21.25,-69.75],[18.25,-69.75],[18.0,-69.5],[13.25,-69.5],[12.75,-70.0],[12.5,-70.0],[12.25,-69.75],[12.0,-69.75],[11.75,-70.0],[11.5,-70.0],[11.25,-69.75],[11.0,-70.0],[10.5,-70.0],[10.25,-69.75],[10.0,-70.0],[9.0,-70.0],[8.75,-69.75],[8.0,-69.75],[7.75,-70.0],[7.0,-70.0],[6.75,-69.75],[6.5,-70.0],[2.0,-70.0],[1.75,-69.75],[1.5,-70.0],[1.25,-70.0],[1.0,-69.75],[0.75,-69.75],[0.5,-69.5],[-1.25,-69.5],[-1.5,-69.75],[-1.5,-70.0],[-2.5,-70.0],[-2.75,-70.25],[-7.0,-70.25],[-7.25,-70.5],[-9.75,-70.5],[-10.0,-70.75],[-10.25,-70.75],[-10.5,-71.0],[-11.0,-71.0],[-11.25,-70.75],[-11.5,-71.0],[-11.5,-71.25],[-12.25,-71.25],[-12.5,-71.5],[-12.5,-71.75],[-13.5,-71.75],[-13.75,-72.0],[-15.0,-72.0],[-15.25,-72.25],[-17.25,-72.25],[-17.5,-72.5],[-19.0,-72.5],[-19.25,-72.75],[-19.75,-72.75],[-20.25,-73.25],[-20.5,-73.0],[-20.75,-73.25],[-20.75,-73.5],[-21.25,-74.0],[-21.75,-74.0],[-22.0,-74.25],[-22.5,-74.25],[-22.75,-74.0],[-25.0,-74.0],[-25.25,-74.25],[-25.0,-74.5],[-25.25,-74.75],[-25.0,-75.0],[-25.25,-75.25],[-26.25,-75.25],[-26.75,-75.75],[-26.5,-76.0],[-27.5,-76.0],[-27.75,-76.25],[-29.5,-76.25],[-29.75,-76.5],[-30.5,-76.5],[-30.75,-76.75],[-31.5,-76.75],[-31.75,-77.0],[-33.0,-77.0],[-33.25,-77.25],[-34.25,-77.25],[-34.5,-77.5],[-35.0,-77.5],[-35.25,-77.75],[-35.5,-77.75],[-35.75,-78.0],[-44.25,-78.0],[-44.5,-77.75],[-46.75,-77.75]]]},"properties":{"hvalue":1.15,"color":"#E2EBF5"}},{"type":"Feature","geometry":{"type":"Polygon","coordinates":[[[69.662,-49.412],[69.25,-49.0],[69.225,-48.975],[69.732,-49.25],[69.662,-49.412]]]},"properties":{"hvalue":1.15,"color":"#E2EBF5"}},{"type":"Feature","geometry":{"type":"Polygon","coordinates":[[[32.75,-26.0],[32.872,-25.878],[32.857,-26.107],[32.75,-26.0]]]},"properties":{"hvalue":1.15,"color":"#E2EBF5"}},{"type":"Feature","geometry":{"type":"Polygon","coordinates":[[[35.25,-21.5],[35.25,-21.473],[35.266,-21.516],[35.25,-21.5]]]},"properties":{"hvalue":1.15,"color":"#E2EBF5"}},{"type":"Feature","geometry":{"type":"Polygon","coordinates":[[[43.75,-21.25],[43.582,-21.25],[43.75,-20.956],[43.75,-21.0],[43.75,-21.25]]]},"properties":{"hvalue":1.15,"color":"#E2EBF5"}},{"type":"Feature","geometry":{"type":"Polygon","coordinates":[[[44.016,-20.484],[44.319,-19.819],[44.5,-20.0],[44.016,-20.484]]]},"properties":{"hvalue":1.15,"color":"#E2EBF5"}},{"type":"Feature","geometry":{"type":"Polygon","coordinates":[[[43.986,-17.986],[44.0,-18.25],[44.0,-18.255],[43.986,-17.986]]]},"properties":{"hvalue":1.15,"color":"#E2EBF5"}},{"type":"Feature","geometry":{"type":"Polygon","coordinates":[[[44.0,-17.024],[44.0,-17.25],[43.952,-17.298],[43.94,-17.25],[44.0,-17.024]]]},"properties":{"hvalue":1.15,"color":"#E2EBF5"}},{"type":"Feature","geometry":{"type":"Polygon","coordinates":[[[49.75,-15.852],[49.75,-15.75],[49.793,-15.793],[49.75,-15.852]]]},"properties":{"hvalue":1.15,"color":"#E2EBF5"}},{"type":"Feature","geometry":{"type":"Polygon","coordinates":[[[40.75,-15.0],[40.764,-14.986],[40.75,-15.019],[40.75,-15.0]]]},"properties":{"hvalue":1.15,"color":"#E2EBF5"}},{"type":"Feature","geometry":{"type":"Polygon","coordinates":[[[40.5,-13.0],[40.603,-12.897],[40.604,-13.104],[40.5,-13.0]]]},"properties":{"hvalue":1.15,"color":"#E2EBF5"}},{"type":"Feature","geometry":{"type":"Polygon","coordinates":[[[44.5,-15.437],[45.495,-14.25],[45.563,-13.75],[45.459,-13.25],[45.25,-13.128],[44.931,-12.75],[45.107,-12.25],[45.0,-11.918],[44.679,-12.179],[44.5,-12.0],[44.341,-12.159],[44.0,-11.926],[43.941,-12.25],[43.75,-12.398],[43.6,-12.25],[43.705,-12.0],[43.392,-11.858],[43.5,-11.75],[43.5,-11.5],[43.298,-11.298],[43.371,-10.5],[43.223,-9.75],[43.5,-9.09],[43.75,-8.925],[44.25,-9.203],[44.75,-10.027],[45.5,-10.814],[45.75,-10.973],[46.25,-11.156],[47.25,-11.368],[47.392,-11.5],[47.306,-11.75],[47.5,-11.816],[48.5,-12.098],[48.75,-12.096],[49.018,-11.982],[49.0,-12.25],[48.75,-12.25],[48.5,-12.5],[48.75,-12.75],[48.75,-13.25],[48.25,-13.75],[48.0,-13.5],[47.75,-13.75],[47.75,-14.25],[47.5,-14.5],[47.5,-15.0],[47.25,-15.0],[47.0,-15.25],[46.5,-15.25],[46.25,-15.5],[46.25,-15.75],[45.25,-15.75],[45.0,-16.0],[44.5,-16.0],[44.25,-16.25],[44.25,-16.75],[44.013,-16.987],[44.25,-15.85],[44.5,-15.437]]]},"properties":{"hvalue":1.15,"color":"#E2EBF5"}},{"type":"Feature","geometry":{"type":"Polygon","coordinates":[[[49.75,-12.75],[49.75,-12.729],[49.77,-12.77],[49.75,-12.75]]]},"properties":{"hvalue":1.15,"color":"#E2EBF5"}},{"type":"Feature","geometry":{"type":"Polygon","coordinates":[[[40.5,-11.25],[40.583,-11.167],[40.561,-11.311],[40.5,-11.25]]]},"properties":{"hvalue":1.15,"color":"#E2EBF5"}},{"type":"Feature","geometry":{"type":"Polygon","coordinates":[[[39.847,-9.0],[40.238,-10.0],[40.634,-10.5],[40.636,-10.636],[40.0,-10.0],[40.0,-9.75],[39.75,-9.5],[39.75,-9.0],[39.5,-8.75],[39.5,-8.0],[39.66,-8.16],[39.604,-8.25],[39.642,-8.75],[39.847,-9.0]]]},"properties":{"hvalue":1.15,"color":"#E2EBF5"}},{"type":"Feature","geometry":{"type":"Polygon","coordinates":[[[39.75,-7.75],[39.5,-8.0],[39.5,-7.25],[39.698,-7.052],[39.738,-7.25],[39.925,-7.5],[39.955,-7.955],[39.75,-7.75]]]},"properties":{"hvalue":1.15,"color":"#E2EBF5"}},{"type":"Feature","geometry":{"type":"Polygon","coordinates":[[[39.485,-6.735],[39.25,-6.5],[39.408,-6.5],[39.485,-6.735]]]},"properties":{"hvalue":1.15,"color":"#E2EBF5"}},{"type":"Feature","geometry":{"type":"Polygon","coordinates":[[[39.5,-5.0],[39.5,-5.25],[39.675,-5.425],[39.5,-5.511],[39.437,-5.937],[39.25,-5.75],[39.0,-6.0],[39.0,-5.5],[39.25,-5.25],[39.25,-4.75],[39.5,-4.75],[39.566,-4.684],[39.707,-4.793],[39.5,-5.0]]]},"properties":{"hvalue":1.15,"color":"#E2EBF5"}},{"type":"Feature","geometry":{"type":"Polygon","coordinates":[[[55.878,-4.25],[55.75,-4.384],[55.5,-4.338],[55.477,-4.25],[55.75,-4.008],[55.878,-4.25]]]},"properties":{"hvalue":1.15,"color":"#E2EBF5"}},{"type":"Feature","geometry":{"type":"Polygon","coordinates":[[[31.75,-2.5],[31.75,-2.25],[32.0,-2.5],[31.75,-2.5]]]},"properties":{"hvalue":1.15,"color":"#E2EBF5"}},{"type":"Feature","geometry":{"type":"Polygon","coordinates":[[[33.25,-2.0],[33.5,-2.25],[33.25,-2.5],[33.0,-2.25],[33.25,-2.0]]]},"properties":{"hvalue":1.15,"color":"#E2EBF5"}},{"type":"Feature","geometry":{"type":"Polygon","coordinates":[[[41.25,-2.0],[41.26,-2.0],[41.224,-2.026],[41.25,-2.0]]]},"properties":{"hvalue":1.15,"color":"#E2EBF5"}},{"type":"Feature","geometry":{"type":"Polygon","coordinates":[[[32.0,-1.25],[32.0,-0.5],[32.5,0.0],[33.0,0.0],[33.25,0.25],[33.5,0.0],[34.0,0.0],[34.25,-0.25],[34.0,-0.5],[34.0,-1.0],[33.5,-1.5],[33.5,-1.75],[33.25,-2.0],[33.0,-1.75],[32.75,-2.0],[33.0,-2.25],[32.75,-2.5],[32.5,-2.25],[32.25,-2.25],[32.0,-2.0],[31.75,-2.25],[31.75,-1.5],[32.0,-1.25]]]},"properties":{"hvalue":1.15,"color":"#E2EBF5"}},{"type":"Feature","geometry":{"type":"Polygon","coordinates":[[[56.5,1.427],[56.599,1.25],[56.5,1.157],[56.29,1.25],[56.5,1.427]]]},"properties":{"hvalue":1.15,"color":"#E2EBF5"}},{"type":"Feature","geometry":{"type":"Polygon","coordinates":[[[55.25,3.883],[55.5,4.049],[55.545,4.0],[55.905,3.25],[56.0,2.685],[55.5,2.834],[55.0,3.213],[55.029,3.5],[55.25,3.883]]]},"properties":{"hvalue":1.15,"color":"#E2EBF5"}},{"type":"Feature","geometry":{"type":"Polygon","coordinates":[[[67.0,4.937],[67.378,4.5],[67.374,4.25],[67.25,4.08],[67.0,3.994],[66.687,4.25],[66.653,4.75],[66.725,5.0],[67.0,4.937]]]},"properties":{"hvalue":1.15,"color":"#E2EBF5"}},{"type":"Feature","geometry":{"type":"Polygon","coordinates":[[[64.5,5.663],[64.75,5.322],[64.958,4.75],[64.75,4.403],[64.198,4.75],[64.026,5.0],[64.038,5.25],[64.234,5.5],[64.5,5.663]]]},"properties":{"hvalue":1.15,"color":"#E2EBF5"}},{"type":"Feature","geometry":{"type":"Polygon","coordinates":[[[67.85,6.25],[67.814,5.5],[67.5,5.511],[67.306,5.75],[67.281,6.25],[67.356,6.5],[67.5,6.628],[67.75,6.554],[67.85,6.25]]]},"properties":{"hvalue":1.15,"color":"#E2EBF5"}},{"type":"Feature","geometry":{"type":"Polygon","coordinates":[[[65.052,6.5],[64.75,6.076],[64.5,6.093],[64.316,6.75],[64.326,7.0],[64.5,7.127],[64.881,7.0],[65.061,6.75],[65.052,6.5]]]},"properties":{"hvalue":1.15,"color":"#E2EBF5"}},{"type":"Feature","geometry":{"type":"Polygon","coordinates":[[[71.869,3.25],[70.12,5.0],[70.0,5.272],[69.925,6.25],[69.75,6.566],[69.546,6.75],[69.25,7.446],[69.0,7.436],[68.5,7.123],[68.331,7.25],[67.955,8.5],[68.02,9.0],[67.863,9.5],[67.5,9.736],[66.589,9.25],[66.573,9.0],[66.911,8.25],[66.857,8.0],[66.75,7.857],[66.25,7.92],[66.0,8.534],[65.5,8.535],[65.0,8.697],[64.39,9.5],[64.334,10.0],[64.5,10.602],[65.0,10.443],[66.0,10.405],[66.5,10.471],[66.804,10.75],[67.0,11.64],[67.25,11.751],[67.676,11.5],[67.739,11.0],[68.0,10.823],[68.5,11.05],[69.0,10.606],[69.25,10.664],[69.5,10.912],[69.75,10.963],[70.011,10.75],[70.231,10.25],[70.18,9.75],[70.25,9.404],[70.5,9.479],[70.607,9.75],[70.516,10.25],[70.75,10.418],[71.0,10.471],[71.5,10.438],[71.66,10.25],[71.633,9.75],[71.838,9.25],[71.93,8.75],[72.188,8.25],[72.5,7.942],[73.25,7.612],[73.661,6.75],[73.749,6.25],[73.684,3.0],[73.423,2.75],[73.627,2.0],[73.5,1.868],[73.25,1.826],[73.0,1.978],[71.869,3.25]]]},"properties":{"hvalue":1.15,"color":"#E2EBF5"}},{"type":"Feature","geometry":{"type":"Polygon","coordinates":[[[56.126,8.25],[56.25,8.609],[56.5,8.819],[56.75,8.892],[57.0,8.726],[57.292,8.25],[57.648,7.0],[57.5,6.422],[57.25,6.319],[56.75,6.476],[56.338,7.25],[56.126,8.25]]]},"properties":{"hvalue":1.15,"color":"#E2EBF5"}},{"type":"Feature","geometry":{"type":"Polygon","coordinates":[[[62.201,9.0],[62.124,9.75],[62.289,10.0],[62.5,10.126],[62.75,10.054],[63.25,9.612],[63.75,9.505],[64.0,9.351],[64.191,9.0],[63.839,8.25],[63.567,8.0],[63.25,7.53],[63.0,7.394],[62.861,7.5],[62.201,9.0]]]},"properties":{"hvalue":1.15,"color":"#E2EBF5"}},{"type":"Feature","geometry":{"type":"Polygon","coordinates":[[[51.301,10.5],[51.2,10.45],[51.25,10.581],[51.301,10.5]]]},"properties":{"hvalue":1.15,"color":"#E2EBF5"}},{"type":"Feature","geometry":{"type":"Polygon","coordinates":[[[43.5,12.5],[44.5,12.5],[44.75,12.75],[45.0,12.75],[45.25,13.0],[45.5,13.0],[45.75,13.25],[46.75,13.25],[47.0,13.5],[47.25,13.5],[47.5,13.75],[47.75,13.75],[48.0,14.0],[48.25,13.75],[48.5,13.75],[49.23,14.48],[49.75,13.799],[49.822,13.5],[49.75,13.317],[49.069,13.25],[49.485,13.0],[50.0,12.895],[50.5,12.559],[51.082,12.0],[50.75,12.0],[50.5,11.75],[50.0,11.75],[49.75,11.5],[49.25,11.5],[49.0,11.25],[48.75,11.5],[48.5,11.5],[48.25,11.25],[47.25,11.25],[47.0,11.0],[46.75,11.0],[46.5,10.75],[46.25,11.0],[46.0,10.75],[45.75,11.0],[45.5,10.75],[45.25,10.75],[45.0,10.5],[44.25,10.5],[43.75,11.0],[43.75,11.25],[43.5,11.5],[43.25,11.5],[43.0,11.75],[43.25,11.75],[43.5,12.0],[43.5,12.5]]]},"properties":{"hvalue":1.15,"color":"#E2EBF5"}},{"type":"Feature","geometry":{"type":"Polygon","coordinates":[[[54.314,12.686],[53.901,12.75],[54.25,12.83],[54.314,12.686]]]},"properties":{"hvalue":1.15,"color":"#E2EBF5"}},{"type":"Feature","geometry":{"type":"Polygon","coordinates":[[[55.25,17.5],[55.326,17.576],[55.25,17.356],[55.25,17.5]]]},"properties":{"hvalue":1.15,"color":"#E2EBF5"}},{"type":"Feature","geometry":{"type":"Polygon","coordinates":[[[57.802,19.198],[57.75,19.75],[57.85,19.85],[57.802,19.198]]]},"properties":{"hvalue":1.15,"color":"#E2EBF5"}},{"type":"Feature","geometry":{"type":"Polygon","coordinates":[[[58.928,20.928],[58.939,20.75],[58.865,20.385],[58.75,20.5],[58.75,20.75],[58.928,20.928]]]},"properties":{"hvalue":1.15,"color":"#E2EBF5"}},{"type":"Feature","geometry":{"type":"Polygon","coordinates":[[[39.0,17.5],[38.75,17.75],[38.75,18.0],[38.5,18.25],[38.25,18.25],[37.5,19.0],[37.5,19.25],[37.25,19.5],[37.5,19.75],[37.25,20.0],[37.25,21.25],[37.0,21.5],[37.0,22.0],[36.25,22.75],[36.0,22.75],[35.75,23.0],[35.75,23.25],[35.5,23.5],[35.5,23.75],[35.75,24.0],[35.25,24.5],[35.25,24.75],[35.0,25.0],[35.0,25.25],[34.75,25.5],[34.75,25.75],[34.25,26.25],[34.25,26.5],[34.0,26.75],[34.0,27.25],[33.75,27.5],[33.75,27.75],[33.0,28.5],[33.0,28.75],[34.0,27.75],[34.25,27.75],[34.5,28.0],[34.5,28.25],[34.75,28.0],[35.0,28.0],[35.75,27.25],[35.75,27.0],[36.25,26.5],[36.25,26.25],[36.5,26.0],[36.5,25.75],[36.75,25.5],[37.0,25.5],[37.0,24.75],[37.5,24.25],[37.75,24.25],[38.75,23.25],[38.75,23.0],[39.0,22.75],[39.0,22.25],[38.75,22.0],[39.0,21.75],[39.0,21.25],[39.25,21.0],[39.25,20.75],[39.75,20.25],[40.0,20.25],[41.0,19.25],[41.0,18.75],[41.25,18.5],[41.25,18.25],[42.5,17.0],[42.5,16.5],[42.75,16.25],[42.75,16.0],[42.5,15.75],[42.75,15.5],[42.5,15.25],[42.75,15.0],[42.75,14.75],[43.0,14.5],[43.0,14.0],[43.25,13.75],[43.0,13.5],[43.0,13.25],[43.25,13.0],[43.25,12.75],[43.0,13.0],[42.75,13.0],[42.5,13.25],[42.5,13.5],[42.0,14.0],[41.75,14.0],[41.5,14.25],[41.5,14.5],[41.25,14.75],[41.0,14.75],[40.75,15.0],[40.5,15.0],[40.0,15.5],[39.75,15.25],[39.75,15.5],[39.5,15.75],[39.5,16.0],[39.25,16.25],[39.25,17.0],[39.0,17.25],[39.0,17.5]],[[40.25,15.75],[40.0,16.0],[39.75,15.75],[40.0,15.5],[40.25,15.75]]]},"properties":{"hvalue":1.15,"color":"#E2EBF5"}},{"type":"Feature","geometry":{"type":"Polygon","coordinates":[[[68.601,23.149],[68.0,23.66],[67.811,23.75],[68.0,23.75],[68.601,23.149]]]},"properties":{"hvalue":1.15,"color":"#E2EBF5"}},{"type":"Feature","geometry":{"type":"Polygon","coordinates":[[[67.25,24.25],[67.714,23.786],[67.39,24.0],[67.203,24.25],[67.205,24.5],[66.983,24.75],[67.25,24.5],[67.25,24.25]]]},"properties":{"hvalue":1.15,"color":"#E2EBF5"}},{"type":"Feature","geometry":{"type":"Polygon","coordinates":[[[63.5,25.25],[63.609,25.25],[63.457,25.207],[63.5,25.25]]]},"properties":{"hvalue":1.15,"color":"#E2EBF5"}},{"type":"Feature","geometry":{"type":"Polygon","coordinates":[[[64.75,25.25],[64.815,25.25],[64.71,25.21],[64.75,25.25]]]},"properties":{"hvalue":1.15,"color":"#E2EBF5"}},{"type":"Feature","geometry":{"type":"Polygon","coordinates":[[[63.95,25.25],[64.069,25.25],[64.0,25.234],[63.95,25.25]]]},"properties":{"hvalue":1.15,"color":"#E2EBF5"}},{"type":"Feature","geometry":{"type":"Polygon","coordinates":[[[66.5,25.309],[66.085,25.335],[66.25,25.5],[66.5,25.5],[66.5,25.309]]]},"properties":{"hvalue":1.15,"color":"#E2EBF5"}},{"type":"Feature","geometry":{"type":"Polygon","coordinates":[[[57.75,24.0],[57.25,24.0],[56.5,24.75],[56.5,26.0],[56.25,26.25],[55.75,25.75],[55.5,25.75],[55.25,25.5],[55.25,25.25],[55.0,25.0],[54.75,25.0],[54.5,24.75],[54.5,24.5],[54.25,24.5],[54.0,24.25],[52.5,24.25],[52.25,24.0],[52.0,24.0],[51.5,24.5],[51.75,24.75],[51.75,25.25],[51.5,25.5],[51.75,25.75],[51.25,26.25],[50.75,25.75],[50.75,25.5],[50.5,25.5],[50.25,25.75],[50.25,26.75],[50.0,27.0],[49.75,27.0],[48.75,28.0],[48.75,28.25],[48.5,28.5],[48.5,28.75],[48.25,29.0],[48.25,29.25],[48.0,29.5],[48.25,29.5],[49.0,30.25],[49.25,30.0],[50.0,30.0],[50.5,29.5],[50.5,29.25],[51.0,28.75],[51.0,28.5],[51.25,28.25],[51.25,28.0],[51.5,27.75],[52.0,27.75],[52.25,27.5],[52.5,27.5],[53.0,27.0],[53.25,27.0],[53.75,26.5],[54.5,26.5],[54.75,26.25],[55.25,26.75],[55.5,26.75],[55.75,26.5],[56.0,26.5],[56.25,26.75],[56.0,27.0],[56.75,27.0],[56.75,26.75],[57.0,26.5],[57.0,26.0],[57.25,25.75],[57.5,25.75],[57.75,25.5],[58.75,25.5],[59.0,25.25],[60.193,25.25],[60.038,25.0],[59.843,24.25],[59.859,22.391],[58.5,23.75],[58.0,23.75],[57.75,24.0]]]},"properties":{"hvalue":1.15,"color":"#E2EBF5"}},{"type":"Feature","geometry":{"type":"Polygon","coordinates":[[[32.75,29.25],[33.0,29.0],[33.0,28.75],[32.75,29.0],[32.75,29.25]]]},"properties":{"hvalue":1.15,"color":"#E2EBF5"}},{"type":"Feature","geometry":{"type":"Polygon","coordinates":[[[30.5,36.25],[30.75,36.5],[30.75,36.75],[31.25,36.75],[31.5,36.5],[31.75,36.5],[32.25,36.0],[32.5,36.0],[32.75,35.75],[33.0,36.0],[33.75,36.0],[34.25,36.5],[34.5,36.5],[34.75,36.75],[35.0,36.75],[35.25,36.5],[35.5,36.5],[35.75,36.75],[36.0,36.75],[36.0,36.5],[35.75,36.25],[35.75,34.5],[35.5,34.25],[35.5,34.0],[35.25,33.75],[35.25,33.5],[35.0,33.25],[35.0,32.75],[34.75,32.5],[34.75,32.0],[34.0,31.25],[32.0,31.25],[31.75,31.5],[31.5,31.5],[31.25,31.75],[31.0,31.5],[30.75,31.75],[30.5,31.5],[30.0,31.5],[29.5,31.0],[28.75,31.0],[28.5,31.25],[27.5,31.25],[27.25,31.5],[27.0,31.5],[26.75,31.75],[26.5,31.5],[26.25,31.75],[25.75,31.75],[25.5,31.5],[25.0,32.0],[24.25,32.0],[24.0,32.25],[23.5,32.25],[22.873,32.877],[23.5,33.397],[23.75,33.35],[24.0,33.163],[24.08,33.25],[24.661,34.25],[24.682,34.75],[24.539,35.0],[24.75,35.0],[25.0,34.75],[25.25,34.75],[25.5,35.0],[25.75,35.0],[25.973,35.223],[26.25,35.249],[26.358,35.0],[26.363,34.75],[26.063,33.75],[26.158,32.75],[26.315,32.25],[26.5,31.994],[26.827,31.75],[27.75,31.373],[28.25,31.429],[28.611,31.75],[28.905,32.5],[29.157,33.5],[28.806,34.5],[29.0,34.673],[30.0,34.465],[30.104,34.5],[30.192,34.75],[30.007,35.0],[29.5,35.178],[29.25,35.217],[28.845,35.0],[28.75,34.873],[28.5,34.873],[27.75,35.189],[27.25,35.291],[27.043,35.5],[27.066,35.75],[27.318,36.0],[27.25,36.188],[26.75,36.951],[26.051,37.5],[26.419,37.75],[26.279,38.0],[26.072,38.072],[26.25,38.25],[26.5,38.0],[26.75,38.0],[27.0,38.0],[27.25,37.75],[27.25,37.5],[27.5,37.25],[27.25,37.0],[27.25,36.75],[27.5,36.5],[27.75,36.75],[28.0,36.5],[28.25,36.5],[28.5,36.75],[28.75,36.5],[29.0,36.5],[29.5,36.0],[30.0,36.0],[30.25,36.25],[30.5,36.25]],[[26.5,37.75],[26.75,37.5],[27.0,37.75],[26.75,38.0],[26.5,37.75]],[[27.0,37.25],[26.75,37.0],[27.0,36.75],[27.25,37.0],[27.0,37.25]],[[27.75,36.25],[28.0,36.0],[28.25,36.25],[28.0,36.5],[27.75,36.25]]]},"properties":{"hvalue":1.15,"color":"#E2EBF5"}},{"type":"Feature","geometry":{"type":"Polygon","coordinates":[[[26.734,36.25],[26.777,36.25],[26.75,36.232],[26.734,36.25]]]},"properties":{"hvalue":1.15,"color":"#E2EBF5"}},{"type":"Feature","geometry":{"type":"Polygon","coordinates":[[[49.467,37.5],[49.25,37.5],[49.25,37.733],[49.467,37.5]]]},"properties":{"hvalue":1.15,"color":"#E2EBF5"}},{"type":"Feature","geometry":{"type":"Polygon","coordinates":[[[49.5,40.0],[49.75,40.25],[50.0,40.25],[50.25,40.5],[50.044,40.706],[50.25,40.686],[50.809,40.25],[50.88,40.0],[50.226,38.75],[50.01,38.5],[49.5,38.23],[49.25,37.996],[49.197,37.803],[49.0,38.0],[49.0,39.25],[49.5,39.75],[49.5,40.0]]]},"properties":{"hvalue":1.15,"color":"#E2EBF5"}},{"type":"Feature","geometry":{"type":"Polygon","coordinates":[[[53.25,38.614],[53.0,38.784],[52.86,39.5],[52.614,40.0],[52.585,40.5],[52.707,40.75],[52.703,41.0],[52.664,41.25],[52.456,41.5],[52.324,41.926],[52.5,41.75],[52.5,41.5],[52.75,41.25],[52.75,40.0],[53.0,39.75],[53.25,39.75],[53.0,39.5],[53.25,39.25],[53.5,39.25],[53.75,39.0],[53.75,37.5],[54.0,37.25],[54.0,37.0],[53.706,37.0],[53.533,37.5],[53.5,38.187],[53.25,38.614]]]},"properties":{"hvalue":1.15,"color":"#E2EBF5"}},{"type":"Feature","geometry":{"type":"Polygon","coordinates":[[[28.75,40.5],[28.25,40.5],[27.25,40.5],[27.5,40.75],[28.0,40.75],[28.25,41.0],[28.5,40.75],[29.0,40.75],[28.75,40.5]]]},"properties":{"hvalue":1.15,"color":"#E2EBF5"}},{"type":"Feature","geometry":{"type":"Polygon","coordinates":[[[49.462,41.25],[49.811,40.75],[49.5,40.75],[49.25,41.0],[49.25,41.25],[49.0,41.5],[49.0,41.667],[49.462,41.25]]]},"properties":{"hvalue":1.15,"color":"#E2EBF5"}},{"type":"Feature","geometry":{"type":"Polygon","coordinates":[[[52.0,42.75],[52.5,42.75],[52.5,42.5],[52.305,42.305],[51.5,42.939],[51.393,43.107],[51.5,43.0],[51.75,43.0],[52.0,42.75]]]},"properties":{"hvalue":1.15,"color":"#E2EBF5"}},{"type":"Feature","geometry":{"type":"Polygon","coordinates":[[[51.025,43.725],[51.25,43.5],[51.25,43.293],[51.096,43.5],[51.025,43.725]]]},"properties":{"hvalue":1.15,"color":"#E2EBF5"}},{"type":"Feature","geometry":{"type":"Polygon","coordinates":[[[36.0,41.75],[35.25,41.75],[35.25,42.0],[35.0,42.25],[34.75,42.0],[32.75,42.0],[32.5,41.75],[32.0,41.75],[31.75,41.5],[31.5,41.5],[31.25,41.25],[29.25,41.25],[29.0,41.5],[28.25,41.5],[28.25,41.75],[28.0,42.0],[28.0,42.25],[27.75,42.5],[28.0,42.75],[28.0,43.0],[28.25,43.25],[28.5,43.25],[28.75,43.5],[28.75,44.5],[29.0,44.75],[29.5,44.75],[29.75,45.0],[29.75,45.5],[30.0,45.75],[30.25,45.75],[30.75,46.25],[30.75,46.5],[32.25,46.5],[32.0,46.25],[32.25,46.0],[33.25,46.0],[33.0,45.75],[32.75,45.75],[32.5,45.5],[32.75,45.25],[33.0,45.25],[33.25,45.0],[33.5,45.0],[33.5,44.75],[33.25,44.5],[33.5,44.25],[34.0,44.25],[34.25,44.5],[34.5,44.5],[34.75,44.75],[35.25,44.75],[35.5,45.0],[36.25,45.0],[36.5,45.25],[36.25,45.5],[35.25,45.5],[34.75,46.0],[35.0,46.25],[35.5,46.25],[35.75,46.5],[36.5,46.5],[36.75,46.75],[37.25,46.75],[37.5,47.0],[38.5,47.0],[38.25,46.75],[38.0,46.75],[37.75,46.5],[38.0,46.25],[38.25,46.25],[37.75,45.75],[37.75,45.25],[37.5,45.25],[37.25,45.0],[37.25,44.75],[37.5,44.5],[38.0,44.5],[38.25,44.25],[38.75,44.25],[39.5,43.5],[39.75,43.5],[40.0,43.25],[40.25,43.25],[40.5,43.0],[40.75,43.0],[41.0,42.75],[41.25,42.75],[41.25,42.5],[41.5,42.25],[41.5,42.0],[41.75,41.75],[41.5,41.5],[41.25,41.5],[41.0,41.25],[40.5,41.25],[40.25,41.0],[39.75,41.0],[39.5,41.25],[39.0,41.25],[38.75,41.0],[38.0,41.0],[37.75,41.25],[37.25,41.25],[37.0,41.5],[36.25,41.5],[36.0,41.75]]]},"properties":{"hvalue":1.15,"color":"#E2EBF5"}},{"type":"Feature","geometry":{"type":"Polygon","coordinates":[[[47.0,44.5],[47.25,44.75],[47.25,45.25],[47.75,45.75],[48.5,45.75],[48.75,46.0],[49.0,46.0],[49.25,46.25],[49.25,46.5],[50.75,46.5],[51.0,46.75],[53.0,46.75],[52.75,46.5],[53.0,46.25],[52.75,46.0],[52.75,45.5],[52.0,45.5],[51.75,45.25],[51.5,45.5],[51.0,45.0],[51.25,44.75],[51.0,44.5],[50.75,44.75],[50.5,44.75],[50.25,44.5],[50.5,44.25],[50.75,44.25],[50.75,44.002],[50.0,44.458],[49.75,44.5],[49.386,44.25],[48.639,42.25],[48.648,42.0],[48.5,42.0],[47.75,42.75],[47.75,43.75],[47.0,44.5]]]},"properties":{"hvalue":1.15,"color":"#E2EBF5"}},{"type":"Feature","geometry":{"type":"Polygon","coordinates":[[[31.75,61.25],[32.0,61.0],[32.5,61.0],[32.75,60.75],[32.5,60.5],[32.5,60.25],[32.0,60.25],[31.75,60.5],[31.5,60.25],[31.0,60.25],[30.75,60.5],[30.75,60.75],[30.25,61.25],[30.5,61.5],[31.25,61.5],[31.5,61.25],[31.75,61.25]]]},"properties":{"hvalue":1.15,"color":"#E2EBF5"}},{"type":"Feature","geometry":{"type":"Polygon","coordinates":[[[35.25,61.75],[35.75,62.25],[35.75,62.0],[36.5,61.25],[36.0,61.25],[35.75,61.0],[35.5,61.0],[35.75,61.25],[35.5,61.5],[35.25,61.5],[35.0,61.75],[34.5,61.75],[34.75,62.0],[35.0,62.0],[35.25,61.75]]]},"properties":{"hvalue":1.15,"color":"#E2EBF5"}},{"type":"Feature","geometry":{"type":"Polygon","coordinates":[[[34.922,65.25],[35.25,65.215],[35.5,65.412],[36.023,65.5],[36.156,65.75],[36.067,66.0],[35.758,66.25],[36.75,66.25],[37.0,66.0],[39.75,66.0],[40.0,66.25],[40.5,66.25],[41.0,66.75],[41.25,66.75],[41.5,67.0],[41.0,67.5],[41.0,67.72],[41.5,67.515],[42.0,67.562],[43.023,68.5],[43.5,68.692],[43.694,68.694],[43.5,68.5],[43.75,68.25],[44.25,68.25],[44.0,68.0],[44.0,67.5],[43.75,67.25],[44.0,67.0],[44.25,67.0],[44.25,66.5],[44.0,66.25],[43.75,66.25],[43.5,66.5],[42.75,66.5],[42.5,66.75],[42.25,66.75],[42.0,66.5],[41.75,66.5],[41.5,66.25],[40.75,66.25],[40.25,65.75],[39.75,65.75],[39.5,65.5],[40.0,65.0],[40.25,65.0],[40.25,64.75],[38.25,64.75],[38.0,65.0],[37.75,65.0],[37.5,65.25],[37.0,65.25],[36.5,64.75],[37.0,64.25],[38.0,64.25],[38.0,64.0],[36.25,64.0],[35.75,64.5],[35.0,64.5],[35.0,65.0],[34.75,65.25],[34.873,65.373],[34.922,65.25]]]},"properties":{"hvalue":1.15,"color":"#E2EBF5"}},{"type":"Feature","geometry":{"type":"Polygon","coordinates":[[[34.262,66.25],[34.0,66.25],[33.774,66.476],[34.0,66.406],[34.262,66.25]]]},"properties":{"hvalue":1.15,"color":"#E2EBF5"}},{"type":"Feature","geometry":{"type":"Polygon","coordinates":[[[35.0,66.5],[35.012,66.488],[34.99,66.5],[35.0,66.5]]]},"properties":{"hvalue":1.15,"color":"#E2EBF5"}},{"type":"Feature","geometry":{"type":"Polygon","coordinates":[[[33.5,66.5],[33.25,66.75],[33.5,66.75],[33.723,66.5],[33.5,66.5]]]},"properties":{"hvalue":1.15,"color":"#E2EBF5"}},{"type":"Feature","geometry":{"type":"Polygon","coordinates":[[[40.294,68.0],[40.0,68.0],[39.878,68.122],[40.0,68.113],[40.294,68.0]]]},"properties":{"hvalue":1.15,"color":"#E2EBF5"}},{"type":"Feature","geometry":{"type":"Polygon","coordinates":[[[46.424,68.326],[47.5,67.851],[47.969,68.0],[47.94,69.0],[48.25,69.228],[48.25,68.75],[48.5,68.5],[48.75,68.5],[49.0,68.75],[49.75,68.75],[50.244,69.256],[51.25,68.778],[51.75,68.777],[52.727,68.977],[52.5,68.75],[52.5,68.5],[52.25,68.5],[52.0,68.75],[51.75,68.5],[50.75,68.5],[50.5,68.25],[50.0,68.25],[49.75,68.0],[48.75,68.0],[48.5,67.75],[48.0,67.75],[47.75,67.5],[47.75,67.25],[47.5,67.0],[45.75,67.0],[45.5,67.25],[45.25,67.25],[45.25,67.5],[45.5,67.5],[45.75,67.75],[46.25,67.75],[46.5,68.0],[46.5,68.25],[46.424,68.326]]]},"properties":{"hvalue":1.15,"color":"#E2EBF5"}},{"type":"Feature","geometry":{"type":"Polygon","coordinates":[[[35.433,69.25],[35.0,69.25],[34.87,69.38],[35.25,69.343],[35.433,69.25]]]},"properties":{"hvalue":1.15,"color":"#E2EBF5"}},{"type":"Feature","geometry":{"type":"Polygon","coordinates":[[[48.755,69.5],[49.072,69.572],[49.0,69.5],[48.755,69.5]]]},"properties":{"hvalue":1.15,"color":"#E2EBF5"}},{"type":"Feature","geometry":{"type":"Polygon","coordinates":[[[33.234,69.5],[32.75,69.5],[32.995,69.745],[33.234,69.5]]]},"properties":{"hvalue":1.15,"color":"#E2EBF5"}},{"type":"Feature","geometry":{"type":"Polygon","coordinates":[[[60.518,69.982],[60.956,69.956],[60.75,69.75],[60.518,69.982]]]},"properties":{"hvalue":1.15,"color":"#E2EBF5"}},{"type":"Feature","geometry":{"type":"Polygon","coordinates":[[[53.685,69.25],[53.638,69.5],[53.419,69.75],[52.0,70.811],[51.5,71.327],[51.388,71.612],[51.5,71.5],[51.75,71.5],[52.0,71.25],[52.25,71.25],[52.5,71.0],[52.75,71.0],[53.0,71.25],[53.25,71.25],[53.5,71.0],[53.75,71.0],[53.75,70.75],[54.0,70.5],[57.25,70.5],[57.449,70.699],[57.723,70.5],[57.75,70.325],[58.0,70.255],[58.25,70.38],[58.675,70.425],[58.5,70.25],[58.5,70.0],[58.75,69.75],[59.5,69.75],[59.75,69.5],[60.25,69.5],[60.75,69.0],[60.5,68.75],[60.0,68.75],[59.75,68.5],[59.25,68.5],[59.5,68.75],[59.25,69.0],[57.75,69.0],[57.5,68.75],[55.5,68.75],[55.25,68.5],[55.0,68.5],[54.75,68.25],[54.5,68.5],[54.25,68.5],[54.0,68.25],[53.75,68.25],[54.0,68.5],[54.0,68.75],[53.75,69.0],[53.018,69.0],[53.685,69.25]]]},"properties":{"hvalue":1.15,"color":"#E2EBF5"}},{"type":"Feature","geometry":{"type":"Polygon","coordinates":[[[31.5,69.75],[31.0,69.75],[30.75,70.0],[31.0,70.311],[31.25,70.091],[31.75,70.076],[31.911,70.0],[31.75,70.0],[31.5,69.75]]]},"properties":{"hvalue":1.15,"color":"#E2EBF5"}},{"type":"Feature","geometry":{"type":"Polygon","coordinates":[[[29.848,70.75],[29.5,70.75],[29.329,70.921],[29.5,70.893],[29.848,70.75]]]},"properties":{"hvalue":1.15,"color":"#E2EBF5"}},{"type":"Feature","geometry":{"type":"Polygon","coordinates":[[[27.449,71.199],[26.75,70.5],[26.75,70.75],[26.5,71.0],[26.25,71.0],[26.046,71.204],[26.75,71.115],[27.449,71.199]]]},"properties":{"hvalue":1.15,"color":"#E2EBF5"}},{"type":"Feature","geometry":{"type":"Polygon","coordinates":[[[28.25,70.75],[28.25,71.0],[28.5,70.75],[28.25,70.75]]]},"properties":{"hvalue":1.15,"color":"#E2EBF5"}},{"type":"Feature","geometry":{"type":"Polygon","coordinates":[[[66.0,69.25],[65.0,69.25],[64.75,69.5],[64.5,69.5],[64.25,69.75],[61.5,69.75],[61.375,69.875],[62.75,69.902],[63.157,70.0],[63.5,70.207],[64.704,70.5],[66.324,71.5],[66.75,71.626],[67.75,71.695],[68.0,71.779],[68.326,72.0],[68.402,72.25],[68.309,72.5],[68.421,72.75],[68.643,73.0],[69.056,73.25],[70.25,73.568],[71.247,73.5],[70.25,73.5],[70.0,73.25],[70.25,73.0],[69.0,73.0],[68.75,72.75],[68.75,72.25],[68.25,71.75],[68.0,71.75],[67.75,71.5],[67.0,71.5],[66.5,71.0],[66.75,70.75],[67.0,70.75],[67.0,70.0],[66.75,70.0],[66.5,69.75],[66.75,69.5],[67.0,69.5],[67.25,69.25],[67.5,69.5],[67.75,69.5],[68.5,68.75],[68.75,68.75],[68.5,68.5],[68.0,68.5],[67.75,68.75],[67.5,68.75],[67.25,69.0],[66.25,69.0],[66.0,69.25]]]},"properties":{"hvalue":1.15,"color":"#E2EBF5"}},{"type":"Feature","geometry":{"type":"Polygon","coordinates":[[[28.112,71.138],[28.358,71.108],[28.25,71.0],[28.112,71.138]]]},"properties":{"hvalue":1.15,"color":"#E2EBF5"}},{"type":"Feature","geometry":{"type":"Polygon","coordinates":[[[52.388,72.612],[52.5,72.5],[52.25,72.25],[52.165,72.25],[52.387,72.5],[52.388,72.612]]]},"properties":{"hvalue":1.15,"color":"#E2EBF5"}},{"type":"Feature","geometry":{"type":"Polygon","coordinates":[[[57.25,73.5],[57.638,73.5],[56.25,72.66],[55.75,72.269],[55.75,72.5],[56.0,72.5],[56.25,72.75],[56.25,73.0],[56.5,73.0],[56.75,73.25],[57.0,73.25],[57.25,73.5]]]},"properties":{"hvalue":1.15,"color":"#E2EBF5"}},{"type":"Feature","geometry":{"type":"Polygon","coordinates":[[[53.0,73.032],[53.091,73.091],[52.957,73.0],[53.0,73.032]]]},"properties":{"hvalue":1.15,"color":"#E2EBF5"}},{"type":"Feature","geometry":{"type":"Polygon","coordinates":[[[53.75,73.5],[53.5,73.25],[53.361,73.25],[53.689,73.75],[53.797,73.797],[53.75,73.75],[54.0,73.5],[53.75,73.5]]]},"properties":{"hvalue":1.15,"color":"#E2EBF5"}},{"type":"Feature","geometry":{"type":"Polygon","coordinates":[[[59.716,74.5],[59.5,74.355],[59.041,74.25],[58.25,73.854],[57.975,73.775],[57.75,74.0],[58.5,74.0],[58.75,74.25],[59.0,74.25],[59.25,74.5],[59.716,74.5]]]},"properties":{"hvalue":1.15,"color":"#E2EBF5"}},{"type":"Feature","geometry":{"type":"Polygon","coordinates":[[[63.103,75.5],[63.0,75.469],[62.686,75.436],[62.75,75.5],[63.103,75.5]]]},"properties":{"hvalue":1.15,"color":"#E2EBF5"}},{"type":"Feature","geometry":{"type":"Polygon","coordinates":[[[49.0,80.25],[50.25,80.25],[50.0,80.0],[50.241,79.759],[49.25,79.804],[47.949,80.0],[48.75,80.0],[49.0,80.25]]]},"properties":{"hvalue":1.15,"color":"#E2EBF5"}},{"type":"Feature","geometry":{"type":"Polygon","coordinates":[[[50.25,80.25],[50.75,80.25],[50.5,80.0],[50.25,80.25]]]},"properties":{"hvalue":1.15,"color":"#E2EBF5"}},{"type":"Feature","geometry":{"type":"Polygon","coordinates":[[[32.0,80.084],[31.648,80.25],[31.75,80.325],[32.439,80.439],[32.25,80.25],[32.417,80.083],[32.0,80.084]]]},"properties":{"hvalue":1.15,"color":"#E2EBF5"}},{"type":"Feature","geometry":{"type":"Polygon","coordinates":[[[33.782,80.25],[33.146,80.146],[33.25,80.25],[33.099,80.401],[33.782,80.25]]]},"properties":{"hvalue":1.15,"color":"#E2EBF5"}},{"type":"Feature","geometry":{"type":"Polygon","coordinates":[[[48.75,80.5],[48.5,80.5],[48.75,80.75],[48.626,80.874],[49.4,80.9],[49.25,80.75],[49.0,80.75],[48.75,80.5]]]},"properties":{"hvalue":1.15,"color":"#E2EBF5"}},{"type":"Feature","geometry":{"type":"Polygon","coordinates":[[[55.25,81.25],[54.388,81.25],[55.378,81.378],[55.25,81.25]]]},"properties":{"hvalue":1.15,"color":"#E2EBF5"}},{"type":"Feature","geometry":{"type":"Polygon","coordinates":[[[57.0,81.522],[57.024,81.524],[56.88,81.5],[57.0,81.522]]]},"properties":{"hvalue":1.15,"color":"#E2EBF5"}},{"type":"Feature","geometry":{"type":"Polygon","coordinates":[[[108.397,-66.647],[108.672,-66.75],[108.5,-66.75],[108.397,-66.647]]]},"properties":{"hvalue":1.15,"color":"#E2EBF5"}},{"type":"Feature","geometry":{"type":"Polygon","coordinates":[[[94.356,-66.5],[94.568,-66.25],[94.888,-66.112],[94.75,-66.25],[94.75,-66.5],[94.356,-66.5]]]},"properties":{"hvalue":1.15,"color":"#E2EBF5"}},{"type":"Feature","geometry":{"type":"Polygon","coordinates":[[[95.5,-65.75],[95.5,-65.998],[95.232,-65.75],[95.304,-65.554],[95.5,-65.75]]]},"properties":{"hvalue":1.15,"color":"#E2EBF5"}},{"type":"Feature","geometry":{"type":"Polygon","coordinates":[[[115.315,-33.5],[115.5,-33.386],[115.5,-33.5],[115.315,-33.5]]]},"properties":{"hvalue":1.15,"color":"#E2EBF5"}},{"type":"Feature","geometry":{"type":"Polygon","coordinates":[[[115.75,-32.032],[115.75,-32.25],[115.75,-32.49],[115.653,-32.25],[115.75,-32.032]]]},"properties":{"hvalue":1.15,"color":"#E2EBF5"}},{"type":"Feature","geometry":{"type":"Polygon","coordinates":[[[113.75,-25.25],[113.75,-25.5],[114.0,-25.75],[114.0,-26.25],[113.75,-26.5],[113.5,-26.25],[113.441,-26.309],[113.186,-26.0],[113.25,-25.75],[113.043,-25.543],[113.374,-25.25],[113.446,-24.696],[113.5,-25.0],[113.75,-25.25]],[[113.5,-26.0],[113.75,-25.75],[113.5,-25.5],[113.25,-25.75],[113.5,-26.0]]]},"properties":{"hvalue":1.15,"color":"#E2EBF5"}},{"type":"Feature","geometry":{"type":"Polygon","coordinates":[[[122.0,-13.934],[122.036,-14.0],[122.0,-14.019],[121.98,-14.0],[122.0,-13.934]]]},"properties":{"hvalue":1.15,"color":"#E2EBF5"}},{"type":"Feature","geometry":{"type":"Polygon","coordinates":[[[122.25,-13.742],[122.261,-13.75],[122.239,-13.75],[122.25,-13.742]]]},"properties":{"hvalue":1.15,"color":"#E2EBF5"}},{"type":"Feature","geometry":{"type":"Polygon","coordinates":[[[121.623,-10.5],[122.0,-10.206],[122.054,-10.5],[121.75,-10.603],[121.623,-10.5]]]},"properties":{"hvalue":1.15,"color":"#E2EBF5"}},{"type":"Feature","geometry":{"type":"Polygon","coordinates":[[[119.196,-9.25],[119.445,-9.0],[119.437,-8.75],[119.25,-8.654],[119.046,-8.704],[119.25,-8.5],[119.75,-9.0],[121.817,-9.0],[121.25,-9.451],[120.9,-9.9],[120.5,-9.5],[120.25,-9.5],[120.0,-9.25],[119.196,-9.25]]]},"properties":{"hvalue":1.15,"color":"#E2EBF5"}},{"type":"Feature","geometry":{"type":"Polygon","coordinates":[[[114.577,-8.577],[114.5,-8.5],[114.618,-8.5],[114.577,-8.577]]]},"properties":{"hvalue":1.15,"color":"#E2EBF5"}},{"type":"Feature","geometry":{"type":"Polygon","coordinates":[[[106.459,-7.0],[106.5,-7.0],[106.466,-7.034],[106.459,-7.0]]]},"properties":{"hvalue":1.15,"color":"#E2EBF5"}},{"type":"Feature","geometry":{"type":"Polygon","coordinates":[[[105.5,-5.75],[105.75,-6.0],[105.75,-6.5],[105.5,-6.75],[105.568,-6.818],[105.5,-6.824],[105.25,-6.661],[105.213,-6.5],[105.387,-6.25],[105.403,-6.0],[105.182,-5.818],[105.25,-5.75],[105.5,-5.75]]]},"properties":{"hvalue":1.15,"color":"#E2EBF5"}},{"type":"Feature","geometry":{"type":"Polygon","coordinates":[[[104.75,-5.75],[104.753,-5.753],[104.748,-5.752],[104.75,-5.75]]]},"properties":{"hvalue":1.15,"color":"#E2EBF5"}},{"type":"Feature","geometry":{"type":"Polygon","coordinates":[[[71.581,-5.25],[71.75,-5.064],[71.954,-5.25],[71.75,-5.387],[71.581,-5.25]]]},"properties":{"hvalue":1.15,"color":"#E2EBF5"}},{"type":"Feature","geometry":{"type":"Polygon","coordinates":[[[100.186,-2.814],[99.934,-2.5],[100.0,-2.328],[100.25,-2.458],[100.4,-2.9],[100.25,-2.75],[100.186,-2.814]]]},"properties":{"hvalue":1.15,"color":"#E2EBF5"}},{"type":"Feature","geometry":{"type":"Polygon","coordinates":[[[105.5,-2.25],[105.75,-2.25],[105.75,-2.5],[105.5,-2.25]]]},"properties":{"hvalue":1.15,"color":"#E2EBF5"}},{"type":"Feature","geometry":{"type":"Polygon","coordinates":[[[105.0,-2.25],[105.0,-2.0],[105.25,-2.25],[105.0,-2.25]]]},"properties":{"hvalue":1.15,"color":"#E2EBF5"}},{"type":"Feature","geometry":{"type":"Polygon","coordinates":[[[99.75,-2.356],[99.574,-2.0],[99.75,-1.375],[99.948,-1.75],[99.955,-2.25],[99.75,-2.356]]]},"properties":{"hvalue":1.15,"color":"#E2EBF5"}},{"type":"Feature","geometry":{"type":"Polygon","coordinates":[[[72.75,1.485],[73.0,1.434],[73.25,1.262],[73.445,1.0],[73.648,0.5],[73.25,0.189],[72.807,0.5],[72.522,1.0],[72.5,1.341],[72.75,1.485]]]},"properties":{"hvalue":1.15,"color":"#E2EBF5"}},{"type":"Feature","geometry":{"type":"Polygon","coordinates":[[[98.352,-0.352],[98.5,-0.5],[98.75,-0.25],[98.5,0.0],[98.326,-0.174],[98.136,0.0],[98.21,0.5],[98.138,0.75],[98.0,0.784],[98.0,1.0],[97.5,1.5],[97.25,1.25],[97.25,1.135],[97.091,1.5],[97.109,2.141],[97.25,2.0],[97.5,2.25],[97.25,2.5],[97.083,2.333],[97.0,2.929],[96.75,2.864],[96.693,2.5],[96.5,2.372],[96.374,2.374],[96.5,2.5],[96.0,3.0],[95.75,2.75],[95.802,2.698],[95.707,2.75],[95.653,3.0],[95.737,3.75],[95.7,4.3],[96.0,4.0],[96.25,4.0],[96.25,3.75],[96.5,3.5],[97.0,3.5],[97.0,3.25],[97.5,2.75],[97.5,2.5],[98.0,2.0],[98.25,2.0],[98.5,1.75],[98.5,1.5],[98.75,1.25],[98.75,1.0],[99.0,0.75],[99.0,0.25],[99.25,0.0],[99.5,0.0],[100.0,-0.5],[100.0,-0.75],[100.25,-1.0],[100.25,-1.25],[100.5,-1.5],[100.5,-1.656],[100.216,-1.5],[100.0,-1.044],[99.5,-1.006],[99.412,-1.662],[99.25,-1.5],[99.25,-1.25],[98.75,-0.75],[98.64,-0.86],[98.368,-0.5],[98.352,-0.352]]]},"properties":{"hvalue":1.15,"color":"#E2EBF5"}},{"type":"Feature","geometry":{"type":"Polygon","coordinates":[[[95.482,4.75],[95.5,4.75],[95.5,4.703],[95.482,4.75]]]},"properties":{"hvalue":1.15,"color":"#E2EBF5"}},{"type":"Feature","geometry":{"type":"Polygon","coordinates":[[[93.599,7.099],[93.598,7.25],[93.75,7.745],[94.053,7.25],[93.968,7.032],[93.75,7.25],[93.599,7.099]]]},"properties":{"hvalue":1.15,"color":"#E2EBF5"}},{"type":"Feature","geometry":{"type":"Polygon","coordinates":[[[79.605,8.0],[79.638,8.25],[79.75,8.447],[79.75,7.559],[79.605,8.0]]]},"properties":{"hvalue":1.15,"color":"#E2EBF5"}},{"type":"Feature","geometry":{"type":"Polygon","coordinates":[[[93.75,8.651],[93.884,8.5],[93.927,8.25],[93.914,8.0],[93.75,7.759],[93.695,7.945],[93.75,8.0],[93.5,8.25],[93.401,8.151],[93.197,8.25],[93.25,8.438],[93.75,8.651]]]},"properties":{"hvalue":1.15,"color":"#E2EBF5"}},{"type":"Feature","geometry":{"type":"Polygon","coordinates":[[[73.054,8.5],[73.079,8.25],[73.0,8.202],[72.891,8.5],[73.054,8.5]]]},"properties":{"hvalue":1.15,"color":"#E2EBF5"}},{"type":"Feature","geometry":{"type":"Polygon","coordinates":[[[78.25,8.75],[78.321,8.821],[78.25,8.675],[78.25,8.75]]]},"properties":{"hvalue":1.15,"color":"#E2EBF5"}},{"type":"Feature","geometry":{"type":"Polygon","coordinates":[[[72.25,10.488],[72.396,10.25],[72.25,10.108],[72.018,10.25],[72.25,10.488]]]},"properties":{"hvalue":1.15,"color":"#E2EBF5"}},{"type":"Feature","geometry":{"type":"Polygon","coordinates":[[[116.25,10.799],[116.25,10.695],[116.136,10.75],[116.25,10.799]]]},"properties":{"hvalue":1.15,"color":"#E2EBF5"}},{"type":"Feature","geometry":{"type":"Polygon","coordinates":[[[98.078,11.172],[98.25,11.0],[98.024,10.774],[98.05,11.0],[98.078,11.172]]]},"properties":{"hvalue":1.15,"color":"#E2EBF5"}},{"type":"Feature","geometry":{"type":"Polygon","coordinates":[[[115.205,11.0],[114.75,10.825],[114.547,11.0],[114.75,11.158],[115.205,11.0]]]},"properties":{"hvalue":1.15,"color":"#E2EBF5"}},{"type":"Feature","geometry":{"type":"Polygon","coordinates":[[[73.735,11.0],[73.763,11.0],[73.75,10.986],[73.735,11.0]]]},"properties":{"hvalue":1.15,"color":"#E2EBF5"}},{"type":"Feature","geometry":{"type":"Polygon","coordinates":[[[114.25,10.966],[114.25,11.044],[114.379,11.0],[114.25,10.966]]]},"properties":{"hvalue":1.15,"color":"#E2EBF5"}},{"type":"Feature","geometry":{"type":"Polygon","coordinates":[[[98.5,11.25],[98.5,11.5],[98.75,11.25],[98.5,11.25]]]},"properties":{"hvalue":1.15,"color":"#E2EBF5"}},{"type":"Feature","geometry":{"type":"Polygon","coordinates":[[[73.179,11.5],[72.75,11.142],[72.59,11.25],[72.792,11.5],[72.671,11.75],[73.0,11.763],[73.179,11.5]]]},"properties":{"hvalue":1.15,"color":"#E2EBF5"}},{"type":"Feature","geometry":{"type":"Polygon","coordinates":[[[114.75,11.682],[115.0,11.636],[115.292,11.5],[115.0,11.335],[114.75,11.304],[114.519,11.5],[114.75,11.682]]]},"properties":{"hvalue":1.15,"color":"#E2EBF5"}},{"type":"Feature","geometry":{"type":"Polygon","coordinates":[[[71.75,12.233],[72.25,11.949],[72.413,11.75],[72.437,11.25],[72.545,11.0],[72.25,10.78],[72.002,11.0],[71.947,11.25],[72.043,11.5],[72.031,11.75],[71.653,12.0],[71.75,12.233]]]},"properties":{"hvalue":1.15,"color":"#E2EBF5"}},{"type":"Feature","geometry":{"type":"Polygon","coordinates":[[[109.25,11.75],[109.408,11.908],[109.25,11.61],[109.25,11.75]]]},"properties":{"hvalue":1.15,"color":"#E2EBF5"}},{"type":"Feature","geometry":{"type":"Polygon","coordinates":[[[81.25,9.0],[80.25,10.0],[80.0,10.0],[79.75,9.75],[80.0,9.5],[80.25,9.5],[80.0,9.25],[80.0,9.0],[79.791,8.791],[79.718,9.0],[79.5,9.132],[78.905,9.155],[79.0,9.25],[79.0,9.5],[79.25,9.75],[79.25,10.0],[79.5,10.25],[79.75,10.25],[80.0,10.5],[80.0,12.0],[80.25,12.25],[80.25,12.75],[80.5,13.0],[80.5,13.25],[80.25,13.5],[80.5,13.75],[80.25,14.0],[80.25,15.5],[80.5,15.75],[81.0,15.75],[81.5,16.25],[81.909,16.25],[81.769,15.75],[81.744,14.75],[81.042,12.75],[80.749,11.0],[81.1,9.75],[81.598,9.0],[81.853,7.647],[81.75,7.75],[81.75,8.0],[81.25,8.5],[81.25,9.0]]]},"properties":{"hvalue":1.15,"color":"#E2EBF5"}},{"type":"Feature","geometry":{"type":"Polygon","coordinates":[[[72.0,12.557],[72.082,12.5],[72.0,12.402],[71.918,12.5],[72.0,12.557]]]},"properties":{"hvalue":1.15,"color":"#E2EBF5"}},{"type":"Feature","geometry":{"type":"Polygon","coordinates":[[[92.704,12.954],[92.834,13.166],[93.0,13.0],[93.25,13.25],[93.25,13.5],[93.135,13.615],[93.25,13.636],[93.453,13.5],[93.529,13.25],[93.424,13.0],[93.37,12.25],[93.27,12.0],[92.967,11.5],[92.75,11.354],[92.597,11.5],[92.613,11.637],[92.75,11.5],[93.25,12.0],[93.0,12.25],[93.0,12.75],[92.75,13.0],[92.704,12.954]]]},"properties":{"hvalue":1.15,"color":"#E2EBF5"}},{"type":"Feature","geometry":{"type":"Polygon","coordinates":[[[98.25,12.25],[98.0,12.5],[97.77,12.27],[98.082,13.0],[98.032,13.718],[98.25,13.5],[98.25,13.25],[98.5,13.0],[98.5,12.25],[98.25,12.0],[98.25,11.75],[98.0,11.5],[98.0,11.364],[97.893,11.5],[98.025,11.75],[97.75,11.974],[97.764,12.236],[98.0,12.0],[98.25,12.25]]]},"properties":{"hvalue":1.15,"color":"#E2EBF5"}},{"type":"Feature","geometry":{"type":"Polygon","coordinates":[[[75.5,10.405],[74.792,11.0],[74.481,11.5],[74.424,11.75],[74.508,12.25],[74.257,13.0],[74.196,13.5],[74.017,14.0],[73.691,14.5],[73.332,15.75],[73.01,17.24],[73.25,17.0],[73.25,16.25],[73.5,16.0],[73.5,15.75],[73.75,15.5],[73.75,15.0],[74.25,14.5],[74.25,14.25],[74.5,14.0],[74.5,13.5],[74.75,13.25],[74.75,12.75],[75.0,12.5],[75.0,12.25],[75.25,12.0],[75.25,11.75],[75.75,11.25],[75.75,10.75],[76.0,10.5],[76.0,10.0],[76.25,9.75],[76.25,9.173],[75.826,9.75],[75.5,10.405]]]},"properties":{"hvalue":1.15,"color":"#E2EBF5"}},{"type":"Feature","geometry":{"type":"Polygon","coordinates":[[[120.75,14.5],[120.75,14.75],[121.0,14.5],[120.75,14.5]]]},"properties":{"hvalue":1.15,"color":"#E2EBF5"}},{"type":"Feature","geometry":{"type":"Polygon","coordinates":[[[120.098,14.75],[119.871,15.25],[119.834,15.416],[120.0,15.25],[120.0,15.0],[120.25,14.75],[120.25,14.598],[120.098,14.75]]]},"properties":{"hvalue":1.15,"color":"#E2EBF5"}},{"type":"Feature","geometry":{"type":"Polygon","coordinates":[[[118.044,15.25],[117.75,15.173],[117.68,15.25],[117.75,15.341],[118.0,15.319],[118.044,15.25]]]},"properties":{"hvalue":1.15,"color":"#E2EBF5"}},{"type":"Feature","geometry":{"type":"Polygon","coordinates":[[[97.5,14.974],[96.162,15.5],[95.036,15.536],[95.25,15.75],[95.5,15.75],[95.75,16.0],[96.0,16.0],[96.25,16.25],[96.5,16.25],[97.0,16.75],[97.0,17.0],[97.25,16.75],[97.25,16.25],[97.5,16.0],[97.5,15.25],[97.75,15.0],[97.75,14.5],[98.0,14.25],[98.0,13.794],[97.5,14.974]]]},"properties":{"hvalue":1.15,"color":"#E2EBF5"}},{"type":"Feature","geometry":{"type":"Polygon","coordinates":[[[94.507,15.75],[94.75,15.75],[94.927,15.573],[94.75,15.606],[94.507,15.75]]]},"properties":{"hvalue":1.15,"color":"#E2EBF5"}},{"type":"Feature","geometry":{"type":"Polygon","coordinates":[[[82.5,17.0],[82.609,17.109],[82.5,16.955],[82.5,17.0]]]},"properties":{"hvalue":1.15,"color":"#E2EBF5"}},{"type":"Feature","geometry":{"type":"Polygon","coordinates":[[[84.0,18.25],[84.056,18.25],[83.927,18.177],[84.0,18.25]]]},"properties":{"hvalue":1.15,"color":"#E2EBF5"}},{"type":"Feature","geometry":{"type":"Polygon","coordinates":[[[72.524,19.476],[72.75,19.25],[72.75,18.5],[73.0,18.25],[73.0,17.315],[72.787,18.0],[72.524,19.476]]]},"properties":{"hvalue":1.15,"color":"#E2EBF5"}},{"type":"Feature","geometry":{"type":"Polygon","coordinates":[[[93.75,18.446],[92.75,19.661],[91.75,19.874],[91.15,20.25],[90.75,20.755],[90.5,20.818],[89.75,20.477],[89.5,20.531],[89.416,21.0],[89.25,21.228],[88.0,20.947],[87.5,20.691],[86.5,19.789],[85.75,19.39],[85.25,19.273],[84.5,18.629],[84.5,18.75],[85.25,19.5],[85.75,19.5],[86.0,19.75],[86.25,19.75],[87.0,20.5],[87.0,21.25],[87.25,21.5],[87.75,21.5],[88.0,21.75],[88.25,21.5],[89.25,21.5],[89.5,21.75],[90.5,21.75],[91.0,22.25],[91.0,22.5],[91.25,22.5],[91.5,22.25],[91.75,22.25],[91.75,21.5],[92.0,21.25],[92.0,21.0],[93.0,20.0],[93.25,20.0],[93.25,19.75],[93.5,19.5],[93.75,19.5],[93.5,19.25],[93.5,19.0],[93.75,18.75],[94.0,19.0],[94.0,18.75],[94.25,18.5],[94.25,18.25],[94.5,18.0],[94.25,17.75],[94.5,17.5],[94.336,17.336],[94.25,17.693],[94.0,17.934],[93.75,18.446]]]},"properties":{"hvalue":1.15,"color":"#E2EBF5"}},{"type":"Feature","geometry":{"type":"Polygon","coordinates":[[[71.25,20.75],[71.462,20.75],[71.14,20.64],[71.25,20.75]]]},"properties":{"hvalue":1.15,"color":"#E2EBF5"}},{"type":"Feature","geometry":{"type":"Polygon","coordinates":[[[121.701,20.75],[121.785,20.75],[121.75,20.7],[121.701,20.75]]]},"properties":{"hvalue":1.15,"color":"#E2EBF5"}},{"type":"Feature","geometry":{"type":"Polygon","coordinates":[[[71.75,21.0],[72.0,21.0],[72.25,21.25],[72.25,21.75],[72.5,22.0],[72.5,21.25],[72.75,21.0],[72.75,20.25],[72.5,20.0],[72.5,19.616],[72.44,20.25],[72.162,20.75],[72.0,20.846],[71.534,20.784],[71.75,21.0]]]},"properties":{"hvalue":1.15,"color":"#E2EBF5"}},{"type":"Feature","geometry":{"type":"Polygon","coordinates":[[[121.5,22.096],[121.552,22.0],[121.5,21.912],[121.333,22.0],[121.5,22.096]]]},"properties":{"hvalue":1.15,"color":"#E2EBF5"}},{"type":"Feature","geometry":{"type":"Polygon","coordinates":[[[109.25,14.25],[109.25,14.75],[109.0,15.0],[109.0,15.25],[108.5,15.75],[108.5,16.0],[108.0,16.5],[107.75,16.5],[106.5,17.75],[106.5,18.0],[106.0,18.5],[106.0,18.75],[105.75,19.0],[106.0,19.25],[106.0,19.75],[106.75,20.5],[107.0,20.5],[107.25,20.75],[107.5,20.75],[107.75,21.0],[107.75,21.25],[108.0,21.5],[109.0,21.5],[109.25,21.25],[109.5,21.25],[109.75,21.5],[109.75,21.25],[109.5,21.0],[109.75,20.75],[109.75,20.5],[110.0,20.25],[110.0,20.0],[109.25,20.0],[108.5,19.25],[108.5,18.5],[108.75,18.25],[109.25,18.25],[109.5,18.0],[109.75,18.25],[110.0,18.25],[110.75,19.0],[110.75,19.25],[111.25,19.75],[110.75,20.25],[110.5,20.25],[110.75,20.5],[110.25,21.0],[110.5,21.0],[110.75,21.25],[111.25,21.25],[111.5,21.5],[111.75,21.5],[112.0,21.75],[112.25,21.5],[112.5,21.75],[113.0,21.75],[113.25,22.0],[113.5,22.0],[113.75,22.25],[114.0,22.0],[114.25,22.0],[114.5,22.25],[114.5,22.5],[114.75,22.75],[115.0,22.5],[115.25,22.75],[115.5,22.5],[115.75,22.75],[116.5,22.75],[116.75,23.0],[116.75,23.25],[117.0,23.5],[117.5,23.5],[118.25,24.25],[118.25,24.5],[118.5,24.5],[118.75,24.75],[119.0,24.75],[119.5,25.25],[119.75,25.25],[120.0,25.5],[119.75,25.75],[119.75,26.25],[120.75,27.25],[120.75,27.75],[121.0,27.75],[121.75,28.5],[121.75,29.0],[122.0,29.25],[122.0,29.75],[121.25,30.5],[121.5,30.75],[121.75,30.75],[122.0,31.0],[122.0,31.93],[122.324,31.25],[122.307,31.0],[122.519,30.5],[122.5,30.239],[122.25,30.5],[122.0,30.25],[122.0,30.0],[122.25,29.75],[122.413,29.913],[122.386,29.75],[122.218,29.5],[121.774,28.25],[121.242,27.75],[120.427,26.5],[120.06,25.75],[120.002,25.5],[119.934,25.25],[119.758,25.0],[119.547,24.25],[119.639,24.0],[120.0,23.911],[120.5,24.473],[120.5,24.25],[120.0,23.75],[120.0,22.75],[120.5,22.25],[120.5,22.0],[120.75,21.75],[121.0,22.0],[121.0,22.5],[121.364,22.864],[121.395,22.75],[121.388,22.5],[121.144,22.0],[120.205,20.75],[119.801,20.0],[119.867,19.75],[120.228,19.25],[120.137,18.75],[120.17,18.5],[120.25,18.482],[120.5,18.675],[121.34,19.5],[121.539,19.75],[121.62,20.0],[121.595,20.25],[121.75,20.369],[122.007,20.25],[121.799,20.0],[122.0,19.795],[122.091,19.5],[121.92,19.25],[122.026,18.5],[121.5,18.5],[121.25,18.75],[120.75,18.75],[120.5,18.5],[120.5,18.0],[120.25,17.75],[120.25,16.25],[120.0,16.25],[119.75,16.0],[119.75,15.621],[119.5,16.02],[118.75,16.681],[118.5,16.793],[118.25,16.838],[117.75,16.751],[116.25,16.286],[116.002,16.0],[115.677,15.25],[115.178,14.75],[114.223,14.25],[113.25,14.242],[113.0,14.012],[112.25,12.967],[111.5,12.318],[110.5,12.727],[109.75,12.517],[109.5,12.219],[109.5,13.5],[109.25,13.75],[109.5,14.0],[109.25,14.25]]]},"properties":{"hvalue":1.15,"color":"#E2EBF5"}},{"type":"Feature","geometry":{"type":"Polygon","coordinates":[[[69.087,22.5],[69.366,22.75],[70.0,22.75],[69.75,22.5],[69.087,22.5]]]},"properties":{"hvalue":1.15,"color":"#E2EBF5"}},{"type":"Feature","geometry":{"type":"Polygon","coordinates":[[[120.553,24.553],[120.892,25.0],[121.096,25.096],[120.553,24.553]]]},"properties":{"hvalue":1.15,"color":"#E2EBF5"}},{"type":"Feature","geometry":{"type":"Polygon","coordinates":[[[121.0,30.5],[121.25,30.5],[121.0,30.25],[120.75,30.25],[121.0,30.5]]]},"properties":{"hvalue":1.15,"color":"#E2EBF5"}},{"type":"Feature","geometry":{"type":"Polygon","coordinates":[[[120.0,31.25],[120.25,31.25],[120.25,31.0],[120.0,31.25]]]},"properties":{"hvalue":1.15,"color":"#E2EBF5"}},{"type":"Feature","geometry":{"type":"Polygon","coordinates":[[[120.5,34.079],[120.75,33.622],[121.25,33.302],[121.469,33.0],[121.528,32.5],[121.75,32.25],[121.5,32.25],[121.0,32.75],[121.0,33.0],[120.5,33.5],[120.5,34.079]]]},"properties":{"hvalue":1.15,"color":"#E2EBF5"}},{"type":"Feature","geometry":{"type":"Polygon","coordinates":[[[120.5,36.0],[121.0,36.5],[121.25,36.5],[121.5,36.75],[122.25,36.75],[122.511,37.011],[122.25,36.649],[122.0,36.661],[121.376,36.5],[120.75,36.096],[120.5,35.822],[120.25,35.771],[119.75,35.439],[119.396,35.0],[119.5,34.842],[120.0,34.888],[120.246,34.5],[119.75,34.5],[119.5,34.75],[119.25,34.75],[119.25,35.0],[120.25,36.0],[120.5,36.0]]]},"properties":{"hvalue":1.15,"color":"#E2EBF5"}},{"type":"Feature","geometry":{"type":"Polygon","coordinates":[[[120.25,37.501],[120.251,37.501],[120.249,37.5],[120.25,37.501]]]},"properties":{"hvalue":1.15,"color":"#E2EBF5"}},{"type":"Feature","geometry":{"type":"Polygon","coordinates":[[[119.0,37.75],[118.75,38.0],[118.537,38.213],[119.0,38.032],[119.034,37.75],[119.0,37.651],[119.0,37.75]]]},"properties":{"hvalue":1.15,"color":"#E2EBF5"}},{"type":"Feature","geometry":{"type":"Polygon","coordinates":[[[118.5,38.764],[118.252,38.5],[118.335,38.25],[118.0,38.25],[117.75,38.5],[117.75,39.0],[118.938,39.0],[118.5,38.764]]]},"properties":{"hvalue":1.15,"color":"#E2EBF5"}},{"type":"Feature","geometry":{"type":"Polygon","coordinates":[[[121.75,39.0],[121.964,39.0],[121.505,38.755],[121.75,39.0]]]},"properties":{"hvalue":1.15,"color":"#E2EBF5"}},{"type":"Feature","geometry":{"type":"Polygon","coordinates":[[[121.5,39.25],[121.338,39.25],[121.209,39.5],[121.25,39.55],[121.5,39.25]]]},"properties":{"hvalue":1.15,"color":"#E2EBF5"}},{"type":"Feature","geometry":{"type":"Polygon","coordinates":[[[119.5,39.626],[119.25,39.289],[119.25,39.5],[119.75,40.0],[120.212,40.0],[119.5,39.626]]]},"properties":{"hvalue":1.15,"color":"#E2EBF5"}},{"type":"Feature","geometry":{"type":"Polygon","coordinates":[[[122.0,40.5],[122.25,40.5],[121.75,40.0],[121.677,40.0],[121.75,40.271],[121.25,40.277],[121.0,40.413],[120.75,40.319],[120.75,40.5],[121.0,40.75],[121.75,40.75],[122.0,40.5]]]},"properties":{"hvalue":1.15,"color":"#E2EBF5"}},{"type":"Feature","geometry":{"type":"Polygon","coordinates":[[[106.25,73.25],[106.5,73.25],[106.25,73.0],[106.0,73.0],[106.25,73.25]]]},"properties":{"hvalue":1.15,"color":"#E2EBF5"}},{"type":"Feature","geometry":{"type":"Polygon","coordinates":[[[108.0,73.5],[108.5,73.5],[108.25,73.25],[108.0,73.5]]]},"properties":{"hvalue":1.15,"color":"#E2EBF5"}},{"type":"Feature","geometry":{"type":"Polygon","coordinates":[[[107.25,73.5],[107.5,73.5],[108.0,73.5],[107.75,73.25],[107.0,73.25],[107.25,73.5]]]},"properties":{"hvalue":1.15,"color":"#E2EBF5"}},{"type":"Feature","geometry":{"type":"Polygon","coordinates":[[[109.75,73.5],[109.0,73.5],[108.5,73.5],[109.0,74.0],[109.75,74.0],[109.5,73.75],[109.75,73.5]]]},"properties":{"hvalue":1.15,"color":"#E2EBF5"}},{"type":"Feature","geometry":{"type":"Polygon","coordinates":[[[112.75,73.75],[111.75,73.75],[111.75,74.0],[113.0,74.0],[112.75,73.75]]]},"properties":{"hvalue":1.15,"color":"#E2EBF5"}},{"type":"Feature","geometry":{"type":"Polygon","coordinates":[[[111.25,74.25],[111.0,74.0],[110.75,74.0],[110.5,73.75],[110.5,74.0],[110.25,74.25],[110.5,74.25],[110.75,74.5],[111.75,74.5],[111.5,74.25],[111.25,74.25]]]},"properties":{"hvalue":1.15,"color":"#E2EBF5"}},{"type":"Feature","geometry":{"type":"Polygon","coordinates":[[[112.342,76.75],[111.25,76.75],[111.044,76.956],[112.342,76.75]]]},"properties":{"hvalue":1.15,"color":"#E2EBF5"}},{"type":"Feature","geometry":{"type":"Polygon","coordinates":[[[144.0,-66.79],[144.125,-67.0],[143.946,-67.0],[144.0,-66.79]]]},"properties":{"hvalue":1.15,"color":"#E2EBF5"}},{"type":"Feature","geometry":{"type":"Polygon","coordinates":[[[141.75,-66.696],[141.831,-66.75],[141.72,-66.75],[141.75,-66.696]]]},"properties":{"hvalue":1.15,"color":"#E2EBF5"}},{"type":"Feature","geometry":{"type":"Polygon","coordinates":[[[141.036,-66.75],[140.75,-66.75],[140.602,-66.602],[141.0,-66.672],[141.036,-66.75]]]},"properties":{"hvalue":1.15,"color":"#E2EBF5"}},{"type":"Feature","geometry":{"type":"Polygon","coordinates":[[[139.639,-66.5],[139.5,-66.5],[139.052,-66.5],[139.5,-66.399],[139.639,-66.5]]]},"properties":{"hvalue":1.15,"color":"#E2EBF5"}},{"type":"Feature","geometry":{"type":"Polygon","coordinates":[[[138.905,-66.5],[138.75,-66.5],[138.48,-66.5],[138.5,-66.375],[138.905,-66.5]]]},"properties":{"hvalue":1.15,"color":"#E2EBF5"}},{"type":"Feature","geometry":{"type":"Polygon","coordinates":[[[135.503,-66.003],[136.0,-65.808],[136.25,-65.812],[138.049,-66.25],[138.123,-66.5],[138.0,-66.5],[137.75,-66.25],[135.75,-66.25],[135.503,-66.003]]]},"properties":{"hvalue":1.15,"color":"#E2EBF5"}},{"type":"Feature","geometry":{"type":"Polygon","coordinates":[[[148.5,-41.75],[148.5,-41.342],[148.559,-41.75],[148.466,-42.25],[148.035,-43.0],[147.299,-43.299],[147.25,-43.25],[147.5,-43.0],[147.75,-43.0],[148.25,-42.5],[148.25,-42.0],[148.5,-41.75]]]},"properties":{"hvalue":1.15,"color":"#E2EBF5"}},{"type":"Feature","geometry":{"type":"Polygon","coordinates":[[[146.0,-40.953],[146.077,-41.0],[145.931,-40.931],[146.0,-40.953]]]},"properties":{"hvalue":1.15,"color":"#E2EBF5"}},{"type":"Feature","geometry":{"type":"Polygon","coordinates":[[[145.489,-40.75],[145.0,-40.75],[144.889,-40.639],[145.0,-40.5],[145.489,-40.75]]]},"properties":{"hvalue":1.15,"color":"#E2EBF5"}},{"type":"Feature","geometry":{"type":"Polygon","coordinates":[[[148.432,-40.0],[148.393,-40.393],[148.25,-40.25],[148.18,-40.32],[148.068,-40.182],[148.25,-40.0],[147.953,-39.75],[148.133,-39.75],[148.432,-40.0]]]},"properties":{"hvalue":1.15,"color":"#E2EBF5"}},{"type":"Feature","geometry":{"type":"Polygon","coordinates":[[[146.919,-38.75],[146.5,-39.047],[146.161,-38.839],[146.25,-38.75],[146.919,-38.75]]]},"properties":{"hvalue":1.15,"color":"#E2EBF5"}},{"type":"Feature","geometry":{"type":"Polygon","coordinates":[[[148.587,-38.0],[148.0,-38.145],[147.1,-38.65],[147.75,-38.0],[148.587,-38.0]]]},"properties":{"hvalue":1.15,"color":"#E2EBF5"}},{"type":"Feature","geometry":{"type":"Polygon","coordinates":[[[144.75,-38.0],[145.0,-38.0],[145.0,-38.25],[144.908,-38.342],[144.644,-38.356],[144.75,-38.25],[144.75,-38.0]]]},"properties":{"hvalue":1.15,"color":"#E2EBF5"}},{"type":"Feature","geometry":{"type":"Polygon","coordinates":[[[149.0,-37.75],[149.146,-37.896],[148.791,-37.959],[149.0,-37.75]]]},"properties":{"hvalue":1.15,"color":"#E2EBF5"}},{"type":"Feature","geometry":{"type":"Polygon","coordinates":[[[137.75,-35.852],[137.75,-35.75],[137.834,-35.834],[137.75,-35.852]]]},"properties":{"hvalue":1.15,"color":"#E2EBF5"}},{"type":"Feature","geometry":{"type":"Polygon","coordinates":[[[137.0,-35.259],[136.992,-35.242],[137.021,-35.25],[137.0,-35.259]]]},"properties":{"hvalue":1.15,"color":"#E2EBF5"}},{"type":"Feature","geometry":{"type":"Polygon","coordinates":[[[138.0,-34.5],[138.5,-35.0],[138.25,-35.25],[138.25,-35.5],[138.356,-35.606],[138.104,-35.604],[138.0,-35.5],[137.75,-35.75],[137.5,-35.5],[137.402,-35.5],[137.887,-35.25],[137.802,-35.198],[138.0,-35.0],[138.0,-34.5]]]},"properties":{"hvalue":1.15,"color":"#E2EBF5"}},{"type":"Feature","geometry":{"type":"Polygon","coordinates":[[[137.173,-34.75],[137.25,-34.58],[137.25,-34.75],[137.173,-34.75]]]},"properties":{"hvalue":1.15,"color":"#E2EBF5"}},{"type":"Feature","geometry":{"type":"Polygon","coordinates":[[[135.277,-34.527],[135.224,-34.5],[135.25,-34.462],[135.277,-34.527]]]},"properties":{"hvalue":1.15,"color":"#E2EBF5"}},{"type":"Feature","geometry":{"type":"Polygon","coordinates":[[[137.5,-33.25],[137.75,-33.0],[137.75,-33.75],[137.25,-34.25],[137.25,-34.385],[137.0,-34.271],[136.105,-34.855],[136.0,-34.75],[136.25,-34.5],[136.25,-34.25],[136.5,-34.25],[137.0,-33.75],[137.25,-33.75],[137.5,-33.5],[137.5,-33.25]]]},"properties":{"hvalue":1.15,"color":"#E2EBF5"}},{"type":"Feature","geometry":{"type":"Polygon","coordinates":[[[145.534,-14.75],[145.376,-14.876],[145.25,-14.75],[145.0,-14.75],[144.75,-14.5],[144.75,-14.284],[145.0,-14.517],[145.534,-14.75]]]},"properties":{"hvalue":1.15,"color":"#E2EBF5"}},{"type":"Feature","geometry":{"type":"Polygon","coordinates":[[[144.25,-14.25],[143.75,-14.25],[143.75,-13.54],[143.859,-13.75],[144.154,-14.0],[144.461,-14.039],[144.25,-14.25]]]},"properties":{"hvalue":1.15,"color":"#E2EBF5"}},{"type":"Feature","geometry":{"type":"Polygon","coordinates":[[[143.5,-13.25],[143.605,-13.145],[143.721,-13.471],[143.5,-13.25]]]},"properties":{"hvalue":1.15,"color":"#E2EBF5"}},{"type":"Feature","geometry":{"type":"Polygon","coordinates":[[[123.5,-10.5],[123.879,-10.5],[123.456,-10.706],[123.25,-10.5],[123.0,-10.75],[123.175,-10.925],[123.0,-10.91],[122.777,-10.75],[123.5,-9.832],[123.5,-10.0],[123.25,-10.25],[123.5,-10.5]]]},"properties":{"hvalue":1.15,"color":"#E2EBF5"}},{"type":"Feature","geometry":{"type":"Polygon","coordinates":[[[124.25,-10.25],[124.395,-10.25],[124.105,-10.395],[124.25,-10.25]]]},"properties":{"hvalue":1.15,"color":"#E2EBF5"}},{"type":"Feature","geometry":{"type":"Polygon","coordinates":[[[122.5,-8.75],[122.689,-8.75],[122.402,-8.848],[122.5,-8.75]]]},"properties":{"hvalue":1.15,"color":"#E2EBF5"}},{"type":"Feature","geometry":{"type":"Polygon","coordinates":[[[136.5,-12.0],[136.25,-12.25],[135.75,-11.75],[135.5,-12.0],[135.0,-12.0],[134.75,-11.75],[134.5,-12.0],[134.25,-12.0],[133.75,-11.5],[133.5,-11.75],[133.0,-11.25],[132.5,-11.75],[132.5,-12.0],[132.25,-12.0],[132.0,-12.25],[131.5,-12.25],[131.25,-12.0],[131.0,-12.25],[130.75,-12.25],[130.0,-13.0],[130.0,-13.5],[129.25,-14.25],[129.25,-14.5],[129.5,-14.75],[129.5,-15.0],[129.25,-15.0],[129.0,-14.75],[128.5,-14.75],[128.25,-15.0],[128.25,-14.75],[127.25,-13.75],[127.0,-13.75],[126.75,-14.0],[126.25,-14.0],[126.0,-14.25],[126.0,-14.5],[125.75,-14.25],[125.5,-14.5],[125.25,-14.5],[125.0,-14.75],[125.25,-15.0],[124.5,-15.0],[124.25,-15.25],[124.25,-15.75],[124.5,-16.0],[124.25,-16.25],[124.0,-16.0],[123.5,-16.0],[123.25,-16.25],[123.5,-16.5],[123.5,-16.75],[123.75,-17.0],[123.5,-17.25],[123.25,-17.0],[123.25,-16.5],[123.0,-16.25],[122.0,-17.25],[122.0,-17.75],[122.25,-18.0],[121.5,-18.75],[121.5,-19.0],[120.75,-19.75],[119.75,-19.75],[119.5,-20.0],[119.25,-19.75],[118.75,-20.25],[118.0,-20.25],[117.75,-20.5],[116.75,-20.5],[116.5,-20.75],[116.25,-20.75],[115.5,-21.5],[115.0,-21.5],[114.25,-22.25],[114.25,-22.0],[114.144,-21.894],[114.182,-21.75],[115.25,-20.774],[115.378,-20.5],[115.75,-20.097],[118.441,-18.25],[119.273,-17.5],[119.359,-17.25],[119.75,-16.819],[120.75,-16.28],[121.25,-15.809],[121.75,-15.624],[122.25,-15.264],[123.0,-14.987],[124.0,-14.434],[124.25,-14.381],[124.75,-14.512],[124.873,-14.25],[125.547,-13.75],[125.581,-13.5],[125.373,-13.0],[125.258,-12.0],[125.45,-11.5],[125.25,-11.234],[124.75,-11.383],[124.271,-11.25],[124.274,-11.0],[124.609,-10.5],[124.675,-10.25],[124.542,-10.208],[125.5,-9.25],[126.25,-9.25],[126.5,-9.0],[126.75,-9.0],[127.25,-8.5],[127.0,-8.25],[126.5,-8.25],[126.25,-8.5],[126.0,-8.5],[125.75,-8.25],[125.5,-8.5],[125.25,-8.5],[124.75,-9.0],[124.25,-9.0],[123.573,-9.677],[123.901,-9.0],[123.356,-8.75],[123.017,-8.733],[123.25,-8.5],[123.5,-8.75],[124.0,-8.25],[123.75,-8.0],[123.0,-8.0],[122.75,-8.25],[122.5,-8.25],[122.25,-8.5],[122.0,-8.25],[121.75,-8.5],[121.25,-8.5],[121.0,-8.25],[120.0,-8.25],[119.75,-8.5],[119.5,-8.25],[119.25,-8.5],[119.0,-8.25],[118.25,-8.25],[118.0,-8.0],[117.5,-8.0],[117.25,-8.25],[117.0,-8.25],[116.75,-8.5],[116.75,-8.25],[116.5,-8.0],[116.049,-8.451],[116.278,-7.75],[116.274,-7.5],[116.187,-7.25],[116.0,-7.101],[115.5,-7.139],[115.302,-7.25],[115.37,-7.75],[115.563,-8.063],[115.5,-8.0],[114.5,-8.0],[114.5,-7.75],[114.25,-7.5],[113.0,-7.5],[113.0,-7.25],[114.0,-7.25],[114.25,-7.0],[114.0,-6.75],[112.0,-6.75],[111.75,-6.5],[111.25,-6.5],[111.0,-6.25],[110.75,-6.25],[110.5,-6.5],[110.5,-6.75],[108.75,-6.75],[108.75,-6.5],[108.5,-6.25],[107.5,-6.25],[107.5,-6.0],[107.25,-5.75],[107.0,-6.0],[106.25,-6.0],[106.0,-5.75],[106.0,-3.5],[106.25,-3.25],[106.25,-3.0],[106.5,-3.25],[106.75,-3.25],[107.0,-3.0],[106.25,-2.25],[106.25,-1.75],[106.0,-1.5],[105.5,-1.5],[105.0,-2.0],[104.5,-1.5],[104.5,-1.25],[104.0,-0.75],[103.5,-0.75],[103.75,-0.5],[103.75,-0.25],[104.0,0.0],[103.5,0.5],[103.75,0.75],[103.5,1.0],[103.25,0.75],[103.25,1.0],[103.0,1.25],[102.5,1.25],[102.5,1.5],[102.25,1.75],[102.0,1.5],[101.75,1.75],[102.0,2.0],[101.75,2.25],[101.25,2.25],[101.0,2.5],[100.75,2.25],[100.5,2.25],[100.5,2.5],[99.25,3.75],[98.75,3.75],[98.75,4.0],[98.0,4.75],[98.0,5.0],[97.75,5.25],[97.25,5.25],[97.0,5.5],[96.75,5.5],[96.5,5.25],[96.25,5.5],[96.0,5.5],[95.75,5.75],[95.25,5.75],[95.131,5.631],[95.07,5.75],[95.25,6.239],[95.5,6.762],[95.75,7.075],[97.5,8.422],[97.909,9.75],[97.79,10.5],[98.014,10.736],[98.25,10.5],[98.25,10.25],[98.0,10.0],[98.25,9.75],[98.5,10.0],[98.5,9.5],[98.25,9.25],[98.25,8.75],[98.0,8.5],[98.5,8.0],[98.75,8.0],[99.5,7.25],[99.5,7.0],[100.0,6.5],[100.0,6.25],[100.25,6.0],[100.25,5.0],[100.5,4.75],[100.5,4.0],[101.25,3.25],[101.25,2.75],[101.5,2.5],[101.75,2.5],[102.25,2.0],[102.5,2.0],[103.0,1.5],[103.25,1.5],[103.5,1.25],[104.0,1.25],[103.75,1.0],[104.25,0.5],[104.75,1.0],[104.5,1.25],[104.25,1.25],[104.5,1.5],[104.25,1.75],[104.25,2.0],[104.0,2.25],[104.0,2.5],[103.5,3.0],[103.5,5.0],[101.5,7.0],[100.75,7.0],[100.75,7.25],[100.5,7.5],[100.25,7.5],[100.5,7.75],[100.5,8.25],[100.0,8.75],[100.0,9.25],[100.25,9.5],[100.0,9.75],[99.75,9.5],[99.5,9.5],[99.25,9.25],[99.25,10.5],[99.75,11.0],[99.75,11.5],[100.0,11.75],[100.0,12.0],[100.25,12.25],[100.0,12.5],[100.0,12.75],[100.25,13.0],[100.0,13.25],[100.75,13.25],[100.75,12.75],[101.0,12.5],[102.0,12.5],[102.5,12.0],[102.75,12.0],[102.75,11.75],[103.0,11.5],[103.0,10.75],[103.25,10.5],[103.5,10.75],[103.5,10.5],[104.0,10.0],[104.25,10.25],[104.0,10.5],[104.25,10.5],[104.75,10.0],[105.0,10.0],[104.75,9.75],[104.75,8.75],[105.0,8.5],[105.75,9.25],[106.0,9.25],[106.25,9.5],[106.5,9.5],[106.75,9.75],[106.5,10.0],[106.75,10.25],[107.5,10.25],[107.75,10.5],[108.0,10.5],[108.5,11.0],[108.636,11.0],[107.216,9.5],[107.262,9.25],[107.5,8.937],[107.75,8.885],[108.25,9.118],[109.0,8.526],[109.25,8.381],[109.5,8.35],[110.25,8.341],[110.75,8.452],[111.25,8.461],[112.25,8.635],[112.75,8.832],[113.75,8.64],[114.25,8.981],[115.0,9.034],[116.5,9.999],[116.75,10.061],[117.25,10.017],[118.0,10.138],[119.0,10.827],[119.118,11.25],[119.5,11.589],[119.76,11.74],[120.0,11.5],[120.5,12.0],[120.25,12.25],[120.0,12.25],[119.774,12.024],[119.767,12.25],[120.2,12.75],[120.301,13.25],[120.273,13.523],[120.5,13.75],[120.25,14.0],[120.17,13.92],[120.158,14.0],[120.5,14.234],[120.5,14.0],[120.75,13.75],[121.0,13.75],[121.25,13.5],[121.5,13.75],[121.75,13.75],[122.0,14.0],[121.75,14.25],[121.75,14.75],[122.0,14.5],[122.25,14.75],[122.25,15.0],[122.0,15.25],[121.75,15.0],[121.5,15.25],[121.75,15.5],[121.75,16.0],[122.0,16.0],[122.5,16.5],[122.5,17.179],[122.579,16.75],[122.241,15.5],[122.237,15.25],[122.463,14.463],[122.25,14.25],[122.25,14.0],[121.75,13.5],[121.75,13.25],[122.0,13.0],[122.25,13.25],[122.5,13.0],[122.75,13.25],[122.75,13.75],[123.25,13.25],[123.25,13.0],[123.5,12.75],[123.25,12.5],[123.25,12.25],[123.75,11.75],[124.0,11.75],[124.25,12.0],[124.0,12.25],[124.0,12.5],[124.25,12.75],[124.25,13.25],[124.0,13.5],[123.75,13.5],[124.0,13.75],[124.25,13.5],[124.5,13.827],[124.524,13.25],[124.791,12.75],[124.5,12.75],[124.25,12.5],[124.25,12.25],[124.75,11.75],[124.75,11.5],[124.5,11.75],[124.25,11.5],[124.25,11.25],[124.0,11.5],[123.75,11.5],[123.5,11.25],[123.75,11.0],[123.75,10.75],[123.5,11.0],[123.0,11.0],[123.25,11.25],[122.75,11.75],[122.5,11.75],[122.25,12.0],[122.0,12.0],[121.75,11.75],[122.0,11.5],[122.0,11.0],[121.75,10.75],[121.75,10.5],[122.0,10.25],[122.25,10.5],[122.5,10.25],[122.75,10.5],[122.75,10.25],[122.25,9.75],[123.0,9.0],[123.25,9.0],[123.5,9.25],[123.25,9.5],[123.25,10.0],[123.5,9.75],[124.25,10.5],[124.25,11.0],[124.5,10.75],[124.75,10.75],[124.75,10.5],[124.5,10.25],[124.25,10.25],[123.75,9.75],[124.0,9.5],[124.5,9.5],[124.75,9.75],[124.75,10.0],[125.25,10.5],[125.25,11.0],[125.5,11.0],[125.75,11.25],[125.75,11.5],[125.5,11.75],[125.702,11.952],[126.25,10.571],[126.75,10.358],[127.154,10.0],[127.273,9.75],[126.645,9.0],[126.555,8.0],[126.661,7.589],[126.5,7.75],[126.5,9.0],[126.0,9.5],[126.25,9.75],[126.0,10.0],[125.75,9.75],[125.25,10.25],[125.0,10.0],[125.25,9.75],[125.25,9.5],[125.5,9.25],[125.5,9.0],[125.0,9.0],[124.75,8.75],[124.75,8.5],[124.5,8.75],[124.25,8.5],[124.25,8.25],[124.0,8.25],[124.0,8.5],[123.75,8.75],[123.25,8.75],[122.75,8.25],[122.25,8.25],[122.0,8.0],[122.0,7.25],[121.75,7.0],[121.75,6.5],[122.0,6.25],[122.25,6.5],[122.25,7.0],[122.5,7.25],[122.5,7.5],[123.25,7.5],[123.5,7.75],[123.75,7.5],[124.0,7.5],[124.25,7.25],[124.0,7.25],[123.75,7.0],[123.75,6.75],[124.0,6.5],[124.0,6.25],[124.25,6.0],[124.5,6.0],[124.75,5.75],[125.0,5.75],[125.25,6.0],[125.5,5.75],[125.75,6.0],[125.75,6.5],[125.5,6.75],[126.25,6.75],[126.508,7.008],[126.556,6.25],[127.0,5.795],[127.25,5.832],[127.357,5.75],[127.416,5.5],[127.196,5.25],[127.301,5.0],[127.5,4.86],[128.0,4.722],[128.5,4.67],[128.75,4.745],[128.979,5.25],[128.75,5.897],[128.5,5.901],[128.25,5.519],[127.807,5.75],[128.0,5.947],[128.25,5.947],[129.0,6.159],[130.25,7.682],[131.0,8.109],[131.5,8.503],[132.75,9.05],[133.25,9.178],[133.5,9.489],[133.75,9.66],[135.831,10.0],[138.0,10.875],[138.555,11.25],[139.0,11.419],[140.0,11.442],[140.25,11.387],[141.008,11.0],[141.327,10.75],[141.296,10.5],[141.116,10.25],[141.802,9.25],[142.25,9.047],[142.5,9.1],[143.0,9.027],[143.25,8.893],[143.5,8.914],[143.611,9.0],[143.591,9.25],[143.683,9.5],[144.454,10.5],[144.504,10.75],[144.75,10.996],[144.841,11.25],[145.422,12.0],[145.402,12.25],[145.241,12.5],[145.0,12.687],[144.5,12.79],[144.392,13.0],[144.5,13.184],[144.523,13.477],[144.75,13.25],[145.0,13.5],[144.821,13.679],[146.5,13.261],[147.0,13.38],[147.25,13.361],[147.51,13.25],[147.834,12.75],[148.431,12.5],[148.75,12.237],[149.5,12.32],[150.5,12.13],[151.0,11.907],[151.5,11.534],[152.0,11.359],[153.5,11.396],[153.75,11.377],[153.981,11.25],[153.977,11.0],[154.09,10.75],[154.914,10.25],[155.171,10.0],[155.326,9.5],[155.265,8.75],[154.488,8.5],[154.781,8.0],[154.733,7.75],[152.75,6.565],[152.25,6.584],[151.5,6.452],[149.25,5.411],[148.25,5.43],[146.75,4.773],[146.618,4.25],[146.834,3.75],[146.861,3.5],[147.038,3.25],[148.143,2.75],[148.75,2.322],[149.919,1.25],[150.175,0.75],[150.635,0.25],[151.25,0.07],[152.25,-0.386],[153.14,-0.5],[153.5,-0.839],[153.552,-1.75],[153.5,-1.809],[153.0,-1.682],[152.757,-2.0],[152.598,-2.5],[152.75,-3.065],[152.962,-3.25],[152.888,-3.5],[153.114,-4.114],[152.0,-3.0],[151.75,-3.0],[151.5,-2.75],[151.25,-3.0],[151.75,-3.5],[152.0,-3.5],[152.5,-4.0],[152.413,-4.413],[152.25,-4.25],[152.0,-4.25],[151.75,-4.0],[151.5,-4.25],[151.5,-4.75],[151.25,-4.75],[151.0,-5.0],[151.0,-5.25],[150.5,-5.25],[150.25,-5.5],[150.25,-5.25],[150.0,-5.0],[149.5,-5.5],[149.25,-5.5],[149.0,-5.25],[148.5,-5.25],[148.25,-5.5],[148.25,-5.75],[148.5,-6.0],[148.75,-6.0],[149.0,-6.25],[149.5,-6.25],[149.75,-6.5],[150.0,-6.5],[150.25,-6.25],[150.479,-6.25],[150.308,-6.5],[150.42,-7.0],[150.379,-7.5],[150.246,-7.75],[150.33,-8.0],[150.75,-8.232],[151.0,-8.125],[151.28,-8.5],[151.145,-9.25],[151.25,-9.625],[151.462,-9.962],[151.25,-9.75],[151.0,-9.75],[150.75,-10.0],[151.0,-10.25],[151.25,-10.25],[151.491,-10.009],[152.25,-10.331],[152.5,-10.302],[153.0,-10.55],[153.5,-11.063],[154.0,-11.072],[154.203,-11.25],[153.75,-11.53],[153.5,-11.25],[153.25,-11.55],[152.75,-11.184],[152.0,-11.068],[151.75,-11.135],[151.0,-11.091],[150.5,-10.949],[149.254,-11.0],[149.0,-11.167],[148.75,-11.586],[147.5,-12.18],[147.25,-12.143],[146.686,-11.5],[146.0,-11.29],[144.75,-11.691],[144.0,-11.58],[143.595,-11.75],[143.537,-12.5],[143.79,-12.75],[143.612,-12.862],[143.5,-12.75],[143.5,-12.5],[143.25,-12.25],[143.25,-12.0],[143.0,-11.75],[143.0,-11.0],[142.5,-10.5],[142.25,-10.5],[142.0,-10.75],[142.0,-11.75],[141.5,-12.25],[141.5,-12.5],[141.75,-12.75],[141.5,-13.0],[141.5,-15.25],[141.25,-15.5],[141.25,-16.5],[140.75,-17.0],[140.75,-17.5],[140.5,-17.75],[140.25,-17.75],[140.0,-17.5],[139.5,-17.5],[139.25,-17.25],[139.25,-17.0],[139.0,-16.75],[138.5,-16.75],[138.25,-16.5],[138.0,-16.5],[137.5,-16.0],[137.25,-16.0],[137.25,-15.75],[137.0,-15.5],[136.25,-15.5],[135.5,-14.75],[136.0,-14.25],[136.0,-14.0],[136.0,-13.75],[136.0,-13.5],[136.25,-13.25],[136.5,-13.25],[136.75,-13.0],[136.75,-12.75],[137.0,-12.5],[137.0,-12.25],[136.75,-12.0],[136.5,-12.0]],[[124.25,-8.5],[125.0,-8.5],[125.25,-8.25],[125.0,-8.0],[124.25,-8.0],[124.0,-8.25],[124.25,-8.5]],[[99.75,6.5],[99.5,6.25],[99.75,6.0],[100.0,6.25],[99.75,6.5]],[[121.25,13.5],[120.75,13.5],[120.5,13.25],[120.75,13.0],[120.75,12.5],[121.25,12.0],[121.5,12.25],[121.5,12.5],[121.75,12.75],[121.5,13.0],[121.5,13.25],[121.25,13.5]],[[123.0,13.25],[122.75,13.0],[123.0,12.75],[123.25,13.0],[123.0,13.25]],[[122.25,12.25],[122.25,12.5],[122.0,12.75],[121.75,12.5],[121.75,12.25],[122.0,12.0],[122.25,12.25]],[[122.5,12.25],[122.75,12.5],[122.5,12.75],[122.25,12.5],[122.5,12.25]],[[148.0,-5.5],[147.75,-5.75],[148.0,-6.0],[148.25,-5.75],[148.0,-5.5]],[[142.5,-10.25],[142.25,-10.0],[142.0,-10.25],[142.25,-10.5],[142.5,-10.25]],[[136.0,-13.75],[136.75,-14.5],[137.0,-14.25],[136.75,-14.0],[136.75,-13.75],[136.5,-13.5],[136.25,-13.5],[136.0,-13.75]]]},"properties":{"hvalue":1.15,"color":"#E2EBF5"}},{"type":"Feature","geometry":{"type":"Polygon","coordinates":[[[125.569,12.181],[125.25,12.5],[125.048,12.702],[125.25,12.65],[125.409,12.5],[125.569,12.181]]]},"properties":{"hvalue":1.15,"color":"#E2EBF5"}},{"type":"Feature","geometry":{"type":"Polygon","coordinates":[[[145.619,14.0],[145.5,13.939],[145.236,14.0],[145.5,14.057],[145.619,14.0]]]},"properties":{"hvalue":1.15,"color":"#E2EBF5"}},{"type":"Feature","geometry":{"type":"Polygon","coordinates":[[[124.16,14.16],[124.0,14.0],[124.0,13.75],[123.75,14.0],[123.5,14.0],[123.25,13.75],[123.25,14.0],[122.802,14.448],[123.0,14.485],[123.25,14.356],[124.16,14.16]]]},"properties":{"hvalue":1.15,"color":"#E2EBF5"}},{"type":"Feature","geometry":{"type":"Polygon","coordinates":[[[145.75,14.8],[145.547,15.0],[145.75,15.357],[146.076,15.25],[146.44,15.0],[146.25,14.817],[145.75,14.8]]]},"properties":{"hvalue":1.15,"color":"#E2EBF5"}},{"type":"Feature","geometry":{"type":"Polygon","coordinates":[[[122.25,17.5],[122.25,18.0],[122.358,18.108],[122.343,17.75],[122.461,17.289],[122.25,17.5]]]},"properties":{"hvalue":1.15,"color":"#E2EBF5"}},{"type":"Feature","geometry":{"type":"Polygon","coordinates":[[[123.75,23.83],[123.627,24.0],[123.666,24.084],[123.75,24.0],[124.0,24.25],[123.896,24.354],[124.241,24.25],[124.0,23.934],[123.75,23.83]]]},"properties":{"hvalue":1.15,"color":"#E2EBF5"}},{"type":"Feature","geometry":{"type":"Polygon","coordinates":[[[125.25,24.844],[125.33,24.75],[125.25,24.596],[125.155,24.75],[125.25,24.844]]]},"properties":{"hvalue":1.15,"color":"#E2EBF5"}},{"type":"Feature","geometry":{"type":"Polygon","coordinates":[[[130.491,30.491],[130.719,30.75],[130.79,30.75],[130.75,30.442],[130.491,30.491]]]},"properties":{"hvalue":1.15,"color":"#E2EBF5"}},{"type":"Feature","geometry":{"type":"Polygon","coordinates":[[[122.75,30.787],[122.75,30.688],[122.581,30.75],[122.75,30.787]]]},"properties":{"hvalue":1.15,"color":"#E2EBF5"}},{"type":"Feature","geometry":{"type":"Polygon","coordinates":[[[130.906,31.094],[130.607,31.0],[130.5,30.859],[130.117,31.25],[130.018,31.732],[130.25,31.5],[130.25,31.25],[130.5,31.0],[130.75,31.25],[130.906,31.094]]]},"properties":{"hvalue":1.15,"color":"#E2EBF5"}},{"type":"Feature","geometry":{"type":"Polygon","coordinates":[[[129.75,32.75],[130.0,32.75],[130.25,32.5],[130.5,32.75],[130.5,32.5],[130.0,32.0],[130.0,31.857],[129.865,32.25],[129.446,33.0],[129.75,32.75]]]},"properties":{"hvalue":1.15,"color":"#E2EBF5"}},{"type":"Feature","geometry":{"type":"Polygon","coordinates":[[[132.5,34.25],[132.75,34.0],[132.25,33.5],[132.25,33.325],[132.0,33.38],[131.897,33.103],[131.75,33.25],[131.75,33.5],[131.5,33.75],[131.25,33.75],[131.5,34.0],[131.75,34.0],[132.0,33.75],[132.5,34.25]]]},"properties":{"hvalue":1.15,"color":"#E2EBF5"}},{"type":"Feature","geometry":{"type":"Polygon","coordinates":[[[133.75,34.25],[133.5,34.0],[133.25,34.0],[133.0,34.25],[133.75,34.25]]]},"properties":{"hvalue":1.15,"color":"#E2EBF5"}},{"type":"Feature","geometry":{"type":"Polygon","coordinates":[[[134.997,34.247],[135.0,34.25],[135.0,34.247],[134.997,34.247]]]},"properties":{"hvalue":1.15,"color":"#E2EBF5"}},{"type":"Feature","geometry":{"type":"Polygon","coordinates":[[[134.75,34.5],[135.25,34.5],[135.0,34.25],[134.75,34.5]]]},"properties":{"hvalue":1.15,"color":"#E2EBF5"}},{"type":"Feature","geometry":{"type":"Polygon","coordinates":[[[134.5,34.75],[134.75,34.5],[134.5,34.25],[134.25,34.5],[134.5,34.75]]]},"properties":{"hvalue":1.15,"color":"#E2EBF5"}},{"type":"Feature","geometry":{"type":"Polygon","coordinates":[[[128.5,34.603],[128.001,34.501],[128.5,35.0],[129.004,35.0],[128.5,34.603]]]},"properties":{"hvalue":1.15,"color":"#E2EBF5"}},{"type":"Feature","geometry":{"type":"Polygon","coordinates":[[[136.75,34.75],[136.75,35.0],[137.0,34.75],[137.25,34.75],[137.334,34.666],[136.865,34.635],[136.75,34.75]]]},"properties":{"hvalue":1.15,"color":"#E2EBF5"}},{"type":"Feature","geometry":{"type":"Polygon","coordinates":[[[138.663,35.0],[138.75,35.0],[138.75,34.923],[138.663,35.0]]]},"properties":{"hvalue":1.15,"color":"#E2EBF5"}},{"type":"Feature","geometry":{"type":"Polygon","coordinates":[[[140.0,35.5],[139.75,35.25],[139.75,35.133],[139.549,35.299],[139.75,35.5],[140.0,35.5]]]},"properties":{"hvalue":1.15,"color":"#E2EBF5"}},{"type":"Feature","geometry":{"type":"Polygon","coordinates":[[[125.491,34.25],[125.25,34.381],[125.192,34.5],[125.517,35.0],[125.617,35.5],[125.662,36.0],[125.555,37.0],[125.446,37.25],[124.747,37.75],[124.868,38.132],[125.25,37.75],[126.0,37.75],[126.25,37.5],[126.5,37.5],[126.5,37.0],[126.25,37.0],[126.0,36.75],[126.5,36.25],[126.5,35.5],[126.25,35.25],[126.25,34.75],[126.0,34.5],[126.25,34.25],[127.25,34.25],[127.5,34.5],[127.5,34.75],[127.75,34.5],[127.999,34.5],[127.0,33.615],[126.922,33.578],[126.75,33.75],[126.5,33.75],[126.25,33.5],[126.25,33.25],[126.459,33.041],[126.25,33.068],[126.012,33.25],[126.123,33.5],[126.421,33.75],[125.941,34.0],[125.75,34.222],[125.491,34.25]]]},"properties":{"hvalue":1.15,"color":"#E2EBF5"}},{"type":"Feature","geometry":{"type":"Polygon","coordinates":[[[123.25,39.75],[124.5,39.75],[124.75,39.5],[125.25,39.5],[125.25,39.25],[124.75,39.382],[124.5,39.598],[123.75,39.696],[123.25,39.6],[122.5,39.203],[122.058,39.058],[122.25,39.25],[122.5,39.25],[122.75,39.5],[123.0,39.5],[123.25,39.75]]]},"properties":{"hvalue":1.15,"color":"#E2EBF5"}},{"type":"Feature","geometry":{"type":"Polygon","coordinates":[[[141.25,41.0],[141.0,41.0],[141.25,41.25],[141.033,41.467],[141.25,41.418],[141.383,41.25],[141.407,40.843],[141.25,41.0]]]},"properties":{"hvalue":1.15,"color":"#E2EBF5"}},{"type":"Feature","geometry":{"type":"Polygon","coordinates":[[[133.0,36.143],[133.25,36.0],[133.393,36.143],[134.25,36.402],[136.047,37.25],[136.395,37.5],[136.379,37.75],[136.176,38.0],[136.106,38.25],[135.75,38.504],[134.932,38.75],[134.868,39.0],[135.167,39.5],[135.33,40.0],[135.75,40.606],[136.0,40.792],[136.75,40.998],[137.25,41.259],[138.063,42.0],[138.75,42.423],[139.0,42.7],[139.34,43.25],[139.313,43.5],[138.642,44.25],[138.75,44.4],[139.307,44.75],[139.551,45.25],[139.412,45.5],[138.25,45.773],[138.0,45.575],[137.75,45.082],[137.25,44.851],[136.5,44.007],[135.75,43.549],[135.274,43.0],[135.0,42.422],[134.75,42.349],[134.5,42.44],[133.75,42.299],[133.0,42.462],[132.0,42.803],[131.75,42.714],[131.25,42.348],[130.5,42.021],[129.75,41.5],[130.5,42.25],[130.75,42.25],[131.0,42.5],[131.25,42.5],[132.0,43.25],[132.5,42.75],[133.0,42.75],[133.25,42.5],[133.5,42.75],[134.0,42.75],[134.25,43.0],[134.5,43.0],[134.75,43.25],[135.0,43.25],[137.0,45.25],[137.25,45.25],[138.5,46.5],[138.5,46.75],[138.706,46.956],[138.763,46.75],[139.25,46.327],[139.75,46.038],[140.0,45.981],[141.5,46.043],[141.75,46.145],[141.75,46.0],[142.0,45.75],[142.5,46.25],[142.5,46.5],[143.25,46.5],[143.5,46.25],[143.75,46.5],[143.25,47.0],[143.25,47.25],[143.0,47.5],[142.75,47.5],[142.75,48.5],[142.998,48.748],[143.085,48.25],[143.25,47.966],[143.5,47.793],[144.25,47.885],[144.75,47.644],[145.5,47.604],[145.75,47.641],[146.25,47.928],[146.5,47.958],[147.0,47.76],[147.197,47.5],[147.202,47.0],[147.311,46.5],[147.816,46.0],[148.598,45.598],[148.5,45.5],[148.556,45.444],[148.0,45.5],[147.75,45.25],[147.5,45.25],[147.0,44.75],[147.056,44.694],[146.725,44.75],[146.5,44.948],[146.25,44.941],[146.045,44.75],[146.25,44.631],[146.316,44.5],[146.0,44.5],[145.25,43.75],[145.25,44.0],[145.0,44.25],[144.75,44.0],[144.5,44.0],[144.25,44.25],[143.75,44.25],[143.5,44.5],[143.25,44.5],[143.0,44.75],[142.75,44.75],[142.5,45.0],[142.5,45.25],[142.25,45.5],[141.75,45.5],[141.5,45.25],[141.5,44.75],[141.75,44.5],[141.5,44.25],[141.5,44.0],[141.25,43.75],[141.25,43.25],[140.75,43.25],[140.5,43.5],[140.25,43.25],[140.25,43.0],[139.75,42.5],[139.75,42.25],[140.0,42.0],[140.0,41.75],[139.75,41.5],[140.0,41.25],[140.25,41.25],[140.75,41.75],[140.939,41.5],[140.75,41.5],[139.75,40.5],[139.75,40.25],[140.0,40.0],[140.0,39.5],[139.75,39.25],[139.75,38.75],[139.25,38.25],[139.25,38.0],[139.0,38.0],[138.25,37.25],[138.0,37.25],[137.75,37.0],[137.25,37.0],[137.25,37.25],[137.0,37.5],[136.75,37.5],[136.5,37.25],[136.5,36.5],[136.25,36.5],[135.75,36.0],[136.0,35.75],[135.75,35.5],[135.5,35.5],[135.5,35.75],[135.25,36.0],[135.0,35.75],[134.25,35.75],[134.0,35.5],[133.75,35.75],[133.5,35.75],[133.25,35.5],[132.75,35.5],[132.25,35.0],[132.103,35.0],[132.75,35.759],[132.824,36.0],[133.0,36.143]]]},"properties":{"hvalue":1.15,"color":"#E2EBF5"}},{"type":"Feature","geometry":{"type":"Polygon","coordinates":[[[140.75,42.5],[140.938,42.312],[140.5,42.25],[140.5,42.5],[140.75,42.5]]]},"properties":{"hvalue":1.15,"color":"#E2EBF5"}},{"type":"Feature","geometry":{"type":"Polygon","coordinates":[[[142.0,42.5],[142.091,42.409],[141.854,42.5],[142.0,42.5]]]},"properties":{"hvalue":1.15,"color":"#E2EBF5"}},{"type":"Feature","geometry":{"type":"Polygon","coordinates":[[[145.413,43.337],[145.25,43.5],[145.25,43.75],[145.5,43.5],[145.607,43.607],[145.775,43.5],[145.413,43.337]]]},"properties":{"hvalue":1.15,"color":"#E2EBF5"}},{"type":"Feature","geometry":{"type":"Polygon","coordinates":[[[140.0,48.217],[139.85,48.1],[140.05,48.3],[140.0,48.217]]]},"properties":{"hvalue":1.15,"color":"#E2EBF5"}},{"type":"Feature","geometry":{"type":"Polygon","coordinates":[[[141.995,48.5],[142.0,48.5],[142.0,48.493],[141.995,48.5]]]},"properties":{"hvalue":1.15,"color":"#E2EBF5"}},{"type":"Feature","geometry":{"type":"Polygon","coordinates":[[[143.5,49.118],[143.127,49.0],[143.0,48.753],[143.0,49.0],[143.25,49.25],[144.0,49.25],[144.226,49.024],[143.5,49.118]]]},"properties":{"hvalue":1.15,"color":"#E2EBF5"}},{"type":"Feature","geometry":{"type":"Polygon","coordinates":[[[140.5,49.221],[140.5,49.75],[140.726,49.976],[140.5,49.221]]]},"properties":{"hvalue":1.15,"color":"#E2EBF5"}},{"type":"Feature","geometry":{"type":"Polygon","coordinates":[[[141.5,52.0],[142.0,51.5],[142.0,50.184],[141.75,50.657],[141.5,50.715],[141.0,50.424],[140.731,50.019],[140.5,50.25],[140.5,50.75],[140.75,51.0],[140.75,51.25],[141.5,52.0]]]},"properties":{"hvalue":1.15,"color":"#E2EBF5"}},{"type":"Feature","geometry":{"type":"Polygon","coordinates":[[[143.0,53.75],[143.0,54.25],[142.75,54.5],[142.5,54.5],[142.25,54.25],[142.5,54.0],[142.5,53.5],[142.277,53.723],[142.373,53.75],[142.143,54.25],[142.235,54.5],[142.0,54.739],[141.75,54.896],[141.25,55.014],[140.75,54.783],[140.73,54.5],[140.919,54.25],[141.072,53.75],[141.5,53.581],[142.026,53.526],[141.75,53.25],[141.75,52.5],[141.5,52.25],[141.25,52.5],[141.25,52.75],[141.0,53.0],[141.25,53.0],[141.5,53.25],[141.25,53.5],[141.0,53.5],[140.75,53.75],[140.5,53.75],[140.0,54.25],[139.0,54.25],[138.75,54.5],[138.5,54.25],[138.75,54.0],[138.5,54.0],[138.25,53.75],[137.75,53.75],[137.5,54.0],[137.75,54.25],[137.5,54.5],[137.0,54.0],[137.0,54.5],[136.75,54.75],[135.5,54.75],[135.5,55.0],[136.0,55.0],[136.5,55.5],[136.75,55.5],[137.0,55.75],[137.25,55.75],[137.5,56.0],[137.75,56.0],[138.75,57.0],[139.25,57.0],[139.5,57.25],[139.75,57.25],[140.25,57.75],[140.5,57.75],[140.75,58.0],[140.75,58.25],[141.25,58.25],[141.5,58.5],[141.75,58.5],[142.25,59.0],[142.5,59.0],[142.75,59.25],[145.75,59.25],[146.0,59.0],[146.25,59.0],[146.5,59.25],[149.25,59.25],[149.75,59.75],[150.0,59.5],[150.5,59.5],[150.75,59.25],[151.0,59.5],[151.5,59.5],[151.75,59.25],[151.25,59.25],[151.0,59.0],[151.25,58.75],[152.75,58.75],[153.0,59.0],[155.25,59.0],[155.5,59.25],[155.25,59.5],[154.75,59.5],[154.5,59.75],[154.25,59.5],[154.25,59.75],[154.5,60.0],[154.75,60.0],[155.0,60.25],[155.25,60.25],[155.5,60.5],[155.75,60.5],[156.25,61.0],[156.5,61.0],[156.75,61.25],[156.75,61.5],[157.25,61.5],[157.5,61.75],[157.75,61.75],[158.0,61.5],[158.25,61.75],[159.25,61.75],[159.5,61.5],[159.75,61.5],[160.0,61.75],[160.25,61.75],[159.75,61.25],[159.75,61.0],[159.978,60.772],[159.25,61.089],[158.75,61.085],[157.75,60.924],[157.5,60.953],[157.25,61.127],[157.0,61.094],[156.882,61.0],[157.0,60.806],[157.155,60.75],[156.777,60.5],[156.625,60.25],[156.66,60.0],[156.997,59.75],[157.761,59.75],[157.715,59.5],[157.25,59.064],[156.201,58.75],[156.5,58.677],[156.935,58.75],[157.0,58.876],[157.25,58.961],[158.996,59.25],[159.766,59.5],[161.567,60.25],[162.0,60.606],[162.466,60.716],[162.25,60.5],[162.0,60.5],[161.5,60.0],[161.25,60.0],[161.0,59.75],[160.75,59.75],[160.5,59.5],[160.25,59.5],[160.0,59.25],[159.75,59.25],[159.5,59.0],[159.5,58.75],[159.25,58.75],[159.0,58.5],[158.75,58.5],[158.25,58.0],[158.0,58.0],[157.75,58.25],[157.5,58.0],[157.0,58.0],[156.75,57.75],[156.75,57.25],[156.5,57.0],[156.25,57.0],[155.971,56.721],[156.139,57.0],[156.0,57.159],[155.5,57.295],[153.656,57.25],[153.642,57.5],[154.852,58.25],[154.5,58.261],[154.25,58.162],[153.0,58.01],[151.842,58.5],[151.0,58.597],[150.119,58.5],[148.5,57.479],[147.171,57.0],[146.25,56.397],[145.581,56.25],[145.354,56.0],[146.0,55.62],[146.896,55.25],[148.0,55.182],[148.282,55.0],[147.927,54.75],[146.5,54.105],[145.5,53.533],[145.25,53.439],[144.75,53.43],[144.25,53.133],[144.0,52.968],[143.75,52.648],[143.363,51.887],[143.25,52.0],[143.25,52.25],[143.5,52.5],[143.5,52.75],[143.25,53.0],[143.25,53.5],[143.0,53.75]]]},"properties":{"hvalue":1.15,"color":"#E2EBF5"}},{"type":"Feature","geometry":{"type":"Polygon","coordinates":[[[167.25,-77.75],[167.5,-77.75],[168.0,-77.75],[167.75,-78.0],[167.0,-78.0],[167.25,-77.75]]]},"properties":{"hvalue":1.15,"color":"#E2EBF5"}},{"type":"Feature","geometry":{"type":"Polygon","coordinates":[[[163.25,-76.25],[163.0,-76.0],[163.0,-75.75],[163.25,-75.5],[164.0,-75.5],[164.25,-75.25],[164.25,-75.057],[164.375,-75.0],[164.311,-74.939],[164.5,-74.75],[165.25,-74.75],[165.5,-74.5],[165.25,-74.25],[165.5,-74.0],[166.0,-74.0],[166.25,-73.75],[167.25,-73.75],[167.5,-73.5],[168.0,-73.5],[168.25,-73.25],[168.5,-73.5],[168.75,-73.25],[169.0,-73.5],[169.25,-73.25],[169.5,-73.25],[170.25,-72.5],[170.0,-72.25],[170.25,-72.0],[170.5,-72.0],[170.75,-71.75],[170.75,-71.5],[170.5,-71.25],[170.25,-71.5],[169.75,-71.5],[169.5,-71.25],[168.75,-71.25],[168.5,-71.0],[168.0,-71.0],[167.75,-70.75],[166.75,-70.75],[166.5,-70.5],[164.5,-70.5],[164.25,-70.25],[164.0,-70.5],[163.0,-70.5],[162.75,-70.25],[162.0,-70.25],[161.75,-70.5],[161.5,-70.5],[161.25,-70.25],[161.0,-70.25],[160.75,-70.0],[160.25,-70.0],[160.25,-69.75],[160.0,-69.5],[159.5,-69.5],[159.25,-69.25],[158.5,-69.25],[158.25,-69.0],[156.289,-69.0],[155.941,-68.941],[155.75,-68.75],[154.754,-68.75],[154.75,-68.5],[154.5,-68.25],[153.5,-68.25],[153.25,-68.5],[151.25,-68.5],[151.0,-68.25],[147.5,-68.25],[147.0,-67.75],[146.75,-67.75],[146.5,-67.5],[146.25,-67.5],[146.5,-67.25],[146.191,-66.941],[146.404,-66.75],[146.25,-66.589],[145.651,-66.5],[145.5,-66.382],[144.927,-66.25],[144.514,-66.0],[148.75,-65.559],[151.0,-65.004],[152.451,-64.75],[153.557,-64.0],[155.75,-63.395],[157.0,-63.376],[158.25,-63.19],[162.0,-63.169],[163.0,-63.084],[165.5,-63.283],[167.5,-64.087],[168.0,-64.172],[168.75,-64.179],[169.5,-64.07],[170.5,-64.208],[171.25,-64.058],[171.75,-63.774],[173.25,-63.839],[173.5,-63.886],[174.5,-64.442],[176.75,-64.618],[177.279,-64.75],[177.439,-65.0],[177.75,-65.143],[178.5,-65.222],[179.75,-65.507],[179.75,-78.0],[176.75,-78.0],[176.75,-77.75],[176.25,-77.25],[167.25,-77.25],[167.0,-77.0],[166.75,-77.0],[166.25,-77.5],[166.75,-78.0],[165.0,-78.0],[164.75,-77.75],[164.5,-77.75],[164.25,-77.5],[164.0,-77.5],[163.75,-77.25],[163.5,-77.25],[163.25,-77.0],[163.25,-76.75],[163.0,-76.5],[163.25,-76.25]]]},"properties":{"hvalue":1.15,"color":"#E2EBF5"}},{"type":"Feature","geometry":{"type":"Polygon","coordinates":[[[166.25,-50.756],[166.25,-50.743],[166.264,-50.75],[166.25,-50.756]]]},"properties":{"hvalue":1.15,"color":"#E2EBF5"}},{"type":"Feature","geometry":{"type":"Polygon","coordinates":[[[168.25,-46.75],[169.112,-46.75],[168.161,-47.089],[168.25,-47.0],[167.89,-46.64],[168.129,-46.629],[168.25,-46.75]]]},"properties":{"hvalue":1.15,"color":"#E2EBF5"}},{"type":"Feature","geometry":{"type":"Polygon","coordinates":[[[171.25,-45.0],[171.25,-44.5],[171.5,-44.25],[172.0,-44.25],[172.5,-43.75],[172.75,-44.0],[173.0,-44.0],[173.25,-43.75],[172.75,-43.25],[173.25,-43.25],[173.435,-43.065],[173.468,-44.0],[173.891,-44.75],[173.882,-45.0],[174.0,-45.259],[173.75,-45.454],[172.5,-45.77],[171.75,-46.053],[171.0,-46.158],[169.591,-46.659],[169.75,-46.5],[170.0,-46.5],[170.25,-46.25],[170.25,-46.0],[170.5,-46.0],[170.75,-45.75],[170.75,-45.5],[171.25,-45.0]]]},"properties":{"hvalue":1.15,"color":"#E2EBF5"}},{"type":"Feature","geometry":{"type":"Polygon","coordinates":[[[170.5,-42.995],[170.509,-42.991],[170.494,-43.0],[170.5,-42.995]]]},"properties":{"hvalue":1.15,"color":"#E2EBF5"}},{"type":"Feature","geometry":{"type":"Polygon","coordinates":[[[170.992,-42.75],[171.0,-42.742],[171.0,-42.75],[170.992,-42.75]]]},"properties":{"hvalue":1.15,"color":"#E2EBF5"}},{"type":"Feature","geometry":{"type":"Polygon","coordinates":[[[173.75,-42.288],[173.75,-42.25],[173.776,-42.25],[173.75,-42.288]]]},"properties":{"hvalue":1.15,"color":"#E2EBF5"}},{"type":"Feature","geometry":{"type":"Polygon","coordinates":[[[174.75,-41.593],[174.25,-41.73],[174.25,-41.5],[174.5,-41.25],[174.75,-41.5],[175.25,-41.5],[175.37,-41.62],[174.75,-41.593]]]},"properties":{"hvalue":1.15,"color":"#E2EBF5"}},{"type":"Feature","geometry":{"type":"Polygon","coordinates":[[[173.75,-40.09],[174.0,-39.952],[174.109,-39.75],[174.25,-39.75],[174.5,-40.0],[175.0,-40.0],[175.25,-40.25],[175.0,-40.5],[175.0,-40.75],[174.5,-41.25],[174.0,-40.75],[173.75,-41.0],[173.5,-41.0],[173.25,-41.25],[172.552,-40.552],[172.75,-40.36],[173.75,-40.09]]]},"properties":{"hvalue":1.15,"color":"#E2EBF5"}},{"type":"Feature","geometry":{"type":"Polygon","coordinates":[[[174.148,-39.0],[174.444,-38.806],[174.25,-39.0],[174.148,-39.0]]]},"properties":{"hvalue":1.15,"color":"#E2EBF5"}},{"type":"Feature","geometry":{"type":"Polygon","coordinates":[[[150.062,-36.688],[150.065,-36.75],[150.043,-37.043],[150.0,-36.75],[150.062,-36.688]]]},"properties":{"hvalue":1.15,"color":"#E2EBF5"}},{"type":"Feature","geometry":{"type":"Polygon","coordinates":[[[174.0,-35.0],[173.75,-34.75],[173.5,-35.0],[173.25,-34.75],[173.25,-34.5],[173.096,-34.346],[173.75,-34.2],[174.32,-34.25],[175.361,-34.5],[175.814,-34.75],[176.0,-34.863],[176.225,-35.25],[177.0,-36.104],[177.538,-37.0],[177.765,-37.25],[178.228,-37.5],[178.0,-37.5],[177.75,-37.75],[177.5,-37.75],[177.25,-38.0],[177.0,-37.75],[176.75,-37.75],[176.5,-37.5],[176.0,-37.5],[176.0,-37.0],[175.5,-36.5],[175.25,-36.75],[175.0,-36.75],[174.75,-36.5],[174.75,-35.75],[174.5,-35.5],[174.5,-35.25],[174.25,-35.0],[174.0,-35.0]],[[175.75,-36.25],[175.5,-36.0],[175.25,-36.25],[175.5,-36.5],[175.75,-36.25]]]},"properties":{"hvalue":1.15,"color":"#E2EBF5"}},{"type":"Feature","geometry":{"type":"Polygon","coordinates":[[[167.971,-29.0],[168.037,-29.0],[168.0,-29.029],[167.971,-29.0]]]},"properties":{"hvalue":1.15,"color":"#E2EBF5"}},{"type":"Feature","geometry":{"type":"Polygon","coordinates":[[[153.25,-26.833],[153.41,-27.34],[153.25,-27.5],[153.25,-27.25],[153.25,-26.833]]]},"properties":{"hvalue":1.15,"color":"#E2EBF5"}},{"type":"Feature","geometry":{"type":"Polygon","coordinates":[[[153.25,-25.25],[153.288,-25.212],[153.25,-25.296],[153.25,-25.25]]]},"properties":{"hvalue":1.15,"color":"#E2EBF5"}},{"type":"Feature","geometry":{"type":"Polygon","coordinates":[[[151.0,-23.5],[151.0,-22.75],[150.75,-22.5],[150.5,-22.5],[150.0,-22.0],[149.75,-22.25],[149.75,-22.0],[149.5,-21.75],[149.5,-21.5],[149.25,-21.25],[149.25,-21.0],[149.0,-20.75],[149.0,-20.5],[149.25,-20.25],[149.0,-20.0],[148.25,-20.0],[148.0,-19.75],[147.75,-19.75],[147.75,-19.5],[147.5,-19.25],[147.0,-19.25],[146.75,-19.0],[146.5,-19.0],[146.5,-18.5],[146.25,-18.25],[146.25,-17.5],[146.0,-17.25],[146.0,-17.0],[145.5,-16.5],[145.5,-15.172],[145.75,-15.238],[145.926,-15.5],[145.913,-16.25],[146.25,-16.5],[147.75,-16.312],[148.098,-16.5],[148.0,-16.77],[149.0,-16.876],[149.121,-17.0],[149.0,-17.201],[148.839,-17.25],[148.75,-17.513],[149.75,-17.645],[150.027,-17.5],[150.75,-17.331],[150.914,-17.5],[150.508,-18.0],[151.329,-18.25],[151.475,-18.5],[151.59,-19.0],[151.823,-19.25],[151.703,-19.5],[151.683,-20.0],[151.787,-20.25],[152.0,-20.384],[152.5,-21.157],[152.59,-21.5],[152.653,-22.0],[152.5,-22.334],[152.266,-22.5],[152.637,-23.25],[152.636,-24.0],[153.25,-24.505],[153.412,-24.75],[153.415,-24.915],[153.25,-24.75],[153.0,-25.0],[152.75,-25.0],[151.75,-24.0],[151.5,-24.0],[151.5,-23.75],[151.25,-23.5],[151.0,-23.5]]]},"properties":{"hvalue":1.15,"color":"#E2EBF5"}},{"type":"Feature","geometry":{"type":"Polygon","coordinates":[[[159.0,-18.869],[159.039,-19.0],[159.0,-19.027],[158.964,-19.0],[159.0,-18.869]]]},"properties":{"hvalue":1.15,"color":"#E2EBF5"}},{"type":"Feature","geometry":{"type":"Polygon","coordinates":[[[177.846,-18.346],[177.842,-18.5],[177.75,-18.566],[177.685,-18.25],[177.846,-18.346]]]},"properties":{"hvalue":1.15,"color":"#E2EBF5"}},{"type":"Feature","geometry":{"type":"Polygon","coordinates":[[[168.5,-16.634],[168.636,-16.75],[168.712,-17.0],[168.58,-17.25],[168.713,-17.5],[168.735,-17.735],[168.25,-17.25],[168.0,-17.5],[168.5,-18.0],[168.691,-17.809],[168.75,-17.871],[169.25,-17.722],[169.5,-17.728],[169.75,-18.033],[170.087,-19.0],[170.25,-19.178],[170.313,-19.5],[169.914,-20.25],[169.75,-20.42],[169.174,-20.5],[168.869,-21.0],[168.157,-21.75],[167.737,-22.5],[167.5,-22.66],[167.25,-22.559],[167.0,-22.777],[166.5,-22.59],[165.85,-22.0],[166.0,-22.0],[166.5,-22.5],[167.0,-22.5],[167.25,-22.25],[167.0,-22.0],[166.75,-22.0],[166.0,-21.25],[165.75,-21.25],[165.0,-20.5],[164.75,-20.5],[164.25,-20.0],[164.0,-20.25],[164.0,-20.5],[164.474,-20.974],[163.75,-20.917],[163.0,-20.448],[162.5,-20.35],[162.0,-19.812],[161.25,-19.505],[161.0,-19.316],[160.5,-19.254],[160.25,-19.015],[160.174,-19.25],[160.0,-19.362],[159.819,-19.25],[159.685,-18.25],[160.0,-17.807],[160.25,-17.787],[160.5,-17.996],[160.641,-18.25],[160.605,-18.5],[160.75,-18.637],[161.0,-18.68],[161.109,-18.5],[161.002,-18.25],[161.25,-18.105],[161.75,-18.057],[162.0,-17.887],[162.5,-17.912],[162.75,-17.824],[162.975,-18.0],[162.638,-18.25],[162.75,-18.336],[163.0,-18.32],[163.042,-17.75],[163.5,-17.167],[164.0,-17.136],[165.0,-16.037],[165.291,-16.0],[165.529,-15.5],[166.0,-15.432],[166.25,-15.581],[166.357,-15.5],[166.31,-14.75],[166.368,-14.5],[166.183,-13.25],[166.5,-13.078],[167.0,-13.328],[167.25,-13.327],[167.5,-13.516],[167.67,-13.75],[167.526,-14.026],[167.25,-14.25],[167.5,-14.5],[167.629,-14.371],[167.75,-14.543],[168.0,-14.445],[168.0,-14.61],[167.834,-14.75],[168.0,-14.774],[168.2,-15.0],[168.268,-15.768],[167.75,-16.25],[167.25,-15.75],[167.0,-16.0],[167.25,-16.25],[167.25,-16.5],[167.5,-16.75],[167.75,-16.75],[168.0,-16.5],[168.0,-16.75],[168.25,-17.0],[168.5,-16.75],[168.5,-16.634]],[[167.5,-15.5],[166.75,-14.75],[166.5,-15.0],[166.5,-15.5],[166.75,-15.75],[167.25,-15.75],[167.5,-15.5]]]},"properties":{"hvalue":1.15,"color":"#E2EBF5"}},{"type":"Feature","geometry":{"type":"Polygon","coordinates":[[[178.75,-18.0],[178.75,-17.75],[178.25,-17.25],[177.75,-17.25],[177.162,-17.838],[177.066,-17.5],[177.161,-17.25],[177.097,-17.0],[177.368,-16.5],[177.75,-16.094],[179.0,-15.288],[179.5,-15.262],[179.75,-15.345],[179.75,-16.0],[179.5,-16.25],[179.0,-16.25],[178.75,-16.5],[178.5,-16.5],[178.25,-16.75],[178.75,-17.25],[179.25,-16.75],[179.5,-17.0],[179.75,-16.75],[179.75,-17.476],[179.386,-18.0],[178.915,-18.25],[178.5,-19.062],[178.432,-19.068],[178.5,-19.0],[178.25,-18.75],[178.0,-19.0],[178.088,-19.088],[178.0,-19.095],[177.889,-19.0],[178.277,-18.5],[178.125,-18.375],[178.25,-18.25],[178.5,-18.25],[178.75,-18.0]]]},"properties":{"hvalue":1.15,"color":"#E2EBF5"}},{"type":"Feature","geometry":{"type":"Polygon","coordinates":[[[168.25,-16.25],[168.371,-16.129],[168.404,-16.404],[168.25,-16.25]]]},"properties":{"hvalue":1.15,"color":"#E2EBF5"}},{"type":"Feature","geometry":{"type":"Polygon","coordinates":[[[160.5,-11.833],[160.189,-11.561],[160.25,-11.5],[160.083,-11.333],[160.25,-11.384],[160.5,-11.61],[160.589,-11.75],[160.5,-11.833]]]},"properties":{"hvalue":1.15,"color":"#E2EBF5"}},{"type":"Feature","geometry":{"type":"Polygon","coordinates":[[[166.5,-11.073],[166.662,-11.25],[166.5,-11.398],[166.321,-11.25],[166.5,-11.073]]]},"properties":{"hvalue":1.15,"color":"#E2EBF5"}},{"type":"Feature","geometry":{"type":"Polygon","coordinates":[[[166.438,-10.25],[166.132,-10.5],[166.101,-10.601],[166.0,-10.5],[165.75,-10.75],[165.889,-10.889],[165.75,-10.878],[165.6,-10.75],[165.724,-10.5],[165.692,-10.25],[166.0,-9.882],[166.25,-9.955],[166.438,-10.25]]]},"properties":{"hvalue":1.15,"color":"#E2EBF5"}},{"type":"Feature","geometry":{"type":"Polygon","coordinates":[[[160.25,-10.0],[160.5,-10.023],[160.242,-10.0],[160.25,-10.0]]]},"properties":{"hvalue":1.15,"color":"#E2EBF5"}},{"type":"Feature","geometry":{"type":"Polygon","coordinates":[[[161.816,-10.0],[162.0,-10.125],[162.191,-10.441],[162.0,-10.25],[161.5,-10.25],[161.305,-10.445],[161.059,-10.25],[161.184,-9.75],[161.046,-9.5],[161.25,-9.5],[161.5,-9.75],[161.585,-9.665],[161.853,-9.75],[161.816,-10.0]]]},"properties":{"hvalue":1.15,"color":"#E2EBF5"}},{"type":"Feature","geometry":{"type":"Polygon","coordinates":[[[159.944,-9.944],[159.654,-9.75],[159.563,-9.563],[159.944,-9.944]]]},"properties":{"hvalue":1.15,"color":"#E2EBF5"}},{"type":"Feature","geometry":{"type":"Polygon","coordinates":[[[167.0,-9.648],[167.108,-9.75],[167.0,-9.856],[166.865,-9.75],[167.0,-9.648]]]},"properties":{"hvalue":1.15,"color":"#E2EBF5"}},{"type":"Feature","geometry":{"type":"Polygon","coordinates":[[[153.459,-9.25],[153.53,-9.25],[153.5,-9.279],[153.459,-9.25]]]},"properties":{"hvalue":1.15,"color":"#E2EBF5"}},{"type":"Feature","geometry":{"type":"Polygon","coordinates":[[[152.05,-9.25],[151.75,-9.336],[151.549,-9.25],[151.75,-9.1],[152.0,-9.12],[152.05,-9.25]]]},"properties":{"hvalue":1.15,"color":"#E2EBF5"}},{"type":"Feature","geometry":{"type":"Polygon","coordinates":[[[152.5,-8.662],[152.743,-8.757],[152.5,-9.0],[152.5,-9.174],[152.253,-9.0],[152.358,-8.75],[152.5,-8.662]]]},"properties":{"hvalue":1.15,"color":"#E2EBF5"}},{"type":"Feature","geometry":{"type":"Polygon","coordinates":[[[157.25,-8.5],[157.5,-8.5],[157.67,-8.67],[157.25,-8.667],[157.069,-8.5],[157.028,-8.278],[157.25,-8.5]]]},"properties":{"hvalue":1.15,"color":"#E2EBF5"}},{"type":"Feature","geometry":{"type":"Polygon","coordinates":[[[159.25,-8.25],[159.281,-8.281],[159.221,-8.25],[159.25,-8.25]]]},"properties":{"hvalue":1.15,"color":"#E2EBF5"}},{"type":"Feature","geometry":{"type":"Polygon","coordinates":[[[159.429,-9.25],[158.929,-9.0],[159.0,-8.874],[159.25,-8.775],[159.5,-9.016],[159.577,-8.577],[159.75,-8.75],[160.0,-8.5],[160.0,-8.25],[159.75,-8.0],[159.5,-8.0],[159.25,-7.75],[159.0,-7.75],[158.75,-7.5],[158.5,-7.699],[158.065,-7.5],[158.08,-7.25],[158.25,-6.925],[158.5,-6.818],[159.0,-6.936],[159.5,-6.717],[159.75,-6.855],[160.0,-7.305],[160.25,-7.332],[160.506,-7.25],[160.75,-7.495],[160.859,-8.0],[161.457,-9.207],[161.0,-8.75],[161.0,-8.5],[160.75,-8.25],[160.5,-8.5],[160.5,-8.75],[160.75,-9.0],[160.736,-9.25],[160.95,-9.5],[160.944,-9.694],[160.5,-9.25],[159.75,-9.25],[159.514,-9.486],[159.429,-9.25]]]},"properties":{"hvalue":1.15,"color":"#E2EBF5"}},{"type":"Feature","geometry":{"type":"Polygon","coordinates":[[[156.703,-7.953],[156.5,-8.254],[156.373,-7.75],[156.5,-7.256],[157.0,-7.25],[157.25,-7.5],[157.5,-7.25],[156.75,-6.5],[156.5,-6.5],[156.348,-6.652],[156.325,-6.5],[156.5,-5.891],[156.75,-5.834],[157.25,-6.21],[157.483,-6.75],[157.89,-7.25],[158.27,-8.5],[158.0,-8.715],[157.774,-8.726],[158.0,-8.5],[158.0,-8.25],[157.75,-8.0],[157.25,-8.0],[156.75,-7.5],[156.5,-7.75],[156.703,-7.953]]]},"properties":{"hvalue":1.15,"color":"#E2EBF5"}},{"type":"Feature","geometry":{"type":"Polygon","coordinates":[[[154.857,-6.107],[155.0,-6.25],[155.0,-6.341],[154.931,-6.25],[154.857,-6.107]]]},"properties":{"hvalue":1.15,"color":"#E2EBF5"}},{"type":"Feature","geometry":{"type":"Polygon","coordinates":[[[155.0,-5.5],[155.0,-5.25],[154.75,-5.0],[154.588,-5.162],[154.547,-5.0],[155.0,-4.387],[155.25,-4.514],[155.425,-5.25],[156.066,-6.5],[156.108,-6.75],[155.75,-7.187],[155.468,-7.25],[155.52,-7.0],[155.75,-7.0],[156.0,-6.75],[156.0,-6.5],[155.0,-5.5]]]},"properties":{"hvalue":1.15,"color":"#E2EBF5"}},{"type":"Feature","geometry":{"type":"Polygon","coordinates":[[[154.632,-5.632],[154.75,-5.75],[154.75,-5.956],[154.632,-5.75],[154.632,-5.632]]]},"properties":{"hvalue":1.15,"color":"#E2EBF5"}},{"type":"Feature","geometry":{"type":"Polygon","coordinates":[[[159.42,-5.25],[159.428,-5.5],[159.25,-5.546],[158.65,-5.25],[158.542,-5.0],[158.75,-4.757],[159.0,-4.796],[159.25,-4.981],[159.42,-5.25]]]},"properties":{"hvalue":1.15,"color":"#E2EBF5"}},{"type":"Feature","geometry":{"type":"Polygon","coordinates":[[[152.072,-5.072],[152.0,-5.0],[152.071,-5.0],[152.072,-5.072]]]},"properties":{"hvalue":1.15,"color":"#E2EBF5"}},{"type":"Feature","geometry":{"type":"Polygon","coordinates":[[[157.0,-4.634],[157.093,-4.75],[157.0,-4.852],[156.864,-4.75],[157.0,-4.634]]]},"properties":{"hvalue":1.15,"color":"#E2EBF5"}},{"type":"Feature","geometry":{"type":"Polygon","coordinates":[[[159.507,-4.5],[159.25,-4.558],[159.159,-4.5],[159.25,-4.409],[159.507,-4.5]]]},"properties":{"hvalue":1.15,"color":"#E2EBF5"}},{"type":"Feature","geometry":{"type":"Polygon","coordinates":[[[154.25,-4.433],[154.285,-4.5],[154.25,-4.525],[154.227,-4.5],[154.25,-4.433]]]},"properties":{"hvalue":1.15,"color":"#E2EBF5"}},{"type":"Feature","geometry":{"type":"Polygon","coordinates":[[[175.0,-1.39],[175.088,-1.5],[175.0,-1.587],[174.882,-1.5],[175.0,-1.39]]]},"properties":{"hvalue":1.15,"color":"#E2EBF5"}},{"type":"Feature","geometry":{"type":"Polygon","coordinates":[[[174.685,-1.25],[174.813,-1.25],[174.75,-1.32],[174.685,-1.25]]]},"properties":{"hvalue":1.15,"color":"#E2EBF5"}},{"type":"Feature","geometry":{"type":"Polygon","coordinates":[[[173.492,0.25],[173.512,0.25],[173.5,0.243],[173.492,0.25]]]},"properties":{"hvalue":1.15,"color":"#E2EBF5"}},{"type":"Feature","geometry":{"type":"Polygon","coordinates":[[[172.75,3.283],[172.858,3.25],[172.75,3.209],[172.75,3.283]]]},"properties":{"hvalue":1.15,"color":"#E2EBF5"}},{"type":"Feature","geometry":{"type":"Polygon","coordinates":[[[158.401,6.849],[158.25,7.0],[158.024,6.774],[158.027,7.0],[158.25,7.197],[158.459,7.0],[158.401,6.849]]]},"properties":{"hvalue":1.15,"color":"#E2EBF5"}},{"type":"Feature","geometry":{"type":"Polygon","coordinates":[[[171.75,7.112],[171.81,7.0],[171.75,6.944],[171.631,7.0],[171.75,7.112]]]},"properties":{"hvalue":1.15,"color":"#E2EBF5"}},{"type":"Feature","geometry":{"type":"Polygon","coordinates":[[[155.25,7.814],[155.417,7.5],[155.25,7.379],[155.026,7.5],[155.128,7.75],[155.25,7.814]]]},"properties":{"hvalue":1.15,"color":"#E2EBF5"}},{"type":"Feature","geometry":{"type":"Polygon","coordinates":[[[171.0,8.454],[171.088,8.25],[171.0,8.182],[170.872,8.25],[171.0,8.454]]]},"properties":{"hvalue":1.15,"color":"#E2EBF5"}},{"type":"Feature","geometry":{"type":"Polygon","coordinates":[[[171.023,8.75],[171.0,8.628],[170.707,8.75],[170.75,8.774],[171.023,8.75]]]},"properties":{"hvalue":1.15,"color":"#E2EBF5"}},{"type":"Feature","geometry":{"type":"Polygon","coordinates":[[[166.25,9.03],[166.29,9.0],[166.221,9.0],[166.25,9.03]]]},"properties":{"hvalue":1.15,"color":"#E2EBF5"}},{"type":"Feature","geometry":{"type":"Polygon","coordinates":[[[165.75,9.113],[165.821,9.0],[165.75,8.952],[165.673,9.0],[165.75,9.113]]]},"properties":{"hvalue":1.15,"color":"#E2EBF5"}},{"type":"Feature","geometry":{"type":"Polygon","coordinates":[[[167.89,9.0],[167.75,8.866],[167.5,8.822],[167.137,9.0],[166.901,9.25],[167.0,9.362],[167.5,9.448],[167.89,9.0]]]},"properties":{"hvalue":1.15,"color":"#E2EBF5"}},{"type":"Feature","geometry":{"type":"Polygon","coordinates":[[[170.0,9.564],[170.096,9.5],[170.0,9.25],[169.853,9.5],[170.0,9.564]]]},"properties":{"hvalue":1.15,"color":"#E2EBF5"}},{"type":"Feature","geometry":{"type":"Polygon","coordinates":[[[161.0,9.928],[161.172,9.75],[161.0,9.605],[160.791,9.75],[161.0,9.928]]]},"properties":{"hvalue":1.15,"color":"#E2EBF5"}},{"type":"Feature","geometry":{"type":"Polygon","coordinates":[[[169.2,10.0],[169.0,9.704],[168.899,9.75],[168.784,10.0],[169.0,10.153],[169.2,10.0]]]},"properties":{"hvalue":1.15,"color":"#E2EBF5"}},{"type":"Feature","geometry":{"type":"Polygon","coordinates":[[[166.079,10.0],[166.0,9.932],[165.668,10.0],[166.0,10.14],[166.079,10.0]]]},"properties":{"hvalue":1.15,"color":"#E2EBF5"}},{"type":"Feature","geometry":{"type":"Polygon","coordinates":[[[169.75,10.264],[169.75,10.231],[169.713,10.25],[169.75,10.264]]]},"properties":{"hvalue":1.15,"color":"#E2EBF5"}},{"type":"Feature","geometry":{"type":"Polygon","coordinates":[[[167.032,11.25],[166.25,10.862],[166.098,11.0],[166.161,11.25],[166.75,11.41],[167.032,11.25]]]},"properties":{"hvalue":1.15,"color":"#E2EBF5"}},{"type":"Feature","geometry":{"type":"Polygon","coordinates":[[[169.75,11.285],[169.75,11.204],[169.571,11.25],[169.75,11.285]]]},"properties":{"hvalue":1.15,"color":"#E2EBF5"}},{"type":"Feature","geometry":{"type":"Polygon","coordinates":[[[162.349,11.5],[162.342,11.25],[162.25,11.142],[162.085,11.25],[162.103,11.5],[162.25,11.595],[162.349,11.5]]]},"properties":{"hvalue":1.15,"color":"#E2EBF5"}},{"type":"Feature","geometry":{"type":"Polygon","coordinates":[[[165.0,11.513],[165.25,11.683],[165.57,11.5],[165.5,11.39],[165.25,11.28],[165.0,11.513]]]},"properties":{"hvalue":1.15,"color":"#E2EBF5"}},{"type":"Feature","geometry":{"type":"Polygon","coordinates":[[[157.672,12.75],[157.807,12.75],[157.75,12.685],[157.672,12.75]]]},"properties":{"hvalue":1.15,"color":"#E2EBF5"}},{"type":"Feature","geometry":{"type":"Polygon","coordinates":[[[150.0,46.25],[149.705,45.955],[149.75,46.105],[150.0,46.292],[150.259,46.25],[150.0,46.25]]]},"properties":{"hvalue":1.15,"color":"#E2EBF5"}},{"type":"Feature","geometry":{"type":"Polygon","coordinates":[[[152.0,47.067],[152.02,47.0],[151.942,47.0],[152.0,47.067]]]},"properties":{"hvalue":1.15,"color":"#E2EBF5"}},{"type":"Feature","geometry":{"type":"Polygon","coordinates":[[[161.824,48.25],[162.5,48.324],[163.0,48.254],[163.4,48.0],[163.28,47.75],[163.007,47.5],[162.5,47.338],[161.463,47.5],[160.939,47.75],[161.074,48.0],[161.824,48.25]]]},"properties":{"hvalue":1.15,"color":"#E2EBF5"}},{"type":"Feature","geometry":{"type":"Polygon","coordinates":[[[154.75,49.311],[154.527,49.5],[154.5,49.773],[154.75,49.755],[155.064,49.5],[154.75,49.311]]]},"properties":{"hvalue":1.15,"color":"#E2EBF5"}},{"type":"Feature","geometry":{"type":"Polygon","coordinates":[[[155.611,51.0],[156.5,51.167],[156.5,51.0],[156.75,50.75],[157.0,51.0],[157.25,51.0],[157.702,51.452],[156.854,50.5],[156.534,50.25],[155.5,49.891],[155.123,50.25],[155.646,50.75],[155.611,51.0]]]},"properties":{"hvalue":1.15,"color":"#E2EBF5"}},{"type":"Feature","geometry":{"type":"Polygon","coordinates":[[[179.0,51.599],[179.25,51.645],[179.506,51.5],[179.25,51.379],[178.913,51.5],[179.0,51.599]]]},"properties":{"hvalue":1.15,"color":"#E2EBF5"}},{"type":"Feature","geometry":{"type":"Polygon","coordinates":[[[178.386,52.0],[178.532,52.0],[178.5,51.868],[178.386,52.0]]]},"properties":{"hvalue":1.15,"color":"#E2EBF5"}},{"type":"Feature","geometry":{"type":"Polygon","coordinates":[[[177.666,52.084],[177.868,52.0],[177.75,51.875],[177.605,51.855],[177.75,52.0],[177.666,52.084]]]},"properties":{"hvalue":1.15,"color":"#E2EBF5"}},{"type":"Feature","geometry":{"type":"Polygon","coordinates":[[[173.75,52.503],[173.75,52.497],[173.5,52.5],[173.75,52.503]]]},"properties":{"hvalue":1.15,"color":"#E2EBF5"}},{"type":"Feature","geometry":{"type":"Polygon","coordinates":[[[172.946,52.946],[172.96,53.04],[173.25,53.082],[173.337,53.0],[173.25,52.836],[173.0,52.812],[172.946,52.946]]]},"properties":{"hvalue":1.15,"color":"#E2EBF5"}},{"type":"Feature","geometry":{"type":"Polygon","coordinates":[[[159.997,53.247],[160.0,53.75],[160.237,53.987],[160.136,53.75],[159.997,53.247]]]},"properties":{"hvalue":1.15,"color":"#E2EBF5"}},{"type":"Feature","geometry":{"type":"Polygon","coordinates":[[[166.7,55.0],[166.429,54.929],[166.5,55.0],[166.5,55.25],[166.299,55.451],[166.75,55.38],[166.837,55.25],[166.7,55.0]]]},"properties":{"hvalue":1.15,"color":"#E2EBF5"}},{"type":"Feature","geometry":{"type":"Polygon","coordinates":[[[162.75,55.978],[162.5,55.872],[162.25,55.577],[162.098,54.902],[162.0,55.0],[162.0,55.25],[161.75,55.5],[162.5,56.25],[162.75,55.978]]]},"properties":{"hvalue":1.15,"color":"#E2EBF5"}},{"type":"Feature","geometry":{"type":"Polygon","coordinates":[[[163.25,58.0],[162.0,58.0],[162.25,58.25],[162.25,58.5],[162.5,58.5],[162.75,58.75],[163.0,58.75],[163.25,59.0],[163.25,59.5],[163.5,59.75],[163.75,59.75],[164.0,60.0],[164.5,60.0],[164.75,59.75],[165.25,59.75],[165.75,60.25],[166.25,60.25],[166.0,60.0],[166.25,59.75],[166.5,59.75],[167.0,60.25],[167.75,60.25],[168.0,60.5],[169.5,60.5],[170.25,59.75],[171.0,60.5],[171.5,60.5],[171.75,60.75],[172.25,60.75],[172.5,61.0],[172.75,61.0],[173.0,61.25],[173.25,61.25],[173.5,61.5],[174.0,61.5],[174.25,61.75],[175.0,61.75],[175.25,62.0],[176.0,62.0],[176.25,62.25],[176.75,62.25],[177.0,62.5],[178.25,62.5],[178.5,62.25],[179.25,62.25],[179.75,62.75],[179.75,57.131],[178.0,56.529],[177.0,56.439],[176.5,56.473],[173.0,57.3],[172.25,57.375],[170.75,57.358],[169.75,57.546],[169.0,57.596],[168.0,57.457],[166.5,56.795],[165.5,56.875],[164.75,56.727],[164.0,56.782],[163.75,56.725],[163.5,56.418],[163.25,56.75],[162.75,56.75],[163.0,57.0],[163.0,57.25],[163.5,57.75],[163.25,58.0]]]},"properties":{"hvalue":1.15,"color":"#E2EBF5"}},{"type":"Feature","geometry":{"type":"Polygon","coordinates":[[[162.9,61.5],[161.75,60.934],[160.894,60.644],[161.25,61.0],[161.5,61.0],[161.75,61.25],[162.0,61.25],[162.25,61.5],[162.9,61.5]]]},"properties":{"hvalue":1.15,"color":"#E2EBF5"}},{"type":"Feature","geometry":{"type":"Polygon","coordinates":[[[163.5,61.0],[163.25,61.0],[163.0,60.75],[162.573,60.75],[163.25,61.155],[163.613,61.25],[163.75,61.5],[163.75,61.25],[163.5,61.0]]]},"properties":{"hvalue":1.15,"color":"#E2EBF5"}},{"type":"Feature","geometry":{"type":"Polygon","coordinates":[[[164.0,62.25],[164.0,61.75],[163.75,61.5],[163.013,61.513],[163.25,61.75],[163.25,62.25],[163.5,62.5],[164.25,62.5],[164.0,62.25]]]},"properties":{"hvalue":1.15,"color":"#E2EBF5"}},{"type":"Feature","geometry":{"type":"Polygon","coordinates":[[[177.5,64.5],[179.25,64.5],[179.5,64.75],[179.75,64.75],[179.75,62.75],[179.0,63.5],[178.75,63.5],[178.75,63.75],[178.25,64.25],[177.75,64.25],[177.5,64.5]]]},"properties":{"hvalue":1.15,"color":"#E2EBF5"}},{"type":"Feature","geometry":{"type":"Polygon","coordinates":[[[-158.25,-77.479],[-158.0,-77.5],[-158.307,-77.557],[-158.25,-77.479]]]},"properties":{"hvalue":1.2,"color":"#a7c2e0"}},{"type":"Feature","geometry":{"type":"Polygon","coordinates":[[[-151.0,-77.25],[-151.0,-77.235],[-150.986,-77.236],[-151.0,-77.25]]]},"properties":{"hvalue":1.2,"color":"#a7c2e0"}},{"type":"Feature","geometry":{"type":"Polygon","coordinates":[[[-149.5,-76.461],[-149.461,-76.539],[-149.623,-76.5],[-149.5,-76.461]]]},"properties":{"hvalue":1.2,"color":"#a7c2e0"}},{"type":"Feature","geometry":{"type":"Polygon","coordinates":[[[-180.0,-49.814],[-180.0,-44.936],[-178.082,-45.25],[-177.5,-45.461],[-176.868,-46.0],[-176.339,-46.75],[-176.292,-47.0],[-176.379,-47.25],[-176.25,-47.611],[-176.0,-47.777],[-175.25,-47.831],[-175.069,-48.0],[-175.119,-48.25],[-175.657,-48.5],[-176.0,-48.538],[-176.75,-48.411],[-177.5,-48.586],[-178.0,-48.808],[-178.778,-49.5],[-179.483,-49.75],[-180.0,-49.814]]]},"properties":{"hvalue":1.2,"color":"#a7c2e0"}},{"type":"Feature","geometry":{"type":"Polygon","coordinates":[[[-175.75,-46.513],[-175.75,-46.493],[-175.741,-46.5],[-175.75,-46.513]]]},"properties":{"hvalue":1.2,"color":"#a7c2e0"}},{"type":"Feature","geometry":{"type":"Polygon","coordinates":[[[-176.25,-44.289],[-176.25,-44.221],[-176.224,-44.25],[-176.25,-44.289]]]},"properties":{"hvalue":1.2,"color":"#a7c2e0"}},{"type":"Feature","geometry":{"type":"Polygon","coordinates":[[[-176.642,-44.108],[-176.859,-44.0],[-176.916,-43.75],[-176.75,-43.614],[-176.35,-43.75],[-176.378,-43.872],[-176.5,-43.75],[-176.75,-44.0],[-176.642,-44.108]]]},"properties":{"hvalue":1.2,"color":"#a7c2e0"}},{"type":"Feature","geometry":{"type":"Polygon","coordinates":[[[-145.992,-27.0],[-146.25,-27.128],[-146.476,-27.0],[-146.25,-26.901],[-145.992,-27.0]]]},"properties":{"hvalue":1.2,"color":"#a7c2e0"}},{"type":"Feature","geometry":{"type":"Polygon","coordinates":[[[-158.202,-22.0],[-158.0,-21.879],[-157.931,-22.0],[-158.0,-22.106],[-158.202,-22.0]]]},"properties":{"hvalue":1.2,"color":"#a7c2e0"}},{"type":"Feature","geometry":{"type":"Polygon","coordinates":[[[-154.75,-21.546],[-154.557,-21.75],[-154.75,-21.949],[-155.203,-21.75],[-154.75,-21.546]]]},"properties":{"hvalue":1.2,"color":"#a7c2e0"}},{"type":"Feature","geometry":{"type":"Polygon","coordinates":[[[-117.25,-40.381],[-119.25,-40.138],[-120.75,-40.172],[-121.812,-40.25],[-122.25,-40.483],[-122.75,-40.319],[-123.75,-40.598],[-124.75,-40.595],[-125.5,-40.294],[-128.0,-39.623],[-129.75,-38.864],[-130.75,-38.518],[-133.5,-37.28],[-135.0,-36.758],[-135.75,-36.289],[-136.75,-35.91],[-138.5,-35.619],[-139.591,-35.25],[-140.5,-34.822],[-142.25,-35.017],[-143.25,-34.875],[-145.0,-34.484],[-147.0,-34.515],[-147.5,-34.374],[-149.0,-33.639],[-149.5,-33.703],[-150.5,-33.998],[-151.5,-33.764],[-151.75,-33.479],[-153.25,-34.096],[-154.25,-34.104],[-155.5,-34.277],[-155.853,-34.25],[-156.0,-33.943],[-156.25,-33.792],[-157.0,-33.896],[-157.5,-33.832],[-158.25,-34.111],[-158.75,-34.046],[-160.25,-34.594],[-160.5,-34.546],[-160.479,-34.25],[-160.75,-34.143],[-161.5,-34.312],[-162.0,-34.114],[-163.0,-34.693],[-163.25,-34.675],[-164.25,-34.212],[-164.5,-34.373],[-164.75,-34.747],[-165.0,-34.911],[-165.25,-34.894],[-165.383,-35.0],[-165.5,-35.271],[-166.0,-35.432],[-166.25,-35.171],[-166.5,-35.053],[-166.75,-35.074],[-167.0,-34.903],[-168.5,-33.583],[-170.25,-32.871],[-171.5,-32.061],[-172.5,-31.606],[-174.25,-30.535],[-174.75,-30.464],[-176.0,-30.558],[-176.5,-30.397],[-177.75,-30.421],[-178.5,-30.693],[-178.71,-30.5],[-178.5,-29.981],[-179.5,-29.394],[-180.0,-29.427],[-180.0,-18.566],[-179.889,-18.5],[-180.0,-18.401],[-180.0,-17.25],[-179.574,-16.75],[-179.382,-16.25],[-179.364,-16.0],[-180.0,-15.505],[-180.0,0.303],[-179.5,0.353],[-178.0,0.956],[-177.75,0.801],[-177.0,-0.057],[-176.5,-0.157],[-175.75,-0.132],[-175.25,-0.2],[-174.524,0.0],[-173.75,0.53],[-173.25,0.37],[-173.0,0.434],[-172.25,0.909],[-171.75,0.988],[-170.75,0.695],[-170.0,0.122],[-169.5,-0.062],[-169.25,-0.061],[-168.626,0.25],[-168.572,0.75],[-168.237,1.25],[-167.7,1.5],[-167.374,2.0],[-166.5,3.026],[-166.0,3.389],[-165.632,3.5],[-165.25,3.904],[-165.0,3.951],[-164.75,3.809],[-164.25,3.714],[-163.623,2.75],[-163.531,2.5],[-163.588,2.0],[-164.0,1.429],[-164.75,0.914],[-165.034,0.5],[-164.941,-0.25],[-164.999,-0.5],[-165.464,-1.25],[-165.635,-1.75],[-165.775,-2.25],[-165.722,-2.75],[-166.0,-3.081],[-166.5,-3.242],[-166.791,-3.5],[-166.851,-3.75],[-166.576,-4.0],[-166.441,-4.25],[-167.0,-4.337],[-167.5,-4.291],[-168.25,-4.692],[-168.639,-5.0],[-168.829,-5.75],[-168.777,-7.5],[-168.898,-8.5],[-169.06,-8.75],[-168.876,-9.25],[-168.52,-9.75],[-168.562,-10.25],[-168.5,-10.489],[-168.249,-10.5],[-168.309,-10.75],[-168.5,-10.913],[-168.75,-10.683],[-169.084,-11.5],[-169.5,-11.751],[-169.902,-12.25],[-170.75,-12.651],[-171.25,-12.997],[-171.334,-13.25],[-171.314,-13.75],[-171.383,-13.867],[-171.5,-13.75],[-171.75,-13.75],[-172.0,-14.0],[-171.779,-14.221],[-172.5,-14.257],[-172.75,-14.203],[-173.182,-13.5],[-172.82,-13.32],[-173.0,-13.5],[-172.5,-14.0],[-172.25,-14.0],[-172.0,-13.75],[-172.0,-13.5],[-172.25,-13.25],[-172.65,-13.25],[-172.399,-13.0],[-172.064,-12.0],[-172.464,-11.5],[-172.573,-11.25],[-172.75,-11.133],[-173.59,-11.0],[-174.121,-10.5],[-175.25,-10.124],[-176.0,-10.217],[-176.25,-10.03],[-176.75,-10.246],[-176.931,-10.5],[-176.34,-11.0],[-176.25,-11.808],[-174.512,-13.0],[-174.557,-13.25],[-174.462,-14.0],[-174.552,-14.25],[-174.145,-15.0],[-173.75,-15.233],[-173.25,-14.949],[-173.0,-14.93],[-172.956,-15.0],[-173.19,-15.5],[-173.75,-16.164],[-174.318,-16.25],[-174.75,-16.728],[-175.25,-16.647],[-175.541,-16.75],[-175.814,-17.0],[-175.611,-17.25],[-175.0,-17.398],[-174.889,-17.5],[-174.876,-17.75],[-174.75,-17.876],[-174.25,-17.877],[-173.047,-17.25],[-172.645,-16.5],[-171.391,-15.75],[-171.0,-15.554],[-170.25,-15.549],[-168.5,-16.261],[-168.192,-16.5],[-167.902,-17.25],[-167.495,-17.5],[-167.281,-17.75],[-168.0,-17.921],[-168.25,-18.259],[-168.75,-18.428],[-169.5,-19.174],[-169.706,-19.25],[-169.887,-19.75],[-170.0,-19.833],[-170.5,-19.643],[-170.75,-19.695],[-171.25,-20.108],[-171.5,-20.101],[-172.0,-19.841],[-172.116,-20.0],[-171.904,-20.75],[-171.75,-20.885],[-170.869,-21.25],[-170.25,-21.648],[-169.75,-21.783],[-169.475,-21.75],[-169.092,-21.5],[-169.341,-20.75],[-169.408,-20.25],[-169.383,-20.0],[-169.246,-19.75],[-168.75,-19.483],[-168.0,-19.463],[-167.31,-19.25],[-167.054,-19.0],[-166.979,-18.25],[-166.0,-17.69],[-165.25,-17.08],[-164.25,-17.173],[-163.75,-16.834],[-162.715,-16.5],[-162.647,-16.25],[-162.774,-16.0],[-162.61,-15.75],[-163.25,-15.361],[-164.136,-15.0],[-164.425,-14.75],[-164.575,-14.5],[-164.566,-14.25],[-164.78,-14.0],[-165.5,-13.927],[-166.25,-13.567],[-166.6,-13.0],[-166.5,-12.805],[-166.25,-12.614],[-166.097,-12.25],[-166.24,-11.75],[-166.457,-11.5],[-166.25,-11.103],[-166.171,-10.75],[-166.0,-10.594],[-165.75,-10.609],[-165.5,-10.85],[-165.0,-10.728],[-164.75,-10.509],[-164.904,-10.25],[-164.866,-9.75],[-164.501,-9.25],[-164.0,-8.785],[-163.75,-8.625],[-163.25,-8.586],[-162.0,-8.675],[-161.0,-8.907],[-160.25,-8.817],[-158.75,-8.8],[-158.25,-8.684],[-158.0,-8.238],[-157.75,-8.267],[-157.626,-8.5],[-157.916,-9.5],[-157.75,-10.01],[-157.5,-10.211],[-157.0,-10.333],[-156.25,-10.73],[-155.75,-10.885],[-154.75,-10.872],[-154.419,-11.0],[-154.222,-11.25],[-154.25,-11.82],[-153.891,-12.0],[-153.642,-12.0],[-153.321,-11.5],[-153.01,-11.25],[-151.731,-10.5],[-151.594,-9.75],[-151.68,-9.5],[-151.529,-9.25],[-150.761,-8.75],[-150.0,-8.069],[-149.631,-7.0],[-149.827,-6.25],[-149.769,-6.0],[-149.121,-5.5],[-148.5,-4.502],[-147.75,-3.982],[-147.0,-3.996],[-146.5,-4.189],[-145.5,-4.13],[-145.238,-4.0],[-145.004,-3.75],[-144.969,-3.25],[-144.837,-3.0],[-145.25,-2.668],[-145.75,-2.626],[-146.0,-2.527],[-146.191,-2.25],[-145.586,-1.75],[-145.25,-1.684],[-145.0,-1.74],[-144.552,-2.0],[-144.25,-2.423],[-143.5,-2.152],[-142.881,-1.5],[-142.764,-1.25],[-143.296,-1.0],[-143.153,-0.75],[-142.433,-0.25],[-142.624,0.25],[-142.5,0.526],[-142.167,0.5],[-142.11,0.25],[-142.268,-0.5],[-142.272,-1.5],[-142.097,-2.25],[-141.5,-2.705],[-140.75,-2.708],[-139.75,-2.531],[-139.054,-3.0],[-138.776,-3.5],[-138.829,-4.0],[-138.714,-4.25],[-138.521,-4.5],[-138.0,-4.784],[-137.0,-4.948],[-136.25,-5.385],[-135.75,-5.539],[-134.75,-5.698],[-134.313,-5.25],[-133.75,-4.863],[-133.5,-4.826],[-133.0,-4.918],[-132.75,-4.773],[-132.25,-4.809],[-131.5,-4.641],[-131.25,-4.671],[-130.75,-4.904],[-130.25,-4.945],[-129.5,-4.865],[-129.327,-5.0],[-129.28,-5.25],[-129.347,-5.5],[-129.83,-6.0],[-129.911,-6.25],[-129.799,-6.5],[-129.25,-6.549],[-128.75,-6.83],[-128.5,-6.844],[-128.25,-6.749],[-128.0,-6.843],[-127.67,-7.25],[-127.645,-7.5],[-127.75,-7.608],[-128.25,-7.595],[-128.544,-7.75],[-128.736,-8.25],[-128.411,-8.75],[-128.504,-9.25],[-128.408,-9.5],[-128.022,-10.0],[-127.946,-10.5],[-127.531,-11.25],[-128.003,-13.0],[-128.072,-13.5],[-128.622,-14.25],[-128.5,-14.379],[-128.25,-14.288],[-128.0,-13.882],[-127.75,-13.681],[-127.578,-13.75],[-127.25,-14.206],[-127.0,-14.389],[-126.791,-15.5],[-126.5,-16.176],[-126.542,-16.75],[-126.424,-17.0],[-126.22,-17.25],[-125.25,-17.687],[-124.551,-18.25],[-124.631,-18.5],[-124.499,-18.75],[-124.668,-19.0],[-125.0,-19.225],[-125.5,-19.348],[-126.25,-19.377],[-127.0,-19.297],[-127.464,-19.0],[-127.75,-18.931],[-128.75,-18.97],[-129.419,-19.5],[-129.966,-19.75],[-130.052,-20.25],[-130.25,-20.58],[-130.5,-20.704],[-131.014,-20.75],[-131.465,-21.0],[-131.75,-21.052],[-132.0,-20.948],[-132.179,-21.0],[-132.13,-21.25],[-132.25,-21.525],[-132.75,-21.537],[-133.0,-21.628],[-133.391,-22.25],[-133.5,-22.304],[-134.5,-22.481],[-134.75,-22.403],[-135.25,-22.036],[-135.75,-22.016],[-136.25,-22.183],[-138.25,-21.878],[-138.5,-21.947],[-138.62,-22.25],[-138.75,-22.344],[-138.864,-22.25],[-138.819,-22.0],[-139.0,-21.944],[-139.25,-21.671],[-139.5,-21.563],[-140.0,-21.484],[-140.5,-21.573],[-141.0,-21.213],[-141.25,-21.142],[-143.0,-20.981],[-144.25,-20.583],[-145.75,-19.92],[-148.0,-19.219],[-150.75,-19.057],[-152.75,-19.095],[-153.302,-19.0],[-153.75,-18.805],[-154.0,-18.808],[-154.591,-19.25],[-155.25,-19.391],[-157.0,-20.202],[-158.072,-21.0],[-158.452,-21.5],[-158.562,-21.75],[-158.372,-22.0],[-158.555,-23.5],[-158.475,-23.75],[-158.546,-24.25],[-158.898,-24.75],[-159.146,-26.0],[-159.502,-26.5],[-159.444,-27.0],[-159.203,-27.25],[-159.192,-27.5],[-159.447,-28.0],[-159.75,-28.327],[-160.0,-28.45],[-160.205,-28.75],[-160.085,-29.0],[-159.5,-29.302],[-158.5,-29.342],[-158.25,-29.279],[-157.512,-28.75],[-157.279,-28.25],[-157.0,-27.929],[-156.75,-27.722],[-156.5,-27.749],[-156.387,-28.25],[-156.25,-28.314],[-155.75,-28.293],[-155.25,-28.133],[-154.713,-28.25],[-154.0,-28.827],[-153.5,-29.567],[-152.5,-29.453],[-152.061,-29.5],[-151.601,-29.75],[-151.321,-30.0],[-151.0,-30.065],[-150.25,-29.953],[-149.5,-29.962],[-148.75,-29.624],[-148.5,-29.344],[-148.25,-29.515],[-148.0,-29.532],[-147.0,-29.278],[-146.25,-29.312],[-146.057,-29.25],[-145.75,-28.937],[-145.746,-28.25],[-145.493,-28.0],[-144.75,-27.699],[-144.56,-27.5],[-144.25,-27.35],[-144.076,-27.5],[-144.438,-27.75],[-144.494,-28.0],[-144.0,-28.255],[-143.5,-28.274],[-143.25,-28.119],[-143.0,-28.112],[-141.971,-28.5],[-141.25,-28.879],[-140.5,-28.92],[-139.25,-28.571],[-138.5,-28.867],[-138.25,-28.602],[-138.0,-28.496],[-137.75,-28.735],[-137.589,-29.25],[-137.25,-29.578],[-136.75,-29.856],[-136.0,-29.932],[-135.5,-30.077],[-135.0,-30.047],[-134.0,-30.361],[-133.5,-30.592],[-132.25,-31.437],[-130.75,-31.425],[-129.75,-31.634],[-129.25,-31.851],[-128.0,-32.157],[-127.0,-32.271],[-125.25,-32.813],[-124.5,-32.89],[-123.25,-32.631],[-122.25,-32.634],[-121.983,-32.5],[-122.273,-32.25],[-122.0,-32.183],[-120.5,-32.418],[-119.25,-32.756],[-118.75,-32.748],[-118.614,-32.5],[-119.0,-32.388],[-119.25,-32.194],[-119.5,-32.116],[-120.0,-31.702],[-121.0,-31.263],[-121.75,-30.833],[-122.878,-30.5],[-123.21,-30.25],[-123.349,-29.5],[-123.25,-29.396],[-123.0,-29.39],[-122.819,-29.25],[-122.715,-29.0],[-122.741,-28.75],[-122.42,-28.5],[-122.447,-28.25],[-122.75,-27.998],[-123.035,-28.25],[-122.851,-28.75],[-123.0,-28.765],[-123.75,-28.168],[-124.75,-27.884],[-125.343,-27.5],[-125.5,-27.268],[-125.7,-27.5],[-125.714,-27.75],[-125.5,-27.914],[-124.75,-28.092],[-124.5,-28.082],[-124.408,-28.25],[-123.539,-29.0],[-123.401,-29.25],[-123.5,-29.344],[-123.75,-29.297],[-124.25,-28.979],[-125.091,-28.75],[-125.5,-28.555],[-125.75,-28.734],[-126.0,-28.769],[-127.0,-28.396],[-127.771,-28.25],[-129.201,-27.5],[-129.639,-27.0],[-129.572,-26.75],[-129.5,-26.723],[-128.5,-26.703],[-127.75,-26.886],[-127.0,-26.756],[-126.5,-26.888],[-126.0,-27.176],[-125.5,-27.242],[-125.228,-27.0],[-125.342,-26.75],[-125.5,-26.681],[-125.75,-26.362],[-126.28,-26.25],[-126.39,-26.0],[-126.332,-25.75],[-126.25,-25.707],[-125.75,-25.675],[-125.5,-25.737],[-125.148,-26.0],[-125.044,-26.25],[-124.75,-26.446],[-123.761,-26.75],[-123.75,-27.005],[-123.25,-27.141],[-123.0,-27.119],[-122.884,-27.0],[-122.988,-26.75],[-122.966,-26.5],[-122.703,-26.25],[-122.804,-26.0],[-123.332,-25.5],[-123.437,-25.25],[-123.389,-24.75],[-123.489,-24.5],[-123.75,-24.268],[-124.0,-24.171],[-124.092,-24.0],[-123.949,-23.5],[-123.75,-23.372],[-123.5,-23.327],[-122.5,-23.568],[-122.218,-23.75],[-121.5,-24.521],[-121.356,-24.75],[-121.352,-25.25],[-121.202,-25.5],[-120.642,-26.25],[-119.9,-27.0],[-119.871,-27.75],[-119.971,-28.0],[-119.796,-28.25],[-119.25,-28.33],[-118.5,-28.636],[-118.25,-28.681],[-117.75,-28.585],[-117.136,-28.75],[-117.5,-28.823],[-117.697,-29.0],[-117.5,-29.149],[-117.25,-29.208],[-116.75,-29.153],[-116.5,-29.224],[-116.234,-29.5],[-116.404,-29.75],[-116.315,-30.0],[-115.75,-30.248],[-115.5,-30.175],[-115.0,-30.32],[-114.75,-30.255],[-114.726,-30.0],[-115.101,-29.75],[-115.278,-29.25],[-115.494,-29.0],[-115.37,-28.75],[-114.99,-28.5],[-114.817,-28.0],[-114.5,-27.533],[-114.0,-27.627],[-113.75,-27.535],[-113.5,-27.059],[-112.986,-27.25],[-112.75,-27.575],[-112.5,-27.621],[-112.0,-27.582],[-111.5,-27.693],[-109.25,-27.718],[-109.536,-28.5],[-109.731,-28.75],[-110.444,-29.25],[-109.95,-30.0],[-109.979,-30.25],[-110.361,-31.0],[-110.468,-32.0],[-110.402,-32.75],[-110.659,-33.5],[-110.665,-33.75],[-110.5,-34.242],[-110.0,-34.325],[-109.878,-34.5],[-109.803,-34.75],[-109.931,-35.0],[-110.25,-35.277],[-110.75,-35.513],[-111.5,-35.502],[-112.25,-35.675],[-112.5,-35.759],[-112.75,-35.982],[-112.673,-36.75],[-112.753,-37.0],[-112.717,-37.25],[-112.5,-37.467],[-112.0,-37.537],[-111.68,-37.75],[-112.097,-38.0],[-113.25,-38.232],[-114.309,-38.75],[-114.303,-39.5],[-114.085,-40.0],[-114.258,-40.25],[-114.586,-40.5],[-115.0,-40.689],[-115.5,-40.758],[-117.25,-40.381]]]},"properties":{"hvalue":1.2,"color":"#a7c2e0"}},{"type":"Feature","geometry":{"type":"Polygon","coordinates":[[[-170.516,-14.25],[-170.75,-14.467],[-171.121,-14.25],[-170.75,-14.015],[-170.516,-14.25]]]},"properties":{"hvalue":1.2,"color":"#a7c2e0"}},{"type":"Feature","geometry":{"type":"Polygon","coordinates":[[[-169.328,-14.25],[-169.5,-14.433],[-169.872,-14.25],[-169.5,-14.032],[-169.328,-14.25]]]},"properties":{"hvalue":1.2,"color":"#a7c2e0"}},{"type":"Feature","geometry":{"type":"Polygon","coordinates":[[[-174.674,-12.5],[-174.5,-12.445],[-174.441,-12.5],[-174.5,-12.627],[-174.674,-12.5]]]},"properties":{"hvalue":1.2,"color":"#a7c2e0"}},{"type":"Feature","geometry":{"type":"Polygon","coordinates":[[[-166.317,-4.75],[-166.0,-4.441],[-165.351,-6.0],[-165.487,-6.25],[-165.75,-6.38],[-166.0,-6.377],[-166.5,-6.196],[-166.621,-6.0],[-166.616,-5.75],[-166.324,-5.0],[-166.317,-4.75]]]},"properties":{"hvalue":1.2,"color":"#a7c2e0"}},{"type":"Feature","geometry":{"type":"Polygon","coordinates":[[[-155.171,-4.0],[-155.0,-3.88],[-154.901,-4.0],[-155.0,-4.113],[-155.171,-4.0]]]},"properties":{"hvalue":1.2,"color":"#a7c2e0"}},{"type":"Feature","geometry":{"type":"Polygon","coordinates":[[[-176.646,0.25],[-176.5,0.385],[-176.364,0.25],[-176.5,0.071],[-176.646,0.25]]]},"properties":{"hvalue":1.2,"color":"#a7c2e0"}},{"type":"Feature","geometry":{"type":"Polygon","coordinates":[[[-157.25,2.285],[-157.066,2.0],[-157.076,1.826],[-157.25,2.0],[-157.5,1.75],[-157.213,1.5],[-157.75,1.203],[-158.0,1.153],[-158.035,1.25],[-157.75,2.106],[-157.5,2.304],[-157.25,2.285]]]},"properties":{"hvalue":1.2,"color":"#a7c2e0"}},{"type":"Feature","geometry":{"type":"Polygon","coordinates":[[[-161.778,2.75],[-162.102,4.25],[-162.557,5.0],[-162.502,5.25],[-162.0,5.861],[-161.825,5.5],[-161.274,5.0],[-161.0,4.424],[-160.75,4.443],[-160.5,4.853],[-160.349,4.75],[-160.279,4.5],[-160.636,4.25],[-160.663,4.0],[-160.602,3.75],[-160.5,3.669],[-160.0,3.965],[-159.75,4.021],[-159.25,4.733],[-159.0,4.639],[-158.921,4.5],[-159.054,3.75],[-158.499,2.75],[-158.554,2.5],[-159.25,2.334],[-160.0,1.82],[-161.0,1.268],[-161.25,1.223],[-161.554,1.5],[-161.772,2.25],[-161.778,2.75]]]},"properties":{"hvalue":1.2,"color":"#a7c2e0"}},{"type":"Feature","geometry":{"type":"Polygon","coordinates":[[[-169.5,16.851],[-169.41,16.75],[-169.5,16.64],[-169.643,16.75],[-169.5,16.851]]]},"properties":{"hvalue":1.2,"color":"#a7c2e0"}},{"type":"Feature","geometry":{"type":"Polygon","coordinates":[[[-155.25,19.25],[-155.22,19.25],[-155.287,19.213],[-155.25,19.25]]]},"properties":{"hvalue":1.2,"color":"#a7c2e0"}},{"type":"Feature","geometry":{"type":"Polygon","coordinates":[[[-155.337,20.087],[-155.182,20.0],[-155.06,19.81],[-155.337,20.087]]]},"properties":{"hvalue":1.2,"color":"#a7c2e0"}},{"type":"Feature","geometry":{"type":"Polygon","coordinates":[[[-174.0,26.151],[-173.849,26.0],[-174.0,25.871],[-174.262,26.0],[-174.0,26.151]]]},"properties":{"hvalue":1.2,"color":"#a7c2e0"}},{"type":"Feature","geometry":{"type":"Polygon","coordinates":[[[-176.603,27.0],[-176.5,27.072],[-176.441,27.0],[-176.5,26.944],[-176.603,27.0]]]},"properties":{"hvalue":1.2,"color":"#a7c2e0"}},{"type":"Feature","geometry":{"type":"Polygon","coordinates":[[[-176.0,27.706],[-176.363,28.0],[-176.0,28.159],[-175.793,28.0],[-176.0,27.706]]]},"properties":{"hvalue":1.2,"color":"#a7c2e0"}},{"type":"Feature","geometry":{"type":"Polygon","coordinates":[[[-177.5,28.475],[-177.298,28.25],[-177.5,28.043],[-177.978,28.25],[-177.5,28.475]]]},"properties":{"hvalue":1.2,"color":"#a7c2e0"}},{"type":"Feature","geometry":{"type":"Polygon","coordinates":[[[-178.766,28.5],[-178.5,28.701],[-178.16,28.5],[-178.25,28.324],[-178.5,28.313],[-178.766,28.5]]]},"properties":{"hvalue":1.2,"color":"#a7c2e0"}},{"type":"Feature","geometry":{"type":"Polygon","coordinates":[[[-179.75,39.889],[-179.25,40.172],[-178.75,40.202],[-178.378,40.0],[-178.386,39.75],[-179.055,39.25],[-179.141,39.0],[-179.116,38.75],[-179.224,38.5],[-180.0,38.009],[-180.0,39.633],[-179.75,39.889]]]},"properties":{"hvalue":1.2,"color":"#a7c2e0"}},{"type":"Feature","geometry":{"type":"Polygon","coordinates":[[[-180.0,30.026],[-180.0,32.982],[-178.5,33.67],[-177.75,34.354],[-175.75,35.838],[-174.25,37.187],[-173.133,37.5],[-173.066,37.75],[-172.874,38.0],[-172.013,38.25],[-171.598,38.5],[-171.369,38.75],[-170.25,38.939],[-169.75,39.105],[-169.0,39.042],[-168.917,39.25],[-168.986,39.75],[-168.5,39.891],[-167.5,40.377],[-167.289,40.75],[-167.0,41.034],[-166.5,41.262],[-165.75,41.37],[-165.0,41.816],[-164.5,42.356],[-163.5,42.687],[-163.277,43.25],[-162.175,44.0],[-162.002,44.75],[-161.812,45.0],[-161.5,45.209],[-160.301,45.75],[-159.686,46.25],[-158.75,46.677],[-155.535,48.5],[-153.0,49.104],[-151.5,49.089],[-149.742,48.75],[-149.725,48.5],[-150.059,48.25],[-149.938,48.0],[-149.568,47.75],[-149.606,47.25],[-148.867,46.5],[-148.962,46.25],[-150.0,45.975],[-150.499,45.75],[-149.96,45.25],[-150.0,45.178],[-150.25,45.019],[-151.038,44.75],[-151.395,44.5],[-150.124,44.0],[-149.799,43.75],[-149.98,43.5],[-150.5,43.36],[-151.75,43.399],[-152.603,43.25],[-152.75,43.132],[-152.845,43.0],[-152.803,42.75],[-152.376,42.25],[-152.298,42.0],[-152.344,41.75],[-152.5,41.365],[-152.654,41.25],[-153.06,41.0],[-153.741,40.75],[-153.783,40.5],[-153.651,40.0],[-153.75,39.939],[-154.75,39.528],[-155.5,39.478],[-156.5,39.613],[-157.0,39.6],[-158.25,39.049],[-159.75,38.794],[-160.25,38.599],[-160.5,38.367],[-161.397,38.25],[-162.0,37.918],[-162.5,37.894],[-163.75,38.219],[-164.136,38.0],[-164.25,37.639],[-165.25,36.908],[-166.0,36.443],[-166.571,36.25],[-166.395,35.75],[-166.5,35.604],[-166.75,35.497],[-167.25,35.493],[-168.25,35.714],[-168.5,35.738],[-169.0,35.627],[-169.539,35.75],[-169.784,35.5],[-169.818,34.0],[-169.948,33.75],[-171.25,33.301],[-172.5,32.998],[-172.75,32.886],[-173.5,32.257],[-173.75,32.155],[-174.75,31.958],[-175.5,31.911],[-177.083,31.25],[-177.936,30.75],[-178.145,30.0],[-178.5,29.788],[-179.0,29.749],[-179.5,29.942],[-180.0,30.026]]]},"properties":{"hvalue":1.2,"color":"#a7c2e0"}},{"type":"Feature","geometry":{"type":"Polygon","coordinates":[[[-169.25,39.701],[-169.25,39.825],[-169.026,39.75],[-169.25,39.701]]]},"properties":{"hvalue":1.2,"color":"#a7c2e0"}},{"type":"Feature","geometry":{"type":"Polygon","coordinates":[[[-180.0,43.124],[-180.0,57.155],[-179.25,57.206],[-178.25,57.394],[-176.75,57.438],[-174.75,57.973],[-173.75,58.082],[-173.0,58.31],[-170.75,58.375],[-170.0,58.053],[-169.0,58.205],[-167.25,58.213],[-164.0,57.881],[-161.75,57.922],[-159.75,58.372],[-159.105,58.355],[-159.0,58.25],[-158.5,58.397],[-157.75,58.376],[-157.75,58.183],[-158.513,57.25],[-158.817,57.0],[-159.0,57.0],[-159.265,56.75],[-159.75,56.75],[-160.0,56.5],[-160.25,56.5],[-160.608,56.142],[-161.684,56.0],[-161.5,56.148],[-160.966,56.25],[-160.477,56.75],[-160.75,56.984],[-161.0,56.997],[-163.75,56.307],[-164.25,56.064],[-164.614,56.0],[-164.25,55.936],[-164.144,55.75],[-163.5,55.468],[-162.5,55.688],[-161.794,55.956],[-162.0,55.75],[-162.25,55.75],[-162.5,55.5],[-162.75,55.5],[-163.0,55.167],[-163.374,55.124],[-163.5,55.25],[-163.75,55.25],[-164.01,55.0],[-164.5,55.0],[-165.0,54.5],[-164.75,54.25],[-164.601,54.25],[-165.5,53.957],[-166.095,53.655],[-166.0,53.75],[-166.157,53.907],[-165.927,54.0],[-166.0,54.054],[-166.75,54.0],[-167.25,53.575],[-167.826,53.576],[-167.98,53.73],[-167.517,53.75],[-166.75,54.198],[-166.15,54.25],[-166.0,54.401],[-165.25,54.601],[-164.924,55.0],[-164.994,55.25],[-167.5,55.594],[-168.5,55.554],[-172.101,54.5],[-172.199,54.25],[-172.115,54.0],[-172.5,53.703],[-173.75,53.536],[-174.5,53.565],[-176.16,54.25],[-176.5,54.308],[-176.743,54.25],[-176.601,54.0],[-175.0,53.381],[-174.75,53.197],[-174.25,53.143],[-173.5,53.329],[-172.955,53.0],[-173.269,52.75],[-172.75,52.57],[-172.5,52.652],[-172.074,52.25],[-172.25,52.079],[-172.431,52.069],[-172.25,52.25],[-172.5,52.5],[-172.75,52.25],[-172.66,52.16],[-173.0,51.778],[-173.897,51.5],[-174.392,51.25],[-174.489,50.5],[-174.957,50.25],[-175.314,49.75],[-175.235,49.5],[-174.599,49.0],[-175.201,48.25],[-175.187,48.0],[-174.964,47.75],[-174.959,47.5],[-175.974,46.75],[-176.844,46.25],[-177.25,45.863],[-177.875,45.5],[-177.982,45.25],[-177.924,45.0],[-177.75,44.83],[-177.25,44.624],[-177.184,44.5],[-177.599,44.0],[-178.5,43.542],[-179.0,43.481],[-180.0,43.124]]]},"properties":{"hvalue":1.2,"color":"#a7c2e0"}},{"type":"Feature","geometry":{"type":"Polygon","coordinates":[[[-170.5,52.849],[-170.421,52.75],[-170.5,52.694],[-170.75,52.642],[-170.892,52.75],[-170.75,52.875],[-170.5,52.849]]]},"properties":{"hvalue":1.2,"color":"#a7c2e0"}},{"type":"Feature","geometry":{"type":"Polygon","coordinates":[[[-169.25,53.145],[-168.105,53.645],[-168.5,53.25],[-168.25,53.0],[-168.0,53.25],[-167.874,53.124],[-168.627,52.873],[-168.5,53.0],[-168.75,53.25],[-169.0,53.0],[-168.889,52.889],[-169.0,52.848],[-169.25,52.906],[-170.0,52.642],[-170.182,52.75],[-170.15,53.0],[-170.0,53.139],[-169.75,53.224],[-169.25,53.145]]]},"properties":{"hvalue":1.2,"color":"#a7c2e0"}},{"type":"Feature","geometry":{"type":"Polygon","coordinates":[[[-167.073,53.323],[-167.554,53.196],[-167.5,53.25],[-167.656,53.406],[-167.205,53.455],[-167.073,53.323]]]},"properties":{"hvalue":1.2,"color":"#a7c2e0"}},{"type":"Feature","geometry":{"type":"Polygon","coordinates":[[[-166.5,53.5],[-166.42,53.5],[-166.554,53.446],[-166.5,53.5]]]},"properties":{"hvalue":1.2,"color":"#a7c2e0"}},{"type":"Feature","geometry":{"type":"Polygon","coordinates":[[[-164.398,54.352],[-164.25,54.5],[-164.086,54.5],[-164.25,54.404],[-164.398,54.352]]]},"properties":{"hvalue":1.2,"color":"#a7c2e0"}},{"type":"Feature","geometry":{"type":"Polygon","coordinates":[[[-162.569,54.931],[-162.25,54.899],[-161.5,55.197],[-161.338,55.338],[-161.25,55.25],[-160.961,55.211],[-162.25,54.677],[-162.324,54.5],[-162.5,54.429],[-163.109,54.641],[-163.0,54.75],[-163.066,54.816],[-162.91,54.91],[-162.75,54.75],[-162.569,54.931]]]},"properties":{"hvalue":1.2,"color":"#a7c2e0"}},{"type":"Feature","geometry":{"type":"Polygon","coordinates":[[[-159.5,55.241],[-159.844,55.5],[-159.618,55.618],[-159.5,55.5],[-159.25,55.75],[-158.75,55.75],[-158.5,56.0],[-158.36,56.0],[-158.868,55.5],[-159.063,55.0],[-159.25,54.908],[-160.0,54.927],[-160.358,55.142],[-160.25,55.337],[-160.0,55.185],[-159.5,55.241]]]},"properties":{"hvalue":1.2,"color":"#a7c2e0"}},{"type":"Feature","geometry":{"type":"Polygon","coordinates":[[[-157.75,56.5],[-157.507,56.5],[-158.0,56.095],[-158.212,56.038],[-157.75,56.5]]]},"properties":{"hvalue":1.2,"color":"#a7c2e0"}},{"type":"Feature","geometry":{"type":"Polygon","coordinates":[[[-156.011,57.25],[-157.0,56.573],[-157.495,56.505],[-157.25,56.75],[-157.0,56.75],[-156.75,57.0],[-156.5,57.0],[-156.25,57.25],[-156.011,57.25]]]},"properties":{"hvalue":1.2,"color":"#a7c2e0"}},{"type":"Feature","geometry":{"type":"Polygon","coordinates":[[[-155.25,57.378],[-155.5,57.509],[-155.862,57.388],[-155.5,57.75],[-155.25,57.75],[-155.0,58.0],[-154.75,57.75],[-154.5,58.0],[-154.25,58.0],[-153.811,58.5],[-153.5,58.5],[-153.25,58.75],[-153.085,59.5],[-153.0,59.5],[-152.25,60.219],[-151.75,60.415],[-151.615,60.25],[-152.0,59.75],[-151.925,59.675],[-151.939,59.5],[-152.25,59.25],[-152.038,59.038],[-152.75,58.722],[-153.787,58.0],[-154.305,57.75],[-154.5,57.75],[-154.75,57.5],[-154.75,57.25],[-154.555,57.055],[-154.445,56.75],[-154.5,56.5],[-154.26,56.26],[-154.75,56.192],[-154.973,56.0],[-155.5,55.847],[-155.74,56.0],[-155.5,56.185],[-155.11,56.25],[-155.126,57.0],[-155.25,57.378]]]},"properties":{"hvalue":1.2,"color":"#a7c2e0"}},{"type":"Feature","geometry":{"type":"Polygon","coordinates":[[[-152.75,57.25],[-152.5,57.25],[-152.25,57.5],[-152.15,58.0],[-152.0,58.0],[-151.75,58.25],[-151.83,58.33],[-151.869,59.0],[-151.0,59.0],[-150.75,59.25],[-150.25,59.25],[-150.0,59.5],[-149.75,59.5],[-149.45,59.75],[-148.5,59.75],[-148.25,59.978],[-148.0,59.75],[-147.815,59.935],[-147.693,59.943],[-147.5,59.75],[-147.25,60.0],[-147.333,60.083],[-147.25,60.078],[-147.0,60.339],[-146.338,60.338],[-146.25,60.25],[-145.089,60.25],[-144.25,59.96],[-143.334,60.0],[-144.25,59.783],[-145.0,59.955],[-145.5,59.927],[-146.228,59.75],[-146.193,59.5],[-146.25,59.478],[-146.5,59.734],[-147.25,59.618],[-149.0,58.764],[-149.725,58.5],[-151.103,58.25],[-150.75,58.166],[-150.568,58.0],[-150.625,57.75],[-152.21,56.75],[-153.75,56.301],[-154.232,56.268],[-153.473,57.0],[-153.0,57.0],[-152.75,57.25]]]},"properties":{"hvalue":1.2,"color":"#a7c2e0"}},{"type":"Feature","geometry":{"type":"Polygon","coordinates":[[[-141.795,59.795],[-142.25,59.901],[-142.461,60.0],[-142.0,60.0],[-141.795,59.795]]]},"properties":{"hvalue":1.2,"color":"#a7c2e0"}},{"type":"Feature","geometry":{"type":"Polygon","coordinates":[[[-168.958,62.25],[-168.5,63.25],[-168.75,63.5],[-169.082,63.5],[-168.071,64.0],[-167.721,64.75],[-167.5,64.908],[-166.75,64.696],[-165.848,64.25],[-165.422,63.25],[-165.457,62.75],[-166.75,61.734],[-167.0,61.668],[-168.0,61.731],[-168.754,62.0],[-168.958,62.25]]]},"properties":{"hvalue":1.2,"color":"#a7c2e0"}},{"type":"Feature","geometry":{"type":"Polygon","coordinates":[[[-142.053,-75.447],[-142.0,-75.447],[-141.947,-75.447],[-142.0,-75.5],[-142.053,-75.447]]]},"properties":{"hvalue":1.2,"color":"#a7c2e0"}},{"type":"Feature","geometry":{"type":"Polygon","coordinates":[[[-93.947,-72.5],[-94.75,-72.459],[-95.5,-72.5],[-95.41,-72.41],[-94.75,-72.355],[-93.947,-72.5]]]},"properties":{"hvalue":1.2,"color":"#a7c2e0"}},{"type":"Feature","geometry":{"type":"Polygon","coordinates":[[[-117.75,-68.16],[-119.0,-68.072],[-119.25,-67.919],[-119.5,-68.035],[-119.75,-67.904],[-120.5,-67.762],[-120.75,-67.582],[-121.117,-67.5],[-120.75,-67.39],[-120.647,-67.25],[-120.75,-67.206],[-121.5,-67.25],[-121.75,-67.4],[-123.0,-67.428],[-124.0,-67.114],[-125.75,-67.154],[-126.75,-66.732],[-130.25,-66.553],[-130.484,-66.5],[-130.75,-66.318],[-131.63,-66.25],[-132.517,-66.0],[-132.596,-65.75],[-131.973,-65.5],[-131.675,-65.25],[-131.75,-65.195],[-134.25,-65.234],[-136.0,-65.137],[-136.346,-65.0],[-136.426,-64.75],[-138.0,-64.438],[-138.75,-63.811],[-139.27,-63.75],[-140.5,-63.344],[-141.5,-62.779],[-141.792,-62.5],[-143.0,-62.414],[-144.0,-61.857],[-145.5,-61.63],[-146.0,-61.407],[-147.0,-60.56],[-147.25,-60.419],[-147.75,-60.318],[-148.25,-60.402],[-148.997,-60.75],[-149.994,-61.5],[-150.75,-61.856],[-151.75,-62.545],[-152.574,-63.0],[-155.288,-64.0],[-156.747,-64.75],[-158.0,-65.093],[-159.25,-65.198],[-161.25,-65.502],[-164.25,-65.435],[-166.75,-65.503],[-168.25,-65.399],[-169.5,-65.709],[-170.25,-65.801],[-172.25,-65.817],[-173.5,-65.686],[-174.25,-65.851],[-175.75,-65.92],[-177.25,-65.628],[-178.0,-65.682],[-178.5,-65.866],[-178.75,-65.861],[-179.25,-65.421],[-180.0,-65.527],[-180.0,-64.855],[-178.75,-64.81],[-178.463,-65.0],[-178.25,-65.259],[-178.0,-65.313],[-177.225,-65.25],[-176.576,-65.0],[-174.996,-64.0],[-175.088,-63.75],[-175.046,-63.5],[-174.75,-63.18],[-173.75,-62.612],[-172.251,-62.0],[-172.299,-61.75],[-172.724,-61.5],[-172.25,-61.2],[-171.735,-61.0],[-171.25,-60.914],[-170.75,-60.996],[-170.607,-61.25],[-170.75,-61.507],[-171.59,-61.75],[-171.851,-62.25],[-171.39,-62.5],[-170.555,-62.75],[-170.474,-63.0],[-170.763,-63.25],[-170.909,-63.5],[-170.0,-63.755],[-169.511,-64.0],[-169.932,-64.25],[-169.706,-64.5],[-169.25,-64.508],[-169.0,-64.331],[-168.25,-64.328],[-167.75,-64.549],[-167.25,-64.542],[-167.0,-64.43],[-166.75,-64.604],[-165.75,-64.791],[-164.75,-64.779],[-164.572,-64.75],[-164.5,-64.66],[-164.0,-64.578],[-163.0,-64.77],[-162.5,-64.642],[-160.5,-64.656],[-159.25,-64.429],[-158.25,-64.59],[-157.512,-64.5],[-157.044,-64.0],[-156.342,-63.75],[-155.5,-63.238],[-154.25,-62.844],[-153.512,-62.5],[-152.5,-61.378],[-151.5,-61.105],[-151.315,-61.0],[-151.192,-60.75],[-150.25,-60.289],[-149.75,-59.919],[-148.5,-59.505],[-147.75,-59.802],[-147.0,-59.967],[-146.516,-60.5],[-145.886,-61.0],[-145.761,-61.25],[-145.5,-61.29],[-145.25,-61.501],[-144.0,-61.542],[-143.25,-61.801],[-141.5,-61.785],[-140.75,-61.701],[-135.25,-60.669],[-133.96,-60.25],[-133.03,-59.75],[-132.921,-59.5],[-132.616,-59.25],[-132.25,-59.185],[-131.716,-59.25],[-129.5,-60.223],[-128.367,-60.25],[-126.75,-59.555],[-126.404,-59.25],[-124.75,-58.609],[-124.25,-58.51],[-122.75,-58.435],[-122.25,-58.199],[-121.307,-57.5],[-120.75,-57.192],[-119.819,-56.25],[-119.672,-56.0],[-119.545,-55.5],[-118.88,-55.0],[-118.895,-54.75],[-119.0,-54.702],[-119.062,-54.5],[-119.023,-54.25],[-119.326,-53.75],[-118.75,-53.43],[-118.25,-52.693],[-117.75,-52.244],[-117.573,-52.0],[-117.532,-51.75],[-117.17,-51.25],[-117.226,-51.0],[-116.715,-50.5],[-115.5,-50.135],[-114.75,-49.805],[-114.25,-49.721],[-112.25,-49.881],[-111.829,-50.0],[-111.411,-50.25],[-111.36,-50.5],[-111.514,-50.75],[-111.373,-51.0],[-111.389,-51.25],[-110.75,-51.652],[-110.422,-52.0],[-110.612,-52.75],[-110.5,-52.946],[-109.373,-53.25],[-109.111,-53.75],[-109.209,-54.0],[-109.243,-54.5],[-109.936,-55.5],[-110.096,-56.0],[-109.82,-56.5],[-109.883,-56.75],[-109.79,-57.0],[-108.75,-57.372],[-108.505,-57.5],[-108.453,-57.75],[-108.0,-57.867],[-104.75,-57.101],[-102.75,-56.955],[-102.5,-57.018],[-102.298,-57.25],[-102.177,-58.0],[-102.222,-58.25],[-102.499,-58.5],[-103.25,-58.681],[-104.75,-58.674],[-106.25,-59.169],[-107.0,-59.619],[-107.25,-59.663],[-108.25,-59.507],[-109.5,-60.123],[-110.718,-60.5],[-111.465,-61.0],[-111.64,-61.25],[-111.594,-61.5],[-111.0,-61.897],[-108.5,-62.718],[-106.5,-62.835],[-104.25,-62.817],[-103.0,-62.705],[-102.367,-62.75],[-101.11,-63.25],[-101.036,-63.75],[-100.838,-64.0],[-100.25,-64.513],[-99.43,-64.75],[-98.0,-64.683],[-96.5,-64.361],[-95.25,-64.197],[-92.5,-63.98],[-91.5,-63.992],[-91.25,-64.106],[-91.163,-64.25],[-91.187,-64.5],[-90.981,-64.75],[-89.0,-64.769],[-87.353,-65.25],[-84.5,-65.746],[-83.75,-65.8],[-83.0,-65.78],[-82.25,-65.622],[-81.971,-65.5],[-81.5,-65.103],[-81.25,-65.03],[-80.75,-64.592],[-79.5,-64.122],[-78.5,-64.114],[-77.5,-64.286],[-76.75,-64.302],[-76.0,-64.117],[-74.5,-64.013],[-73.75,-63.711],[-72.25,-63.434],[-71.75,-63.251],[-70.25,-63.266],[-69.0,-62.726],[-68.25,-62.609],[-67.5,-62.614],[-67.15,-62.5],[-66.94,-62.25],[-66.5,-62.06],[-65.5,-62.012],[-65.0,-61.899],[-63.25,-61.228],[-63.0,-61.23],[-62.75,-61.456],[-61.555,-61.5],[-61.215,-61.75],[-61.248,-62.0],[-61.48,-62.5],[-61.343,-62.593],[-61.5,-62.75],[-61.312,-62.938],[-61.75,-62.973],[-62.261,-63.25],[-62.537,-63.5],[-62.552,-63.75],[-61.75,-63.778],[-61.25,-63.909],[-60.978,-63.728],[-61.0,-63.995],[-61.5,-64.237],[-61.75,-63.989],[-62.0,-63.941],[-63.0,-64.085],[-63.327,-64.0],[-63.215,-63.5],[-62.75,-63.137],[-62.535,-62.75],[-62.456,-62.25],[-62.242,-62.0],[-62.5,-61.827],[-62.75,-61.782],[-65.5,-62.336],[-66.75,-62.872],[-67.25,-62.952],[-68.25,-62.949],[-68.948,-63.25],[-69.75,-63.463],[-72.315,-63.75],[-74.25,-64.22],[-76.436,-64.5],[-76.75,-64.652],[-77.75,-64.651],[-78.5,-64.434],[-79.5,-64.49],[-80.099,-64.75],[-80.596,-65.25],[-81.75,-65.833],[-83.0,-66.3],[-83.75,-66.472],[-84.25,-66.502],[-85.5,-66.34],[-86.5,-66.455],[-86.75,-66.401],[-87.0,-66.19],[-87.5,-66.085],[-88.75,-66.298],[-90.75,-66.423],[-92.75,-66.818],[-94.25,-66.879],[-97.25,-67.257],[-99.25,-67.288],[-101.5,-67.525],[-103.0,-67.945],[-103.75,-68.041],[-104.25,-68.025],[-104.75,-67.81],[-106.0,-67.782],[-106.25,-67.673],[-107.75,-67.599],[-108.75,-67.266],[-109.227,-67.0],[-109.75,-66.516],[-110.0,-66.494],[-110.5,-66.586],[-110.852,-66.75],[-112.25,-67.572],[-113.5,-67.814],[-114.25,-68.107],[-114.892,-68.5],[-116.0,-68.554],[-116.5,-68.363],[-117.5,-68.299],[-117.75,-68.16]]]},"properties":{"hvalue":1.2,"color":"#a7c2e0"}},{"type":"Feature","geometry":{"type":"Polygon","coordinates":[[[-90.25,-60.443],[-89.75,-60.53],[-89.5,-60.431],[-89.411,-60.25],[-88.824,-60.0],[-87.566,-59.75],[-87.514,-59.5],[-87.988,-59.25],[-89.75,-59.207],[-90.75,-59.339],[-91.75,-59.617],[-94.75,-59.775],[-94.99,-59.75],[-95.287,-59.5],[-95.5,-59.046],[-95.75,-59.14],[-96.141,-59.75],[-96.5,-59.897],[-96.75,-59.956],[-98.25,-59.752],[-98.898,-59.5],[-99.176,-59.25],[-99.057,-59.0],[-98.25,-58.777],[-98.375,-58.5],[-98.964,-58.0],[-99.0,-57.738],[-99.25,-57.586],[-99.75,-57.613],[-100.0,-57.502],[-100.401,-57.0],[-100.525,-56.75],[-100.5,-56.656],[-100.0,-56.646],[-99.25,-57.081],[-98.0,-57.205],[-97.5,-57.168],[-96.25,-56.883],[-95.25,-56.51],[-94.25,-55.907],[-93.5,-55.806],[-93.424,-55.75],[-93.472,-55.5],[-93.0,-55.272],[-92.75,-55.315],[-92.479,-55.5],[-92.0,-55.576],[-91.5,-55.437],[-90.75,-55.006],[-90.5,-55.026],[-89.967,-55.25],[-90.38,-55.5],[-90.32,-55.75],[-89.256,-56.25],[-89.531,-56.5],[-90.533,-57.0],[-90.605,-57.25],[-90.534,-57.5],[-90.204,-57.75],[-89.75,-57.802],[-89.421,-57.75],[-89.25,-57.551],[-89.083,-57.5],[-89.196,-57.25],[-89.0,-57.162],[-88.75,-56.906],[-87.5,-56.366],[-86.129,-56.5],[-85.434,-57.0],[-85.522,-57.25],[-85.906,-57.5],[-86.529,-57.75],[-86.364,-58.0],[-85.511,-58.25],[-85.117,-58.5],[-85.568,-58.75],[-85.365,-59.0],[-85.35,-59.25],[-86.0,-59.544],[-87.024,-59.75],[-87.881,-60.5],[-88.5,-60.704],[-90.0,-60.852],[-90.75,-61.037],[-91.102,-61.0],[-91.333,-60.75],[-91.001,-60.5],[-90.25,-60.443]]]},"properties":{"hvalue":1.2,"color":"#a7c2e0"}},{"type":"Feature","geometry":{"type":"Polygon","coordinates":[[[-90.839,-54.5],[-90.674,-54.5],[-90.75,-54.865],[-90.839,-54.5]]]},"properties":{"hvalue":1.2,"color":"#a7c2e0"}},{"type":"Feature","geometry":{"type":"Polygon","coordinates":[[[-73.25,-54.024],[-72.876,-54.124],[-72.658,-54.342],[-73.25,-54.141],[-73.586,-53.75],[-73.5,-53.75],[-73.25,-54.024]]]},"properties":{"hvalue":1.2,"color":"#a7c2e0"}},{"type":"Feature","geometry":{"type":"Polygon","coordinates":[[[-73.824,-53.324],[-73.955,-53.455],[-74.213,-53.25],[-73.928,-53.25],[-73.824,-53.324]]]},"properties":{"hvalue":1.2,"color":"#a7c2e0"}},{"type":"Feature","geometry":{"type":"Polygon","coordinates":[[[-75.093,-52.343],[-75.181,-52.069],[-75.0,-52.25],[-75.093,-52.343]]]},"properties":{"hvalue":1.2,"color":"#a7c2e0"}},{"type":"Feature","geometry":{"type":"Polygon","coordinates":[[[-100.846,-29.25],[-100.5,-29.138],[-99.75,-29.215],[-99.25,-29.111],[-99.0,-28.967],[-98.78,-29.0],[-99.095,-29.25],[-98.989,-29.5],[-99.023,-29.75],[-99.5,-30.164],[-100.75,-30.356],[-101.25,-30.595],[-101.5,-30.582],[-101.504,-30.25],[-100.846,-29.25]]]},"properties":{"hvalue":1.2,"color":"#a7c2e0"}},{"type":"Feature","geometry":{"type":"Polygon","coordinates":[[[-104.56,-29.25],[-104.25,-29.039],[-104.0,-29.116],[-103.962,-29.25],[-104.25,-29.381],[-104.56,-29.25]]]},"properties":{"hvalue":1.2,"color":"#a7c2e0"}},{"type":"Feature","geometry":{"type":"Polygon","coordinates":[[[-112.0,-27.081],[-112.047,-27.0],[-111.75,-26.686],[-111.5,-26.605],[-111.362,-26.75],[-111.75,-27.009],[-112.0,-27.081]]]},"properties":{"hvalue":1.2,"color":"#a7c2e0"}},{"type":"Feature","geometry":{"type":"Polygon","coordinates":[[[-108.77,-26.25],[-108.25,-26.175],[-108.043,-26.25],[-107.822,-26.75],[-108.25,-27.088],[-109.079,-27.25],[-109.25,-27.446],[-109.541,-27.0],[-109.25,-26.588],[-108.77,-26.25]]]},"properties":{"hvalue":1.2,"color":"#a7c2e0"}},{"type":"Feature","geometry":{"type":"Polygon","coordinates":[[[-100.75,-25.028],[-100.75,-24.971],[-100.704,-25.0],[-100.75,-25.028]]]},"properties":{"hvalue":1.2,"color":"#a7c2e0"}},{"type":"Feature","geometry":{"type":"Polygon","coordinates":[[[-124.965,-24.75],[-124.75,-24.582],[-124.581,-24.75],[-124.75,-24.89],[-124.965,-24.75]]]},"properties":{"hvalue":1.2,"color":"#a7c2e0"}},{"type":"Feature","geometry":{"type":"Polygon","coordinates":[[[-134.5,-23.27],[-134.5,-23.216],[-134.473,-23.25],[-134.5,-23.27]]]},"properties":{"hvalue":1.2,"color":"#a7c2e0"}},{"type":"Feature","geometry":{"type":"Polygon","coordinates":[[[-134.672,-23.0],[-135.0,-23.37],[-135.138,-23.25],[-135.201,-23.0],[-135.0,-22.648],[-134.75,-22.634],[-134.672,-23.0]]]},"properties":{"hvalue":1.2,"color":"#a7c2e0"}},{"type":"Feature","geometry":{"type":"Polygon","coordinates":[[[-137.5,-23.007],[-137.5,-22.985],[-137.469,-23.0],[-137.5,-23.007]]]},"properties":{"hvalue":1.2,"color":"#a7c2e0"}},{"type":"Feature","geometry":{"type":"Polygon","coordinates":[[[-91.53,-15.5],[-91.0,-14.782],[-90.5,-14.858],[-90.25,-15.104],[-90.053,-15.5],[-90.064,-15.75],[-90.639,-16.0],[-90.94,-16.5],[-91.25,-16.562],[-91.594,-16.0],[-91.53,-15.5]]]},"properties":{"hvalue":1.2,"color":"#a7c2e0"}},{"type":"Feature","geometry":{"type":"Polygon","coordinates":[[[-83.673,-53.5],[-84.27,-52.25],[-84.462,-52.0],[-84.991,-51.75],[-85.75,-51.746],[-87.25,-51.99],[-87.75,-51.884],[-88.216,-50.5],[-88.339,-49.75],[-88.194,-49.5],[-88.184,-49.25],[-88.397,-49.0],[-88.274,-48.75],[-88.46,-48.25],[-88.647,-48.0],[-88.59,-47.75],[-88.722,-47.25],[-89.0,-46.75],[-90.015,-45.75],[-90.684,-45.25],[-90.764,-45.0],[-91.263,-44.5],[-91.319,-43.25],[-91.73,-42.75],[-91.814,-42.5],[-91.667,-41.5],[-91.91,-41.25],[-91.86,-41.0],[-92.427,-40.75],[-92.402,-40.25],[-91.5,-39.569],[-89.25,-39.283],[-89.15,-39.0],[-89.25,-38.87],[-89.633,-38.5],[-90.0,-38.316],[-91.25,-38.15],[-91.533,-38.25],[-91.761,-38.5],[-91.516,-39.25],[-91.75,-39.421],[-92.75,-39.286],[-93.783,-39.25],[-94.067,-39.0],[-94.077,-38.75],[-93.931,-38.5],[-93.455,-38.25],[-92.648,-38.0],[-92.418,-37.75],[-92.557,-37.5],[-93.0,-37.23],[-93.5,-37.153],[-94.25,-37.181],[-95.25,-37.346],[-95.836,-37.25],[-95.994,-37.0],[-95.63,-36.75],[-94.907,-36.5],[-94.861,-36.25],[-95.0,-35.964],[-95.5,-35.606],[-96.25,-35.379],[-96.637,-34.75],[-97.0,-34.431],[-97.75,-34.18],[-98.5,-34.156],[-98.732,-34.0],[-98.898,-33.75],[-98.969,-33.0],[-99.118,-32.5],[-99.25,-32.317],[-99.5,-32.244],[-100.25,-32.301],[-100.5,-32.253],[-100.626,-32.0],[-100.558,-31.75],[-100.367,-31.5],[-100.0,-31.206],[-99.5,-30.998],[-99.302,-30.75],[-99.25,-30.425],[-99.102,-30.25],[-97.25,-30.066],[-96.5,-29.87],[-95.971,-29.5],[-95.716,-29.0],[-95.25,-28.769],[-94.5,-28.612],[-94.25,-28.346],[-94.113,-28.0],[-93.907,-27.75],[-93.124,-27.25],[-92.624,-26.75],[-91.626,-26.25],[-91.789,-26.0],[-91.5,-25.63],[-91.0,-25.254],[-90.893,-25.0],[-90.838,-24.75],[-91.23,-24.5],[-91.274,-24.25],[-91.155,-23.75],[-90.994,-23.5],[-90.5,-23.003],[-90.0,-22.665],[-89.5,-21.94],[-88.643,-21.5],[-88.326,-20.75],[-88.318,-20.25],[-88.179,-20.0],[-88.0,-19.906],[-87.5,-19.89],[-87.286,-19.75],[-87.75,-19.504],[-88.25,-19.428],[-88.75,-18.942],[-89.111,-18.75],[-89.25,-18.466],[-89.5,-18.298],[-90.0,-18.293],[-90.5,-18.101],[-90.59,-18.0],[-90.671,-17.75],[-90.503,-17.0],[-90.25,-16.799],[-89.5,-16.578],[-88.874,-15.75],[-88.903,-15.5],[-89.25,-15.068],[-89.75,-14.781],[-90.25,-14.688],[-90.419,-14.25],[-90.391,-14.0],[-90.046,-13.25],[-89.75,-13.03],[-89.466,-13.0],[-88.25,-13.382],[-88.0,-13.277],[-87.717,-13.0],[-87.5,-12.517],[-87.25,-12.626],[-86.75,-13.358],[-86.5,-13.396],[-86.185,-13.25],[-86.0,-13.025],[-86.047,-12.75],[-86.5,-12.358],[-87.0,-11.686],[-87.25,-11.535],[-87.656,-11.75],[-87.75,-12.317],[-88.5,-12.3],[-88.75,-12.202],[-89.145,-11.75],[-89.476,-11.0],[-89.75,-10.86],[-90.25,-10.227],[-90.33,-10.0],[-90.308,-9.5],[-91.25,-8.621],[-91.756,-8.5],[-91.624,-8.25],[-91.351,-8.0],[-91.5,-7.472],[-91.0,-7.397],[-90.75,-7.716],[-90.25,-7.733],[-89.402,-9.0],[-89.238,-9.5],[-89.309,-9.75],[-89.258,-10.25],[-88.998,-10.5],[-88.75,-10.579],[-88.5,-10.557],[-88.25,-10.468],[-87.737,-9.5],[-87.101,-9.0],[-87.048,-8.75],[-87.177,-8.5],[-87.251,-8.0],[-87.5,-7.772],[-88.0,-7.621],[-88.634,-7.0],[-88.776,-6.75],[-88.676,-6.25],[-89.25,-5.935],[-89.674,-6.0],[-90.25,-6.384],[-90.5,-6.27],[-91.25,-5.311],[-91.5,-5.166],[-92.0,-5.366],[-92.5,-5.178],[-93.75,-5.582],[-94.0,-5.546],[-94.5,-5.199],[-95.25,-4.856],[-95.325,-4.75],[-95.097,-4.25],[-95.147,-4.0],[-95.255,-3.75],[-95.529,-3.5],[-95.75,-3.01],[-96.0,-3.047],[-96.192,-3.25],[-96.75,-3.433],[-97.0,-3.319],[-97.25,-3.375],[-97.75,-3.311],[-98.208,-3.75],[-98.323,-4.0],[-98.19,-4.5],[-98.5,-4.858],[-98.75,-4.952],[-99.0,-4.942],[-99.626,-4.75],[-100.0,-4.434],[-100.25,-4.339],[-101.25,-4.109],[-101.5,-3.843],[-101.532,-3.5],[-101.75,-3.294],[-102.0,-3.228],[-102.25,-2.791],[-102.75,-2.375],[-103.25,-2.098],[-104.25,-2.028],[-106.0,-2.119],[-106.501,-2.0],[-107.0,-1.214],[-107.25,-0.5],[-107.428,-0.25],[-107.752,0.0],[-108.209,1.25],[-108.5,1.566],[-108.75,1.655],[-109.5,1.653],[-110.25,1.902],[-110.5,1.875],[-111.25,1.402],[-111.75,1.199],[-112.0,1.28],[-112.5,1.903],[-113.25,1.488],[-113.563,1.5],[-113.75,1.615],[-114.017,2.0],[-114.102,2.5],[-114.112,3.5],[-114.824,3.75],[-115.241,6.25],[-115.423,6.75],[-115.0,7.168],[-114.0,7.221],[-113.949,7.25],[-114.0,7.539],[-114.25,7.782],[-114.5,7.867],[-114.75,7.653],[-115.0,7.564],[-115.5,7.712],[-116.0,7.995],[-116.5,8.096],[-117.25,8.496],[-117.75,9.009],[-118.0,8.677],[-118.051,8.5],[-118.0,8.208],[-117.75,8.079],[-117.25,8.135],[-116.5,7.718],[-116.032,7.25],[-115.953,7.0],[-116.0,6.973],[-116.5,6.922],[-116.75,6.761],[-117.0,6.723],[-117.75,7.146],[-118.5,7.318],[-119.25,7.973],[-120.25,8.261],[-120.477,8.5],[-120.356,8.75],[-120.0,9.138],[-119.891,9.5],[-120.057,10.75],[-120.25,11.164],[-120.5,11.378],[-120.962,11.25],[-121.25,10.844],[-121.5,10.91],[-121.855,11.25],[-122.068,12.5],[-122.379,13.25],[-122.4,13.75],[-122.585,14.25],[-122.821,15.75],[-122.75,16.109],[-122.146,16.75],[-121.711,17.0],[-121.841,17.5],[-122.153,18.0],[-122.24,18.5],[-122.151,19.0],[-121.667,19.75],[-121.733,20.0],[-122.062,20.5],[-122.12,20.75],[-122.027,21.25],[-121.956,21.5],[-121.182,22.5],[-121.155,22.75],[-121.551,23.25],[-121.554,23.5],[-121.37,24.0],[-121.399,24.5],[-121.284,25.25],[-121.092,26.0],[-121.431,27.0],[-121.5,27.75],[-121.25,28.49],[-121.0,28.819],[-120.676,29.0],[-120.5,29.235],[-120.49,29.5],[-120.75,29.598],[-121.25,29.561],[-121.5,29.768],[-122.151,30.75],[-122.5,31.821],[-122.75,31.89],[-123.25,31.417],[-123.75,31.505],[-124.143,31.75],[-124.75,32.385],[-125.25,32.62],[-125.649,33.25],[-125.558,33.5],[-125.25,33.494],[-125.0,33.599],[-124.75,34.699],[-124.469,35.0],[-124.622,35.75],[-124.578,36.0],[-123.75,36.228],[-123.25,35.961],[-123.137,36.25],[-123.339,37.5],[-123.692,38.5],[-124.133,39.25],[-124.486,40.236],[-124.0,39.75],[-124.0,39.25],[-123.75,39.0],[-123.75,38.75],[-122.75,37.75],[-122.75,37.5],[-122.0,36.75],[-122.0,36.25],[-121.25,35.5],[-121.0,35.5],[-121.0,35.25],[-120.75,35.0],[-120.75,34.75],[-120.095,34.0],[-119.75,33.75],[-119.5,34.0],[-119.566,34.066],[-119.374,34.124],[-119.25,34.0],[-118.623,34.0],[-118.649,33.5],[-118.5,33.272],[-118.221,33.5],[-117.75,33.5],[-117.382,33.132],[-117.25,32.783],[-117.25,32.5],[-117.0,32.25],[-117.0,32.0],[-116.75,31.75],[-116.75,31.5],[-116.5,31.25],[-116.5,31.0],[-116.25,30.75],[-116.25,30.5],[-115.75,30.0],[-115.75,29.75],[-115.5,29.5],[-115.25,29.5],[-114.81,29.0],[-114.864,28.75],[-115.303,28.25],[-115.192,28.0],[-115.077,27.923],[-115.25,27.75],[-115.0,27.5],[-114.75,27.5],[-114.0,26.75],[-113.613,26.75],[-113.5,26.653],[-113.073,26.573],[-112.5,26.0],[-112.334,26.0],[-112.25,25.823],[-112.25,25.187],[-112.331,25.0],[-112.269,24.75],[-111.75,24.299],[-111.531,24.281],[-111.25,24.0],[-111.0,24.0],[-110.25,23.25],[-110.25,23.0],[-110.0,22.75],[-109.75,22.75],[-109.374,23.126],[-108.75,23.495],[-108.25,23.465],[-107.5,23.808],[-106.75,23.328],[-106.41,23.0],[-106.701,21.75],[-106.5,21.531],[-106.25,21.443],[-106.0,21.531],[-105.75,21.45],[-105.514,21.25],[-105.562,20.938],[-105.75,20.75],[-105.75,20.0],[-105.0,19.25],[-104.75,19.25],[-104.25,18.75],[-104.0,18.75],[-103.25,18.0],[-102.5,18.0],[-102.25,17.75],[-101.75,17.75],[-101.0,17.0],[-100.25,17.0],[-99.75,16.5],[-98.75,16.5],[-98.75,16.25],[-98.5,16.0],[-98.0,16.0],[-97.75,15.75],[-97.25,15.75],[-97.0,15.5],[-96.25,15.5],[-96.048,15.702],[-95.5,15.75],[-95.236,16.014],[-94.75,16.163],[-94.5,16.0],[-94.318,16.0],[-94.0,15.324],[-93.5,15.21],[-92.265,14.515],[-91.5,13.75],[-90.25,13.75],[-89.75,13.25],[-89.0,13.25],[-88.75,13.0],[-87.799,13.0],[-87.5,12.556],[-87.0,12.17],[-86.786,11.75],[-86.058,11.25],[-85.973,11.0],[-86.03,10.25],[-85.938,10.0],[-85.75,9.822],[-85.556,9.806],[-85.25,9.5],[-84.75,9.518],[-84.5,9.25],[-84.205,9.25],[-84.0,9.03],[-83.952,8.75],[-83.5,8.25],[-83.25,8.277],[-83.0,8.0],[-82.933,8.067],[-82.389,8.0],[-82.0,7.569],[-81.902,7.25],[-81.75,7.114],[-80.855,7.105],[-80.75,7.0],[-80.654,7.096],[-80.25,7.182],[-79.835,7.5],[-79.75,7.722],[-79.5,7.825],[-79.34,7.75],[-79.25,7.563],[-79.306,7.0],[-79.75,6.302],[-80.25,6.101],[-81.5,6.242],[-82.25,5.593],[-82.75,5.394],[-83.5,5.283],[-83.75,5.007],[-83.404,4.5],[-83.471,3.25],[-83.344,3.0],[-82.947,2.75],[-82.966,2.5],[-83.278,2.0],[-83.303,1.5],[-83.25,1.415],[-83.0,1.457],[-82.5,1.696],[-82.057,2.0],[-81.791,2.5],[-81.0,2.788],[-80.75,2.836],[-80.25,2.613],[-79.5,2.62],[-79.175,2.5],[-80.469,0.5],[-80.593,0.25],[-80.748,-0.5],[-81.0,-1.0],[-81.0,-2.25],[-80.559,-2.691],[-80.753,-3.25],[-81.355,-4.355],[-81.5,-4.5],[-81.296,-4.704],[-81.25,-5.25],[-81.15,-5.35],[-81.156,-5.906],[-81.25,-6.0],[-80.75,-6.5],[-80.655,-6.405],[-80.5,-6.412],[-80.25,-6.645],[-80.0,-6.75],[-80.0,-7.0],[-79.75,-7.25],[-79.75,-7.5],[-79.5,-7.75],[-79.5,-8.0],[-79.25,-8.25],[-79.0,-8.278],[-79.0,-8.5],[-78.75,-8.847],[-78.75,-9.0],[-78.5,-9.25],[-78.5,-9.75],[-78.25,-10.0],[-78.25,-10.25],[-78.0,-10.5],[-78.0,-10.75],[-77.75,-11.0],[-77.75,-11.25],[-77.25,-11.75],[-77.25,-12.0],[-77.0,-12.25],[-77.0,-12.5],[-76.75,-12.75],[-76.75,-13.0],[-76.349,-13.401],[-76.383,-13.883],[-76.5,-14.0],[-76.0,-14.5],[-76.0,-14.75],[-75.5,-15.25],[-75.25,-15.25],[-74.5,-16.0],[-74.25,-16.0],[-74.0,-16.25],[-73.75,-16.25],[-73.5,-16.5],[-73.25,-16.5],[-73.0,-16.75],[-72.5,-16.75],[-72.0,-17.25],[-71.75,-17.25],[-71.5,-17.5],[-71.5,-17.75],[-71.25,-18.0],[-71.0,-18.0],[-70.5,-18.5],[-70.5,-19.25],[-70.25,-19.5],[-70.25,-21.848],[-70.336,-22.336],[-70.5,-22.5],[-70.5,-22.772],[-70.75,-23.25],[-70.623,-23.377],[-70.576,-23.75],[-70.588,-24.088],[-70.75,-24.25],[-70.75,-24.75],[-70.5,-25.042],[-70.602,-25.352],[-70.75,-25.5],[-70.75,-26.561],[-71.0,-27.0],[-71.0,-27.5],[-71.25,-27.75],[-71.25,-28.292],[-71.614,-29.0],[-71.5,-29.141],[-71.5,-30.002],[-71.685,-30.25],[-71.75,-30.5],[-71.75,-31.75],[-71.542,-31.958],[-71.544,-32.044],[-71.75,-32.25],[-71.5,-32.5],[-71.75,-32.75],[-71.75,-33.543],[-71.921,-33.75],[-72.0,-34.25],[-72.25,-34.5],[-72.25,-34.88],[-72.75,-35.5],[-72.75,-35.75],[-73.0,-36.0],[-73.0,-36.316],[-73.318,-36.75],[-73.615,-37.0],[-73.75,-37.25],[-73.75,-37.75],[-73.5,-38.0],[-73.64,-38.25],[-73.604,-38.354],[-73.75,-38.5],[-73.5,-38.75],[-73.5,-39.0],[-73.311,-39.25],[-73.5,-39.5],[-73.517,-39.767],[-74.0,-40.25],[-74.0,-41.5],[-73.933,-41.567],[-74.25,-42.0],[-74.25,-42.75],[-74.5,-43.0],[-74.5,-43.25],[-74.372,-43.378],[-74.5,-43.322],[-74.75,-43.5],[-74.5,-43.625],[-74.25,-43.587],[-74.136,-43.75],[-74.5,-44.315],[-75.048,-44.75],[-74.75,-44.76],[-74.501,-45.0],[-74.883,-45.633],[-75.25,-46.0],[-75.25,-46.25],[-75.75,-46.75],[-75.5,-47.0],[-75.25,-47.0],[-75.143,-46.893],[-74.422,-47.0],[-74.5,-47.297],[-74.749,-47.5],[-75.0,-47.5],[-75.348,-47.75],[-75.5,-48.0],[-75.5,-48.25],[-75.75,-48.5],[-75.75,-49.25],[-75.5,-49.5],[-75.75,-49.75],[-75.5,-50.0],[-75.5,-50.5],[-75.25,-50.75],[-75.25,-51.737],[-75.438,-51.5],[-75.414,-51.25],[-75.284,-51.0],[-75.563,-50.75],[-75.528,-50.5],[-75.75,-50.032],[-76.0,-49.823],[-76.25,-49.959],[-76.5,-50.288],[-77.25,-50.425],[-77.75,-50.687],[-78.364,-51.25],[-78.525,-51.75],[-78.75,-51.895],[-79.25,-52.133],[-80.0,-52.29],[-80.25,-52.437],[-80.809,-53.0],[-80.897,-53.25],[-80.794,-53.5],[-81.722,-54.0],[-82.5,-54.099],[-83.25,-53.905],[-83.673,-53.5]]]},"properties":{"hvalue":1.2,"color":"#a7c2e0"}},{"type":"Feature","geometry":{"type":"Polygon","coordinates":[[[-95.141,-6.0],[-95.368,-5.75],[-95.25,-5.664],[-95.0,-5.744],[-94.916,-6.0],[-95.141,-6.0]]]},"properties":{"hvalue":1.2,"color":"#a7c2e0"}},{"type":"Feature","geometry":{"type":"Polygon","coordinates":[[[-95.75,-5.287],[-95.75,-5.215],[-95.605,-5.25],[-95.75,-5.287]]]},"properties":{"hvalue":1.2,"color":"#a7c2e0"}},{"type":"Feature","geometry":{"type":"Polygon","coordinates":[[[-140.292,-1.5],[-140.5,-1.611],[-140.958,-1.5],[-140.75,-1.346],[-140.5,-1.374],[-140.292,-1.5]]]},"properties":{"hvalue":1.2,"color":"#a7c2e0"}},{"type":"Feature","geometry":{"type":"Polygon","coordinates":[[[-120.25,4.678],[-119.925,4.5],[-119.854,4.25],[-119.979,3.75],[-120.5,3.256],[-120.75,3.219],[-120.935,3.5],[-120.836,4.0],[-120.5,4.593],[-120.25,4.678]]]},"properties":{"hvalue":1.2,"color":"#a7c2e0"}},{"type":"Feature","geometry":{"type":"Polygon","coordinates":[[[-119.106,4.75],[-119.25,4.688],[-119.374,4.75],[-119.409,5.0],[-119.25,5.348],[-119.0,5.188],[-118.962,5.0],[-119.106,4.75]]]},"properties":{"hvalue":1.2,"color":"#a7c2e0"}},{"type":"Feature","geometry":{"type":"Polygon","coordinates":[[[-131.966,18.5],[-131.781,18.25],[-131.738,18.0],[-131.884,17.75],[-132.25,17.504],[-132.75,17.37],[-132.842,17.5],[-132.5,18.337],[-132.25,18.539],[-131.966,18.5]]]},"properties":{"hvalue":1.2,"color":"#a7c2e0"}},{"type":"Feature","geometry":{"type":"Polygon","coordinates":[[[-80.5,18.556],[-80.172,18.5],[-80.609,18.5],[-80.5,18.556]]]},"properties":{"hvalue":1.2,"color":"#a7c2e0"}},{"type":"Feature","geometry":{"type":"Polygon","coordinates":[[[-71.5,20.654],[-71.293,20.5],[-71.5,20.305],[-71.75,20.387],[-71.75,20.55],[-71.5,20.654]]]},"properties":{"hvalue":1.2,"color":"#a7c2e0"}},{"type":"Feature","geometry":{"type":"Polygon","coordinates":[[[-135.107,33.0],[-136.25,33.314],[-137.25,33.358],[-138.25,33.603],[-138.326,33.5],[-138.189,33.25],[-138.25,33.151],[-139.25,33.207],[-139.667,33.5],[-140.0,33.898],[-140.75,34.125],[-141.25,34.616],[-141.5,34.652],[-142.0,34.567],[-142.75,34.718],[-143.5,34.743],[-144.189,35.0],[-144.0,35.122],[-143.984,35.25],[-144.5,35.687],[-145.365,36.25],[-145.5,36.698],[-145.75,36.727],[-146.0,36.644],[-146.398,36.75],[-146.293,37.0],[-146.459,37.25],[-146.825,37.5],[-147.314,38.0],[-147.371,38.25],[-147.0,38.344],[-145.846,38.25],[-146.0,38.292],[-146.277,38.75],[-146.409,39.25],[-146.262,39.75],[-146.278,40.0],[-146.511,40.25],[-146.604,40.5],[-146.56,40.75],[-145.606,41.0],[-145.528,41.5],[-145.25,41.668],[-144.472,41.75],[-145.25,42.065],[-145.5,42.283],[-145.25,42.427],[-143.453,42.75],[-143.501,43.0],[-143.432,43.25],[-142.76,43.5],[-142.831,43.75],[-144.007,44.25],[-144.281,44.5],[-144.0,44.671],[-142.75,44.982],[-141.75,45.059],[-141.336,45.25],[-141.45,45.75],[-140.739,46.0],[-140.526,46.25],[-140.432,46.5],[-140.422,47.0],[-140.158,47.25],[-139.876,47.75],[-139.991,48.0],[-140.725,48.5],[-140.233,48.75],[-138.876,49.0],[-138.488,49.25],[-138.25,49.606],[-137.373,50.25],[-137.25,50.461],[-137.472,51.0],[-137.22,51.25],[-136.733,51.5],[-136.074,52.25],[-135.942,52.5],[-136.22,53.0],[-135.886,53.5],[-136.042,53.75],[-136.129,54.25],[-136.372,54.5],[-136.152,54.75],[-135.749,55.0],[-135.649,55.25],[-135.751,56.0],[-135.969,56.25],[-136.182,56.75],[-137.086,57.25],[-137.161,57.5],[-137.099,57.75],[-137.25,57.997],[-138.232,58.25],[-138.694,59.0],[-138.25,59.0],[-137.75,58.5],[-137.5,58.5],[-137.25,58.25],[-136.564,58.25],[-136.75,58.0],[-136.25,57.5],[-136.0,57.5],[-136.0,57.25],[-135.75,57.0],[-135.5,56.981],[-135.5,56.75],[-135.25,56.5],[-135.0,56.5],[-135.0,56.25],[-134.75,56.0],[-134.598,56.152],[-134.5,56.138],[-134.0,55.833],[-133.788,55.788],[-133.624,55.25],[-133.17,54.92],[-133.501,54.75],[-132.844,54.5],[-133.0,54.462],[-133.163,54.25],[-133.25,53.75],[-132.0,52.5],[-131.75,52.5],[-131.75,52.25],[-131.5,52.0],[-131.203,52.047],[-131.0,51.868],[-130.0,51.867],[-129.367,51.75],[-129.0,51.489],[-128.728,50.75],[-128.327,50.577],[-127.75,50.0],[-127.23,49.75],[-126.5,49.127],[-125.767,48.75],[-125.776,48.5],[-125.652,48.25],[-125.239,47.75],[-125.347,47.5],[-125.115,47.0],[-125.139,46.75],[-125.309,46.5],[-125.269,46.25],[-124.5,45.847],[-124.225,45.25],[-124.256,44.75],[-124.416,44.25],[-124.403,43.75],[-124.5,43.5],[-124.533,42.967],[-124.75,42.75],[-124.5,42.5],[-124.5,42.0],[-124.25,41.75],[-124.25,40.863],[-124.5,40.5],[-124.5,40.273],[-124.625,40.5],[-124.765,41.25],[-124.759,42.25],[-125.0,42.382],[-125.25,42.347],[-126.25,42.758],[-126.75,42.659],[-126.987,42.5],[-127.393,42.0],[-128.0,41.496],[-128.75,41.278],[-129.0,41.109],[-129.118,41.0],[-129.327,40.5],[-129.296,39.0],[-129.202,38.75],[-129.299,38.25],[-129.24,38.0],[-128.646,37.0],[-128.584,36.75],[-128.648,35.75],[-128.523,35.0],[-127.873,33.75],[-127.886,33.5],[-128.028,33.25],[-128.5,33.041],[-130.0,32.961],[-130.5,32.668],[-131.0,32.592],[-132.0,32.789],[-132.5,33.03],[-132.927,32.5],[-133.25,32.295],[-133.5,32.377],[-133.75,32.725],[-134.5,32.614],[-134.75,32.696],[-135.107,33.0]]]},"properties":{"hvalue":1.2,"color":"#a7c2e0"}},{"type":"Feature","geometry":{"type":"Polygon","coordinates":[[[-98.917,53.75],[-98.378,53.75],[-98.134,53.5],[-98.25,53.219],[-98.5,53.22],[-99.05,53.45],[-98.917,53.75]]]},"properties":{"hvalue":1.2,"color":"#a7c2e0"}},{"type":"Feature","geometry":{"type":"Polygon","coordinates":[[[-82.5,55.403],[-83.0,55.494],[-85.063,55.5],[-85.645,55.645],[-85.75,55.75],[-86.015,55.75],[-86.379,55.879],[-86.5,56.0],[-86.887,56.0],[-87.391,56.141],[-87.5,56.25],[-87.68,56.25],[-88.25,56.75],[-88.571,56.75],[-89.0,57.0],[-90.187,57.25],[-90.75,57.471],[-91.404,57.5],[-92.182,57.75],[-92.5,57.895],[-92.592,58.25],[-92.25,58.344],[-91.0,58.357],[-90.0,58.047],[-89.0,58.132],[-88.0,57.819],[-86.25,57.75],[-85.25,57.409],[-84.5,57.32],[-83.884,57.0],[-83.25,56.785],[-82.75,56.385],[-82.5,56.304],[-81.75,56.276],[-81.0,55.937],[-80.461,55.25],[-80.5,54.786],[-80.656,54.5],[-81.25,54.362],[-81.5,54.524],[-81.928,55.0],[-82.5,55.403]]]},"properties":{"hvalue":1.2,"color":"#a7c2e0"}},{"type":"Feature","geometry":{"type":"Polygon","coordinates":[[[-139.0,59.25],[-138.798,59.048],[-139.388,59.25],[-139.25,59.25],[-139.0,59.25]]]},"properties":{"hvalue":1.2,"color":"#a7c2e0"}},{"type":"Feature","geometry":{"type":"Polygon","coordinates":[[[-140.102,59.5],[-140.0,59.5],[-139.948,59.448],[-140.0,59.457],[-140.102,59.5]]]},"properties":{"hvalue":1.2,"color":"#a7c2e0"}},{"type":"Feature","geometry":{"type":"Polygon","coordinates":[[[-141.163,59.663],[-141.5,59.716],[-141.603,59.75],[-141.25,59.75],[-141.163,59.663]]]},"properties":{"hvalue":1.2,"color":"#a7c2e0"}},{"type":"Feature","geometry":{"type":"Polygon","coordinates":[[[-78.917,61.0],[-78.5,61.082],[-78.375,61.0],[-78.75,60.92],[-78.917,61.0]]]},"properties":{"hvalue":1.2,"color":"#a7c2e0"}},{"type":"Feature","geometry":{"type":"Polygon","coordinates":[[[-72.823,63.5],[-72.488,63.25],[-72.75,63.147],[-74.358,63.25],[-74.181,63.5],[-74.0,63.564],[-73.5,63.595],[-72.823,63.5]]]},"properties":{"hvalue":1.2,"color":"#a7c2e0"}},{"type":"Feature","geometry":{"type":"Polygon","coordinates":[[[-79.409,64.5],[-78.75,64.774],[-78.5,64.738],[-78.432,64.5],[-78.201,64.25],[-78.202,64.0],[-78.086,63.75],[-78.5,63.565],[-78.75,63.17],[-79.0,63.115],[-79.312,63.25],[-79.367,63.75],[-79.249,64.0],[-79.409,64.5]]]},"properties":{"hvalue":1.2,"color":"#a7c2e0"}},{"type":"Feature","geometry":{"type":"Polygon","coordinates":[[[-74.938,66.0],[-74.75,66.075],[-74.617,66.0],[-74.75,65.951],[-74.938,66.0]]]},"properties":{"hvalue":1.2,"color":"#a7c2e0"}},{"type":"Feature","geometry":{"type":"Polygon","coordinates":[[[-92.196,71.25],[-92.0,71.439],[-91.8,71.5],[-91.5,71.842],[-90.5,72.118],[-90.25,71.826],[-90.213,71.5],[-90.085,71.25],[-89.75,70.867],[-89.613,70.25],[-90.0,70.183],[-91.0,70.322],[-91.922,70.75],[-92.196,71.25]]]},"properties":{"hvalue":1.2,"color":"#a7c2e0"}},{"type":"Feature","geometry":{"type":"Polygon","coordinates":[[[-76.881,73.5],[-77.25,73.5],[-77.352,73.602],[-77.0,73.542],[-76.881,73.5]]]},"properties":{"hvalue":1.2,"color":"#a7c2e0"}},{"type":"Feature","geometry":{"type":"Polygon","coordinates":[[[-96.401,74.25],[-93.5,74.31],[-93.25,74.537],[-93.15,74.75],[-93.226,75.25],[-93.629,75.5],[-93.557,75.75],[-92.75,75.844],[-92.25,75.75],[-92.5,75.5],[-92.5,75.25],[-91.75,74.5],[-90.25,74.488],[-89.25,74.326],[-88.369,74.369],[-88.25,74.25],[-85.75,74.176],[-83.75,74.219],[-82.75,74.406],[-82.177,74.427],[-82.0,74.25],[-81.844,74.406],[-80.0,74.5],[-79.351,74.75],[-79.27,75.0],[-79.305,75.25],[-79.708,75.458],[-79.998,75.748],[-79.0,75.654],[-78.948,75.5],[-78.437,75.25],[-78.185,74.75],[-77.964,74.5],[-78.276,74.25],[-80.75,74.111],[-81.143,74.0],[-79.75,73.89],[-79.246,73.75],[-80.75,73.75],[-80.846,73.654],[-81.17,73.67],[-81.25,73.75],[-82.25,73.75],[-82.5,74.0],[-82.75,73.75],[-83.75,73.75],[-83.804,73.696],[-84.378,73.75],[-84.892,73.892],[-85.0,74.0],[-87.0,74.0],[-87.25,73.75],[-88.25,73.75],[-88.5,73.5],[-89.0,73.5],[-89.314,73.186],[-89.875,73.5],[-90.028,73.75],[-90.0,74.017],[-90.402,73.902],[-90.5,74.0],[-90.75,74.0],[-91.0,74.25],[-95.0,74.25],[-95.92,73.5],[-95.676,73.324],[-95.75,73.155],[-96.25,73.137],[-96.511,73.25],[-96.554,73.5],[-96.308,73.75],[-96.401,74.25]]]},"properties":{"hvalue":1.2,"color":"#a7c2e0"}},{"type":"Feature","geometry":{"type":"Polygon","coordinates":[[[-80.006,75.75],[-81.007,75.757],[-81.226,75.976],[-80.5,75.896],[-80.006,75.75]]]},"properties":{"hvalue":1.2,"color":"#a7c2e0"}},{"type":"Feature","geometry":{"type":"Polygon","coordinates":[[[-88.5,75.762],[-89.0,76.207],[-89.25,76.193],[-89.263,76.263],[-85.5,76.165],[-83.5,76.028],[-81.47,76.22],[-81.272,76.022],[-84.0,76.0],[-84.25,75.75],[-85.75,75.75],[-86.0,75.5],[-86.801,75.551],[-87.0,75.75],[-88.5,75.762]]]},"properties":{"hvalue":1.2,"color":"#a7c2e0"}},{"type":"Feature","geometry":{"type":"Polygon","coordinates":[[[-79.553,76.197],[-79.704,76.046],[-79.951,76.049],[-79.813,76.187],[-79.553,76.197]]]},"properties":{"hvalue":1.2,"color":"#a7c2e0"}},{"type":"Feature","geometry":{"type":"Polygon","coordinates":[[[-89.0,77.0],[-89.927,76.927],[-90.0,77.0],[-89.933,77.067],[-88.891,77.109],[-89.0,77.0]]]},"properties":{"hvalue":1.2,"color":"#a7c2e0"}},{"type":"Feature","geometry":{"type":"Polygon","coordinates":[[[-92.75,76.75],[-93.0,77.0],[-93.237,77.0],[-92.0,77.442],[-91.642,77.5],[-91.61,77.75],[-91.5,77.848],[-91.0,77.914],[-89.965,77.75],[-91.25,77.75],[-91.5,77.5],[-91.0,77.0],[-90.5,77.0],[-90.75,76.75],[-90.682,76.682],[-90.925,76.675],[-91.0,76.75],[-92.75,76.75]]]},"properties":{"hvalue":1.2,"color":"#a7c2e0"}},{"type":"Feature","geometry":{"type":"Polygon","coordinates":[[[-61.158,-62.592],[-60.234,-62.484],[-60.057,-62.75],[-60.25,-62.864],[-60.75,-63.038],[-61.189,-62.939],[-61.0,-62.75],[-61.158,-62.592]]]},"properties":{"hvalue":1.2,"color":"#a7c2e0"}},{"type":"Feature","geometry":{"type":"Polygon","coordinates":[[[-59.214,-62.214],[-59.25,-62.25],[-59.107,-62.393],[-59.25,-62.387],[-59.324,-62.25],[-59.214,-62.214]]]},"properties":{"hvalue":1.2,"color":"#a7c2e0"}},{"type":"Feature","geometry":{"type":"Polygon","coordinates":[[[-68.106,-55.606],[-68.04,-55.54],[-67.513,-55.513],[-67.69,-55.69],[-68.106,-55.606]]]},"properties":{"hvalue":1.2,"color":"#a7c2e0"}},{"type":"Feature","geometry":{"type":"Polygon","coordinates":[[[-66.355,-55.25],[-66.757,-55.5],[-66.892,-55.75],[-67.0,-55.795],[-67.25,-55.5],[-66.698,-55.25],[-66.355,-55.25]]]},"properties":{"hvalue":1.2,"color":"#a7c2e0"}},{"type":"Feature","geometry":{"type":"Polygon","coordinates":[[[-66.094,-55.094],[-66.0,-55.0],[-65.902,-55.0],[-66.0,-55.042],[-66.094,-55.094]]]},"properties":{"hvalue":1.2,"color":"#a7c2e0"}},{"type":"Feature","geometry":{"type":"Polygon","coordinates":[[[-36.689,-54.061],[-35.981,-54.25],[-35.75,-54.379],[-35.653,-54.5],[-35.66,-54.75],[-35.834,-54.834],[-35.75,-54.75],[-35.75,-54.5],[-36.0,-54.25],[-36.342,-54.25],[-36.689,-54.061]]]},"properties":{"hvalue":1.2,"color":"#a7c2e0"}},{"type":"Feature","geometry":{"type":"Polygon","coordinates":[[[-37.25,-54.0],[-37.25,-53.99],[-37.183,-54.0],[-37.25,-54.0]]]},"properties":{"hvalue":1.2,"color":"#a7c2e0"}},{"type":"Feature","geometry":{"type":"Polygon","coordinates":[[[-59.838,-52.25],[-59.273,-52.25],[-59.75,-52.32],[-59.838,-52.25]]]},"properties":{"hvalue":1.2,"color":"#a7c2e0"}},{"type":"Feature","geometry":{"type":"Polygon","coordinates":[[[-58.555,-52.055],[-58.29,-52.0],[-58.68,-52.18],[-58.555,-52.055]]]},"properties":{"hvalue":1.2,"color":"#a7c2e0"}},{"type":"Feature","geometry":{"type":"Polygon","coordinates":[[[-65.026,-53.75],[-66.5,-53.475],[-67.0,-53.521],[-67.219,-53.25],[-66.52,-52.5],[-65.603,-51.75],[-63.736,-49.0],[-63.364,-46.25],[-63.377,-45.5],[-63.234,-45.0],[-63.235,-44.75],[-63.5,-44.173],[-63.599,-43.75],[-63.374,-42.5],[-63.62,-42.0],[-63.5,-41.793],[-63.109,-41.5],[-62.25,-41.16],[-61.75,-40.434],[-61.5,-40.249],[-61.25,-40.212],[-60.5,-39.7],[-60.0,-39.469],[-59.5,-39.412],[-59.152,-39.5],[-59.453,-39.75],[-59.0,-40.27],[-58.25,-40.401],[-58.0,-40.371],[-57.865,-40.25],[-57.762,-40.0],[-58.087,-39.75],[-58.13,-39.5],[-57.75,-39.444],[-57.5,-39.498],[-57.29,-39.25],[-57.165,-38.75],[-56.75,-38.385],[-56.25,-37.462],[-55.746,-36.75],[-54.329,-35.25],[-54.004,-34.75],[-53.086,-33.75],[-52.27,-33.0],[-52.0,-32.43],[-51.653,-32.0],[-51.5,-32.0],[-50.5,-31.0],[-50.579,-30.921],[-50.534,-30.716],[-50.0,-30.25],[-50.0,-29.75],[-48.5,-28.25],[-48.5,-28.0],[-48.25,-27.75],[-48.25,-27.5],[-48.335,-27.415],[-48.379,-26.5],[-48.297,-26.0],[-48.229,-25.75],[-47.917,-25.25],[-47.38,-24.75],[-47.25,-24.75],[-46.75,-24.25],[-46.25,-24.25],[-46.0,-24.0],[-45.5,-24.0],[-45.0,-23.5],[-44.75,-23.5],[-44.5,-23.25],[-44.25,-23.25],[-44.126,-23.126],[-43.73,-23.02],[-43.535,-23.215],[-43.894,-23.25],[-44.562,-23.5],[-45.943,-24.5],[-46.022,-24.75],[-46.25,-24.97],[-46.73,-25.75],[-47.29,-26.75],[-47.455,-27.25],[-47.63,-28.25],[-48.271,-29.5],[-48.361,-30.75],[-48.295,-31.0],[-48.0,-31.144],[-47.5,-31.01],[-47.211,-30.25],[-47.0,-30.119],[-46.75,-30.134],[-46.25,-30.418],[-45.25,-30.776],[-45.0,-30.768],[-44.5,-30.531],[-44.25,-30.566],[-43.935,-30.75],[-43.294,-31.75],[-43.328,-32.25],[-43.533,-32.5],[-43.75,-32.612],[-45.25,-33.058],[-46.0,-33.151],[-46.154,-33.25],[-46.511,-33.75],[-46.527,-34.5],[-46.753,-35.0],[-47.25,-35.477],[-48.0,-35.594],[-48.23,-35.5],[-48.341,-35.25],[-48.367,-34.5],[-48.5,-34.087],[-49.0,-34.022],[-49.25,-33.904],[-49.472,-33.5],[-49.733,-33.25],[-49.75,-31.943],[-49.82,-32.25],[-49.776,-32.75],[-50.0,-32.842],[-50.074,-33.0],[-50.0,-33.144],[-49.789,-33.25],[-49.62,-34.0],[-49.803,-34.75],[-49.814,-35.25],[-50.124,-36.25],[-50.115,-37.0],[-50.369,-37.75],[-50.75,-38.027],[-51.464,-37.5],[-51.75,-37.384],[-52.0,-37.474],[-52.162,-38.0],[-52.011,-38.75],[-52.061,-39.0],[-52.242,-39.25],[-52.387,-39.75],[-52.356,-40.0],[-52.67,-40.25],[-52.488,-40.5],[-52.527,-40.75],[-52.742,-41.0],[-52.726,-41.25],[-52.83,-41.5],[-54.0,-42.533],[-54.916,-43.0],[-55.75,-43.572],[-56.0,-43.824],[-56.106,-44.25],[-56.25,-44.476],[-56.888,-44.75],[-57.25,-45.011],[-57.411,-45.25],[-57.448,-45.5],[-57.261,-46.0],[-57.24,-46.5],[-57.82,-47.0],[-57.953,-48.0],[-57.47,-49.5],[-57.448,-50.0],[-57.602,-51.5],[-57.993,-51.743],[-57.75,-51.5],[-58.25,-50.748],[-58.75,-50.366],[-59.25,-50.233],[-59.5,-50.258],[-61.054,-51.0],[-60.806,-51.25],[-60.974,-51.5],[-61.25,-51.683],[-61.288,-51.75],[-61.077,-51.827],[-61.25,-51.907],[-61.446,-51.75],[-61.317,-51.25],[-61.437,-51.0],[-61.375,-50.75],[-61.5,-50.251],[-61.75,-50.024],[-62.0,-50.082],[-62.5,-50.607],[-63.25,-51.926],[-63.697,-52.5],[-63.766,-52.75],[-63.097,-53.0],[-63.021,-53.25],[-63.794,-54.75],[-64.0,-54.869],[-64.25,-54.892],[-65.005,-54.755],[-65.195,-54.555],[-64.936,-54.0],[-65.026,-53.75]]]},"properties":{"hvalue":1.2,"color":"#a7c2e0"}},{"type":"Feature","geometry":{"type":"Polygon","coordinates":[[[-43.451,-23.201],[-43.25,-23.0],[-43.026,-23.0],[-43.25,-23.175],[-43.451,-23.201]]]},"properties":{"hvalue":1.2,"color":"#a7c2e0"}},{"type":"Feature","geometry":{"type":"Polygon","coordinates":[[[-41.75,-22.797],[-41.855,-22.855],[-41.75,-22.75],[-41.75,-22.5],[-41.5,-22.25],[-41.263,-22.25],[-41.5,-22.418],[-41.75,-22.797]]]},"properties":{"hvalue":1.2,"color":"#a7c2e0"}},{"type":"Feature","geometry":{"type":"Polygon","coordinates":[[[18.75,-39.266],[18.25,-39.218],[17.718,-39.0],[16.25,-37.788],[16.062,-37.75],[16.25,-37.693],[16.453,-37.5],[15.5,-37.42],[14.75,-37.607],[13.75,-37.653],[12.75,-37.571],[12.25,-37.661],[11.25,-37.494],[10.25,-37.512],[9.75,-37.396],[8.75,-36.675],[7.878,-36.25],[7.559,-36.0],[7.164,-35.5],[7.0,-35.413],[6.75,-35.455],[6.5,-35.385],[5.75,-34.88],[5.354,-34.75],[5.201,-34.5],[5.185,-34.25],[5.009,-34.0],[4.75,-33.821],[4.5,-33.847],[4.25,-34.007],[3.951,-33.75],[3.853,-33.5],[3.25,-33.085],[2.0,-32.758],[-0.07,-31.75],[-1.5,-30.983],[-2.75,-30.097],[-3.5,-29.866],[-4.75,-29.068],[-8.172,-27.75],[-8.485,-27.5],[-9.0,-26.857],[-9.5,-26.58],[-10.75,-26.088],[-12.049,-25.75],[-12.657,-25.5],[-13.25,-25.094],[-14.75,-24.664],[-17.0,-24.268],[-17.25,-24.105],[-19.215,-23.5],[-20.25,-22.983],[-21.5,-22.765],[-22.25,-22.321],[-23.25,-21.964],[-24.25,-21.464],[-25.17,-20.75],[-27.417,-19.75],[-29.5,-18.425],[-31.408,-17.5],[-32.297,-16.75],[-33.673,-16.0],[-34.5,-15.65],[-36.25,-15.289],[-38.0,-15.76],[-38.3,-15.75],[-38.359,-16.0],[-38.701,-16.5],[-38.78,-17.0],[-38.447,-17.5],[-38.371,-17.75],[-38.512,-18.0],[-38.901,-18.25],[-39.11,-19.0],[-39.36,-19.5],[-39.75,-20.002],[-40.5,-21.66],[-40.783,-21.967],[-40.982,-21.768],[-40.619,-20.869],[-40.0,-20.25],[-40.0,-20.0],[-39.5,-19.5],[-39.5,-18.124],[-39.39,-18.0],[-39.25,-18.0],[-39.0,-17.75],[-39.0,-16.25],[-38.75,-16.0],[-38.75,-15.25],[-38.869,-15.131],[-38.874,-14.75],[-38.839,-14.339],[-38.75,-14.25],[-38.75,-13.854],[-38.065,-13.5],[-37.713,-12.75],[-37.5,-12.603],[-36.869,-12.5],[-36.658,-12.25],[-37.0,-11.724],[-37.049,-11.25],[-35.75,-10.0],[-35.624,-9.75],[-35.233,-9.5],[-35.106,-9.106],[-35.0,-9.0],[-34.977,-8.727],[-34.75,-8.5],[-34.75,-6.5],[-35.0,-6.25],[-35.0,-5.75],[-35.25,-5.5],[-35.25,-5.25],[-35.5,-5.0],[-36.714,-4.75],[-37.366,-4.5],[-37.653,-4.347],[-38.5,-3.5],[-38.75,-3.5],[-39.25,-3.0],[-39.5,-3.0],[-39.75,-2.75],[-40.0,-2.65],[-40.75,-2.574],[-41.5,-2.646],[-41.892,-2.608],[-42.0,-2.5],[-42.066,-2.566],[-42.425,-2.575],[-42.5,-2.5],[-42.75,-2.5],[-43.0,-2.25],[-43.594,-2.25],[-43.75,-2.175],[-44.204,-2.296],[-44.25,-2.0],[-44.37,-1.88],[-44.5,-1.424],[-45.0,-1.037],[-45.158,-1.0],[-45.361,-0.75],[-45.396,-0.25],[-45.25,0.197],[-44.747,0.5],[-45.086,1.0],[-45.0,1.14],[-44.25,1.301],[-43.75,1.229],[-42.555,1.25],[-42.441,1.5],[-42.457,1.75],[-42.324,2.0],[-41.289,2.5],[-41.204,3.0],[-41.471,3.5],[-42.335,4.25],[-43.115,4.75],[-43.75,4.757],[-44.25,4.484],[-45.5,4.026],[-47.0,3.949],[-47.25,4.156],[-47.75,4.199],[-48.0,3.874],[-48.505,4.25],[-48.73,4.75],[-48.976,5.0],[-49.5,5.297],[-50.5,6.215],[-51.0,6.395],[-51.75,6.352],[-52.5,6.145],[-53.0,6.096],[-54.164,6.5],[-55.75,6.779],[-56.75,6.747],[-57.25,6.894],[-58.0,7.281],[-58.75,7.934],[-59.115,8.115],[-59.5,8.5],[-60.25,8.933],[-61.0,9.75],[-61.133,9.75],[-61.123,10.0],[-61.0,10.0],[-60.75,10.25],[-61.0,10.5],[-60.75,10.75],[-61.0,11.0],[-61.25,11.0],[-61.387,10.863],[-62.0,10.913],[-62.47,11.0],[-63.0,11.329],[-63.75,11.387],[-65.0,11.133],[-65.5,11.173],[-66.25,11.071],[-66.75,10.921],[-66.963,10.75],[-68.0,10.758],[-68.25,10.942],[-68.25,11.25],[-68.5,11.5],[-68.92,11.5],[-69.25,11.75],[-69.5,11.72],[-69.75,11.872],[-69.75,12.0],[-70.0,12.25],[-69.75,12.5],[-70.0,12.75],[-70.317,12.5],[-70.706,12.0],[-70.75,11.72],[-70.967,11.5],[-71.25,11.372],[-71.747,11.247],[-71.75,11.5],[-71.62,11.63],[-71.25,11.75],[-71.0,12.0],[-71.0,12.25],[-71.25,12.5],[-71.75,12.5],[-72.819,11.75],[-73.0,11.75],[-73.5,11.275],[-73.75,11.25],[-73.985,11.485],[-73.729,11.5],[-73.0,12.217],[-72.55,12.5],[-72.416,13.0],[-72.543,14.0],[-72.995,14.5],[-73.25,14.615],[-75.0,14.596],[-75.25,14.497],[-76.25,14.535],[-76.381,14.75],[-77.25,15.39],[-78.75,15.228],[-80.0,14.708],[-80.065,14.5],[-80.5,14.005],[-80.838,13.75],[-80.962,13.5],[-80.966,13.25],[-80.791,13.0],[-80.429,12.75],[-80.32,12.5],[-80.419,12.25],[-80.197,12.0],[-79.75,11.787],[-78.25,11.376],[-77.75,11.371],[-76.5,10.899],[-76.25,10.868],[-75.5,11.011],[-74.5,11.481],[-74.01,11.49],[-74.5,11.114],[-74.588,11.088],[-74.75,11.25],[-75.0,11.0],[-75.25,11.0],[-75.75,10.367],[-76.0,10.195],[-77.047,10.0],[-78.25,9.528],[-78.75,9.686],[-79.5,9.75],[-81.0,9.308],[-81.75,9.312],[-82.249,9.5],[-82.19,9.75],[-81.734,10.0],[-81.614,10.25],[-81.771,10.5],[-83.0,11.386],[-83.5,11.621],[-83.536,11.714],[-83.508,12.258],[-83.338,12.5],[-83.494,13.25],[-83.472,13.5],[-83.301,13.75],[-82.728,14.25],[-82.635,14.5],[-82.816,14.75],[-82.191,15.25],[-82.056,15.5],[-82.5,15.88],[-82.75,15.879],[-83.021,16.0],[-83.25,16.235],[-84.0,16.449],[-84.5,16.475],[-85.75,16.359],[-86.0,16.626],[-86.688,16.5],[-86.841,16.25],[-87.0,16.18],[-87.75,16.002],[-88.099,16.0],[-88.169,16.25],[-88.09,16.5],[-88.165,16.75],[-88.0,17.0],[-88.089,17.089],[-87.786,17.25],[-87.744,17.5],[-87.957,17.75],[-87.813,18.0],[-87.779,18.25],[-87.57,18.43],[-87.0,18.42],[-86.133,18.0],[-85.25,17.417],[-84.25,17.044],[-83.75,16.982],[-82.75,17.308],[-81.75,17.47],[-81.5,17.885],[-81.25,17.875],[-80.5,17.582],[-79.75,17.487],[-78.75,17.536],[-78.0,17.738],[-77.25,17.592],[-77.056,17.75],[-76.25,17.75],[-76.0,18.0],[-76.102,18.102],[-76.0,18.276],[-75.768,18.25],[-75.35,18.0],[-74.25,17.629],[-73.5,17.191],[-73.0,17.043],[-71.5,17.149],[-70.75,17.337],[-70.585,17.25],[-70.5,17.068],[-69.5,17.408],[-69.272,17.75],[-68.666,18.0],[-68.327,18.25],[-68.393,18.357],[-68.25,18.5],[-68.25,18.75],[-69.054,19.5],[-69.163,19.75],[-69.0,19.818],[-68.899,20.0],[-69.0,20.182],[-69.75,20.414],[-70.0,20.686],[-70.25,20.518],[-70.723,20.75],[-70.28,21.5],[-70.281,22.5],[-70.396,23.0],[-69.75,23.473],[-69.525,23.75],[-68.854,25.25],[-68.343,25.75],[-68.128,26.25],[-67.697,26.75],[-67.655,27.0],[-67.75,27.106],[-68.5,27.406],[-69.25,27.882],[-70.0,28.212],[-71.25,28.589],[-71.825,29.0],[-72.516,29.75],[-73.0,29.918],[-73.75,30.005],[-74.25,30.283],[-75.75,30.146],[-76.0,30.173],[-76.5,30.512],[-76.75,30.529],[-77.25,30.379],[-78.0,29.987],[-78.5,29.848],[-78.75,29.808],[-79.0,29.916],[-79.25,29.881],[-79.75,29.637],[-80.25,29.633],[-81.25,30.329],[-81.269,31.0],[-81.114,31.25],[-81.0,31.701],[-80.75,32.035],[-79.295,33.0],[-78.921,33.5],[-78.75,33.5],[-78.439,33.75],[-78.0,33.75],[-77.318,34.432],[-77.122,34.5],[-76.5,34.5],[-76.25,34.75],[-76.301,34.801],[-75.457,35.25],[-75.326,35.5],[-75.358,36.0],[-74.594,36.75],[-73.75,37.296],[-73.25,37.494],[-72.75,37.455],[-72.0,36.876],[-71.5,37.019],[-70.75,37.675],[-70.25,37.815],[-69.75,37.45],[-69.25,37.691],[-68.75,37.756],[-68.0,37.7],[-67.75,37.809],[-67.528,38.0],[-67.25,38.553],[-66.551,39.0],[-66.259,39.75],[-66.54,40.5],[-66.5,40.541],[-65.25,41.422],[-64.25,41.753],[-63.0,42.433],[-62.25,43.066],[-61.75,43.338],[-61.35,43.75],[-60.953,44.5],[-60.25,45.106],[-59.605,46.0],[-60.12,46.5],[-60.036,46.75],[-60.25,47.07],[-60.5,47.25],[-60.718,47.032],[-61.0,47.01],[-61.182,47.75],[-61.5,47.966],[-61.75,47.8],[-62.192,47.25],[-62.192,46.75],[-62.75,46.53],[-63.308,46.558],[-63.5,46.75],[-63.75,46.727],[-64.0,47.0],[-64.25,47.0],[-64.5,46.887],[-64.622,47.0],[-64.644,47.25],[-64.386,47.75],[-64.354,48.25],[-64.25,48.25],[-64.0,48.5],[-64.154,48.654],[-64.122,48.75],[-64.25,49.0],[-64.5,49.25],[-64.989,49.25],[-64.91,49.5],[-64.5,49.552],[-64.271,49.5],[-63.25,49.001],[-62.0,48.701],[-61.75,48.752],[-61.519,49.0],[-61.57,49.18],[-61.5,49.25],[-61.727,49.5],[-61.5,49.596],[-60.5,49.725],[-59.0,50.526],[-58.25,50.775],[-57.886,50.75],[-57.598,50.5],[-58.446,49.25],[-58.75,49.0],[-58.75,48.86],[-59.25,48.656],[-59.432,48.5],[-59.577,47.75],[-59.25,47.389],[-59.0,47.309],[-56.5,47.284],[-56.424,47.25],[-56.425,47.0],[-56.25,46.832],[-55.874,46.874],[-55.75,46.75],[-55.25,46.75],[-54.75,47.244],[-54.25,47.25],[-54.25,47.0],[-54.0,46.75],[-53.853,46.897],[-53.75,46.891],[-53.75,46.75],[-53.593,46.593],[-56.25,46.562],[-56.75,46.622],[-57.8,46.5],[-58.252,46.25],[-58.571,45.5],[-58.693,44.5],[-59.167,43.5],[-59.296,43.0],[-59.109,42.5],[-59.211,42.25],[-59.544,42.0],[-59.598,41.75],[-59.25,41.305],[-58.75,40.856],[-57.131,40.0],[-56.861,39.75],[-56.928,39.5],[-58.0,39.702],[-60.0,39.763],[-60.5,39.531],[-60.75,39.277],[-60.862,38.75],[-61.0,38.589],[-61.5,38.599],[-61.602,38.5],[-60.892,37.75],[-60.53,37.5],[-59.25,36.968],[-58.25,36.024],[-57.014,35.25],[-56.908,34.5],[-56.687,34.0],[-57.0,33.785],[-57.75,33.597],[-59.75,33.477],[-60.23,33.25],[-61.75,32.812],[-63.0,32.35],[-63.454,32.0],[-63.401,31.75],[-63.134,31.5],[-63.073,31.25],[-63.094,30.5],[-63.0,30.458],[-61.75,30.627],[-60.75,30.937],[-60.25,30.852],[-59.25,30.954],[-59.0,31.082],[-58.25,31.133],[-57.25,31.38],[-57.0,31.326],[-55.5,31.476],[-54.0,31.763],[-52.75,31.906],[-50.645,32.75],[-49.75,32.965],[-47.612,33.75],[-46.601,34.25],[-45.75,34.823],[-44.122,35.25],[-44.258,35.5],[-44.25,35.771],[-44.0,35.962],[-43.0,36.275],[-42.68,36.5],[-42.55,37.0],[-42.305,37.25],[-41.0,37.842],[-39.75,38.713],[-38.873,39.5],[-38.894,40.0],[-38.0,41.152],[-37.75,41.33],[-36.75,41.734],[-35.849,42.75],[-35.0,43.049],[-34.12,44.0],[-34.317,44.25],[-34.444,44.75],[-34.345,45.0],[-33.75,45.338],[-33.621,45.5],[-33.46,46.25],[-33.165,46.5],[-33.578,46.75],[-33.57,47.0],[-33.5,47.065],[-33.25,47.093],[-33.0,47.009],[-32.75,46.696],[-31.75,46.603],[-31.25,46.19],[-30.75,45.991],[-30.5,46.02],[-29.59,46.5],[-29.547,46.75],[-30.048,47.75],[-29.784,48.0],[-29.684,48.5],[-29.918,49.0],[-30.381,49.5],[-30.756,49.75],[-32.713,50.75],[-33.272,51.25],[-33.797,52.25],[-33.5,52.768],[-33.0,53.052],[-32.75,53.104],[-32.378,53.0],[-31.75,52.583],[-31.25,52.708],[-30.25,52.568],[-29.75,52.322],[-29.25,51.865],[-29.0,51.769],[-27.75,51.572],[-27.5,51.481],[-27.263,51.25],[-27.0,51.17],[-26.25,51.158],[-26.0,51.056],[-25.5,50.564],[-25.25,50.42],[-24.5,50.296],[-23.75,50.283],[-23.25,50.088],[-22.5,49.57],[-21.674,49.25],[-20.029,48.0],[-19.5,47.735],[-18.75,47.137],[-18.024,46.75],[-17.838,46.5],[-17.895,46.0],[-17.683,45.75],[-15.713,45.5],[-15.249,45.25],[-14.25,44.346],[-13.5,44.036],[-10.75,43.93],[-9.0,44.222],[-7.082,44.0],[-5.25,44.071],[-4.25,44.279],[-2.25,45.249],[-1.879,45.5],[-1.672,45.75],[-1.636,46.0],[-1.717,46.25],[-1.42,46.25],[-1.185,45.685],[-1.25,44.5],[-1.5,44.25],[-1.5,43.925],[-1.75,43.749],[-2.25,43.6],[-3.367,43.617],[-3.5,43.75],[-3.624,43.626],[-4.0,43.596],[-5.113,43.613],[-5.25,43.75],[-8.25,43.75],[-8.5,43.5],[-8.75,43.5],[-9.0,43.25],[-9.25,43.25],[-9.5,43.0],[-9.201,42.75],[-9.175,42.5],[-9.0,42.265],[-9.0,41.5],[-8.813,41.0],[-8.909,40.591],[-9.0,40.5],[-9.0,40.0],[-9.25,39.75],[-9.25,39.5],[-9.5,39.25],[-9.5,39.0],[-9.75,38.75],[-9.5,38.5],[-9.25,38.43],[-9.0,38.048],[-8.94,37.0],[-8.5,36.635],[-7.29,36.0],[-6.561,35.25],[-6.449,34.801],[-6.75,34.5],[-6.75,34.25],[-7.0,34.0],[-7.25,34.0],[-7.5,33.75],[-7.75,33.75],[-8.0,33.5],[-8.5,33.5],[-8.75,33.25],[-8.75,33.0],[-9.0,33.0],[-9.5,32.5],[-9.377,32.377],[-9.417,32.083],[-9.75,31.75],[-9.802,31.448],[-10.0,31.25],[-9.916,29.834],[-10.395,29.25],[-10.5,29.25],[-10.75,29.0],[-11.0,29.0],[-11.5,28.5],[-11.75,28.5],[-12.011,28.239],[-12.519,28.25],[-12.75,28.395],[-13.4,29.25],[-13.5,29.325],[-13.75,29.25],[-14.0,29.0],[-13.937,28.937],[-13.954,28.704],[-14.0,28.75],[-14.25,28.5],[-14.25,28.278],[-14.506,28.0],[-14.339,27.25],[-14.38,27.0],[-14.603,26.5],[-15.083,26.0],[-15.245,24.75],[-15.345,24.5],[-16.163,23.5],[-16.5,22.75],[-16.5,22.5],[-17.0,22.0],[-17.03,21.47],[-17.25,21.25],[-17.152,21.152],[-17.166,20.0],[-16.651,18.25],[-16.671,18.0],[-17.072,17.5],[-17.187,16.75],[-17.092,15.5],[-17.257,15.0],[-17.5,14.75],[-17.465,13.5],[-17.585,12.75],[-17.38,11.25],[-16.941,10.0],[-16.25,8.617],[-15.451,8.0],[-15.0,7.322],[-14.75,7.304],[-14.5,7.58],[-14.25,7.588],[-13.5,7.319],[-12.09,7.09],[-10.75,6.09],[-10.0,5.633],[-9.0,4.75],[-8.75,4.75],[-8.5,4.5],[-8.25,4.5],[-8.0,4.25],[-7.25,4.25],[-7.0,4.5],[-6.75,4.5],[-6.5,4.75],[-6.0,4.75],[-5.75,5.0],[-4.25,5.0],[-4.0,5.25],[-3.75,5.0],[-3.0,5.0],[-2.75,4.75],[-2.5,5.0],[-2.25,4.75],[-1.75,4.75],[-1.5,5.0],[-1.0,5.0],[-0.75,5.25],[-0.25,5.25],[0.25,5.75],[0.75,5.75],[1.158,6.0],[1.75,6.0],[2.0,6.25],[4.177,6.25],[4.513,6.0],[5.281,4.75],[5.75,4.202],[6.25,3.8],[6.75,3.816],[6.803,3.75],[6.794,3.0],[7.0,2.76],[7.118,1.5],[7.25,1.383],[7.69,1.75],[7.627,3.0],[7.41,3.75],[7.75,4.046],[8.0,4.078],[8.25,3.96],[8.25,3.25],[8.554,3.0],[8.49,1.75],[8.655,0.5],[8.585,-0.75],[8.75,-0.98],[8.75,-1.25],[9.0,-1.5],[9.0,-1.75],[9.5,-2.25],[9.5,-2.5],[9.75,-2.75],[10.0,-2.787],[10.0,-3.0],[10.25,-3.25],[10.5,-3.25],[10.5,-3.5],[10.75,-3.75],[10.87,-3.75],[11.0,-4.0],[11.669,-4.75],[11.918,-6.0],[11.962,-6.75],[12.192,-7.5],[12.117,-8.75],[12.25,-9.676],[12.522,-10.25],[12.66,-11.5],[12.636,-12.25],[12.5,-13.133],[12.333,-13.5],[12.028,-14.972],[11.733,-15.75],[11.75,-16.193],[11.63,-16.5],[11.734,-17.016],[11.5,-17.25],[11.75,-17.5],[11.5,-17.75],[11.75,-18.0],[11.75,-18.25],[12.25,-18.75],[12.25,-19.0],[12.75,-19.5],[12.75,-19.75],[13.0,-20.0],[13.0,-20.25],[13.25,-20.5],[13.25,-21.0],[13.75,-21.5],[13.75,-21.75],[14.425,-22.425],[14.424,-22.826],[14.25,-23.0],[14.25,-24.0],[14.5,-24.25],[14.5,-24.75],[14.75,-25.0],[14.75,-26.25],[15.0,-26.5],[15.0,-26.75],[15.25,-27.0],[15.25,-27.5],[15.5,-27.75],[15.5,-28.0],[16.0,-28.5],[16.25,-28.5],[16.5,-28.75],[16.5,-29.0],[17.0,-29.5],[17.0,-30.25],[17.5,-30.75],[17.5,-31.0],[18.0,-31.5],[18.0,-31.75],[18.139,-31.889],[17.77,-32.75],[17.75,-33.0],[18.13,-33.38],[18.25,-33.645],[18.247,-34.0],[18.5,-34.369],[18.863,-34.363],[19.0,-34.5],[19.25,-34.5],[19.75,-35.0],[20.0,-35.0],[20.25,-34.75],[20.5,-34.75],[20.75,-34.5],[21.75,-34.5],[22.0,-34.25],[24.585,-34.25],[23.0,-34.724],[22.25,-34.78],[20.756,-35.25],[20.71,-35.75],[21.0,-35.855],[21.132,-36.0],[20.756,-36.25],[21.425,-36.75],[21.317,-37.0],[20.0,-37.391],[19.318,-37.5],[19.217,-37.75],[20.623,-38.0],[20.858,-38.25],[20.982,-38.75],[20.726,-39.0],[20.659,-39.25],[20.5,-39.425],[20.0,-39.61],[19.792,-39.75],[19.75,-39.913],[19.5,-39.736],[19.25,-39.822],[19.085,-40.0],[19.113,-40.25],[19.0,-40.304],[18.693,-40.0],[18.68,-39.75],[18.939,-39.5],[18.75,-39.266]]]},"properties":{"hvalue":1.2,"color":"#a7c2e0"}},{"type":"Feature","geometry":{"type":"Polygon","coordinates":[[[-70.0,12.25],[-70.074,12.25],[-70.103,12.353],[-70.0,12.25]]]},"properties":{"hvalue":1.2,"color":"#a7c2e0"}},{"type":"Feature","geometry":{"type":"Polygon","coordinates":[[[-55.25,34.281],[-55.0,34.366],[-54.75,34.347],[-54.703,34.25],[-55.0,34.163],[-55.25,34.2],[-55.25,34.281]]]},"properties":{"hvalue":1.2,"color":"#a7c2e0"}},{"type":"Feature","geometry":{"type":"Polygon","coordinates":[[[-69.847,38.5],[-70.0,37.983],[-70.507,38.25],[-70.25,38.514],[-70.0,38.556],[-69.847,38.5]]]},"properties":{"hvalue":1.2,"color":"#a7c2e0"}},{"type":"Feature","geometry":{"type":"Polygon","coordinates":[[[-68.772,38.5],[-68.911,38.75],[-68.81,39.0],[-68.606,39.0],[-68.577,38.75],[-68.772,38.5]]]},"properties":{"hvalue":1.2,"color":"#a7c2e0"}},{"type":"Feature","geometry":{"type":"Polygon","coordinates":[[[-46.5,41.767],[-46.25,41.71],[-45.914,41.5],[-46.05,41.25],[-46.75,40.805],[-47.0,40.732],[-47.399,40.75],[-47.478,41.0],[-47.329,41.5],[-47.0,41.683],[-46.5,41.767]]]},"properties":{"hvalue":1.2,"color":"#a7c2e0"}},{"type":"Feature","geometry":{"type":"Polygon","coordinates":[[[-46.31,42.75],[-46.0,42.837],[-45.684,42.75],[-46.25,42.675],[-46.31,42.75]]]},"properties":{"hvalue":1.2,"color":"#a7c2e0"}},{"type":"Feature","geometry":{"type":"Polygon","coordinates":[[[-46.5,43.754],[-46.535,43.5],[-46.75,43.459],[-47.25,43.436],[-47.51,43.5],[-47.0,43.767],[-46.75,43.808],[-46.5,43.754]]]},"properties":{"hvalue":1.2,"color":"#a7c2e0"}},{"type":"Feature","geometry":{"type":"Polygon","coordinates":[[[-61.75,46.496],[-61.75,46.514],[-61.733,46.5],[-61.75,46.496]]]},"properties":{"hvalue":1.2,"color":"#a7c2e0"}},{"type":"Feature","geometry":{"type":"Polygon","coordinates":[[[-40.461,45.75],[-40.594,46.25],[-40.75,46.323],[-42.75,46.114],[-43.568,46.5],[-43.5,46.861],[-42.836,47.75],[-42.923,48.25],[-42.89,48.5],[-42.75,48.638],[-42.5,48.705],[-42.0,48.209],[-41.75,48.135],[-41.5,48.243],[-41.218,48.5],[-41.17,49.0],[-41.0,49.159],[-40.25,49.018],[-39.25,48.541],[-39.0,48.583],[-38.391,49.0],[-37.75,49.013],[-37.417,48.75],[-37.132,48.25],[-36.525,48.0],[-36.144,47.75],[-36.032,47.5],[-36.592,47.25],[-36.748,47.0],[-36.765,46.5],[-36.307,46.0],[-36.393,45.5],[-36.619,45.25],[-37.0,45.175],[-37.458,45.25],[-37.715,45.5],[-37.75,45.774],[-38.0,45.807],[-39.0,45.227],[-39.75,45.17],[-40.451,44.75],[-40.75,44.663],[-41.0,44.664],[-41.17,44.75],[-41.251,45.0],[-40.5,45.468],[-40.461,45.75]]]},"properties":{"hvalue":1.2,"color":"#a7c2e0"}},{"type":"Feature","geometry":{"type":"Polygon","coordinates":[[[-53.0,47.921],[-53.235,48.265],[-53.0,48.5],[-53.25,48.75],[-53.563,48.75],[-53.593,49.157],[-53.5,49.25],[-53.75,49.5],[-53.956,49.5],[-54.25,49.638],[-54.63,49.63],[-54.75,49.75],[-55.0,49.549],[-55.25,49.75],[-55.465,49.535],[-55.75,49.75],[-55.75,50.0],[-56.0,50.25],[-56.25,50.25],[-56.0,50.5],[-56.0,50.75],[-55.75,51.0],[-55.75,51.25],[-55.533,51.467],[-55.676,51.0],[-55.46,50.75],[-55.738,50.5],[-55.814,50.25],[-55.25,49.871],[-55.0,49.765],[-54.25,49.893],[-53.25,49.438],[-52.25,49.558],[-51.923,49.5],[-52.004,49.25],[-52.201,49.0],[-52.236,48.75],[-52.116,48.25],[-52.145,47.75],[-52.58,47.0],[-52.854,46.75],[-53.128,46.622],[-52.5,47.25],[-52.5,47.5],[-53.0,47.921]]]},"properties":{"hvalue":1.2,"color":"#a7c2e0"}},{"type":"Feature","geometry":{"type":"Polygon","coordinates":[[[-55.75,51.75],[-56.0,51.75],[-55.597,52.153],[-55.565,52.0],[-55.695,51.75],[-55.642,51.642],[-55.75,51.75]]]},"properties":{"hvalue":1.2,"color":"#a7c2e0"}},{"type":"Feature","geometry":{"type":"Polygon","coordinates":[[[-56.712,53.962],[-56.0,53.91],[-55.753,54.0],[-55.339,54.5],[-55.0,54.69],[-54.5,54.789],[-54.0,55.018],[-53.5,55.055],[-53.456,55.0],[-53.868,54.5],[-54.145,54.0],[-54.5,53.907],[-55.25,53.891],[-55.607,53.75],[-55.529,53.25],[-55.657,52.657],[-55.75,52.75],[-55.75,53.5],[-56.0,53.75],[-56.5,53.75],[-56.712,53.962]]]},"properties":{"hvalue":1.2,"color":"#a7c2e0"}},{"type":"Feature","geometry":{"type":"Polygon","coordinates":[[[-57.0,54.032],[-57.25,54.0],[-57.485,54.25],[-57.25,54.25],[-57.0,54.505],[-57.0,54.032]]]},"properties":{"hvalue":1.2,"color":"#a7c2e0"}},{"type":"Feature","geometry":{"type":"Polygon","coordinates":[[[-57.899,54.899],[-57.75,54.859],[-57.617,54.75],[-57.75,54.75],[-57.899,54.899]]]},"properties":{"hvalue":1.2,"color":"#a7c2e0"}},{"type":"Feature","geometry":{"type":"Polygon","coordinates":[[[-67.5,60.662],[-68.085,60.75],[-68.643,61.0],[-68.828,61.25],[-68.5,61.305],[-68.42,61.5],[-68.715,61.75],[-68.0,61.878],[-66.058,61.75],[-65.0,61.25],[-64.749,61.251],[-63.937,61.0],[-63.586,60.75],[-63.75,60.672],[-64.75,60.668],[-64.931,60.5],[-65.04,60.25],[-65.5,59.915],[-65.75,59.875],[-66.25,60.012],[-67.5,60.662]]]},"properties":{"hvalue":1.2,"color":"#a7c2e0"}},{"type":"Feature","geometry":{"type":"Polygon","coordinates":[[[-36.75,54.66],[-38.58,55.0],[-38.785,55.25],[-38.795,55.5],[-39.25,55.592],[-40.75,55.667],[-42.316,56.0],[-45.25,56.099],[-46.75,56.302],[-49.5,56.107],[-52.0,55.441],[-53.25,55.199],[-53.418,55.5],[-53.333,56.25],[-52.47,57.5],[-52.282,58.25],[-51.968,58.75],[-51.971,59.25],[-52.5,59.371],[-54.75,58.822],[-57.25,58.023],[-58.5,57.867],[-58.69,57.75],[-58.807,57.5],[-58.711,56.75],[-59.064,55.75],[-59.033,55.5],[-58.845,55.25],[-58.206,55.0],[-58.729,55.0],[-59.0,55.25],[-59.512,55.25],[-60.069,55.681],[-60.0,55.75],[-60.25,56.0],[-60.374,56.0],[-60.272,56.75],[-60.389,57.25],[-60.907,57.75],[-61.691,58.0],[-61.763,58.5],[-62.541,59.0],[-62.786,59.25],[-63.007,59.75],[-63.025,60.0],[-62.5,60.278],[-61.25,60.352],[-61.11,60.5],[-61.25,60.695],[-61.5,60.806],[-62.25,60.885],[-62.437,61.0],[-62.554,61.25],[-62.5,61.282],[-62.0,61.325],[-61.5,61.513],[-59.5,61.654],[-58.066,62.0],[-58.75,62.174],[-59.391,62.5],[-60.25,62.683],[-63.75,63.86],[-64.403,64.25],[-65.364,65.0],[-65.429,65.25],[-65.25,65.298],[-65.0,65.154],[-64.933,65.183],[-64.75,65.0],[-64.0,65.0],[-63.822,64.822],[-64.154,64.75],[-64.14,64.5],[-63.75,64.332],[-63.5,64.313],[-62.93,64.5],[-63.067,64.75],[-63.448,64.802],[-63.29,64.96],[-62.5,64.948],[-62.287,65.0],[-62.0,65.238],[-60.75,65.302],[-59.7,65.5],[-58.784,66.0],[-58.881,66.25],[-60.5,66.674],[-61.5,67.12],[-65.5,68.404],[-67.022,68.75],[-67.066,69.0],[-66.75,69.0],[-66.325,69.25],[-66.019,69.75],[-66.75,70.152],[-67.657,70.407],[-67.75,70.5],[-67.983,70.5],[-68.5,70.75],[-69.0,70.75],[-69.25,71.0],[-69.374,70.876],[-70.151,71.0],[-71.102,71.352],[-71.25,71.5],[-71.5,71.5],[-71.75,71.75],[-73.096,71.75],[-74.079,72.079],[-74.25,72.25],[-74.825,72.325],[-75.25,72.75],[-76.073,72.75],[-76.704,73.454],[-71.75,72.162],[-70.0,71.908],[-68.5,71.784],[-67.75,71.812],[-66.5,72.01],[-65.25,72.067],[-64.631,72.25],[-65.352,72.5],[-65.695,72.75],[-65.627,73.0],[-65.741,73.25],[-65.687,73.5],[-65.0,73.74],[-64.762,74.0],[-64.856,74.5],[-65.25,74.735],[-66.0,74.93],[-70.25,75.564],[-72.25,75.739],[-72.75,75.847],[-73.123,76.0],[-73.384,76.25],[-73.619,77.0],[-73.791,77.25],[-74.0,77.329],[-74.595,77.25],[-75.116,77.0],[-75.341,76.75],[-75.444,76.5],[-75.337,76.0],[-75.75,75.737],[-76.25,75.571],[-76.75,75.518],[-78.25,75.762],[-79.436,75.814],[-79.25,76.0],[-79.415,76.165],[-78.25,76.25],[-78.137,76.363],[-77.75,76.5],[-77.5,76.75],[-77.819,77.0],[-77.897,77.25],[-76.5,77.427],[-74.5,77.943],[-73.75,77.99],[-73.25,77.918],[-72.863,77.75],[-72.576,77.25],[-72.25,77.072],[-70.0,76.34],[-69.25,76.258],[-69.0,76.0],[-67.75,76.0],[-67.5,75.75],[-66.75,75.75],[-66.575,75.925],[-65.968,75.968],[-65.75,75.75],[-65.5,75.75],[-65.338,75.912],[-64.733,76.017],[-64.063,76.063],[-63.75,76.0],[-63.65,76.1],[-62.883,76.133],[-62.75,76.0],[-60.75,75.977],[-60.087,75.837],[-60.0,75.75],[-59.537,75.75],[-59.25,75.585],[-58.884,75.5],[-58.412,75.25],[-58.187,74.75],[-58.0,74.597],[-57.5,74.435],[-56.444,73.0],[-55.75,72.5],[-55.841,72.25],[-55.75,72.146],[-55.75,71.75],[-55.25,71.25],[-54.462,71.25],[-54.269,71.0],[-54.5,71.0],[-54.75,70.75],[-54.673,70.673],[-55.011,70.5],[-54.88,70.37],[-55.0,70.25],[-54.878,70.128],[-54.886,70.0],[-55.0,70.0],[-55.25,69.75],[-55.0,69.5],[-54.412,69.5],[-53.852,69.352],[-53.5,69.0],[-53.25,69.25],[-52.25,69.25],[-52.018,69.482],[-51.75,69.567],[-51.5,69.611],[-51.25,69.5],[-51.0,69.5],[-51.478,69.0],[-51.75,68.949],[-52.75,69.0],[-53.0,68.739],[-53.25,68.688],[-53.5,68.506],[-53.664,68.25],[-53.659,68.091],[-53.75,68.0],[-53.75,67.5],[-54.0,67.25],[-53.5,66.75],[-53.598,66.402],[-53.75,66.25],[-53.25,65.75],[-53.25,65.5],[-53.054,65.25],[-55.416,63.5],[-56.0,62.892],[-56.612,62.5],[-57.0,62.134],[-57.737,62.0],[-57.774,61.75],[-57.25,61.651],[-56.32,61.75],[-55.5,61.958],[-54.0,61.902],[-53.0,62.059],[-52.0,62.11],[-50.75,62.367],[-50.5,62.341],[-50.0,62.09],[-49.536,61.5],[-49.116,60.5],[-49.13,60.25],[-49.488,59.5],[-49.489,59.0],[-47.75,59.165],[-46.75,58.916],[-46.25,58.926],[-46.0,59.016],[-45.834,59.25],[-45.237,59.75],[-44.867,59.867],[-44.75,59.75],[-43.608,59.75],[-43.496,59.5],[-43.0,59.297],[-40.75,58.772],[-39.902,58.5],[-39.0,58.042],[-38.25,57.515],[-37.139,57.0],[-36.5,55.902],[-35.424,55.75],[-35.265,55.5],[-35.287,54.5],[-35.201,54.25],[-35.554,54.0],[-36.0,53.985],[-36.585,54.25],[-36.552,54.5],[-36.75,54.66]]]},"properties":{"hvalue":1.2,"color":"#a7c2e0"}},{"type":"Feature","geometry":{"type":"Polygon","coordinates":[[[-69.5,72.676],[-70.287,72.75],[-69.298,72.75],[-69.5,72.676]]]},"properties":{"hvalue":1.2,"color":"#a7c2e0"}},{"type":"Feature","geometry":{"type":"Polygon","coordinates":[[[24.787,-34.213],[25.0,-34.0],[25.213,-34.213],[25.0,-34.226],[24.787,-34.213]]]},"properties":{"hvalue":1.2,"color":"#a7c2e0"}},{"type":"Feature","geometry":{"type":"Polygon","coordinates":[[[25.594,-34.156],[26.0,-33.75],[26.207,-33.957],[25.594,-34.156]]]},"properties":{"hvalue":1.2,"color":"#a7c2e0"}},{"type":"Feature","geometry":{"type":"Polygon","coordinates":[[[26.25,32.419],[26.063,33.75],[26.097,34.0],[26.324,34.5],[26.358,35.0],[26.25,35.249],[25.973,35.223],[25.75,35.5],[24.35,35.5],[24.0,35.75],[23.75,35.75],[23.5,35.5],[23.48,35.25],[23.75,34.644],[24.0,34.545],[24.454,35.0],[24.539,35.0],[24.682,34.75],[24.661,34.25],[24.0,33.163],[23.75,33.35],[23.5,33.397],[22.873,32.877],[22.75,33.0],[22.443,33.0],[21.5,33.349],[21.371,33.5],[21.075,34.25],[21.013,35.0],[21.045,35.25],[21.25,35.542],[22.934,36.066],[23.0,36.0],[23.25,36.25],[23.175,36.325],[23.25,36.599],[23.75,37.115],[23.996,37.504],[24.173,37.673],[24.183,37.5],[24.25,37.488],[24.75,38.0],[24.128,38.622],[24.25,38.671],[24.5,38.609],[24.647,38.75],[24.5,38.933],[24.25,38.985],[24.328,39.25],[24.5,39.423],[25.0,39.383],[25.5,39.678],[25.75,39.734],[25.918,39.418],[25.75,39.25],[25.879,39.121],[25.948,38.75],[25.75,38.5],[25.75,38.25],[26.0,38.0],[26.072,38.072],[26.279,38.0],[26.419,37.75],[26.051,37.5],[26.75,36.951],[27.25,36.188],[27.318,36.0],[27.066,35.75],[27.043,35.5],[27.25,35.291],[27.75,35.189],[28.5,34.873],[28.75,34.873],[28.845,35.0],[29.25,35.217],[30.0,35.004],[30.192,34.75],[30.104,34.5],[30.0,34.465],[29.0,34.673],[28.806,34.5],[29.157,33.5],[29.132,33.25],[28.734,32.0],[28.5,31.614],[28.25,31.429],[27.75,31.373],[27.25,31.528],[26.5,31.994],[26.25,32.419]]]},"properties":{"hvalue":1.2,"color":"#a7c2e0"}},{"type":"Feature","geometry":{"type":"Polygon","coordinates":[[[-2.0,46.541],[-2.33,46.75],[-2.466,47.216],[-2.0,46.825],[-2.0,46.541]]]},"properties":{"hvalue":1.2,"color":"#a7c2e0"}},{"type":"Feature","geometry":{"type":"Polygon","coordinates":[[[-2.75,47.5],[-2.569,47.319],[-3.082,47.5],[-3.0,47.5],[-2.75,47.5]]]},"properties":{"hvalue":1.2,"color":"#a7c2e0"}},{"type":"Feature","geometry":{"type":"Polygon","coordinates":[[[-4.0,47.75],[-3.726,47.726],[-4.029,47.75],[-4.0,47.75]]]},"properties":{"hvalue":1.2,"color":"#a7c2e0"}},{"type":"Feature","geometry":{"type":"Polygon","coordinates":[[[-4.299,49.5],[-5.234,49.766],[-5.047,49.953],[-4.5,50.052],[-3.84,50.09],[-3.75,50.0],[-3.69,50.06],[-1.0,50.387],[0.0,50.599],[0.5,50.563],[1.5,50.651],[1.5,50.5],[1.151,50.25],[0.334,50.0],[0.0,49.934],[-1.75,49.926],[-2.0,49.721],[-2.5,49.627],[-2.622,49.5],[-2.5,49.371],[-2.25,49.303],[-1.921,49.0],[-2.25,48.895],[-3.5,49.0],[-3.75,48.75],[-4.358,48.75],[-4.03,49.0],[-4.086,49.25],[-4.299,49.5]]]},"properties":{"hvalue":1.2,"color":"#a7c2e0"}},{"type":"Feature","geometry":{"type":"Polygon","coordinates":[[[-6.25,50.046],[-6.022,50.0],[-6.25,49.957],[-6.25,50.046]]]},"properties":{"hvalue":1.2,"color":"#a7c2e0"}},{"type":"Feature","geometry":{"type":"Polygon","coordinates":[[[-9.866,51.5],[-9.75,51.5],[-9.662,51.412],[-9.75,51.431],[-9.866,51.5]]]},"properties":{"hvalue":1.2,"color":"#a7c2e0"}},{"type":"Feature","geometry":{"type":"Polygon","coordinates":[[[-3.825,51.5],[-3.915,51.415],[-4.0,51.5],[-3.825,51.5]]]},"properties":{"hvalue":1.2,"color":"#a7c2e0"}},{"type":"Feature","geometry":{"type":"Polygon","coordinates":[[[-10.113,51.613],[-10.316,51.75],[-10.315,52.0],[-10.0,52.337],[-10.0,52.25],[-10.25,52.0],[-10.25,51.75],[-10.113,51.613]]]},"properties":{"hvalue":1.2,"color":"#a7c2e0"}},{"type":"Feature","geometry":{"type":"Polygon","coordinates":[[[-3.044,54.0],[-3.25,53.75],[-3.25,53.5],[-4.5,53.5],[-4.75,53.25],[-4.446,52.946],[-4.814,52.75],[-4.25,52.578],[-4.25,52.5],[-4.5,52.25],[-5.0,52.25],[-5.25,52.0],[-5.25,51.75],[-5.0,51.5],[-4.0,51.5],[-4.75,50.75],[-5.0,50.75],[-5.5,50.25],[-5.5,50.0],[-5.278,49.778],[-5.994,50.0],[-5.5,50.406],[-5.261,50.5],[-5.075,50.75],[-5.056,51.0],[-5.25,51.165],[-6.5,51.369],[-8.0,51.192],[-9.191,51.309],[-9.039,51.461],[-8.5,51.5],[-7.048,52.0],[-6.5,52.0],[-5.587,52.5],[-5.322,52.75],[-5.408,53.0],[-5.767,53.25],[-5.911,53.75],[-5.5,54.094],[-5.283,54.5],[-5.398,54.75],[-6.068,55.068],[-6.225,55.225],[-5.75,55.17],[-5.545,55.25],[-5.657,55.5],[-5.867,55.633],[-5.75,55.75],[-5.25,55.25],[-5.036,55.464],[-4.75,55.5],[-5.25,55.0],[-5.0,54.75],[-4.75,54.75],[-4.5,54.5],[-4.214,54.75],[-3.5,54.75],[-3.75,54.5],[-3.25,54.0],[-3.044,54.0]],[[-4.75,54.25],[-4.5,54.0],[-4.205,54.25],[-4.5,54.5],[-4.75,54.25]]]},"properties":{"hvalue":1.2,"color":"#a7c2e0"}},{"type":"Feature","geometry":{"type":"Polygon","coordinates":[[[-9.75,53.25],[-9.564,53.064],[-9.843,53.25],[-9.75,53.25]]]},"properties":{"hvalue":1.2,"color":"#a7c2e0"}},{"type":"Feature","geometry":{"type":"Polygon","coordinates":[[[-10.009,53.75],[-10.112,54.0],[-10.092,54.092],[-10.0,53.926],[-10.009,53.75]]]},"properties":{"hvalue":1.2,"color":"#a7c2e0"}},{"type":"Feature","geometry":{"type":"Polygon","coordinates":[[[2.101,52.75],[1.374,53.75],[0.25,54.292],[-1.129,55.25],[-1.247,55.5],[-1.75,55.916],[-2.25,56.037],[-2.5,56.25],[-2.5,56.5],[-2.0,57.0],[-2.0,57.25],[-1.75,57.5],[-1.871,57.621],[-1.88,57.75],[-2.0,57.827],[-2.471,57.75],[-3.75,57.75],[-3.634,58.0],[-3.5,58.0],[-2.995,58.5],[-3.25,58.75],[-3.0,58.75],[-2.75,58.874],[-2.464,59.25],[-2.75,59.305],[-2.882,59.25],[-2.872,59.122],[-3.0,59.25],[-3.12,59.25],[-2.75,59.41],[-2.5,59.397],[-1.635,59.25],[-1.379,59.0],[-1.598,58.75],[-1.685,58.5],[-1.434,57.75],[-1.627,57.0],[-1.558,56.5],[-0.785,56.25],[-0.007,55.5],[1.5,55.159],[2.91,55.25],[3.5,55.556],[4.327,56.25],[4.522,56.5],[4.689,57.0],[4.642,58.0],[4.817,58.25],[5.2,58.5],[5.15,58.75],[5.405,59.155],[5.551,59.051],[5.25,58.75],[5.75,58.25],[6.25,58.25],[6.5,58.0],[7.0,58.0],[7.25,57.75],[7.5,57.75],[7.75,58.0],[8.25,58.0],[8.337,58.087],[9.0,58.25],[9.459,58.5],[9.705,58.75],[10.0,58.75],[10.295,59.045],[10.686,59.064],[11.0,58.935],[11.0,58.75],[11.25,58.5],[11.25,58.25],[11.343,58.157],[11.25,57.976],[10.75,57.908],[10.329,57.75],[9.75,57.75],[9.5,57.417],[8.995,57.25],[8.5,57.25],[8.0,56.75],[8.0,56.25],[8.152,56.098],[8.137,55.887],[8.0,55.75],[8.146,55.604],[8.115,55.5],[8.278,55.25],[8.25,54.994],[8.107,54.75],[8.339,54.25],[8.137,54.0],[7.25,53.891],[5.0,53.356],[4.25,52.5],[4.25,52.25],[4.0,51.959],[3.0,51.496],[2.25,51.349],[2.0,51.411],[1.956,51.5],[2.332,52.0],[2.331,52.25],[2.101,52.75]]]},"properties":{"hvalue":1.2,"color":"#a7c2e0"}},{"type":"Feature","geometry":{"type":"Polygon","coordinates":[[[-5.871,55.871],[-5.872,56.25],[-5.75,56.25],[-5.75,55.75],[-5.871,55.871]]]},"properties":{"hvalue":1.2,"color":"#a7c2e0"}},{"type":"Feature","geometry":{"type":"Polygon","coordinates":[[[-7.07,57.82],[-7.0,57.646],[-6.5,57.75],[-6.75,57.5],[-6.5,57.21],[-6.75,57.304],[-7.25,56.966],[-7.276,57.026],[-7.0,57.25],[-7.0,57.5],[-7.125,57.75],[-7.07,57.82]]]},"properties":{"hvalue":1.2,"color":"#a7c2e0"}},{"type":"Feature","geometry":{"type":"Polygon","coordinates":[[[18.0,55.955],[17.5,55.88],[17.0,56.209],[16.993,56.5],[17.25,56.819],[17.75,57.16],[18.0,57.11],[18.0,57.0],[18.25,56.75],[19.113,57.5],[19.118,57.75],[19.404,58.0],[19.25,58.17],[18.25,58.244],[18.1,58.5],[18.273,58.75],[18.5,58.807],[19.404,59.5],[19.637,60.0],[20.5,59.85],[21.5,59.932],[22.363,59.887],[22.5,59.75],[22.627,59.877],[22.75,59.881],[22.876,59.874],[23.0,59.75],[24.0,59.75],[24.147,59.897],[24.815,59.75],[24.083,59.5],[23.75,59.5],[22.839,59.161],[22.75,59.25],[22.36,59.0],[22.337,58.75],[21.922,58.5],[22.0,58.25],[22.135,58.115],[22.032,57.75],[21.75,57.75],[21.25,57.25],[21.25,57.064],[21.0,56.75],[21.0,56.567],[20.75,55.958],[20.25,55.74],[20.0,55.734],[19.25,55.916],[18.0,55.955]]]},"properties":{"hvalue":1.2,"color":"#a7c2e0"}},{"type":"Feature","geometry":{"type":"Polygon","coordinates":[[[-5.66,57.84],[-5.945,57.555],[-6.25,57.75],[-6.5,57.75],[-6.041,58.209],[-6.0,57.925],[-5.66,57.84]]]},"properties":{"hvalue":1.2,"color":"#a7c2e0"}},{"type":"Feature","geometry":{"type":"Polygon","coordinates":[[[23.5,58.393],[24.0,58.086],[24.25,57.995],[24.0,57.827],[23.5,57.885],[23.294,58.0],[23.24,58.25],[23.5,58.393]]]},"properties":{"hvalue":1.2,"color":"#a7c2e0"}},{"type":"Feature","geometry":{"type":"Polygon","coordinates":[[[-3.25,58.75],[-3.383,58.75],[-3.344,58.844],[-3.25,58.75]]]},"properties":{"hvalue":1.2,"color":"#a7c2e0"}},{"type":"Feature","geometry":{"type":"Polygon","coordinates":[[[-0.696,60.75],[-1.075,60.575],[-1.2,60.7],[-1.0,60.857],[-0.75,60.89],[2.5,60.934],[4.0,61.067],[4.5,61.23],[4.77,61.5],[4.79,61.71],[4.971,61.529],[4.731,61.0],[4.854,60.604],[4.75,60.5],[4.806,60.194],[3.0,60.324],[1.75,60.293],[0.0,60.156],[-1.25,59.923],[-1.331,60.0],[-0.943,60.25],[-0.783,60.5],[-0.696,60.75]]]},"properties":{"hvalue":1.2,"color":"#a7c2e0"}},{"type":"Feature","geometry":{"type":"Polygon","coordinates":[[[-6.13,62.25],[-6.395,61.75],[-6.578,61.578],[-6.75,61.75],[-6.875,61.625],[-6.994,61.756],[-6.803,61.947],[-6.75,61.893],[-6.672,62.0],[-6.5,62.0],[-6.25,62.25],[-6.333,62.333],[-6.13,62.25]]]},"properties":{"hvalue":1.2,"color":"#a7c2e0"}},{"type":"Feature","geometry":{"type":"Polygon","coordinates":[[[5.134,62.134],[5.25,62.345],[5.731,62.481],[5.536,62.286],[5.25,62.25],[5.134,62.134]]]},"properties":{"hvalue":1.2,"color":"#a7c2e0"}},{"type":"Feature","geometry":{"type":"Polygon","coordinates":[[[18.013,62.0],[18.815,62.5],[18.97,63.0],[19.257,63.25],[19.5,63.25],[19.999,63.5],[20.25,63.5],[20.348,63.598],[20.75,63.618],[21.101,63.5],[20.883,63.25],[20.789,63.0],[21.0,62.662],[21.0,62.5],[21.25,62.25],[21.311,61.5],[21.25,61.327],[21.0,61.156],[20.5,61.037],[19.25,61.041],[18.0,61.427],[17.912,61.5],[17.899,61.75],[18.013,62.0]]]},"properties":{"hvalue":1.2,"color":"#a7c2e0"}},{"type":"Feature","geometry":{"type":"Polygon","coordinates":[[[21.761,65.0],[22.025,65.25],[22.5,65.39],[22.869,65.631],[23.0,65.5],[23.25,65.5],[23.473,65.723],[24.25,65.75],[24.5,65.5],[25.2,65.5],[25.165,65.25],[24.884,65.116],[24.75,65.25],[24.5,65.0],[24.5,64.75],[24.295,64.75],[24.473,65.25],[24.471,65.5],[23.552,65.5],[23.25,65.397],[23.022,65.25],[22.903,65.0],[22.886,64.5],[23.0,64.36],[23.25,64.263],[23.985,64.485],[23.79,64.29],[23.5,64.25],[23.25,64.0],[22.75,64.0],[22.489,63.739],[22.25,63.628],[21.25,63.642],[21.18,63.75],[21.25,63.875],[21.511,64.25],[21.819,64.5],[21.761,65.0]]]},"properties":{"hvalue":1.2,"color":"#a7c2e0"}},{"type":"Feature","geometry":{"type":"Polygon","coordinates":[[[12.25,67.581],[12.473,67.5],[12.25,67.432],[12.137,67.5],[12.25,67.581]]]},"properties":{"hvalue":1.2,"color":"#a7c2e0"}},{"type":"Feature","geometry":{"type":"Polygon","coordinates":[[[47.0,80.0],[49.25,79.804],[50.56,79.75],[46.169,79.0],[42.0,78.615],[36.916,78.0],[38.25,77.693],[38.554,77.5],[40.25,77.028],[42.0,75.775],[42.75,75.616],[44.25,75.522],[47.25,75.628],[51.0,76.003],[52.75,76.005],[55.25,76.207],[55.75,76.189],[56.958,75.75],[56.903,75.5],[56.5,75.391],[56.344,75.25],[56.0,75.185],[55.038,74.25],[54.75,74.25],[54.5,74.0],[54.0,74.0],[53.689,73.75],[53.361,73.25],[53.25,73.25],[52.957,73.0],[52.5,73.0],[52.25,72.75],[52.388,72.612],[52.387,72.5],[52.165,72.25],[51.5,72.25],[51.25,72.0],[51.25,71.75],[51.388,71.612],[51.38,71.5],[51.75,71.044],[53.156,70.0],[53.638,69.5],[53.685,69.25],[53.018,69.0],[51.75,68.777],[51.25,68.778],[50.244,69.256],[50.0,69.5],[49.5,69.5],[49.25,69.75],[49.072,69.572],[48.5,69.5],[47.94,69.0],[48.0,68.143],[47.969,68.0],[47.75,67.904],[47.5,67.851],[46.424,68.326],[46.25,68.5],[45.75,68.5],[45.5,68.75],[43.75,68.75],[43.25,68.632],[43.023,68.5],[42.0,67.562],[41.75,67.489],[41.0,67.72],[40.75,68.0],[40.294,68.0],[39.878,68.122],[39.75,68.25],[39.25,68.25],[39.0,68.5],[38.25,68.5],[38.0,68.75],[37.75,68.75],[37.5,69.0],[36.75,69.0],[36.5,69.25],[35.433,69.25],[34.87,69.38],[34.75,69.5],[33.234,69.5],[32.75,70.0],[31.911,70.0],[31.75,70.076],[31.25,70.091],[31.0,70.311],[31.0,70.5],[30.75,70.75],[29.848,70.75],[29.25,71.0],[28.75,71.0],[28.5,71.25],[28.358,71.108],[28.112,71.138],[28.0,71.25],[27.5,71.25],[26.75,71.115],[26.0,71.25],[23.75,71.19],[20.852,70.5],[19.25,70.368],[18.453,69.953],[17.824,69.75],[17.5,69.75],[16.875,69.5],[16.0,69.378],[15.788,69.212],[15.318,69.182],[15.25,69.25],[15.0,69.25],[14.5,68.75],[14.5,68.535],[14.317,68.433],[14.25,68.5],[13.75,68.5],[13.5,68.25],[13.75,68.0],[14.25,68.0],[14.36,68.11],[14.75,68.104],[14.898,68.0],[14.5,67.503],[14.106,67.25],[13.962,67.038],[13.75,67.25],[13.352,66.852],[13.183,66.75],[13.0,66.75],[12.638,66.5],[12.469,66.25],[12.25,66.156],[12.021,65.75],[12.127,65.627],[12.0,65.5],[12.0,65.25],[11.0,65.108],[10.869,65.0],[11.163,64.75],[10.75,64.75],[10.321,64.321],[9.25,64.089],[8.853,63.897],[8.75,64.0],[7.921,63.25],[7.75,63.25],[7.23,63.0],[7.0,63.0],[6.862,62.862],[6.063,62.5],[5.78,62.5],[6.75,63.125],[7.141,63.25],[8.091,63.75],[8.75,64.223],[9.97,64.75],[11.973,66.25],[12.0,66.553],[12.25,66.734],[13.398,67.25],[13.509,67.5],[12.75,67.562],[12.615,67.75],[12.76,67.99],[13.0,67.75],[13.165,67.915],[13.595,68.0],[13.5,68.079],[13.196,68.054],[13.0,68.25],[12.796,68.046],[13.0,68.395],[13.152,68.5],[12.974,68.75],[12.954,69.0],[13.5,69.274],[16.25,70.098],[18.25,70.388],[20.296,71.0],[21.465,71.5],[21.747,71.75],[21.792,72.25],[22.25,72.484],[23.25,72.595],[25.25,72.491],[29.0,71.888],[31.0,71.221],[34.25,70.747],[35.75,70.936],[36.25,71.18],[36.461,71.5],[36.12,72.0],[36.06,72.25],[36.118,72.5],[36.457,72.75],[36.282,73.0],[35.75,73.31],[34.5,74.5],[33.221,75.5],[31.982,76.0],[31.0,76.208],[28.75,76.336],[23.0,75.85],[22.641,75.75],[22.157,75.25],[20.5,74.659],[19.578,74.25],[19.316,74.0],[19.342,73.75],[20.154,73.25],[20.389,73.0],[17.25,72.665],[16.25,72.835],[15.75,72.804],[13.75,72.411],[12.594,72.0],[12.324,71.75],[11.977,70.75],[11.759,70.5],[10.837,70.25],[10.0,70.214],[7.75,70.557],[3.5,70.782],[1.25,71.122],[-1.75,70.688],[-2.75,70.739],[-4.25,70.538],[-5.5,70.617],[-8.0,70.364],[-10.0,70.344],[-10.552,70.25],[-12.104,69.75],[-12.455,69.5],[-12.568,69.25],[-12.629,67.75],[-12.327,67.25],[-11.892,66.75],[-11.799,66.25],[-12.116,65.25],[-12.196,64.75],[-12.366,64.5],[-14.73,63.25],[-18.75,62.144],[-19.75,61.773],[-21.443,61.5],[-24.0,60.269],[-26.75,60.185],[-29.0,60.512],[-29.5,60.71],[-30.5,61.299],[-30.75,61.365],[-32.25,61.262],[-33.25,61.28],[-34.75,61.533],[-37.25,61.767],[-38.75,61.608],[-40.0,61.3],[-41.25,60.862],[-43.037,59.963],[-43.0,60.198],[-42.75,60.25],[-42.5,60.5],[-42.5,60.713],[-42.25,60.968],[-41.5,61.568],[-40.805,62.0],[-38.0,62.733],[-34.456,63.25],[-34.651,63.5],[-32.5,63.794],[-32.266,64.0],[-32.226,64.25],[-32.5,64.441],[-33.25,64.379],[-34.0,64.51],[-35.25,64.477],[-35.75,64.625],[-36.124,65.0],[-35.833,65.5],[-35.846,65.75],[-35.171,66.079],[-31.0,67.418],[-30.846,67.5],[-30.949,67.75],[-30.412,68.0],[-29.571,68.071],[-29.5,68.0],[-29.336,68.164],[-28.816,68.25],[-27.75,68.25],[-27.586,68.414],[-27.308,68.5],[-26.25,68.5],[-26.0,68.75],[-25.75,68.75],[-25.592,68.908],[-25.306,69.0],[-24.75,69.0],[-24.424,69.25],[-24.0,69.25],[-23.881,69.369],[-20.25,69.829],[-19.461,70.0],[-19.462,70.25],[-19.25,70.345],[-17.75,70.663],[-15.183,71.5],[-11.937,72.0],[-10.5,72.307],[-9.75,72.183],[-9.25,71.949],[-8.918,71.5],[-8.883,71.25],[-9.003,71.0],[-8.75,70.921],[-8.433,71.067],[-8.5,71.0],[-8.25,70.75],[-8.0,71.0],[-8.158,71.158],[-7.886,71.25],[-7.75,71.614],[-7.25,71.897],[-6.25,72.086],[-3.5,72.378],[0.0,73.063],[2.439,73.75],[4.435,74.5],[4.991,74.75],[5.308,75.0],[5.257,75.5],[5.02,75.75],[4.278,76.25],[3.741,76.5],[1.75,77.138],[1.0,77.124],[0.789,77.25],[0.746,77.5],[0.569,77.75],[0.696,78.0],[0.529,78.25],[0.709,78.5],[1.5,78.832],[1.674,79.0],[1.655,79.25],[1.792,79.5],[1.682,79.75],[1.918,80.0],[2.75,80.063],[3.25,80.271],[5.0,80.512],[7.5,80.617],[8.75,80.815],[12.5,80.872],[12.677,81.0],[13.905,81.25],[16.716,81.25],[15.0,81.137],[13.25,80.85],[12.25,80.564],[10.929,80.0],[10.75,80.0],[10.5,79.75],[11.033,79.217],[10.532,79.0],[10.84,78.84],[10.75,78.75],[10.75,78.5],[11.0,78.25],[11.25,78.25],[11.32,78.32],[12.25,78.184],[13.0,78.25],[13.25,78.0],[13.5,78.0],[13.589,77.5],[14.0,77.319],[14.25,77.0],[15.293,77.0],[15.679,76.75],[16.5,76.457],[17.5,76.739],[17.75,76.908],[18.5,77.187],[19.75,77.479],[20.25,77.498],[21.112,77.388],[21.25,77.25],[22.0,77.25],[22.06,77.31],[23.25,77.25],[29.5,78.276],[31.906,78.5],[29.054,78.75],[30.5,78.857],[31.0,79.11],[32.205,79.25],[29.75,79.428],[28.0,79.38],[26.5,79.193],[25.846,79.25],[26.5,79.315],[26.783,79.5],[27.25,79.606],[27.532,79.75],[27.732,80.0],[27.527,80.5],[27.25,80.705],[25.75,81.163],[23.25,81.271],[18.5,80.831],[18.0,80.869],[17.676,81.0],[17.5,81.207],[16.902,81.25],[22.5,81.583],[26.0,81.544],[27.261,81.75],[29.25,81.804],[30.34,82.0],[34.75,82.088],[35.75,82.165],[36.829,82.5],[37.283,82.75],[39.75,83.094],[41.5,83.171],[43.25,83.113],[44.0,83.26],[45.75,83.315],[48.5,83.635],[54.25,84.134],[55.858,84.25],[60.5,84.352],[62.018,84.5],[66.0,84.337],[67.0,84.227],[72.5,84.591],[73.5,84.397],[76.5,84.328],[77.5,84.184],[80.25,84.052],[84.25,83.65],[90.25,83.311],[91.25,83.07],[92.718,83.0],[88.416,82.5],[85.199,82.0],[77.0,81.605],[75.5,81.614],[73.5,82.028],[72.0,82.134],[60.0,81.9],[58.853,81.897],[58.75,82.0],[58.25,82.0],[58.0,81.75],[58.051,81.699],[57.25,81.75],[57.024,81.524],[55.5,81.5],[55.378,81.378],[54.203,81.203],[51.0,81.107],[50.463,81.0],[49.5,81.0],[49.4,80.9],[49.0,80.882],[48.626,80.874],[48.5,81.0],[46.75,81.0],[46.25,80.5],[46.5,80.25],[46.75,80.25],[47.0,80.0]],[[46.0,80.75],[45.75,80.75],[45.5,80.5],[45.75,80.25],[46.0,80.25],[46.25,80.5],[46.0,80.75]]]},"properties":{"hvalue":1.2,"color":"#a7c2e0"}},{"type":"Feature","geometry":{"type":"Polygon","coordinates":[[[31.937,-69.0],[32.0,-68.963],[32.09,-69.0],[32.0,-69.0],[31.937,-69.0]]]},"properties":{"hvalue":1.2,"color":"#a7c2e0"}},{"type":"Feature","geometry":{"type":"Polygon","coordinates":[[[40.75,-68.622],[40.878,-68.622],[40.592,-68.75],[40.75,-68.622]]]},"properties":{"hvalue":1.2,"color":"#a7c2e0"}},{"type":"Feature","geometry":{"type":"Polygon","coordinates":[[[79.966,-67.75],[80.25,-67.74],[80.435,-67.75],[79.966,-67.75]]]},"properties":{"hvalue":1.2,"color":"#a7c2e0"}},{"type":"Feature","geometry":{"type":"Polygon","coordinates":[[[48.565,-66.935],[48.5,-67.109],[48.424,-67.0],[48.565,-66.935]]]},"properties":{"hvalue":1.2,"color":"#a7c2e0"}},{"type":"Feature","geometry":{"type":"Polygon","coordinates":[[[91.668,-66.5],[91.75,-66.47],[92.387,-66.5],[92.25,-66.5],[91.668,-66.5]]]},"properties":{"hvalue":1.2,"color":"#a7c2e0"}},{"type":"Feature","geometry":{"type":"Polygon","coordinates":[[[143.75,-66.711],[142.75,-66.636],[142.531,-66.75],[141.75,-66.696],[141.72,-66.75],[141.036,-66.75],[141.0,-66.672],[140.602,-66.602],[140.5,-66.5],[139.639,-66.5],[139.5,-66.399],[138.905,-66.5],[138.5,-66.375],[138.48,-66.5],[138.123,-66.5],[138.049,-66.25],[136.25,-65.812],[136.0,-65.808],[135.503,-66.003],[130.588,-66.0],[129.62,-65.75],[125.75,-65.12],[122.25,-65.105],[119.75,-64.5],[117.75,-64.148],[116.0,-63.684],[115.0,-63.615],[113.0,-63.664],[111.75,-63.578],[104.0,-62.473],[100.25,-62.478],[98.75,-62.125],[97.75,-62.05],[94.25,-62.043],[92.25,-62.219],[90.75,-62.185],[88.5,-61.932],[86.5,-61.59],[85.5,-61.157],[84.75,-60.63],[84.25,-60.435],[81.0,-60.133],[80.0,-60.203],[77.75,-60.615],[75.25,-60.852],[72.25,-61.504],[70.208,-61.75],[68.0,-62.158],[65.5,-62.212],[62.25,-62.095],[61.0,-62.198],[58.75,-62.212],[57.75,-62.362],[56.5,-62.15],[54.75,-62.611],[54.25,-62.54],[53.0,-62.095],[52.0,-62.217],[50.75,-62.617],[50.0,-62.672],[48.25,-62.545],[45.75,-62.181],[44.0,-62.145],[39.75,-61.798],[39.5,-61.742],[39.17,-61.5],[38.5,-61.392],[34.25,-61.593],[32.25,-61.402],[30.75,-61.041],[28.75,-61.202],[28.0,-61.39],[27.5,-61.394],[27.0,-61.189],[26.75,-60.878],[26.0,-60.642],[25.5,-60.289],[24.0,-60.293],[23.5,-60.209],[22.818,-59.75],[21.75,-59.375],[21.25,-58.937],[20.5,-58.745],[19.959,-58.5],[18.25,-58.111],[17.25,-58.045],[16.0,-57.742],[14.5,-57.585],[13.5,-57.244],[13.0,-56.805],[12.75,-56.712],[11.5,-56.559],[11.0,-56.586],[8.75,-57.02],[6.25,-57.091],[4.5,-57.318],[3.25,-57.244],[2.25,-56.93],[1.5,-56.801],[1.0,-56.98],[-0.75,-57.339],[-1.75,-57.29],[-3.5,-57.438],[-6.75,-57.525],[-8.5,-57.812],[-10.0,-57.715],[-12.25,-58.061],[-13.5,-58.125],[-14.75,-57.934],[-15.25,-57.989],[-16.0,-57.946],[-17.25,-57.662],[-18.75,-57.572],[-19.25,-57.41],[-19.75,-56.998],[-21.25,-56.682],[-21.5,-56.699],[-22.0,-56.99],[-22.25,-57.017],[-23.5,-56.809],[-24.25,-56.93],[-24.75,-56.913],[-25.25,-56.479],[-26.25,-56.096],[-26.75,-55.615],[-27.75,-55.277],[-28.75,-55.162],[-29.752,-55.25],[-29.97,-55.5],[-30.011,-56.25],[-30.099,-56.5],[-30.809,-57.25],[-31.25,-57.42],[-32.75,-57.46],[-35.0,-57.828],[-36.75,-57.975],[-38.113,-58.5],[-38.75,-58.651],[-39.25,-58.652],[-39.5,-58.575],[-41.0,-58.768],[-41.663,-59.0],[-42.75,-59.557],[-45.7,-60.0],[-47.5,-60.36],[-48.893,-60.5],[-50.75,-61.045],[-53.0,-61.289],[-54.0,-61.145],[-55.0,-61.146],[-55.205,-61.25],[-55.25,-61.463],[-55.722,-61.5],[-54.686,-61.5],[-54.101,-61.75],[-57.5,-62.37],[-57.709,-62.5],[-57.738,-62.75],[-57.534,-63.0],[-58.217,-63.25],[-58.5,-63.25],[-58.991,-63.5],[-59.25,-63.5],[-59.5,-63.708],[-60.5,-63.75],[-60.602,-63.648],[-60.25,-63.682],[-59.577,-63.5],[-58.535,-63.0],[-58.642,-62.75],[-58.915,-62.5],[-58.75,-62.5],[-58.446,-62.25],[-58.0,-62.25],[-57.852,-62.102],[-57.75,-62.125],[-57.654,-62.0],[-57.94,-61.81],[-56.641,-61.75],[-56.25,-61.625],[-55.75,-61.275],[-55.0,-60.952],[-53.0,-60.908],[-51.5,-60.43],[-51.0,-60.453],[-49.5,-60.295],[-49.0,-60.138],[-48.0,-60.096],[-47.695,-60.0],[-47.25,-59.706],[-46.0,-59.742],[-43.0,-59.295],[-42.5,-58.962],[-41.5,-58.468],[-41.0,-58.422],[-40.5,-58.513],[-39.75,-58.347],[-39.0,-58.437],[-38.5,-58.349],[-38.25,-58.127],[-37.65,-58.0],[-37.39,-57.75],[-37.433,-57.5],[-37.25,-57.456],[-36.75,-57.603],[-35.0,-57.576],[-34.5,-57.537],[-34.0,-57.367],[-33.0,-57.278],[-32.75,-57.15],[-32.0,-57.169],[-31.5,-57.066],[-31.25,-56.978],[-31.0,-56.774],[-30.69,-56.5],[-30.538,-56.25],[-30.63,-55.25],[-30.0,-54.966],[-29.25,-54.841],[-28.25,-54.861],[-26.75,-55.292],[-26.25,-55.614],[-25.859,-56.0],[-25.25,-56.171],[-24.75,-56.761],[-23.25,-56.616],[-22.25,-56.76],[-21.5,-56.353],[-21.25,-56.343],[-20.75,-56.515],[-19.5,-56.553],[-18.75,-56.78],[-17.868,-57.25],[-17.0,-57.34],[-16.5,-57.534],[-15.75,-57.641],[-15.25,-57.481],[-15.0,-57.496],[-13.5,-57.779],[-12.25,-57.46],[-11.25,-57.569],[-9.75,-57.375],[-8.5,-57.537],[-8.0,-57.445],[-7.0,-57.078],[-5.25,-56.887],[-4.25,-56.994],[-1.25,-56.941],[-0.5,-56.856],[1.5,-56.382],[2.25,-56.44],[3.0,-56.808],[4.0,-56.938],[5.156,-56.75],[6.75,-56.651],[7.25,-56.53],[8.5,-56.652],[9.75,-56.197],[11.25,-55.856],[11.5,-55.865],[12.25,-55.989],[12.75,-56.188],[13.75,-56.777],[14.95,-57.25],[16.25,-57.38],[16.75,-57.566],[18.0,-57.689],[19.0,-57.934],[20.25,-57.967],[20.601,-58.25],[21.703,-58.75],[22.244,-59.25],[23.25,-59.656],[23.589,-60.0],[23.75,-60.051],[24.5,-59.976],[25.25,-59.74],[25.75,-59.726],[26.0,-59.994],[25.94,-60.25],[26.171,-60.5],[26.75,-60.642],[26.947,-60.75],[27.0,-61.009],[27.5,-61.185],[27.75,-61.167],[28.75,-60.728],[30.25,-60.618],[31.0,-60.714],[32.0,-61.151],[33.5,-61.282],[35.5,-61.222],[39.0,-60.795],[39.25,-60.813],[39.734,-61.25],[39.886,-61.5],[40.0,-61.52],[44.0,-61.822],[45.5,-61.819],[48.25,-62.327],[49.25,-62.222],[50.25,-62.408],[50.75,-62.291],[51.5,-61.978],[53.5,-61.695],[53.75,-61.735],[53.785,-62.0],[54.041,-62.25],[54.5,-62.412],[55.0,-62.301],[55.99,-61.75],[56.25,-61.704],[56.5,-61.734],[57.0,-62.066],[57.5,-62.138],[58.0,-62.062],[58.132,-62.0],[58.304,-61.75],[58.5,-61.705],[59.5,-61.856],[60.75,-61.7],[62.25,-61.686],[64.25,-61.737],[65.25,-61.841],[66.25,-61.823],[67.5,-61.613],[68.25,-61.218],[69.0,-60.969],[70.25,-60.904],[71.25,-60.996],[74.25,-60.043],[75.5,-59.937],[77.75,-59.93],[81.0,-59.376],[82.5,-59.605],[83.75,-59.578],[84.455,-59.75],[85.0,-59.954],[85.231,-60.5],[85.5,-60.71],[86.25,-60.956],[87.0,-61.045],[88.0,-61.446],[88.75,-61.57],[90.0,-61.508],[91.0,-61.72],[93.25,-61.644],[94.25,-61.436],[95.5,-61.637],[97.75,-61.48],[98.75,-61.624],[99.5,-62.066],[100.0,-62.204],[101.0,-62.223],[103.25,-61.945],[105.0,-62.04],[107.754,-62.5],[111.0,-62.703],[112.5,-63.014],[116.25,-63.054],[117.327,-63.25],[117.824,-63.75],[118.5,-64.015],[122.0,-64.561],[125.0,-64.579],[131.0,-65.239],[131.25,-65.218],[131.5,-64.944],[132.0,-65.057],[132.75,-65.067],[134.5,-64.844],[135.5,-64.806],[139.75,-65.246],[143.75,-65.188],[146.5,-65.236],[148.25,-64.979],[150.5,-64.299],[152.25,-63.621],[153.75,-63.357],[155.0,-62.988],[155.75,-62.947],[157.0,-63.113],[158.0,-62.842],[159.25,-62.747],[161.25,-62.758],[162.0,-62.886],[163.0,-62.832],[165.5,-62.937],[165.75,-62.973],[167.496,-63.75],[168.5,-63.961],[169.25,-63.814],[170.5,-63.848],[170.745,-63.75],[170.862,-63.5],[171.25,-63.43],[172.5,-63.597],[173.5,-63.591],[174.123,-63.75],[173.999,-64.0],[174.25,-64.07],[174.5,-64.266],[177.25,-64.391],[178.75,-64.895],[179.25,-64.939],[179.75,-64.882],[179.75,-65.507],[178.5,-65.222],[177.75,-65.143],[177.439,-65.0],[177.279,-64.75],[176.75,-64.618],[174.5,-64.442],[173.5,-63.886],[173.25,-63.839],[171.75,-63.774],[171.25,-64.058],[170.5,-64.208],[169.5,-64.07],[168.25,-64.19],[167.5,-64.087],[165.75,-63.35],[165.0,-63.214],[163.25,-63.084],[162.0,-63.169],[158.25,-63.19],[157.0,-63.376],[156.0,-63.359],[155.5,-63.451],[153.557,-64.0],[152.451,-64.75],[151.0,-65.004],[149.0,-65.509],[144.514,-66.0],[144.927,-66.25],[145.5,-66.382],[145.651,-66.5],[146.25,-66.589],[146.404,-66.75],[146.191,-66.941],[146.0,-66.75],[145.25,-66.75],[145.0,-67.0],[145.0,-67.25],[144.5,-67.25],[144.25,-67.0],[144.125,-67.0],[144.0,-66.79],[143.946,-67.0],[143.787,-67.0],[143.75,-66.711]]]},"properties":{"hvalue":1.2,"color":"#a7c2e0"}},{"type":"Feature","geometry":{"type":"Polygon","coordinates":[[[69.0,-49.511],[68.989,-49.489],[69.075,-49.5],[69.0,-49.511]]]},"properties":{"hvalue":1.2,"color":"#a7c2e0"}},{"type":"Feature","geometry":{"type":"Polygon","coordinates":[[[69.094,-48.844],[69.25,-48.798],[69.902,-49.098],[69.75,-49.25],[70.0,-49.5],[70.132,-49.368],[70.154,-49.5],[69.716,-49.534],[69.662,-49.412],[69.732,-49.25],[69.094,-48.844]]]},"properties":{"hvalue":1.2,"color":"#a7c2e0"}},{"type":"Feature","geometry":{"type":"Polygon","coordinates":[[[26.335,-33.915],[26.5,-33.75],[26.719,-33.75],[26.5,-33.878],[26.335,-33.915]]]},"properties":{"hvalue":1.2,"color":"#a7c2e0"}},{"type":"Feature","geometry":{"type":"Polygon","coordinates":[[[31.545,-29.205],[31.75,-29.0],[31.863,-29.0],[31.75,-29.099],[31.545,-29.205]]]},"properties":{"hvalue":1.2,"color":"#a7c2e0"}},{"type":"Feature","geometry":{"type":"Polygon","coordinates":[[[33.084,-26.0],[32.977,-26.227],[32.857,-26.107],[32.872,-25.878],[33.026,-25.724],[33.084,-26.0]]]},"properties":{"hvalue":1.2,"color":"#a7c2e0"}},{"type":"Feature","geometry":{"type":"Polygon","coordinates":[[[43.247,-22.0],[43.25,-21.988],[43.25,-22.022],[43.247,-22.0]]]},"properties":{"hvalue":1.2,"color":"#a7c2e0"}},{"type":"Feature","geometry":{"type":"Polygon","coordinates":[[[35.427,-21.677],[35.25,-21.473],[35.25,-21.089],[35.414,-21.5],[35.427,-21.677]]]},"properties":{"hvalue":1.2,"color":"#a7c2e0"}},{"type":"Feature","geometry":{"type":"Polygon","coordinates":[[[35.027,-20.0],[35.146,-20.5],[35.225,-20.975],[35.0,-20.75],[35.0,-20.5],[34.75,-20.25],[35.0,-20.0],[35.0,-19.75],[35.161,-19.75],[35.027,-20.0]]]},"properties":{"hvalue":1.2,"color":"#a7c2e0"}},{"type":"Feature","geometry":{"type":"Polygon","coordinates":[[[44.039,-19.75],[44.102,-19.102],[44.25,-19.25],[44.275,-20.0],[44.016,-20.484],[43.75,-20.75],[43.75,-20.956],[43.582,-21.25],[43.424,-21.326],[44.039,-19.75]]]},"properties":{"hvalue":1.2,"color":"#a7c2e0"}},{"type":"Feature","geometry":{"type":"Polygon","coordinates":[[[57.415,-20.085],[57.5,-19.905],[57.617,-20.0],[57.5,-20.0],[57.415,-20.085]]]},"properties":{"hvalue":1.2,"color":"#a7c2e0"}},{"type":"Feature","geometry":{"type":"Polygon","coordinates":[[[43.986,-17.986],[44.0,-18.617],[43.822,-18.25],[43.763,-17.763],[43.986,-17.986]]]},"properties":{"hvalue":1.2,"color":"#a7c2e0"}},{"type":"Feature","geometry":{"type":"Polygon","coordinates":[[[49.75,-16.0],[49.793,-15.793],[50.0,-16.0],[50.25,-16.0],[50.322,-15.928],[50.147,-16.25],[50.15,-16.75],[49.71,-17.25],[49.5,-17.949],[49.5,-17.25],[50.0,-16.75],[50.0,-16.25],[49.75,-16.0]]]},"properties":{"hvalue":1.2,"color":"#a7c2e0"}},{"type":"Feature","geometry":{"type":"Polygon","coordinates":[[[42.741,-16.75],[42.75,-16.722],[42.768,-16.75],[42.741,-16.75]]]},"properties":{"hvalue":1.2,"color":"#a7c2e0"}},{"type":"Feature","geometry":{"type":"Polygon","coordinates":[[[40.154,-16.096],[40.0,-16.353],[39.757,-16.493],[40.154,-16.096]]]},"properties":{"hvalue":1.2,"color":"#a7c2e0"}},{"type":"Feature","geometry":{"type":"Polygon","coordinates":[[[40.75,-15.212],[40.764,-14.986],[40.911,-14.839],[40.899,-15.0],[40.75,-15.212]]]},"properties":{"hvalue":1.2,"color":"#a7c2e0"}},{"type":"Feature","geometry":{"type":"Polygon","coordinates":[[[50.25,-13.754],[50.693,-15.25],[50.5,-15.589],[50.5,-15.0],[50.25,-14.75],[50.25,-13.754]]]},"properties":{"hvalue":1.2,"color":"#a7c2e0"}},{"type":"Feature","geometry":{"type":"Polygon","coordinates":[[[50.188,-13.438],[50.0,-13.25],[50.0,-13.122],[50.128,-13.25],[50.188,-13.438]]]},"properties":{"hvalue":1.2,"color":"#a7c2e0"}},{"type":"Feature","geometry":{"type":"Polygon","coordinates":[[[49.75,-12.729],[49.75,-12.521],[49.938,-12.75],[49.965,-12.965],[49.75,-12.729]]]},"properties":{"hvalue":1.2,"color":"#a7c2e0"}},{"type":"Feature","geometry":{"type":"Polygon","coordinates":[[[56.5,-10.075],[56.712,-10.0],[56.75,-9.86],[56.75,-10.265],[56.5,-10.356],[56.361,-10.25],[56.5,-10.075]]]},"properties":{"hvalue":1.2,"color":"#a7c2e0"}},{"type":"Feature","geometry":{"type":"Polygon","coordinates":[[[47.5,-9.771],[47.5,-9.722],[47.515,-9.75],[47.5,-9.771]]]},"properties":{"hvalue":1.2,"color":"#a7c2e0"}},{"type":"Feature","geometry":{"type":"Polygon","coordinates":[[[51.0,-9.623],[50.681,-9.25],[51.0,-9.069],[51.151,-9.25],[51.0,-9.623]]]},"properties":{"hvalue":1.2,"color":"#a7c2e0"}},{"type":"Feature","geometry":{"type":"Polygon","coordinates":[[[60.033,-9.75],[60.0,-9.359],[59.75,-9.377],[59.062,-8.75],[59.987,-8.5],[59.75,-8.452],[59.5,-8.251],[59.536,-8.0],[60.25,-7.781],[60.674,-8.5],[60.569,-8.75],[60.75,-9.06],[61.0,-9.066],[61.25,-8.943],[61.5,-9.058],[61.75,-8.885],[62.0,-8.884],[62.232,-9.25],[62.22,-9.5],[62.077,-9.75],[62.0,-9.857],[61.75,-9.951],[61.25,-9.842],[61.0,-9.868],[60.75,-10.054],[60.669,-10.0],[60.75,-9.725],[60.5,-9.562],[60.464,-9.75],[60.25,-9.979],[60.033,-9.75]]]},"properties":{"hvalue":1.2,"color":"#a7c2e0"}},{"type":"Feature","geometry":{"type":"Polygon","coordinates":[[[52.75,-6.827],[52.846,-7.0],[52.75,-7.082],[52.597,-7.0],[52.75,-6.827]]]},"properties":{"hvalue":1.2,"color":"#a7c2e0"}},{"type":"Feature","geometry":{"type":"Polygon","coordinates":[[[61.5,-5.989],[61.533,-6.0],[61.464,-6.0],[61.5,-5.989]]]},"properties":{"hvalue":1.2,"color":"#a7c2e0"}},{"type":"Feature","geometry":{"type":"Polygon","coordinates":[[[44.5,-1.371],[44.687,-1.75],[44.5,-1.883],[44.398,-1.75],[44.39,-1.5],[44.5,-1.371]]]},"properties":{"hvalue":1.2,"color":"#a7c2e0"}},{"type":"Feature","geometry":{"type":"Polygon","coordinates":[[[43.508,-17.0],[43.672,-14.75],[43.427,-14.25],[43.294,-13.75],[42.855,-13.0],[42.5,-12.63],[42.234,-11.75],[41.75,-11.184],[41.5,-11.174],[41.425,-11.25],[41.346,-12.0],[41.057,-12.25],[40.774,-12.75],[40.891,-14.391],[40.75,-14.25],[40.75,-13.25],[40.604,-13.104],[40.602,-13.0],[40.603,-12.897],[40.75,-12.75],[40.75,-12.0],[40.5,-11.75],[40.75,-11.5],[40.561,-11.311],[40.583,-11.167],[40.75,-11.0],[40.75,-10.75],[40.5,-10.273],[40.238,-10.0],[39.847,-9.0],[39.642,-8.75],[39.604,-8.25],[39.66,-8.16],[39.75,-8.25],[40.0,-8.0],[39.925,-7.5],[39.738,-7.25],[39.75,-7.0],[39.485,-6.735],[39.408,-6.5],[39.5,-6.5],[39.75,-6.25],[39.437,-5.937],[39.415,-5.75],[39.509,-5.5],[39.675,-5.425],[39.75,-5.5],[40.0,-5.25],[40.0,-5.0],[39.75,-4.75],[39.707,-4.793],[39.566,-4.684],[39.75,-4.5],[39.75,-4.25],[40.0,-4.0],[40.0,-3.5],[40.25,-3.25],[40.25,-2.75],[40.5,-2.75],[41.224,-2.026],[41.5,-2.0],[41.75,-1.75],[41.75,-1.5],[42.0,-1.25],[42.0,-1.0],[42.25,-1.0],[42.5,-0.75],[42.5,-0.5],[44.25,1.25],[44.5,1.25],[45.0,1.75],[45.25,1.75],[45.75,2.25],[46.0,2.25],[48.0,4.25],[48.0,4.5],[48.5,5.0],[48.5,5.25],[49.0,5.75],[49.0,6.0],[49.25,6.25],[49.25,6.5],[49.5,6.75],[49.5,7.0],[49.75,7.25],[49.75,7.5],[50.0,7.75],[50.0,8.0],[50.5,8.5],[50.5,8.75],[50.75,9.0],[50.75,9.25],[51.0,9.5],[51.0,10.25],[51.301,10.5],[51.25,11.5],[51.5,11.75],[51.25,12.0],[51.082,12.0],[50.5,12.559],[50.0,12.895],[49.485,13.0],[49.069,13.25],[49.75,13.317],[49.822,13.5],[49.75,13.799],[49.23,14.48],[49.5,14.5],[49.75,14.75],[50.25,14.75],[50.5,15.0],[51.25,15.0],[51.5,15.25],[51.75,15.25],[52.25,15.75],[52.25,16.0],[52.75,16.5],[53.5,16.5],[53.75,16.75],[54.0,16.75],[54.25,17.0],[54.5,17.0],[54.75,16.75],[55.25,17.25],[55.326,17.576],[55.48,17.73],[55.5,17.293],[55.75,17.347],[55.939,17.75],[56.25,17.75],[56.75,18.25],[56.75,18.5],[57.0,18.75],[57.629,18.75],[57.21,17.75],[56.821,17.25],[57.0,16.674],[57.25,16.902],[57.5,17.375],[57.75,17.418],[58.0,17.32],[58.25,17.325],[58.75,17.528],[59.25,17.598],[59.5,17.489],[59.75,17.512],[59.994,17.75],[60.105,18.25],[60.335,18.5],[61.0,18.823],[61.75,18.847],[62.114,18.75],[61.951,18.25],[62.0,17.977],[62.19,17.75],[62.5,17.553],[63.0,17.505],[63.5,17.658],[64.25,18.044],[64.75,17.966],[66.263,18.25],[68.53,19.5],[68.912,20.0],[69.076,20.5],[69.006,21.25],[68.77,21.75],[68.735,22.0],[68.5,22.187],[68.177,22.75],[67.5,23.225],[67.435,23.5],[67.0,23.974],[66.297,24.25],[65.919,24.5],[65.5,24.534],[65.0,24.401],[64.25,24.353],[63.0,24.135],[62.0,24.147],[61.75,23.988],[61.0,23.23],[60.5,22.857],[60.215,22.75],[60.0,22.551],[59.975,22.275],[59.859,22.391],[59.843,24.25],[60.038,25.0],[60.193,25.25],[60.5,25.25],[60.75,25.0],[63.25,25.0],[63.457,25.207],[63.609,25.25],[64.25,25.25],[64.5,25.0],[64.815,25.25],[66.5,25.309],[66.5,25.0],[66.75,24.75],[67.0,24.734],[67.205,24.5],[67.203,24.25],[67.5,23.896],[68.0,23.66],[69.0,22.75],[69.366,22.75],[68.75,22.25],[70.25,20.75],[70.5,20.75],[70.75,20.5],[71.0,20.5],[71.14,20.64],[71.534,20.784],[72.0,20.846],[72.162,20.75],[72.44,20.25],[72.63,18.75],[73.041,17.0],[73.164,16.75],[73.332,15.75],[73.691,14.5],[74.017,14.0],[74.196,13.5],[74.257,13.0],[74.508,12.25],[74.424,11.75],[74.481,11.5],[74.792,11.0],[75.5,10.405],[75.826,9.75],[76.25,9.173],[76.25,9.0],[77.25,8.0],[77.75,8.0],[78.25,8.5],[78.321,8.821],[78.5,9.0],[78.75,9.0],[78.905,9.155],[79.25,9.155],[79.5,9.132],[79.718,9.0],[79.791,8.791],[79.605,8.0],[79.75,7.559],[79.75,6.5],[80.0,6.25],[80.0,6.0],[80.25,5.75],[80.75,5.75],[81.0,6.0],[81.25,6.0],[81.918,6.668],[81.926,6.5],[81.714,6.25],[81.627,6.0],[81.802,5.75],[82.5,5.43],[83.167,5.25],[83.75,4.042],[84.0,3.876],[84.628,3.75],[84.701,3.5],[84.623,3.25],[84.372,3.0],[84.519,2.5],[84.287,1.75],[84.305,1.0],[83.75,0.36],[83.25,0.015],[80.75,-0.12],[80.25,0.085],[80.0,0.076],[79.795,0.0],[79.5,-0.395],[79.323,-0.5],[78.0,-0.718],[77.813,-1.0],[77.681,-1.5],[77.5,-1.582],[76.25,-1.691],[75.373,-2.0],[74.5,-1.93],[74.215,-2.0],[73.791,-2.25],[73.648,-2.5],[73.641,-2.75],[73.883,-3.5],[73.921,-4.5],[73.75,-5.232],[73.5,-5.516],[73.0,-5.745],[72.75,-6.058],[72.699,-6.25],[72.25,-6.729],[72.0,-6.686],[71.654,-6.75],[71.75,-7.24],[72.25,-6.861],[72.5,-6.956],[72.641,-7.25],[72.5,-7.394],[72.25,-7.415],[71.75,-7.256],[71.537,-7.5],[71.341,-8.0],[70.75,-8.448],[70.018,-8.25],[69.25,-7.396],[68.693,-7.0],[68.5,-6.453],[68.0,-6.145],[66.621,-5.0],[66.379,-4.75],[66.0,-4.104],[65.75,-3.981],[65.5,-4.05],[64.902,-4.5],[64.859,-4.75],[65.046,-5.25],[65.456,-5.75],[65.702,-6.25],[65.831,-6.75],[65.813,-7.5],[65.75,-7.574],[65.5,-7.673],[65.0,-7.392],[64.75,-7.423],[64.569,-7.5],[64.414,-7.75],[64.25,-7.859],[63.25,-7.575],[63.0,-7.445],[62.25,-6.407],[62.022,-6.25],[62.0,-5.979],[61.5,-5.491],[61.25,-5.443],[61.163,-5.5],[61.237,-5.75],[61.0,-5.966],[60.25,-5.948],[60.0,-6.027],[59.75,-6.246],[59.393,-7.25],[58.675,-7.75],[58.688,-8.25],[58.959,-8.75],[58.5,-9.088],[57.75,-9.033],[57.25,-9.131],[56.75,-9.528],[56.5,-8.5],[55.883,-8.0],[55.588,-7.0],[55.595,-6.5],[55.827,-6.0],[55.76,-5.75],[54.225,-4.25],[53.75,-4.089],[53.25,-4.028],[52.996,-4.25],[53.054,-4.5],[53.25,-4.547],[53.401,-4.75],[53.5,-5.212],[53.75,-5.355],[53.842,-5.5],[53.75,-5.601],[53.5,-5.648],[53.25,-5.982],[52.811,-6.0],[52.705,-5.75],[52.648,-5.25],[52.75,-4.962],[52.5,-4.675],[52.0,-4.598],[51.25,-3.811],[50.75,-3.495],[50.0,-2.332],[49.75,-2.078],[49.5,-2.011],[49.25,-1.788],[48.31,-0.5],[47.75,0.137],[47.0,0.502],[46.5,0.402],[46.25,0.471],[45.84,0.75],[45.723,1.0],[45.5,1.185],[44.938,1.0],[44.246,0.5],[42.75,-1.047],[42.5,-1.465],[42.035,-2.0],[42.044,-2.5],[42.364,-3.0],[42.968,-3.5],[43.25,-3.9],[44.36,-6.5],[44.874,-7.25],[45.093,-8.25],[46.466,-9.25],[46.433,-9.5],[46.508,-9.75],[46.007,-9.75],[45.877,-10.0],[46.037,-10.25],[46.29,-10.5],[47.75,-11.208],[48.339,-11.75],[49.168,-11.832],[48.75,-12.096],[48.5,-12.098],[47.306,-11.75],[47.392,-11.5],[47.25,-11.368],[46.25,-11.156],[45.75,-10.973],[45.5,-10.814],[44.75,-10.027],[44.25,-9.203],[43.75,-8.925],[43.624,-9.0],[43.406,-9.25],[43.223,-9.75],[43.371,-10.5],[43.35,-11.0],[43.298,-11.298],[43.25,-11.25],[43.0,-11.5],[43.0,-11.75],[43.25,-12.0],[43.392,-11.858],[43.705,-12.0],[43.6,-12.25],[43.75,-12.398],[43.941,-12.25],[44.0,-11.926],[44.341,-12.159],[44.25,-12.25],[44.5,-12.5],[44.75,-12.25],[44.679,-12.179],[44.75,-12.076],[45.0,-11.918],[45.107,-12.25],[44.931,-12.75],[45.25,-13.128],[45.459,-13.25],[45.569,-14.0],[45.345,-14.5],[44.5,-15.437],[44.25,-15.85],[43.952,-17.298],[43.75,-17.5],[43.75,-17.682],[43.508,-17.0]]]},"properties":{"hvalue":1.2,"color":"#a7c2e0"}},{"type":"Feature","geometry":{"type":"Polygon","coordinates":[[[84.897,3.25],[85.5,3.808],[85.75,3.971],[86.25,4.131],[86.289,4.25],[86.0,4.425],[85.843,4.75],[85.856,5.0],[86.163,6.0],[86.5,6.311],[86.75,6.299],[87.027,4.75],[87.0,4.12],[86.35,3.25],[86.086,2.75],[85.377,2.25],[85.25,1.923],[85.0,1.807],[84.721,2.0],[84.812,2.25],[85.127,2.5],[84.897,3.25]]]},"properties":{"hvalue":1.2,"color":"#a7c2e0"}},{"type":"Feature","geometry":{"type":"Polygon","coordinates":[[[97.5,-0.739],[96.75,-0.31],[96.43,0.5],[96.25,0.745],[95.5,1.237],[95.0,1.266],[94.5,1.144],[94.0,0.874],[93.75,0.844],[93.5,1.008],[93.128,1.75],[92.775,2.0],[92.5,2.053],[91.75,1.805],[91.5,1.833],[91.25,1.975],[91.125,2.25],[91.298,3.0],[90.781,3.75],[90.75,4.036],[90.5,4.691],[90.25,5.056],[90.0,4.957],[89.902,4.75],[90.139,4.25],[90.021,4.0],[89.698,3.75],[89.618,3.5],[89.622,2.5],[89.5,2.325],[89.0,1.989],[88.75,1.933],[88.0,2.19],[87.793,2.5],[87.94,3.5],[87.71,4.75],[87.748,5.25],[88.0,5.284],[88.235,5.0],[88.5,4.888],[89.0,4.932],[89.5,5.174],[90.022,7.25],[90.0,7.437],[89.707,7.5],[89.589,7.75],[89.615,8.0],[90.0,8.596],[90.25,8.634],[90.5,8.56],[90.793,8.25],[92.0,4.16],[92.25,3.836],[92.425,3.75],[92.5,3.583],[92.75,3.713],[93.0,4.21],[93.174,5.25],[92.821,6.5],[92.867,7.25],[92.744,8.75],[92.515,9.25],[92.647,10.0],[92.623,10.25],[92.354,10.5],[92.3,10.7],[92.5,10.5],[92.75,10.75],[92.5,11.0],[92.277,10.777],[92.31,11.25],[92.139,11.75],[92.208,12.0],[92.164,12.5],[91.75,13.689],[91.25,13.898],[90.945,14.25],[90.75,14.326],[90.5,14.309],[89.75,14.075],[89.0,14.506],[88.5,14.406],[88.25,14.553],[88.0,14.558],[87.75,14.283],[87.719,14.0],[88.25,13.691],[88.262,13.25],[88.0,12.946],[87.75,12.866],[87.5,12.952],[87.424,13.0],[87.337,13.5],[87.25,13.567],[87.0,13.536],[86.788,13.25],[86.5,12.2],[86.25,12.027],[85.75,12.031],[85.25,11.718],[84.75,11.591],[84.363,11.75],[84.25,12.051],[84.0,11.907],[83.755,11.5],[83.838,10.75],[84.111,10.25],[84.871,9.75],[84.949,9.5],[84.264,8.5],[83.25,7.612],[83.0,7.486],[82.5,7.693],[82.25,7.657],[82.0,6.847],[82.0,7.5],[81.853,7.647],[81.598,9.0],[81.1,9.75],[80.749,11.0],[81.042,12.75],[81.744,14.75],[81.798,16.0],[81.909,16.25],[82.0,16.25],[82.5,16.75],[82.5,16.955],[82.75,17.25],[83.0,17.25],[83.927,18.177],[84.25,18.25],[84.5,18.5],[84.5,18.629],[85.0,19.112],[85.25,19.273],[85.75,19.39],[86.5,19.789],[87.5,20.691],[88.0,20.947],[89.25,21.228],[89.416,21.0],[89.5,20.531],[89.75,20.477],[90.5,20.818],[90.75,20.755],[91.15,20.25],[91.75,19.874],[92.75,19.661],[93.144,19.25],[93.263,19.0],[93.75,18.446],[94.0,17.934],[94.25,17.693],[94.336,17.336],[94.25,17.25],[94.25,16.75],[94.0,16.5],[94.0,16.0],[94.25,15.75],[94.507,15.75],[95.0,15.5],[95.75,15.546],[96.25,15.481],[97.5,14.974],[97.623,14.75],[97.86,14.0],[98.032,13.718],[98.099,13.25],[98.082,13.0],[97.75,12.25],[97.75,11.974],[98.025,11.75],[97.893,11.5],[98.078,11.172],[98.014,10.736],[97.79,10.5],[97.909,9.75],[97.801,9.5],[97.798,9.25],[97.5,8.422],[95.75,7.075],[95.5,6.762],[95.145,6.0],[95.07,5.75],[95.131,5.631],[95.0,5.5],[95.0,5.25],[95.473,4.777],[95.5,4.5],[95.727,4.25],[95.653,3.0],[95.707,2.75],[96.25,2.25],[96.693,2.5],[96.75,2.864],[97.0,2.929],[97.083,2.333],[97.0,2.25],[97.132,2.0],[97.091,1.5],[97.25,1.0],[97.75,0.5],[98.0,0.784],[98.138,0.75],[98.21,0.5],[98.136,0.0],[98.326,-0.174],[98.25,-0.25],[98.368,-0.5],[98.618,-0.75],[98.64,-0.86],[98.5,-1.0],[98.5,-1.25],[98.75,-1.5],[98.75,-1.695],[98.25,-1.079],[98.0,-0.892],[97.5,-0.739]]]},"properties":{"hvalue":1.2,"color":"#a7c2e0"}},{"type":"Feature","geometry":{"type":"Polygon","coordinates":[[[58.0,20.25],[58.5,20.25],[58.726,20.024],[58.659,20.0],[58.75,19.827],[59.014,19.5],[58.721,19.25],[57.858,18.858],[58.0,19.0],[57.802,19.198],[57.85,19.85],[58.0,20.0],[58.0,20.25]]]},"properties":{"hvalue":1.2,"color":"#a7c2e0"}},{"type":"Feature","geometry":{"type":"Polygon","coordinates":[[[59.5,21.5],[59.5,21.75],[59.841,22.091],[59.813,21.25],[59.456,20.5],[59.232,20.25],[58.842,20.092],[59.0,20.25],[58.865,20.385],[58.928,20.928],[59.5,21.5]]]},"properties":{"hvalue":1.2,"color":"#a7c2e0"}},{"type":"Feature","geometry":{"type":"Polygon","coordinates":[[[52.596,36.75],[52.939,36.939],[52.75,36.75],[52.596,36.75]]]},"properties":{"hvalue":1.2,"color":"#a7c2e0"}},{"type":"Feature","geometry":{"type":"Polygon","coordinates":[[[49.467,37.5],[49.197,37.803],[49.253,38.0],[49.53,38.25],[50.01,38.5],[50.226,38.75],[50.88,40.0],[50.809,40.25],[50.25,40.686],[49.811,40.75],[49.462,41.25],[49.0,41.667],[49.0,41.75],[48.75,42.0],[48.648,42.0],[48.639,42.25],[49.25,43.95],[49.386,44.25],[49.75,44.5],[50.0,44.458],[50.75,44.002],[51.025,43.725],[51.439,43.0],[52.305,42.305],[52.25,42.0],[52.456,41.5],[52.664,41.25],[52.703,41.0],[52.707,40.75],[52.585,40.5],[52.614,40.0],[52.86,39.5],[53.0,38.784],[53.25,38.614],[53.479,38.25],[53.55,38.0],[53.533,37.5],[53.706,37.0],[53.059,37.0],[52.75,37.508],[52.5,37.699],[52.25,37.683],[51.5,37.292],[51.333,37.0],[51.442,36.75],[51.25,36.75],[51.0,37.0],[50.75,37.0],[50.5,37.25],[50.25,37.25],[50.0,37.5],[49.467,37.5]]]},"properties":{"hvalue":1.2,"color":"#a7c2e0"}},{"type":"Feature","geometry":{"type":"Polygon","coordinates":[[[28.528,60.222],[27.75,60.201],[27.527,60.25],[28.25,60.351],[28.528,60.222]]]},"properties":{"hvalue":1.2,"color":"#a7c2e0"}},{"type":"Feature","geometry":{"type":"Polygon","coordinates":[[[35.25,66.25],[35.758,66.25],[36.067,66.0],[36.156,65.75],[36.023,65.5],[35.5,65.412],[35.25,65.215],[35.0,65.209],[34.873,65.373],[35.0,65.5],[35.0,65.75],[34.5,66.25],[34.262,66.25],[33.75,66.5],[34.99,66.5],[35.25,66.25]]]},"properties":{"hvalue":1.2,"color":"#a7c2e0"}},{"type":"Feature","geometry":{"type":"Polygon","coordinates":[[[33.723,66.5],[33.583,66.667],[33.75,66.5],[33.723,66.5]]]},"properties":{"hvalue":1.2,"color":"#a7c2e0"}},{"type":"Feature","geometry":{"type":"Polygon","coordinates":[[[58.675,70.425],[58.25,70.38],[58.0,70.255],[57.75,70.325],[57.723,70.5],[57.449,70.699],[57.5,70.75],[57.25,71.0],[56.75,71.0],[56.25,71.5],[56.0,71.5],[55.75,71.75],[55.75,72.269],[57.175,73.25],[57.75,73.5],[57.975,73.775],[59.041,74.25],[59.5,74.355],[59.716,74.5],[60.25,74.5],[60.75,75.0],[61.5,75.0],[61.75,75.25],[62.5,75.25],[62.686,75.436],[63.103,75.5],[64.5,75.5],[64.75,75.75],[66.5,75.75],[66.75,76.0],[67.96,76.0],[63.489,75.0],[62.948,74.75],[61.332,73.75],[61.333,73.5],[61.75,73.297],[62.75,73.161],[63.5,73.148],[65.25,73.404],[70.75,74.546],[71.5,74.522],[73.75,74.244],[75.0,74.267],[76.595,74.5],[77.596,74.75],[78.75,75.283],[79.225,75.75],[79.287,76.0],[79.506,76.25],[79.759,76.75],[79.678,77.25],[79.0,77.542],[74.5,77.512],[72.5,77.299],[70.5,76.919],[69.5,76.63],[68.5,76.119],[68.015,76.015],[68.25,76.25],[68.5,76.25],[69.0,76.75],[68.75,77.0],[66.25,77.0],[66.148,76.898],[63.5,76.735],[61.32,77.25],[61.748,77.75],[62.25,77.883],[66.0,78.574],[69.0,78.889],[74.5,79.109],[81.0,79.108],[84.75,79.367],[88.25,79.452],[89.5,79.403],[92.75,78.971],[98.553,78.5],[98.32,78.25],[98.335,78.0],[97.75,77.911],[91.5,77.687],[87.194,77.25],[86.449,77.0],[86.182,76.75],[85.166,76.5],[84.843,76.25],[83.817,76.0],[82.75,75.963],[81.889,75.75],[81.0,75.147],[80.222,74.75],[79.25,74.613],[78.75,74.376],[77.0,73.913],[76.264,73.75],[75.75,73.75],[75.609,73.609],[73.5,73.181],[72.5,73.031],[71.739,73.239],[71.5,73.5],[70.5,73.584],[69.75,73.481],[69.056,73.25],[68.643,73.0],[68.309,72.5],[68.402,72.25],[68.326,72.0],[67.95,71.75],[66.75,71.626],[66.324,71.5],[65.5,71.048],[64.75,70.518],[63.5,70.207],[63.157,70.0],[62.75,69.902],[61.375,69.875],[61.25,70.0],[60.518,69.982],[60.25,70.25],[59.75,70.25],[59.5,70.5],[58.75,70.5],[58.675,70.425]]]},"properties":{"hvalue":1.2,"color":"#a7c2e0"}},{"type":"Feature","geometry":{"type":"Polygon","coordinates":[[[28.5,78.751],[28.919,78.75],[28.475,78.75],[28.5,78.751]]]},"properties":{"hvalue":1.2,"color":"#a7c2e0"}},{"type":"Feature","geometry":{"type":"Polygon","coordinates":[[[108.5,-66.45],[107.928,-66.5],[108.25,-66.368],[108.5,-66.359],[109.0,-66.377],[109.43,-66.5],[109.14,-66.75],[108.672,-66.75],[108.29,-66.54],[109.0,-66.614],[109.071,-66.5],[108.5,-66.45]]]},"properties":{"hvalue":1.2,"color":"#a7c2e0"}},{"type":"Feature","geometry":{"type":"Polygon","coordinates":[[[106.883,-66.383],[107.0,-66.393],[107.106,-66.5],[107.0,-66.5],[106.883,-66.383]]]},"properties":{"hvalue":1.2,"color":"#a7c2e0"}},{"type":"Feature","geometry":{"type":"Polygon","coordinates":[[[105.75,-66.25],[106.0,-66.222],[106.257,-66.25],[105.75,-66.25]]]},"properties":{"hvalue":1.2,"color":"#a7c2e0"}},{"type":"Feature","geometry":{"type":"Polygon","coordinates":[[[93.5,-65.879],[95.25,-65.448],[95.304,-65.554],[95.232,-65.75],[95.5,-66.0],[95.0,-66.0],[94.568,-66.25],[94.356,-66.5],[94.0,-66.447],[93.325,-66.0],[93.5,-65.879]]]},"properties":{"hvalue":1.2,"color":"#a7c2e0"}},{"type":"Feature","geometry":{"type":"Polygon","coordinates":[[[102.25,-65.674],[102.326,-65.674],[102.115,-65.75],[102.25,-65.674]]]},"properties":{"hvalue":1.2,"color":"#a7c2e0"}},{"type":"Feature","geometry":{"type":"Polygon","coordinates":[[[103.75,-65.5],[103.75,-65.495],[103.756,-65.5],[103.75,-65.5]]]},"properties":{"hvalue":1.2,"color":"#a7c2e0"}},{"type":"Feature","geometry":{"type":"Polygon","coordinates":[[[115.134,-33.616],[115.118,-33.5],[115.5,-33.199],[115.5,-33.386],[115.134,-33.616]]]},"properties":{"hvalue":1.2,"color":"#a7c2e0"}},{"type":"Feature","geometry":{"type":"Polygon","coordinates":[[[133.255,-32.25],[133.5,-32.25],[133.632,-32.382],[133.5,-32.376],[133.255,-32.25]]]},"properties":{"hvalue":1.2,"color":"#a7c2e0"}},{"type":"Feature","geometry":{"type":"Polygon","coordinates":[[[115.653,-32.25],[115.75,-32.5],[115.609,-32.641],[115.581,-32.25],[115.728,-31.728],[115.75,-32.032],[115.653,-32.25]]]},"properties":{"hvalue":1.2,"color":"#a7c2e0"}},{"type":"Feature","geometry":{"type":"Polygon","coordinates":[[[128.25,-32.011],[128.25,-32.0],[128.266,-32.0],[128.25,-32.011]]]},"properties":{"hvalue":1.2,"color":"#a7c2e0"}},{"type":"Feature","geometry":{"type":"Polygon","coordinates":[[[114.923,-30.0],[114.921,-29.921],[115.0,-30.144],[114.923,-30.0]]]},"properties":{"hvalue":1.2,"color":"#a7c2e0"}},{"type":"Feature","geometry":{"type":"Polygon","coordinates":[[[113.441,-26.309],[113.361,-26.389],[113.347,-26.25],[113.109,-26.0],[113.196,-25.804],[113.186,-26.0],[113.441,-26.309]]]},"properties":{"hvalue":1.2,"color":"#a7c2e0"}},{"type":"Feature","geometry":{"type":"Polygon","coordinates":[[[113.446,-24.696],[113.374,-25.25],[112.909,-25.591],[113.085,-25.25],[113.164,-24.75],[113.3,-24.55],[113.446,-24.696]]]},"properties":{"hvalue":1.2,"color":"#a7c2e0"}},{"type":"Feature","geometry":{"type":"Polygon","coordinates":[[[113.486,-23.75],[113.5,-23.75],[113.481,-23.769],[113.486,-23.75]]]},"properties":{"hvalue":1.2,"color":"#a7c2e0"}},{"type":"Feature","geometry":{"type":"Polygon","coordinates":[[[113.67,-23.33],[113.75,-23.048],[113.75,-23.25],[113.67,-23.33]]]},"properties":{"hvalue":1.2,"color":"#a7c2e0"}},{"type":"Feature","geometry":{"type":"Polygon","coordinates":[[[114.014,-21.75],[115.416,-19.75],[116.314,-18.75],[117.745,-16.25],[119.127,-14.5],[119.963,-13.25],[120.589,-12.0],[120.655,-11.5],[120.561,-11.25],[120.64,-11.0],[121.03,-10.5],[121.095,-10.25],[120.713,-10.287],[121.0,-10.0],[120.9,-9.9],[121.0,-9.767],[121.25,-9.451],[121.75,-9.038],[122.25,-9.0],[122.402,-8.848],[122.689,-8.75],[123.356,-8.75],[123.901,-9.0],[123.5,-9.832],[122.777,-10.75],[123.25,-11.0],[123.5,-10.75],[123.456,-10.706],[124.0,-10.5],[124.395,-10.25],[124.675,-10.25],[124.609,-10.5],[124.274,-11.0],[124.271,-11.25],[124.75,-11.383],[125.25,-11.234],[125.45,-11.5],[125.258,-12.0],[125.373,-13.0],[125.581,-13.5],[125.547,-13.75],[124.873,-14.25],[124.75,-14.512],[124.25,-14.381],[124.0,-14.434],[123.0,-14.987],[122.25,-15.264],[121.75,-15.624],[121.25,-15.809],[120.75,-16.28],[119.75,-16.819],[119.359,-17.25],[119.273,-17.5],[118.441,-18.25],[115.75,-20.097],[115.378,-20.5],[115.25,-20.774],[114.25,-21.666],[114.144,-21.894],[114.014,-21.75]]]},"properties":{"hvalue":1.2,"color":"#a7c2e0"}},{"type":"Feature","geometry":{"type":"Polygon","coordinates":[[[117.677,-9.073],[117.75,-9.0],[117.907,-9.0],[117.75,-9.08],[117.677,-9.073]]]},"properties":{"hvalue":1.2,"color":"#a7c2e0"}},{"type":"Feature","geometry":{"type":"Polygon","coordinates":[[[119.437,-8.75],[119.445,-9.0],[119.196,-9.25],[118.957,-9.293],[119.044,-9.0],[118.827,-8.923],[119.046,-8.704],[119.25,-8.654],[119.437,-8.75]]]},"properties":{"hvalue":1.2,"color":"#a7c2e0"}},{"type":"Feature","geometry":{"type":"Polygon","coordinates":[[[114.618,-8.5],[114.892,-8.5],[114.75,-8.533],[114.675,-8.675],[114.577,-8.577],[114.618,-8.5]]]},"properties":{"hvalue":1.2,"color":"#a7c2e0"}},{"type":"Feature","geometry":{"type":"Polygon","coordinates":[[[115.5,-7.139],[116.0,-7.101],[116.187,-7.25],[116.274,-7.5],[116.278,-7.75],[116.049,-8.451],[115.843,-8.657],[115.75,-8.616],[115.75,-8.25],[115.37,-7.75],[115.302,-7.25],[115.5,-7.139]]]},"properties":{"hvalue":1.2,"color":"#a7c2e0"}},{"type":"Feature","geometry":{"type":"Polygon","coordinates":[[[114.376,-7.5],[114.5,-7.27],[114.582,-7.5],[114.5,-7.722],[114.376,-7.5]]]},"properties":{"hvalue":1.2,"color":"#a7c2e0"}},{"type":"Feature","geometry":{"type":"Polygon","coordinates":[[[106.326,-7.0],[106.459,-7.0],[106.355,-7.145],[106.326,-7.0]]]},"properties":{"hvalue":1.2,"color":"#a7c2e0"}},{"type":"Feature","geometry":{"type":"Polygon","coordinates":[[[105.387,-6.25],[105.25,-6.387],[105.25,-6.661],[105.297,-6.75],[105.66,-6.91],[105.25,-6.855],[105.143,-6.75],[105.107,-6.0],[105.045,-5.955],[105.182,-5.818],[105.403,-6.0],[105.387,-6.25]]]},"properties":{"hvalue":1.2,"color":"#a7c2e0"}},{"type":"Feature","geometry":{"type":"Polygon","coordinates":[[[104.753,-5.753],[104.939,-5.939],[104.612,-5.888],[104.753,-5.753]]]},"properties":{"hvalue":1.2,"color":"#a7c2e0"}},{"type":"Feature","geometry":{"type":"Polygon","coordinates":[[[102.25,-4.862],[102.397,-5.25],[102.25,-5.387],[102.049,-5.25],[102.25,-4.862]]]},"properties":{"hvalue":1.2,"color":"#a7c2e0"}},{"type":"Feature","geometry":{"type":"Polygon","coordinates":[[[103.0,-4.505],[103.0,-4.5],[103.01,-4.51],[103.0,-4.505]]]},"properties":{"hvalue":1.2,"color":"#a7c2e0"}},{"type":"Feature","geometry":{"type":"Polygon","coordinates":[[[116.75,-4.975],[116.0,-4.751],[116.068,-4.5],[116.158,-4.25],[116.454,-4.0],[116.5,-3.727],[116.677,-3.5],[116.788,-3.0],[117.0,-2.79],[117.5,-2.769],[117.75,-2.925],[118.083,-3.5],[118.157,-4.0],[117.262,-5.5],[117.0,-5.672],[116.75,-5.647],[116.459,-5.25],[116.75,-5.03],[117.0,-5.178],[117.185,-5.0],[117.0,-4.791],[116.75,-4.975]]]},"properties":{"hvalue":1.2,"color":"#a7c2e0"}},{"type":"Feature","geometry":{"type":"Polygon","coordinates":[[[111.25,-4.258],[110.624,-3.75],[111.0,-3.584],[111.434,-3.75],[112.0,-4.156],[112.25,-4.178],[112.75,-3.926],[113.0,-3.9],[113.5,-4.052],[114.0,-4.01],[114.332,-4.25],[114.385,-4.5],[114.0,-4.677],[113.0,-4.682],[112.0,-4.323],[111.25,-4.258]]]},"properties":{"hvalue":1.2,"color":"#a7c2e0"}},{"type":"Feature","geometry":{"type":"Polygon","coordinates":[[[102.25,-3.75],[102.312,-4.062],[102.25,-4.064],[102.048,-3.75],[102.25,-3.75]]]},"properties":{"hvalue":1.2,"color":"#a7c2e0"}},{"type":"Feature","geometry":{"type":"Polygon","coordinates":[[[127.5,-2.665],[127.25,-2.854],[127.25,-2.616],[127.428,-2.5],[128.002,-2.5],[127.5,-2.665]]]},"properties":{"hvalue":1.2,"color":"#a7c2e0"}},{"type":"Feature","geometry":{"type":"Polygon","coordinates":[[[99.934,-2.5],[100.186,-2.814],[100.053,-2.947],[99.771,-2.5],[99.273,-2.0],[99.5,-1.75],[99.412,-1.662],[99.5,-1.006],[100.0,-1.044],[100.216,-1.5],[100.5,-1.656],[100.5,-1.75],[100.75,-2.0],[100.75,-2.25],[101.0,-2.5],[101.0,-2.67],[100.75,-2.636],[100.61,-3.25],[100.5,-3.344],[100.32,-3.18],[100.5,-3.0],[100.25,-2.458],[100.0,-2.328],[99.934,-2.5]]]},"properties":{"hvalue":1.2,"color":"#a7c2e0"}},{"type":"Feature","geometry":{"type":"Polygon","coordinates":[[[123.5,-0.29],[123.5,-0.192],[123.568,-0.25],[123.5,-0.29]]]},"properties":{"hvalue":1.2,"color":"#a7c2e0"}},{"type":"Feature","geometry":{"type":"Polygon","coordinates":[[[126.0,2.568],[126.25,2.75],[126.324,2.5],[125.5,1.558],[125.25,1.952],[125.25,2.077],[125.5,2.474],[125.75,2.672],[126.0,2.568]]]},"properties":{"hvalue":1.2,"color":"#a7c2e0"}},{"type":"Feature","geometry":{"type":"Polygon","coordinates":[[[122.871,12.25],[123.06,12.25],[123.0,12.061],[122.871,12.25]]]},"properties":{"hvalue":1.2,"color":"#a7c2e0"}},{"type":"Feature","geometry":{"type":"Polygon","coordinates":[[[107.75,8.885],[107.408,9.0],[107.216,9.5],[108.636,11.0],[108.75,11.0],[109.25,11.5],[109.5,12.0],[109.5,12.219],[109.75,12.517],[110.5,12.727],[111.5,12.318],[112.25,12.967],[113.0,14.012],[113.25,14.242],[114.223,14.25],[115.178,14.75],[115.677,15.25],[116.002,16.0],[116.25,16.286],[118.0,16.801],[118.25,16.838],[118.75,16.681],[119.5,16.02],[119.75,15.621],[120.098,14.75],[120.5,14.25],[120.25,14.11],[120.0,13.75],[120.273,13.523],[120.301,13.25],[120.2,12.75],[119.767,12.25],[119.76,11.74],[119.118,11.25],[119.0,10.827],[118.0,10.138],[117.25,10.017],[116.75,10.061],[116.5,9.999],[115.0,9.034],[114.25,8.981],[113.75,8.64],[112.75,8.832],[112.25,8.635],[111.25,8.461],[110.75,8.452],[110.25,8.341],[109.5,8.35],[109.25,8.381],[109.0,8.526],[108.25,9.118],[107.75,8.885]]]},"properties":{"hvalue":1.2,"color":"#a7c2e0"}},{"type":"Feature","geometry":{"type":"Polygon","coordinates":[[[126.75,26.209],[126.75,26.271],[126.78,26.25],[126.75,26.209]]]},"properties":{"hvalue":1.2,"color":"#a7c2e0"}},{"type":"Feature","geometry":{"type":"Polygon","coordinates":[[[132.342,32.908],[132.0,32.779],[132.0,33.0],[131.897,33.103],[132.0,33.38],[132.25,33.325],[132.25,33.0],[132.342,32.908]]]},"properties":{"hvalue":1.2,"color":"#a7c2e0"}},{"type":"Feature","geometry":{"type":"Polygon","coordinates":[[[133.75,33.465],[133.75,33.5],[133.793,33.457],[133.75,33.465]]]},"properties":{"hvalue":1.2,"color":"#a7c2e0"}},{"type":"Feature","geometry":{"type":"Polygon","coordinates":[[[129.655,33.5],[129.686,33.564],[129.75,33.5],[129.655,33.5]]]},"properties":{"hvalue":1.2,"color":"#a7c2e0"}},{"type":"Feature","geometry":{"type":"Polygon","coordinates":[[[129.75,33.5],[130.223,33.75],[130.301,33.801],[130.0,33.5],[129.75,33.5]]]},"properties":{"hvalue":1.2,"color":"#a7c2e0"}},{"type":"Feature","geometry":{"type":"Polygon","coordinates":[[[129.434,34.5],[129.359,34.391],[129.25,34.5],[129.095,34.345],[129.118,34.5],[129.25,34.603],[129.434,34.5]]]},"properties":{"hvalue":1.2,"color":"#a7c2e0"}},{"type":"Feature","geometry":{"type":"Polygon","coordinates":[[[129.25,37.5],[129.25,37.705],[130.25,37.345],[130.5,37.385],[130.75,37.578],[130.879,37.5],[131.015,37.0],[130.508,36.25],[130.25,36.045],[129.75,35.943],[129.5,35.599],[129.5,36.5],[129.75,36.75],[129.5,37.0],[129.5,37.25],[129.25,37.5]]]},"properties":{"hvalue":1.2,"color":"#a7c2e0"}},{"type":"Feature","geometry":{"type":"Polygon","coordinates":[[[121.814,37.5],[122.0,37.6],[122.139,37.5],[122.0,37.5],[121.814,37.5]]]},"properties":{"hvalue":1.2,"color":"#a7c2e0"}},{"type":"Feature","geometry":{"type":"Polygon","coordinates":[[[121.374,37.626],[121.684,37.5],[121.5,37.5],[121.374,37.626]]]},"properties":{"hvalue":1.2,"color":"#a7c2e0"}},{"type":"Feature","geometry":{"type":"Polygon","coordinates":[[[120.462,37.712],[120.251,37.501],[120.029,37.5],[120.25,37.679],[120.462,37.712]]]},"properties":{"hvalue":1.2,"color":"#a7c2e0"}},{"type":"Feature","geometry":{"type":"Polygon","coordinates":[[[118.5,38.25],[118.335,38.25],[118.252,38.5],[118.449,38.75],[119.0,39.0],[119.643,39.75],[120.212,40.0],[120.5,40.0],[120.75,40.319],[121.0,40.413],[121.25,40.277],[121.774,40.25],[121.677,40.0],[121.5,40.0],[121.25,39.75],[121.209,39.5],[121.338,39.25],[121.25,39.25],[121.0,39.0],[121.0,38.75],[121.161,38.589],[120.839,38.75],[120.75,39.042],[119.5,38.695],[119.04,38.25],[119.201,38.0],[119.361,37.5],[119.5,37.408],[119.963,37.463],[119.75,37.25],[119.0,37.25],[119.025,38.0],[118.5,38.25]]]},"properties":{"hvalue":1.2,"color":"#a7c2e0"}},{"type":"Feature","geometry":{"type":"Polygon","coordinates":[[[127.625,39.375],[127.614,39.25],[127.5,39.25],[127.625,39.375]]]},"properties":{"hvalue":1.2,"color":"#a7c2e0"}},{"type":"Feature","geometry":{"type":"Polygon","coordinates":[[[127.665,39.75],[127.591,39.659],[127.5,39.75],[127.665,39.75]]]},"properties":{"hvalue":1.2,"color":"#a7c2e0"}},{"type":"Feature","geometry":{"type":"Polygon","coordinates":[[[128.75,40.25],[128.971,40.25],[128.531,40.031],[128.75,40.25]]]},"properties":{"hvalue":1.2,"color":"#a7c2e0"}},{"type":"Feature","geometry":{"type":"Polygon","coordinates":[[[129.054,40.304],[129.5,40.75],[129.706,40.956],[129.662,40.75],[129.054,40.304]]]},"properties":{"hvalue":1.2,"color":"#a7c2e0"}},{"type":"Feature","geometry":{"type":"Polygon","coordinates":[[[113.0,75.0],[113.75,75.0],[113.937,75.187],[114.266,75.25],[114.75,75.525],[115.75,75.669],[116.0,75.592],[116.272,75.25],[116.184,75.0],[115.614,74.75],[115.513,74.5],[114.75,74.202],[113.715,74.215],[113.25,74.75],[112.75,74.75],[113.0,75.0]]]},"properties":{"hvalue":1.2,"color":"#a7c2e0"}},{"type":"Feature","geometry":{"type":"Polygon","coordinates":[[[115.641,76.0],[116.06,76.0],[116.0,75.876],[115.75,75.909],[115.641,76.0]]]},"properties":{"hvalue":1.2,"color":"#a7c2e0"}},{"type":"Feature","geometry":{"type":"Polygon","coordinates":[[[111.25,76.947],[110.296,77.0],[109.75,77.112],[109.27,77.25],[108.21,77.75],[107.956,78.0],[108.011,78.25],[107.461,78.5],[107.257,79.0],[108.25,79.127],[109.0,79.132],[110.25,79.066],[112.0,78.851],[113.25,78.573],[114.779,78.0],[115.057,77.75],[115.107,77.5],[114.966,77.0],[113.532,76.75],[112.342,76.75],[111.25,76.947]]]},"properties":{"hvalue":1.2,"color":"#a7c2e0"}},{"type":"Feature","geometry":{"type":"Polygon","coordinates":[[[155.941,-68.941],[156.289,-69.0],[156.0,-69.0],[155.941,-68.941]]]},"properties":{"hvalue":1.2,"color":"#a7c2e0"}},{"type":"Feature","geometry":{"type":"Polygon","coordinates":[[[154.75,-68.748],[154.754,-68.75],[154.75,-68.75],[154.75,-68.748]]]},"properties":{"hvalue":1.2,"color":"#a7c2e0"}},{"type":"Feature","geometry":{"type":"Polygon","coordinates":[[[147.0,-43.522],[147.0,-43.5],[147.022,-43.522],[147.0,-43.522]]]},"properties":{"hvalue":1.2,"color":"#a7c2e0"}},{"type":"Feature","geometry":{"type":"Polygon","coordinates":[[[148.0,-39.703],[147.786,-39.964],[147.814,-39.75],[148.0,-39.563],[148.25,-39.594],[148.601,-39.75],[148.736,-40.0],[148.632,-40.5],[148.301,-40.75],[148.654,-41.0],[148.94,-41.75],[148.941,-42.0],[148.893,-42.25],[148.246,-43.0],[147.367,-43.367],[147.299,-43.299],[147.5,-43.185],[148.035,-43.0],[148.466,-42.25],[148.531,-42.0],[148.5,-41.0],[148.25,-40.75],[148.5,-40.5],[148.393,-40.393],[148.432,-40.0],[148.133,-39.75],[148.0,-39.703]]]},"properties":{"hvalue":1.2,"color":"#a7c2e0"}},{"type":"Feature","geometry":{"type":"Polygon","coordinates":[[[148.028,-40.75],[148.18,-40.68],[148.25,-40.75],[148.028,-40.75]]]},"properties":{"hvalue":1.2,"color":"#a7c2e0"}},{"type":"Feature","geometry":{"type":"Polygon","coordinates":[[[145.0,-40.383],[145.5,-40.447],[146.882,-40.868],[146.75,-41.0],[146.077,-41.0],[145.75,-40.75],[145.489,-40.75],[145.0,-40.5],[144.889,-40.639],[144.782,-40.532],[145.0,-40.383]]]},"properties":{"hvalue":1.2,"color":"#a7c2e0"}},{"type":"Feature","geometry":{"type":"Polygon","coordinates":[[[148.054,-40.446],[147.81,-40.06],[148.18,-40.32],[148.054,-40.446]]]},"properties":{"hvalue":1.2,"color":"#a7c2e0"}},{"type":"Feature","geometry":{"type":"Polygon","coordinates":[[[144.25,-39.589],[144.444,-39.75],[144.25,-39.92],[144.25,-39.75],[144.139,-39.639],[144.25,-39.589]]]},"properties":{"hvalue":1.2,"color":"#a7c2e0"}},{"type":"Feature","geometry":{"type":"Polygon","coordinates":[[[144.25,-38.535],[144.25,-38.5],[144.358,-38.5],[144.25,-38.535]]]},"properties":{"hvalue":1.2,"color":"#a7c2e0"}},{"type":"Feature","geometry":{"type":"Polygon","coordinates":[[[144.532,-38.468],[144.908,-38.342],[144.801,-38.449],[144.532,-38.468]]]},"properties":{"hvalue":1.2,"color":"#a7c2e0"}},{"type":"Feature","geometry":{"type":"Polygon","coordinates":[[[154.059,-38.0],[153.75,-38.39],[153.5,-38.525],[153.39,-38.5],[153.372,-38.25],[153.75,-37.55],[154.0,-37.537],[154.059,-38.0]]]},"properties":{"hvalue":1.2,"color":"#a7c2e0"}},{"type":"Feature","geometry":{"type":"Polygon","coordinates":[[[146.5,-39.047],[148.0,-38.145],[149.146,-37.896],[149.25,-38.0],[149.5,-37.75],[149.75,-37.75],[150.25,-37.25],[150.043,-37.043],[150.062,-36.688],[150.25,-36.5],[150.25,-36.0],[150.5,-35.75],[150.5,-35.5],[151.0,-35.0],[151.0,-34.5],[151.231,-34.269],[151.493,-36.0],[152.0,-36.424],[152.5,-36.544],[152.734,-37.0],[152.797,-37.75],[152.778,-38.0],[152.651,-38.25],[151.75,-38.583],[151.049,-39.0],[150.75,-39.046],[150.0,-39.043],[148.5,-38.838],[147.75,-38.882],[146.5,-39.179],[146.066,-38.934],[146.161,-38.839],[146.5,-39.047]]]},"properties":{"hvalue":1.2,"color":"#a7c2e0"}},{"type":"Feature","geometry":{"type":"Polygon","coordinates":[[[139.5,-36.091],[139.397,-36.0],[139.5,-36.0],[139.5,-36.091]]]},"properties":{"hvalue":1.2,"color":"#a7c2e0"}},{"type":"Feature","geometry":{"type":"Polygon","coordinates":[[[137.75,-35.852],[137.834,-35.834],[137.924,-35.924],[137.75,-35.961],[137.75,-35.852]]]},"properties":{"hvalue":1.2,"color":"#a7c2e0"}},{"type":"Feature","geometry":{"type":"Polygon","coordinates":[[[138.25,-35.75],[138.104,-35.604],[138.356,-35.606],[138.469,-35.719],[138.18,-35.82],[138.25,-35.75]]]},"properties":{"hvalue":1.2,"color":"#a7c2e0"}},{"type":"Feature","geometry":{"type":"Polygon","coordinates":[[[138.571,-35.679],[138.75,-35.5],[138.894,-35.644],[138.75,-35.65],[138.571,-35.679]]]},"properties":{"hvalue":1.2,"color":"#a7c2e0"}},{"type":"Feature","geometry":{"type":"Polygon","coordinates":[[[137.0,-35.259],[137.802,-35.198],[137.887,-35.25],[137.402,-35.5],[137.005,-35.5],[136.785,-35.035],[137.0,-35.259]]]},"properties":{"hvalue":1.2,"color":"#a7c2e0"}},{"type":"Feature","geometry":{"type":"Polygon","coordinates":[[[137.0,-34.271],[137.25,-34.385],[137.173,-34.75],[137.0,-34.75],[136.806,-34.944],[136.5,-34.929],[136.25,-35.013],[136.105,-34.855],[137.0,-34.271]]]},"properties":{"hvalue":1.2,"color":"#a7c2e0"}},{"type":"Feature","geometry":{"type":"Polygon","coordinates":[[[135.106,-34.5],[135.25,-34.293],[135.224,-34.5],[135.396,-34.646],[135.25,-34.642],[135.106,-34.5]]]},"properties":{"hvalue":1.2,"color":"#a7c2e0"}},{"type":"Feature","geometry":{"type":"Polygon","coordinates":[[[151.25,-34.238],[151.25,-34.0],[151.462,-33.788],[151.444,-34.0],[151.25,-34.238]]]},"properties":{"hvalue":1.2,"color":"#a7c2e0"}},{"type":"Feature","geometry":{"type":"Polygon","coordinates":[[[134.75,-33.5],[134.738,-33.5],[134.74,-33.49],[134.75,-33.5]]]},"properties":{"hvalue":1.2,"color":"#a7c2e0"}},{"type":"Feature","geometry":{"type":"Polygon","coordinates":[[[151.5,-33.584],[151.5,-33.5],[151.588,-33.412],[151.554,-33.5],[151.5,-33.584]]]},"properties":{"hvalue":1.2,"color":"#a7c2e0"}},{"type":"Feature","geometry":{"type":"Polygon","coordinates":[[[133.823,-32.5],[134.0,-32.5],[134.0,-32.658],[133.823,-32.5]]]},"properties":{"hvalue":1.2,"color":"#a7c2e0"}},{"type":"Feature","geometry":{"type":"Polygon","coordinates":[[[152.5,-32.25],[152.716,-32.034],[152.674,-32.25],[152.5,-32.443],[152.5,-32.25]]]},"properties":{"hvalue":1.2,"color":"#a7c2e0"}},{"type":"Feature","geometry":{"type":"Polygon","coordinates":[[[153.0,-31.369],[153.0,-31.25],[153.101,-31.149],[153.086,-31.25],[153.0,-31.369]]]},"properties":{"hvalue":1.2,"color":"#a7c2e0"}},{"type":"Feature","geometry":{"type":"Polygon","coordinates":[[[153.25,-30.149],[153.25,-30.0],[153.339,-29.911],[153.331,-30.0],[153.25,-30.149]]]},"properties":{"hvalue":1.2,"color":"#a7c2e0"}},{"type":"Feature","geometry":{"type":"Polygon","coordinates":[[[153.5,-27.75],[153.582,-27.668],[153.589,-28.089],[153.5,-28.0],[153.5,-27.75]]]},"properties":{"hvalue":1.2,"color":"#a7c2e0"}},{"type":"Feature","geometry":{"type":"Polygon","coordinates":[[[147.5,-18.192],[147.676,-18.25],[147.456,-18.25],[147.5,-18.192]]]},"properties":{"hvalue":1.2,"color":"#a7c2e0"}},{"type":"Feature","geometry":{"type":"Polygon","coordinates":[[[152.5,-4.5],[152.413,-4.413],[152.5,-4.095],[152.5,-4.25],[152.5,-4.5]]]},"properties":{"hvalue":1.2,"color":"#a7c2e0"}},{"type":"Feature","geometry":{"type":"Polygon","coordinates":[[[152.25,-3.75],[152.25,-3.767],[152.232,-3.732],[152.25,-3.75]]]},"properties":{"hvalue":1.2,"color":"#a7c2e0"}},{"type":"Feature","geometry":{"type":"Polygon","coordinates":[[[152.25,-2.474],[152.333,-2.75],[152.25,-2.82],[152.231,-2.75],[152.25,-2.474]]]},"properties":{"hvalue":1.2,"color":"#a7c2e0"}},{"type":"Feature","geometry":{"type":"Polygon","coordinates":[[[178.635,-27.75],[178.111,-26.75],[178.243,-26.25],[179.101,-25.75],[179.043,-25.5],[178.5,-25.387],[178.292,-25.25],[178.54,-24.5],[178.573,-23.5],[178.5,-23.427],[178.25,-23.484],[177.0,-24.735],[175.527,-26.0],[174.75,-26.443],[174.597,-26.25],[174.598,-25.75],[175.089,-24.5],[175.0,-24.403],[174.5,-24.752],[174.404,-24.75],[174.25,-23.29],[173.25,-25.027],[172.75,-25.591],[172.5,-25.682],[172.25,-25.568],[172.0,-25.557],[171.0,-25.823],[170.75,-25.804],[170.5,-25.567],[169.5,-25.25],[168.25,-25.552],[167.25,-26.434],[167.013,-26.25],[167.0,-25.98],[166.75,-25.696],[166.5,-25.755],[165.75,-26.174],[164.75,-27.262],[164.691,-27.0],[164.25,-26.504],[164.0,-26.393],[163.75,-26.566],[163.5,-26.567],[163.453,-26.5],[163.407,-26.0],[163.908,-24.5],[163.915,-24.25],[163.75,-24.167],[163.5,-24.227],[163.416,-24.5],[162.599,-25.5],[162.235,-26.25],[162.135,-26.75],[161.486,-27.5],[161.32,-27.25],[161.464,-26.25],[161.837,-25.0],[161.839,-24.75],[161.597,-22.5],[161.5,-22.222],[161.25,-22.05],[160.5,-22.029],[160.0,-22.299],[159.75,-22.263],[159.5,-22.041],[159.383,-21.75],[159.39,-21.25],[159.25,-20.99],[158.75,-20.644],[158.73,-20.75],[158.5,-20.923],[158.288,-20.75],[158.25,-20.355],[158.0,-20.237],[157.75,-20.267],[157.5,-20.137],[157.25,-20.112],[156.96,-20.25],[156.5,-20.752],[156.316,-21.25],[156.123,-22.25],[156.25,-22.582],[157.0,-22.695],[157.25,-22.847],[157.84,-23.5],[157.941,-23.75],[157.614,-24.5],[156.826,-25.5],[156.75,-26.064],[156.25,-25.929],[155.715,-26.25],[155.25,-26.377],[154.5,-26.239],[154.0,-25.9],[153.678,-26.5],[153.59,-27.34],[153.5,-27.25],[153.41,-27.34],[153.25,-26.833],[153.25,-25.296],[153.5,-25.0],[153.25,-24.505],[152.636,-24.0],[152.637,-23.25],[152.266,-22.5],[152.5,-22.334],[152.653,-22.0],[152.59,-21.5],[152.5,-21.157],[152.0,-20.384],[151.787,-20.25],[151.683,-20.0],[151.703,-19.5],[151.823,-19.25],[151.59,-19.0],[151.475,-18.5],[151.329,-18.25],[150.508,-18.0],[150.914,-17.5],[150.75,-17.331],[150.027,-17.5],[149.75,-17.645],[148.75,-17.513],[148.839,-17.25],[149.0,-17.201],[149.121,-17.0],[149.0,-16.876],[148.0,-16.77],[148.098,-16.5],[147.75,-16.312],[146.25,-16.5],[146.0,-16.371],[145.913,-16.25],[145.926,-15.5],[145.75,-15.238],[145.5,-15.172],[145.5,-15.0],[145.376,-14.876],[145.534,-14.75],[144.975,-14.5],[144.5,-14.0],[144.154,-14.0],[143.859,-13.75],[143.605,-13.145],[143.75,-13.0],[143.612,-12.862],[143.79,-12.75],[143.537,-12.5],[143.516,-12.25],[143.595,-11.75],[143.75,-11.643],[144.25,-11.588],[144.75,-11.691],[146.0,-11.29],[146.686,-11.5],[147.25,-12.143],[147.5,-12.18],[148.75,-11.586],[149.0,-11.167],[149.254,-11.0],[150.5,-10.949],[151.0,-11.091],[151.75,-11.135],[152.0,-11.068],[152.75,-11.184],[153.5,-11.75],[153.721,-11.529],[154.203,-11.25],[154.0,-11.072],[153.5,-11.063],[152.75,-10.386],[152.5,-10.302],[152.25,-10.331],[151.5,-10.022],[151.25,-9.625],[151.145,-9.25],[151.28,-8.5],[151.0,-8.125],[150.75,-8.232],[150.33,-8.0],[150.246,-7.75],[150.414,-7.25],[150.308,-6.5],[150.479,-6.25],[151.0,-6.25],[151.5,-5.75],[151.75,-5.75],[152.25,-5.25],[152.071,-5.0],[152.25,-5.0],[152.5,-4.75],[152.5,-4.5],[152.75,-4.75],[153.0,-4.75],[153.25,-4.5],[153.25,-4.25],[153.114,-4.114],[152.888,-3.5],[152.962,-3.25],[152.75,-3.065],[152.598,-2.5],[152.757,-2.0],[153.0,-1.682],[153.5,-1.809],[153.552,-1.75],[153.5,-0.839],[153.14,-0.5],[152.25,-0.386],[151.25,0.07],[150.635,0.25],[150.175,0.75],[149.919,1.25],[148.75,2.322],[148.143,2.75],[147.038,3.25],[146.861,3.5],[146.834,3.75],[146.618,4.25],[146.75,4.773],[148.25,5.43],[149.25,5.411],[151.5,6.452],[152.25,6.584],[152.75,6.565],[154.733,7.75],[154.781,8.0],[154.488,8.5],[155.265,8.75],[155.326,9.5],[155.171,10.0],[154.914,10.25],[154.09,10.75],[153.977,11.0],[153.981,11.25],[153.75,11.377],[152.0,11.359],[151.5,11.534],[151.0,11.907],[150.5,12.13],[149.5,12.32],[148.75,12.237],[148.431,12.5],[147.834,12.75],[147.51,13.25],[147.25,13.361],[147.0,13.38],[146.5,13.261],[145.75,13.415],[144.75,13.75],[144.5,13.5],[144.5,13.184],[144.392,13.0],[144.5,12.79],[145.0,12.687],[145.241,12.5],[145.402,12.25],[145.422,12.0],[144.841,11.25],[144.75,10.996],[144.504,10.75],[144.454,10.5],[143.683,9.5],[143.591,9.25],[143.611,9.0],[143.5,8.914],[143.25,8.893],[143.0,9.027],[142.5,9.1],[142.25,9.047],[141.802,9.25],[141.116,10.25],[141.296,10.5],[141.327,10.75],[141.008,11.0],[140.25,11.387],[140.0,11.442],[139.0,11.419],[138.555,11.25],[138.0,10.875],[135.831,10.0],[133.75,9.66],[133.5,9.489],[133.25,9.178],[132.75,9.05],[131.5,8.503],[131.0,8.109],[130.25,7.682],[129.0,6.159],[128.25,5.947],[128.0,5.947],[127.807,5.75],[128.25,5.519],[128.5,5.901],[128.75,5.897],[128.979,5.25],[128.757,4.75],[128.5,4.67],[128.0,4.722],[127.5,4.86],[127.301,5.0],[127.196,5.25],[127.416,5.5],[127.357,5.75],[127.25,5.832],[127.0,5.795],[126.556,6.25],[126.508,7.008],[126.75,7.25],[126.75,7.5],[126.661,7.589],[126.555,8.0],[126.645,9.0],[127.108,9.5],[127.25,9.811],[127.154,10.0],[126.75,10.358],[126.25,10.571],[125.75,11.755],[125.75,12.0],[125.409,12.5],[125.25,12.65],[124.75,12.774],[124.524,13.25],[124.5,14.0],[124.25,14.25],[124.16,14.16],[123.25,14.356],[123.0,14.485],[122.441,14.5],[122.237,15.25],[122.241,15.5],[122.579,16.75],[122.343,17.75],[122.358,18.108],[122.5,18.25],[122.25,18.5],[122.026,18.5],[122.0,18.596],[122.002,19.0],[121.92,19.25],[122.091,19.5],[122.0,19.795],[121.799,20.0],[122.0,20.261],[121.75,20.369],[121.595,20.25],[121.62,20.0],[121.539,19.75],[120.25,18.482],[120.17,18.5],[120.137,18.75],[120.228,19.25],[119.867,19.75],[119.801,20.0],[120.205,20.75],[121.144,22.0],[121.388,22.5],[121.364,22.864],[121.5,23.0],[121.5,23.25],[121.75,23.5],[121.75,24.0],[122.0,24.25],[122.0,25.0],[121.5,25.5],[121.096,25.096],[120.892,25.0],[120.25,24.131],[120.0,23.911],[119.639,24.0],[119.547,24.25],[119.567,24.5],[119.934,25.25],[120.06,25.75],[120.5,26.627],[121.242,27.75],[121.774,28.25],[122.218,29.5],[122.5,30.0],[122.519,30.5],[122.307,31.0],[122.324,31.25],[122.129,31.75],[122.0,32.0],[121.528,32.5],[121.469,33.0],[121.25,33.302],[120.75,33.622],[120.5,34.079],[120.5,34.25],[120.0,34.888],[119.5,34.842],[119.396,35.0],[119.75,35.439],[120.25,35.771],[120.5,35.822],[120.75,36.096],[121.376,36.5],[122.0,36.661],[122.25,36.649],[122.704,37.204],[122.639,36.75],[121.844,35.75],[121.463,35.0],[121.571,34.75],[121.75,34.619],[122.0,34.573],[122.25,34.098],[122.5,33.892],[123.0,33.911],[123.5,34.137],[124.275,35.0],[124.588,35.5],[124.722,36.5],[124.488,37.75],[124.658,38.75],[124.402,39.25],[124.25,39.375],[123.75,39.471],[123.5,39.426],[122.989,39.25],[122.75,38.932],[122.25,38.872],[121.5,38.547],[121.298,38.548],[121.505,38.755],[123.25,39.6],[123.75,39.696],[124.5,39.598],[124.75,39.382],[125.227,39.227],[125.0,39.0],[125.0,38.75],[124.75,38.5],[124.75,38.25],[124.868,38.132],[124.747,37.75],[125.446,37.25],[125.555,37.0],[125.649,36.25],[125.65,35.75],[125.517,35.0],[125.192,34.5],[125.25,34.381],[125.5,34.246],[125.75,34.222],[125.941,34.0],[126.421,33.75],[126.123,33.5],[126.012,33.25],[126.25,33.068],[126.75,33.0],[127.0,33.25],[127.0,33.5],[126.922,33.578],[127.25,33.793],[127.644,34.25],[128.001,34.501],[128.5,34.603],[129.004,35.0],[129.202,35.0],[128.5,34.346],[128.226,34.25],[127.928,34.0],[127.803,33.25],[127.62,32.75],[125.149,28.75],[125.0,27.962],[124.311,26.75],[124.25,25.988],[123.983,25.5],[123.25,25.073],[122.941,24.75],[123.25,24.301],[124.0,24.87],[125.0,24.958],[125.25,25.13],[125.408,25.0],[125.684,24.5],[125.75,23.876],[126.074,23.0],[126.75,22.4],[127.0,22.388],[127.5,22.962],[127.599,24.0],[127.803,25.0],[127.5,25.933],[127.408,26.0],[127.505,26.245],[127.75,26.0],[128.5,26.75],[128.25,27.0],[127.51,26.26],[127.571,26.5],[128.0,27.555],[128.155,27.75],[129.0,28.465],[129.487,28.75],[129.621,29.0],[129.621,29.25],[129.369,29.5],[129.5,29.871],[129.752,30.25],[129.458,31.25],[129.5,31.772],[129.25,32.551],[129.0,32.508],[128.75,32.289],[128.5,32.376],[128.433,32.5],[128.579,32.671],[128.75,32.5],[129.0,32.75],[128.818,32.932],[129.0,33.215],[129.288,33.212],[129.475,33.025],[129.679,32.5],[129.982,32.0],[130.117,31.25],[130.25,31.069],[130.5,30.859],[130.607,31.0],[130.906,31.094],[131.0,31.0],[131.269,31.269],[131.156,31.0],[131.226,30.0],[131.056,29.25],[131.15,29.0],[131.019,28.75],[132.25,28.772],[133.0,28.383],[134.0,28.229],[134.25,28.05],[134.458,27.5],[134.766,27.0],[134.842,26.25],[135.097,25.75],[134.977,25.0],[135.027,24.75],[135.338,24.25],[135.414,23.75],[135.298,23.0],[135.658,22.25],[135.571,22.0],[135.0,21.475],[134.75,21.14],[134.722,20.75],[134.855,20.0],[134.77,19.75],[134.5,19.528],[134.25,19.467],[132.25,19.582],[131.75,19.446],[131.114,18.5],[130.38,17.75],[129.979,16.75],[129.5,16.635],[128.5,16.724],[128.25,16.678],[127.75,16.202],[126.75,15.809],[125.871,15.25],[125.894,15.0],[126.25,14.704],[126.916,14.5],[127.056,14.25],[127.343,14.0],[128.25,13.725],[129.25,13.902],[129.981,14.25],[130.25,14.58],[130.5,14.632],[133.0,14.054],[133.75,14.118],[134.75,13.904],[135.25,13.998],[136.75,14.68],[137.5,15.276],[138.04,16.0],[138.25,16.643],[138.697,17.25],[138.767,17.5],[138.733,17.75],[138.529,18.0],[138.465,18.25],[138.75,18.689],[139.25,19.25],[141.085,20.25],[141.181,20.5],[140.651,20.75],[140.67,21.0],[141.75,21.67],[142.1,22.0],[142.25,22.364],[142.612,22.75],[142.661,23.25],[144.239,24.75],[144.893,25.75],[145.609,26.25],[145.248,26.5],[144.25,26.512],[143.404,27.0],[143.566,27.25],[144.123,27.75],[144.92,28.0],[145.5,28.873],[146.497,29.5],[146.54,29.75],[146.336,30.5],[146.352,30.75],[146.572,31.5],[146.891,32.0],[147.75,32.569],[148.063,33.0],[148.373,33.25],[149.5,33.339],[150.308,33.75],[150.75,33.869],[151.0,33.894],[151.75,33.765],[152.99,34.75],[153.75,35.151],[154.0,35.192],[154.5,35.073],[155.0,35.202],[155.75,35.221],[156.0,35.062],[156.5,34.309],[156.75,34.223],[157.0,34.321],[157.099,34.5],[157.167,35.0],[157.385,35.5],[157.765,36.0],[158.294,37.0],[158.5,37.067],[158.812,37.0],[159.5,37.372],[160.25,37.604],[160.603,38.0],[160.75,38.516],[161.0,38.538],[161.149,38.75],[160.894,39.5],[160.888,39.75],[161.0,39.896],[161.331,40.0],[161.49,40.25],[161.418,41.25],[161.489,41.5],[161.932,42.0],[161.863,42.25],[162.139,42.5],[162.265,43.25],[162.021,43.5],[161.946,43.75],[162.008,44.0],[162.134,44.25],[162.5,44.431],[163.017,45.25],[163.038,45.5],[162.943,45.75],[162.25,46.302],[161.75,46.397],[161.25,46.382],[160.5,46.145],[159.75,46.538],[158.941,46.75],[158.461,47.0],[157.505,47.25],[157.499,47.5],[157.901,47.75],[157.75,47.824],[155.5,48.316],[153.25,47.898],[153.0,47.682],[152.5,47.579],[152.25,47.342],[152.111,47.0],[152.0,46.908],[151.684,47.0],[151.647,47.25],[151.5,47.493],[151.0,47.517],[150.54,47.25],[150.392,47.0],[150.277,46.5],[150.397,46.25],[150.084,46.166],[150.009,46.241],[150.259,46.25],[149.921,46.25],[149.5,45.736],[149.297,46.5],[149.0,46.589],[148.75,46.461],[148.602,46.25],[148.571,46.0],[148.716,45.716],[148.598,45.598],[147.816,46.0],[147.311,46.5],[147.202,47.0],[147.197,47.5],[147.016,47.75],[146.5,47.958],[146.25,47.928],[145.75,47.641],[145.5,47.604],[144.75,47.644],[144.25,47.885],[143.5,47.793],[143.25,47.966],[143.085,48.25],[142.998,48.748],[143.127,49.0],[143.5,49.118],[144.25,49.0],[144.457,49.207],[144.933,49.25],[146.0,49.743],[147.0,49.662],[147.5,49.772],[150.219,50.75],[151.5,51.322],[153.0,51.779],[154.5,52.095],[154.75,52.204],[155.077,52.5],[155.226,53.0],[155.604,53.5],[155.753,53.997],[156.0,53.75],[156.0,52.75],[156.25,52.5],[156.25,51.5],[156.5,51.167],[155.75,51.085],[155.611,51.0],[155.646,50.75],[155.123,50.25],[155.5,49.891],[156.25,50.101],[156.854,50.5],[157.75,51.5],[158.0,51.5],[158.5,52.0],[158.5,52.25],[158.75,52.5],[158.75,52.75],[159.0,53.0],[159.75,53.0],[160.003,53.25],[160.237,53.987],[160.75,54.5],[161.0,54.5],[161.25,54.25],[161.5,54.25],[161.75,54.5],[162.0,54.5],[162.25,54.75],[162.098,54.902],[162.225,55.5],[162.358,55.75],[162.778,56.0],[163.25,56.0],[163.5,56.25],[163.5,56.418],[163.75,56.725],[164.0,56.782],[164.75,56.727],[165.5,56.875],[166.5,56.795],[168.0,57.457],[168.75,57.593],[169.75,57.546],[170.75,57.358],[172.75,57.337],[175.5,56.668],[177.0,56.439],[178.0,56.529],[179.75,57.131],[179.75,52.25],[179.5,52.0],[179.75,51.75],[179.75,42.955],[179.0,42.618],[178.5,42.711],[178.0,42.97],[177.75,42.882],[177.615,42.5],[177.567,41.5],[177.25,41.374],[177.0,41.421],[176.75,41.602],[176.57,42.25],[176.403,42.5],[176.25,42.615],[176.0,42.624],[175.5,42.279],[175.39,42.0],[175.5,41.589],[175.996,41.25],[176.043,41.0],[175.952,40.75],[175.746,40.5],[175.25,40.252],[174.627,39.75],[173.5,39.672],[173.0,40.075],[172.75,40.12],[172.671,40.0],[172.676,39.75],[172.825,39.25],[173.371,38.25],[173.75,38.0],[173.878,37.75],[173.955,37.0],[173.75,36.71],[173.25,36.611],[172.5,36.265],[172.25,36.294],[172.0,36.471],[171.936,36.75],[172.098,37.0],[172.238,37.75],[172.0,38.559],[171.75,38.775],[171.5,38.727],[171.014,38.5],[170.739,38.25],[170.589,37.75],[170.791,37.0],[170.719,36.75],[170.522,36.25],[169.832,35.75],[170.275,35.5],[171.0,35.32],[171.25,35.183],[171.5,35.184],[172.25,35.437],[173.0,35.454],[173.442,35.25],[173.453,35.0],[173.269,34.75],[172.5,34.516],[171.5,34.354],[170.5,33.786],[170.321,33.5],[170.283,33.25],[169.964,32.75],[168.75,32.47],[168.5,32.476],[167.0,32.849],[166.75,32.793],[166.25,32.502],[165.25,32.449],[164.524,32.25],[164.733,32.0],[165.562,31.5],[165.491,31.25],[164.963,30.75],[164.981,30.5],[164.75,30.165],[164.5,30.1],[164.25,30.247],[164.0,30.645],[163.786,30.75],[163.0,30.64],[162.876,30.75],[162.954,31.0],[162.917,31.25],[162.5,31.635],[162.25,31.71],[162.0,31.653],[161.693,31.5],[161.461,31.25],[161.626,30.5],[161.885,30.25],[161.919,29.75],[162.168,29.25],[162.384,29.0],[162.778,28.75],[164.75,27.854],[165.25,27.708],[165.75,27.671],[166.5,27.824],[167.0,28.03],[168.25,28.113],[169.0,27.859],[169.5,27.904],[170.5,27.826],[170.894,27.5],[170.254,27.25],[170.033,26.75],[169.744,26.5],[169.0,26.264],[168.0,26.375],[167.0,26.902],[166.25,27.135],[166.0,27.155],[165.464,27.0],[165.196,26.75],[165.5,26.531],[165.644,26.25],[165.75,26.17],[166.619,26.0],[166.608,25.75],[166.0,25.41],[165.75,25.542],[165.64,25.5],[165.25,25.214],[165.0,25.174],[164.5,25.297],[164.25,25.28],[163.508,25.5],[162.5,25.668],[161.0,25.541],[160.25,25.176],[158.94,24.75],[158.728,24.5],[159.0,24.166],[159.25,24.119],[159.411,24.0],[159.511,23.75],[159.25,23.575],[159.0,23.573],[158.75,23.878],[158.5,23.878],[158.0,23.558],[157.25,23.358],[157.0,23.408],[156.0,23.216],[155.761,23.0],[155.896,22.75],[155.892,22.5],[155.652,22.25],[156.31,21.5],[156.446,21.0],[156.287,20.5],[156.5,20.292],[156.75,20.23],[157.0,20.303],[157.967,19.75],[159.234,19.5],[159.28,19.25],[158.5,19.099],[157.75,19.191],[157.5,19.106],[157.25,19.131],[156.75,19.034],[156.5,18.898],[156.25,18.682],[156.176,18.5],[156.072,17.75],[156.083,17.5],[156.5,17.177],[157.25,16.979],[157.75,16.943],[159.75,17.363],[160.0,17.55],[160.558,17.75],[161.75,17.874],[162.0,17.878],[162.75,17.555],[163.25,17.487],[163.75,17.457],[164.75,17.576],[165.5,17.576],[166.0,17.44],[166.152,17.25],[166.0,17.085],[165.491,17.0],[165.077,16.75],[164.828,16.5],[164.767,16.25],[165.0,16.132],[165.5,16.064],[166.5,16.079],[167.203,15.75],[168.5,15.506],[170.25,15.512],[171.5,15.329],[172.25,15.502],[172.75,15.507],[174.25,15.084],[174.678,14.75],[174.741,14.5],[173.5,14.175],[171.75,13.537],[171.456,13.25],[171.501,13.0],[171.919,12.75],[172.035,12.5],[171.72,12.25],[171.642,12.0],[171.75,11.929],[172.0,11.83],[174.522,11.5],[174.59,11.25],[174.5,10.968],[174.391,10.75],[174.123,10.5],[174.25,10.297],[174.75,10.117],[175.247,9.75],[175.38,9.25],[175.5,9.096],[176.0,8.967],[176.281,8.75],[176.0,8.31],[175.75,8.165],[175.65,8.0],[175.373,7.0],[175.327,6.5],[175.175,6.0],[175.209,5.75],[175.47,5.5],[175.527,5.25],[175.374,4.5],[175.0,4.333],[174.75,4.405],[174.635,4.5],[174.689,4.75],[174.516,5.0],[174.25,5.145],[173.75,5.002],[173.5,5.067],[172.75,5.575],[172.25,5.746],[171.75,5.353],[171.25,5.159],[169.25,4.985],[169.179,4.75],[168.75,4.557],[168.647,4.75],[168.75,4.897],[169.235,5.0],[168.832,5.25],[168.0,5.482],[167.75,5.807],[167.25,6.029],[166.75,6.212],[166.25,6.177],[166.0,6.253],[165.512,6.0],[165.0,6.021],[164.75,5.92],[163.75,5.002],[163.683,4.75],[163.5,4.514],[163.0,4.474],[162.5,4.543],[161.803,4.25],[162.187,3.5],[162.488,3.25],[162.855,2.75],[162.5,2.388],[161.019,1.25],[161.25,1.071],[162.25,0.961],[162.604,0.75],[163.0,0.283],[163.705,-0.25],[164.273,-1.0],[164.75,-1.46],[166.75,-1.704],[167.5,-1.611],[168.75,-1.273],[170.0,-1.106],[170.25,-1.008],[170.5,-0.781],[171.407,0.75],[171.812,1.25],[172.303,1.75],[172.75,2.055],[173.0,2.2],[173.25,2.232],[173.75,2.181],[175.0,2.238],[175.75,2.726],[175.407,3.25],[175.686,3.5],[175.824,3.75],[175.803,4.0],[176.0,4.075],[177.0,3.187],[178.056,2.75],[178.263,2.25],[178.75,1.743],[179.0,1.602],[179.5,1.7],[179.75,1.447],[179.75,-15.345],[179.25,-15.24],[179.0,-15.288],[177.5,-16.323],[177.097,-17.0],[177.161,-17.25],[177.066,-17.5],[177.162,-17.838],[177.0,-18.0],[177.25,-18.25],[177.685,-18.25],[177.75,-18.566],[177.842,-18.5],[177.846,-18.346],[178.0,-18.5],[178.125,-18.375],[178.25,-18.469],[177.889,-19.0],[178.25,-19.25],[178.566,-19.0],[178.915,-18.25],[179.386,-18.0],[179.75,-17.476],[179.75,-28.74],[179.0,-28.653],[178.582,-28.5],[178.467,-28.25],[178.635,-27.75]]]},"properties":{"hvalue":1.2,"color":"#a7c2e0"}},{"type":"Feature","geometry":{"type":"Polygon","coordinates":[[[141.5,24.214],[141.5,24.293],[141.568,24.25],[141.5,24.214]]]},"properties":{"hvalue":1.2,"color":"#a7c2e0"}},{"type":"Feature","geometry":{"type":"Polygon","coordinates":[[[142.159,26.75],[142.25,26.86],[142.484,26.75],[142.25,26.643],[142.159,26.75]]]},"properties":{"hvalue":1.2,"color":"#a7c2e0"}},{"type":"Feature","geometry":{"type":"Polygon","coordinates":[[[142.25,27.345],[142.582,27.25],[142.25,27.131],[142.165,27.25],[142.25,27.345]]]},"properties":{"hvalue":1.2,"color":"#a7c2e0"}},{"type":"Feature","geometry":{"type":"Polygon","coordinates":[[[134.75,34.0],[135.0,34.247],[135.0,34.0],[135.226,33.774],[134.75,33.876],[134.75,34.0]]]},"properties":{"hvalue":1.2,"color":"#a7c2e0"}},{"type":"Feature","geometry":{"type":"Polygon","coordinates":[[[137.171,34.5],[136.837,34.337],[137.0,34.5],[136.865,34.635],[137.334,34.666],[137.458,34.542],[137.171,34.5]]]},"properties":{"hvalue":1.2,"color":"#a7c2e0"}},{"type":"Feature","geometry":{"type":"Polygon","coordinates":[[[139.75,35.0],[139.944,34.806],[139.712,34.75],[139.516,34.5],[139.454,34.25],[139.25,34.197],[139.165,34.25],[139.037,34.537],[139.25,34.75],[139.25,35.0],[139.549,35.299],[139.75,35.133],[139.75,35.0]]]},"properties":{"hvalue":1.2,"color":"#a7c2e0"}},{"type":"Feature","geometry":{"type":"Polygon","coordinates":[[[138.51,34.75],[138.104,34.604],[138.5,35.0],[138.663,35.0],[138.75,34.923],[138.75,34.75],[138.98,34.52],[138.75,34.555],[138.51,34.75]]]},"properties":{"hvalue":1.2,"color":"#a7c2e0"}},{"type":"Feature","geometry":{"type":"Polygon","coordinates":[[[140.75,36.75],[141.0,37.0],[141.0,38.0],[141.75,38.75],[141.75,39.0],[142.0,39.25],[142.06,39.56],[142.113,39.25],[141.75,38.605],[141.675,38.25],[141.492,38.0],[141.261,37.0],[141.383,36.75],[141.5,36.682],[142.0,36.708],[142.155,36.5],[142.0,36.374],[141.25,36.116],[140.897,35.5],[140.5,35.131],[140.365,35.115],[140.5,35.25],[140.5,35.5],[140.75,35.5],[141.0,35.75],[140.75,36.0],[140.75,36.75]]]},"properties":{"hvalue":1.2,"color":"#a7c2e0"}},{"type":"Feature","geometry":{"type":"Polygon","coordinates":[[[130.56,34.0],[131.5,35.671],[132.5,36.338],[133.25,36.711],[133.651,37.0],[133.795,37.25],[133.5,37.396],[132.592,37.5],[132.45,37.75],[133.612,39.0],[134.024,39.75],[134.11,40.25],[133.994,41.0],[133.784,41.5],[133.515,41.75],[133.0,41.808],[132.5,42.146],[132.25,42.116],[132.0,41.911],[131.5,41.734],[131.25,41.537],[131.0,41.474],[130.5,41.557],[129.882,41.132],[130.0,41.25],[129.782,41.468],[130.463,42.0],[131.25,42.348],[131.75,42.714],[132.0,42.803],[133.0,42.462],[133.75,42.299],[134.5,42.44],[134.75,42.349],[135.0,42.422],[135.274,43.0],[135.75,43.549],[136.5,44.007],[137.25,44.851],[137.75,45.082],[138.0,45.575],[138.215,45.75],[139.412,45.5],[139.551,45.25],[139.466,45.0],[139.25,44.695],[138.75,44.4],[138.642,44.25],[139.313,43.5],[139.34,43.25],[139.035,42.75],[138.75,42.423],[138.063,42.0],[137.25,41.259],[136.75,40.998],[136.0,40.792],[135.75,40.606],[135.33,40.0],[135.167,39.5],[134.868,39.0],[134.932,38.75],[135.75,38.504],[136.106,38.25],[136.176,38.0],[136.379,37.75],[136.395,37.5],[136.047,37.25],[134.25,36.402],[133.5,36.126],[133.393,36.143],[133.5,36.25],[133.25,36.5],[133.0,36.25],[133.164,36.086],[133.0,36.143],[132.824,36.0],[132.75,35.759],[132.103,35.0],[132.0,35.0],[131.75,34.75],[131.5,34.75],[131.25,34.5],[131.0,34.5],[130.75,34.25],[130.75,34.0],[130.56,34.0]]]},"properties":{"hvalue":1.2,"color":"#a7c2e0"}},{"type":"Feature","geometry":{"type":"Polygon","coordinates":[[[141.0,41.5],[140.939,41.5],[140.925,41.575],[141.0,41.5]]]},"properties":{"hvalue":1.2,"color":"#a7c2e0"}},{"type":"Feature","geometry":{"type":"Polygon","coordinates":[[[141.25,41.75],[140.729,42.25],[140.938,42.312],[141.25,42.25],[141.5,42.5],[141.854,42.5],[142.25,42.25],[142.5,42.25],[142.75,42.0],[143.0,42.0],[143.107,41.893],[142.5,41.903],[141.75,41.792],[141.5,41.685],[141.41,41.5],[141.5,40.976],[141.667,40.583],[141.407,40.843],[141.383,41.25],[141.25,41.418],[141.0,41.5],[141.25,41.75]]]},"properties":{"hvalue":1.2,"color":"#a7c2e0"}},{"type":"Feature","geometry":{"type":"Polygon","coordinates":[[[143.639,42.639],[143.75,42.75],[143.783,42.75],[143.75,42.724],[143.639,42.639]]]},"properties":{"hvalue":1.2,"color":"#a7c2e0"}},{"type":"Feature","geometry":{"type":"Polygon","coordinates":[[[144.122,42.872],[144.25,43.0],[144.348,42.902],[144.25,42.895],[144.122,42.872]]]},"properties":{"hvalue":1.2,"color":"#a7c2e0"}},{"type":"Feature","geometry":{"type":"Polygon","coordinates":[[[146.0,44.0],[146.5,43.808],[146.52,43.73],[146.25,43.681],[146.0,43.41],[145.75,43.354],[145.389,43.139],[145.5,43.25],[145.413,43.337],[145.5,43.419],[145.775,43.5],[145.607,43.607],[146.0,44.0]]]},"properties":{"hvalue":1.2,"color":"#a7c2e0"}},{"type":"Feature","geometry":{"type":"Polygon","coordinates":[[[146.725,44.75],[147.134,44.616],[146.403,44.347],[146.273,44.477],[146.25,44.631],[146.045,44.75],[146.25,44.941],[146.5,44.948],[146.725,44.75]]]},"properties":{"hvalue":1.2,"color":"#a7c2e0"}},{"type":"Feature","geometry":{"type":"Polygon","coordinates":[[[148.304,45.446],[148.623,45.377],[148.376,45.374],[148.304,45.446]]]},"properties":{"hvalue":1.2,"color":"#a7c2e0"}},{"type":"Feature","geometry":{"type":"Polygon","coordinates":[[[141.781,46.781],[141.897,47.103],[142.0,47.0],[141.781,46.781]]]},"properties":{"hvalue":1.2,"color":"#a7c2e0"}},{"type":"Feature","geometry":{"type":"Polygon","coordinates":[[[142.113,48.0],[142.061,48.189],[142.25,48.0],[141.948,47.698],[142.113,48.0]]]},"properties":{"hvalue":1.2,"color":"#a7c2e0"}},{"type":"Feature","geometry":{"type":"Polygon","coordinates":[[[138.706,46.956],[140.25,48.5],[140.25,48.75],[140.5,49.0],[140.635,49.75],[140.85,50.25],[141.25,50.625],[141.5,50.715],[141.75,50.657],[142.0,50.184],[142.0,49.0],[141.998,49.25],[141.75,49.452],[141.25,49.496],[141.0,49.364],[140.026,47.5],[139.997,47.25],[140.264,46.75],[140.713,46.5],[141.5,46.554],[141.75,46.717],[141.75,46.145],[141.5,46.043],[140.25,45.969],[139.75,46.038],[139.03,46.5],[138.763,46.75],[138.706,46.956]]]},"properties":{"hvalue":1.2,"color":"#a7c2e0"}},{"type":"Feature","geometry":{"type":"Polygon","coordinates":[[[141.994,48.506],[142.0,48.283],[141.835,48.5],[141.819,48.681],[141.994,48.506]]]},"properties":{"hvalue":1.2,"color":"#a7c2e0"}},{"type":"Feature","geometry":{"type":"Polygon","coordinates":[[[144.05,49.95],[144.0,50.0],[144.0,50.071],[144.032,50.0],[144.05,49.95]]]},"properties":{"hvalue":1.2,"color":"#a7c2e0"}},{"type":"Feature","geometry":{"type":"Polygon","coordinates":[[[155.619,54.381],[155.75,54.25],[155.75,54.005],[155.637,54.25],[155.619,54.381]]]},"properties":{"hvalue":1.2,"color":"#a7c2e0"}},{"type":"Feature","geometry":{"type":"Polygon","coordinates":[[[141.182,55.0],[141.75,54.896],[142.235,54.5],[142.143,54.25],[142.373,53.75],[142.25,53.75],[142.0,53.515],[141.5,53.581],[141.072,53.75],[140.919,54.25],[140.73,54.5],[140.722,54.75],[141.182,55.0]]]},"properties":{"hvalue":1.2,"color":"#a7c2e0"}},{"type":"Feature","geometry":{"type":"Polygon","coordinates":[[[143.363,51.887],[143.824,52.75],[144.25,53.133],[144.75,53.43],[145.25,53.439],[145.5,53.533],[146.5,54.105],[147.927,54.75],[148.282,55.0],[148.0,55.182],[146.896,55.25],[146.0,55.62],[145.354,56.0],[145.581,56.25],[146.25,56.397],[147.171,57.0],[148.5,57.479],[150.119,58.5],[151.0,58.597],[151.842,58.5],[153.0,58.01],[154.25,58.162],[154.5,58.261],[154.852,58.25],[153.642,57.5],[153.656,57.25],[155.5,57.295],[156.0,57.159],[156.139,57.0],[155.624,56.374],[155.5,56.737],[155.25,56.638],[154.75,56.361],[152.75,54.851],[151.5,54.527],[149.25,53.735],[147.75,53.573],[147.0,53.286],[145.5,52.52],[144.343,51.75],[144.0,51.396],[143.883,51.0],[143.917,50.333],[143.75,50.5],[143.75,51.0],[143.5,51.25],[143.5,51.75],[143.363,51.887]]]},"properties":{"hvalue":1.2,"color":"#a7c2e0"}},{"type":"Feature","geometry":{"type":"Polygon","coordinates":[[[155.447,55.25],[155.5,55.378],[155.5,55.154],[155.447,55.25]]]},"properties":{"hvalue":1.2,"color":"#a7c2e0"}},{"type":"Feature","geometry":{"type":"Polygon","coordinates":[[[155.577,56.173],[155.75,56.0],[155.534,55.784],[155.493,56.0],[155.577,56.173]]]},"properties":{"hvalue":1.2,"color":"#a7c2e0"}},{"type":"Feature","geometry":{"type":"Polygon","coordinates":[[[144.0,56.278],[144.998,56.0],[144.25,55.733],[144.0,55.862],[143.935,56.0],[144.0,56.278]]]},"properties":{"hvalue":1.2,"color":"#a7c2e0"}},{"type":"Feature","geometry":{"type":"Polygon","coordinates":[[[164.25,-75.057],[164.311,-74.939],[164.375,-75.0],[164.25,-75.057]]]},"properties":{"hvalue":1.2,"color":"#a7c2e0"}},{"type":"Feature","geometry":{"type":"Polygon","coordinates":[[[164.687,-67.5],[164.75,-67.455],[164.797,-67.5],[164.75,-67.544],[164.687,-67.5]]]},"properties":{"hvalue":1.2,"color":"#a7c2e0"}},{"type":"Feature","geometry":{"type":"Polygon","coordinates":[[[166.564,-50.75],[166.25,-50.872],[166.111,-50.75],[166.25,-50.605],[166.564,-50.75]]]},"properties":{"hvalue":1.2,"color":"#a7c2e0"}},{"type":"Feature","geometry":{"type":"Polygon","coordinates":[[[168.0,-46.5],[168.129,-46.629],[167.89,-46.64],[167.771,-46.521],[168.0,-46.5]]]},"properties":{"hvalue":1.2,"color":"#a7c2e0"}},{"type":"Feature","geometry":{"type":"Polygon","coordinates":[[[167.378,-46.372],[167.5,-46.25],[167.669,-46.419],[167.5,-46.371],[167.378,-46.372]]]},"properties":{"hvalue":1.2,"color":"#a7c2e0"}},{"type":"Feature","geometry":{"type":"Polygon","coordinates":[[[178.25,-48.987],[176.5,-49.185],[175.75,-49.115],[175.25,-48.871],[174.75,-48.78],[174.432,-49.0],[174.25,-49.333],[174.0,-49.436],[173.75,-49.429],[173.305,-49.25],[172.946,-48.75],[172.241,-48.0],[171.0,-47.311],[169.75,-47.113],[167.694,-47.306],[168.0,-47.25],[168.161,-47.089],[168.75,-46.855],[169.112,-46.75],[169.5,-46.75],[169.591,-46.659],[171.0,-46.158],[171.75,-46.053],[172.5,-45.77],[173.75,-45.454],[174.004,-45.25],[173.882,-45.0],[173.891,-44.75],[173.468,-44.0],[173.405,-43.5],[173.5,-42.75],[173.75,-42.5],[173.75,-42.288],[174.0,-42.25],[174.25,-42.0],[174.25,-41.73],[174.5,-41.619],[175.37,-41.62],[175.5,-41.75],[176.5,-40.75],[176.5,-40.5],[176.75,-40.5],[176.967,-40.283],[176.813,-40.75],[176.512,-41.25],[176.411,-41.75],[176.401,-42.25],[176.556,-42.75],[176.723,-43.0],[178.36,-44.25],[179.75,-44.832],[179.75,-49.818],[179.0,-49.853],[178.815,-49.75],[178.812,-49.5],[179.008,-49.25],[178.876,-49.0],[178.25,-48.987]]]},"properties":{"hvalue":1.2,"color":"#a7c2e0"}},{"type":"Feature","geometry":{"type":"Polygon","coordinates":[[[167.358,-44.75],[167.5,-44.614],[167.665,-44.585],[167.5,-44.75],[167.358,-44.75]]]},"properties":{"hvalue":1.2,"color":"#a7c2e0"}},{"type":"Feature","geometry":{"type":"Polygon","coordinates":[[[168.353,-44.0],[168.5,-43.863],[168.699,-43.801],[168.5,-44.0],[168.353,-44.0]]]},"properties":{"hvalue":1.2,"color":"#a7c2e0"}},{"type":"Feature","geometry":{"type":"Polygon","coordinates":[[[168.859,-43.75],[169.0,-43.647],[169.216,-43.534],[169.0,-43.75],[168.859,-43.75]]]},"properties":{"hvalue":1.2,"color":"#a7c2e0"}},{"type":"Feature","geometry":{"type":"Polygon","coordinates":[[[170.112,-42.25],[170.132,-39.5],[170.25,-38.983],[170.5,-38.513],[171.0,-38.236],[171.25,-38.23],[172.0,-38.438],[172.25,-38.393],[173.25,-37.806],[174.0,-37.511],[174.253,-37.25],[174.158,-36.658],[174.25,-36.75],[174.25,-37.0],[174.75,-37.5],[174.75,-38.0],[174.5,-38.25],[174.5,-38.75],[174.148,-39.0],[173.75,-39.0],[173.5,-39.25],[174.0,-39.75],[174.109,-39.75],[174.0,-39.952],[173.33,-40.25],[172.75,-40.36],[172.552,-40.552],[172.5,-40.5],[172.0,-41.0],[172.0,-41.25],[171.75,-41.5],[171.5,-41.5],[171.25,-41.75],[171.25,-42.0],[171.0,-42.25],[170.992,-42.75],[170.75,-42.75],[170.494,-43.0],[170.25,-43.0],[169.75,-43.5],[169.273,-43.5],[170.038,-42.75],[170.112,-42.25]]]},"properties":{"hvalue":1.2,"color":"#a7c2e0"}},{"type":"Feature","geometry":{"type":"Polygon","coordinates":[[[177.0,-40.219],[177.0,-40.0],[177.229,-39.771],[177.146,-40.0],[177.0,-40.219]]]},"properties":{"hvalue":1.2,"color":"#a7c2e0"}},{"type":"Feature","geometry":{"type":"Polygon","coordinates":[[[178.113,-39.0],[177.75,-39.425],[177.38,-39.5],[177.247,-39.747],[177.0,-39.5],[177.25,-39.25],[177.75,-39.25],[178.0,-39.0],[178.0,-38.75],[178.133,-38.75],[178.113,-39.0]]]},"properties":{"hvalue":1.2,"color":"#a7c2e0"}},{"type":"Feature","geometry":{"type":"Polygon","coordinates":[[[177.765,-37.25],[177.0,-36.104],[176.225,-35.25],[176.0,-34.863],[175.814,-34.75],[175.361,-34.5],[174.32,-34.25],[173.75,-34.2],[173.096,-34.346],[173.0,-34.25],[172.786,-34.25],[173.25,-33.8],[174.0,-33.378],[175.5,-32.773],[176.0,-32.734],[176.5,-32.798],[177.457,-33.0],[177.75,-33.13],[177.863,-33.25],[177.766,-33.75],[178.214,-35.0],[178.24,-36.75],[178.283,-37.0],[178.572,-37.5],[178.5,-38.056],[178.5,-37.75],[178.25,-37.5],[177.765,-37.25]]]},"properties":{"hvalue":1.2,"color":"#a7c2e0"}},{"type":"Feature","geometry":{"type":"Polygon","coordinates":[[[159.75,-31.847],[159.0,-31.69],[158.781,-31.5],[158.717,-31.25],[158.799,-31.0],[159.33,-30.25],[159.207,-30.0],[159.0,-29.973],[158.753,-29.75],[158.651,-29.25],[158.686,-29.0],[159.0,-28.403],[159.5,-27.928],[159.75,-27.815],[160.75,-27.716],[160.877,-27.75],[160.983,-28.0],[161.055,-28.75],[161.25,-29.044],[161.5,-29.232],[161.75,-29.275],[162.0,-29.154],[162.25,-28.833],[162.402,-29.0],[162.404,-29.25],[162.718,-29.75],[162.724,-30.25],[162.19,-31.25],[162.075,-32.25],[162.0,-32.38],[161.25,-32.532],[159.75,-31.847]]]},"properties":{"hvalue":1.2,"color":"#a7c2e0"}},{"type":"Feature","geometry":{"type":"Polygon","coordinates":[[[168.0,-28.641],[168.23,-28.75],[168.225,-29.0],[168.0,-29.175],[167.823,-29.0],[168.0,-28.641]]]},"properties":{"hvalue":1.2,"color":"#a7c2e0"}},{"type":"Feature","geometry":{"type":"Polygon","coordinates":[[[173.876,3.0],[173.5,2.83],[172.75,2.886],[172.572,3.0],[172.528,3.25],[172.75,3.471],[173.75,3.385],[173.938,3.25],[173.876,3.0]]]},"properties":{"hvalue":1.2,"color":"#a7c2e0"}},{"type":"Feature","geometry":{"type":"Polygon","coordinates":[[[159.184,20.0],[159.57,20.0],[159.5,19.899],[159.184,20.0]]]},"properties":{"hvalue":1.2,"color":"#a7c2e0"}},{"type":"Feature","geometry":{"type":"Polygon","coordinates":[[[162.768,20.25],[163.0,20.446],[163.15,20.25],[163.0,20.111],[162.768,20.25]]]},"properties":{"hvalue":1.2,"color":"#a7c2e0"}},{"type":"Feature","geometry":{"type":"Polygon","coordinates":[[[161.324,20.25],[160.75,20.082],[160.253,20.25],[160.653,20.5],[161.0,20.54],[161.234,20.5],[161.324,20.25]]]},"properties":{"hvalue":1.2,"color":"#a7c2e0"}},{"type":"Feature","geometry":{"type":"Polygon","coordinates":[[[163.75,20.625],[163.883,20.5],[163.75,20.359],[163.293,20.5],[163.75,20.625]]]},"properties":{"hvalue":1.2,"color":"#a7c2e0"}},{"type":"Feature","geometry":{"type":"Polygon","coordinates":[[[161.0,24.122],[161.0,23.931],[160.75,23.9],[160.5,24.026],[160.197,24.0],[160.042,24.25],[160.102,24.5],[160.5,24.59],[160.75,24.509],[161.0,24.122]]]},"properties":{"hvalue":1.2,"color":"#a7c2e0"}},{"type":"Feature","geometry":{"type":"Polygon","coordinates":[[[162.562,25.0],[162.75,25.066],[162.904,25.0],[162.75,24.901],[162.562,25.0]]]},"properties":{"hvalue":1.2,"color":"#a7c2e0"}},{"type":"Feature","geometry":{"type":"Polygon","coordinates":[[[171.228,28.75],[174.25,29.838],[174.922,30.25],[176.75,31.043],[177.599,31.5],[178.209,32.0],[179.75,32.847],[179.75,30.043],[178.25,29.97],[177.5,29.828],[176.056,29.25],[175.439,28.75],[174.843,28.5],[173.5,28.206],[171.5,28.07],[171.0,28.191],[170.762,28.5],[171.228,28.75]]]},"properties":{"hvalue":1.2,"color":"#a7c2e0"}},{"type":"Feature","geometry":{"type":"Polygon","coordinates":[[[177.25,37.532],[176.5,37.508],[176.325,37.75],[176.274,38.5],[175.931,39.25],[175.919,39.5],[176.25,39.453],[177.25,38.925],[178.75,39.135],[179.75,39.501],[179.75,37.861],[179.331,37.5],[179.037,37.0],[178.75,36.799],[178.5,36.802],[177.75,37.383],[177.25,37.532]]]},"properties":{"hvalue":1.2,"color":"#a7c2e0"}},{"type":"Feature","geometry":{"type":"Polygon","coordinates":[[[157.715,59.5],[157.761,59.75],[156.997,59.75],[156.66,60.0],[156.625,60.25],[156.777,60.5],[157.155,60.75],[157.0,60.806],[156.882,61.0],[157.0,61.094],[157.25,61.127],[157.5,60.953],[157.75,60.924],[158.75,61.085],[159.25,61.089],[159.978,60.772],[160.25,60.5],[160.75,60.5],[160.894,60.644],[161.75,60.934],[162.9,61.5],[163.25,61.478],[163.5,61.552],[163.75,61.5],[163.613,61.25],[163.25,61.155],[162.573,60.75],[162.0,60.606],[161.567,60.25],[159.766,59.5],[158.996,59.25],[157.25,58.961],[156.75,58.702],[156.201,58.75],[157.25,59.064],[157.715,59.5]]]},"properties":{"hvalue":1.2,"color":"#a7c2e0"}},{"type":"Feature","geometry":{"type":"Polygon","coordinates":[[[-169.361,-28.0],[-169.0,-27.734],[-168.654,-28.25],[-168.62,-28.5],[-168.867,-28.75],[-169.0,-29.014],[-169.534,-29.0],[-169.504,-28.25],[-169.361,-28.0]]]},"properties":{"hvalue":2.0,"color":"#6c99d2"}},{"type":"Feature","geometry":{"type":"Polygon","coordinates":[[[-166.458,-20.25],[-166.529,-20.25],[-166.5,-20.211],[-166.458,-20.25]]]},"properties":{"hvalue":2.0,"color":"#6c99d2"}},{"type":"Feature","geometry":{"type":"Polygon","coordinates":[[[-154.5,-17.256],[-154.526,-17.25],[-154.479,-17.25],[-154.5,-17.256]]]},"properties":{"hvalue":2.0,"color":"#6c99d2"}},{"type":"Feature","geometry":{"type":"Polygon","coordinates":[[[-161.25,-15.572],[-161.0,-15.641],[-160.698,-16.0],[-160.75,-16.537],[-161.0,-16.557],[-161.6,-15.75],[-161.25,-15.572]]]},"properties":{"hvalue":2.0,"color":"#6c99d2"}},{"type":"Feature","geometry":{"type":"Polygon","coordinates":[[[-177.25,-9.699],[-177.0,-9.654],[-176.903,-9.75],[-177.0,-9.946],[-177.25,-9.847],[-177.25,-9.699]]]},"properties":{"hvalue":2.0,"color":"#6c99d2"}},{"type":"Feature","geometry":{"type":"Polygon","coordinates":[[[-178.75,-1.531],[-178.702,-1.25],[-178.5,-1.157],[-178.293,-1.25],[-178.344,-1.5],[-178.5,-1.582],[-178.75,-1.531]]]},"properties":{"hvalue":2.0,"color":"#6c99d2"}},{"type":"Feature","geometry":{"type":"Polygon","coordinates":[[[-139.75,34.417],[-138.748,34.25],[-138.519,34.0],[-138.75,33.893],[-139.25,33.895],[-139.971,34.25],[-139.75,34.417]]]},"properties":{"hvalue":2.0,"color":"#6c99d2"}},{"type":"Feature","geometry":{"type":"Polygon","coordinates":[[[-144.816,36.5],[-144.552,36.75],[-144.25,36.749],[-143.201,36.5],[-142.968,36.25],[-143.5,36.196],[-143.75,36.3],[-144.5,36.385],[-144.816,36.5]]]},"properties":{"hvalue":2.0,"color":"#6c99d2"}},{"type":"Feature","geometry":{"type":"Polygon","coordinates":[[[-140.287,38.25],[-140.0,38.862],[-139.25,39.31],[-139.0,39.256],[-138.75,39.082],[-138.5,39.084],[-138.25,39.316],[-138.0,39.335],[-137.855,39.25],[-137.859,39.0],[-137.5,38.946],[-137.419,38.75],[-137.559,38.5],[-137.5,38.39],[-137.191,38.25],[-137.251,38.0],[-138.0,37.491],[-138.75,37.35],[-139.62,37.5],[-140.011,37.75],[-140.264,38.0],[-140.287,38.25]]]},"properties":{"hvalue":2.0,"color":"#6c99d2"}},{"type":"Feature","geometry":{"type":"Polygon","coordinates":[[[-164.25,56.064],[-163.75,56.307],[-161.0,56.997],[-160.75,56.984],[-160.477,56.75],[-160.966,56.25],[-161.5,56.148],[-161.684,56.0],[-162.324,55.75],[-163.25,55.481],[-163.674,55.5],[-164.144,55.75],[-164.25,55.936],[-164.614,56.0],[-164.25,56.064]]]},"properties":{"hvalue":2.0,"color":"#6c99d2"}},{"type":"Feature","geometry":{"type":"Polygon","coordinates":[[[-95.042,-72.5],[-94.75,-72.459],[-94.506,-72.5],[-95.042,-72.5]]]},"properties":{"hvalue":2.0,"color":"#6c99d2"}},{"type":"Feature","geometry":{"type":"Polygon","coordinates":[[[-124.0,-66.827],[-125.5,-66.93],[-126.25,-66.772],[-126.75,-66.43],[-127.5,-66.466],[-127.98,-66.25],[-127.75,-65.966],[-126.75,-65.418],[-125.75,-64.736],[-124.575,-64.25],[-123.0,-63.945],[-122.782,-63.75],[-122.952,-63.5],[-122.814,-63.25],[-122.0,-63.308],[-121.25,-63.563],[-119.5,-63.594],[-119.416,-63.75],[-119.417,-64.0],[-119.782,-65.25],[-120.036,-65.75],[-120.178,-66.25],[-120.513,-66.5],[-121.407,-66.75],[-123.0,-67.041],[-123.5,-67.017],[-123.75,-66.848],[-124.0,-66.827]]]},"properties":{"hvalue":2.0,"color":"#6c99d2"}},{"type":"Feature","geometry":{"type":"Polygon","coordinates":[[[-67.646,-55.854],[-68.0,-55.708],[-68.187,-55.687],[-68.106,-55.606],[-67.69,-55.69],[-67.75,-55.75],[-67.646,-55.854]]]},"properties":{"hvalue":2.0,"color":"#6c99d2"}},{"type":"Feature","geometry":{"type":"Polygon","coordinates":[[[-70.438,-55.25],[-70.25,-55.25],[-70.169,-55.331],[-70.25,-55.327],[-70.438,-55.25]]]},"properties":{"hvalue":2.0,"color":"#6c99d2"}},{"type":"Feature","geometry":{"type":"Polygon","coordinates":[[[-83.75,-44.069],[-84.0,-43.893],[-84.531,-43.25],[-85.137,-43.0],[-86.25,-42.719],[-86.637,-42.5],[-87.25,-41.883],[-87.75,-41.696],[-88.75,-41.584],[-88.906,-41.5],[-89.053,-41.25],[-89.967,-41.0],[-90.108,-40.75],[-89.0,-40.515],[-88.75,-40.492],[-88.5,-40.574],[-88.229,-41.0],[-87.25,-41.234],[-86.25,-41.583],[-86.0,-41.773],[-85.5,-41.859],[-84.75,-42.331],[-82.25,-43.132],[-82.044,-43.25],[-81.568,-43.75],[-81.384,-44.25],[-81.43,-44.5],[-81.75,-44.572],[-83.75,-44.069]]]},"properties":{"hvalue":2.0,"color":"#6c99d2"}},{"type":"Feature","geometry":{"type":"Polygon","coordinates":[[[-115.5,-32.529],[-115.25,-32.482],[-115.173,-32.5],[-115.5,-32.529]]]},"properties":{"hvalue":2.0,"color":"#6c99d2"}},{"type":"Feature","geometry":{"type":"Polygon","coordinates":[[[-94.071,-29.5],[-93.75,-29.4],[-93.25,-29.439],[-92.778,-30.0],[-92.756,-30.25],[-93.0,-30.31],[-93.25,-30.249],[-93.941,-29.75],[-94.071,-29.5]]]},"properties":{"hvalue":2.0,"color":"#6c99d2"}},{"type":"Feature","geometry":{"type":"Polygon","coordinates":[[[-118.979,-28.75],[-119.013,-28.75],[-119.0,-28.721],[-118.979,-28.75]]]},"properties":{"hvalue":2.0,"color":"#6c99d2"}},{"type":"Feature","geometry":{"type":"Polygon","coordinates":[[[-88.442,-17.75],[-88.25,-17.712],[-88.211,-17.75],[-88.25,-17.799],[-88.442,-17.75]]]},"properties":{"hvalue":2.0,"color":"#6c99d2"}},{"type":"Feature","geometry":{"type":"Polygon","coordinates":[[[-56.0,10.38],[-56.004,10.75],[-55.75,10.975],[-55.651,10.5],[-55.75,10.366],[-56.0,10.38]]]},"properties":{"hvalue":2.0,"color":"#6c99d2"}},{"type":"Feature","geometry":{"type":"Polygon","coordinates":[[[-89.0,11.2],[-87.932,11.0],[-87.75,10.793],[-87.589,10.75],[-88.75,10.708],[-89.004,10.75],[-89.292,11.0],[-89.25,11.181],[-89.0,11.2]]]},"properties":{"hvalue":2.0,"color":"#6c99d2"}},{"type":"Feature","geometry":{"type":"Polygon","coordinates":[[[-117.25,10.876],[-118.25,11.084],[-119.0,11.652],[-119.75,11.929],[-120.0,12.208],[-120.5,13.662],[-120.75,13.705],[-121.415,14.75],[-121.316,15.75],[-121.167,16.0],[-121.0,16.106],[-120.75,16.031],[-120.25,15.699],[-118.75,14.519],[-118.235,14.0],[-116.722,11.5],[-116.497,11.0],[-116.366,10.25],[-116.5,10.092],[-117.25,10.876]]]},"properties":{"hvalue":2.0,"color":"#6c99d2"}},{"type":"Feature","geometry":{"type":"Polygon","coordinates":[[[-78.0,11.34],[-79.75,11.787],[-80.197,12.0],[-80.419,12.25],[-80.32,12.5],[-80.429,12.75],[-80.791,13.0],[-80.966,13.25],[-80.962,13.5],[-80.838,13.75],[-80.5,14.005],[-80.065,14.5],[-80.0,14.708],[-78.75,15.228],[-77.25,15.39],[-76.381,14.75],[-76.25,14.535],[-75.25,14.497],[-75.0,14.596],[-73.25,14.615],[-72.995,14.5],[-72.543,14.0],[-72.416,13.0],[-72.55,12.5],[-73.0,12.217],[-73.729,11.5],[-74.5,11.481],[-75.5,11.011],[-76.25,10.868],[-76.5,10.899],[-77.75,11.371],[-78.0,11.34]]]},"properties":{"hvalue":2.0,"color":"#6c99d2"}},{"type":"Feature","geometry":{"type":"Polygon","coordinates":[[[-116.5,15.88],[-116.0,15.511],[-115.869,15.25],[-115.851,14.75],[-116.0,14.634],[-116.25,14.777],[-116.567,15.25],[-116.683,15.75],[-116.5,15.88]]]},"properties":{"hvalue":2.0,"color":"#6c99d2"}},{"type":"Feature","geometry":{"type":"Polygon","coordinates":[[[-109.024,16.5],[-110.0,16.795],[-110.75,17.149],[-111.5,17.291],[-111.793,17.5],[-111.907,17.75],[-111.0,18.372],[-109.75,18.656],[-109.25,18.594],[-108.5,18.47],[-108.0,18.139],[-107.396,17.25],[-107.327,17.0],[-107.329,16.75],[-107.5,16.35],[-108.0,15.858],[-108.25,15.894],[-109.024,16.5]]]},"properties":{"hvalue":2.0,"color":"#6c99d2"}},{"type":"Feature","geometry":{"type":"Polygon","coordinates":[[[-79.392,32.25],[-78.75,33.031],[-78.447,33.25],[-77.869,33.5],[-77.5,33.81],[-76.25,34.287],[-75.25,34.798],[-74.25,35.102],[-74.032,35.0],[-74.159,34.5],[-74.0,34.302],[-73.808,34.25],[-73.786,33.75],[-73.5,33.546],[-72.25,33.634],[-71.577,33.25],[-71.5,33.045],[-70.5,32.84],[-70.0,32.873],[-69.25,32.796],[-68.535,32.5],[-67.5,32.251],[-66.5,32.39],[-66.25,32.321],[-65.748,32.0],[-66.117,31.75],[-67.75,31.318],[-69.25,31.436],[-70.5,31.308],[-71.0,31.432],[-72.25,31.249],[-72.5,31.296],[-72.763,31.5],[-72.838,31.75],[-73.0,31.892],[-73.25,31.949],[-74.25,31.894],[-74.75,31.657],[-75.0,31.619],[-75.349,31.75],[-75.5,31.96],[-75.75,31.965],[-77.25,31.361],[-78.0,31.37],[-79.0,31.201],[-79.25,31.085],[-79.5,31.09],[-79.517,31.75],[-79.688,32.0],[-79.392,32.25]]]},"properties":{"hvalue":2.0,"color":"#6c99d2"}},{"type":"Feature","geometry":{"type":"Polygon","coordinates":[[[-63.065,35.0],[-62.985,35.0],[-62.93,34.75],[-63.0,34.55],[-63.104,34.75],[-63.065,35.0]]]},"properties":{"hvalue":2.0,"color":"#6c99d2"}},{"type":"Feature","geometry":{"type":"Polygon","coordinates":[[[-63.25,48.228],[-63.041,48.0],[-63.072,47.75],[-63.25,47.555],[-63.5,47.484],[-63.75,47.631],[-63.905,48.25],[-63.75,48.392],[-63.25,48.228]]]},"properties":{"hvalue":2.0,"color":"#6c99d2"}},{"type":"Feature","geometry":{"type":"Polygon","coordinates":[[[-61.544,64.25],[-61.542,64.5],[-61.0,64.529],[-59.5,64.177],[-59.235,64.0],[-59.776,63.75],[-60.25,63.745],[-61.09,64.0],[-61.544,64.25]]]},"properties":{"hvalue":2.0,"color":"#6c99d2"}},{"type":"Feature","geometry":{"type":"Polygon","coordinates":[[[-63.067,64.75],[-62.93,64.5],[-63.25,64.352],[-63.75,64.332],[-64.14,64.5],[-64.154,64.75],[-64.0,64.79],[-63.067,64.75]]]},"properties":{"hvalue":2.0,"color":"#6c99d2"}},{"type":"Feature","geometry":{"type":"Polygon","coordinates":[[[-62.25,68.229],[-62.564,68.5],[-62.0,68.521],[-59.973,68.25],[-58.687,68.0],[-58.179,67.75],[-58.75,67.586],[-59.75,67.612],[-61.0,67.837],[-62.25,68.229]]]},"properties":{"hvalue":2.0,"color":"#6c99d2"}},{"type":"Feature","geometry":{"type":"Polygon","coordinates":[[[-72.15,72.25],[-76.75,73.5],[-77.352,73.602],[-77.5,73.75],[-79.246,73.75],[-79.75,73.89],[-81.143,74.0],[-80.75,74.111],[-78.276,74.25],[-77.964,74.5],[-78.185,74.75],[-78.437,75.25],[-78.948,75.5],[-79.0,75.654],[-79.998,75.748],[-81.25,76.0],[-79.704,76.046],[-79.75,76.0],[-79.5,75.75],[-79.436,75.814],[-78.25,75.762],[-76.75,75.518],[-76.25,75.571],[-75.75,75.737],[-75.337,76.0],[-75.444,76.5],[-75.341,76.75],[-75.116,77.0],[-74.595,77.25],[-74.0,77.329],[-73.791,77.25],[-73.619,77.0],[-73.384,76.25],[-73.123,76.0],[-72.75,75.847],[-72.25,75.739],[-70.25,75.564],[-66.0,74.93],[-65.25,74.735],[-64.856,74.5],[-64.762,74.0],[-65.0,73.74],[-65.687,73.5],[-65.741,73.25],[-65.627,73.0],[-65.695,72.75],[-65.352,72.5],[-64.631,72.25],[-65.0,72.12],[-68.5,71.784],[-70.25,71.934],[-72.15,72.25]]]},"properties":{"hvalue":2.0,"color":"#6c99d2"}},{"type":"Feature","geometry":{"type":"Polygon","coordinates":[[[-81.25,76.0],[-81.425,76.0],[-81.272,76.022],[-81.25,76.0]]]},"properties":{"hvalue":2.0,"color":"#6c99d2"}},{"type":"Feature","geometry":{"type":"Polygon","coordinates":[[[-66.757,-55.5],[-65.902,-55.0],[-65.25,-55.0],[-65.005,-54.755],[-64.25,-54.892],[-64.0,-54.869],[-63.794,-54.75],[-63.021,-53.25],[-63.097,-53.0],[-63.766,-52.75],[-63.697,-52.5],[-63.25,-51.926],[-62.5,-50.607],[-62.0,-50.082],[-61.75,-50.024],[-61.5,-50.251],[-61.375,-50.75],[-61.437,-51.0],[-61.317,-51.25],[-61.446,-51.75],[-61.177,-51.927],[-61.25,-52.0],[-61.0,-52.25],[-59.838,-52.25],[-59.75,-52.32],[-58.75,-52.25],[-58.25,-52.0],[-57.602,-51.5],[-57.448,-50.0],[-57.47,-49.5],[-57.953,-48.0],[-57.82,-47.0],[-57.24,-46.5],[-57.261,-46.0],[-57.448,-45.5],[-57.411,-45.25],[-57.25,-45.011],[-56.888,-44.75],[-56.25,-44.476],[-56.106,-44.25],[-56.0,-43.824],[-55.75,-43.572],[-54.916,-43.0],[-54.0,-42.533],[-52.83,-41.5],[-52.726,-41.25],[-52.742,-41.0],[-52.527,-40.75],[-52.488,-40.5],[-52.67,-40.25],[-52.356,-40.0],[-52.387,-39.75],[-52.242,-39.25],[-52.061,-39.0],[-52.011,-38.75],[-52.162,-38.0],[-52.0,-37.474],[-51.75,-37.384],[-51.464,-37.5],[-50.75,-38.027],[-50.369,-37.75],[-50.115,-37.0],[-50.124,-36.25],[-49.814,-35.25],[-49.803,-34.75],[-49.62,-34.0],[-49.789,-33.25],[-50.0,-33.144],[-50.074,-33.0],[-50.0,-32.842],[-49.776,-32.75],[-49.82,-32.25],[-49.75,-31.943],[-49.733,-33.25],[-49.472,-33.5],[-49.25,-33.904],[-49.0,-34.022],[-48.5,-34.087],[-48.367,-34.5],[-48.341,-35.25],[-48.23,-35.5],[-48.0,-35.594],[-47.25,-35.477],[-46.753,-35.0],[-46.527,-34.5],[-46.511,-33.75],[-46.154,-33.25],[-46.0,-33.151],[-45.25,-33.058],[-43.75,-32.612],[-43.533,-32.5],[-43.328,-32.25],[-43.294,-31.75],[-43.935,-30.75],[-44.25,-30.566],[-44.5,-30.531],[-45.0,-30.768],[-45.25,-30.776],[-46.25,-30.418],[-46.75,-30.134],[-47.0,-30.119],[-47.211,-30.25],[-47.484,-31.0],[-48.0,-31.144],[-48.295,-31.0],[-48.372,-30.5],[-48.271,-29.5],[-47.63,-28.25],[-47.455,-27.25],[-47.29,-26.75],[-46.73,-25.75],[-46.25,-24.97],[-46.022,-24.75],[-45.943,-24.5],[-44.562,-23.5],[-43.894,-23.25],[-43.25,-23.175],[-43.026,-23.0],[-42.0,-23.0],[-41.691,-22.75],[-41.5,-22.418],[-41.263,-22.25],[-41.0,-22.25],[-40.75,-22.0],[-40.75,-21.895],[-40.417,-21.5],[-39.75,-20.002],[-39.36,-19.5],[-39.11,-19.0],[-38.901,-18.25],[-38.512,-18.0],[-38.371,-17.75],[-38.447,-17.5],[-38.78,-17.0],[-38.701,-16.5],[-38.359,-16.0],[-38.3,-15.75],[-38.0,-15.76],[-36.5,-15.333],[-35.75,-15.352],[-34.5,-15.65],[-33.673,-16.0],[-32.25,-16.778],[-31.408,-17.5],[-29.5,-18.425],[-27.417,-19.75],[-25.17,-20.75],[-24.25,-21.464],[-23.25,-21.964],[-22.25,-22.321],[-21.5,-22.765],[-20.25,-22.983],[-19.215,-23.5],[-17.25,-24.105],[-17.0,-24.268],[-14.75,-24.664],[-13.25,-25.094],[-12.657,-25.5],[-12.049,-25.75],[-10.75,-26.088],[-9.5,-26.58],[-9.0,-26.857],[-8.485,-27.5],[-8.172,-27.75],[-4.75,-29.068],[-3.5,-29.866],[-2.75,-30.097],[-1.5,-30.983],[-0.07,-31.75],[2.0,-32.758],[3.25,-33.085],[3.853,-33.5],[3.951,-33.75],[4.25,-34.007],[4.5,-33.847],[4.75,-33.821],[5.009,-34.0],[5.185,-34.25],[5.201,-34.5],[5.354,-34.75],[5.75,-34.88],[6.5,-35.385],[6.75,-35.455],[7.0,-35.413],[7.164,-35.5],[7.559,-36.0],[7.878,-36.25],[8.75,-36.675],[9.75,-37.396],[10.25,-37.512],[11.25,-37.494],[12.25,-37.661],[12.75,-37.571],[13.75,-37.653],[14.75,-37.607],[15.5,-37.42],[16.453,-37.5],[16.25,-37.693],[16.062,-37.75],[16.25,-37.788],[17.718,-39.0],[18.25,-39.218],[18.75,-39.266],[18.939,-39.5],[18.68,-39.75],[18.693,-40.0],[19.0,-40.304],[19.113,-40.25],[19.085,-40.0],[19.25,-39.822],[19.5,-39.736],[19.75,-39.913],[19.792,-39.75],[20.0,-39.61],[20.5,-39.425],[20.659,-39.25],[20.726,-39.0],[20.982,-38.75],[20.858,-38.25],[20.623,-38.0],[19.217,-37.75],[19.318,-37.5],[20.0,-37.391],[21.317,-37.0],[21.425,-36.75],[20.756,-36.25],[21.132,-36.0],[21.0,-35.855],[20.71,-35.75],[20.756,-35.25],[22.25,-34.78],[23.0,-34.724],[24.585,-34.25],[25.5,-34.25],[26.0,-33.997],[26.25,-34.0],[26.719,-33.75],[27.0,-33.75],[27.25,-33.5],[27.5,-33.5],[28.0,-33.0],[28.25,-33.0],[29.75,-31.5],[30.0,-31.5],[30.5,-31.0],[30.5,-30.75],[31.0,-30.25],[31.0,-30.0],[31.5,-29.5],[31.5,-29.25],[31.863,-29.0],[32.0,-29.0],[32.75,-28.25],[32.75,-27.5],[33.0,-27.25],[32.977,-26.227],[33.084,-26.0],[33.026,-25.724],[33.5,-25.25],[34.0,-25.25],[34.25,-25.0],[34.69,-25.0],[34.224,-25.25],[34.154,-25.75],[34.739,-26.75],[34.98,-27.75],[34.807,-28.5],[35.0,-28.846],[35.387,-29.25],[35.737,-30.25],[35.632,-31.0],[35.879,-32.0],[36.0,-32.185],[36.5,-32.524],[36.826,-33.25],[36.976,-34.0],[37.25,-34.508],[37.774,-35.0],[38.0,-35.86],[39.5,-35.564],[39.75,-35.577],[39.983,-35.75],[39.966,-36.0],[39.735,-36.5],[39.789,-37.0],[39.515,-37.5],[39.25,-37.823],[38.25,-38.393],[37.616,-39.25],[37.5,-39.735],[37.25,-40.072],[36.646,-40.0],[36.25,-39.808],[35.965,-39.5],[35.5,-39.439],[35.267,-39.5],[34.802,-40.0],[34.876,-40.25],[34.5,-40.343],[34.0,-40.324],[33.75,-40.463],[33.845,-40.75],[33.75,-40.899],[33.25,-40.958],[33.115,-41.25],[34.0,-41.336],[34.296,-41.5],[34.627,-41.5],[35.75,-41.153],[36.25,-41.137],[36.5,-40.739],[37.0,-40.694],[37.202,-40.75],[37.183,-41.0],[37.694,-41.25],[39.3,-41.75],[39.397,-42.0],[39.25,-42.361],[38.862,-42.5],[38.666,-42.75],[38.18,-43.0],[37.444,-43.25],[37.26,-43.5],[37.214,-43.75],[36.0,-44.072],[34.133,-44.25],[33.25,-44.425],[32.75,-44.615],[31.75,-44.28],[29.672,-44.75],[29.356,-45.0],[30.0,-45.187],[31.0,-45.328],[31.5,-45.638],[32.173,-45.75],[32.349,-46.0],[31.711,-46.25],[30.25,-46.632],[27.965,-47.75],[27.0,-48.037],[26.25,-48.015],[25.646,-47.75],[24.5,-46.845],[23.75,-46.674],[23.5,-46.496],[23.0,-46.323],[22.75,-46.087],[22.25,-45.997],[21.25,-46.034],[20.0,-45.824],[19.805,-45.75],[19.581,-45.5],[19.0,-45.352],[18.5,-44.925],[17.5,-44.559],[17.187,-44.25],[16.584,-44.0],[15.5,-43.369],[15.384,-43.25],[15.107,-42.5],[14.764,-42.25],[14.63,-42.0],[14.5,-41.917],[14.0,-41.878],[13.5,-41.682],[13.25,-41.385],[13.026,-41.25],[13.087,-40.75],[13.0,-40.569],[12.75,-40.544],[12.501,-40.75],[12.75,-41.168],[12.886,-41.25],[12.44,-41.25],[11.911,-40.75],[11.423,-40.5],[11.0,-40.172],[10.174,-39.25],[10.0,-38.929],[9.5,-38.942],[9.0,-39.319],[8.25,-39.176],[7.952,-39.0],[7.872,-38.75],[7.51,-38.5],[5.542,-37.75],[5.262,-37.5],[4.995,-37.0],[4.75,-36.856],[2.689,-36.25],[1.5,-35.554],[0.532,-34.75],[-1.25,-33.867],[-2.0,-33.65],[-2.75,-33.555],[-3.25,-33.652],[-4.0,-34.084],[-4.25,-34.145],[-5.0,-34.165],[-5.25,-34.078],[-6.75,-33.212],[-7.836,-32.75],[-8.25,-32.415],[-10.188,-31.25],[-11.25,-30.783],[-13.0,-29.838],[-13.75,-29.547],[-14.5,-29.044],[-15.457,-28.75],[-17.227,-27.75],[-18.556,-27.25],[-19.0,-26.947],[-20.25,-26.831],[-20.5,-26.738],[-21.0,-26.366],[-22.25,-26.069],[-22.75,-26.105],[-23.5,-26.3],[-24.5,-26.158],[-25.75,-25.563],[-26.176,-25.25],[-26.5,-25.169],[-27.75,-25.089],[-28.25,-25.173],[-29.5,-24.715],[-30.0,-24.623],[-30.5,-24.581],[-31.25,-24.67],[-31.75,-24.571],[-32.0,-24.638],[-32.451,-25.0],[-32.55,-25.25],[-32.54,-25.5],[-32.342,-25.75],[-31.75,-25.91],[-31.5,-26.071],[-31.25,-26.508],[-31.0,-26.635],[-30.25,-26.578],[-29.623,-26.75],[-29.5,-27.071],[-29.25,-27.187],[-28.9,-27.5],[-28.675,-28.0],[-28.721,-28.25],[-29.712,-30.0],[-29.604,-30.25],[-28.75,-31.071],[-27.516,-31.75],[-27.25,-31.972],[-26.841,-32.5],[-26.965,-32.75],[-27.75,-33.098],[-28.5,-32.955],[-29.0,-33.017],[-29.437,-33.25],[-29.75,-33.604],[-31.5,-34.244],[-32.439,-34.75],[-33.75,-35.129],[-34.75,-35.119],[-35.566,-35.25],[-36.5,-35.837],[-37.25,-36.182],[-37.958,-36.0],[-38.25,-35.771],[-39.25,-36.241],[-39.5,-36.28],[-39.75,-36.228],[-40.5,-35.704],[-40.75,-35.645],[-41.5,-35.984],[-42.25,-36.763],[-42.75,-37.073],[-43.25,-36.328],[-44.25,-36.404],[-44.387,-36.5],[-45.0,-37.457],[-45.963,-38.0],[-46.526,-38.5],[-46.75,-38.642],[-47.25,-38.756],[-47.457,-39.0],[-47.75,-39.148],[-48.0,-38.981],[-48.25,-39.065],[-48.542,-39.5],[-48.597,-39.75],[-48.571,-40.25],[-48.468,-40.5],[-48.75,-40.644],[-49.25,-40.589],[-49.387,-40.75],[-48.992,-41.0],[-49.0,-41.549],[-49.25,-41.729],[-49.5,-41.746],[-49.837,-42.0],[-49.81,-42.25],[-50.0,-42.307],[-50.148,-42.5],[-50.586,-42.75],[-52.0,-43.248],[-52.433,-43.5],[-52.505,-44.25],[-52.305,-44.5],[-52.304,-44.75],[-52.5,-45.021],[-54.092,-46.25],[-54.2,-46.5],[-54.147,-47.25],[-54.25,-47.373],[-55.25,-47.844],[-55.733,-48.25],[-55.885,-48.5],[-56.351,-50.0],[-56.96,-51.0],[-57.598,-51.75],[-58.25,-52.172],[-58.75,-52.391],[-59.75,-52.466],[-60.0,-52.346],[-60.472,-52.5],[-60.848,-53.0],[-61.592,-53.75],[-63.75,-54.955],[-65.5,-55.301],[-66.25,-55.559],[-66.75,-55.84],[-67.159,-55.909],[-66.892,-55.75],[-66.757,-55.5]]]},"properties":{"hvalue":2.0,"color":"#6c99d2"}},{"type":"Feature","geometry":{"type":"Polygon","coordinates":[[[10.75,-18.039],[10.682,-18.0],[10.817,-18.0],[10.75,-18.039]]]},"properties":{"hvalue":2.0,"color":"#6c99d2"}},{"type":"Feature","geometry":{"type":"Polygon","coordinates":[[[11.5,-17.622],[11.338,-17.5],[11.5,-17.351],[11.507,-17.5],[11.5,-17.622]]]},"properties":{"hvalue":2.0,"color":"#6c99d2"}},{"type":"Feature","geometry":{"type":"Polygon","coordinates":[[[-10.0,-16.846],[-11.897,-15.75],[-12.028,-15.5],[-12.0,-15.422],[-11.5,-15.411],[-10.75,-15.768],[-10.0,-15.885],[-9.756,-16.0],[-9.393,-16.75],[-9.5,-16.877],[-10.0,-16.846]]]},"properties":{"hvalue":2.0,"color":"#6c99d2"}},{"type":"Feature","geometry":{"type":"Polygon","coordinates":[[[-7.5,-16.007],[-7.5,-15.939],[-7.448,-16.0],[-7.5,-16.007]]]},"properties":{"hvalue":2.0,"color":"#6c99d2"}},{"type":"Feature","geometry":{"type":"Polygon","coordinates":[[[9.697,-15.75],[9.777,-15.75],[9.75,-15.931],[9.697,-15.75]]]},"properties":{"hvalue":2.0,"color":"#6c99d2"}},{"type":"Feature","geometry":{"type":"Polygon","coordinates":[[[-8.993,-15.0],[-8.75,-14.895],[-8.25,-15.084],[-8.0,-15.242],[-7.558,-15.75],[-7.75,-15.845],[-8.75,-15.427],[-8.995,-15.25],[-8.993,-15.0]]]},"properties":{"hvalue":2.0,"color":"#6c99d2"}},{"type":"Feature","geometry":{"type":"Polygon","coordinates":[[[-12.179,-15.25],[-12.301,-15.25],[-12.25,-15.173],[-12.179,-15.25]]]},"properties":{"hvalue":2.0,"color":"#6c99d2"}},{"type":"Feature","geometry":{"type":"Polygon","coordinates":[[[-12.5,-15.123],[-12.59,-15.0],[-12.343,-15.0],[-12.5,-15.123]]]},"properties":{"hvalue":2.0,"color":"#6c99d2"}},{"type":"Feature","geometry":{"type":"Polygon","coordinates":[[[6.75,-14.637],[6.545,-13.75],[6.75,-13.292],[7.0,-13.244],[7.25,-13.389],[7.701,-14.25],[7.869,-15.5],[7.75,-15.952],[7.5,-16.032],[7.25,-15.837],[6.75,-14.637]]]},"properties":{"hvalue":2.0,"color":"#6c99d2"}},{"type":"Feature","geometry":{"type":"Polygon","coordinates":[[[-10.315,-13.75],[-10.5,-13.945],[-10.75,-14.058],[-11.265,-14.0],[-11.383,-13.75],[-11.0,-13.665],[-10.5,-13.32],[-10.315,-13.75]]]},"properties":{"hvalue":2.0,"color":"#6c99d2"}},{"type":"Feature","geometry":{"type":"Polygon","coordinates":[[[-14.5,-12.46],[-13.75,-12.966],[-13.5,-13.03],[-13.338,-13.25],[-13.331,-13.5],[-13.5,-13.699],[-13.75,-13.742],[-14.562,-13.5],[-14.576,-12.5],[-14.5,-12.46]]]},"properties":{"hvalue":2.0,"color":"#6c99d2"}},{"type":"Feature","geometry":{"type":"Polygon","coordinates":[[[-18.23,-11.0],[-18.343,-11.25],[-18.5,-11.339],[-19.0,-11.258],[-19.235,-11.0],[-19.075,-10.75],[-18.75,-10.711],[-18.5,-10.765],[-18.23,-11.0]]]},"properties":{"hvalue":2.0,"color":"#6c99d2"}},{"type":"Feature","geometry":{"type":"Polygon","coordinates":[[[2.0,-13.928],[1.75,-13.376],[1.5,-13.136],[1.25,-13.173],[1.0,-13.366],[0.5,-14.211],[0.25,-14.22],[-0.5,-13.723],[-1.0,-13.642],[-1.243,-13.5],[-1.75,-12.986],[-2.0,-13.178],[-2.25,-13.225],[-2.5,-13.225],[-3.0,-13.027],[-3.5,-13.013],[-3.75,-13.087],[-3.932,-13.25],[-3.961,-13.5],[-3.25,-14.172],[-3.194,-14.25],[-3.25,-14.406],[-4.5,-13.843],[-5.604,-12.75],[-5.749,-12.5],[-6.25,-12.299],[-6.5,-12.373],[-6.685,-13.0],[-7.0,-13.175],[-7.5,-13.194],[-8.75,-12.551],[-9.122,-12.75],[-9.25,-13.049],[-9.5,-13.132],[-10.5,-13.179],[-10.754,-12.75],[-12.036,-12.0],[-12.255,-11.75],[-11.959,-11.5],[-11.918,-11.25],[-12.787,-11.0],[-13.131,-10.75],[-13.314,-10.5],[-13.25,-10.406],[-13.0,-10.419],[-12.337,-10.25],[-12.75,-10.009],[-12.95,-9.75],[-12.75,-9.453],[-12.25,-9.051],[-11.75,-8.952],[-11.5,-9.071],[-11.25,-9.359],[-11.0,-9.455],[-10.75,-9.432],[-10.665,-9.25],[-10.75,-8.975],[-11.0,-8.725],[-11.5,-8.724],[-11.643,-8.5],[-11.589,-8.25],[-10.532,-8.0],[-10.587,-7.75],[-10.25,-7.567],[-9.75,-7.462],[-9.25,-7.634],[-8.982,-7.5],[-8.743,-6.75],[-8.85,-6.5],[-9.095,-6.25],[-9.0,-5.984],[-8.5,-5.959],[-8.0,-5.445],[-7.75,-5.462],[-7.467,-5.75],[-6.75,-6.135],[-5.25,-6.784],[-4.5,-7.202],[-4.0,-7.244],[-3.5,-7.129],[-3.25,-7.176],[-2.75,-7.513],[-2.339,-8.0],[-2.041,-8.75],[-1.75,-9.061],[-1.5,-9.235],[-1.25,-9.267],[-1.0,-9.12],[-0.709,-9.25],[-0.671,-9.75],[-0.978,-10.25],[-1.005,-10.5],[-0.9,-11.0],[-0.75,-11.118],[-0.5,-11.192],[-0.268,-11.0],[-0.25,-10.774],[0.0,-10.664],[0.25,-10.903],[0.5,-11.443],[0.75,-11.596],[1.0,-11.595],[1.338,-11.0],[1.5,-10.856],[1.75,-10.99],[2.02,-11.5],[2.328,-12.5],[2.5,-12.776],[2.79,-13.0],[2.84,-13.25],[2.784,-13.75],[3.12,-14.5],[3.173,-14.75],[3.12,-15.0],[3.0,-15.1],[2.75,-14.989],[2.0,-13.928]]]},"properties":{"hvalue":2.0,"color":"#6c99d2"}},{"type":"Feature","geometry":{"type":"Polygon","coordinates":[[[-13.75,-9.651],[-13.352,-9.75],[-13.298,-10.0],[-13.5,-10.281],[-13.75,-10.334],[-14.0,-10.254],[-14.238,-10.0],[-14.25,-9.729],[-13.75,-9.651]]]},"properties":{"hvalue":2.0,"color":"#6c99d2"}},{"type":"Feature","geometry":{"type":"Polygon","coordinates":[[[-15.5,-9.934],[-15.846,-9.75],[-15.75,-9.64],[-15.25,-9.672],[-15.175,-9.75],[-15.25,-9.89],[-15.5,-9.934]]]},"properties":{"hvalue":2.0,"color":"#6c99d2"}},{"type":"Feature","geometry":{"type":"Polygon","coordinates":[[[0.736,-9.5],[0.107,-8.75],[-0.148,-8.0],[-0.328,-7.25],[-0.25,-6.741],[0.0,-6.705],[0.25,-6.946],[1.164,-8.25],[1.25,-8.5],[1.25,-9.447],[1.0,-9.914],[0.25,-10.17],[0.0,-10.136],[-0.109,-10.0],[-0.11,-9.75],[0.0,-9.691],[0.25,-9.974],[0.5,-9.997],[0.74,-9.75],[0.736,-9.5]]]},"properties":{"hvalue":2.0,"color":"#6c99d2"}},{"type":"Feature","geometry":{"type":"Polygon","coordinates":[[[-17.762,-8.0],[-17.662,-7.75],[-17.5,-7.693],[-17.436,-7.75],[-17.445,-8.0],[-17.762,-8.0]]]},"properties":{"hvalue":2.0,"color":"#6c99d2"}},{"type":"Feature","geometry":{"type":"Polygon","coordinates":[[[-22.75,-7.767],[-22.5,-7.681],[-22.11,-7.75],[-22.25,-7.92],[-22.75,-7.767]]]},"properties":{"hvalue":2.0,"color":"#6c99d2"}},{"type":"Feature","geometry":{"type":"Polygon","coordinates":[[[-11.75,-6.713],[-11.707,-7.25],[-11.217,-7.5],[-11.5,-7.573],[-11.696,-7.5],[-11.75,-7.331],[-12.014,-7.25],[-12.141,-6.75],[-12.0,-6.549],[-11.75,-6.713]]]},"properties":{"hvalue":2.0,"color":"#6c99d2"}},{"type":"Feature","geometry":{"type":"Polygon","coordinates":[[[-12.25,-6.008],[-12.25,-5.916],[-12.158,-6.0],[-12.25,-6.008]]]},"properties":{"hvalue":2.0,"color":"#6c99d2"}},{"type":"Feature","geometry":{"type":"Polygon","coordinates":[[[-84.25,-65.77],[-88.0,-65.103],[-89.0,-64.769],[-90.981,-64.75],[-91.187,-64.5],[-91.163,-64.25],[-91.25,-64.106],[-91.5,-63.992],[-92.5,-63.98],[-95.25,-64.197],[-96.5,-64.361],[-98.0,-64.683],[-99.5,-64.741],[-100.25,-64.513],[-100.838,-64.0],[-101.036,-63.75],[-101.11,-63.25],[-102.367,-62.75],[-103.0,-62.705],[-104.25,-62.817],[-106.5,-62.835],[-108.25,-62.754],[-110.75,-62.011],[-111.25,-61.768],[-111.594,-61.5],[-111.64,-61.25],[-111.465,-61.0],[-110.718,-60.5],[-109.5,-60.123],[-108.5,-59.584],[-108.0,-59.504],[-107.5,-59.64],[-107.0,-59.619],[-106.25,-59.169],[-104.75,-58.674],[-103.25,-58.681],[-102.499,-58.5],[-102.222,-58.25],[-102.177,-58.0],[-102.298,-57.25],[-102.5,-57.018],[-102.75,-56.955],[-104.75,-57.101],[-108.0,-57.867],[-108.453,-57.75],[-108.505,-57.5],[-108.75,-57.372],[-109.79,-57.0],[-109.883,-56.75],[-109.82,-56.5],[-110.096,-56.0],[-109.936,-55.5],[-109.243,-54.5],[-109.209,-54.0],[-109.111,-53.75],[-109.373,-53.25],[-110.5,-52.946],[-110.612,-52.75],[-110.422,-52.0],[-110.75,-51.652],[-111.389,-51.25],[-111.373,-51.0],[-111.514,-50.75],[-111.36,-50.5],[-111.411,-50.25],[-111.829,-50.0],[-112.25,-49.881],[-114.0,-49.721],[-114.75,-49.805],[-115.5,-50.135],[-116.715,-50.5],[-117.226,-51.0],[-117.17,-51.25],[-117.532,-51.75],[-117.573,-52.0],[-117.75,-52.244],[-118.25,-52.693],[-118.75,-53.43],[-119.326,-53.75],[-119.023,-54.25],[-119.062,-54.5],[-119.0,-54.702],[-118.895,-54.75],[-118.88,-55.0],[-119.545,-55.5],[-119.672,-56.0],[-119.819,-56.25],[-120.75,-57.192],[-121.307,-57.5],[-122.25,-58.199],[-122.75,-58.435],[-124.25,-58.51],[-124.75,-58.609],[-126.404,-59.25],[-126.75,-59.555],[-128.367,-60.25],[-129.5,-60.223],[-131.716,-59.25],[-132.25,-59.185],[-132.616,-59.25],[-132.921,-59.5],[-133.03,-59.75],[-133.96,-60.25],[-135.25,-60.669],[-140.75,-61.701],[-141.5,-61.785],[-143.25,-61.801],[-144.0,-61.542],[-145.25,-61.501],[-145.5,-61.29],[-145.761,-61.25],[-145.886,-61.0],[-146.516,-60.5],[-147.0,-59.967],[-147.75,-59.802],[-148.5,-59.505],[-149.75,-59.919],[-150.25,-60.289],[-151.192,-60.75],[-151.315,-61.0],[-151.5,-61.105],[-152.5,-61.378],[-153.512,-62.5],[-154.25,-62.844],[-155.5,-63.238],[-156.342,-63.75],[-157.044,-64.0],[-157.512,-64.5],[-158.25,-64.59],[-159.25,-64.429],[-160.5,-64.656],[-162.5,-64.642],[-163.0,-64.77],[-164.0,-64.578],[-164.5,-64.66],[-164.572,-64.75],[-164.75,-64.779],[-165.75,-64.791],[-166.75,-64.604],[-167.0,-64.43],[-167.25,-64.542],[-167.75,-64.549],[-168.25,-64.328],[-169.0,-64.331],[-169.25,-64.508],[-169.706,-64.5],[-169.932,-64.25],[-169.511,-64.0],[-170.0,-63.755],[-170.909,-63.5],[-170.763,-63.25],[-170.474,-63.0],[-170.555,-62.75],[-171.39,-62.5],[-171.851,-62.25],[-171.59,-61.75],[-170.75,-61.507],[-170.607,-61.25],[-170.75,-60.996],[-171.25,-60.914],[-171.735,-61.0],[-172.25,-61.2],[-172.724,-61.5],[-172.299,-61.75],[-172.251,-62.0],[-173.75,-62.612],[-174.75,-63.18],[-175.046,-63.5],[-175.088,-63.75],[-174.996,-64.0],[-176.576,-65.0],[-177.225,-65.25],[-178.0,-65.313],[-178.25,-65.259],[-178.463,-65.0],[-178.75,-64.81],[-180.0,-64.855],[-180.0,-59.579],[-179.75,-59.35],[-179.05,-59.0],[-178.25,-58.873],[-177.25,-58.975],[-176.5,-59.212],[-175.75,-59.331],[-174.75,-59.258],[-174.25,-59.109],[-173.689,-58.75],[-172.919,-58.0],[-171.796,-57.25],[-170.771,-56.75],[-169.5,-55.729],[-167.71,-55.0],[-166.0,-54.673],[-165.75,-54.779],[-165.603,-55.0],[-165.936,-55.5],[-165.0,-55.522],[-163.99,-55.25],[-163.75,-55.341],[-163.516,-55.75],[-163.466,-56.25],[-163.6,-56.75],[-163.224,-57.25],[-162.499,-57.75],[-161.0,-58.096],[-158.078,-58.0],[-157.852,-58.25],[-157.98,-58.5],[-157.731,-58.75],[-156.0,-59.256],[-155.25,-59.185],[-154.75,-58.872],[-154.127,-58.25],[-153.0,-57.473],[-152.504,-57.25],[-150.75,-56.955],[-149.25,-56.959],[-148.75,-57.054],[-148.0,-57.683],[-147.364,-58.0],[-146.75,-58.469],[-144.0,-59.344],[-143.0,-59.584],[-139.75,-59.566],[-137.177,-59.0],[-136.4,-58.5],[-136.818,-58.0],[-137.11,-57.5],[-137.5,-57.157],[-137.61,-57.0],[-137.642,-56.75],[-137.527,-56.5],[-137.559,-56.25],[-137.48,-56.0],[-136.799,-55.75],[-136.876,-55.5],[-136.0,-54.865],[-134.0,-54.515],[-133.0,-54.44],[-131.796,-54.0],[-131.5,-53.787],[-130.83,-53.75],[-130.5,-53.539],[-130.295,-53.5],[-127.75,-53.603],[-127.422,-53.25],[-127.25,-53.196],[-125.75,-53.219],[-124.5,-52.792],[-123.973,-52.5],[-123.75,-52.271],[-123.731,-52.0],[-123.505,-51.75],[-122.0,-51.238],[-121.465,-50.5],[-120.52,-49.75],[-120.406,-49.25],[-120.455,-49.0],[-120.702,-48.75],[-120.799,-48.5],[-120.759,-48.25],[-120.45,-47.75],[-120.495,-47.25],[-121.263,-46.0],[-121.351,-45.5],[-122.0,-44.683],[-122.604,-44.25],[-122.775,-44.0],[-123.838,-43.25],[-125.25,-42.836],[-128.75,-41.078],[-129.75,-40.869],[-132.0,-40.183],[-133.888,-39.5],[-134.5,-39.175],[-135.75,-38.792],[-137.75,-38.448],[-138.25,-38.528],[-139.0,-38.368],[-139.5,-38.477],[-139.75,-38.395],[-140.0,-38.183],[-140.75,-38.144],[-142.5,-37.837],[-143.5,-37.966],[-144.0,-37.883],[-146.75,-37.757],[-148.0,-37.906],[-149.0,-37.675],[-150.5,-37.74],[-151.75,-37.59],[-152.75,-37.572],[-153.25,-37.448],[-154.0,-37.621],[-154.786,-38.0],[-155.074,-38.25],[-155.118,-38.5],[-155.0,-38.589],[-154.5,-38.648],[-154.39,-38.75],[-155.0,-39.302],[-156.0,-39.914],[-157.0,-40.26],[-158.5,-40.478],[-159.225,-40.75],[-159.636,-41.0],[-160.509,-41.75],[-160.956,-42.25],[-161.158,-42.75],[-161.977,-43.5],[-163.0,-44.069],[-163.75,-44.356],[-163.889,-44.5],[-164.743,-45.5],[-164.837,-45.75],[-164.754,-46.25],[-164.83,-46.5],[-165.045,-46.75],[-167.75,-48.455],[-168.503,-48.75],[-168.799,-49.0],[-170.766,-49.5],[-171.5,-50.011],[-172.307,-50.25],[-173.0,-50.411],[-173.25,-50.374],[-173.75,-49.934],[-174.0,-49.963],[-175.0,-50.644],[-176.75,-51.326],[-177.75,-51.453],[-179.25,-51.303],[-180.0,-51.527],[-180.0,-49.814],[-179.483,-49.75],[-178.778,-49.5],[-178.0,-48.808],[-177.5,-48.586],[-176.75,-48.411],[-176.0,-48.538],[-175.657,-48.5],[-175.119,-48.25],[-175.069,-48.0],[-175.25,-47.831],[-176.0,-47.777],[-176.25,-47.611],[-176.379,-47.25],[-176.292,-47.0],[-176.339,-46.75],[-176.868,-46.0],[-177.5,-45.461],[-178.082,-45.25],[-180.0,-44.936],[-180.0,-38.125],[-179.669,-38.25],[-179.0,-38.677],[-178.75,-38.675],[-177.0,-37.762],[-176.742,-37.75],[-175.998,-38.0],[-175.25,-38.097],[-174.695,-38.0],[-174.438,-37.75],[-174.75,-37.108],[-175.95,-36.0],[-176.75,-35.511],[-177.819,-35.0],[-178.25,-34.976],[-178.5,-35.072],[-178.75,-35.259],[-179.024,-35.75],[-180.0,-36.489],[-180.0,-29.427],[-179.5,-29.394],[-178.5,-29.981],[-178.71,-30.5],[-178.5,-30.693],[-177.75,-30.421],[-176.5,-30.397],[-176.0,-30.558],[-174.75,-30.464],[-174.0,-30.633],[-172.5,-31.606],[-171.5,-32.061],[-170.25,-32.871],[-168.5,-33.583],[-167.0,-34.903],[-166.75,-35.074],[-166.5,-35.053],[-166.25,-35.171],[-166.0,-35.432],[-165.5,-35.271],[-165.383,-35.0],[-165.25,-34.894],[-165.0,-34.911],[-164.75,-34.747],[-164.5,-34.373],[-164.25,-34.212],[-163.25,-34.675],[-163.0,-34.693],[-162.0,-34.114],[-161.5,-34.312],[-160.75,-34.143],[-160.479,-34.25],[-160.5,-34.546],[-160.25,-34.594],[-158.75,-34.046],[-158.25,-34.111],[-157.5,-33.832],[-157.0,-33.896],[-156.25,-33.792],[-156.0,-33.943],[-155.853,-34.25],[-155.5,-34.277],[-154.25,-34.104],[-153.25,-34.096],[-151.75,-33.479],[-151.5,-33.764],[-150.5,-33.998],[-149.5,-33.703],[-149.0,-33.639],[-147.5,-34.374],[-147.0,-34.515],[-145.0,-34.484],[-143.25,-34.875],[-142.25,-35.017],[-140.5,-34.822],[-139.591,-35.25],[-138.5,-35.619],[-136.75,-35.91],[-135.75,-36.289],[-135.0,-36.758],[-133.5,-37.28],[-130.75,-38.518],[-129.75,-38.864],[-128.0,-39.623],[-125.5,-40.294],[-124.75,-40.595],[-123.75,-40.598],[-122.75,-40.319],[-122.25,-40.483],[-121.812,-40.25],[-119.25,-40.138],[-117.0,-40.418],[-115.55,-40.75],[-115.25,-40.754],[-114.586,-40.5],[-114.258,-40.25],[-114.085,-40.0],[-114.303,-39.5],[-114.309,-38.75],[-113.25,-38.232],[-112.097,-38.0],[-111.68,-37.75],[-112.0,-37.537],[-112.5,-37.467],[-112.717,-37.25],[-112.753,-37.0],[-112.673,-36.75],[-112.75,-35.982],[-112.5,-35.759],[-112.25,-35.675],[-111.5,-35.502],[-110.75,-35.513],[-110.5,-35.411],[-109.931,-35.0],[-109.803,-34.75],[-110.0,-34.325],[-110.5,-34.242],[-110.665,-33.75],[-110.659,-33.5],[-110.402,-32.75],[-110.468,-32.0],[-110.361,-31.0],[-109.979,-30.25],[-109.95,-30.0],[-110.444,-29.25],[-109.731,-28.75],[-109.536,-28.5],[-109.226,-27.75],[-109.5,-27.672],[-110.0,-27.732],[-111.5,-27.693],[-112.0,-27.582],[-112.5,-27.621],[-112.75,-27.575],[-112.986,-27.25],[-113.5,-27.059],[-113.75,-27.535],[-114.0,-27.627],[-114.5,-27.533],[-114.817,-28.0],[-114.99,-28.5],[-115.37,-28.75],[-115.494,-29.0],[-115.278,-29.25],[-115.101,-29.75],[-114.726,-30.0],[-114.75,-30.255],[-115.0,-30.32],[-115.5,-30.175],[-115.75,-30.248],[-116.315,-30.0],[-116.404,-29.75],[-116.234,-29.5],[-116.5,-29.224],[-116.75,-29.153],[-117.25,-29.208],[-117.5,-29.149],[-117.697,-29.0],[-117.5,-28.823],[-117.136,-28.75],[-117.75,-28.585],[-118.25,-28.681],[-118.5,-28.636],[-119.25,-28.33],[-119.796,-28.25],[-119.971,-28.0],[-119.871,-27.75],[-119.9,-27.0],[-120.642,-26.25],[-121.202,-25.5],[-121.352,-25.25],[-121.356,-24.75],[-121.5,-24.521],[-122.218,-23.75],[-122.5,-23.568],[-123.5,-23.327],[-123.949,-23.5],[-124.092,-24.0],[-124.0,-24.171],[-123.75,-24.268],[-123.489,-24.5],[-123.389,-24.75],[-123.437,-25.25],[-123.332,-25.5],[-122.75,-26.078],[-122.703,-26.25],[-122.966,-26.5],[-122.988,-26.75],[-122.884,-27.0],[-123.0,-27.119],[-123.25,-27.141],[-123.75,-27.005],[-123.761,-26.75],[-124.75,-26.446],[-125.044,-26.25],[-125.148,-26.0],[-125.5,-25.737],[-125.75,-25.675],[-126.25,-25.707],[-126.332,-25.75],[-126.39,-26.0],[-126.28,-26.25],[-125.75,-26.362],[-125.5,-26.681],[-125.342,-26.75],[-125.228,-27.0],[-125.5,-27.242],[-126.0,-27.176],[-126.5,-26.888],[-127.0,-26.756],[-127.75,-26.886],[-128.5,-26.703],[-129.5,-26.723],[-129.572,-26.75],[-129.639,-27.0],[-129.201,-27.5],[-127.771,-28.25],[-127.0,-28.396],[-126.0,-28.769],[-125.75,-28.734],[-125.5,-28.555],[-125.091,-28.75],[-124.25,-28.979],[-123.75,-29.297],[-123.5,-29.344],[-123.401,-29.25],[-123.539,-29.0],[-124.408,-28.25],[-124.5,-28.082],[-124.75,-28.092],[-125.5,-27.914],[-125.714,-27.75],[-125.7,-27.5],[-125.5,-27.268],[-125.343,-27.5],[-124.75,-27.884],[-123.75,-28.168],[-123.0,-28.765],[-122.851,-28.75],[-123.035,-28.25],[-122.75,-27.998],[-122.447,-28.25],[-122.42,-28.5],[-122.741,-28.75],[-122.715,-29.0],[-122.819,-29.25],[-123.0,-29.39],[-123.25,-29.396],[-123.349,-29.5],[-123.21,-30.25],[-122.878,-30.5],[-121.75,-30.833],[-121.0,-31.263],[-120.0,-31.702],[-119.5,-32.116],[-119.25,-32.194],[-119.0,-32.388],[-118.614,-32.5],[-118.75,-32.748],[-119.25,-32.756],[-120.5,-32.418],[-122.0,-32.183],[-122.273,-32.25],[-121.983,-32.5],[-122.25,-32.634],[-123.25,-32.631],[-124.75,-32.893],[-125.25,-32.813],[-127.0,-32.271],[-128.0,-32.157],[-129.25,-31.851],[-129.75,-31.634],[-130.75,-31.425],[-132.25,-31.437],[-133.5,-30.592],[-134.0,-30.361],[-135.0,-30.047],[-135.5,-30.077],[-136.0,-29.932],[-136.75,-29.856],[-137.25,-29.578],[-137.589,-29.25],[-137.75,-28.735],[-138.0,-28.496],[-138.25,-28.602],[-138.5,-28.867],[-139.25,-28.571],[-140.5,-28.92],[-141.25,-28.879],[-142.75,-28.17],[-143.25,-28.119],[-143.422,-28.25],[-143.75,-28.303],[-144.25,-28.181],[-144.494,-28.0],[-144.438,-27.75],[-144.076,-27.5],[-144.25,-27.35],[-144.56,-27.5],[-144.75,-27.699],[-145.493,-28.0],[-145.746,-28.25],[-145.75,-28.937],[-146.057,-29.25],[-146.25,-29.312],[-147.0,-29.278],[-148.0,-29.532],[-148.25,-29.515],[-148.5,-29.344],[-148.75,-29.624],[-149.5,-29.962],[-150.25,-29.953],[-151.0,-30.065],[-151.321,-30.0],[-151.601,-29.75],[-152.061,-29.5],[-152.5,-29.453],[-153.5,-29.567],[-154.0,-28.827],[-154.713,-28.25],[-155.25,-28.133],[-155.75,-28.293],[-156.25,-28.314],[-156.387,-28.25],[-156.499,-27.75],[-156.75,-27.722],[-157.279,-28.25],[-157.512,-28.75],[-158.25,-29.279],[-158.5,-29.342],[-159.5,-29.302],[-160.085,-29.0],[-160.205,-28.75],[-160.0,-28.45],[-159.75,-28.327],[-159.447,-28.0],[-159.192,-27.5],[-159.203,-27.25],[-159.444,-27.0],[-159.502,-26.5],[-159.146,-26.0],[-158.898,-24.75],[-158.546,-24.25],[-158.475,-23.75],[-158.555,-23.5],[-158.372,-22.0],[-158.562,-21.75],[-158.452,-21.5],[-158.072,-21.0],[-157.0,-20.202],[-155.25,-19.391],[-154.591,-19.25],[-154.0,-18.808],[-153.75,-18.805],[-153.302,-19.0],[-152.75,-19.095],[-150.75,-19.057],[-148.0,-19.219],[-145.75,-19.92],[-144.25,-20.583],[-143.0,-20.981],[-141.25,-21.142],[-141.0,-21.213],[-140.5,-21.573],[-140.0,-21.484],[-139.5,-21.563],[-139.25,-21.671],[-139.0,-21.944],[-138.819,-22.0],[-138.864,-22.25],[-138.75,-22.344],[-138.62,-22.25],[-138.5,-21.947],[-138.25,-21.878],[-136.25,-22.183],[-135.75,-22.016],[-135.25,-22.036],[-134.75,-22.403],[-134.5,-22.481],[-133.5,-22.304],[-133.391,-22.25],[-133.0,-21.628],[-132.75,-21.537],[-132.25,-21.525],[-132.13,-21.25],[-132.179,-21.0],[-132.0,-20.948],[-131.75,-21.052],[-131.465,-21.0],[-131.014,-20.75],[-130.5,-20.704],[-130.25,-20.58],[-130.052,-20.25],[-129.966,-19.75],[-129.419,-19.5],[-128.831,-19.0],[-128.0,-18.897],[-127.5,-18.984],[-127.0,-19.297],[-125.75,-19.37],[-125.0,-19.225],[-124.668,-19.0],[-124.499,-18.75],[-124.631,-18.5],[-124.551,-18.25],[-124.75,-18.04],[-125.25,-17.687],[-126.22,-17.25],[-126.424,-17.0],[-126.542,-16.75],[-126.5,-16.176],[-126.791,-15.5],[-126.944,-14.5],[-127.431,-14.0],[-127.5,-13.831],[-127.75,-13.681],[-128.0,-13.882],[-128.25,-14.288],[-128.5,-14.379],[-128.622,-14.25],[-128.072,-13.5],[-128.003,-13.0],[-127.531,-11.25],[-127.946,-10.5],[-128.022,-10.0],[-128.408,-9.5],[-128.504,-9.25],[-128.411,-8.75],[-128.736,-8.25],[-128.544,-7.75],[-128.25,-7.595],[-127.75,-7.608],[-127.645,-7.5],[-127.67,-7.25],[-128.0,-6.843],[-128.25,-6.749],[-128.5,-6.844],[-128.75,-6.83],[-129.25,-6.549],[-129.799,-6.5],[-129.911,-6.25],[-129.83,-6.0],[-129.347,-5.5],[-129.28,-5.25],[-129.327,-5.0],[-129.5,-4.865],[-129.75,-4.846],[-130.25,-4.945],[-130.75,-4.904],[-131.25,-4.671],[-131.5,-4.641],[-132.25,-4.809],[-132.75,-4.773],[-133.0,-4.918],[-133.5,-4.826],[-133.75,-4.863],[-133.976,-5.0],[-134.75,-5.698],[-135.75,-5.539],[-136.25,-5.385],[-137.0,-4.948],[-138.0,-4.784],[-138.521,-4.5],[-138.714,-4.25],[-138.829,-4.0],[-138.776,-3.5],[-139.054,-3.0],[-139.75,-2.531],[-140.75,-2.708],[-141.5,-2.705],[-142.097,-2.25],[-142.272,-1.5],[-142.268,-0.5],[-142.11,0.25],[-142.167,0.5],[-142.25,0.554],[-142.5,0.526],[-142.624,0.25],[-142.433,-0.25],[-143.153,-0.75],[-143.296,-1.0],[-142.764,-1.25],[-142.881,-1.5],[-143.5,-2.152],[-144.25,-2.423],[-144.552,-2.0],[-145.0,-1.74],[-145.25,-1.684],[-145.586,-1.75],[-146.191,-2.25],[-146.0,-2.527],[-145.75,-2.626],[-145.25,-2.668],[-144.837,-3.0],[-144.969,-3.25],[-145.004,-3.75],[-145.238,-4.0],[-145.5,-4.13],[-146.5,-4.189],[-147.0,-3.996],[-147.75,-3.982],[-148.498,-4.5],[-149.121,-5.5],[-149.769,-6.0],[-149.827,-6.25],[-149.631,-7.0],[-150.0,-8.069],[-150.761,-8.75],[-151.529,-9.25],[-151.68,-9.5],[-151.594,-9.75],[-151.731,-10.5],[-153.01,-11.25],[-153.321,-11.5],[-153.642,-12.0],[-153.891,-12.0],[-154.25,-11.82],[-154.222,-11.25],[-154.419,-11.0],[-154.75,-10.872],[-155.75,-10.885],[-156.25,-10.73],[-157.0,-10.333],[-157.5,-10.211],[-157.75,-10.01],[-157.916,-9.5],[-157.626,-8.5],[-157.75,-8.267],[-158.0,-8.238],[-158.25,-8.684],[-158.75,-8.8],[-160.25,-8.817],[-161.0,-8.907],[-162.0,-8.675],[-163.25,-8.586],[-163.75,-8.625],[-164.0,-8.785],[-164.501,-9.25],[-164.866,-9.75],[-164.904,-10.25],[-164.75,-10.509],[-165.0,-10.728],[-165.5,-10.85],[-165.75,-10.609],[-166.0,-10.594],[-166.171,-10.75],[-166.25,-11.103],[-166.457,-11.5],[-166.24,-11.75],[-166.097,-12.25],[-166.25,-12.614],[-166.5,-12.805],[-166.6,-13.0],[-166.25,-13.567],[-165.5,-13.927],[-164.78,-14.0],[-164.566,-14.25],[-164.575,-14.5],[-164.425,-14.75],[-164.136,-15.0],[-163.25,-15.361],[-162.61,-15.75],[-162.774,-16.0],[-162.647,-16.25],[-162.715,-16.5],[-163.75,-16.834],[-164.25,-17.173],[-165.25,-17.08],[-166.0,-17.69],[-166.979,-18.25],[-167.054,-19.0],[-167.31,-19.25],[-168.0,-19.463],[-168.75,-19.483],[-169.246,-19.75],[-169.383,-20.0],[-169.408,-20.25],[-169.341,-20.75],[-169.092,-21.5],[-169.25,-21.649],[-169.5,-21.757],[-169.985,-21.75],[-170.869,-21.25],[-171.75,-20.885],[-171.904,-20.75],[-172.116,-20.0],[-172.0,-19.841],[-171.5,-20.101],[-171.25,-20.108],[-170.75,-19.695],[-170.5,-19.643],[-170.0,-19.833],[-169.887,-19.75],[-169.706,-19.25],[-169.5,-19.174],[-168.75,-18.428],[-168.25,-18.259],[-168.0,-17.921],[-167.281,-17.75],[-167.495,-17.5],[-167.902,-17.25],[-168.192,-16.5],[-168.5,-16.261],[-169.5,-15.88],[-170.0,-15.605],[-171.0,-15.554],[-172.645,-16.5],[-173.047,-17.25],[-174.25,-17.877],[-174.75,-17.876],[-174.876,-17.75],[-174.889,-17.5],[-175.0,-17.398],[-175.611,-17.25],[-175.75,-17.114],[-175.814,-17.0],[-175.5,-16.728],[-175.25,-16.647],[-174.75,-16.728],[-174.318,-16.25],[-173.75,-16.164],[-173.19,-15.5],[-172.956,-15.0],[-173.0,-14.93],[-173.25,-14.949],[-173.75,-15.233],[-174.145,-15.0],[-174.552,-14.25],[-174.462,-14.0],[-174.557,-13.25],[-174.512,-13.0],[-176.25,-11.808],[-176.34,-11.0],[-176.931,-10.5],[-176.75,-10.246],[-176.25,-10.03],[-176.0,-10.217],[-175.25,-10.124],[-174.121,-10.5],[-173.59,-11.0],[-173.0,-11.049],[-172.573,-11.25],[-172.464,-11.5],[-172.064,-12.0],[-172.112,-12.25],[-172.27,-12.5],[-172.399,-13.0],[-172.65,-13.25],[-173.182,-13.5],[-172.75,-14.203],[-171.5,-14.25],[-171.25,-14.0],[-171.383,-13.867],[-171.314,-13.75],[-171.334,-13.25],[-171.25,-12.997],[-170.75,-12.651],[-169.902,-12.25],[-169.5,-11.751],[-169.084,-11.5],[-168.75,-10.683],[-168.5,-10.913],[-168.309,-10.75],[-168.249,-10.5],[-168.5,-10.489],[-168.562,-10.25],[-168.52,-9.75],[-168.876,-9.25],[-169.06,-8.75],[-168.898,-8.5],[-168.777,-7.5],[-168.829,-5.75],[-168.639,-5.0],[-168.25,-4.692],[-167.5,-4.291],[-167.0,-4.337],[-166.441,-4.25],[-166.576,-4.0],[-166.851,-3.75],[-166.791,-3.5],[-166.5,-3.242],[-166.0,-3.081],[-165.75,-2.802],[-165.775,-2.25],[-165.635,-1.75],[-165.464,-1.25],[-164.999,-0.5],[-164.941,-0.25],[-165.034,0.5],[-164.75,0.914],[-164.0,1.429],[-163.588,2.0],[-163.531,2.5],[-164.0,3.406],[-164.25,3.714],[-164.75,3.809],[-165.0,3.951],[-165.25,3.904],[-165.632,3.5],[-166.0,3.389],[-166.5,3.026],[-167.374,2.0],[-167.7,1.5],[-168.237,1.25],[-168.572,0.75],[-168.626,0.25],[-169.25,-0.061],[-169.5,-0.062],[-170.0,0.122],[-170.75,0.695],[-171.75,0.988],[-172.25,0.909],[-173.0,0.434],[-173.25,0.37],[-173.75,0.53],[-174.524,0.0],[-175.25,-0.2],[-175.75,-0.132],[-176.5,-0.157],[-177.0,-0.057],[-177.75,0.801],[-178.0,0.956],[-179.5,0.353],[-180.0,0.303],[-180.0,30.026],[-179.5,29.942],[-179.0,29.749],[-178.5,29.788],[-178.145,30.0],[-177.936,30.75],[-177.083,31.25],[-175.5,31.911],[-174.75,31.958],[-173.75,32.155],[-173.5,32.257],[-172.75,32.886],[-172.5,32.998],[-171.25,33.301],[-170.0,33.719],[-169.818,34.0],[-169.784,35.5],[-169.539,35.75],[-169.0,35.627],[-168.5,35.738],[-167.5,35.515],[-166.737,35.5],[-166.5,35.604],[-166.395,35.75],[-166.571,36.25],[-166.0,36.443],[-165.25,36.908],[-164.25,37.639],[-164.136,38.0],[-163.75,38.219],[-162.5,37.894],[-162.0,37.918],[-161.397,38.25],[-160.5,38.367],[-160.25,38.599],[-159.75,38.794],[-158.25,39.049],[-157.0,39.6],[-156.5,39.613],[-155.5,39.478],[-154.75,39.528],[-153.75,39.939],[-153.651,40.0],[-153.783,40.5],[-153.741,40.75],[-153.06,41.0],[-152.654,41.25],[-152.5,41.365],[-152.344,41.75],[-152.298,42.0],[-152.376,42.25],[-152.803,42.75],[-152.845,43.0],[-152.75,43.132],[-152.603,43.25],[-151.75,43.399],[-150.75,43.345],[-149.98,43.5],[-149.799,43.75],[-150.0,43.919],[-151.395,44.5],[-151.038,44.75],[-150.25,45.019],[-150.0,45.178],[-149.96,45.25],[-150.499,45.75],[-150.0,45.975],[-148.962,46.25],[-148.867,46.5],[-149.606,47.25],[-149.568,47.75],[-149.938,48.0],[-150.059,48.25],[-149.725,48.5],[-149.742,48.75],[-150.0,48.828],[-151.5,49.089],[-153.0,49.104],[-154.5,48.786],[-155.75,48.408],[-156.342,48.0],[-158.25,47.015],[-158.75,46.677],[-159.686,46.25],[-160.301,45.75],[-161.75,45.05],[-162.002,44.75],[-162.175,44.0],[-163.277,43.25],[-163.5,42.687],[-164.5,42.356],[-165.0,41.816],[-165.75,41.37],[-166.5,41.262],[-167.0,41.034],[-167.289,40.75],[-167.5,40.377],[-168.5,39.891],[-168.986,39.75],[-168.917,39.25],[-169.0,39.042],[-169.75,39.105],[-170.25,38.939],[-171.369,38.75],[-171.598,38.5],[-172.013,38.25],[-172.874,38.0],[-173.066,37.75],[-173.133,37.5],[-174.25,37.187],[-175.75,35.838],[-177.75,34.354],[-178.5,33.67],[-180.0,32.982],[-180.0,38.009],[-179.224,38.5],[-179.116,38.75],[-179.141,39.0],[-179.055,39.25],[-178.386,39.75],[-178.378,40.0],[-178.75,40.202],[-179.25,40.172],[-179.639,40.0],[-180.0,39.633],[-180.0,43.124],[-179.0,43.481],[-178.5,43.542],[-177.75,43.891],[-177.359,44.25],[-177.184,44.5],[-177.25,44.624],[-177.75,44.83],[-177.924,45.0],[-177.982,45.25],[-177.875,45.5],[-177.25,45.863],[-176.844,46.25],[-175.974,46.75],[-174.959,47.5],[-174.964,47.75],[-175.187,48.0],[-175.201,48.25],[-174.599,49.0],[-175.235,49.5],[-175.314,49.75],[-174.957,50.25],[-174.489,50.5],[-174.392,51.25],[-173.897,51.5],[-173.0,51.778],[-172.66,52.16],[-172.5,52.0],[-172.25,52.079],[-172.074,52.25],[-172.5,52.652],[-172.75,52.57],[-173.269,52.75],[-172.955,53.0],[-173.5,53.329],[-174.25,53.143],[-174.75,53.197],[-175.0,53.381],[-176.601,54.0],[-176.743,54.25],[-176.5,54.308],[-176.16,54.25],[-174.5,53.565],[-173.75,53.536],[-172.5,53.703],[-172.115,54.0],[-172.199,54.25],[-172.101,54.5],[-168.5,55.554],[-167.5,55.594],[-164.994,55.25],[-164.924,55.0],[-165.25,54.601],[-166.0,54.401],[-166.15,54.25],[-166.75,54.198],[-167.517,53.75],[-168.0,53.75],[-169.0,53.21],[-169.25,53.145],[-169.75,53.224],[-170.0,53.139],[-170.15,53.0],[-170.182,52.75],[-170.0,52.642],[-169.25,52.906],[-168.889,52.889],[-168.75,52.75],[-168.627,52.873],[-167.874,53.124],[-167.75,53.0],[-167.554,53.196],[-167.25,53.284],[-167.073,53.323],[-167.0,53.25],[-166.75,53.25],[-166.554,53.446],[-166.25,53.5],[-165.75,53.839],[-164.75,54.15],[-164.086,54.5],[-163.25,54.5],[-163.109,54.641],[-162.5,54.429],[-162.324,54.5],[-162.25,54.677],[-161.0,55.206],[-160.75,55.0],[-160.5,55.0],[-160.358,55.142],[-160.0,54.927],[-159.25,54.908],[-159.063,55.0],[-158.868,55.5],[-158.36,56.0],[-158.0,56.095],[-157.507,56.5],[-157.0,56.573],[-156.75,56.702],[-155.643,57.5],[-155.38,57.5],[-155.25,57.378],[-155.126,57.0],[-155.11,56.25],[-155.5,56.185],[-155.74,56.0],[-155.5,55.847],[-154.973,56.0],[-154.75,56.192],[-154.55,56.25],[-153.75,56.301],[-152.948,56.5],[-152.21,56.75],[-150.625,57.75],[-150.568,58.0],[-150.75,58.166],[-151.103,58.25],[-149.725,58.5],[-149.0,58.764],[-147.0,59.698],[-146.5,59.734],[-146.25,59.478],[-146.193,59.5],[-146.228,59.75],[-145.25,59.967],[-144.25,59.783],[-143.334,60.0],[-142.461,60.0],[-141.75,59.75],[-141.163,59.663],[-141.0,59.5],[-140.102,59.5],[-139.75,59.25],[-139.388,59.25],[-139.0,59.126],[-138.694,59.0],[-138.232,58.25],[-137.253,58.0],[-137.099,57.75],[-137.161,57.5],[-137.086,57.25],[-136.182,56.75],[-135.969,56.25],[-135.751,56.0],[-135.649,55.25],[-135.749,55.0],[-136.152,54.75],[-136.372,54.5],[-136.129,54.25],[-136.042,53.75],[-135.886,53.5],[-136.22,53.0],[-135.942,52.5],[-136.074,52.25],[-136.733,51.5],[-137.22,51.25],[-137.472,51.0],[-137.25,50.461],[-137.373,50.25],[-138.25,49.606],[-138.488,49.25],[-138.876,49.0],[-140.233,48.75],[-140.725,48.5],[-139.991,48.0],[-139.876,47.75],[-140.158,47.25],[-140.422,47.0],[-140.432,46.5],[-140.526,46.25],[-140.739,46.0],[-141.45,45.75],[-141.336,45.25],[-141.75,45.059],[-142.75,44.982],[-144.0,44.671],[-144.281,44.5],[-144.007,44.25],[-142.831,43.75],[-142.76,43.5],[-143.432,43.25],[-143.501,43.0],[-143.453,42.75],[-145.25,42.427],[-145.529,42.25],[-144.472,41.75],[-145.25,41.668],[-145.528,41.5],[-145.606,41.0],[-146.56,40.75],[-146.604,40.5],[-146.511,40.25],[-146.278,40.0],[-146.262,39.75],[-146.409,39.25],[-146.277,38.75],[-146.0,38.292],[-145.846,38.25],[-147.25,38.327],[-147.371,38.25],[-147.314,38.0],[-146.825,37.5],[-146.459,37.25],[-146.293,37.0],[-146.398,36.75],[-146.0,36.644],[-145.75,36.727],[-145.5,36.698],[-145.365,36.25],[-144.0,35.27],[-144.0,35.122],[-144.189,35.0],[-143.5,34.743],[-142.75,34.718],[-142.0,34.567],[-141.5,34.652],[-141.25,34.616],[-140.75,34.125],[-140.0,33.898],[-139.667,33.5],[-139.25,33.207],[-138.25,33.151],[-138.189,33.25],[-138.326,33.5],[-138.25,33.603],[-137.25,33.358],[-136.25,33.314],[-135.75,33.131],[-135.25,33.081],[-134.75,32.696],[-134.5,32.614],[-133.75,32.725],[-133.5,32.377],[-133.25,32.295],[-132.927,32.5],[-132.5,33.03],[-131.75,32.725],[-130.75,32.61],[-130.5,32.668],[-130.0,32.961],[-128.25,33.104],[-128.028,33.25],[-127.886,33.5],[-127.873,33.75],[-128.523,35.0],[-128.648,35.75],[-128.584,36.75],[-128.646,37.0],[-129.24,38.0],[-129.299,38.25],[-129.202,38.75],[-129.296,39.0],[-129.327,40.5],[-129.118,41.0],[-128.75,41.278],[-128.0,41.496],[-127.393,42.0],[-126.987,42.5],[-126.5,42.74],[-126.25,42.758],[-125.25,42.347],[-125.0,42.382],[-124.759,42.25],[-124.809,41.75],[-124.625,40.5],[-124.133,39.25],[-123.692,38.5],[-123.339,37.5],[-123.137,36.25],[-123.25,35.961],[-123.75,36.228],[-124.578,36.0],[-124.622,35.75],[-124.469,35.0],[-124.75,34.699],[-125.0,33.599],[-125.25,33.494],[-125.558,33.5],[-125.649,33.25],[-125.25,32.62],[-124.75,32.385],[-124.143,31.75],[-123.75,31.505],[-123.25,31.417],[-122.75,31.89],[-122.5,31.821],[-122.151,30.75],[-121.5,29.768],[-121.25,29.561],[-120.75,29.598],[-120.49,29.5],[-120.5,29.235],[-120.676,29.0],[-121.0,28.819],[-121.25,28.49],[-121.5,27.75],[-121.431,27.0],[-121.092,26.0],[-121.284,25.25],[-121.399,24.5],[-121.37,24.0],[-121.554,23.5],[-121.551,23.25],[-121.155,22.75],[-121.182,22.5],[-121.956,21.5],[-122.027,21.25],[-122.12,20.75],[-122.062,20.5],[-121.733,20.0],[-121.667,19.75],[-122.151,19.0],[-122.24,18.5],[-122.153,18.0],[-121.841,17.5],[-121.711,17.0],[-122.146,16.75],[-122.75,16.109],[-122.821,15.75],[-122.585,14.25],[-122.4,13.75],[-122.379,13.25],[-122.068,12.5],[-121.855,11.25],[-121.5,10.91],[-121.25,10.844],[-120.962,11.25],[-120.5,11.378],[-120.25,11.164],[-120.057,10.75],[-119.891,9.5],[-120.0,9.138],[-120.356,8.75],[-120.477,8.5],[-120.25,8.261],[-119.25,7.973],[-118.5,7.318],[-117.75,7.146],[-117.0,6.723],[-116.75,6.761],[-116.5,6.922],[-116.0,6.973],[-115.953,7.0],[-116.032,7.25],[-116.5,7.718],[-117.25,8.135],[-117.75,8.079],[-118.0,8.208],[-118.051,8.5],[-118.0,8.677],[-117.75,9.009],[-117.25,8.496],[-116.5,8.096],[-116.0,7.995],[-115.5,7.712],[-115.0,7.564],[-114.75,7.653],[-114.5,7.867],[-114.25,7.782],[-114.0,7.539],[-113.949,7.25],[-114.0,7.221],[-115.0,7.168],[-115.423,6.75],[-115.241,6.25],[-114.824,3.75],[-114.112,3.5],[-114.102,2.5],[-114.017,2.0],[-113.75,1.615],[-113.563,1.5],[-113.25,1.488],[-112.5,1.903],[-112.0,1.28],[-111.75,1.199],[-111.25,1.402],[-110.5,1.875],[-110.25,1.902],[-109.5,1.653],[-108.75,1.655],[-108.5,1.566],[-108.209,1.25],[-107.752,0.0],[-107.428,-0.25],[-107.25,-0.5],[-107.0,-1.214],[-106.501,-2.0],[-106.0,-2.119],[-104.25,-2.028],[-103.25,-2.098],[-102.75,-2.375],[-102.25,-2.791],[-102.0,-3.228],[-101.75,-3.294],[-101.532,-3.5],[-101.5,-3.843],[-101.25,-4.109],[-100.25,-4.339],[-100.0,-4.434],[-99.626,-4.75],[-99.0,-4.942],[-98.75,-4.952],[-98.5,-4.858],[-98.19,-4.5],[-98.323,-4.0],[-98.208,-3.75],[-97.75,-3.311],[-97.25,-3.375],[-97.0,-3.319],[-96.75,-3.433],[-96.192,-3.25],[-96.0,-3.047],[-95.75,-3.01],[-95.529,-3.5],[-95.255,-3.75],[-95.147,-4.0],[-95.097,-4.25],[-95.325,-4.75],[-95.25,-4.856],[-94.5,-5.199],[-94.0,-5.546],[-93.75,-5.582],[-92.5,-5.178],[-92.0,-5.366],[-91.5,-5.166],[-91.25,-5.311],[-90.5,-6.27],[-90.25,-6.384],[-89.674,-6.0],[-89.25,-5.935],[-88.676,-6.25],[-88.776,-6.75],[-88.634,-7.0],[-88.0,-7.621],[-87.5,-7.772],[-87.251,-8.0],[-87.177,-8.5],[-87.048,-8.75],[-87.101,-9.0],[-87.737,-9.5],[-88.25,-10.468],[-88.5,-10.557],[-88.75,-10.579],[-88.998,-10.5],[-89.258,-10.25],[-89.309,-9.75],[-89.238,-9.5],[-89.402,-9.0],[-90.25,-7.733],[-90.75,-7.716],[-91.0,-7.397],[-91.5,-7.472],[-91.351,-8.0],[-91.624,-8.25],[-91.756,-8.5],[-91.25,-8.621],[-90.308,-9.5],[-90.33,-10.0],[-90.25,-10.227],[-89.75,-10.86],[-89.476,-11.0],[-89.145,-11.75],[-88.75,-12.202],[-88.5,-12.3],[-87.75,-12.317],[-87.656,-11.75],[-87.25,-11.535],[-87.0,-11.686],[-86.5,-12.358],[-86.047,-12.75],[-86.0,-13.025],[-86.185,-13.25],[-86.5,-13.396],[-86.75,-13.358],[-87.25,-12.626],[-87.5,-12.517],[-87.717,-13.0],[-88.0,-13.277],[-88.25,-13.382],[-89.466,-13.0],[-89.75,-13.03],[-90.046,-13.25],[-90.391,-14.0],[-90.419,-14.25],[-90.25,-14.688],[-89.75,-14.781],[-89.25,-15.068],[-88.903,-15.5],[-88.874,-15.75],[-89.5,-16.578],[-90.25,-16.799],[-90.503,-17.0],[-90.671,-17.75],[-90.59,-18.0],[-90.5,-18.101],[-90.0,-18.293],[-89.5,-18.298],[-89.25,-18.466],[-89.111,-18.75],[-88.75,-18.942],[-88.25,-19.428],[-87.75,-19.504],[-87.286,-19.75],[-87.5,-19.89],[-88.0,-19.906],[-88.179,-20.0],[-88.318,-20.25],[-88.326,-20.75],[-88.643,-21.5],[-89.5,-21.94],[-90.0,-22.665],[-90.5,-23.003],[-90.994,-23.5],[-91.155,-23.75],[-91.274,-24.25],[-91.23,-24.5],[-90.838,-24.75],[-90.893,-25.0],[-91.0,-25.254],[-91.5,-25.63],[-91.789,-26.0],[-91.626,-26.25],[-92.624,-26.75],[-93.124,-27.25],[-93.907,-27.75],[-94.113,-28.0],[-94.25,-28.346],[-94.5,-28.612],[-95.25,-28.769],[-95.716,-29.0],[-95.971,-29.5],[-96.5,-29.87],[-97.25,-30.066],[-99.102,-30.25],[-99.25,-30.425],[-99.302,-30.75],[-99.5,-30.998],[-100.0,-31.206],[-100.367,-31.5],[-100.558,-31.75],[-100.626,-32.0],[-100.5,-32.253],[-100.25,-32.301],[-99.5,-32.244],[-99.25,-32.317],[-99.118,-32.5],[-98.969,-33.0],[-98.898,-33.75],[-98.732,-34.0],[-98.5,-34.156],[-97.75,-34.18],[-97.0,-34.431],[-96.637,-34.75],[-96.25,-35.379],[-95.5,-35.606],[-95.0,-35.964],[-94.861,-36.25],[-94.907,-36.5],[-95.63,-36.75],[-95.994,-37.0],[-95.836,-37.25],[-95.25,-37.346],[-94.25,-37.181],[-93.5,-37.153],[-93.0,-37.23],[-92.557,-37.5],[-92.418,-37.75],[-92.648,-38.0],[-93.455,-38.25],[-93.931,-38.5],[-94.077,-38.75],[-94.067,-39.0],[-93.783,-39.25],[-92.75,-39.286],[-91.75,-39.421],[-91.516,-39.25],[-91.761,-38.5],[-91.533,-38.25],[-91.25,-38.15],[-90.0,-38.316],[-89.5,-38.605],[-89.15,-39.0],[-89.25,-39.283],[-91.5,-39.569],[-92.402,-40.25],[-92.427,-40.75],[-91.86,-41.0],[-91.91,-41.25],[-91.667,-41.5],[-91.814,-42.5],[-91.73,-42.75],[-91.319,-43.25],[-91.263,-44.5],[-90.764,-45.0],[-90.684,-45.25],[-90.015,-45.75],[-89.0,-46.75],[-88.722,-47.25],[-88.59,-47.75],[-88.647,-48.0],[-88.46,-48.25],[-88.274,-48.75],[-88.397,-49.0],[-88.184,-49.25],[-88.194,-49.5],[-88.339,-49.75],[-88.216,-50.5],[-87.75,-51.884],[-87.25,-51.99],[-85.5,-51.722],[-84.75,-51.818],[-84.462,-52.0],[-84.27,-52.25],[-84.0,-52.904],[-83.454,-53.75],[-83.25,-53.905],[-82.75,-54.076],[-82.0,-54.074],[-81.722,-54.0],[-80.794,-53.5],[-80.897,-53.25],[-80.809,-53.0],[-80.25,-52.437],[-80.0,-52.29],[-79.25,-52.133],[-78.75,-51.895],[-78.525,-51.75],[-78.364,-51.25],[-77.75,-50.687],[-77.25,-50.425],[-76.5,-50.288],[-76.25,-49.959],[-76.0,-49.823],[-75.75,-50.032],[-75.528,-50.5],[-75.563,-50.75],[-75.284,-51.0],[-75.414,-51.25],[-75.438,-51.5],[-75.25,-51.737],[-75.25,-52.0],[-75.093,-52.343],[-75.25,-52.5],[-75.25,-53.0],[-75.0,-53.25],[-74.75,-53.25],[-74.5,-53.0],[-73.955,-53.455],[-74.0,-53.5],[-73.75,-53.75],[-73.586,-53.75],[-73.25,-54.141],[-72.658,-54.342],[-72.5,-54.5],[-72.25,-54.5],[-72.0,-54.75],[-71.75,-54.75],[-71.531,-54.969],[-72.25,-54.823],[-73.663,-55.25],[-74.0,-55.518],[-74.476,-55.75],[-74.964,-56.25],[-75.365,-56.5],[-77.47,-57.0],[-79.076,-57.75],[-79.0,-57.847],[-78.75,-57.918],[-78.0,-57.89],[-77.651,-58.0],[-77.926,-58.5],[-79.057,-59.25],[-79.306,-59.5],[-79.336,-59.75],[-79.583,-60.25],[-79.526,-60.5],[-79.146,-60.75],[-79.376,-61.0],[-80.0,-61.272],[-81.5,-61.584],[-81.889,-61.75],[-82.068,-62.0],[-81.918,-62.75],[-81.75,-62.986],[-81.5,-62.954],[-80.5,-62.515],[-80.0,-62.44],[-79.668,-62.5],[-79.0,-62.86],[-78.0,-63.086],[-77.25,-63.064],[-76.5,-62.887],[-76.0,-63.067],[-74.5,-63.059],[-73.5,-62.833],[-72.75,-62.429],[-72.0,-62.197],[-70.5,-62.041],[-69.25,-62.257],[-67.25,-61.735],[-65.287,-61.5],[-64.25,-61.153],[-63.75,-60.786],[-63.0,-60.524],[-61.75,-60.526],[-60.75,-60.227],[-59.25,-60.06],[-59.0,-60.048],[-58.75,-60.159],[-58.712,-60.25],[-59.055,-60.75],[-59.598,-61.25],[-59.5,-61.339],[-58.845,-61.0],[-58.0,-60.39],[-57.143,-60.0],[-56.5,-59.841],[-53.25,-59.578],[-51.25,-59.315],[-45.75,-59.053],[-43.792,-58.75],[-41.5,-58.076],[-39.0,-57.91],[-38.0,-57.601],[-37.5,-57.209],[-36.5,-57.102],[-35.008,-56.5],[-35.063,-56.25],[-35.65,-56.0],[-35.521,-55.75],[-36.75,-55.05],[-36.852,-54.75],[-37.0,-54.723],[-37.18,-54.5],[-36.75,-54.5],[-36.25,-55.0],[-36.0,-55.0],[-35.66,-54.75],[-35.653,-54.5],[-35.75,-54.379],[-36.75,-54.0],[-37.259,-53.991],[-37.367,-53.883],[-37.25,-53.87],[-35.5,-53.97],[-34.728,-54.75],[-34.156,-55.0],[-34.5,-55.204],[-34.75,-55.209],[-35.0,-54.944],[-35.086,-55.0],[-35.109,-55.25],[-35.4,-55.5],[-35.25,-55.578],[-34.25,-55.604],[-33.25,-55.887],[-32.5,-55.933],[-31.75,-55.76],[-31.25,-55.429],[-31.25,-55.119],[-31.791,-54.75],[-31.98,-54.5],[-31.75,-54.303],[-30.0,-54.21],[-28.25,-54.358],[-25.75,-54.347],[-24.25,-54.701],[-23.25,-54.785],[-22.5,-54.626],[-22.0,-54.093],[-21.75,-54.0],[-20.5,-53.838],[-20.25,-54.036],[-19.75,-54.057],[-19.5,-53.952],[-19.31,-53.75],[-19.0,-53.639],[-17.75,-53.5],[-17.5,-53.156],[-17.25,-53.16],[-15.43,-54.0],[-15.376,-54.25],[-15.646,-55.0],[-15.495,-55.25],[-14.169,-56.0],[-13.913,-56.5],[-13.0,-57.047],[-12.75,-57.117],[-12.25,-57.057],[-11.55,-57.25],[-11.0,-57.285],[-10.5,-57.268],[-10.25,-57.128],[-9.75,-57.064],[-8.991,-57.25],[-8.25,-57.297],[-7.0,-56.688],[-6.25,-56.729],[-5.778,-56.5],[-5.604,-56.25],[-5.789,-56.0],[-6.894,-55.5],[-7.57,-55.0],[-8.147,-54.75],[-9.0,-54.121],[-10.0,-53.818],[-10.792,-53.75],[-10.5,-53.658],[-10.351,-53.5],[-10.75,-53.295],[-13.5,-53.144],[-13.954,-53.25],[-14.047,-53.5],[-13.47,-53.75],[-14.25,-53.893],[-14.75,-53.769],[-16.029,-52.75],[-16.01,-52.0],[-16.251,-51.5],[-16.397,-51.25],[-16.916,-51.0],[-16.75,-50.722],[-14.5,-49.86],[-13.75,-49.666],[-12.538,-49.5],[-11.75,-49.214],[-10.5,-49.101],[-8.25,-49.206],[-7.775,-49.5],[-6.864,-50.25],[-6.5,-50.648],[-6.124,-51.25],[-5.5,-51.486],[-5.0,-51.369],[-4.5,-51.136],[-2.623,-49.75],[-2.0,-49.596],[-1.75,-49.65],[-1.393,-50.0],[-1.403,-50.25],[-1.608,-50.75],[-1.638,-51.0],[-1.568,-51.25],[-1.062,-52.0],[-0.75,-52.29],[0.25,-53.081],[2.25,-54.257],[2.75,-54.394],[3.5,-54.375],[3.717,-54.5],[3.629,-54.75],[3.75,-55.058],[4.421,-55.5],[5.25,-55.898],[6.0,-56.101],[7.5,-56.232],[8.5,-56.148],[9.75,-55.818],[11.5,-55.554],[12.25,-55.693],[13.75,-55.801],[15.75,-55.776],[17.0,-55.885],[19.75,-56.826],[20.468,-57.25],[21.5,-57.677],[23.0,-58.495],[24.5,-59.673],[25.5,-59.392],[26.0,-59.519],[26.397,-59.75],[26.627,-60.25],[27.25,-60.701],[27.5,-61.012],[27.75,-60.956],[28.528,-60.5],[30.5,-60.302],[32.25,-61.033],[33.5,-61.124],[35.5,-61.051],[36.0,-60.929],[37.0,-60.851],[38.25,-60.451],[39.5,-60.256],[40.25,-60.633],[40.75,-60.762],[43.25,-61.007],[44.75,-60.892],[47.25,-61.284],[49.0,-61.755],[50.75,-61.874],[51.75,-61.661],[52.75,-61.602],[54.0,-61.406],[54.178,-61.5],[54.143,-62.0],[54.5,-62.216],[55.75,-61.544],[56.559,-61.25],[58.583,-60.0],[59.5,-59.732],[60.214,-59.75],[60.289,-60.0],[60.0,-60.271],[59.111,-60.75],[58.179,-61.0],[57.25,-61.422],[57.15,-61.5],[57.25,-61.696],[58.5,-61.361],[59.25,-61.547],[60.09,-61.5],[61.048,-61.25],[62.5,-60.592],[64.0,-60.268],[67.75,-60.113],[71.25,-60.085],[71.75,-59.894],[73.0,-59.67],[73.25,-59.449],[73.5,-59.058],[73.75,-58.943],[74.457,-59.25],[74.75,-59.286],[78.0,-59.316],[79.75,-59.067],[80.0,-58.861],[80.25,-58.8],[81.0,-58.751],[82.25,-58.999],[83.75,-59.011],[84.25,-59.332],[85.25,-59.606],[85.428,-59.75],[85.454,-60.25],[85.75,-60.533],[87.5,-60.758],[87.75,-61.056],[88.25,-61.297],[89.25,-61.325],[91.0,-61.061],[91.5,-61.118],[92.25,-61.375],[93.0,-61.361],[93.5,-61.294],[94.25,-60.939],[94.75,-60.978],[95.25,-61.197],[95.5,-61.215],[97.0,-60.896],[98.0,-60.852],[99.024,-61.0],[99.324,-61.25],[99.432,-61.5],[99.424,-61.75],[99.807,-62.0],[100.25,-62.099],[101.0,-62.05],[103.0,-61.534],[104.75,-61.628],[105.5,-61.715],[106.0,-61.868],[108.0,-61.459],[108.75,-61.666],[110.25,-61.87],[111.0,-62.114],[112.25,-62.369],[113.25,-62.352],[114.25,-62.607],[116.0,-62.602],[118.0,-62.927],[119.07,-63.25],[118.64,-63.5],[118.755,-63.75],[120.5,-64.051],[124.25,-64.192],[126.0,-64.398],[128.5,-64.553],[131.25,-64.572],[133.0,-64.291],[133.75,-64.253],[135.5,-64.328],[138.5,-64.771],[141.0,-64.71],[144.75,-64.803],[146.75,-64.685],[148.567,-64.0],[151.5,-63.139],[152.75,-63.088],[155.0,-62.602],[157.0,-62.761],[157.25,-62.754],[157.5,-62.613],[159.25,-62.419],[160.5,-62.475],[160.75,-62.347],[161.47,-62.25],[162.0,-62.049],[163.75,-61.972],[164.5,-61.518],[165.25,-61.529],[165.75,-61.347],[167.0,-61.63],[167.5,-61.491],[167.789,-61.5],[168.167,-62.0],[168.5,-62.088],[168.75,-62.069],[169.25,-61.823],[169.5,-61.787],[171.144,-62.0],[171.75,-62.228],[172.0,-62.17],[172.5,-62.209],[172.628,-62.25],[172.132,-62.5],[173.488,-62.75],[174.5,-63.182],[175.25,-63.224],[176.155,-63.0],[178.506,-61.5],[178.794,-61.25],[178.925,-61.0],[178.585,-60.75],[179.75,-59.82],[179.75,-64.882],[179.5,-64.914],[179.0,-64.932],[178.5,-64.845],[177.25,-64.391],[174.5,-64.266],[174.25,-64.07],[173.999,-64.0],[174.123,-63.75],[173.75,-63.618],[172.5,-63.597],[171.25,-63.43],[170.862,-63.5],[170.745,-63.75],[170.5,-63.848],[169.25,-63.814],[168.5,-63.961],[167.496,-63.75],[165.75,-62.973],[165.5,-62.937],[163.0,-62.832],[162.0,-62.886],[161.25,-62.758],[159.25,-62.747],[158.0,-62.842],[157.0,-63.113],[155.75,-62.947],[155.0,-62.988],[153.75,-63.357],[152.25,-63.621],[150.5,-64.299],[148.25,-64.979],[146.5,-65.236],[143.75,-65.188],[139.75,-65.246],[135.5,-64.806],[134.5,-64.844],[132.75,-65.067],[132.0,-65.057],[131.5,-64.944],[131.25,-65.218],[131.0,-65.239],[125.0,-64.579],[122.0,-64.561],[118.5,-64.015],[117.824,-63.75],[117.327,-63.25],[116.25,-63.054],[112.5,-63.014],[111.0,-62.703],[107.754,-62.5],[105.0,-62.04],[103.25,-61.945],[101.0,-62.223],[100.0,-62.204],[99.5,-62.066],[98.75,-61.624],[97.75,-61.48],[95.5,-61.637],[94.25,-61.436],[93.25,-61.644],[91.0,-61.72],[90.0,-61.508],[88.75,-61.57],[88.0,-61.446],[87.0,-61.045],[86.25,-60.956],[85.5,-60.71],[85.231,-60.5],[85.0,-59.954],[84.455,-59.75],[83.75,-59.578],[82.5,-59.605],[81.0,-59.376],[77.75,-59.93],[75.5,-59.937],[74.25,-60.043],[71.25,-60.996],[70.25,-60.904],[69.0,-60.969],[68.25,-61.218],[67.75,-61.531],[66.5,-61.796],[65.5,-61.847],[64.0,-61.727],[61.0,-61.695],[59.5,-61.856],[58.5,-61.705],[58.304,-61.75],[58.132,-62.0],[58.0,-62.062],[57.5,-62.138],[57.0,-62.066],[56.5,-61.734],[56.25,-61.704],[55.99,-61.75],[55.0,-62.301],[54.5,-62.412],[54.041,-62.25],[53.785,-62.0],[53.75,-61.735],[53.5,-61.695],[51.5,-61.978],[50.75,-62.291],[50.25,-62.408],[49.25,-62.222],[48.25,-62.327],[45.5,-61.819],[44.0,-61.822],[40.0,-61.52],[39.886,-61.5],[39.734,-61.25],[39.25,-60.813],[39.0,-60.795],[35.5,-61.222],[33.5,-61.282],[32.0,-61.151],[31.0,-60.714],[30.25,-60.618],[28.75,-60.728],[27.75,-61.167],[27.5,-61.185],[27.0,-61.009],[26.947,-60.75],[26.75,-60.642],[26.171,-60.5],[25.94,-60.25],[26.0,-59.994],[25.75,-59.726],[25.25,-59.74],[24.5,-59.976],[23.75,-60.051],[23.589,-60.0],[23.25,-59.656],[22.244,-59.25],[21.703,-58.75],[20.601,-58.25],[20.25,-57.967],[19.0,-57.934],[18.0,-57.689],[16.75,-57.566],[16.25,-57.38],[14.95,-57.25],[13.75,-56.777],[12.75,-56.188],[12.25,-55.989],[11.5,-55.865],[11.25,-55.856],[9.75,-56.197],[8.5,-56.652],[7.25,-56.53],[6.75,-56.651],[5.156,-56.75],[4.0,-56.938],[3.0,-56.808],[2.25,-56.44],[1.5,-56.382],[-0.5,-56.856],[-1.25,-56.941],[-4.25,-56.994],[-5.25,-56.887],[-7.0,-57.078],[-8.0,-57.445],[-8.5,-57.537],[-9.75,-57.375],[-11.25,-57.569],[-12.25,-57.46],[-13.5,-57.779],[-15.0,-57.496],[-15.25,-57.481],[-15.75,-57.641],[-16.5,-57.534],[-17.0,-57.34],[-17.868,-57.25],[-18.75,-56.78],[-19.5,-56.553],[-20.75,-56.515],[-21.25,-56.343],[-21.5,-56.353],[-22.25,-56.76],[-23.25,-56.616],[-24.75,-56.761],[-25.25,-56.171],[-25.859,-56.0],[-26.25,-55.614],[-26.75,-55.292],[-28.25,-54.861],[-29.25,-54.841],[-30.0,-54.966],[-30.63,-55.25],[-30.538,-56.25],[-30.69,-56.5],[-31.0,-56.774],[-31.25,-56.978],[-31.5,-57.066],[-32.0,-57.169],[-32.75,-57.15],[-33.0,-57.278],[-34.0,-57.367],[-34.5,-57.537],[-35.0,-57.576],[-36.75,-57.603],[-37.25,-57.456],[-37.433,-57.5],[-37.39,-57.75],[-37.65,-58.0],[-38.25,-58.127],[-38.5,-58.349],[-39.0,-58.437],[-39.75,-58.347],[-40.5,-58.513],[-41.0,-58.422],[-41.5,-58.468],[-42.5,-58.962],[-43.0,-59.295],[-46.0,-59.742],[-47.25,-59.706],[-47.695,-60.0],[-48.0,-60.096],[-49.0,-60.138],[-49.5,-60.295],[-51.0,-60.453],[-51.5,-60.43],[-53.0,-60.908],[-55.0,-60.952],[-55.75,-61.275],[-56.25,-61.625],[-56.641,-61.75],[-57.5,-61.825],[-58.5,-61.75],[-58.75,-62.0],[-59.0,-62.0],[-59.324,-62.25],[-59.25,-62.387],[-59.107,-62.393],[-58.75,-62.644],[-58.535,-63.0],[-59.577,-63.5],[-60.25,-63.682],[-60.602,-63.648],[-60.75,-63.5],[-61.25,-63.909],[-61.75,-63.778],[-62.5,-63.767],[-62.537,-63.5],[-62.261,-63.25],[-61.75,-62.973],[-61.312,-62.938],[-61.25,-63.0],[-61.189,-62.939],[-60.75,-63.038],[-60.057,-62.75],[-60.197,-62.553],[-60.0,-62.75],[-59.75,-62.75],[-59.5,-62.5],[-59.75,-62.25],[-60.0,-62.25],[-60.297,-62.5],[-61.158,-62.592],[-61.25,-62.5],[-61.343,-62.593],[-61.48,-62.5],[-61.248,-62.0],[-61.25,-61.691],[-61.555,-61.5],[-62.75,-61.456],[-63.0,-61.23],[-63.25,-61.228],[-65.0,-61.899],[-65.5,-62.012],[-66.5,-62.06],[-66.94,-62.25],[-67.15,-62.5],[-67.5,-62.614],[-68.25,-62.609],[-69.0,-62.726],[-70.25,-63.266],[-71.75,-63.251],[-72.25,-63.434],[-73.75,-63.711],[-74.5,-64.013],[-76.0,-64.117],[-76.75,-64.302],[-77.5,-64.286],[-78.5,-64.114],[-79.5,-64.122],[-80.75,-64.592],[-81.25,-65.03],[-81.5,-65.103],[-81.971,-65.5],[-82.75,-65.748],[-84.25,-65.77]]]},"properties":{"hvalue":2.0,"color":"#6c99d2"}},{"type":"Feature","geometry":{"type":"Polygon","coordinates":[[[-38.75,-3.046],[-39.0,-2.792],[-39.265,-2.75],[-39.043,-2.25],[-39.491,-1.75],[-39.25,-1.662],[-38.879,-1.75],[-38.75,-2.004],[-38.5,-2.125],[-38.25,-1.874],[-37.25,-2.361],[-36.389,-2.5],[-36.942,-2.75],[-36.823,-3.0],[-36.567,-3.25],[-36.75,-3.51],[-37.75,-3.415],[-38.366,-3.25],[-38.75,-3.046]]]},"properties":{"hvalue":2.0,"color":"#6c99d2"}},{"type":"Feature","geometry":{"type":"Polygon","coordinates":[[[-37.25,-1.753],[-37.25,-1.74],[-37.065,-1.75],[-37.25,-1.753]]]},"properties":{"hvalue":2.0,"color":"#6c99d2"}},{"type":"Feature","geometry":{"type":"Polygon","coordinates":[[[-48.526,10.75],[-49.5,10.929],[-50.25,11.309],[-51.0,11.556],[-51.5,11.522],[-51.75,11.34],[-52.0,11.318],[-52.25,11.4],[-53.0,11.327],[-53.481,11.5],[-53.75,11.823],[-55.25,11.976],[-55.5,12.151],[-56.0,12.284],[-56.25,12.462],[-57.25,12.496],[-58.25,12.311],[-58.526,11.75],[-58.74,11.5],[-59.0,11.349],[-60.0,11.253],[-60.25,11.336],[-60.424,11.5],[-60.455,12.0],[-60.285,12.25],[-60.0,12.407],[-59.25,12.609],[-59.0,12.503],[-58.75,12.534],[-58.721,12.75],[-59.0,13.124],[-59.187,13.25],[-59.238,13.5],[-59.048,14.0],[-59.161,14.25],[-59.75,14.556],[-60.75,14.749],[-61.036,15.0],[-61.137,15.75],[-60.972,16.25],[-61.5,17.21],[-61.5,17.278],[-61.25,17.319],[-61.116,17.5],[-61.213,18.0],[-61.047,18.25],[-60.857,19.0],[-60.704,19.25],[-60.25,19.668],[-60.07,20.0],[-60.064,20.75],[-59.919,21.0],[-59.25,21.376],[-58.5,21.41],[-57.5,21.16],[-57.082,21.25],[-56.75,21.417],[-56.25,21.442],[-55.75,21.186],[-55.515,21.25],[-55.6,21.5],[-55.25,21.527],[-55.003,21.5],[-55.478,21.25],[-55.519,21.0],[-55.25,20.809],[-55.0,20.829],[-54.63,21.0],[-54.996,21.5],[-54.5,21.664],[-54.0,21.523],[-53.0,21.769],[-50.5,21.445],[-49.5,21.7],[-48.75,21.747],[-48.25,21.882],[-47.608,22.25],[-47.0,22.461],[-46.5,22.516],[-43.0,23.443],[-42.0,23.624],[-40.5,24.297],[-38.0,24.321],[-37.25,24.137],[-36.0,24.613],[-34.5,25.366],[-33.5,25.495],[-33.0,25.708],[-32.75,25.91],[-32.541,26.25],[-32.141,26.5],[-31.25,26.815],[-29.75,27.55],[-28.75,28.196],[-25.5,29.537],[-24.059,30.5],[-23.25,30.818],[-22.523,31.25],[-20.338,32.25],[-19.25,32.483],[-18.75,32.718],[-18.5,32.652],[-18.354,32.5],[-18.357,32.25],[-18.703,31.5],[-18.643,31.25],[-18.5,31.225],[-18.25,31.331],[-17.554,32.0],[-17.25,32.074],[-17.0,32.095],[-16.77,32.0],[-16.34,31.75],[-16.109,31.5],[-16.03,31.25],[-16.054,31.0],[-16.304,30.5],[-17.0,30.052],[-17.573,29.5],[-18.032,29.25],[-18.232,29.0],[-18.25,28.658],[-18.882,27.75],[-18.973,27.5],[-19.15,26.0],[-18.75,25.573],[-18.25,25.294],[-17.988,25.25],[-17.75,25.012],[-17.875,24.0],[-18.0,23.551],[-18.434,22.75],[-18.589,21.25],[-19.0,19.94],[-19.692,19.0],[-20.0,18.082],[-20.75,17.239],[-21.5,17.028],[-22.5,16.949],[-23.0,17.0],[-23.75,16.758],[-24.5,16.851],[-25.0,17.214],[-25.25,17.25],[-26.25,16.307],[-27.25,15.706],[-27.75,15.554],[-29.5,15.138],[-30.25,15.313],[-30.75,15.259],[-31.75,15.009],[-32.25,14.758],[-32.5,14.756],[-33.031,15.0],[-33.5,15.037],[-34.156,15.0],[-35.0,14.813],[-35.485,14.5],[-36.0,13.933],[-36.75,13.81],[-38.971,13.0],[-39.586,12.5],[-39.667,12.0],[-39.75,11.951],[-40.0,11.916],[-41.25,12.075],[-42.25,11.843],[-43.5,11.887],[-44.0,11.8],[-45.5,11.934],[-45.75,11.9],[-46.25,11.568],[-46.75,11.395],[-47.0,11.399],[-46.971,11.75],[-47.5,12.025],[-47.964,11.75],[-48.041,11.5],[-48.0,11.37],[-47.75,11.093],[-47.25,11.114],[-47.0,10.946],[-46.711,10.5],[-46.75,10.395],[-46.874,10.25],[-47.25,10.244],[-48.526,10.75]]]},"properties":{"hvalue":2.0,"color":"#6c99d2"}},{"type":"Feature","geometry":{"type":"Polygon","coordinates":[[[-14.707,32.25],[-14.5,32.38],[-14.303,32.25],[-14.5,32.087],[-14.707,32.25]]]},"properties":{"hvalue":2.0,"color":"#6c99d2"}},{"type":"Feature","geometry":{"type":"Polygon","coordinates":[[[23.333,34.75],[23.25,34.367],[23.0,34.173],[22.837,34.25],[22.754,34.5],[22.804,34.75],[22.988,35.0],[23.25,35.125],[23.333,34.75]]]},"properties":{"hvalue":2.0,"color":"#6c99d2"}},{"type":"Feature","geometry":{"type":"Polygon","coordinates":[[[25.521,37.75],[25.5,37.677],[25.146,37.75],[24.907,38.0],[25.0,38.189],[25.25,38.162],[25.521,37.75]]]},"properties":{"hvalue":2.0,"color":"#6c99d2"}},{"type":"Feature","geometry":{"type":"Polygon","coordinates":[[[-9.675,52.825],[-9.714,53.0],[-9.995,53.25],[-9.843,53.25],[-9.5,53.0],[-9.675,52.825]]]},"properties":{"hvalue":2.0,"color":"#6c99d2"}},{"type":"Feature","geometry":{"type":"Polygon","coordinates":[[[-63.454,32.0],[-63.172,32.25],[-62.75,32.452],[-60.23,33.25],[-59.75,33.477],[-57.75,33.597],[-56.75,33.908],[-56.687,34.0],[-56.908,34.5],[-57.014,35.25],[-58.25,36.024],[-59.25,36.968],[-60.53,37.5],[-60.892,37.75],[-61.602,38.5],[-61.5,38.599],[-61.0,38.589],[-60.862,38.75],[-60.75,39.277],[-60.5,39.531],[-60.0,39.763],[-58.0,39.702],[-56.928,39.5],[-56.861,39.75],[-57.131,40.0],[-58.75,40.856],[-59.25,41.305],[-59.598,41.75],[-59.544,42.0],[-59.211,42.25],[-59.109,42.5],[-59.296,43.0],[-59.167,43.5],[-58.693,44.5],[-58.571,45.5],[-58.25,46.252],[-57.8,46.5],[-56.75,46.622],[-55.5,46.559],[-54.25,46.626],[-53.25,46.5],[-52.58,47.0],[-52.145,47.75],[-52.116,48.25],[-52.236,48.75],[-52.201,49.0],[-52.004,49.25],[-51.923,49.5],[-52.25,49.558],[-53.25,49.438],[-54.25,49.893],[-55.0,49.765],[-55.814,50.25],[-55.738,50.5],[-55.46,50.75],[-55.676,51.0],[-55.5,51.5],[-55.695,51.75],[-55.565,52.0],[-55.597,52.153],[-55.5,52.25],[-55.5,52.5],[-55.657,52.657],[-55.529,53.25],[-55.607,53.75],[-55.25,53.891],[-54.5,53.907],[-54.145,54.0],[-53.868,54.5],[-53.456,55.0],[-53.5,55.055],[-54.0,55.018],[-54.5,54.789],[-55.0,54.69],[-55.339,54.5],[-55.753,54.0],[-56.0,53.91],[-56.98,54.0],[-57.043,54.25],[-56.994,54.5],[-57.25,54.75],[-57.617,54.75],[-58.0,55.0],[-58.206,55.0],[-58.845,55.25],[-59.033,55.5],[-59.019,56.0],[-58.711,56.75],[-58.807,57.5],[-58.69,57.75],[-58.5,57.867],[-57.25,58.023],[-54.75,58.822],[-52.5,59.371],[-52.25,59.361],[-51.971,59.25],[-51.968,58.75],[-52.282,58.25],[-52.47,57.5],[-53.333,56.25],[-53.418,55.5],[-53.25,55.199],[-52.0,55.441],[-49.75,56.055],[-49.0,56.162],[-46.75,56.302],[-45.25,56.099],[-42.5,56.014],[-40.75,55.667],[-39.5,55.617],[-38.795,55.5],[-38.785,55.25],[-38.58,55.0],[-38.0,54.946],[-36.75,54.66],[-36.552,54.5],[-36.585,54.25],[-36.0,53.985],[-35.75,53.953],[-35.554,54.0],[-35.201,54.25],[-35.287,54.5],[-35.265,55.5],[-35.424,55.75],[-36.5,55.902],[-37.139,57.0],[-38.25,57.515],[-39.367,58.25],[-40.672,58.75],[-43.25,59.384],[-43.496,59.5],[-43.608,59.75],[-43.25,59.75],[-43.037,59.963],[-41.75,60.641],[-40.0,61.3],[-38.75,61.608],[-37.25,61.767],[-34.75,61.533],[-33.25,61.28],[-32.25,61.262],[-30.75,61.365],[-30.5,61.299],[-29.5,60.71],[-29.0,60.512],[-26.75,60.185],[-24.0,60.269],[-21.443,61.5],[-19.75,61.773],[-18.75,62.144],[-14.73,63.25],[-12.366,64.5],[-12.196,64.75],[-12.116,65.25],[-11.799,66.25],[-11.892,66.75],[-12.327,67.25],[-12.629,67.75],[-12.568,69.25],[-12.455,69.5],[-12.104,69.75],[-10.552,70.25],[-10.0,70.344],[-8.0,70.364],[-5.5,70.617],[-4.25,70.538],[-2.75,70.739],[-1.75,70.688],[1.25,71.122],[3.5,70.782],[7.75,70.557],[10.0,70.214],[10.837,70.25],[11.759,70.5],[11.977,70.75],[12.324,71.75],[12.594,72.0],[13.75,72.411],[15.75,72.804],[16.25,72.835],[17.25,72.665],[20.389,73.0],[20.154,73.25],[19.342,73.75],[19.316,74.0],[19.578,74.25],[20.5,74.659],[22.157,75.25],[22.641,75.75],[23.0,75.85],[28.75,76.336],[31.5,76.133],[32.75,75.731],[33.221,75.5],[34.5,74.5],[35.75,73.31],[36.282,73.0],[36.457,72.75],[36.118,72.5],[36.06,72.25],[36.12,72.0],[36.461,71.5],[36.327,71.25],[35.75,70.936],[34.5,70.746],[31.25,71.173],[29.0,71.888],[25.25,72.491],[23.5,72.595],[22.5,72.538],[22.0,72.397],[21.792,72.25],[21.747,71.75],[21.465,71.5],[20.296,71.0],[18.25,70.388],[16.25,70.098],[13.5,69.274],[13.0,69.027],[12.974,68.75],[13.152,68.5],[12.892,68.25],[12.615,67.75],[12.75,67.562],[13.509,67.5],[13.398,67.25],[12.25,66.734],[12.0,66.553],[11.973,66.25],[9.97,64.75],[8.75,64.223],[8.091,63.75],[7.141,63.25],[6.75,63.125],[5.78,62.5],[5.25,62.345],[4.75,61.75],[4.77,61.5],[4.5,61.23],[4.25,61.101],[2.75,60.949],[-0.75,60.89],[-1.0,60.857],[-1.2,60.7],[-1.5,60.75],[-1.75,60.5],[-1.75,60.25],[-1.5,60.0],[-1.25,59.923],[0.25,60.186],[2.75,60.331],[4.75,60.242],[5.0,60.0],[5.0,59.25],[5.267,59.0],[5.15,58.75],[5.2,58.5],[4.817,58.25],[4.642,58.0],[4.642,56.75],[4.327,56.25],[3.5,55.556],[2.91,55.25],[2.5,55.179],[1.25,55.167],[0.25,55.402],[-0.007,55.5],[-0.785,56.25],[-1.558,56.5],[-1.627,57.0],[-1.434,57.75],[-1.685,58.5],[-1.598,58.75],[-1.379,59.0],[-1.635,59.25],[-2.75,59.41],[-3.25,59.25],[-3.5,59.0],[-3.344,58.844],[-3.383,58.75],[-4.74,58.75],[-4.793,59.0],[-4.709,59.25],[-4.5,59.402],[-3.648,59.5],[-3.315,59.75],[-2.25,59.678],[-1.714,59.75],[-1.647,60.0],[-1.979,60.25],[-1.786,60.5],[-1.863,60.75],[-2.229,61.0],[-1.577,61.5],[-1.25,61.57],[-0.75,61.416],[-0.5,61.42],[0.25,61.621],[1.464,61.75],[1.75,61.918],[2.403,62.0],[1.25,62.028],[0.0,61.89],[-0.544,62.0],[-0.057,62.25],[1.5,62.797],[4.571,63.5],[4.849,63.75],[4.25,63.915],[2.75,64.043],[2.0,64.007],[1.5,64.135],[0.5,63.727],[-0.25,63.708],[-2.0,62.627],[-3.776,62.0],[-5.0,61.361],[-5.158,61.25],[-5.464,60.75],[-5.25,60.651],[-4.0,60.787],[-3.19,60.75],[-3.496,60.5],[-4.75,59.843],[-5.25,59.859],[-5.681,60.0],[-5.956,60.25],[-6.0,60.449],[-7.25,60.855],[-7.384,61.0],[-7.691,62.0],[-7.594,62.5],[-7.736,62.75],[-8.0,62.8],[-8.75,62.671],[-9.783,62.25],[-11.25,61.915],[-14.5,60.716],[-15.5,60.098],[-16.75,59.6],[-18.395,58.75],[-18.405,58.5],[-18.16,58.25],[-18.266,58.0],[-18.774,57.75],[-19.373,57.25],[-20.721,56.75],[-21.25,56.628],[-21.415,56.5],[-21.57,56.25],[-21.7,55.75],[-21.684,55.5],[-21.316,54.75],[-22.604,54.5],[-23.347,53.5],[-23.398,53.0],[-23.254,52.5],[-22.709,52.0],[-22.5,51.598],[-22.0,52.077],[-21.5,52.123],[-21.0,52.053],[-20.508,51.75],[-19.992,51.0],[-19.25,50.424],[-15.75,49.894],[-13.5,49.788],[-12.5,49.66],[-11.75,49.688],[-11.0,49.55],[-9.75,49.853],[-9.522,50.0],[-9.685,50.75],[-9.832,51.0],[-10.25,51.378],[-10.601,52.0],[-10.0,52.47],[-10.0,52.337],[-10.315,52.0],[-10.316,51.75],[-10.0,51.5],[-9.662,51.412],[-9.5,51.25],[-9.191,51.309],[-8.0,51.192],[-6.5,51.369],[-5.25,51.165],[-5.056,51.0],[-5.075,50.75],[-5.261,50.5],[-5.5,50.406],[-5.994,50.0],[-5.5,49.8],[-5.064,49.75],[-4.299,49.5],[-4.086,49.25],[-4.03,49.0],[-4.358,48.75],[-4.75,48.75],[-5.0,48.5],[-4.25,47.75],[-3.726,47.726],[-3.5,47.5],[-3.082,47.5],[-2.569,47.319],[-2.466,47.216],[-2.33,46.75],[-1.717,46.25],[-1.636,46.0],[-1.672,45.75],[-2.0,45.405],[-4.25,44.279],[-5.25,44.071],[-7.0,43.997],[-9.0,44.222],[-10.75,43.93],[-13.5,44.036],[-14.25,44.346],[-15.249,45.25],[-15.713,45.5],[-17.683,45.75],[-17.895,46.0],[-17.838,46.5],[-18.024,46.75],[-18.75,47.137],[-19.5,47.735],[-20.029,48.0],[-21.674,49.25],[-22.5,49.57],[-23.25,50.088],[-23.75,50.283],[-24.5,50.296],[-25.25,50.42],[-25.5,50.564],[-25.906,51.0],[-26.25,51.158],[-27.0,51.17],[-27.263,51.25],[-27.5,51.481],[-27.75,51.572],[-29.0,51.769],[-29.25,51.865],[-29.75,52.322],[-30.25,52.568],[-31.25,52.708],[-31.75,52.583],[-32.378,53.0],[-32.75,53.104],[-33.118,53.0],[-33.5,52.768],[-33.797,52.25],[-33.272,51.25],[-32.713,50.75],[-30.756,49.75],[-30.381,49.5],[-29.918,49.0],[-29.684,48.5],[-29.784,48.0],[-30.048,47.75],[-29.547,46.75],[-29.59,46.5],[-30.5,46.02],[-30.75,45.991],[-31.25,46.19],[-31.75,46.603],[-32.75,46.696],[-33.0,47.009],[-33.25,47.093],[-33.5,47.065],[-33.57,47.0],[-33.578,46.75],[-33.165,46.5],[-33.46,46.25],[-33.621,45.5],[-33.75,45.338],[-34.345,45.0],[-34.444,44.75],[-34.317,44.25],[-34.12,44.0],[-35.0,43.049],[-35.849,42.75],[-36.75,41.734],[-37.75,41.33],[-38.0,41.152],[-38.894,40.0],[-38.873,39.5],[-39.75,38.713],[-41.0,37.842],[-42.305,37.25],[-42.55,37.0],[-42.68,36.5],[-43.0,36.275],[-44.0,35.962],[-44.25,35.771],[-44.258,35.5],[-44.122,35.25],[-45.75,34.823],[-46.601,34.25],[-47.612,33.75],[-49.75,32.965],[-50.645,32.75],[-52.75,31.906],[-54.0,31.763],[-55.5,31.476],[-57.0,31.326],[-57.25,31.38],[-58.25,31.133],[-59.0,31.082],[-59.25,30.954],[-60.25,30.852],[-60.75,30.937],[-61.75,30.627],[-63.0,30.458],[-63.094,30.5],[-63.073,31.25],[-63.134,31.5],[-63.401,31.75],[-63.454,32.0]]]},"properties":{"hvalue":2.0,"color":"#6c99d2"}},{"type":"Feature","geometry":{"type":"Polygon","coordinates":[[[-10.189,53.561],[-10.212,54.0],[-10.174,54.174],[-10.009,53.75],[-10.189,53.561]]]},"properties":{"hvalue":2.0,"color":"#6c99d2"}},{"type":"Feature","geometry":{"type":"Polygon","coordinates":[[[6.25,54.715],[6.319,54.5],[6.0,54.216],[5.5,54.013],[4.968,54.0],[4.889,54.25],[5.235,54.5],[6.25,54.715]]]},"properties":{"hvalue":2.0,"color":"#6c99d2"}},{"type":"Feature","geometry":{"type":"Polygon","coordinates":[[[-6.823,55.323],[-6.75,55.325],[-6.668,55.332],[-6.75,55.25],[-6.823,55.323]]]},"properties":{"hvalue":2.0,"color":"#6c99d2"}},{"type":"Feature","geometry":{"type":"Polygon","coordinates":[[[-5.75,55.61],[-5.545,55.25],[-5.75,55.17],[-6.225,55.225],[-6.369,55.369],[-6.0,55.5],[-5.867,55.633],[-5.75,55.61]]]},"properties":{"hvalue":2.0,"color":"#6c99d2"}},{"type":"Feature","geometry":{"type":"Polygon","coordinates":[[[-6.862,56.5],[-6.75,56.691],[-6.483,56.75],[-6.75,56.837],[-7.25,56.807],[-7.426,57.0],[-7.399,57.149],[-7.25,56.966],[-6.75,57.304],[-6.5,57.21],[-6.5,57.0],[-6.25,56.75],[-6.5,56.5],[-6.25,56.25],[-5.872,56.25],[-5.871,55.871],[-6.5,56.378],[-6.75,56.399],[-6.862,56.5]]]},"properties":{"hvalue":2.0,"color":"#6c99d2"}},{"type":"Feature","geometry":{"type":"Polygon","coordinates":[[[-7.26,57.74],[-7.142,57.892],[-7.07,57.82],[-7.091,57.591],[-7.26,57.74]]]},"properties":{"hvalue":2.0,"color":"#6c99d2"}},{"type":"Feature","geometry":{"type":"Polygon","coordinates":[[[-2.75,57.999],[-2.75,58.001],[-2.74,58.0],[-2.75,57.999]]]},"properties":{"hvalue":2.0,"color":"#6c99d2"}},{"type":"Feature","geometry":{"type":"Polygon","coordinates":[[[21.039,58.0],[21.25,58.122],[21.424,58.0],[21.25,57.945],[21.039,58.0]]]},"properties":{"hvalue":2.0,"color":"#6c99d2"}},{"type":"Feature","geometry":{"type":"Polygon","coordinates":[[[-6.0,58.505],[-5.5,58.32],[-5.25,58.38],[-5.25,58.25],[-5.75,57.829],[-6.0,57.925],[-6.0,58.25],[-6.234,58.484],[-6.0,58.505]]]},"properties":{"hvalue":2.0,"color":"#6c99d2"}},{"type":"Feature","geometry":{"type":"Polygon","coordinates":[[[21.557,59.5],[22.565,59.5],[22.258,59.25],[21.5,58.976],[21.34,59.25],[21.557,59.5]]]},"properties":{"hvalue":2.0,"color":"#6c99d2"}},{"type":"Feature","geometry":{"type":"Polygon","coordinates":[[[23.5,65.493],[24.471,65.5],[24.473,65.25],[24.295,64.75],[23.985,64.485],[23.25,64.263],[23.0,64.36],[22.886,64.5],[22.903,65.0],[23.022,65.25],[23.5,65.493]]]},"properties":{"hvalue":2.0,"color":"#6c99d2"}},{"type":"Feature","geometry":{"type":"Polygon","coordinates":[[[40.75,-68.75],[40.694,-68.75],[40.795,-68.705],[40.75,-68.75]]]},"properties":{"hvalue":2.0,"color":"#6c99d2"}},{"type":"Feature","geometry":{"type":"Polygon","coordinates":[[[69.3,-49.55],[69.0,-49.584],[68.917,-49.417],[69.0,-49.511],[69.3,-49.55]]]},"properties":{"hvalue":2.0,"color":"#6c99d2"}},{"type":"Feature","geometry":{"type":"Polygon","coordinates":[[[70.0,-49.0],[69.902,-49.098],[69.25,-48.798],[69.094,-48.844],[68.964,-48.75],[69.25,-48.685],[69.683,-48.75],[70.0,-48.872],[70.25,-49.087],[70.34,-49.25],[70.332,-49.5],[70.0,-49.599],[69.656,-49.594],[70.154,-49.5],[70.132,-49.368],[70.25,-49.25],[70.0,-49.0]]]},"properties":{"hvalue":2.0,"color":"#6c99d2"}},{"type":"Feature","geometry":{"type":"Polygon","coordinates":[[[38.097,-47.0],[37.75,-47.079],[37.668,-47.0],[37.818,-46.75],[38.0,-46.626],[38.347,-46.75],[38.097,-47.0]]]},"properties":{"hvalue":2.0,"color":"#6c99d2"}},{"type":"Feature","geometry":{"type":"Polygon","coordinates":[[[42.0,-43.021],[42.0,-42.977],[42.029,-43.0],[42.0,-43.021]]]},"properties":{"hvalue":2.0,"color":"#6c99d2"}},{"type":"Feature","geometry":{"type":"Polygon","coordinates":[[[35.5,-40.217],[35.75,-40.167],[35.925,-40.25],[35.75,-40.357],[35.5,-40.355],[35.5,-40.217]]]},"properties":{"hvalue":2.0,"color":"#6c99d2"}},{"type":"Feature","geometry":{"type":"Polygon","coordinates":[[[40.801,-39.0],[42.25,-38.263],[42.277,-38.5],[42.0,-38.605],[41.215,-39.25],[40.75,-39.432],[40.662,-39.25],[40.801,-39.0]]]},"properties":{"hvalue":2.0,"color":"#6c99d2"}},{"type":"Feature","geometry":{"type":"Polygon","coordinates":[[[42.5,-38.299],[42.257,-38.25],[42.722,-38.25],[42.5,-38.299]]]},"properties":{"hvalue":2.0,"color":"#6c99d2"}},{"type":"Feature","geometry":{"type":"Polygon","coordinates":[[[35.625,-23.75],[35.5,-24.074],[35.5,-23.5],[35.515,-23.485],[35.625,-23.75]]]},"properties":{"hvalue":2.0,"color":"#6c99d2"}},{"type":"Feature","geometry":{"type":"Polygon","coordinates":[[[47.755,-23.25],[47.75,-23.25],[47.757,-23.243],[47.755,-23.25]]]},"properties":{"hvalue":2.0,"color":"#6c99d2"}},{"type":"Feature","geometry":{"type":"Polygon","coordinates":[[[48.508,-20.75],[48.5,-20.75],[48.512,-20.738],[48.508,-20.75]]]},"properties":{"hvalue":2.0,"color":"#6c99d2"}},{"type":"Feature","geometry":{"type":"Polygon","coordinates":[[[55.864,-20.75],[55.846,-21.096],[55.5,-20.75],[55.25,-21.06],[55.193,-21.0],[55.5,-20.542],[55.75,-20.389],[55.864,-20.75]]]},"properties":{"hvalue":2.0,"color":"#6c99d2"}},{"type":"Feature","geometry":{"type":"Polygon","coordinates":[[[35.5,-21.75],[35.027,-20.0],[35.161,-19.75],[35.25,-19.75],[36.0,-19.0],[36.25,-19.0],[36.048,-19.25],[35.717,-20.0],[35.603,-21.0],[35.616,-22.116],[35.5,-22.0],[35.5,-21.75]]]},"properties":{"hvalue":2.0,"color":"#6c99d2"}},{"type":"Feature","geometry":{"type":"Polygon","coordinates":[[[49.0,-19.558],[49.0,-19.5],[49.098,-19.402],[49.051,-19.5],[49.0,-19.558]]]},"properties":{"hvalue":2.0,"color":"#6c99d2"}},{"type":"Feature","geometry":{"type":"Polygon","coordinates":[[[37.072,-18.178],[36.5,-18.833],[36.25,-19.0],[37.072,-18.178]]]},"properties":{"hvalue":2.0,"color":"#6c99d2"}},{"type":"Feature","geometry":{"type":"Polygon","coordinates":[[[37.25,-17.75],[37.474,-17.75],[37.25,-17.979],[37.25,-17.75]]]},"properties":{"hvalue":2.0,"color":"#6c99d2"}},{"type":"Feature","geometry":{"type":"Polygon","coordinates":[[[37.885,-17.5],[37.584,-17.666],[37.75,-17.5],[37.885,-17.5]]]},"properties":{"hvalue":2.0,"color":"#6c99d2"}},{"type":"Feature","geometry":{"type":"Polygon","coordinates":[[[38.457,-17.25],[38.087,-17.413],[38.25,-17.25],[38.457,-17.25]]]},"properties":{"hvalue":2.0,"color":"#6c99d2"}},{"type":"Feature","geometry":{"type":"Polygon","coordinates":[[[43.408,-20.5],[43.437,-19.75],[43.257,-18.25],[42.775,-17.25],[42.5,-16.934],[42.25,-16.792],[41.75,-16.795],[40.75,-16.278],[40.5,-16.301],[40.0,-16.648],[39.28,-16.97],[39.757,-16.493],[40.0,-16.353],[40.154,-16.096],[40.75,-15.5],[40.75,-15.212],[41.0,-14.75],[40.818,-13.75],[40.774,-12.75],[41.057,-12.25],[41.346,-12.0],[41.425,-11.25],[41.5,-11.174],[41.75,-11.184],[42.234,-11.75],[42.5,-12.63],[42.75,-12.854],[43.25,-13.649],[43.672,-14.75],[43.508,-17.0],[43.75,-17.682],[43.822,-18.25],[44.0,-18.617],[44.0,-19.0],[44.102,-19.102],[44.09,-19.5],[43.78,-20.5],[43.424,-21.326],[43.25,-21.5],[43.25,-22.377],[43.137,-22.0],[43.408,-20.5]]]},"properties":{"hvalue":2.0,"color":"#6c99d2"}},{"type":"Feature","geometry":{"type":"Polygon","coordinates":[[[61.75,-4.424],[62.687,-4.75],[63.366,-5.25],[63.25,-5.395],[63.0,-5.393],[62.25,-5.256],[61.75,-5.03],[61.364,-4.75],[61.427,-4.5],[61.75,-4.424]]]},"properties":{"hvalue":2.0,"color":"#6c99d2"}},{"type":"Feature","geometry":{"type":"Polygon","coordinates":[[[52.0,10.178],[51.5,10.035],[51.084,10.25],[51.25,10.254],[51.568,10.5],[51.395,11.25],[51.604,11.75],[51.25,12.144],[51.223,12.5],[51.458,13.0],[52.009,15.25],[52.159,15.5],[52.5,15.785],[53.0,15.85],[53.324,15.75],[53.75,15.36],[54.027,15.25],[54.204,15.0],[54.344,14.5],[54.25,13.71],[54.0,13.672],[53.25,12.926],[53.0,12.884],[52.855,12.75],[52.79,12.5],[52.796,12.25],[53.012,12.0],[52.86,11.5],[52.93,11.25],[53.25,11.042],[53.763,10.25],[53.5,10.19],[53.25,9.784],[53.0,9.655],[52.651,9.75],[52.5,9.968],[52.457,10.25],[52.25,10.443],[52.0,10.178]]]},"properties":{"hvalue":2.0,"color":"#6c99d2"}},{"type":"Feature","geometry":{"type":"Polygon","coordinates":[[[55.353,13.5],[55.203,13.25],[55.212,13.0],[55.0,12.904],[54.951,12.75],[54.75,12.716],[54.75,12.892],[54.958,13.0],[54.905,13.25],[55.0,13.723],[55.25,13.743],[55.353,13.5]]]},"properties":{"hvalue":2.0,"color":"#6c99d2"}},{"type":"Feature","geometry":{"type":"Polygon","coordinates":[[[56.5,13.654],[56.575,13.0],[56.5,12.923],[55.869,13.25],[55.972,13.5],[56.25,13.659],[56.5,13.654]]]},"properties":{"hvalue":2.0,"color":"#6c99d2"}},{"type":"Feature","geometry":{"type":"Polygon","coordinates":[[[55.938,14.5],[55.388,15.5],[55.5,15.605],[55.75,15.62],[56.391,15.25],[56.571,15.0],[56.64,14.75],[56.663,14.5],[56.5,14.193],[55.938,14.5]]]},"properties":{"hvalue":2.0,"color":"#6c99d2"}},{"type":"Feature","geometry":{"type":"Polygon","coordinates":[[[55.5,17.293],[55.48,17.73],[55.939,17.75],[55.75,17.347],[55.5,17.293]]]},"properties":{"hvalue":2.0,"color":"#6c99d2"}},{"type":"Feature","geometry":{"type":"Polygon","coordinates":[[[57.21,17.75],[57.629,18.75],[57.75,18.75],[58.721,19.25],[59.014,19.5],[58.659,20.0],[59.232,20.25],[59.456,20.5],[59.813,21.25],[59.841,22.091],[60.0,22.25],[60.0,22.551],[61.0,23.23],[61.75,23.988],[62.0,24.147],[63.0,24.135],[64.25,24.353],[65.0,24.401],[65.5,24.534],[65.919,24.5],[66.297,24.25],[67.0,23.974],[67.435,23.5],[67.5,23.225],[68.177,22.75],[68.5,22.187],[68.735,22.0],[68.77,21.75],[69.006,21.25],[69.076,20.5],[68.912,20.0],[68.53,19.5],[66.25,18.246],[64.75,17.966],[64.25,18.044],[63.5,17.658],[62.75,17.496],[62.25,17.703],[61.987,18.0],[61.951,18.25],[62.114,18.75],[61.75,18.847],[61.0,18.823],[60.335,18.5],[60.105,18.25],[59.994,17.75],[59.75,17.512],[59.5,17.489],[59.25,17.598],[58.75,17.528],[58.25,17.325],[58.0,17.32],[57.75,17.418],[57.5,17.375],[57.25,16.902],[57.0,16.674],[56.821,17.25],[57.21,17.75]]]},"properties":{"hvalue":2.0,"color":"#6c99d2"}},{"type":"Feature","geometry":{"type":"Polygon","coordinates":[[[26.75,34.806],[27.0,34.719],[27.272,34.5],[27.373,34.25],[27.419,33.75],[27.25,33.647],[27.0,33.842],[26.75,34.806]]]},"properties":{"hvalue":2.0,"color":"#6c99d2"}},{"type":"Feature","geometry":{"type":"Polygon","coordinates":[[[52.5,37.699],[52.958,37.25],[53.059,37.0],[52.596,36.75],[51.442,36.75],[51.333,37.0],[51.5,37.292],[52.25,37.683],[52.5,37.699]]]},"properties":{"hvalue":2.0,"color":"#6c99d2"}},{"type":"Feature","geometry":{"type":"Polygon","coordinates":[[[61.332,73.75],[63.489,75.0],[65.524,75.5],[67.5,75.854],[68.5,76.119],[69.5,76.63],[71.5,77.122],[73.75,77.454],[76.5,77.569],[79.0,77.542],[79.678,77.25],[79.759,76.75],[79.506,76.25],[79.287,76.0],[79.225,75.75],[79.0,75.483],[78.227,75.0],[77.596,74.75],[76.595,74.5],[75.0,74.267],[73.75,74.244],[71.5,74.522],[70.75,74.546],[65.25,73.404],[63.5,73.148],[62.25,73.217],[61.5,73.389],[61.333,73.5],[61.332,73.75]]]},"properties":{"hvalue":2.0,"color":"#6c99d2"}},{"type":"Feature","geometry":{"type":"Polygon","coordinates":[[[40.952,81.5],[45.0,81.717],[46.0,81.669],[47.113,81.5],[45.838,81.25],[44.25,81.156],[42.75,81.137],[40.429,81.25],[40.952,81.5]]]},"properties":{"hvalue":2.0,"color":"#6c99d2"}},{"type":"Feature","geometry":{"type":"Polygon","coordinates":[[[109.071,-66.5],[109.0,-66.614],[108.75,-66.616],[108.177,-66.5],[108.5,-66.45],[109.071,-66.5]]]},"properties":{"hvalue":2.0,"color":"#6c99d2"}},{"type":"Feature","geometry":{"type":"Polygon","coordinates":[[[94.969,-65.75],[94.859,-66.0],[94.25,-66.179],[94.0,-66.218],[93.647,-66.0],[94.5,-65.716],[94.969,-65.75]]]},"properties":{"hvalue":2.0,"color":"#6c99d2"}},{"type":"Feature","geometry":{"type":"Polygon","coordinates":[[[137.069,-36.181],[137.25,-36.0],[137.465,-36.215],[137.25,-36.206],[137.069,-36.181]]]},"properties":{"hvalue":2.0,"color":"#6c99d2"}},{"type":"Feature","geometry":{"type":"Polygon","coordinates":[[[136.5,-34.929],[136.806,-34.944],[136.75,-35.0],[137.005,-35.5],[136.75,-35.5],[136.607,-35.643],[136.485,-35.25],[136.047,-35.203],[136.238,-35.012],[136.5,-34.929]]]},"properties":{"hvalue":2.0,"color":"#6c99d2"}},{"type":"Feature","geometry":{"type":"Polygon","coordinates":[[[119.085,-34.585],[118.85,-34.65],[119.0,-34.5],[119.085,-34.585]]]},"properties":{"hvalue":2.0,"color":"#6c99d2"}},{"type":"Feature","geometry":{"type":"Polygon","coordinates":[[[120.0,-34.109],[119.712,-34.288],[120.0,-34.0],[120.456,-34.0],[120.0,-34.109]]]},"properties":{"hvalue":2.0,"color":"#6c99d2"}},{"type":"Feature","geometry":{"type":"Polygon","coordinates":[[[123.004,-34.004],[122.386,-34.114],[122.5,-34.0],[123.0,-34.0],[123.004,-34.004]]]},"properties":{"hvalue":2.0,"color":"#6c99d2"}},{"type":"Feature","geometry":{"type":"Polygon","coordinates":[[[121.815,-34.0],[122.0,-34.0],[122.1,-34.1],[122.0,-34.096],[121.815,-34.0]]]},"properties":{"hvalue":2.0,"color":"#6c99d2"}},{"type":"Feature","geometry":{"type":"Polygon","coordinates":[[[134.083,-33.75],[133.5,-33.097],[133.25,-32.937],[131.75,-32.399],[131.472,-32.0],[131.25,-31.855],[130.0,-31.831],[128.783,-31.967],[129.0,-31.75],[131.0,-31.75],[131.25,-31.5],[131.5,-31.75],[131.75,-31.75],[132.25,-32.25],[132.5,-32.0],[132.75,-32.0],[133.0,-32.25],[133.255,-32.25],[133.632,-32.382],[134.0,-32.658],[134.0,-33.0],[134.25,-33.25],[134.5,-33.25],[135.0,-33.75],[135.0,-34.0],[135.25,-34.25],[135.106,-34.5],[135.25,-34.642],[135.396,-34.646],[135.74,-34.99],[135.25,-34.888],[134.812,-34.5],[134.75,-34.126],[134.083,-33.75]]]},"properties":{"hvalue":2.0,"color":"#6c99d2"}},{"type":"Feature","geometry":{"type":"Polygon","coordinates":[[[124.25,-33.25],[124.5,-33.0],[124.681,-33.0],[124.25,-33.42],[124.25,-33.25]]]},"properties":{"hvalue":2.0,"color":"#6c99d2"}},{"type":"Feature","geometry":{"type":"Polygon","coordinates":[[[125.0,-32.827],[124.839,-32.911],[125.088,-32.75],[125.0,-32.827]]]},"properties":{"hvalue":2.0,"color":"#6c99d2"}},{"type":"Feature","geometry":{"type":"Polygon","coordinates":[[[115.279,-32.5],[115.432,-32.25],[115.379,-32.0],[115.503,-31.503],[115.728,-31.728],[115.581,-32.25],[115.609,-32.641],[115.5,-32.75],[115.5,-33.199],[115.118,-33.5],[115.134,-33.616],[114.919,-33.831],[114.89,-33.5],[115.177,-33.0],[115.279,-32.5]]]},"properties":{"hvalue":2.0,"color":"#6c99d2"}},{"type":"Feature","geometry":{"type":"Polygon","coordinates":[[[128.029,-32.221],[128.266,-32.0],[128.686,-32.0],[128.25,-32.217],[128.029,-32.221]]]},"properties":{"hvalue":2.0,"color":"#6c99d2"}},{"type":"Feature","geometry":{"type":"Polygon","coordinates":[[[115.25,-31.0],[115.249,-30.999],[115.25,-31.001],[115.25,-31.0]]]},"properties":{"hvalue":2.0,"color":"#6c99d2"}},{"type":"Feature","geometry":{"type":"Polygon","coordinates":[[[114.921,-29.921],[115.0,-30.67],[114.863,-30.5],[114.766,-29.766],[114.921,-29.921]]]},"properties":{"hvalue":2.0,"color":"#6c99d2"}},{"type":"Feature","geometry":{"type":"Polygon","coordinates":[[[114.774,-29.726],[114.753,-29.253],[115.0,-29.5],[114.774,-29.726]]]},"properties":{"hvalue":2.0,"color":"#6c99d2"}},{"type":"Feature","geometry":{"type":"Polygon","coordinates":[[[113.813,-28.0],[113.735,-27.25],[113.515,-26.765],[113.75,-27.0],[113.75,-27.25],[114.0,-27.5],[114.0,-28.0],[114.5,-28.5],[114.5,-28.928],[114.069,-28.75],[113.733,-28.5],[113.687,-28.25],[113.813,-28.0]]]},"properties":{"hvalue":2.0,"color":"#6c99d2"}},{"type":"Feature","geometry":{"type":"Polygon","coordinates":[[[88.199,-26.75],[88.0,-27.363],[87.75,-27.533],[87.565,-27.25],[87.602,-26.5],[88.0,-26.455],[88.092,-26.5],[88.199,-26.75]]]},"properties":{"hvalue":2.0,"color":"#6c99d2"}},{"type":"Feature","geometry":{"type":"Polygon","coordinates":[[[113.262,-26.488],[113.013,-26.0],[113.115,-25.885],[113.109,-26.0],[113.347,-26.25],[113.361,-26.389],[113.262,-26.488]]]},"properties":{"hvalue":2.0,"color":"#6c99d2"}},{"type":"Feature","geometry":{"type":"Polygon","coordinates":[[[99.49,-20.75],[99.75,-20.506],[100.25,-20.659],[100.652,-21.0],[100.8,-21.5],[100.75,-21.806],[100.5,-21.95],[100.25,-21.907],[99.502,-21.0],[99.49,-20.75]]]},"properties":{"hvalue":2.0,"color":"#6c99d2"}},{"type":"Feature","geometry":{"type":"Polygon","coordinates":[[[78.0,-20.735],[77.946,-20.5],[78.0,-20.426],[78.25,-20.222],[78.387,-20.25],[78.25,-20.623],[78.0,-20.735]]]},"properties":{"hvalue":2.0,"color":"#6c99d2"}},{"type":"Feature","geometry":{"type":"Polygon","coordinates":[[[90.713,-21.25],[90.583,-21.0],[90.59,-20.5],[90.466,-19.75],[90.0,-19.13],[89.25,-19.288],[88.844,-19.5],[87.962,-20.75],[87.5,-21.148],[87.0,-21.199],[86.75,-21.125],[86.7,-21.0],[87.302,-20.0],[87.644,-19.0],[88.084,-18.75],[88.114,-18.25],[88.75,-17.942],[89.5,-18.131],[90.0,-18.678],[91.75,-18.797],[92.75,-19.059],[93.25,-19.013],[93.935,-19.25],[94.327,-19.5],[94.239,-19.75],[94.0,-19.941],[93.463,-20.0],[92.939,-20.25],[92.7,-20.5],[92.63,-20.75],[92.763,-21.0],[92.778,-21.25],[92.5,-21.521],[91.503,-21.75],[91.321,-22.0],[91.425,-22.25],[91.25,-22.549],[90.978,-22.5],[90.954,-22.25],[91.117,-22.0],[91.1,-21.75],[90.977,-21.5],[90.713,-21.25]]]},"properties":{"hvalue":2.0,"color":"#6c99d2"}},{"type":"Feature","geometry":{"type":"Polygon","coordinates":[[[101.5,-17.455],[102.022,-17.25],[102.5,-17.255],[102.835,-17.5],[102.905,-17.75],[102.75,-18.091],[102.25,-18.573],[101.75,-18.615],[101.544,-18.5],[101.5,-18.314],[101.578,-18.0],[101.5,-17.455]]]},"properties":{"hvalue":2.0,"color":"#6c99d2"}},{"type":"Feature","geometry":{"type":"Polygon","coordinates":[[[106.025,-16.5],[106.13,-17.0],[106.0,-17.242],[105.75,-17.167],[105.545,-16.75],[105.75,-16.236],[106.025,-16.5]]]},"properties":{"hvalue":2.0,"color":"#6c99d2"}},{"type":"Feature","geometry":{"type":"Polygon","coordinates":[[[107.42,-16.5],[107.409,-16.75],[107.25,-17.18],[107.0,-17.138],[106.898,-16.5],[107.0,-16.13],[107.25,-16.13],[107.42,-16.5]]]},"properties":{"hvalue":2.0,"color":"#6c99d2"}},{"type":"Feature","geometry":{"type":"Polygon","coordinates":[[[100.25,-16.281],[100.033,-16.0],[100.25,-15.917],[100.387,-16.0],[100.534,-16.25],[100.25,-16.281]]]},"properties":{"hvalue":2.0,"color":"#6c99d2"}},{"type":"Feature","geometry":{"type":"Polygon","coordinates":[[[103.5,-15.768],[103.607,-15.5],[103.801,-15.5],[103.884,-15.75],[103.75,-15.816],[103.5,-15.768]]]},"properties":{"hvalue":2.0,"color":"#6c99d2"}},{"type":"Feature","geometry":{"type":"Polygon","coordinates":[[[98.25,-11.572],[98.5,-11.783],[98.804,-12.25],[98.829,-12.75],[98.5,-12.918],[98.25,-12.8],[97.807,-12.25],[98.0,-11.847],[98.162,-11.75],[98.25,-11.572]]]},"properties":{"hvalue":2.0,"color":"#6c99d2"}},{"type":"Feature","geometry":{"type":"Polygon","coordinates":[[[96.0,-11.737],[95.85,-11.0],[96.75,-10.122],[97.0,-9.692],[97.25,-9.761],[97.521,-10.5],[97.203,-12.0],[96.75,-12.36],[96.5,-12.354],[96.395,-12.5],[96.481,-13.0],[96.25,-13.209],[95.908,-13.0],[95.798,-12.75],[96.013,-12.25],[96.0,-11.737]]]},"properties":{"hvalue":2.0,"color":"#6c99d2"}},{"type":"Feature","geometry":{"type":"Polygon","coordinates":[[[105.0,-10.999],[105.111,-11.25],[105.0,-11.363],[104.817,-11.25],[105.0,-10.999]]]},"properties":{"hvalue":2.0,"color":"#6c99d2"}},{"type":"Feature","geometry":{"type":"Polygon","coordinates":[[[102.25,-13.029],[102.0,-12.33],[101.887,-12.25],[101.75,-12.2],[101.616,-12.25],[101.034,-12.75],[100.75,-13.368],[100.551,-13.0],[100.692,-12.75],[100.163,-12.0],[100.21,-11.75],[100.051,-11.5],[99.25,-11.347],[98.309,-10.75],[98.165,-10.5],[98.049,-10.0],[98.141,-9.75],[98.703,-9.25],[98.0,-8.611],[97.5,-8.876],[97.0,-8.526],[96.78,-8.0],[97.0,-7.648],[97.5,-7.787],[98.0,-8.205],[99.0,-8.465],[99.393,-8.75],[99.535,-9.0],[99.974,-10.5],[100.25,-10.695],[100.75,-9.8],[101.0,-9.547],[102.227,-10.0],[102.75,-9.958],[103.768,-10.5],[103.577,-11.25],[103.642,-12.0],[103.575,-13.0],[103.25,-13.948],[103.0,-13.877],[102.25,-13.029]]]},"properties":{"hvalue":2.0,"color":"#6c99d2"}},{"type":"Feature","geometry":{"type":"Polygon","coordinates":[[[105.5,-9.442],[105.75,-9.547],[105.921,-9.75],[105.959,-10.0],[105.935,-10.25],[105.795,-10.5],[105.5,-10.58],[105.363,-10.5],[105.101,-9.75],[105.25,-9.512],[105.5,-9.442]]]},"properties":{"hvalue":2.0,"color":"#6c99d2"}},{"type":"Feature","geometry":{"type":"Polygon","coordinates":[[[90.75,-33.954],[90.25,-33.911],[89.75,-33.726],[89.0,-33.922],[88.0,-33.763],[87.0,-33.248],[85.943,-32.5],[85.0,-32.186],[82.601,-30.75],[82.132,-30.25],[82.108,-30.0],[82.237,-29.75],[81.075,-29.25],[80.5,-28.379],[80.25,-28.272],[79.25,-28.17],[78.91,-28.0],[78.637,-27.5],[78.259,-27.25],[77.25,-26.793],[76.5,-26.771],[76.25,-26.634],[75.868,-25.75],[75.5,-25.18],[74.975,-25.5],[74.75,-25.561],[74.547,-25.5],[73.284,-24.75],[72.75,-24.337],[72.25,-24.092],[71.649,-23.5],[71.771,-23.25],[71.765,-23.0],[71.616,-22.75],[71.25,-22.696],[71.0,-22.748],[70.25,-21.909],[69.447,-21.5],[69.132,-21.25],[69.032,-21.0],[69.152,-20.5],[69.5,-20.075],[69.721,-20.0],[69.25,-19.954],[68.5,-20.283],[67.75,-20.026],[67.435,-19.75],[67.0,-19.516],[66.5,-19.677],[66.25,-19.919],[64.25,-20.018],[63.555,-19.945],[63.75,-19.75],[63.5,-19.5],[63.25,-19.75],[63.469,-19.969],[63.25,-19.945],[62.5,-19.566],[62.25,-19.658],[62.0,-19.455],[61.75,-19.448],[61.295,-19.0],[60.75,-18.654],[59.0,-18.566],[57.857,-19.0],[57.956,-19.25],[57.896,-20.0],[57.849,-20.099],[57.5,-19.905],[57.25,-20.296],[57.171,-20.0],[57.665,-19.25],[57.724,-19.0],[57.593,-18.75],[57.0,-18.478],[55.75,-18.109],[55.25,-18.169],[54.75,-18.088],[54.25,-18.297],[53.75,-18.348],[53.25,-18.277],[53.0,-18.161],[52.25,-18.439],[50.5,-18.622],[49.75,-18.88],[49.5,-18.891],[49.25,-19.11],[49.25,-18.75],[49.5,-18.5],[49.5,-17.949],[49.71,-17.25],[50.15,-16.75],[50.147,-16.25],[50.5,-15.75],[50.5,-15.589],[50.693,-15.25],[50.25,-13.754],[50.25,-13.5],[50.0,-13.122],[49.938,-12.75],[49.5,-12.25],[49.5,-12.0],[49.25,-11.75],[49.168,-11.832],[48.339,-11.75],[47.75,-11.208],[46.29,-10.5],[46.037,-10.25],[45.877,-10.0],[46.007,-9.75],[46.508,-9.75],[46.433,-9.5],[46.466,-9.25],[45.093,-8.25],[44.874,-7.25],[44.36,-6.5],[43.25,-3.9],[42.968,-3.5],[42.364,-3.0],[42.044,-2.5],[42.035,-2.0],[42.5,-1.465],[42.75,-1.047],[43.25,-0.526],[44.246,0.5],[44.938,1.0],[45.5,1.185],[45.723,1.0],[45.84,0.75],[46.25,0.471],[46.5,0.402],[47.0,0.502],[47.25,0.43],[47.75,0.137],[48.31,-0.5],[49.25,-1.788],[49.5,-2.011],[49.75,-2.078],[50.0,-2.332],[50.75,-3.495],[51.25,-3.811],[52.0,-4.598],[52.5,-4.675],[52.75,-4.962],[52.648,-5.25],[52.705,-5.75],[52.811,-6.0],[53.25,-5.982],[53.5,-5.648],[53.75,-5.601],[53.842,-5.5],[53.75,-5.355],[53.5,-5.212],[53.401,-4.75],[53.25,-4.547],[53.054,-4.5],[52.996,-4.25],[53.25,-4.028],[53.75,-4.089],[54.225,-4.25],[55.546,-5.5],[55.76,-5.75],[55.827,-6.0],[55.543,-6.75],[55.797,-7.75],[55.883,-8.0],[56.5,-8.5],[56.75,-9.528],[57.25,-9.131],[57.75,-9.033],[58.5,-9.088],[58.959,-8.75],[58.688,-8.25],[58.675,-7.75],[59.393,-7.25],[59.75,-6.246],[60.0,-6.027],[60.25,-5.948],[61.0,-5.966],[61.237,-5.75],[61.163,-5.5],[61.25,-5.443],[61.5,-5.491],[62.0,-5.979],[62.022,-6.25],[62.25,-6.407],[63.0,-7.445],[63.25,-7.575],[64.25,-7.859],[64.414,-7.75],[64.569,-7.5],[64.75,-7.423],[65.0,-7.392],[65.5,-7.673],[65.75,-7.574],[65.813,-7.5],[65.831,-6.75],[65.702,-6.25],[65.456,-5.75],[65.046,-5.25],[64.859,-4.75],[64.902,-4.5],[65.5,-4.05],[65.75,-3.981],[66.0,-4.104],[66.379,-4.75],[66.621,-5.0],[68.0,-6.145],[68.5,-6.453],[68.693,-7.0],[69.25,-7.396],[70.018,-8.25],[70.75,-8.448],[71.341,-8.0],[71.537,-7.5],[71.75,-7.256],[72.25,-7.415],[72.5,-7.394],[72.641,-7.25],[72.5,-6.956],[72.25,-6.861],[71.75,-7.24],[71.654,-6.75],[72.0,-6.686],[72.25,-6.729],[72.699,-6.25],[72.75,-6.058],[73.0,-5.745],[73.5,-5.516],[73.75,-5.232],[73.921,-4.5],[73.883,-3.5],[73.641,-2.75],[73.648,-2.5],[73.791,-2.25],[74.215,-2.0],[74.5,-1.93],[75.373,-2.0],[76.25,-1.691],[77.5,-1.582],[77.681,-1.5],[77.813,-1.0],[78.0,-0.718],[79.323,-0.5],[79.5,-0.395],[79.795,0.0],[80.0,0.076],[80.25,0.085],[80.75,-0.12],[82.0,-0.025],[83.0,-0.043],[83.5,0.153],[83.897,0.5],[84.305,1.0],[84.287,1.75],[84.519,2.5],[84.372,3.0],[84.623,3.25],[84.701,3.5],[84.628,3.75],[84.0,3.876],[83.75,4.042],[83.167,5.25],[82.5,5.43],[81.802,5.75],[81.627,6.0],[81.714,6.25],[81.926,6.5],[81.918,6.668],[82.091,7.0],[82.086,7.25],[82.25,7.657],[82.5,7.693],[83.0,7.486],[83.25,7.612],[84.264,8.5],[84.949,9.5],[84.871,9.75],[84.111,10.25],[83.947,10.5],[83.838,10.75],[83.755,11.5],[83.857,11.75],[84.25,12.051],[84.363,11.75],[84.75,11.591],[85.0,11.61],[85.75,12.031],[86.25,12.027],[86.5,12.2],[86.788,13.25],[87.0,13.536],[87.25,13.567],[87.337,13.5],[87.424,13.0],[87.5,12.952],[87.75,12.866],[88.0,12.946],[88.262,13.25],[88.25,13.691],[87.719,14.0],[87.75,14.283],[88.0,14.558],[88.25,14.553],[88.5,14.406],[89.0,14.506],[89.75,14.075],[90.5,14.309],[90.75,14.326],[91.0,14.217],[91.25,13.898],[91.75,13.689],[92.164,12.5],[92.208,12.0],[92.139,11.75],[92.31,11.25],[92.25,10.75],[92.354,10.5],[92.623,10.25],[92.647,10.0],[92.515,9.25],[92.744,8.75],[92.867,7.25],[92.821,6.5],[93.174,5.25],[93.0,4.21],[92.75,3.713],[92.5,3.583],[92.425,3.75],[92.25,3.836],[92.0,4.16],[90.793,8.25],[90.5,8.56],[90.25,8.634],[90.0,8.596],[89.615,8.0],[89.589,7.75],[89.707,7.5],[90.0,7.437],[90.022,7.25],[89.5,5.174],[89.0,4.932],[88.5,4.888],[88.235,5.0],[88.0,5.284],[87.748,5.25],[87.71,4.75],[87.94,3.5],[87.793,2.5],[88.0,2.19],[88.75,1.933],[89.0,1.989],[89.5,2.325],[89.622,2.5],[89.618,3.5],[89.698,3.75],[90.021,4.0],[90.139,4.25],[89.902,4.75],[90.0,4.957],[90.25,5.056],[90.5,4.691],[90.75,4.036],[90.781,3.75],[91.298,3.0],[91.125,2.25],[91.25,1.975],[91.5,1.833],[91.75,1.805],[92.5,2.053],[92.775,2.0],[93.128,1.75],[93.5,1.008],[93.75,0.844],[94.0,0.874],[94.5,1.144],[95.0,1.266],[95.25,1.293],[95.75,1.122],[96.25,0.745],[96.43,0.5],[96.75,-0.31],[97.25,-0.625],[98.0,-0.892],[98.25,-1.079],[99.0,-2.0],[99.277,-1.973],[99.771,-2.5],[100.053,-2.947],[100.0,-3.0],[100.25,-3.25],[100.32,-3.18],[100.5,-3.344],[100.61,-3.25],[100.75,-2.636],[101.0,-2.67],[101.0,-2.75],[102.048,-3.75],[102.25,-4.064],[102.75,-4.5],[103.01,-4.51],[103.5,-5.0],[103.75,-5.0],[103.75,-5.25],[104.5,-6.0],[104.612,-5.888],[105.107,-6.0],[105.093,-6.5],[105.143,-6.75],[105.25,-6.855],[105.66,-6.91],[105.75,-7.0],[106.326,-7.0],[106.355,-7.145],[106.25,-7.25],[106.5,-7.5],[107.25,-7.5],[107.5,-7.75],[108.0,-7.75],[108.25,-8.0],[108.5,-8.0],[108.75,-7.75],[109.25,-7.75],[109.5,-8.0],[110.0,-8.0],[110.25,-8.25],[111.0,-8.25],[111.25,-8.5],[113.5,-8.5],[113.75,-8.75],[114.25,-8.75],[114.5,-9.0],[114.75,-8.75],[114.675,-8.675],[114.75,-8.533],[114.892,-8.5],[115.0,-8.5],[115.0,-8.75],[115.25,-9.0],[115.5,-9.0],[115.75,-8.75],[116.0,-9.083],[116.017,-9.0],[116.5,-9.0],[116.75,-9.25],[117.5,-9.25],[117.677,-9.073],[117.907,-9.0],[118.75,-9.0],[118.827,-8.923],[119.044,-9.0],[118.957,-9.293],[118.75,-9.5],[119.25,-10.0],[119.75,-10.0],[120.25,-10.5],[120.5,-10.5],[120.713,-10.287],[121.095,-10.25],[121.03,-10.5],[120.64,-11.0],[120.561,-11.25],[120.655,-11.5],[120.646,-11.75],[120.503,-12.25],[119.809,-13.5],[119.0,-14.67],[117.745,-16.25],[116.314,-18.75],[115.25,-19.959],[114.011,-21.761],[113.75,-22.0],[113.75,-22.25],[113.5,-22.5],[113.5,-22.75],[113.75,-23.048],[113.67,-23.33],[113.5,-23.5],[113.481,-23.769],[113.25,-24.0],[113.3,-24.55],[113.164,-24.75],[113.085,-25.25],[112.777,-25.723],[112.846,-24.5],[113.25,-23.583],[113.428,-22.75],[113.404,-22.5],[113.792,-20.75],[114.386,-19.5],[114.354,-19.25],[114.25,-19.174],[114.0,-19.19],[113.25,-19.478],[113.0,-19.486],[112.661,-19.25],[112.645,-19.0],[112.855,-18.5],[112.803,-18.25],[113.0,-18.065],[113.205,-17.25],[113.201,-17.0],[113.0,-16.794],[112.726,-17.5],[112.632,-18.25],[112.5,-18.366],[112.0,-18.528],[111.5,-18.499],[111.0,-17.999],[110.66,-17.5],[110.597,-17.25],[110.75,-16.799],[111.75,-15.3],[112.295,-13.5],[112.442,-13.25],[113.0,-12.817],[113.267,-12.5],[113.454,-12.0],[113.805,-10.5],[114.149,-9.75],[114.11,-9.5],[113.75,-9.337],[113.0,-9.235],[112.5,-9.83],[112.25,-9.643],[112.0,-9.278],[111.75,-9.197],[111.5,-9.43],[110.632,-10.75],[110.25,-11.665],[109.971,-13.5],[109.296,-14.75],[109.076,-15.5],[108.965,-16.0],[109.06,-17.0],[109.0,-17.486],[108.75,-17.415],[108.381,-16.25],[108.047,-15.75],[108.0,-15.441],[107.75,-15.672],[107.5,-15.779],[107.107,-15.5],[107.001,-15.25],[106.75,-15.389],[106.5,-15.239],[106.393,-15.0],[106.421,-14.5],[106.571,-14.25],[106.745,-13.5],[107.0,-13.262],[107.25,-13.169],[107.296,-13.0],[107.5,-10.5],[107.967,-9.25],[108.0,-8.744],[107.691,-8.5],[106.615,-8.0],[106.0,-7.551],[105.5,-7.303],[105.0,-7.384],[104.844,-7.5],[104.721,-7.75],[104.664,-8.25],[104.5,-8.427],[104.25,-8.353],[104.0,-8.185],[103.25,-7.319],[103.0,-7.166],[102.5,-7.316],[101.75,-6.774],[101.5,-6.716],[101.0,-6.76],[100.25,-6.095],[100.0,-6.148],[99.911,-6.25],[99.745,-6.5],[99.559,-7.25],[99.25,-7.452],[98.75,-7.344],[98.0,-6.975],[97.5,-6.977],[97.0,-7.382],[96.75,-7.267],[96.63,-7.5],[96.694,-8.0],[96.5,-8.092],[95.75,-8.861],[95.5,-8.906],[95.436,-9.0],[95.369,-9.25],[95.399,-10.0],[95.565,-10.5],[95.25,-10.998],[94.803,-11.25],[94.785,-11.5],[94.888,-11.75],[94.75,-11.842],[94.474,-11.75],[94.236,-11.5],[94.136,-11.0],[94.0,-10.85],[93.75,-10.81],[93.5,-11.095],[93.25,-11.212],[92.75,-10.747],[92.5,-10.645],[92.25,-10.686],[92.052,-11.0],[92.019,-11.25],[92.089,-12.0],[92.023,-12.5],[92.5,-12.807],[92.923,-13.5],[93.75,-14.425],[94.0,-14.54],[95.25,-14.804],[96.0,-15.143],[96.569,-15.25],[96.785,-15.75],[96.75,-15.82],[96.5,-15.807],[96.0,-15.454],[95.888,-15.5],[95.815,-15.75],[96.361,-16.25],[96.25,-16.377],[96.0,-16.348],[95.75,-16.103],[95.5,-16.256],[95.322,-16.5],[95.5,-17.02],[96.5,-17.49],[97.25,-17.64],[98.0,-17.583],[98.75,-17.68],[99.208,-18.0],[99.176,-18.25],[99.0,-18.475],[98.75,-18.568],[98.25,-18.317],[98.0,-18.326],[97.907,-18.5],[98.048,-18.75],[98.484,-19.0],[98.067,-19.5],[98.35,-19.75],[98.5,-19.998],[98.5,-20.262],[98.126,-20.5],[97.25,-20.869],[96.75,-20.959],[96.25,-21.273],[96.0,-21.181],[95.75,-20.865],[95.625,-20.0],[95.726,-19.75],[96.127,-19.5],[96.75,-19.374],[96.951,-19.25],[96.826,-19.0],[95.0,-17.475],[94.5,-17.204],[94.0,-17.259],[93.75,-17.211],[93.485,-17.0],[93.532,-16.75],[94.137,-16.0],[93.995,-15.5],[93.823,-15.25],[93.5,-14.885],[93.25,-14.852],[92.75,-15.175],[92.504,-15.0],[92.181,-14.25],[92.022,-13.5],[91.723,-13.0],[91.252,-12.5],[90.75,-12.113],[89.25,-11.459],[89.0,-11.52],[88.5,-11.864],[87.75,-12.097],[87.519,-12.25],[87.358,-12.5],[87.295,-13.25],[86.941,-13.5],[86.879,-13.75],[88.0,-14.252],[88.5,-14.762],[89.0,-15.098],[89.75,-15.451],[91.0,-15.785],[92.139,-16.25],[92.7,-16.75],[92.697,-17.0],[92.526,-17.25],[92.599,-17.5],[92.428,-17.75],[92.0,-17.878],[90.5,-17.757],[89.75,-17.805],[88.75,-17.185],[88.25,-17.297],[87.0,-16.74],[85.5,-16.614],[85.117,-16.75],[84.979,-17.0],[84.978,-17.25],[84.783,-17.5],[84.25,-17.534],[83.75,-17.279],[83.25,-17.326],[83.0,-17.249],[82.75,-16.972],[82.5,-16.897],[81.75,-17.416],[81.0,-17.563],[79.75,-18.267],[79.25,-18.501],[79.0,-18.507],[78.653,-18.25],[78.48,-17.75],[78.528,-17.25],[78.941,-16.5],[78.944,-16.25],[78.75,-15.956],[78.25,-15.806],[77.25,-15.917],[76.75,-15.619],[76.5,-15.567],[75.5,-15.719],[72.62,-15.5],[72.497,-15.75],[72.85,-16.25],[73.5,-16.628],[74.0,-16.75],[74.494,-17.0],[74.521,-17.25],[74.134,-17.75],[74.234,-18.25],[74.125,-18.75],[72.615,-20.25],[72.52,-20.5],[72.537,-21.25],[72.75,-21.512],[73.316,-21.25],[73.319,-21.0],[73.212,-20.75],[74.081,-19.75],[74.901,-19.0],[74.854,-18.75],[75.0,-18.709],[75.114,-18.75],[75.117,-19.0],[75.225,-19.25],[75.265,-20.25],[75.063,-20.75],[74.441,-21.25],[74.5,-21.404],[74.75,-21.61],[75.0,-21.499],[75.355,-21.25],[75.75,-20.669],[76.25,-20.289],[76.5,-20.193],[77.0,-20.237],[77.275,-20.5],[77.178,-21.0],[77.137,-22.0],[77.25,-22.791],[77.5,-22.822],[77.75,-22.652],[78.25,-21.261],[78.75,-21.357],[79.0,-21.329],[80.233,-20.5],[80.37,-20.0],[80.75,-19.289],[82.0,-18.501],[82.19,-18.25],[82.5,-18.064],[83.0,-18.009],[84.271,-18.25],[84.418,-18.5],[84.25,-18.682],[83.25,-19.177],[82.75,-19.323],[81.75,-20.325],[81.25,-20.403],[81.128,-20.5],[80.942,-21.25],[81.0,-21.428],[81.25,-21.451],[81.5,-21.338],[81.705,-21.5],[81.75,-22.521],[82.0,-22.762],[82.75,-22.81],[84.0,-23.371],[84.25,-23.366],[84.75,-23.148],[85.5,-23.174],[85.566,-23.25],[85.499,-23.5],[85.068,-24.0],[84.929,-24.5],[84.559,-25.25],[85.0,-25.36],[85.25,-25.509],[85.5,-25.775],[85.776,-26.5],[86.0,-26.735],[86.25,-26.703],[87.024,-26.25],[87.25,-26.196],[87.423,-26.25],[87.488,-26.5],[87.434,-27.25],[87.081,-27.75],[87.0,-28.017],[87.25,-28.076],[87.5,-27.998],[88.75,-28.657],[89.243,-28.75],[89.07,-29.25],[89.25,-29.65],[89.5,-29.88],[90.197,-30.0],[90.403,-30.25],[91.0,-30.303],[91.097,-30.5],[91.75,-30.807],[92.463,-31.5],[92.495,-31.75],[92.351,-32.25],[92.477,-32.5],[92.438,-32.75],[93.0,-32.821],[94.0,-32.566],[94.5,-32.678],[94.89,-33.0],[94.928,-33.25],[94.75,-33.597],[93.75,-34.226],[93.5,-34.172],[93.25,-34.22],[93.0,-34.357],[92.75,-34.367],[92.25,-34.547],[91.973,-34.5],[90.75,-33.954]]]},"properties":{"hvalue":2.0,"color":"#6c99d2"}},{"type":"Feature","geometry":{"type":"Polygon","coordinates":[[[115.75,-8.75],[115.75,-8.616],[115.843,-8.657],[115.75,-8.75]]]},"properties":{"hvalue":2.0,"color":"#6c99d2"}},{"type":"Feature","geometry":{"type":"Polygon","coordinates":[[[81.5,1.237],[81.397,1.5],[81.5,1.702],[81.793,1.5],[81.75,1.189],[81.5,1.237]]]},"properties":{"hvalue":2.0,"color":"#6c99d2"}},{"type":"Feature","geometry":{"type":"Polygon","coordinates":[[[78.75,8.069],[78.5,7.892],[78.253,8.0],[78.294,8.25],[78.5,8.598],[78.75,8.674],[78.832,8.25],[78.75,8.069]]]},"properties":{"hvalue":2.0,"color":"#6c99d2"}},{"type":"Feature","geometry":{"type":"Polygon","coordinates":[[[125.295,21.75],[125.5,21.717],[125.702,21.5],[125.656,21.25],[125.5,21.055],[125.25,20.96],[125.131,21.0],[124.971,21.25],[125.006,21.5],[125.295,21.75]]]},"properties":{"hvalue":2.0,"color":"#6c99d2"}},{"type":"Feature","geometry":{"type":"Polygon","coordinates":[[[123.807,26.5],[123.75,26.377],[123.5,26.319],[123.117,26.75],[123.25,26.83],[123.631,26.75],[123.807,26.5]]]},"properties":{"hvalue":2.0,"color":"#6c99d2"}},{"type":"Feature","geometry":{"type":"Polygon","coordinates":[[[126.074,23.0],[125.723,24.0],[125.684,24.5],[125.408,25.0],[125.25,25.13],[125.0,24.958],[124.0,24.87],[123.25,24.301],[122.941,24.75],[123.25,25.073],[123.983,25.5],[124.25,25.988],[124.311,26.75],[125.0,27.962],[125.149,28.75],[127.62,32.75],[127.803,33.25],[127.928,34.0],[128.226,34.25],[128.5,34.346],[129.25,35.0],[129.5,35.25],[129.5,35.599],[129.75,35.943],[130.25,36.045],[130.508,36.25],[131.015,37.0],[130.879,37.5],[130.75,37.578],[130.5,37.385],[130.25,37.345],[129.25,37.705],[127.75,39.25],[127.614,39.25],[127.75,39.5],[127.591,39.659],[127.665,39.75],[128.25,39.75],[128.531,40.031],[129.0,40.25],[129.5,40.617],[129.662,40.75],[129.706,40.956],[129.882,41.132],[130.5,41.557],[131.0,41.474],[131.25,41.537],[131.5,41.734],[132.0,41.911],[132.25,42.116],[132.5,42.146],[133.0,41.808],[133.515,41.75],[133.784,41.5],[133.994,41.0],[134.11,40.25],[134.024,39.75],[133.612,39.0],[132.45,37.75],[132.592,37.5],[133.5,37.396],[133.795,37.25],[133.651,37.0],[133.25,36.711],[132.5,36.338],[131.5,35.671],[130.56,34.0],[129.816,33.566],[130.0,33.75],[129.75,34.0],[129.5,33.75],[129.686,33.564],[129.655,33.5],[129.5,33.5],[129.25,33.179],[129.0,33.215],[128.818,32.932],[128.75,33.0],[128.5,32.75],[128.579,32.671],[128.433,32.5],[128.5,32.376],[128.75,32.289],[129.0,32.508],[129.25,32.551],[129.5,31.772],[129.458,31.25],[129.752,30.25],[129.5,29.871],[129.369,29.5],[129.621,29.25],[129.621,29.0],[129.487,28.75],[129.0,28.465],[128.155,27.75],[128.0,27.555],[127.571,26.5],[127.408,26.0],[127.5,25.933],[127.803,25.0],[127.599,24.0],[127.5,22.962],[127.0,22.388],[126.75,22.4],[126.074,23.0]]]},"properties":{"hvalue":2.0,"color":"#6c99d2"}},{"type":"Feature","geometry":{"type":"Polygon","coordinates":[[[121.75,34.619],[121.463,35.0],[121.844,35.75],[122.639,36.75],[122.75,37.25],[122.5,37.5],[122.139,37.5],[122.0,37.6],[121.684,37.5],[121.25,37.75],[121.0,37.75],[120.75,38.0],[120.462,37.712],[120.25,37.679],[119.963,37.463],[119.5,37.408],[119.25,37.693],[119.201,38.0],[119.04,38.25],[119.5,38.695],[120.5,38.996],[120.75,39.042],[120.839,38.75],[121.25,38.5],[122.25,38.872],[122.75,38.932],[122.989,39.25],[123.5,39.426],[123.75,39.471],[124.25,39.375],[124.402,39.25],[124.658,38.75],[124.488,37.75],[124.722,36.5],[124.588,35.5],[123.886,34.5],[123.5,34.137],[123.0,33.911],[122.5,33.892],[122.25,34.098],[122.0,34.573],[121.75,34.619]]]},"properties":{"hvalue":2.0,"color":"#6c99d2"}},{"type":"Feature","geometry":{"type":"Polygon","coordinates":[[[143.25,-66.617],[143.75,-66.711],[143.787,-67.0],[143.5,-66.75],[142.531,-66.75],[142.75,-66.636],[143.25,-66.617]]]},"properties":{"hvalue":2.0,"color":"#6c99d2"}},{"type":"Feature","geometry":{"type":"Polygon","coordinates":[[[141.282,-66.75],[141.232,-66.75],[141.25,-66.717],[141.282,-66.75]]]},"properties":{"hvalue":2.0,"color":"#6c99d2"}},{"type":"Feature","geometry":{"type":"Polygon","coordinates":[[[158.982,-54.5],[159.064,-54.5],[159.217,-54.75],[159.0,-54.809],[158.936,-54.75],[158.982,-54.5]]]},"properties":{"hvalue":2.0,"color":"#6c99d2"}},{"type":"Feature","geometry":{"type":"Polygon","coordinates":[[[169.25,-52.404],[169.572,-52.5],[169.25,-52.591],[169.169,-52.5],[169.25,-52.404]]]},"properties":{"hvalue":2.0,"color":"#6c99d2"}},{"type":"Feature","geometry":{"type":"Polygon","coordinates":[[[166.787,-48.75],[166.733,-48.75],[166.75,-48.723],[166.787,-48.75]]]},"properties":{"hvalue":2.0,"color":"#6c99d2"}},{"type":"Feature","geometry":{"type":"Polygon","coordinates":[[[167.75,-46.5],[167.838,-46.5],[167.771,-46.521],[167.75,-46.5]]]},"properties":{"hvalue":2.0,"color":"#6c99d2"}},{"type":"Feature","geometry":{"type":"Polygon","coordinates":[[[146.905,-43.595],[147.022,-43.522],[147.095,-43.595],[146.905,-43.595]]]},"properties":{"hvalue":2.0,"color":"#6c99d2"}},{"type":"Feature","geometry":{"type":"Polygon","coordinates":[[[145.199,-42.25],[145.195,-42.195],[145.25,-42.302],[145.199,-42.25]]]},"properties":{"hvalue":2.0,"color":"#6c99d2"}},{"type":"Feature","geometry":{"type":"Polygon","coordinates":[[[138.156,-36.25],[137.531,-36.219],[137.75,-35.961],[137.924,-35.924],[138.0,-36.0],[138.18,-35.82],[138.894,-35.644],[139.25,-36.0],[139.397,-36.0],[139.5,-36.091],[139.5,-36.25],[139.75,-36.5],[139.75,-36.75],[139.544,-36.956],[139.5,-36.829],[139.0,-36.585],[138.5,-36.58],[138.156,-36.25]]]},"properties":{"hvalue":2.0,"color":"#6c99d2"}},{"type":"Feature","geometry":{"type":"Polygon","coordinates":[[[171.75,-52.24],[170.078,-51.25],[169.0,-50.861],[168.0,-50.815],[166.5,-51.073],[166.25,-51.041],[165.923,-50.75],[166.25,-50.382],[167.272,-50.25],[167.774,-50.0],[167.532,-49.5],[167.459,-48.75],[167.25,-48.578],[167.0,-48.615],[166.849,-48.25],[166.457,-48.0],[166.479,-47.75],[166.137,-47.5],[165.75,-47.055],[164.738,-46.5],[164.574,-46.25],[164.604,-46.0],[165.0,-45.817],[165.75,-45.73],[166.25,-45.491],[167.761,-43.75],[167.786,-43.5],[167.659,-43.25],[167.602,-42.5],[167.422,-42.0],[167.588,-41.25],[168.388,-39.5],[168.415,-38.75],[168.338,-38.0],[168.0,-37.446],[167.25,-36.528],[166.0,-35.33],[165.75,-35.203],[165.5,-35.2],[165.0,-35.475],[164.0,-35.255],[163.25,-35.215],[162.75,-34.972],[162.0,-34.84],[161.25,-34.452],[160.75,-34.339],[160.5,-34.468],[160.25,-34.787],[159.75,-34.871],[159.5,-34.827],[159.302,-34.75],[159.123,-34.5],[159.151,-33.75],[159.25,-33.487],[159.0,-33.285],[158.5,-33.356],[158.259,-32.75],[158.0,-32.585],[157.75,-32.538],[157.5,-32.606],[157.361,-32.75],[156.823,-33.75],[156.75,-34.25],[156.876,-34.5],[157.5,-35.109],[157.75,-35.49],[157.94,-36.75],[158.25,-36.972],[158.5,-37.036],[158.98,-37.75],[158.983,-38.25],[158.657,-39.0],[158.702,-39.25],[158.632,-39.75],[158.838,-40.5],[158.93,-41.25],[159.319,-42.0],[159.34,-42.25],[159.25,-42.305],[159.0,-42.293],[158.5,-41.971],[157.0,-42.091],[155.25,-41.693],[154.61,-41.5],[154.0,-41.101],[153.627,-41.0],[153.344,-40.75],[153.0,-40.621],[152.5,-40.276],[150.5,-40.32],[149.25,-40.551],[148.934,-40.75],[149.743,-41.75],[149.713,-42.0],[149.312,-42.5],[148.589,-43.0],[147.452,-43.452],[147.367,-43.367],[148.246,-43.0],[148.893,-42.25],[148.94,-41.75],[148.764,-41.25],[148.654,-41.0],[148.301,-40.75],[148.632,-40.5],[148.736,-40.0],[148.601,-39.75],[148.0,-39.563],[147.814,-39.75],[147.75,-40.0],[148.054,-40.446],[148.0,-40.5],[148.18,-40.68],[148.028,-40.75],[147.0,-40.75],[146.882,-40.868],[145.5,-40.447],[145.0,-40.383],[144.654,-40.596],[144.636,-40.5],[144.75,-40.345],[145.312,-40.0],[145.391,-39.75],[145.0,-39.755],[144.156,-40.094],[144.444,-39.75],[144.25,-39.589],[144.139,-39.639],[143.974,-39.5],[144.499,-39.25],[144.805,-39.0],[144.75,-38.87],[144.688,-38.75],[144.5,-38.725],[143.621,-38.879],[143.75,-38.75],[144.0,-38.75],[144.205,-38.545],[144.801,-38.449],[144.75,-38.5],[145.0,-38.75],[145.75,-38.75],[146.0,-39.0],[146.066,-38.934],[146.5,-39.179],[147.75,-38.882],[148.5,-38.838],[150.0,-39.043],[150.75,-39.046],[151.049,-39.0],[151.75,-38.583],[152.651,-38.25],[152.778,-38.0],[152.797,-37.75],[152.734,-37.0],[152.5,-36.544],[152.0,-36.424],[151.493,-36.0],[151.231,-34.269],[151.444,-34.0],[151.588,-33.412],[152.5,-32.5],[152.674,-32.25],[152.716,-32.034],[153.0,-31.75],[153.0,-31.369],[153.25,-31.0],[153.25,-30.149],[153.339,-29.911],[153.5,-29.75],[153.5,-29.25],[153.75,-29.0],[153.75,-28.25],[153.589,-28.089],[153.582,-27.668],[153.75,-27.5],[153.59,-27.34],[153.615,-26.75],[153.913,-26.0],[154.0,-25.9],[154.5,-26.239],[155.25,-26.377],[155.715,-26.25],[156.25,-25.929],[156.75,-26.064],[156.826,-25.5],[157.459,-24.75],[157.878,-24.0],[157.941,-23.75],[157.84,-23.5],[157.5,-23.091],[157.0,-22.695],[156.25,-22.582],[156.123,-22.25],[156.382,-21.0],[156.5,-20.752],[157.0,-20.219],[157.25,-20.112],[157.5,-20.137],[157.75,-20.267],[158.05,-20.25],[158.25,-20.355],[158.288,-20.75],[158.5,-20.923],[158.73,-20.75],[158.75,-20.644],[159.25,-20.99],[159.39,-21.25],[159.383,-21.75],[159.5,-22.041],[159.75,-22.263],[160.0,-22.299],[160.5,-22.029],[161.25,-22.05],[161.5,-22.222],[161.597,-22.5],[161.839,-24.75],[161.837,-25.0],[161.464,-26.25],[161.32,-27.25],[161.5,-27.504],[162.135,-26.75],[162.235,-26.25],[162.767,-25.25],[163.416,-24.5],[163.5,-24.227],[163.75,-24.167],[163.915,-24.25],[163.908,-24.5],[163.462,-25.75],[163.39,-26.25],[163.453,-26.5],[163.5,-26.567],[163.75,-26.566],[164.0,-26.393],[164.25,-26.504],[164.691,-27.0],[164.75,-27.262],[165.75,-26.174],[166.5,-25.755],[166.75,-25.696],[167.0,-25.98],[167.013,-26.25],[167.25,-26.434],[168.25,-25.552],[169.5,-25.25],[170.5,-25.567],[170.75,-25.804],[171.0,-25.823],[172.0,-25.557],[172.25,-25.568],[172.5,-25.682],[172.75,-25.591],[173.25,-25.027],[174.25,-23.29],[174.404,-24.75],[174.5,-24.752],[175.0,-24.403],[175.089,-24.5],[174.598,-25.75],[174.597,-26.25],[174.75,-26.443],[175.0,-26.344],[175.834,-25.75],[177.251,-24.5],[178.25,-23.484],[178.5,-23.427],[178.573,-23.5],[178.54,-24.5],[178.292,-25.25],[178.5,-25.387],[179.043,-25.5],[179.101,-25.75],[178.243,-26.25],[178.111,-26.75],[178.5,-27.383],[178.635,-27.75],[178.467,-28.25],[178.582,-28.5],[179.0,-28.653],[179.75,-28.74],[179.75,-36.834],[179.583,-37.25],[179.57,-37.5],[179.75,-37.964],[179.75,-44.832],[178.36,-44.25],[176.723,-43.0],[176.556,-42.75],[176.392,-42.0],[176.512,-41.25],[177.38,-39.5],[177.75,-39.425],[178.113,-39.0],[178.133,-38.75],[178.25,-38.75],[178.5,-38.5],[178.502,-37.75],[178.572,-37.5],[178.283,-37.0],[178.24,-36.75],[178.214,-35.0],[177.766,-33.75],[177.863,-33.25],[177.457,-33.0],[176.5,-32.798],[175.75,-32.734],[175.0,-32.93],[174.0,-33.378],[173.25,-33.8],[172.5,-34.5],[173.0,-35.0],[173.0,-35.25],[173.75,-36.0],[173.75,-36.25],[174.158,-36.658],[174.25,-37.258],[174.0,-37.511],[173.25,-37.806],[172.25,-38.393],[172.0,-38.438],[171.25,-38.23],[171.0,-38.236],[170.5,-38.513],[170.25,-38.983],[170.132,-39.5],[170.123,-42.5],[170.038,-42.75],[169.273,-43.5],[168.25,-44.0],[167.665,-44.585],[167.25,-44.75],[166.25,-45.75],[166.25,-46.0],[166.5,-46.25],[166.75,-46.25],[167.0,-46.5],[167.25,-46.5],[167.378,-46.372],[167.5,-46.371],[167.75,-46.5],[167.5,-46.75],[167.5,-47.0],[167.25,-47.25],[167.5,-47.5],[167.694,-47.306],[169.5,-47.122],[170.0,-47.126],[171.0,-47.311],[172.241,-48.0],[172.946,-48.75],[173.305,-49.25],[173.75,-49.429],[174.0,-49.436],[174.25,-49.333],[174.432,-49.0],[174.75,-48.78],[175.25,-48.871],[175.75,-49.115],[176.5,-49.185],[178.5,-48.968],[178.876,-49.0],[179.008,-49.25],[178.812,-49.5],[178.815,-49.75],[179.0,-49.853],[179.75,-49.818],[179.75,-51.588],[178.75,-51.708],[177.25,-52.053],[176.25,-52.004],[174.75,-52.394],[173.75,-52.163],[172.75,-52.313],[172.0,-52.318],[171.75,-52.24]]]},"properties":{"hvalue":2.0,"color":"#6c99d2"}},{"type":"Feature","geometry":{"type":"Polygon","coordinates":[[[165.75,-25.457],[165.449,-25.25],[165.5,-25.119],[166.192,-25.25],[166.0,-25.281],[165.75,-25.457]]]},"properties":{"hvalue":2.0,"color":"#6c99d2"}},{"type":"Feature","geometry":{"type":"Polygon","coordinates":[[[154.684,-1.5],[155.0,-1.359],[155.5,-1.27],[155.75,-1.306],[156.217,-1.5],[156.262,-1.75],[156.0,-2.188],[155.75,-2.318],[155.25,-2.438],[154.655,-2.25],[154.5,-2.12],[154.25,-2.505],[154.0,-2.618],[154.0,-2.242],[154.684,-1.5]]]},"properties":{"hvalue":2.0,"color":"#6c99d2"}},{"type":"Feature","geometry":{"type":"Polygon","coordinates":[[[159.5,4.13],[159.892,4.0],[159.5,3.895],[158.75,3.337],[158.5,3.415],[158.463,3.5],[158.684,4.0],[159.5,4.13]]]},"properties":{"hvalue":2.0,"color":"#6c99d2"}},{"type":"Feature","geometry":{"type":"Polygon","coordinates":[[[152.442,4.0],[153.25,4.519],[154.301,4.25],[154.092,3.75],[153.5,3.42],[152.812,3.5],[152.467,3.75],[152.442,4.0]]]},"properties":{"hvalue":2.0,"color":"#6c99d2"}},{"type":"Feature","geometry":{"type":"Polygon","coordinates":[[[151.939,4.25],[151.5,4.12],[151.253,4.25],[151.14,4.5],[151.25,4.578],[151.5,4.539],[151.939,4.25]]]},"properties":{"hvalue":2.0,"color":"#6c99d2"}},{"type":"Feature","geometry":{"type":"Polygon","coordinates":[[[156.144,19.0],[156.0,18.84],[155.75,18.753],[155.5,18.871],[155.25,18.86],[155.001,19.0],[155.25,19.316],[155.75,19.337],[156.144,19.0]]]},"properties":{"hvalue":2.0,"color":"#6c99d2"}},{"type":"Feature","geometry":{"type":"Polygon","coordinates":[[[153.187,20.0],[152.453,20.75],[152.364,21.0],[153.25,21.089],[153.788,21.0],[154.203,20.75],[154.075,20.5],[153.81,20.25],[154.007,20.0],[154.451,19.75],[154.582,19.5],[153.75,19.432],[153.5,19.242],[152.836,19.25],[153.0,19.741],[153.187,20.0]]]},"properties":{"hvalue":2.0,"color":"#6c99d2"}},{"type":"Feature","geometry":{"type":"Polygon","coordinates":[[[164.75,-1.46],[163.705,-0.25],[163.0,0.283],[162.5,0.825],[162.0,1.016],[161.25,1.071],[161.019,1.25],[162.5,2.388],[162.855,2.75],[162.488,3.25],[162.187,3.5],[161.803,4.25],[162.5,4.543],[163.0,4.474],[163.5,4.514],[163.683,4.75],[163.749,5.0],[163.976,5.25],[164.909,6.0],[165.512,6.0],[166.0,6.253],[166.25,6.177],[166.75,6.212],[167.25,6.029],[167.75,5.807],[168.0,5.482],[168.832,5.25],[169.235,5.0],[168.75,4.897],[168.647,4.75],[168.75,4.557],[169.179,4.75],[169.25,4.985],[171.25,5.159],[171.75,5.353],[172.25,5.746],[172.75,5.575],[173.5,5.067],[173.75,5.002],[174.25,5.145],[174.516,5.0],[174.689,4.75],[174.635,4.5],[174.75,4.405],[175.0,4.333],[175.374,4.5],[175.527,5.25],[175.47,5.5],[175.209,5.75],[175.175,6.0],[175.327,6.5],[175.373,7.0],[175.65,8.0],[175.75,8.165],[176.0,8.31],[176.281,8.75],[176.0,8.967],[175.5,9.096],[175.38,9.25],[175.247,9.75],[174.75,10.117],[174.25,10.297],[174.123,10.5],[174.391,10.75],[174.5,10.968],[174.59,11.25],[174.522,11.5],[172.0,11.83],[171.75,11.929],[171.642,12.0],[171.72,12.25],[172.035,12.5],[171.919,12.75],[171.501,13.0],[171.456,13.25],[171.75,13.537],[173.5,14.175],[174.741,14.5],[174.678,14.75],[174.25,15.084],[172.75,15.507],[172.25,15.502],[171.5,15.329],[170.25,15.512],[168.5,15.506],[167.203,15.75],[166.5,16.079],[165.5,16.064],[165.0,16.132],[164.767,16.25],[164.828,16.5],[165.077,16.75],[165.491,17.0],[166.0,17.085],[166.152,17.25],[166.0,17.44],[165.5,17.576],[164.75,17.576],[163.75,17.457],[163.25,17.487],[162.75,17.555],[162.0,17.878],[161.75,17.874],[160.558,17.75],[160.0,17.55],[159.75,17.363],[157.75,16.943],[157.25,16.979],[156.5,17.177],[156.083,17.5],[156.072,17.75],[156.176,18.5],[156.25,18.682],[156.5,18.898],[156.75,19.034],[157.25,19.131],[157.5,19.106],[157.75,19.191],[158.5,19.099],[159.28,19.25],[159.234,19.5],[157.967,19.75],[157.0,20.303],[156.75,20.23],[156.5,20.292],[156.287,20.5],[156.446,21.0],[156.31,21.5],[155.652,22.25],[155.892,22.5],[155.896,22.75],[155.761,23.0],[156.0,23.216],[156.25,23.302],[156.75,23.313],[157.0,23.408],[157.25,23.358],[158.0,23.558],[158.5,23.878],[158.75,23.878],[159.0,23.573],[159.25,23.575],[159.511,23.75],[159.411,24.0],[159.25,24.119],[159.0,24.166],[158.728,24.5],[158.94,24.75],[160.25,25.176],[161.25,25.6],[162.5,25.668],[165.0,25.174],[165.352,25.25],[165.75,25.542],[166.0,25.41],[166.25,25.495],[166.608,25.75],[166.619,26.0],[165.75,26.17],[165.5,26.531],[165.196,26.75],[165.464,27.0],[165.75,27.098],[166.25,27.135],[167.0,26.902],[167.75,26.481],[168.25,26.307],[169.0,26.264],[169.75,26.504],[170.033,26.75],[170.254,27.25],[170.894,27.5],[170.654,27.75],[170.5,27.826],[169.5,27.904],[169.0,27.859],[168.25,28.113],[167.0,28.03],[166.5,27.824],[165.75,27.671],[165.25,27.708],[164.75,27.854],[162.778,28.75],[162.384,29.0],[162.168,29.25],[161.919,29.75],[161.885,30.25],[161.626,30.5],[161.461,31.25],[161.693,31.5],[162.0,31.653],[162.25,31.71],[162.5,31.635],[162.917,31.25],[162.954,31.0],[162.876,30.75],[163.0,30.64],[163.786,30.75],[164.0,30.645],[164.25,30.247],[164.5,30.1],[164.75,30.165],[164.981,30.5],[164.963,30.75],[165.491,31.25],[165.562,31.5],[164.733,32.0],[164.524,32.25],[165.25,32.449],[166.25,32.502],[166.75,32.793],[167.0,32.849],[168.5,32.476],[168.75,32.47],[169.964,32.75],[170.283,33.25],[170.321,33.5],[170.5,33.786],[171.5,34.354],[172.5,34.516],[173.269,34.75],[173.453,35.0],[173.442,35.25],[173.0,35.454],[172.25,35.437],[171.5,35.184],[171.25,35.183],[171.0,35.32],[170.275,35.5],[169.832,35.75],[170.522,36.25],[170.719,36.75],[170.791,37.0],[170.589,37.75],[170.739,38.25],[171.014,38.5],[171.5,38.727],[171.75,38.775],[172.0,38.559],[172.238,37.75],[172.098,37.0],[171.936,36.75],[172.0,36.471],[172.25,36.294],[172.5,36.265],[173.25,36.611],[173.75,36.71],[173.955,37.0],[173.878,37.75],[173.75,38.0],[173.371,38.25],[172.825,39.25],[172.676,39.75],[172.671,40.0],[172.75,40.12],[173.0,40.075],[173.5,39.672],[174.627,39.75],[175.25,40.252],[175.746,40.5],[175.952,40.75],[176.043,41.0],[175.996,41.25],[175.5,41.589],[175.39,42.0],[175.5,42.279],[176.0,42.624],[176.25,42.615],[176.403,42.5],[176.57,42.25],[176.75,41.602],[177.0,41.421],[177.25,41.374],[177.567,41.5],[177.615,42.5],[177.75,42.882],[178.0,42.97],[178.5,42.711],[179.0,42.618],[179.75,42.955],[179.75,39.501],[178.75,39.135],[177.25,38.925],[176.25,39.453],[175.919,39.5],[175.931,39.25],[176.274,38.5],[176.325,37.75],[176.5,37.508],[177.25,37.532],[177.5,37.466],[177.75,37.383],[178.5,36.802],[178.75,36.799],[179.037,37.0],[179.331,37.5],[179.75,37.861],[179.75,32.847],[178.209,32.0],[177.599,31.5],[176.75,31.043],[174.922,30.25],[174.25,29.838],[171.75,28.951],[170.762,28.5],[171.0,28.191],[171.5,28.07],[173.5,28.206],[174.843,28.5],[175.439,28.75],[176.056,29.25],[177.5,29.828],[178.25,29.97],[179.75,30.043],[179.75,1.447],[179.5,1.7],[179.0,1.602],[178.75,1.743],[178.263,2.25],[178.056,2.75],[177.0,3.187],[176.0,4.075],[175.803,4.0],[175.824,3.75],[175.686,3.5],[175.407,3.25],[175.75,2.726],[175.0,2.238],[173.75,2.181],[173.25,2.232],[173.0,2.2],[172.75,2.055],[172.303,1.75],[171.812,1.25],[171.407,0.75],[170.5,-0.781],[170.25,-1.008],[170.0,-1.106],[168.75,-1.273],[167.5,-1.611],[166.75,-1.704],[164.75,-1.46]]]},"properties":{"hvalue":2.0,"color":"#6c99d2"}},{"type":"Feature","geometry":{"type":"Polygon","coordinates":[[[144.978,23.75],[145.216,23.5],[144.906,23.25],[144.431,23.0],[143.922,23.0],[144.0,23.371],[144.25,23.642],[144.5,23.779],[144.978,23.75]]]},"properties":{"hvalue":2.0,"color":"#6c99d2"}},{"type":"Feature","geometry":{"type":"Polygon","coordinates":[[[127.0,14.414],[126.188,14.75],[125.894,15.0],[125.871,15.25],[126.75,15.809],[127.75,16.202],[128.25,16.678],[128.5,16.724],[129.5,16.635],[129.979,16.75],[130.38,17.75],[131.114,18.5],[131.75,19.446],[132.25,19.582],[134.25,19.467],[134.5,19.528],[134.77,19.75],[134.855,20.0],[134.722,20.75],[134.75,21.14],[135.0,21.475],[135.571,22.0],[135.658,22.25],[135.298,23.0],[135.398,24.0],[135.338,24.25],[135.0,24.868],[135.097,25.75],[134.842,26.25],[134.766,27.0],[134.458,27.5],[134.25,28.05],[134.0,28.229],[133.0,28.383],[132.25,28.772],[131.019,28.75],[131.15,29.0],[131.056,29.25],[131.075,29.5],[131.226,30.0],[131.156,31.0],[131.269,31.269],[131.5,31.5],[131.5,31.75],[131.75,32.0],[131.75,32.25],[132.0,32.5],[132.0,32.779],[132.25,32.907],[132.5,32.75],[133.0,32.75],[133.717,33.467],[134.0,33.25],[134.25,33.25],[134.75,33.75],[134.75,33.876],[135.226,33.774],[135.75,33.25],[136.25,33.75],[136.25,34.0],[136.5,34.0],[136.837,34.337],[137.25,34.523],[138.0,34.5],[138.5,34.759],[138.75,34.555],[139.037,34.537],[139.25,34.197],[139.454,34.25],[139.516,34.5],[139.712,34.75],[139.944,34.806],[140.0,34.75],[140.365,35.115],[140.665,35.25],[141.089,35.75],[141.25,36.116],[142.0,36.374],[142.155,36.5],[142.0,36.708],[141.5,36.682],[141.383,36.75],[141.261,37.0],[141.492,38.0],[141.675,38.25],[141.75,38.605],[142.113,39.25],[142.06,39.56],[142.25,39.75],[142.0,40.0],[142.0,40.25],[141.667,40.583],[141.5,40.976],[141.41,41.5],[141.5,41.685],[141.75,41.792],[142.5,41.903],[143.107,41.893],[143.25,41.75],[143.5,42.0],[143.5,42.5],[143.783,42.75],[144.0,42.75],[144.122,42.872],[144.348,42.902],[144.5,42.75],[144.75,42.75],[145.0,43.0],[145.25,43.0],[145.75,43.354],[146.0,43.41],[146.25,43.681],[146.52,43.73],[146.711,43.539],[146.464,43.5],[146.0,43.123],[145.711,43.0],[145.503,42.75],[146.108,42.0],[146.081,41.5],[146.171,41.25],[146.57,40.75],[146.854,39.5],[146.772,38.75],[146.515,38.25],[146.25,38.109],[145.929,37.75],[145.52,37.0],[145.47,36.5],[145.784,36.75],[146.5,37.039],[146.75,37.035],[146.687,36.75],[146.75,36.718],[147.0,36.634],[147.25,36.666],[147.75,37.126],[150.0,37.87],[150.5,37.959],[151.25,37.793],[151.95,37.75],[151.663,37.25],[152.5,36.201],[153.12,36.5],[154.007,37.25],[154.5,37.408],[155.5,37.525],[155.75,37.496],[156.5,37.155],[156.678,37.25],[156.596,37.5],[157.0,37.698],[157.211,38.0],[157.788,38.5],[157.624,39.0],[157.37,39.25],[157.5,39.459],[158.25,39.446],[158.75,39.722],[159.159,40.25],[159.052,41.0],[159.472,41.75],[159.48,42.0],[159.821,42.25],[160.107,42.75],[160.126,44.0],[159.603,44.75],[158.5,45.826],[158.0,46.142],[156.379,46.75],[155.444,47.0],[155.245,47.25],[155.515,47.5],[154.25,47.509],[153.0,47.29],[152.25,47.047],[152.0,46.813],[151.25,46.917],[151.0,46.782],[150.859,46.5],[150.5,46.186],[150.178,46.072],[150.084,46.166],[150.397,46.25],[150.277,46.5],[150.392,47.0],[150.54,47.25],[151.0,47.517],[151.25,47.555],[151.5,47.493],[151.647,47.25],[151.684,47.0],[152.0,46.908],[152.111,47.0],[152.25,47.342],[152.5,47.579],[153.0,47.682],[153.25,47.898],[155.5,48.316],[157.75,47.824],[157.901,47.75],[157.499,47.5],[157.505,47.25],[158.461,47.0],[158.941,46.75],[159.75,46.538],[160.25,46.227],[160.5,46.145],[161.25,46.382],[162.0,46.371],[162.343,46.25],[162.943,45.75],[163.038,45.5],[163.0,45.208],[162.5,44.431],[162.134,44.25],[162.008,44.0],[161.946,43.75],[162.021,43.5],[162.265,43.25],[162.25,43.107],[162.139,42.5],[161.863,42.25],[161.932,42.0],[161.5,41.52],[161.418,41.25],[161.49,40.25],[161.331,40.0],[161.0,39.896],[160.888,39.75],[160.894,39.5],[161.149,38.75],[161.0,38.538],[160.75,38.516],[160.603,38.0],[160.25,37.604],[159.5,37.372],[158.812,37.0],[158.5,37.067],[158.294,37.0],[157.765,36.0],[157.385,35.5],[157.167,35.0],[157.099,34.5],[157.0,34.321],[156.75,34.223],[156.5,34.309],[156.0,35.062],[155.75,35.221],[155.0,35.202],[154.5,35.073],[154.0,35.192],[153.75,35.151],[152.99,34.75],[151.75,33.765],[151.0,33.894],[150.75,33.869],[150.308,33.75],[149.5,33.339],[148.373,33.25],[148.063,33.0],[147.75,32.569],[147.0,32.1],[146.75,31.833],[146.572,31.5],[146.352,30.75],[146.336,30.5],[146.54,29.75],[146.497,29.5],[145.5,28.873],[144.92,28.0],[144.123,27.75],[143.566,27.25],[143.404,27.0],[144.25,26.512],[145.248,26.5],[145.609,26.25],[144.893,25.75],[144.239,24.75],[142.661,23.25],[142.612,22.75],[142.25,22.364],[142.1,22.0],[141.75,21.67],[140.67,21.0],[140.651,20.75],[141.181,20.5],[141.085,20.25],[139.25,19.25],[138.75,18.689],[138.465,18.25],[138.529,18.0],[138.733,17.75],[138.767,17.5],[138.697,17.25],[138.25,16.643],[138.0,15.937],[137.25,15.037],[136.75,14.68],[135.5,14.079],[134.75,13.904],[133.75,14.118],[133.0,14.054],[130.5,14.632],[130.25,14.58],[129.981,14.25],[129.25,13.902],[128.25,13.725],[127.343,14.0],[127.056,14.25],[127.0,14.414]]]},"properties":{"hvalue":2.0,"color":"#6c99d2"}},{"type":"Feature","geometry":{"type":"Polygon","coordinates":[[[156.25,37.736],[156.25,37.759],[156.309,37.75],[156.25,37.736]]]},"properties":{"hvalue":2.0,"color":"#6c99d2"}},{"type":"Feature","geometry":{"type":"Polygon","coordinates":[[[158.0,39.711],[158.0,39.759],[158.082,39.75],[158.0,39.711]]]},"properties":{"hvalue":2.0,"color":"#6c99d2"}},{"type":"Feature","geometry":{"type":"Polygon","coordinates":[[[161.938,40.75],[162.0,40.996],[162.074,40.75],[162.0,40.665],[161.938,40.75]]]},"properties":{"hvalue":2.0,"color":"#6c99d2"}},{"type":"Feature","geometry":{"type":"Polygon","coordinates":[[[162.0,41.03],[161.985,41.25],[162.0,41.334],[162.004,41.25],[162.0,41.03]]]},"properties":{"hvalue":2.0,"color":"#6c99d2"}},{"type":"Feature","geometry":{"type":"Polygon","coordinates":[[[179.5,43.949],[179.369,44.0],[179.5,44.023],[179.5,43.949]]]},"properties":{"hvalue":2.0,"color":"#6c99d2"}},{"type":"Feature","geometry":{"type":"Polygon","coordinates":[[[146.403,44.347],[147.134,44.616],[147.231,44.519],[147.1,44.5],[146.838,44.25],[146.904,43.846],[146.75,44.0],[146.536,43.786],[146.085,44.0],[146.25,44.0],[146.5,44.25],[146.403,44.347]]]},"properties":{"hvalue":2.0,"color":"#6c99d2"}},{"type":"Feature","geometry":{"type":"Polygon","coordinates":[[[148.376,45.374],[148.623,45.377],[148.707,45.293],[148.466,45.284],[148.376,45.374]]]},"properties":{"hvalue":2.0,"color":"#6c99d2"}},{"type":"Feature","geometry":{"type":"Polygon","coordinates":[[[149.25,46.56],[149.472,45.75],[149.631,45.619],[149.25,45.712],[149.0,45.675],[148.927,45.573],[148.664,45.75],[148.571,46.0],[148.602,46.25],[148.75,46.461],[149.0,46.589],[149.25,46.56]]]},"properties":{"hvalue":2.0,"color":"#6c99d2"}},{"type":"Feature","geometry":{"type":"Polygon","coordinates":[[[140.0,47.279],[140.026,47.5],[141.0,49.364],[141.25,49.496],[141.5,49.492],[141.75,49.452],[141.998,49.25],[141.988,48.988],[141.75,48.75],[142.113,48.0],[141.75,47.5],[141.75,47.25],[141.897,47.103],[141.75,46.717],[141.5,46.554],[140.713,46.5],[140.264,46.75],[140.0,47.279]]]},"properties":{"hvalue":2.0,"color":"#6c99d2"}},{"type":"Feature","geometry":{"type":"Polygon","coordinates":[[[143.917,50.333],[143.883,51.0],[144.0,51.396],[144.343,51.75],[145.5,52.52],[147.0,53.286],[147.75,53.573],[149.25,53.735],[151.5,54.527],[152.75,54.851],[154.75,56.361],[155.5,56.737],[155.624,56.374],[155.5,56.25],[155.577,56.173],[155.493,56.0],[155.534,55.784],[155.447,55.25],[155.5,54.5],[155.619,54.381],[155.75,53.969],[155.604,53.5],[155.226,53.0],[155.077,52.5],[154.75,52.204],[154.25,52.013],[153.0,51.779],[151.5,51.322],[150.219,50.75],[148.5,50.175],[147.75,49.841],[147.0,49.662],[146.0,49.743],[144.75,49.193],[144.457,49.207],[144.5,49.25],[144.25,49.5],[144.25,49.75],[144.05,49.95],[144.0,50.25],[143.917,50.333]]]},"properties":{"hvalue":2.0,"color":"#6c99d2"}},{"type":"Feature","geometry":{"type":"Polygon","coordinates":[[[167.75,52.018],[166.0,51.885],[164.75,51.891],[163.75,51.792],[162.75,51.564],[161.75,51.503],[160.75,51.562],[159.357,52.0],[159.379,52.25],[160.064,52.75],[159.873,53.0],[160.0,53.018],[160.5,53.446],[161.5,53.865],[162.0,54.184],[162.5,54.337],[162.67,54.5],[162.759,55.0],[164.25,55.349],[165.25,55.344],[165.983,55.017],[166.25,54.75],[166.517,54.767],[166.75,54.5],[166.915,54.665],[167.25,54.696],[167.594,54.656],[167.75,54.5],[168.25,54.447],[168.75,54.583],[169.5,54.937],[170.0,54.994],[171.5,54.763],[172.086,54.25],[172.0,54.058],[171.541,53.75],[171.417,53.5],[171.563,53.0],[171.839,52.5],[171.797,52.0],[171.5,51.701],[171.0,51.545],[170.25,51.58],[169.25,51.498],[168.25,51.912],[167.75,52.018]]]},"properties":{"hvalue":2.0,"color":"#6c99d2"}},{"type":"Feature","geometry":{"type":"Polygon","coordinates":[[[-79.0,-62.86],[-79.75,-62.472],[-80.25,-62.452],[-81.5,-62.954],[-81.75,-62.986],[-81.918,-62.75],[-82.068,-62.0],[-81.889,-61.75],[-81.75,-61.681],[-79.931,-61.25],[-79.376,-61.0],[-79.146,-60.75],[-79.526,-60.5],[-79.583,-60.25],[-79.336,-59.75],[-79.306,-59.5],[-79.057,-59.25],[-77.926,-58.5],[-77.651,-58.0],[-78.0,-57.89],[-78.75,-57.918],[-79.0,-57.847],[-79.076,-57.75],[-77.47,-57.0],[-75.365,-56.5],[-74.964,-56.25],[-74.476,-55.75],[-74.0,-55.518],[-73.663,-55.25],[-72.25,-54.823],[-71.531,-54.969],[-71.25,-55.25],[-70.438,-55.25],[-70.169,-55.331],[-70.0,-55.5],[-69.75,-55.5],[-69.5,-55.75],[-68.0,-55.708],[-67.646,-55.854],[-67.504,-55.996],[-68.75,-55.994],[-69.669,-56.25],[-70.44,-56.75],[-71.0,-56.892],[-72.0,-57.386],[-72.391,-57.5],[-72.779,-57.75],[-72.924,-58.25],[-73.579,-58.5],[-73.503,-58.75],[-73.25,-58.889],[-73.118,-58.75],[-72.75,-58.659],[-72.025,-58.75],[-71.138,-59.25],[-71.274,-59.5],[-70.772,-59.75],[-70.5,-59.769],[-69.75,-59.64],[-69.25,-59.681],[-68.5,-59.489],[-68.0,-59.548],[-67.66,-59.25],[-67.074,-59.0],[-65.844,-58.75],[-65.04,-58.25],[-64.25,-57.931],[-62.5,-57.451],[-60.926,-57.25],[-60.427,-57.0],[-60.25,-56.83],[-60.0,-56.755],[-59.25,-56.822],[-57.5,-56.714],[-56.75,-56.787],[-56.281,-57.0],[-56.673,-57.25],[-56.25,-57.328],[-55.5,-57.299],[-54.75,-56.96],[-53.609,-57.0],[-54.0,-57.108],[-54.127,-57.25],[-53.5,-57.529],[-51.75,-57.698],[-51.591,-57.75],[-51.645,-58.0],[-51.25,-58.048],[-50.75,-58.032],[-49.75,-57.785],[-48.5,-57.931],[-46.5,-57.997],[-45.75,-57.937],[-45.0,-57.719],[-44.25,-57.636],[-40.0,-56.777],[-39.5,-56.58],[-39.209,-56.25],[-39.516,-55.75],[-39.071,-55.25],[-37.977,-54.5],[-37.811,-54.25],[-38.0,-54.208],[-38.179,-54.0],[-38.0,-53.843],[-37.826,-53.826],[-38.0,-54.0],[-37.75,-54.25],[-37.5,-54.25],[-37.0,-54.723],[-36.852,-54.75],[-36.75,-55.05],[-35.521,-55.75],[-35.65,-56.0],[-35.063,-56.25],[-35.008,-56.5],[-36.5,-57.102],[-37.5,-57.209],[-38.0,-57.601],[-39.0,-57.91],[-41.5,-58.076],[-42.781,-58.5],[-44.25,-58.839],[-46.0,-59.073],[-51.5,-59.335],[-53.25,-59.578],[-56.75,-59.887],[-58.0,-60.39],[-58.845,-61.0],[-59.5,-61.339],[-59.598,-61.25],[-59.055,-60.75],[-58.712,-60.25],[-58.75,-60.159],[-59.0,-60.048],[-59.25,-60.06],[-60.75,-60.227],[-61.75,-60.526],[-63.0,-60.524],[-63.75,-60.786],[-64.25,-61.153],[-65.287,-61.5],[-67.25,-61.735],[-69.25,-62.257],[-70.5,-62.041],[-72.0,-62.197],[-72.75,-62.429],[-73.5,-62.833],[-74.5,-63.059],[-76.0,-63.067],[-76.5,-62.887],[-77.25,-63.064],[-78.0,-63.086],[-79.0,-62.86]]]},"properties":{"hvalue":3.0,"color":"#34cc99"}},{"type":"Feature","geometry":{"type":"Polygon","coordinates":[[[-61.75,-55.817],[-62.039,-55.75],[-61.75,-55.661],[-61.5,-55.664],[-61.372,-55.75],[-61.75,-55.817]]]},"properties":{"hvalue":3.0,"color":"#34cc99"}},{"type":"Feature","geometry":{"type":"Polygon","coordinates":[[[-104.133,-53.75],[-103.114,-53.0],[-102.973,-52.5],[-102.704,-52.25],[-102.25,-52.073],[-101.25,-51.938],[-101.107,-52.0],[-101.031,-52.25],[-100.811,-52.5],[-100.782,-52.75],[-100.966,-53.0],[-102.209,-53.75],[-103.0,-53.961],[-103.75,-53.899],[-104.133,-53.75]]]},"properties":{"hvalue":3.0,"color":"#34cc99"}},{"type":"Feature","geometry":{"type":"Polygon","coordinates":[[[-98.049,-50.5],[-98.586,-50.0],[-98.478,-49.75],[-97.785,-49.25],[-97.397,-48.5],[-97.407,-48.25],[-97.5,-48.167],[-97.75,-48.036],[-98.5,-47.955],[-98.789,-47.75],[-98.25,-47.512],[-96.75,-47.336],[-95.0,-46.821],[-94.25,-46.764],[-92.75,-47.36],[-92.231,-47.75],[-91.899,-48.25],[-91.811,-48.75],[-92.212,-49.75],[-92.997,-50.5],[-93.5,-50.704],[-94.75,-50.904],[-95.75,-50.932],[-97.436,-50.75],[-98.049,-50.5]]]},"properties":{"hvalue":3.0,"color":"#34cc99"}},{"type":"Feature","geometry":{"type":"Polygon","coordinates":[[[-180.0,-59.579],[-180.0,-51.527],[-179.25,-51.303],[-177.75,-51.453],[-176.75,-51.326],[-175.0,-50.644],[-174.0,-49.963],[-173.75,-49.934],[-173.25,-50.374],[-173.0,-50.411],[-172.307,-50.25],[-171.5,-50.011],[-170.766,-49.5],[-168.799,-49.0],[-168.503,-48.75],[-167.75,-48.455],[-165.045,-46.75],[-164.83,-46.5],[-164.754,-46.25],[-164.837,-45.75],[-164.743,-45.5],[-163.889,-44.5],[-163.75,-44.356],[-163.0,-44.069],[-161.977,-43.5],[-161.158,-42.75],[-160.956,-42.25],[-160.509,-41.75],[-159.636,-41.0],[-159.225,-40.75],[-158.5,-40.478],[-156.955,-40.25],[-155.75,-39.771],[-155.0,-39.302],[-154.39,-38.75],[-154.5,-38.648],[-155.0,-38.589],[-155.118,-38.5],[-155.074,-38.25],[-154.786,-38.0],[-153.5,-37.46],[-150.5,-37.74],[-149.0,-37.675],[-148.0,-37.906],[-146.75,-37.757],[-144.0,-37.883],[-143.5,-37.966],[-142.5,-37.837],[-140.75,-38.144],[-140.0,-38.183],[-139.75,-38.395],[-139.5,-38.477],[-139.0,-38.368],[-138.25,-38.528],[-137.75,-38.448],[-135.75,-38.792],[-134.5,-39.175],[-133.888,-39.5],[-132.25,-40.102],[-130.75,-40.589],[-128.5,-41.17],[-125.25,-42.836],[-123.838,-43.25],[-122.775,-44.0],[-122.5,-44.341],[-122.197,-44.5],[-121.54,-45.25],[-121.351,-45.5],[-121.263,-46.0],[-120.602,-47.0],[-120.435,-47.5],[-120.45,-47.75],[-120.759,-48.25],[-120.799,-48.5],[-120.702,-48.75],[-120.455,-49.0],[-120.416,-49.5],[-120.52,-49.75],[-121.465,-50.5],[-122.016,-51.25],[-123.505,-51.75],[-123.731,-52.0],[-123.736,-52.25],[-123.973,-52.5],[-124.388,-52.75],[-125.75,-53.219],[-127.25,-53.196],[-127.422,-53.25],[-127.75,-53.603],[-128.0,-53.625],[-129.75,-53.478],[-130.295,-53.5],[-130.5,-53.539],[-130.83,-53.75],[-131.5,-53.787],[-131.796,-54.0],[-133.0,-54.44],[-134.0,-54.515],[-136.0,-54.865],[-136.876,-55.5],[-136.799,-55.75],[-137.48,-56.0],[-137.559,-56.25],[-137.527,-56.5],[-137.642,-56.75],[-137.61,-57.0],[-137.5,-57.157],[-137.11,-57.5],[-136.818,-58.0],[-136.4,-58.5],[-137.177,-59.0],[-139.5,-59.524],[-140.0,-59.584],[-143.25,-59.549],[-146.75,-58.469],[-147.364,-58.0],[-148.0,-57.683],[-148.75,-57.054],[-149.25,-56.959],[-150.75,-56.955],[-152.504,-57.25],[-153.0,-57.473],[-154.127,-58.25],[-154.75,-58.872],[-155.25,-59.185],[-156.0,-59.256],[-157.731,-58.75],[-157.98,-58.5],[-157.852,-58.25],[-158.078,-58.0],[-161.0,-58.096],[-162.499,-57.75],[-163.224,-57.25],[-163.6,-56.75],[-163.466,-56.25],[-163.488,-56.0],[-163.516,-55.75],[-163.75,-55.341],[-164.0,-55.247],[-165.0,-55.522],[-165.936,-55.5],[-165.603,-55.0],[-165.75,-54.779],[-166.0,-54.673],[-167.71,-55.0],[-169.25,-55.582],[-170.5,-56.567],[-171.796,-57.25],[-172.919,-58.0],[-173.75,-58.796],[-174.5,-59.198],[-175.75,-59.331],[-176.5,-59.212],[-177.25,-58.975],[-178.25,-58.873],[-179.25,-59.066],[-179.622,-59.25],[-180.0,-59.579]]]},"properties":{"hvalue":3.0,"color":"#34cc99"}},{"type":"Feature","geometry":{"type":"Polygon","coordinates":[[[-96.714,-46.0],[-96.0,-45.476],[-95.5,-45.368],[-94.93,-45.5],[-94.5,-45.73],[-94.409,-46.25],[-94.75,-46.549],[-95.75,-46.55],[-96.25,-46.46],[-96.76,-46.25],[-96.714,-46.0]]]},"properties":{"hvalue":3.0,"color":"#34cc99"}},{"type":"Feature","geometry":{"type":"Polygon","coordinates":[[[-174.25,-44.144],[-176.0,-43.207],[-176.5,-43.116],[-177.25,-43.296],[-177.75,-43.284],[-178.44,-43.0],[-178.744,-42.75],[-179.402,-42.0],[-179.331,-41.75],[-179.727,-41.0],[-179.701,-40.75],[-179.0,-39.785],[-178.75,-39.661],[-178.5,-39.711],[-178.25,-39.878],[-177.826,-40.75],[-177.5,-41.074],[-175.5,-42.407],[-175.0,-42.663],[-173.5,-43.15],[-172.25,-43.261],[-171.25,-43.501],[-170.75,-43.41],[-169.125,-43.75],[-169.401,-44.0],[-170.0,-44.228],[-171.5,-44.346],[-172.5,-44.591],[-173.5,-44.408],[-174.25,-44.144]]]},"properties":{"hvalue":3.0,"color":"#34cc99"}},{"type":"Feature","geometry":{"type":"Polygon","coordinates":[[[-169.202,-40.5],[-170.435,-39.5],[-170.581,-38.75],[-170.804,-38.5],[-170.798,-38.25],[-170.61,-38.0],[-170.589,-37.5],[-170.696,-37.25],[-171.025,-37.0],[-171.4,-36.5],[-171.391,-36.25],[-171.0,-36.025],[-170.967,-35.75],[-170.75,-35.466],[-170.442,-35.5],[-170.163,-35.75],[-169.611,-36.5],[-169.558,-36.75],[-169.249,-37.0],[-169.109,-37.25],[-169.114,-37.5],[-168.641,-38.0],[-168.64,-38.5],[-168.518,-38.75],[-168.098,-39.0],[-168.108,-39.75],[-168.5,-40.513],[-168.75,-40.587],[-169.202,-40.5]]]},"properties":{"hvalue":3.0,"color":"#34cc99"}},{"type":"Feature","geometry":{"type":"Polygon","coordinates":[[[-180.0,-38.125],[-180.0,-36.489],[-179.024,-35.75],[-178.741,-35.25],[-178.327,-35.0],[-178.0,-34.962],[-177.0,-35.383],[-175.95,-36.0],[-174.75,-37.108],[-174.438,-37.75],[-174.695,-38.0],[-175.25,-38.097],[-175.998,-38.0],[-176.742,-37.75],[-177.0,-37.762],[-178.5,-38.595],[-179.0,-38.677],[-179.669,-38.25],[-180.0,-38.125]]]},"properties":{"hvalue":3.0,"color":"#34cc99"}},{"type":"Feature","geometry":{"type":"Polygon","coordinates":[[[-123.722,-30.75],[-123.75,-30.999],[-123.798,-30.75],[-123.722,-30.75]]]},"properties":{"hvalue":3.0,"color":"#34cc99"}},{"type":"Feature","geometry":{"type":"Polygon","coordinates":[[[-128.0,-30.828],[-130.664,-29.75],[-131.222,-29.25],[-132.359,-28.0],[-132.458,-27.75],[-132.124,-27.5],[-132.108,-27.0],[-131.95,-26.75],[-131.935,-26.5],[-131.75,-26.355],[-131.5,-26.343],[-131.25,-26.483],[-130.75,-27.112],[-130.0,-27.52],[-129.5,-27.958],[-129.0,-28.16],[-128.743,-28.5],[-128.25,-28.894],[-127.25,-29.201],[-126.75,-29.655],[-126.439,-29.75],[-126.25,-29.933],[-125.5,-29.981],[-124.866,-30.25],[-124.75,-30.424],[-124.444,-30.5],[-124.5,-30.666],[-124.75,-30.905],[-125.5,-30.903],[-126.0,-30.791],[-127.0,-30.21],[-127.251,-30.25],[-127.489,-30.75],[-128.0,-30.828]]]},"properties":{"hvalue":3.0,"color":"#34cc99"}},{"type":"Feature","geometry":{"type":"Polygon","coordinates":[[[-159.5,13.829],[-159.977,14.0],[-160.297,14.5],[-161.25,15.227],[-161.75,15.192],[-162.25,15.902],[-163.0,16.442],[-163.5,16.696],[-164.327,16.75],[-165.0,17.295],[-165.25,17.278],[-166.0,16.858],[-167.25,16.322],[-167.595,16.75],[-167.643,17.0],[-167.454,17.5],[-167.5,17.617],[-167.603,17.75],[-168.138,18.0],[-168.475,18.5],[-169.25,18.547],[-169.519,18.75],[-169.75,19.326],[-170.75,19.695],[-172.0,20.452],[-172.801,20.75],[-173.0,20.864],[-173.547,21.5],[-175.103,22.25],[-175.307,22.5],[-175.363,23.25],[-175.25,23.449],[-175.0,23.528],[-174.25,23.432],[-173.75,23.268],[-172.75,22.686],[-172.0,22.462],[-171.649,22.0],[-171.423,21.25],[-171.0,20.828],[-170.5,20.581],[-169.75,20.396],[-169.25,20.123],[-169.0,20.183],[-168.853,20.5],[-168.835,21.25],[-169.39,21.75],[-169.868,22.0],[-170.122,22.25],[-169.698,22.75],[-169.75,23.085],[-169.866,23.25],[-170.964,23.75],[-170.75,23.786],[-170.5,23.974],[-170.369,24.25],[-170.0,24.488],[-169.398,24.75],[-169.279,25.0],[-169.374,25.25],[-169.404,25.75],[-169.25,25.937],[-168.75,26.148],[-168.25,26.493],[-167.5,26.523],[-167.315,26.75],[-167.246,27.0],[-167.298,27.25],[-167.146,28.0],[-167.25,28.284],[-166.75,28.653],[-166.25,28.565],[-166.14,28.5],[-166.056,28.25],[-166.097,27.75],[-166.0,27.59],[-165.75,27.492],[-165.25,27.633],[-165.147,27.75],[-165.123,28.0],[-165.246,28.25],[-164.975,28.5],[-164.399,28.75],[-164.0,29.057],[-163.617,29.75],[-163.824,30.25],[-163.0,30.894],[-162.75,31.278],[-162.0,31.545],[-161.0,31.737],[-160.0,31.742],[-159.25,31.92],[-159.123,32.0],[-158.998,32.25],[-158.75,32.36],[-158.0,32.427],[-157.75,32.399],[-157.25,32.147],[-157.0,32.16],[-156.0,31.841],[-155.0,31.726],[-153.0,30.779],[-152.5,30.709],[-150.551,29.75],[-150.225,29.25],[-149.684,28.75],[-148.687,27.5],[-147.838,26.75],[-147.933,26.25],[-147.864,25.75],[-147.765,25.5],[-147.227,24.75],[-147.096,24.25],[-147.25,23.942],[-147.75,23.693],[-148.0,23.654],[-150.25,23.604],[-151.0,23.879],[-151.5,23.945],[-152.167,23.75],[-152.75,23.338],[-153.0,23.251],[-153.5,23.195],[-155.0,23.423],[-155.5,23.351],[-155.75,23.197],[-155.94,23.0],[-156.04,22.75],[-156.009,22.25],[-156.165,22.0],[-157.0,21.428],[-157.116,21.25],[-156.995,21.0],[-156.25,20.5],[-156.106,20.644],[-156.0,20.627],[-155.792,20.75],[-155.75,20.842],[-155.5,20.794],[-155.693,20.5],[-155.99,20.25],[-156.25,19.75],[-156.054,19.554],[-156.0,19.0],[-155.75,18.75],[-154.75,19.171],[-154.25,19.273],[-153.75,19.128],[-153.574,19.0],[-153.524,18.75],[-153.903,18.0],[-153.921,17.25],[-155.183,16.0],[-155.375,15.5],[-155.117,15.0],[-154.943,14.25],[-154.918,14.0],[-155.004,13.75],[-155.5,13.507],[-156.75,13.496],[-157.5,13.13],[-158.0,13.059],[-158.75,13.356],[-159.5,13.829]]]},"properties":{"hvalue":3.0,"color":"#34cc99"}},{"type":"Feature","geometry":{"type":"Polygon","coordinates":[[[-171.25,23.712],[-171.355,23.75],[-171.083,23.75],[-171.25,23.712]]]},"properties":{"hvalue":3.0,"color":"#34cc99"}},{"type":"Feature","geometry":{"type":"Polygon","coordinates":[[[-130.0,22.426],[-130.75,22.389],[-131.0,22.457],[-132.442,23.0],[-132.948,23.25],[-133.5,23.688],[-133.61,24.25],[-133.892,24.75],[-133.972,25.25],[-133.926,25.5],[-133.638,26.0],[-133.802,26.25],[-133.588,26.5],[-133.5,26.926],[-133.295,27.25],[-132.5,27.494],[-131.75,27.837],[-130.919,28.5],[-129.0,28.89],[-127.5,28.822],[-126.75,28.883],[-125.826,28.5],[-124.786,27.75],[-124.25,26.758],[-124.08,26.0],[-124.099,25.5],[-124.443,24.75],[-125.048,24.0],[-125.148,23.5],[-125.75,22.803],[-126.5,22.394],[-127.25,22.13],[-128.5,22.003],[-129.0,22.046],[-130.0,22.426]]]},"properties":{"hvalue":3.0,"color":"#34cc99"}},{"type":"Feature","geometry":{"type":"Polygon","coordinates":[[[-76.25,33.322],[-75.937,33.25],[-76.25,32.902],[-77.0,32.705],[-77.073,32.75],[-76.928,33.0],[-76.25,33.322]]]},"properties":{"hvalue":3.0,"color":"#34cc99"}},{"type":"Feature","geometry":{"type":"Polygon","coordinates":[[[-48.25,36.614],[-47.25,36.946],[-46.75,36.939],[-46.484,36.75],[-46.75,36.454],[-47.5,36.309],[-48.0,36.11],[-48.25,36.091],[-48.543,36.25],[-48.25,36.614]]]},"properties":{"hvalue":3.0,"color":"#34cc99"}},{"type":"Feature","geometry":{"type":"Polygon","coordinates":[[[-47.25,38.114],[-46.98,38.25],[-47.097,38.5],[-47.131,39.0],[-46.924,39.25],[-45.75,39.746],[-44.942,39.75],[-44.831,39.5],[-45.09,39.0],[-45.5,38.62],[-45.911,38.5],[-46.126,38.25],[-45.929,38.0],[-46.75,37.067],[-47.25,37.08],[-47.5,37.552],[-47.583,37.75],[-47.25,38.114]]]},"properties":{"hvalue":3.0,"color":"#34cc99"}},{"type":"Feature","geometry":{"type":"Polygon","coordinates":[[[-173.0,41.818],[-172.75,41.877],[-172.25,42.212],[-170.75,43.583],[-169.75,44.049],[-169.58,44.0],[-169.5,43.881],[-169.439,43.75],[-169.75,43.678],[-170.227,43.0],[-170.549,42.75],[-171.0,42.086],[-171.5,41.56],[-171.75,41.462],[-172.0,41.553],[-172.25,41.527],[-172.5,41.201],[-172.75,41.066],[-173.389,41.5],[-173.0,41.818]]]},"properties":{"hvalue":3.0,"color":"#34cc99"}},{"type":"Feature","geometry":{"type":"Polygon","coordinates":[[[-169.133,44.0],[-169.25,43.914],[-169.41,44.0],[-169.25,44.116],[-169.133,44.0]]]},"properties":{"hvalue":3.0,"color":"#34cc99"}},{"type":"Feature","geometry":{"type":"Polygon","coordinates":[[[-37.75,52.265],[-38.25,52.111],[-38.58,52.25],[-38.591,52.5],[-38.25,52.527],[-37.75,52.265]]]},"properties":{"hvalue":3.0,"color":"#34cc99"}},{"type":"Feature","geometry":{"type":"Polygon","coordinates":[[[-165.0,51.184],[-166.541,52.25],[-167.064,52.5],[-167.267,52.75],[-165.559,53.5],[-164.007,54.0],[-163.5,54.286],[-162.25,54.333],[-160.75,54.777],[-159.985,54.75],[-159.5,54.604],[-158.75,54.627],[-158.457,54.5],[-158.559,54.25],[-159.427,53.5],[-160.25,52.339],[-160.627,52.0],[-161.105,51.75],[-163.75,51.06],[-164.25,51.02],[-165.0,51.184]]]},"properties":{"hvalue":3.0,"color":"#34cc99"}},{"type":"Feature","geometry":{"type":"Polygon","coordinates":[[[-53.785,51.5],[-53.748,51.75],[-53.463,52.0],[-53.0,52.103],[-51.5,53.654],[-50.75,54.143],[-50.25,54.585],[-49.75,54.853],[-47.75,55.36],[-47.209,55.25],[-47.0,55.018],[-46.75,54.904],[-45.25,54.677],[-44.74,54.5],[-44.708,54.25],[-45.008,53.75],[-45.599,53.25],[-45.725,53.0],[-46.0,52.931],[-46.5,52.637],[-46.75,52.672],[-46.806,52.75],[-46.25,53.073],[-46.176,53.25],[-46.5,53.491],[-46.75,53.906],[-47.25,53.943],[-47.75,53.747],[-48.25,53.129],[-48.5,53.031],[-49.0,53.05],[-49.25,52.885],[-50.065,52.0],[-51.75,50.972],[-52.25,50.929],[-52.742,51.0],[-53.785,51.5]]]},"properties":{"hvalue":3.0,"color":"#34cc99"}},{"type":"Feature","geometry":{"type":"Polygon","coordinates":[[[-56.422,56.25],[-55.75,56.455],[-55.25,56.474],[-55.0,56.388],[-54.81,56.0],[-55.0,55.704],[-56.0,55.723],[-56.75,56.0],[-56.422,56.25]]]},"properties":{"hvalue":3.0,"color":"#34cc99"}},{"type":"Feature","geometry":{"type":"Polygon","coordinates":[[[-72.5,74.859],[-71.155,74.75],[-70.611,74.5],[-71.0,74.436],[-71.75,74.461],[-72.927,74.75],[-72.5,74.859]]]},"properties":{"hvalue":3.0,"color":"#34cc99"}},{"type":"Feature","geometry":{"type":"Polygon","coordinates":[[[25.914,-47.0],[26.0,-46.95],[26.35,-47.0],[26.25,-47.099],[26.0,-47.104],[25.914,-47.0]]]},"properties":{"hvalue":3.0,"color":"#34cc99"}},{"type":"Feature","geometry":{"type":"Polygon","coordinates":[[[-23.983,-46.75],[-24.037,-46.75],[-24.0,-46.68],[-23.983,-46.75]]]},"properties":{"hvalue":3.0,"color":"#34cc99"}},{"type":"Feature","geometry":{"type":"Polygon","coordinates":[[[28.75,-45.61],[28.925,-45.75],[28.888,-46.0],[28.5,-46.156],[28.0,-46.152],[27.75,-46.047],[27.592,-45.75],[28.0,-45.547],[28.75,-45.61]]]},"properties":{"hvalue":3.0,"color":"#34cc99"}},{"type":"Feature","geometry":{"type":"Polygon","coordinates":[[[-26.75,-42.787],[-26.953,-42.75],[-26.623,-42.75],[-26.75,-42.787]]]},"properties":{"hvalue":3.0,"color":"#34cc99"}},{"type":"Feature","geometry":{"type":"Polygon","coordinates":[[[32.085,-40.75],[32.0,-40.844],[31.924,-40.75],[32.0,-40.713],[32.085,-40.75]]]},"properties":{"hvalue":3.0,"color":"#34cc99"}},{"type":"Feature","geometry":{"type":"Polygon","coordinates":[[[29.623,-40.5],[30.25,-40.159],[30.5,-40.138],[31.0,-40.169],[31.077,-40.25],[30.75,-40.613],[30.25,-40.585],[30.081,-40.75],[30.0,-41.31],[29.624,-40.75],[29.623,-40.5]]]},"properties":{"hvalue":3.0,"color":"#34cc99"}},{"type":"Feature","geometry":{"type":"Polygon","coordinates":[[[27.25,-41.313],[26.832,-40.25],[26.942,-40.0],[26.995,-39.5],[27.266,-39.25],[27.5,-38.747],[28.562,-39.5],[28.85,-40.0],[28.75,-40.113],[28.212,-40.0],[28.104,-40.5],[27.892,-40.75],[27.86,-41.25],[27.5,-41.584],[27.25,-41.313]]]},"properties":{"hvalue":3.0,"color":"#34cc99"}},{"type":"Feature","geometry":{"type":"Polygon","coordinates":[[[32.5,-39.488],[33.0,-39.423],[33.206,-39.5],[33.25,-39.833],[33.4,-40.0],[33.25,-40.172],[33.0,-40.194],[32.25,-40.035],[31.923,-39.5],[32.0,-39.408],[32.5,-39.488]]]},"properties":{"hvalue":3.0,"color":"#34cc99"}},{"type":"Feature","geometry":{"type":"Polygon","coordinates":[[[33.754,-39.75],[33.743,-39.75],[33.75,-39.748],[33.754,-39.75]]]},"properties":{"hvalue":3.0,"color":"#34cc99"}},{"type":"Feature","geometry":{"type":"Polygon","coordinates":[[[-34.75,-39.756],[-34.768,-39.75],[-34.722,-39.75],[-34.75,-39.756]]]},"properties":{"hvalue":3.0,"color":"#34cc99"}},{"type":"Feature","geometry":{"type":"Polygon","coordinates":[[[31.25,-38.783],[31.624,-39.25],[31.657,-39.75],[31.5,-39.999],[31.25,-40.104],[31.142,-40.0],[31.13,-39.0],[31.25,-38.783]]]},"properties":{"hvalue":3.0,"color":"#34cc99"}},{"type":"Feature","geometry":{"type":"Polygon","coordinates":[[[30.753,-39.0],[30.746,-39.0],[30.75,-38.991],[30.753,-39.0]]]},"properties":{"hvalue":3.0,"color":"#34cc99"}},{"type":"Feature","geometry":{"type":"Polygon","coordinates":[[[34.208,-38.75],[34.238,-38.5],[34.25,-38.476],[34.3,-38.75],[34.208,-38.75]]]},"properties":{"hvalue":3.0,"color":"#34cc99"}},{"type":"Feature","geometry":{"type":"Polygon","coordinates":[[[29.089,-38.0],[28.5,-37.154],[27.5,-37.506],[27.226,-37.25],[27.3,-36.75],[27.045,-36.5],[27.242,-35.0],[28.5,-33.408],[29.25,-32.728],[29.5,-32.643],[29.75,-32.422],[30.0,-32.744],[30.25,-32.421],[30.5,-32.414],[30.732,-32.75],[30.811,-33.0],[30.776,-33.25],[31.0,-33.721],[31.5,-33.827],[32.0,-33.783],[32.163,-34.0],[32.536,-35.25],[32.641,-36.25],[33.419,-37.25],[33.25,-37.472],[33.0,-37.441],[32.5,-37.163],[31.75,-36.952],[31.25,-36.92],[31.097,-37.0],[31.067,-37.25],[31.329,-38.0],[31.25,-38.668],[30.0,-38.64],[29.089,-38.0]]]},"properties":{"hvalue":3.0,"color":"#34cc99"}},{"type":"Feature","geometry":{"type":"Polygon","coordinates":[[[-27.922,20.75],[-28.223,21.5],[-28.187,21.75],[-28.284,22.0],[-28.102,22.5],[-27.847,22.75],[-27.25,23.937],[-26.5,24.866],[-25.5,25.145],[-24.376,24.5],[-24.25,24.245],[-23.986,24.0],[-24.007,22.5],[-23.831,21.75],[-24.077,21.0],[-24.5,20.554],[-25.0,20.317],[-25.75,20.291],[-26.5,20.098],[-27.0,20.121],[-27.384,20.25],[-27.699,20.5],[-27.922,20.75]]]},"properties":{"hvalue":3.0,"color":"#34cc99"}},{"type":"Feature","geometry":{"type":"Polygon","coordinates":[[[-7.25,48.033],[-6.5,48.305],[-6.0,48.328],[-5.578,48.25],[-5.25,48.048],[-4.994,47.75],[-4.968,47.25],[-5.5,46.921],[-6.0,47.013],[-7.0,46.952],[-7.389,47.0],[-7.432,47.25],[-7.226,47.5],[-7.336,47.75],[-7.25,48.033]]]},"properties":{"hvalue":3.0,"color":"#34cc99"}},{"type":"Feature","geometry":{"type":"Polygon","coordinates":[[[-14.333,53.75],[-14.5,53.73],[-14.532,53.75],[-14.5,53.82],[-14.333,53.75]]]},"properties":{"hvalue":3.0,"color":"#34cc99"}},{"type":"Feature","geometry":{"type":"Polygon","coordinates":[[[-8.75,54.5],[-9.25,54.5],[-9.645,54.5],[-9.0,54.614],[-8.939,54.689],[-8.75,54.5]]]},"properties":{"hvalue":3.0,"color":"#34cc99"}},{"type":"Feature","geometry":{"type":"Polygon","coordinates":[[[-8.349,55.25],[-8.25,55.328],[-7.831,55.419],[-8.0,55.25],[-8.349,55.25]]]},"properties":{"hvalue":3.0,"color":"#34cc99"}},{"type":"Feature","geometry":{"type":"Polygon","coordinates":[[[-6.668,55.332],[-6.823,55.323],[-6.98,55.48],[-6.521,55.521],[-6.668,55.332]]]},"properties":{"hvalue":3.0,"color":"#34cc99"}},{"type":"Feature","geometry":{"type":"Polygon","coordinates":[[[-6.5,55.5],[-6.25,55.5],[-6.049,55.5],[-6.369,55.369],[-6.5,55.5]]]},"properties":{"hvalue":3.0,"color":"#34cc99"}},{"type":"Feature","geometry":{"type":"Polygon","coordinates":[[[-13.5,49.788],[-15.75,49.894],[-19.25,50.424],[-19.992,51.0],[-20.508,51.75],[-21.0,52.053],[-21.5,52.123],[-22.0,52.077],[-22.5,51.598],[-22.709,52.0],[-23.254,52.5],[-23.419,53.25],[-23.347,53.5],[-22.604,54.5],[-21.316,54.75],[-21.684,55.5],[-21.7,55.75],[-21.57,56.25],[-21.415,56.5],[-21.25,56.628],[-20.721,56.75],[-19.373,57.25],[-18.774,57.75],[-18.266,58.0],[-18.16,58.25],[-18.405,58.5],[-18.395,58.75],[-16.75,59.6],[-15.5,60.098],[-14.5,60.716],[-11.25,61.915],[-9.783,62.25],[-8.75,62.671],[-8.25,62.781],[-7.736,62.75],[-7.594,62.5],[-7.691,62.0],[-7.384,61.0],[-7.25,60.855],[-6.0,60.449],[-5.956,60.25],[-5.681,60.0],[-5.25,59.859],[-4.75,59.843],[-3.496,60.5],[-3.19,60.75],[-4.0,60.787],[-5.25,60.651],[-5.464,60.75],[-5.158,61.25],[-3.776,62.0],[-2.0,62.627],[-0.25,63.708],[0.5,63.727],[1.5,64.135],[2.0,64.007],[2.75,64.043],[4.25,63.915],[4.849,63.75],[4.571,63.5],[1.334,62.75],[-0.057,62.25],[-0.544,62.0],[0.0,61.89],[1.25,62.028],[2.403,62.0],[1.75,61.918],[1.464,61.75],[0.25,61.621],[-0.5,61.42],[-0.75,61.416],[-1.25,61.57],[-1.577,61.5],[-2.229,61.0],[-1.863,60.75],[-1.786,60.5],[-1.979,60.25],[-1.647,60.0],[-1.714,59.75],[-2.25,59.678],[-3.25,59.763],[-3.5,59.665],[-3.648,59.5],[-4.5,59.402],[-4.75,59.168],[-4.74,58.75],[-5.0,58.75],[-5.25,58.5],[-5.25,58.38],[-5.5,58.32],[-6.0,58.505],[-6.499,58.5],[-6.199,58.75],[-6.63,59.25],[-8.25,59.82],[-9.5,59.853],[-10.25,60.037],[-10.75,60.052],[-11.25,59.972],[-12.25,59.595],[-13.556,58.0],[-13.737,57.5],[-14.547,56.5],[-14.568,56.25],[-14.75,55.937],[-14.972,54.75],[-16.25,54.156],[-16.41,54.0],[-16.429,53.75],[-15.629,53.0],[-15.25,52.469],[-15.0,52.399],[-14.86,52.5],[-14.75,52.765],[-14.25,53.123],[-13.5,53.223],[-12.25,53.21],[-10.75,53.425],[-10.5,53.798],[-10.344,54.25],[-10.142,54.358],[-10.25,54.25],[-10.174,54.174],[-10.16,53.75],[-10.25,53.5],[-9.714,53.0],[-9.675,52.825],[-10.601,52.0],[-10.25,51.378],[-9.832,51.0],[-9.685,50.75],[-9.522,50.0],[-10.0,49.767],[-11.0,49.55],[-11.75,49.688],[-12.5,49.66],[-13.5,49.788]]]},"properties":{"hvalue":3.0,"color":"#34cc99"}},{"type":"Feature","geometry":{"type":"Polygon","coordinates":[[[-7.615,56.75],[-7.541,57.25],[-7.603,57.5],[-7.214,57.964],[-7.142,57.892],[-7.5,57.5],[-7.426,57.0],[-7.25,56.807],[-6.75,56.837],[-6.5,56.765],[-6.75,56.691],[-6.862,56.5],[-6.75,56.399],[-6.5,56.378],[-6.069,56.0],[-6.409,56.0],[-6.5,56.15],[-7.0,56.513],[-7.5,56.643],[-7.615,56.75]]]},"properties":{"hvalue":3.0,"color":"#34cc99"}},{"type":"Feature","geometry":{"type":"Polygon","coordinates":[[[-6.88,58.37],[-7.0,58.25],[-7.073,58.177],[-7.0,58.337],[-6.88,58.37]]]},"properties":{"hvalue":3.0,"color":"#34cc99"}},{"type":"Feature","geometry":{"type":"Polygon","coordinates":[[[-5.75,60.474],[-5.919,60.5],[-5.648,60.5],[-5.75,60.474]]]},"properties":{"hvalue":3.0,"color":"#34cc99"}},{"type":"Feature","geometry":{"type":"Polygon","coordinates":[[[-3.545,65.0],[-3.578,65.5],[-5.138,66.0],[-5.28,66.25],[-5.369,66.75],[-5.334,67.0],[-5.179,67.25],[-4.164,68.0],[-3.577,68.25],[-2.381,68.5],[-1.25,68.87],[-0.75,68.935],[-0.25,68.894],[0.043,68.75],[0.109,68.5],[-0.001,68.0],[0.5,67.72],[0.759,67.5],[0.828,67.25],[1.566,66.75],[1.325,66.5],[0.885,66.25],[0.537,65.5],[0.281,65.25],[-0.743,64.75],[-1.558,64.5],[-2.75,64.229],[-3.75,64.109],[-4.038,64.25],[-4.076,64.5],[-3.645,64.75],[-3.545,65.0]]]},"properties":{"hvalue":3.0,"color":"#34cc99"}},{"type":"Feature","geometry":{"type":"Polygon","coordinates":[[[73.648,-53.0],[73.5,-53.074],[73.378,-53.0],[73.5,-52.921],[73.648,-53.0]]]},"properties":{"hvalue":3.0,"color":"#34cc99"}},{"type":"Feature","geometry":{"type":"Polygon","coordinates":[[[69.3,-49.55],[69.377,-49.627],[69.0,-49.657],[68.859,-49.5],[68.845,-49.345],[69.0,-49.584],[69.3,-49.55]]]},"properties":{"hvalue":3.0,"color":"#34cc99"}},{"type":"Feature","geometry":{"type":"Polygon","coordinates":[[[70.34,-49.25],[70.175,-49.0],[69.683,-48.75],[69.0,-48.714],[68.883,-48.867],[68.881,-48.75],[69.0,-48.631],[69.25,-48.6],[70.0,-48.654],[70.281,-48.75],[70.5,-49.0],[70.61,-49.25],[70.471,-49.5],[70.25,-49.629],[69.595,-49.655],[70.25,-49.548],[70.332,-49.5],[70.34,-49.25]]]},"properties":{"hvalue":3.0,"color":"#34cc99"}},{"type":"Feature","geometry":{"type":"Polygon","coordinates":[[[49.833,-46.5],[49.75,-46.55],[49.653,-46.5],[49.75,-46.429],[49.833,-46.5]]]},"properties":{"hvalue":3.0,"color":"#34cc99"}},{"type":"Feature","geometry":{"type":"Polygon","coordinates":[[[52.511,-46.5],[52.0,-46.589],[51.783,-46.5],[51.796,-46.25],[52.25,-46.12],[52.5,-46.154],[52.625,-46.25],[52.511,-46.5]]]},"properties":{"hvalue":3.0,"color":"#34cc99"}},{"type":"Feature","geometry":{"type":"Polygon","coordinates":[[[50.279,-46.0],[50.5,-45.875],[50.87,-46.0],[50.5,-46.148],[50.279,-46.0]]]},"properties":{"hvalue":3.0,"color":"#34cc99"}},{"type":"Feature","geometry":{"type":"Polygon","coordinates":[[[47.734,-40.75],[47.5,-40.827],[47.294,-40.75],[47.482,-40.5],[47.75,-40.37],[47.96,-40.5],[47.734,-40.75]]]},"properties":{"hvalue":3.0,"color":"#34cc99"}},{"type":"Feature","geometry":{"type":"Polygon","coordinates":[[[138.75,-64.778],[135.25,-64.304],[133.5,-64.253],[131.25,-64.572],[128.5,-64.553],[126.0,-64.398],[124.25,-64.192],[120.25,-64.027],[118.755,-63.75],[118.64,-63.5],[119.07,-63.25],[118.0,-62.927],[116.0,-62.602],[114.25,-62.607],[113.25,-62.352],[112.25,-62.369],[111.0,-62.114],[110.25,-61.87],[108.75,-61.666],[108.0,-61.459],[106.0,-61.868],[105.5,-61.715],[104.75,-61.628],[103.0,-61.534],[101.0,-62.05],[100.25,-62.099],[99.807,-62.0],[99.424,-61.75],[99.432,-61.5],[99.324,-61.25],[99.024,-61.0],[98.0,-60.852],[97.0,-60.896],[95.5,-61.215],[95.25,-61.197],[94.75,-60.978],[94.25,-60.939],[93.5,-61.294],[93.0,-61.361],[92.25,-61.375],[91.5,-61.118],[91.0,-61.061],[89.25,-61.325],[88.25,-61.297],[87.75,-61.056],[87.5,-60.758],[85.75,-60.533],[85.454,-60.25],[85.428,-59.75],[85.25,-59.606],[84.25,-59.332],[83.75,-59.011],[82.25,-58.999],[81.0,-58.751],[80.25,-58.8],[80.0,-58.861],[79.75,-59.067],[78.0,-59.316],[74.75,-59.286],[74.457,-59.25],[73.75,-58.943],[73.5,-59.058],[73.25,-59.449],[73.0,-59.67],[71.75,-59.894],[71.25,-60.085],[67.75,-60.113],[64.0,-60.268],[62.5,-60.592],[61.048,-61.25],[60.09,-61.5],[59.25,-61.547],[58.5,-61.361],[57.25,-61.696],[57.15,-61.5],[57.25,-61.422],[58.179,-61.0],[59.111,-60.75],[60.0,-60.271],[60.289,-60.0],[60.214,-59.75],[59.5,-59.732],[58.583,-60.0],[56.559,-61.25],[55.75,-61.544],[54.5,-62.216],[54.143,-62.0],[54.178,-61.5],[54.0,-61.406],[52.75,-61.602],[51.75,-61.661],[50.75,-61.874],[49.0,-61.755],[47.25,-61.284],[44.75,-60.892],[43.25,-61.007],[40.75,-60.762],[40.25,-60.633],[39.5,-60.256],[38.25,-60.451],[37.0,-60.851],[36.0,-60.929],[35.5,-61.051],[33.5,-61.124],[32.25,-61.033],[30.5,-60.302],[28.528,-60.5],[27.75,-60.956],[27.5,-61.012],[27.25,-60.701],[26.627,-60.25],[26.397,-59.75],[26.0,-59.519],[25.5,-59.392],[24.5,-59.673],[23.0,-58.495],[21.5,-57.677],[20.468,-57.25],[19.75,-56.826],[17.0,-55.885],[15.75,-55.776],[13.75,-55.801],[11.25,-55.556],[8.25,-56.18],[7.0,-56.211],[5.52,-56.0],[4.881,-55.75],[3.75,-55.058],[3.629,-54.75],[3.717,-54.5],[3.5,-54.375],[2.75,-54.394],[2.25,-54.257],[0.25,-53.081],[-0.75,-52.29],[-1.062,-52.0],[-1.568,-51.25],[-1.638,-51.0],[-1.608,-50.75],[-1.403,-50.25],[-1.393,-50.0],[-1.75,-49.65],[-2.0,-49.596],[-2.623,-49.75],[-4.5,-51.136],[-5.0,-51.369],[-5.5,-51.486],[-6.124,-51.25],[-6.5,-50.648],[-6.864,-50.25],[-8.0,-49.339],[-8.5,-49.149],[-10.5,-49.101],[-11.75,-49.214],[-12.538,-49.5],[-13.75,-49.666],[-14.5,-49.86],[-16.75,-50.722],[-16.916,-51.0],[-16.397,-51.25],[-16.251,-51.5],[-16.01,-52.0],[-16.029,-52.75],[-14.75,-53.769],[-14.25,-53.893],[-13.47,-53.75],[-14.047,-53.5],[-13.954,-53.25],[-13.5,-53.144],[-10.75,-53.295],[-10.351,-53.5],[-10.5,-53.658],[-10.792,-53.75],[-10.0,-53.818],[-9.0,-54.121],[-8.147,-54.75],[-7.57,-55.0],[-6.894,-55.5],[-5.789,-56.0],[-5.604,-56.25],[-5.778,-56.5],[-6.25,-56.729],[-7.0,-56.688],[-8.25,-57.297],[-8.991,-57.25],[-9.75,-57.064],[-10.25,-57.128],[-10.5,-57.268],[-11.0,-57.285],[-11.55,-57.25],[-12.25,-57.057],[-12.75,-57.117],[-13.0,-57.047],[-13.913,-56.5],[-14.169,-56.0],[-15.495,-55.25],[-15.646,-55.0],[-15.376,-54.25],[-15.43,-54.0],[-17.25,-53.16],[-17.5,-53.156],[-17.75,-53.5],[-19.0,-53.639],[-19.31,-53.75],[-19.5,-53.952],[-19.75,-54.057],[-20.25,-54.036],[-20.5,-53.838],[-21.75,-54.0],[-22.0,-54.093],[-22.5,-54.626],[-23.0,-54.758],[-24.25,-54.701],[-25.75,-54.347],[-28.25,-54.358],[-30.0,-54.21],[-31.5,-54.261],[-31.75,-54.303],[-31.98,-54.5],[-31.791,-54.75],[-31.353,-55.0],[-31.204,-55.25],[-31.292,-55.5],[-31.75,-55.76],[-32.75,-55.942],[-33.5,-55.832],[-34.0,-55.638],[-35.25,-55.578],[-35.4,-55.5],[-35.109,-55.25],[-35.086,-55.0],[-35.0,-54.944],[-34.75,-55.209],[-34.5,-55.204],[-34.156,-55.0],[-34.728,-54.75],[-35.5,-53.97],[-37.367,-53.883],[-37.476,-53.774],[-34.75,-53.357],[-31.891,-53.25],[-31.25,-53.101],[-31.0,-52.988],[-30.75,-52.723],[-30.5,-52.655],[-30.0,-52.681],[-29.0,-52.914],[-26.5,-52.841],[-25.981,-52.5],[-25.955,-52.25],[-25.814,-52.0],[-25.5,-51.902],[-24.5,-51.856],[-23.75,-51.932],[-23.25,-52.094],[-23.0,-52.028],[-22.689,-51.75],[-23.271,-51.25],[-23.318,-51.0],[-22.5,-50.697],[-22.043,-50.75],[-22.011,-51.0],[-22.144,-51.25],[-21.87,-51.5],[-22.371,-51.75],[-22.0,-51.894],[-21.75,-51.886],[-21.5,-51.762],[-21.514,-51.5],[-21.817,-51.25],[-21.682,-51.0],[-21.679,-50.5],[-21.784,-50.25],[-22.101,-50.0],[-22.273,-49.5],[-22.464,-49.25],[-22.46,-49.0],[-22.852,-48.75],[-22.949,-48.5],[-21.901,-47.75],[-21.842,-47.5],[-21.5,-47.138],[-21.0,-47.072],[-20.0,-47.312],[-19.779,-47.25],[-19.25,-46.76],[-18.457,-46.5],[-18.25,-46.349],[-18.098,-46.0],[-18.143,-45.25],[-18.5,-45.02],[-18.75,-45.067],[-18.914,-45.25],[-19.75,-45.717],[-20.0,-45.947],[-20.25,-46.047],[-21.0,-46.139],[-21.75,-46.559],[-22.25,-46.591],[-23.75,-46.445],[-23.891,-46.25],[-24.25,-46.188],[-24.488,-46.0],[-24.269,-45.25],[-24.129,-45.0],[-23.695,-44.75],[-23.5,-44.521],[-23.354,-44.75],[-23.331,-45.0],[-23.125,-45.25],[-22.75,-45.286],[-22.533,-45.0],[-22.72,-44.5],[-23.0,-44.381],[-23.098,-44.25],[-23.125,-44.0],[-22.662,-43.25],[-22.75,-43.085],[-23.131,-42.75],[-23.5,-42.61],[-25.25,-42.67],[-25.833,-42.5],[-26.006,-42.25],[-26.031,-42.0],[-25.929,-41.75],[-26.0,-41.613],[-26.25,-41.544],[-27.0,-41.766],[-27.296,-41.75],[-27.5,-41.628],[-27.612,-41.5],[-27.0,-41.358],[-26.59,-41.0],[-26.435,-40.75],[-26.407,-40.5],[-27.25,-40.091],[-27.357,-40.0],[-27.39,-39.75],[-28.0,-39.642],[-29.25,-39.691],[-30.0,-39.414],[-31.0,-39.637],[-31.25,-39.506],[-31.16,-39.25],[-31.183,-39.0],[-31.5,-38.694],[-32.75,-38.681],[-33.0,-38.779],[-33.5,-39.205],[-34.0,-39.506],[-34.5,-39.675],[-34.75,-39.428],[-35.0,-39.43],[-35.25,-39.735],[-35.882,-39.5],[-36.096,-39.0],[-36.25,-38.841],[-37.106,-39.25],[-37.412,-39.25],[-37.311,-38.75],[-37.5,-38.699],[-38.231,-39.5],[-38.5,-40.315],[-38.748,-40.75],[-39.0,-40.811],[-40.25,-40.734],[-40.5,-40.285],[-40.75,-40.237],[-40.845,-40.0],[-40.64,-39.5],[-40.75,-39.345],[-42.0,-39.598],[-42.5,-39.403],[-43.0,-39.391],[-43.197,-39.5],[-43.677,-40.0],[-43.627,-40.25],[-43.25,-40.329],[-42.25,-39.941],[-42.0,-39.929],[-41.926,-40.0],[-41.947,-40.25],[-42.75,-40.901],[-43.75,-41.326],[-44.75,-41.212],[-45.0,-41.254],[-45.445,-41.5],[-46.676,-42.5],[-47.645,-43.0],[-47.796,-43.25],[-47.526,-43.5],[-47.598,-43.75],[-47.712,-44.0],[-48.036,-44.25],[-48.75,-44.523],[-49.25,-44.615],[-50.25,-44.399],[-50.295,-44.75],[-49.705,-45.0],[-50.0,-45.5],[-49.848,-46.0],[-49.578,-46.5],[-49.741,-47.0],[-50.25,-47.43],[-50.75,-47.696],[-52.0,-48.257],[-52.951,-48.5],[-54.75,-49.65],[-56.747,-51.75],[-56.959,-52.25],[-57.195,-52.5],[-59.11,-54.0],[-59.0,-54.131],[-58.692,-54.25],[-58.817,-54.5],[-59.0,-54.634],[-59.5,-54.823],[-59.598,-55.0],[-60.25,-55.08],[-61.0,-55.332],[-61.5,-55.226],[-62.0,-55.235],[-63.75,-55.647],[-64.743,-55.75],[-66.25,-56.131],[-67.0,-56.142],[-67.473,-56.0],[-66.75,-55.84],[-66.25,-55.559],[-65.5,-55.301],[-63.75,-54.955],[-61.592,-53.75],[-60.848,-53.0],[-60.472,-52.5],[-60.0,-52.346],[-59.75,-52.466],[-58.75,-52.391],[-58.25,-52.172],[-57.598,-51.75],[-56.96,-51.0],[-56.351,-50.0],[-55.885,-48.5],[-55.733,-48.25],[-55.25,-47.844],[-54.25,-47.373],[-54.147,-47.25],[-54.2,-46.5],[-54.092,-46.25],[-52.5,-45.021],[-52.304,-44.75],[-52.305,-44.5],[-52.505,-44.25],[-52.433,-43.5],[-52.0,-43.248],[-50.586,-42.75],[-50.148,-42.5],[-50.0,-42.307],[-49.81,-42.25],[-49.837,-42.0],[-49.5,-41.746],[-49.25,-41.729],[-49.0,-41.549],[-48.992,-41.0],[-49.387,-40.75],[-49.25,-40.589],[-48.75,-40.644],[-48.468,-40.5],[-48.571,-40.25],[-48.597,-39.75],[-48.542,-39.5],[-48.25,-39.065],[-48.0,-38.981],[-47.75,-39.148],[-47.457,-39.0],[-47.25,-38.756],[-46.75,-38.642],[-46.526,-38.5],[-45.963,-38.0],[-45.0,-37.457],[-44.387,-36.5],[-44.25,-36.404],[-43.25,-36.328],[-42.75,-37.073],[-42.25,-36.763],[-41.5,-35.984],[-40.75,-35.645],[-40.5,-35.704],[-39.75,-36.228],[-39.5,-36.28],[-39.25,-36.241],[-38.25,-35.771],[-37.958,-36.0],[-37.25,-36.182],[-36.5,-35.837],[-35.566,-35.25],[-34.75,-35.119],[-33.75,-35.129],[-32.439,-34.75],[-31.5,-34.244],[-29.75,-33.604],[-29.437,-33.25],[-29.0,-33.017],[-28.5,-32.955],[-27.75,-33.098],[-26.965,-32.75],[-26.841,-32.5],[-27.25,-31.972],[-27.516,-31.75],[-28.75,-31.071],[-29.604,-30.25],[-29.712,-30.0],[-28.721,-28.25],[-28.675,-28.0],[-28.9,-27.5],[-29.25,-27.187],[-29.5,-27.071],[-29.623,-26.75],[-30.25,-26.578],[-31.0,-26.635],[-31.25,-26.508],[-31.5,-26.071],[-31.75,-25.91],[-32.342,-25.75],[-32.54,-25.5],[-32.55,-25.25],[-32.451,-25.0],[-32.0,-24.638],[-31.75,-24.571],[-31.25,-24.67],[-30.5,-24.581],[-30.0,-24.623],[-29.5,-24.715],[-28.25,-25.173],[-27.75,-25.089],[-26.5,-25.169],[-26.176,-25.25],[-25.75,-25.563],[-24.5,-26.158],[-23.5,-26.3],[-22.75,-26.105],[-22.25,-26.069],[-21.0,-26.366],[-20.5,-26.738],[-20.25,-26.831],[-18.844,-27.0],[-18.556,-27.25],[-17.5,-27.615],[-15.25,-28.841],[-14.5,-29.044],[-13.75,-29.547],[-13.0,-29.838],[-11.25,-30.783],[-10.188,-31.25],[-8.25,-32.415],[-7.836,-32.75],[-6.75,-33.212],[-5.25,-34.078],[-5.0,-34.165],[-4.25,-34.145],[-4.0,-34.084],[-3.25,-33.652],[-2.75,-33.555],[-2.0,-33.65],[-1.25,-33.867],[0.532,-34.75],[1.5,-35.554],[2.689,-36.25],[4.75,-36.856],[4.995,-37.0],[5.262,-37.5],[5.542,-37.75],[7.51,-38.5],[7.872,-38.75],[7.952,-39.0],[8.25,-39.176],[9.0,-39.319],[9.5,-38.942],[10.0,-38.929],[10.174,-39.25],[11.0,-40.172],[11.423,-40.5],[11.911,-40.75],[12.25,-41.13],[12.5,-41.277],[12.886,-41.25],[12.75,-41.168],[12.501,-40.75],[12.75,-40.544],[13.0,-40.569],[13.087,-40.75],[13.026,-41.25],[13.25,-41.385],[13.5,-41.682],[14.0,-41.878],[14.5,-41.917],[14.63,-42.0],[14.764,-42.25],[15.107,-42.5],[15.384,-43.25],[15.665,-43.5],[17.187,-44.25],[17.5,-44.559],[18.5,-44.925],[19.0,-45.352],[19.581,-45.5],[19.805,-45.75],[21.25,-46.034],[22.25,-45.997],[22.75,-46.087],[23.0,-46.323],[23.5,-46.496],[23.75,-46.674],[24.5,-46.845],[25.646,-47.75],[26.189,-48.0],[27.0,-48.037],[27.965,-47.75],[30.25,-46.632],[31.711,-46.25],[32.349,-46.0],[32.173,-45.75],[31.5,-45.638],[31.0,-45.328],[30.0,-45.187],[29.356,-45.0],[29.672,-44.75],[31.75,-44.28],[32.75,-44.615],[33.25,-44.425],[34.133,-44.25],[36.0,-44.072],[37.214,-43.75],[37.26,-43.5],[37.444,-43.25],[38.666,-42.75],[38.862,-42.5],[39.25,-42.361],[39.339,-42.25],[39.397,-42.0],[39.3,-41.75],[37.694,-41.25],[37.183,-41.0],[37.202,-40.75],[37.0,-40.694],[36.5,-40.739],[36.25,-41.137],[35.75,-41.153],[34.627,-41.5],[34.296,-41.5],[34.0,-41.336],[33.115,-41.25],[33.25,-40.958],[33.75,-40.899],[33.845,-40.75],[33.75,-40.463],[34.0,-40.324],[34.5,-40.343],[34.876,-40.25],[34.802,-40.0],[35.267,-39.5],[35.5,-39.439],[35.965,-39.5],[36.25,-39.808],[36.646,-40.0],[37.25,-40.072],[37.5,-39.735],[37.616,-39.25],[38.25,-38.393],[39.335,-37.75],[39.789,-37.0],[39.735,-36.5],[39.966,-36.0],[39.983,-35.75],[39.75,-35.577],[39.5,-35.564],[38.0,-35.86],[37.774,-35.0],[37.25,-34.508],[36.976,-34.0],[36.826,-33.25],[36.5,-32.524],[36.0,-32.185],[35.879,-32.0],[35.632,-31.0],[35.737,-30.25],[35.387,-29.25],[35.0,-28.846],[34.807,-28.5],[34.98,-27.75],[34.739,-26.75],[34.154,-25.75],[34.224,-25.25],[34.75,-25.0],[35.5,-24.25],[35.625,-23.75],[35.515,-23.485],[35.75,-23.25],[35.75,-22.25],[35.616,-22.116],[35.603,-21.0],[35.75,-19.862],[36.048,-19.25],[37.584,-17.666],[38.457,-17.25],[39.0,-17.25],[39.28,-16.97],[40.0,-16.648],[40.5,-16.301],[40.75,-16.278],[41.75,-16.795],[42.25,-16.792],[42.5,-16.934],[42.775,-17.25],[43.25,-18.228],[43.448,-20.0],[43.137,-22.0],[43.25,-22.377],[43.25,-22.716],[43.039,-22.25],[43.0,-21.321],[42.851,-21.0],[42.75,-20.866],[42.0,-20.691],[41.798,-20.5],[41.5,-19.754],[41.25,-19.393],[41.0,-19.387],[40.5,-19.596],[40.25,-19.599],[39.75,-19.246],[39.0,-19.693],[38.75,-19.641],[38.25,-19.192],[38.0,-18.701],[37.75,-18.569],[37.5,-18.667],[37.0,-19.724],[36.75,-19.872],[36.458,-20.25],[36.259,-21.0],[36.25,-22.001],[36.0,-22.666],[35.891,-23.5],[35.636,-24.25],[35.621,-24.5],[35.75,-24.754],[36.0,-24.81],[36.254,-24.75],[36.6,-24.5],[36.75,-24.238],[36.828,-24.5],[37.184,-25.0],[37.75,-25.424],[38.729,-27.75],[38.368,-29.0],[38.373,-29.5],[38.5,-29.695],[38.75,-29.768],[39.0,-29.706],[39.75,-29.241],[40.25,-29.205],[40.75,-28.973],[41.25,-29.041],[41.406,-29.25],[41.464,-29.5],[41.197,-30.0],[41.326,-30.25],[41.75,-30.692],[41.839,-31.0],[42.0,-31.135],[42.75,-31.214],[43.285,-31.5],[43.534,-31.75],[44.0,-32.61],[44.5,-33.0],[44.725,-33.75],[44.605,-34.25],[44.917,-34.5],[46.25,-35.054],[46.5,-35.234],[46.684,-35.5],[46.785,-36.0],[46.724,-36.5],[45.75,-38.246],[45.5,-38.48],[44.75,-38.476],[44.25,-38.627],[43.958,-39.0],[43.885,-39.25],[43.983,-39.5],[44.5,-39.682],[45.25,-40.31],[45.527,-40.75],[45.509,-41.25],[46.216,-41.75],[46.069,-42.0],[46.5,-42.245],[46.438,-42.5],[46.75,-42.689],[47.5,-42.506],[49.225,-41.75],[48.75,-41.5],[49.5,-41.482],[49.554,-41.75],[48.777,-42.5],[48.5,-42.641],[47.5,-43.024],[46.647,-43.5],[45.0,-43.901],[44.25,-44.231],[44.217,-44.5],[44.0,-44.796],[43.5,-45.096],[42.25,-45.622],[41.75,-46.019],[40.859,-46.25],[40.369,-47.0],[39.5,-47.25],[39.522,-47.5],[39.162,-47.75],[38.5,-47.903],[37.0,-47.697],[36.75,-47.741],[35.333,-48.25],[35.265,-48.75],[35.404,-49.0],[35.25,-49.071],[34.75,-49.148],[33.5,-49.133],[33.097,-49.25],[32.5,-49.591],[30.5,-49.821],[29.5,-50.191],[28.5,-50.371],[28.016,-50.75],[28.024,-51.0],[28.892,-51.5],[28.924,-51.75],[28.5,-51.823],[27.776,-51.75],[27.25,-51.422],[26.518,-51.5],[25.95,-51.75],[26.0,-51.882],[26.5,-52.106],[26.568,-52.25],[26.0,-52.391],[24.629,-52.5],[24.163,-52.75],[24.888,-53.25],[24.976,-53.5],[24.845,-54.0],[24.164,-54.5],[23.45,-55.5],[23.425,-55.75],[24.121,-56.75],[25.368,-58.0],[25.683,-58.5],[26.208,-59.0],[27.014,-59.5],[28.0,-60.469],[28.5,-60.317],[29.75,-60.255],[30.0,-60.151],[30.5,-60.107],[31.25,-60.268],[32.75,-60.808],[33.25,-60.91],[34.0,-60.934],[35.83,-60.75],[36.93,-60.5],[38.25,-59.846],[39.88,-59.25],[41.0,-59.045],[42.0,-58.993],[42.75,-58.856],[44.0,-58.877],[45.25,-58.247],[45.977,-58.0],[50.231,-57.25],[51.13,-56.75],[51.75,-56.223],[53.5,-56.017],[55.0,-56.0],[55.75,-55.87],[57.0,-55.83],[58.5,-55.671],[58.928,-55.75],[59.125,-56.0],[59.25,-56.361],[59.423,-56.5],[60.25,-56.306],[61.0,-56.317],[62.5,-56.07],[63.25,-56.027],[63.75,-56.164],[64.75,-56.85],[66.25,-57.281],[73.0,-57.365],[73.903,-57.5],[74.5,-57.815],[75.0,-57.929],[77.25,-57.964],[79.256,-58.25],[81.75,-58.341],[83.5,-58.564],[83.75,-58.628],[84.5,-59.053],[86.5,-59.591],[86.635,-59.75],[86.673,-60.0],[86.564,-60.25],[88.0,-60.623],[88.25,-60.954],[88.5,-61.009],[89.644,-61.0],[91.25,-60.791],[91.75,-60.838],[92.25,-61.097],[92.5,-61.084],[92.924,-61.0],[94.0,-60.546],[97.75,-60.35],[98.358,-60.5],[99.75,-60.634],[100.148,-61.0],[100.0,-61.114],[99.911,-61.5],[99.728,-61.75],[100.25,-61.864],[101.89,-61.5],[102.0,-61.379],[102.5,-61.277],[104.75,-61.331],[106.0,-61.529],[106.25,-61.499],[107.25,-61.039],[108.25,-61.097],[108.5,-61.265],[108.75,-61.284],[111.5,-61.216],[112.0,-61.332],[112.881,-61.75],[114.75,-62.215],[116.5,-62.292],[118.516,-62.5],[118.75,-62.68],[119.407,-62.75],[119.524,-63.0],[120.0,-63.177],[120.5,-63.49],[121.25,-63.689],[125.25,-64.076],[127.25,-64.196],[129.0,-64.078],[130.25,-64.116],[132.75,-63.838],[135.25,-63.988],[137.25,-64.367],[138.75,-64.384],[140.25,-64.283],[144.5,-64.312],[145.75,-64.135],[149.851,-63.0],[151.25,-62.813],[151.75,-62.659],[152.5,-62.648],[154.301,-62.25],[154.75,-62.05],[155.454,-61.5],[156.25,-61.389],[157.65,-60.75],[157.897,-60.25],[158.521,-60.0],[158.447,-59.75],[158.792,-59.5],[160.0,-59.429],[161.25,-59.179],[162.0,-59.159],[163.25,-59.274],[164.0,-59.071],[164.142,-58.75],[163.979,-58.5],[163.25,-58.272],[162.5,-58.168],[162.115,-58.0],[161.983,-57.75],[161.486,-57.25],[161.334,-56.75],[160.898,-56.5],[160.056,-55.75],[159.966,-55.5],[159.708,-55.25],[159.223,-55.0],[159.0,-54.985],[158.736,-54.75],[158.773,-54.5],[159.0,-54.276],[159.238,-54.25],[159.75,-53.919],[160.25,-53.738],[161.5,-53.556],[163.25,-53.72],[163.659,-54.0],[163.564,-54.25],[166.25,-55.396],[168.0,-55.824],[169.723,-56.0],[170.813,-56.5],[170.942,-57.0],[171.255,-57.25],[171.162,-57.5],[171.5,-57.656],[171.718,-58.0],[171.25,-58.142],[171.122,-58.25],[171.87,-58.75],[172.547,-59.0],[172.801,-59.25],[172.211,-59.5],[172.079,-59.75],[172.5,-59.939],[173.5,-60.311],[173.75,-60.325],[174.75,-60.174],[176.0,-60.153],[176.453,-60.0],[176.917,-59.5],[177.587,-58.5],[178.64,-58.0],[178.657,-57.75],[177.977,-57.5],[178.109,-57.0],[178.0,-56.75],[176.75,-56.651],[176.0,-56.328],[175.25,-56.256],[174.246,-56.0],[174.017,-55.75],[174.0,-55.25],[173.315,-54.75],[173.25,-54.48],[172.5,-54.345],[172.0,-54.142],[171.795,-54.0],[171.653,-53.75],[171.25,-53.528],[170.41,-53.25],[169.0,-52.94],[167.546,-52.25],[166.776,-52.0],[166.048,-51.5],[165.5,-51.328],[163.75,-49.876],[163.5,-50.009],[162.75,-49.917],[162.5,-49.695],[161.702,-49.25],[161.486,-49.0],[159.789,-48.0],[158.465,-47.0],[158.224,-46.75],[157.965,-46.25],[157.354,-45.75],[156.916,-45.5],[156.682,-45.25],[156.437,-44.75],[156.25,-44.649],[155.5,-44.432],[155.0,-44.178],[154.0,-44.089],[153.25,-43.858],[152.5,-43.769],[151.0,-43.108],[150.0,-42.864],[149.5,-42.917],[147.43,-43.57],[147.5,-43.5],[147.452,-43.452],[148.25,-43.162],[148.969,-42.75],[149.312,-42.5],[149.713,-42.0],[149.743,-41.75],[148.934,-40.75],[149.25,-40.551],[150.5,-40.32],[152.5,-40.276],[153.0,-40.621],[153.344,-40.75],[153.627,-41.0],[154.0,-41.101],[154.61,-41.5],[155.25,-41.693],[157.0,-42.091],[158.5,-41.971],[159.0,-42.293],[159.34,-42.25],[159.319,-42.0],[158.93,-41.25],[158.838,-40.5],[158.632,-39.75],[158.702,-39.25],[158.657,-39.0],[158.983,-38.25],[158.98,-37.75],[158.5,-37.036],[158.25,-36.972],[157.94,-36.75],[157.75,-35.49],[157.5,-35.109],[156.876,-34.5],[156.75,-34.25],[156.823,-33.75],[157.25,-32.917],[157.5,-32.606],[157.75,-32.538],[158.0,-32.585],[158.259,-32.75],[158.5,-33.356],[159.0,-33.285],[159.26,-33.5],[159.151,-33.75],[159.123,-34.5],[159.302,-34.75],[159.75,-34.871],[160.25,-34.787],[160.5,-34.468],[160.75,-34.339],[161.25,-34.452],[162.0,-34.84],[162.75,-34.972],[163.25,-35.215],[164.0,-35.255],[165.0,-35.475],[165.5,-35.2],[165.75,-35.203],[166.0,-35.33],[167.25,-36.528],[168.25,-37.801],[168.4,-38.5],[168.388,-39.5],[167.588,-41.25],[167.422,-42.0],[167.602,-42.5],[167.659,-43.25],[167.786,-43.5],[167.761,-43.75],[166.25,-45.491],[165.75,-45.73],[165.0,-45.817],[164.604,-46.0],[164.574,-46.25],[164.738,-46.5],[165.75,-47.055],[166.137,-47.5],[166.479,-47.75],[166.457,-48.0],[166.849,-48.25],[167.0,-48.615],[167.25,-48.578],[167.459,-48.75],[167.532,-49.5],[167.774,-50.0],[167.272,-50.25],[166.25,-50.382],[165.923,-50.75],[166.0,-50.867],[166.25,-51.041],[166.5,-51.073],[168.0,-50.815],[169.0,-50.861],[170.25,-51.329],[171.75,-52.24],[172.25,-52.341],[173.75,-52.163],[174.75,-52.394],[175.0,-52.37],[175.5,-52.164],[176.25,-52.004],[177.25,-52.053],[178.75,-51.708],[179.75,-51.588],[179.75,-59.82],[178.585,-60.75],[178.925,-61.0],[178.794,-61.25],[178.506,-61.5],[177.75,-62.036],[176.0,-63.068],[175.25,-63.224],[174.5,-63.182],[173.488,-62.75],[172.132,-62.5],[172.628,-62.25],[172.5,-62.209],[172.0,-62.17],[171.75,-62.228],[171.144,-62.0],[169.5,-61.787],[169.25,-61.823],[168.75,-62.069],[168.5,-62.088],[168.167,-62.0],[167.789,-61.5],[167.5,-61.491],[167.0,-61.63],[165.75,-61.347],[165.25,-61.529],[164.5,-61.518],[163.75,-61.972],[162.0,-62.049],[161.47,-62.25],[160.75,-62.347],[160.5,-62.475],[159.25,-62.419],[157.5,-62.613],[157.25,-62.754],[157.0,-62.761],[155.0,-62.602],[152.75,-63.088],[151.5,-63.139],[150.999,-63.25],[150.0,-63.63],[149.0,-63.861],[147.0,-64.615],[146.5,-64.719],[144.75,-64.803],[141.0,-64.71],[138.75,-64.778]]]},"properties":{"hvalue":3.0,"color":"#34cc99"}},{"type":"Feature","geometry":{"type":"Polygon","coordinates":[[[44.697,-25.447],[44.5,-25.368],[44.347,-25.25],[44.5,-25.25],[44.697,-25.447]]]},"properties":{"hvalue":3.0,"color":"#34cc99"}},{"type":"Feature","geometry":{"type":"Polygon","coordinates":[[[47.435,-24.565],[47.371,-24.75],[47.25,-24.882],[47.25,-24.75],[47.435,-24.565]]]},"properties":{"hvalue":3.0,"color":"#34cc99"}},{"type":"Feature","geometry":{"type":"Polygon","coordinates":[[[103.75,-42.377],[102.361,-42.0],[101.75,-41.736],[100.5,-41.446],[99.25,-40.849],[97.75,-40.387],[97.443,-40.25],[96.802,-39.75],[95.75,-39.186],[94.75,-39.015],[93.25,-38.397],[92.5,-38.259],[91.075,-37.75],[90.25,-37.242],[88.5,-36.645],[86.038,-35.25],[85.25,-35.23],[84.25,-35.399],[83.5,-35.333],[83.0,-35.141],[81.594,-34.25],[81.0,-33.682],[79.252,-32.5],[78.328,-31.5],[77.126,-30.5],[76.762,-30.0],[76.0,-29.479],[74.689,-28.25],[74.0,-27.717],[73.406,-27.0],[72.25,-26.415],[72.0,-26.143],[71.802,-25.75],[71.342,-25.5],[71.187,-25.25],[70.982,-24.25],[70.848,-24.0],[70.5,-23.704],[70.0,-23.574],[69.5,-22.994],[68.5,-22.827],[68.032,-22.5],[67.75,-22.187],[67.02,-22.0],[66.75,-21.707],[66.5,-21.58],[65.0,-21.546],[64.25,-21.373],[63.75,-21.407],[62.5,-21.073],[59.5,-20.45],[58.75,-20.214],[58.25,-20.266],[57.701,-20.549],[58.0,-20.25],[57.849,-20.099],[57.958,-19.75],[57.956,-19.25],[57.857,-19.0],[59.0,-18.566],[60.5,-18.615],[61.0,-18.774],[61.75,-19.448],[62.0,-19.455],[62.25,-19.658],[62.5,-19.566],[62.776,-19.75],[63.5,-20.0],[63.555,-19.945],[64.5,-20.018],[66.25,-19.919],[66.5,-19.677],[67.0,-19.516],[67.435,-19.75],[67.75,-20.026],[68.5,-20.283],[69.25,-19.954],[69.721,-20.0],[69.5,-20.075],[69.152,-20.5],[69.032,-21.0],[69.132,-21.25],[69.447,-21.5],[70.25,-21.909],[71.0,-22.748],[71.25,-22.696],[71.616,-22.75],[71.765,-23.0],[71.771,-23.25],[71.649,-23.5],[72.25,-24.092],[72.75,-24.337],[73.284,-24.75],[74.547,-25.5],[74.75,-25.561],[74.975,-25.5],[75.5,-25.18],[75.868,-25.75],[76.25,-26.634],[76.5,-26.771],[77.25,-26.793],[78.259,-27.25],[78.637,-27.5],[78.91,-28.0],[79.25,-28.17],[80.25,-28.272],[80.5,-28.379],[81.075,-29.25],[82.237,-29.75],[82.108,-30.0],[82.132,-30.25],[82.75,-30.871],[85.0,-32.186],[85.943,-32.5],[86.75,-33.093],[87.75,-33.651],[88.75,-33.914],[89.0,-33.922],[89.75,-33.726],[90.25,-33.911],[90.75,-33.954],[91.973,-34.5],[92.25,-34.547],[92.75,-34.367],[93.0,-34.357],[93.25,-34.22],[93.5,-34.172],[93.75,-34.226],[94.25,-33.954],[94.59,-33.75],[94.824,-33.5],[94.928,-33.25],[94.89,-33.0],[94.5,-32.678],[94.0,-32.566],[93.0,-32.821],[92.438,-32.75],[92.477,-32.5],[92.351,-32.25],[92.495,-31.75],[92.463,-31.5],[91.75,-30.807],[91.097,-30.5],[91.0,-30.303],[90.403,-30.25],[90.197,-30.0],[89.5,-29.88],[89.25,-29.65],[89.07,-29.25],[89.243,-28.75],[88.75,-28.657],[87.5,-27.998],[87.25,-28.076],[87.0,-28.017],[87.081,-27.75],[87.434,-27.25],[87.488,-26.5],[87.423,-26.25],[87.25,-26.196],[87.024,-26.25],[86.25,-26.703],[86.0,-26.735],[85.776,-26.5],[85.5,-25.775],[85.25,-25.509],[85.0,-25.36],[84.559,-25.25],[84.929,-24.5],[85.068,-24.0],[85.499,-23.5],[85.566,-23.25],[85.5,-23.174],[84.75,-23.148],[84.25,-23.366],[84.0,-23.371],[82.75,-22.81],[82.0,-22.762],[81.737,-22.5],[81.705,-21.5],[81.5,-21.338],[81.25,-21.451],[81.0,-21.428],[80.942,-21.25],[81.128,-20.5],[81.25,-20.403],[81.75,-20.325],[82.75,-19.323],[83.25,-19.177],[84.25,-18.682],[84.418,-18.5],[84.271,-18.25],[83.0,-18.009],[82.5,-18.064],[82.19,-18.25],[82.0,-18.501],[80.75,-19.289],[80.37,-20.0],[80.233,-20.5],[79.0,-21.329],[78.75,-21.357],[78.25,-21.261],[77.75,-22.652],[77.5,-22.822],[77.25,-22.791],[77.137,-22.0],[77.178,-21.0],[77.275,-20.5],[77.0,-20.237],[76.5,-20.193],[76.25,-20.289],[75.75,-20.669],[75.355,-21.25],[75.0,-21.499],[74.75,-21.61],[74.5,-21.404],[74.441,-21.25],[75.063,-20.75],[75.265,-20.25],[75.225,-19.25],[75.117,-19.0],[75.114,-18.75],[75.0,-18.709],[74.854,-18.75],[74.901,-19.0],[74.081,-19.75],[73.212,-20.75],[73.319,-21.0],[73.316,-21.25],[72.75,-21.512],[72.537,-21.25],[72.52,-20.5],[72.615,-20.25],[74.125,-18.75],[74.234,-18.25],[74.134,-17.75],[74.521,-17.25],[74.494,-17.0],[74.0,-16.75],[73.5,-16.628],[72.85,-16.25],[72.497,-15.75],[72.62,-15.5],[75.5,-15.719],[76.5,-15.567],[76.75,-15.619],[77.25,-15.917],[78.25,-15.806],[78.75,-15.956],[78.944,-16.25],[78.941,-16.5],[78.528,-17.25],[78.48,-17.75],[78.653,-18.25],[79.0,-18.507],[79.25,-18.501],[79.75,-18.267],[81.0,-17.563],[81.75,-17.416],[82.5,-16.897],[82.75,-16.972],[83.0,-17.249],[83.25,-17.326],[83.75,-17.279],[84.25,-17.534],[84.783,-17.5],[84.978,-17.25],[84.979,-17.0],[85.117,-16.75],[85.5,-16.614],[87.0,-16.74],[88.25,-17.297],[88.75,-17.185],[89.75,-17.805],[90.5,-17.757],[92.0,-17.878],[92.428,-17.75],[92.599,-17.5],[92.526,-17.25],[92.697,-17.0],[92.7,-16.75],[92.139,-16.25],[91.0,-15.785],[89.75,-15.451],[89.0,-15.098],[88.5,-14.762],[88.0,-14.252],[86.879,-13.75],[86.941,-13.5],[87.295,-13.25],[87.358,-12.5],[87.519,-12.25],[87.75,-12.097],[88.5,-11.864],[89.0,-11.52],[89.25,-11.459],[90.75,-12.113],[91.252,-12.5],[91.723,-13.0],[92.022,-13.5],[92.181,-14.25],[92.504,-15.0],[92.75,-15.175],[93.25,-14.852],[93.5,-14.885],[93.823,-15.25],[93.995,-15.5],[94.137,-16.0],[93.532,-16.75],[93.485,-17.0],[93.75,-17.211],[94.0,-17.259],[94.5,-17.204],[95.0,-17.475],[96.826,-19.0],[96.951,-19.25],[96.75,-19.374],[96.127,-19.5],[95.726,-19.75],[95.625,-20.0],[95.75,-20.865],[96.0,-21.181],[96.25,-21.273],[96.75,-20.959],[97.25,-20.869],[98.126,-20.5],[98.5,-20.262],[98.5,-19.998],[98.35,-19.75],[98.067,-19.5],[98.484,-19.0],[98.048,-18.75],[97.907,-18.5],[98.0,-18.326],[98.25,-18.317],[98.75,-18.568],[99.0,-18.475],[99.176,-18.25],[99.208,-18.0],[98.75,-17.68],[98.0,-17.583],[97.25,-17.64],[96.5,-17.49],[95.5,-17.02],[95.322,-16.5],[95.5,-16.256],[95.75,-16.103],[96.0,-16.348],[96.25,-16.377],[96.361,-16.25],[95.815,-15.75],[95.888,-15.5],[96.0,-15.454],[96.5,-15.807],[96.75,-15.82],[96.785,-15.75],[96.569,-15.25],[96.0,-15.143],[95.25,-14.804],[94.0,-14.54],[93.75,-14.425],[92.923,-13.5],[92.5,-12.807],[92.023,-12.5],[92.089,-12.0],[92.019,-11.25],[92.052,-11.0],[92.25,-10.686],[92.5,-10.645],[92.75,-10.747],[93.25,-11.212],[93.5,-11.095],[93.75,-10.81],[94.0,-10.85],[94.136,-11.0],[94.236,-11.5],[94.474,-11.75],[94.75,-11.842],[94.888,-11.75],[94.785,-11.5],[94.803,-11.25],[95.25,-10.998],[95.565,-10.5],[95.399,-10.0],[95.369,-9.25],[95.436,-9.0],[95.5,-8.906],[95.75,-8.861],[96.5,-8.092],[96.694,-8.0],[96.63,-7.5],[96.75,-7.267],[97.0,-7.382],[97.5,-6.977],[98.0,-6.975],[98.75,-7.344],[99.25,-7.452],[99.559,-7.25],[99.745,-6.5],[99.911,-6.25],[100.0,-6.148],[100.25,-6.095],[101.0,-6.76],[101.5,-6.716],[101.75,-6.774],[102.5,-7.316],[103.0,-7.166],[103.25,-7.319],[104.0,-8.185],[104.25,-8.353],[104.5,-8.427],[104.664,-8.25],[104.721,-7.75],[104.844,-7.5],[105.0,-7.384],[105.5,-7.303],[106.0,-7.551],[106.615,-8.0],[107.691,-8.5],[108.0,-8.744],[107.967,-9.25],[107.5,-10.5],[107.296,-13.0],[107.25,-13.169],[107.0,-13.262],[106.745,-13.5],[106.571,-14.25],[106.421,-14.5],[106.393,-15.0],[106.5,-15.239],[106.75,-15.389],[107.001,-15.25],[107.107,-15.5],[107.5,-15.779],[107.75,-15.672],[108.0,-15.441],[108.047,-15.75],[108.381,-16.25],[108.75,-17.415],[109.0,-17.486],[109.06,-17.0],[108.965,-16.0],[109.076,-15.5],[109.296,-14.75],[109.971,-13.5],[110.291,-11.5],[110.75,-10.547],[111.5,-9.43],[111.75,-9.197],[112.0,-9.278],[112.25,-9.643],[112.5,-9.83],[113.0,-9.235],[114.0,-9.417],[114.11,-9.5],[114.149,-9.75],[113.805,-10.5],[113.454,-12.0],[113.267,-12.5],[113.0,-12.817],[112.442,-13.25],[112.295,-13.5],[111.75,-15.3],[110.75,-16.799],[110.597,-17.25],[110.66,-17.5],[111.0,-17.999],[111.5,-18.499],[112.0,-18.528],[112.5,-18.366],[112.632,-18.25],[112.726,-17.5],[113.0,-16.794],[113.201,-17.0],[113.205,-17.25],[113.0,-18.065],[112.803,-18.25],[112.855,-18.5],[112.645,-19.0],[112.661,-19.25],[113.0,-19.486],[113.25,-19.478],[114.0,-19.19],[114.25,-19.174],[114.354,-19.25],[114.386,-19.5],[113.792,-20.75],[113.404,-22.5],[113.428,-22.75],[113.25,-23.583],[112.846,-24.5],[112.75,-25.75],[113.013,-25.987],[113.735,-27.25],[113.813,-28.0],[113.687,-28.25],[113.733,-28.5],[114.069,-28.75],[114.5,-28.928],[114.753,-29.253],[114.863,-30.5],[115.25,-31.001],[115.25,-31.25],[115.503,-31.503],[115.379,-32.0],[115.432,-32.25],[115.279,-32.5],[115.073,-33.25],[114.89,-33.5],[114.919,-33.831],[114.75,-34.0],[115.25,-34.5],[115.5,-34.5],[116.0,-35.0],[116.25,-35.0],[116.414,-35.164],[115.5,-34.822],[114.75,-34.387],[114.364,-33.75],[114.437,-33.5],[114.25,-33.386],[113.685,-33.5],[113.0,-33.825],[112.5,-34.297],[112.0,-34.538],[111.25,-34.602],[110.75,-34.796],[110.0,-34.799],[109.508,-35.0],[109.305,-35.25],[108.037,-36.25],[107.25,-37.327],[106.83,-37.5],[107.0,-37.601],[107.75,-37.549],[109.0,-36.786],[109.5,-36.662],[110.0,-36.661],[110.25,-36.805],[110.534,-37.75],[109.75,-38.2],[109.25,-38.619],[108.75,-38.714],[108.444,-39.0],[109.75,-39.135],[111.25,-38.982],[111.5,-39.024],[111.947,-39.25],[111.877,-39.5],[110.72,-40.0],[109.95,-40.75],[109.704,-41.25],[109.293,-41.75],[108.5,-42.455],[108.25,-42.576],[107.5,-42.732],[106.25,-42.69],[105.0,-42.45],[103.75,-42.377]]]},"properties":{"hvalue":3.0,"color":"#34cc99"}},{"type":"Feature","geometry":{"type":"Polygon","coordinates":[[[47.5,-24.393],[47.5,-24.0],[47.72,-23.78],[47.669,-24.0],[47.5,-24.393]]]},"properties":{"hvalue":3.0,"color":"#34cc99"}},{"type":"Feature","geometry":{"type":"Polygon","coordinates":[[[43.5,-23.25],[43.5,-23.884],[43.335,-23.085],[43.5,-23.25]]]},"properties":{"hvalue":3.0,"color":"#34cc99"}},{"type":"Feature","geometry":{"type":"Polygon","coordinates":[[[47.963,-23.037],[47.75,-23.668],[47.75,-23.26],[47.963,-23.037]]]},"properties":{"hvalue":3.0,"color":"#34cc99"}},{"type":"Feature","geometry":{"type":"Polygon","coordinates":[[[48.0,-22.75],[48.0,-22.5],[48.084,-22.416],[48.071,-22.5],[48.0,-22.75]]]},"properties":{"hvalue":3.0,"color":"#34cc99"}},{"type":"Feature","geometry":{"type":"Polygon","coordinates":[[[74.815,-22.0],[74.733,-22.25],[74.5,-22.442],[74.225,-22.5],[74.174,-22.25],[74.5,-21.915],[74.75,-21.888],[74.815,-22.0]]]},"properties":{"hvalue":3.0,"color":"#34cc99"}},{"type":"Feature","geometry":{"type":"Polygon","coordinates":[[[48.33,-21.67],[48.318,-21.75],[48.25,-21.895],[48.25,-21.75],[48.33,-21.67]]]},"properties":{"hvalue":3.0,"color":"#34cc99"}},{"type":"Feature","geometry":{"type":"Polygon","coordinates":[[[70.5,-20.032],[70.77,-20.25],[70.0,-20.486],[69.7,-20.25],[69.78,-20.0],[70.5,-20.032]]]},"properties":{"hvalue":3.0,"color":"#34cc99"}},{"type":"Feature","geometry":{"type":"Polygon","coordinates":[[[48.75,-20.25],[49.0,-20.0],[49.0,-19.558],[49.25,-19.25],[49.25,-19.11],[49.5,-18.891],[51.0,-18.524],[52.25,-18.439],[53.0,-18.161],[53.25,-18.277],[53.75,-18.348],[54.25,-18.297],[54.75,-18.088],[55.25,-18.169],[55.75,-18.109],[57.25,-18.568],[57.593,-18.75],[57.724,-19.0],[57.665,-19.25],[57.171,-20.0],[57.312,-20.562],[57.0,-20.465],[56.5,-20.593],[56.25,-20.785],[55.949,-21.199],[55.846,-21.096],[55.864,-20.75],[55.75,-20.389],[55.5,-20.542],[55.25,-20.843],[55.193,-21.0],[55.25,-21.199],[55.061,-21.0],[55.05,-20.75],[55.162,-20.5],[55.0,-19.974],[54.75,-19.889],[54.0,-20.076],[53.5,-20.014],[52.5,-19.433],[52.0,-19.458],[50.25,-20.044],[49.0,-20.267],[48.75,-20.586],[48.5,-21.135],[48.5,-20.765],[48.75,-20.5],[48.75,-20.25]]]},"properties":{"hvalue":3.0,"color":"#34cc99"}},{"type":"Feature","geometry":{"type":"Polygon","coordinates":[[[71.0,-15.721],[71.081,-16.0],[70.934,-16.25],[70.5,-16.43],[70.198,-16.25],[70.306,-16.0],[70.5,-15.851],[70.75,-15.727],[71.0,-15.721]]]},"properties":{"hvalue":3.0,"color":"#34cc99"}},{"type":"Feature","geometry":{"type":"Polygon","coordinates":[[[68.234,-15.75],[68.248,-16.0],[67.5,-16.463],[67.281,-16.0],[67.409,-15.75],[67.75,-15.626],[68.234,-15.75]]]},"properties":{"hvalue":3.0,"color":"#34cc99"}},{"type":"Feature","geometry":{"type":"Polygon","coordinates":[[[67.801,-14.75],[67.75,-14.756],[67.737,-14.75],[67.75,-14.728],[67.801,-14.75]]]},"properties":{"hvalue":3.0,"color":"#34cc99"}},{"type":"Feature","geometry":{"type":"Polygon","coordinates":[[[85.25,-11.023],[83.0,-10.694],[82.25,-10.164],[81.817,-10.0],[81.572,-9.75],[81.479,-9.25],[82.25,-9.089],[82.5,-9.108],[83.25,-8.803],[84.0,-8.655],[84.75,-8.774],[85.25,-8.635],[85.5,-8.465],[86.0,-8.47],[86.5,-8.869],[86.931,-9.75],[86.97,-10.0],[86.856,-10.25],[86.388,-10.5],[85.899,-11.0],[85.25,-11.023]]]},"properties":{"hvalue":3.0,"color":"#34cc99"}},{"type":"Feature","geometry":{"type":"Polygon","coordinates":[[[94.596,-7.75],[94.5,-7.968],[94.309,-7.75],[94.5,-7.685],[94.596,-7.75]]]},"properties":{"hvalue":3.0,"color":"#34cc99"}},{"type":"Feature","geometry":{"type":"Polygon","coordinates":[[[94.647,-6.25],[95.0,-6.138],[95.083,-6.25],[94.75,-6.324],[94.647,-6.25]]]},"properties":{"hvalue":3.0,"color":"#34cc99"}},{"type":"Feature","geometry":{"type":"Polygon","coordinates":[[[146.832,-43.668],[147.0,-43.595],[147.168,-43.668],[147.0,-43.667],[146.832,-43.668]]]},"properties":{"hvalue":3.0,"color":"#34cc99"}},{"type":"Feature","geometry":{"type":"Polygon","coordinates":[[[145.084,-42.084],[145.195,-42.195],[145.25,-42.406],[145.097,-42.25],[145.084,-42.084]]]},"properties":{"hvalue":3.0,"color":"#34cc99"}},{"type":"Feature","geometry":{"type":"Polygon","coordinates":[[[144.156,-40.094],[145.0,-39.755],[145.391,-39.75],[145.312,-40.0],[144.75,-40.345],[144.527,-40.723],[144.5,-40.579],[144.014,-40.236],[144.156,-40.094]]]},"properties":{"hvalue":3.0,"color":"#34cc99"}},{"type":"Feature","geometry":{"type":"Polygon","coordinates":[[[179.75,-36.834],[179.75,-37.5],[179.75,-37.964],[179.57,-37.5],[179.583,-37.25],[179.75,-36.834]]]},"properties":{"hvalue":3.0,"color":"#34cc99"}},{"type":"Feature","geometry":{"type":"Polygon","coordinates":[[[143.0,-39.351],[142.0,-39.028],[141.25,-39.064],[140.5,-38.792],[139.5,-38.667],[138.75,-38.219],[137.0,-37.754],[136.25,-37.828],[135.5,-37.763],[135.0,-37.36],[133.651,-36.75],[133.0,-36.215],[132.25,-35.833],[131.25,-35.555],[130.554,-35.0],[130.5,-34.878],[130.0,-34.823],[129.25,-34.9],[129.0,-34.838],[128.87,-34.75],[128.962,-34.5],[129.52,-34.0],[129.581,-33.75],[129.395,-33.5],[128.75,-33.364],[128.5,-33.217],[127.0,-33.063],[126.25,-33.17],[125.75,-33.372],[124.833,-34.0],[123.75,-34.371],[123.5,-34.367],[123.287,-34.213],[123.5,-34.0],[123.75,-34.0],[124.681,-33.0],[125.088,-32.75],[125.5,-32.75],[125.75,-32.5],[127.5,-32.5],[127.75,-32.25],[128.25,-32.217],[128.783,-31.967],[130.0,-31.831],[131.25,-31.855],[131.472,-32.0],[131.75,-32.399],[133.25,-32.937],[133.5,-33.097],[134.083,-33.75],[134.75,-34.126],[134.812,-34.5],[135.25,-34.888],[135.74,-34.99],[136.0,-35.25],[136.485,-35.25],[136.607,-35.643],[136.5,-35.75],[136.5,-36.0],[136.75,-36.25],[137.0,-36.25],[137.069,-36.181],[137.5,-36.25],[138.0,-36.216],[138.156,-36.25],[138.5,-36.58],[139.0,-36.585],[139.25,-36.698],[139.5,-36.829],[139.5,-37.0],[140.75,-38.25],[141.25,-38.25],[141.5,-38.5],[142.5,-38.5],[142.75,-38.75],[143.25,-38.75],[143.5,-39.0],[143.621,-38.879],[144.5,-38.725],[144.688,-38.75],[144.805,-39.0],[144.499,-39.25],[144.0,-39.465],[143.75,-39.797],[143.627,-39.5],[143.5,-39.41],[143.0,-39.351]]]},"properties":{"hvalue":3.0,"color":"#34cc99"}},{"type":"Feature","geometry":{"type":"Polygon","coordinates":[[[119.085,-34.585],[119.25,-34.75],[119.712,-34.288],[120.0,-34.109],[120.456,-34.0],[121.815,-34.0],[122.1,-34.1],[122.23,-34.23],[121.25,-34.213],[120.5,-34.364],[119.75,-34.591],[118.75,-35.037],[118.028,-35.222],[118.25,-35.0],[118.5,-35.0],[118.85,-34.65],[119.085,-34.585]]]},"properties":{"hvalue":3.0,"color":"#34cc99"}},{"type":"Feature","geometry":{"type":"Polygon","coordinates":[[[123.226,-34.226],[123.0,-34.222],[122.268,-34.232],[122.386,-34.114],[123.0,-34.004],[123.226,-34.226]]]},"properties":{"hvalue":3.0,"color":"#34cc99"}},{"type":"Feature","geometry":{"type":"Polygon","coordinates":[[[153.5,-32.216],[153.5,-32.575],[153.25,-32.895],[153.25,-32.483],[153.5,-32.216]]]},"properties":{"hvalue":3.0,"color":"#34cc99"}},{"type":"Feature","geometry":{"type":"Polygon","coordinates":[[[115.939,-9.0],[116.017,-9.0],[116.0,-9.083],[115.939,-9.0]]]},"properties":{"hvalue":3.0,"color":"#34cc99"}},{"type":"Feature","geometry":{"type":"Polygon","coordinates":[[[137.483,28.75],[137.75,28.846],[138.0,28.811],[138.25,28.926],[138.5,28.746],[138.575,28.5],[138.804,28.25],[138.808,28.0],[138.5,27.73],[138.0,27.477],[137.481,28.25],[137.483,28.75]]]},"properties":{"hvalue":3.0,"color":"#34cc99"}},{"type":"Feature","geometry":{"type":"Polygon","coordinates":[[[133.28,31.0],[132.904,31.75],[133.0,31.966],[133.5,32.179],[134.0,32.209],[134.5,32.132],[134.841,32.0],[134.971,31.75],[134.702,31.25],[134.25,30.918],[133.75,30.706],[133.5,30.763],[133.28,31.0]]]},"properties":{"hvalue":3.0,"color":"#34cc99"}},{"type":"Feature","geometry":{"type":"Polygon","coordinates":[[[138.124,31.5],[137.554,31.75],[137.482,32.0],[137.691,32.25],[138.1,32.5],[138.5,32.577],[138.75,32.517],[139.0,32.285],[139.5,32.063],[139.734,31.75],[139.758,31.5],[139.25,30.841],[138.75,30.473],[138.5,30.63],[138.351,31.25],[138.124,31.5]]]},"properties":{"hvalue":3.0,"color":"#34cc99"}},{"type":"Feature","geometry":{"type":"Polygon","coordinates":[[[129.25,39.851],[129.75,39.802],[130.059,39.5],[129.511,39.25],[128.75,39.177],[128.52,39.25],[128.516,39.5],[128.75,39.648],[129.25,39.851]]]},"properties":{"hvalue":3.0,"color":"#34cc99"}},{"type":"Feature","geometry":{"type":"Polygon","coordinates":[[[129.726,40.25],[130.0,40.273],[130.034,40.25],[129.75,40.163],[129.726,40.25]]]},"properties":{"hvalue":3.0,"color":"#34cc99"}},{"type":"Feature","geometry":{"type":"Polygon","coordinates":[[[152.0,36.899],[151.663,37.25],[151.95,37.75],[150.25,37.94],[147.75,37.126],[147.25,36.666],[147.0,36.634],[146.75,36.718],[146.687,36.75],[146.75,37.035],[146.5,37.039],[145.784,36.75],[145.47,36.5],[145.52,37.0],[145.929,37.75],[146.25,38.109],[146.515,38.25],[146.691,38.5],[146.854,39.5],[146.57,40.75],[146.171,41.25],[146.081,41.5],[146.108,42.0],[145.503,42.75],[145.711,43.0],[146.0,43.123],[146.464,43.5],[146.75,43.5],[147.0,43.75],[146.904,43.846],[146.838,44.25],[147.1,44.5],[147.25,44.5],[147.5,44.75],[148.0,44.75],[148.466,45.284],[148.75,45.25],[149.0,45.5],[148.927,45.573],[149.0,45.675],[149.25,45.712],[149.631,45.619],[149.748,45.502],[149.622,45.25],[149.648,44.75],[149.225,44.0],[149.123,43.5],[149.25,43.21],[150.0,42.466],[150.798,41.0],[150.559,40.5],[150.675,40.0],[151.5,39.766],[152.0,39.535],[152.5,39.524],[153.25,39.634],[154.75,40.092],[155.292,40.5],[156.25,40.943],[157.0,40.756],[157.25,40.856],[157.915,41.25],[158.403,42.5],[158.418,43.0],[158.882,43.25],[158.864,43.5],[158.653,44.0],[158.37,44.25],[157.75,45.279],[157.25,45.589],[156.75,45.711],[156.0,46.039],[154.5,46.376],[153.0,46.564],[151.25,46.462],[150.763,46.25],[149.878,45.628],[150.25,46.0],[150.178,46.072],[150.5,46.186],[150.859,46.5],[151.0,46.782],[151.25,46.917],[152.0,46.813],[152.25,47.047],[153.0,47.29],[154.25,47.509],[155.515,47.5],[155.245,47.25],[155.444,47.0],[156.379,46.75],[158.268,46.0],[159.603,44.75],[160.126,44.0],[160.107,42.75],[159.821,42.25],[159.48,42.0],[159.472,41.75],[159.052,41.0],[159.159,40.25],[158.75,39.722],[158.25,39.446],[157.5,39.459],[157.37,39.25],[157.624,39.0],[157.788,38.5],[157.211,38.0],[157.0,37.698],[156.596,37.5],[156.678,37.25],[156.5,37.155],[155.75,37.496],[155.5,37.525],[154.5,37.408],[154.007,37.25],[153.12,36.5],[152.5,36.201],[152.25,36.459],[152.0,36.899]]]},"properties":{"hvalue":3.0,"color":"#34cc99"}},{"type":"Feature","geometry":{"type":"Polygon","coordinates":[[[146.77,51.75],[146.712,51.75],[146.75,51.804],[146.77,51.75]]]},"properties":{"hvalue":3.0,"color":"#34cc99"}},{"type":"Feature","geometry":{"type":"Polygon","coordinates":[[[148.5,52.533],[148.77,52.5],[148.885,52.25],[148.653,52.0],[147.71,51.75],[147.671,52.0],[148.0,52.437],[148.5,52.533]]]},"properties":{"hvalue":3.0,"color":"#34cc99"}},{"type":"Feature","geometry":{"type":"Polygon","coordinates":[[[-177.069,-53.0],[-176.25,-52.72],[-175.25,-52.584],[-174.5,-52.341],[-173.5,-52.294],[-171.75,-52.354],[-169.865,-52.75],[-169.494,-53.0],[-169.288,-53.25],[-169.203,-53.75],[-169.75,-53.893],[-171.75,-53.917],[-174.0,-53.674],[-176.75,-53.947],[-177.054,-53.75],[-177.228,-53.25],[-177.069,-53.0]]]},"properties":{"hvalue":4.0,"color":"#6bff6b"}},{"type":"Feature","geometry":{"type":"Polygon","coordinates":[[[-143.332,-57.75],[-144.75,-57.59],[-146.0,-57.056],[-147.25,-55.882],[-147.75,-55.564],[-148.0,-55.503],[-149.25,-55.669],[-150.5,-55.562],[-152.5,-55.708],[-153.75,-55.928],[-155.5,-55.706],[-156.75,-56.055],[-157.927,-56.0],[-158.25,-55.597],[-158.75,-55.259],[-159.3,-54.75],[-159.44,-54.5],[-159.27,-54.25],[-159.25,-53.895],[-159.5,-53.627],[-160.0,-53.49],[-160.271,-52.75],[-160.892,-52.0],[-160.805,-51.5],[-160.193,-50.75],[-160.139,-50.5],[-159.16,-50.0],[-159.5,-49.921],[-160.0,-49.976],[-161.25,-50.375],[-161.5,-50.377],[-161.739,-50.25],[-160.343,-48.75],[-159.466,-47.25],[-158.542,-46.25],[-156.371,-44.75],[-155.793,-44.25],[-155.382,-43.75],[-154.289,-43.0],[-153.75,-42.748],[-149.75,-41.656],[-148.75,-41.254],[-146.25,-40.939],[-143.25,-41.273],[-141.75,-41.646],[-139.75,-41.875],[-138.75,-41.685],[-138.376,-41.5],[-138.25,-41.238],[-138.0,-41.156],[-137.563,-41.25],[-135.75,-41.952],[-135.5,-42.002],[-134.5,-41.942],[-133.75,-42.077],[-132.5,-42.459],[-131.5,-42.563],[-130.613,-43.0],[-130.223,-43.5],[-129.75,-43.589],[-129.5,-43.529],[-129.25,-43.348],[-129.0,-43.396],[-128.75,-43.678],[-128.25,-44.56],[-128.042,-44.75],[-127.482,-45.0],[-127.297,-45.25],[-127.35,-45.5],[-126.49,-45.75],[-125.92,-46.25],[-125.301,-47.0],[-124.945,-47.25],[-124.924,-47.5],[-125.351,-48.0],[-125.678,-48.25],[-126.0,-48.772],[-126.444,-49.0],[-126.537,-49.25],[-127.5,-49.781],[-127.98,-50.25],[-128.931,-50.75],[-132.25,-51.18],[-134.25,-52.147],[-135.75,-52.553],[-136.019,-52.75],[-136.327,-53.25],[-136.613,-53.5],[-137.5,-54.138],[-138.75,-54.836],[-139.274,-55.25],[-139.474,-55.5],[-139.541,-55.75],[-139.994,-56.25],[-139.756,-56.75],[-139.838,-57.0],[-141.25,-57.463],[-142.25,-58.026],[-142.917,-58.0],[-143.332,-57.75]]]},"properties":{"hvalue":4.0,"color":"#6bff6b"}},{"type":"Feature","geometry":{"type":"Polygon","coordinates":[[[-71.138,-59.25],[-71.48,-59.0],[-72.25,-58.699],[-72.75,-58.659],[-73.118,-58.75],[-73.25,-58.889],[-73.503,-58.75],[-73.579,-58.5],[-72.924,-58.25],[-72.779,-57.75],[-72.391,-57.5],[-72.0,-57.386],[-71.0,-56.892],[-70.44,-56.75],[-69.669,-56.25],[-68.793,-56.0],[-67.504,-55.996],[-67.0,-56.142],[-66.25,-56.131],[-64.743,-55.75],[-63.75,-55.647],[-62.0,-55.235],[-61.5,-55.226],[-61.0,-55.332],[-60.25,-55.08],[-59.598,-55.0],[-59.5,-54.823],[-59.0,-54.634],[-58.817,-54.5],[-58.692,-54.25],[-59.0,-54.131],[-59.11,-54.0],[-57.195,-52.5],[-56.959,-52.25],[-56.747,-51.75],[-54.75,-49.65],[-52.951,-48.5],[-52.0,-48.257],[-50.75,-47.696],[-50.25,-47.43],[-49.741,-47.0],[-49.578,-46.5],[-49.848,-46.0],[-50.0,-45.5],[-49.705,-45.0],[-50.295,-44.75],[-50.25,-44.399],[-49.25,-44.615],[-48.75,-44.523],[-48.036,-44.25],[-47.712,-44.0],[-47.598,-43.75],[-47.526,-43.5],[-47.796,-43.25],[-47.645,-43.0],[-46.676,-42.5],[-45.445,-41.5],[-45.0,-41.254],[-44.75,-41.212],[-43.75,-41.326],[-42.75,-40.901],[-41.947,-40.25],[-41.926,-40.0],[-42.0,-39.929],[-42.25,-39.941],[-43.25,-40.329],[-43.627,-40.25],[-43.677,-40.0],[-43.197,-39.5],[-43.0,-39.391],[-42.5,-39.403],[-42.0,-39.598],[-40.75,-39.345],[-40.64,-39.5],[-40.845,-40.0],[-40.75,-40.237],[-40.5,-40.285],[-40.25,-40.734],[-39.0,-40.811],[-38.748,-40.75],[-38.5,-40.315],[-38.231,-39.5],[-37.5,-38.699],[-37.311,-38.75],[-37.412,-39.25],[-37.106,-39.25],[-36.25,-38.841],[-36.096,-39.0],[-35.882,-39.5],[-35.25,-39.735],[-35.0,-39.43],[-34.75,-39.428],[-34.5,-39.675],[-34.0,-39.506],[-33.5,-39.205],[-33.0,-38.779],[-32.75,-38.681],[-31.5,-38.694],[-31.183,-39.0],[-31.16,-39.25],[-31.25,-39.506],[-31.0,-39.637],[-30.0,-39.414],[-29.25,-39.691],[-28.0,-39.642],[-27.39,-39.75],[-27.357,-40.0],[-27.25,-40.091],[-26.407,-40.5],[-26.435,-40.75],[-26.59,-41.0],[-27.0,-41.358],[-27.612,-41.5],[-27.5,-41.628],[-27.296,-41.75],[-27.0,-41.766],[-26.25,-41.544],[-26.0,-41.613],[-25.929,-41.75],[-26.031,-42.0],[-26.006,-42.25],[-25.833,-42.5],[-25.25,-42.67],[-23.5,-42.61],[-23.131,-42.75],[-22.75,-43.085],[-22.662,-43.25],[-23.125,-44.0],[-23.098,-44.25],[-23.0,-44.381],[-22.72,-44.5],[-22.594,-44.75],[-22.533,-45.0],[-22.678,-45.25],[-23.0,-45.303],[-23.125,-45.25],[-23.331,-45.0],[-23.354,-44.75],[-23.5,-44.521],[-23.695,-44.75],[-24.129,-45.0],[-24.269,-45.25],[-24.488,-46.0],[-24.25,-46.188],[-23.891,-46.25],[-23.75,-46.445],[-22.25,-46.591],[-21.75,-46.559],[-21.0,-46.139],[-20.25,-46.047],[-20.0,-45.947],[-19.75,-45.717],[-18.914,-45.25],[-18.75,-45.067],[-18.5,-45.02],[-18.143,-45.25],[-18.098,-46.0],[-18.168,-46.25],[-18.457,-46.5],[-19.231,-46.75],[-19.75,-47.237],[-20.0,-47.312],[-21.0,-47.072],[-21.5,-47.138],[-21.842,-47.5],[-21.901,-47.75],[-22.949,-48.5],[-22.852,-48.75],[-22.46,-49.0],[-22.464,-49.25],[-22.273,-49.5],[-22.101,-50.0],[-21.784,-50.25],[-21.679,-50.5],[-21.682,-51.0],[-21.817,-51.25],[-21.514,-51.5],[-21.5,-51.762],[-21.75,-51.886],[-22.0,-51.894],[-22.371,-51.75],[-21.87,-51.5],[-22.144,-51.25],[-22.011,-51.0],[-22.043,-50.75],[-22.5,-50.697],[-23.318,-51.0],[-23.271,-51.25],[-22.689,-51.75],[-23.0,-52.028],[-23.25,-52.094],[-23.75,-51.932],[-24.5,-51.856],[-25.5,-51.902],[-25.814,-52.0],[-25.955,-52.25],[-25.981,-52.5],[-26.5,-52.841],[-29.0,-52.914],[-30.0,-52.681],[-30.5,-52.655],[-30.75,-52.723],[-31.0,-52.988],[-31.25,-53.101],[-31.891,-53.25],[-34.5,-53.335],[-37.243,-53.75],[-37.75,-53.75],[-38.179,-54.0],[-38.0,-54.208],[-37.811,-54.25],[-37.977,-54.5],[-39.071,-55.25],[-39.516,-55.75],[-39.209,-56.25],[-39.364,-56.5],[-39.894,-56.75],[-44.25,-57.636],[-45.0,-57.719],[-46.0,-57.972],[-48.5,-57.931],[-49.75,-57.785],[-51.0,-58.05],[-51.645,-58.0],[-51.591,-57.75],[-51.75,-57.698],[-53.5,-57.529],[-54.127,-57.25],[-54.0,-57.108],[-53.609,-57.0],[-54.75,-56.96],[-55.5,-57.299],[-56.25,-57.328],[-56.673,-57.25],[-56.281,-57.0],[-56.75,-56.787],[-57.5,-56.714],[-59.25,-56.822],[-60.0,-56.755],[-60.25,-56.83],[-60.427,-57.0],[-60.926,-57.25],[-62.5,-57.451],[-64.25,-57.931],[-65.04,-58.25],[-65.844,-58.75],[-67.074,-59.0],[-67.66,-59.25],[-68.0,-59.548],[-68.5,-59.489],[-69.25,-59.681],[-69.75,-59.64],[-70.25,-59.75],[-70.75,-59.756],[-71.274,-59.5],[-71.138,-59.25]]]},"properties":{"hvalue":4.0,"color":"#6bff6b"}},{"type":"Feature","geometry":{"type":"Polygon","coordinates":[[[-21.203,-45.0],[-20.25,-44.722],[-20.02,-44.75],[-19.938,-45.25],[-20.25,-45.344],[-20.75,-45.292],[-21.203,-45.0]]]},"properties":{"hvalue":4.0,"color":"#6bff6b"}},{"type":"Feature","geometry":{"type":"Polygon","coordinates":[[[-159.715,22.25],[-159.5,22.46],[-159.235,22.25],[-159.329,22.079],[-159.395,22.145],[-159.342,22.25],[-159.5,22.379],[-159.715,22.25]]]},"properties":{"hvalue":4.0,"color":"#6bff6b"}},{"type":"Feature","geometry":{"type":"Polygon","coordinates":[[[-161.0,19.518],[-161.75,19.394],[-162.25,19.498],[-163.5,19.466],[-163.75,19.57],[-163.918,19.75],[-164.969,20.25],[-165.818,22.0],[-165.862,22.25],[-165.733,23.0],[-165.5,23.358],[-164.837,23.5],[-164.997,24.0],[-164.9,24.25],[-164.0,25.324],[-163.5,26.252],[-163.0,26.357],[-162.5,26.351],[-161.886,25.75],[-161.5,25.644],[-161.25,25.726],[-161.0,25.933],[-160.781,26.25],[-160.473,26.5],[-160.0,26.697],[-159.483,26.75],[-159.28,27.0],[-159.248,27.25],[-159.0,27.359],[-158.75,27.284],[-158.611,27.0],[-158.0,26.515],[-157.678,25.5],[-157.701,25.0],[-157.531,24.75],[-157.189,24.5],[-157.432,24.0],[-157.218,23.25],[-157.39,22.5],[-157.543,22.25],[-158.376,21.624],[-157.936,22.5],[-157.893,22.75],[-158.0,23.181],[-158.5,23.595],[-159.0,24.347],[-159.415,24.75],[-160.0,24.978],[-161.25,24.693],[-162.25,24.359],[-162.75,24.499],[-163.5,24.089],[-163.832,23.75],[-163.938,23.5],[-164.095,22.75],[-164.019,22.25],[-163.5,21.045],[-163.0,20.764],[-161.5,20.601],[-161.0,20.828],[-160.75,20.836],[-159.75,20.487],[-159.25,20.439],[-159.0,20.506],[-158.75,20.725],[-158.325,21.325],[-158.25,21.25],[-158.0,21.25],[-157.5,21.435],[-157.301,21.25],[-157.201,20.799],[-157.25,20.75],[-157.0,20.5],[-156.905,20.595],[-156.683,20.5],[-156.693,20.25],[-157.5,19.456],[-158.0,19.117],[-158.25,19.047],[-159.0,19.133],[-159.75,19.078],[-160.5,19.443],[-161.0,19.518]]]},"properties":{"hvalue":4.0,"color":"#6bff6b"}},{"type":"Feature","geometry":{"type":"Polygon","coordinates":[[[-165.25,23.724],[-165.25,23.782],[-165.216,23.75],[-165.25,23.724]]]},"properties":{"hvalue":4.0,"color":"#6bff6b"}},{"type":"Feature","geometry":{"type":"Polygon","coordinates":[[[-129.5,25.892],[-129.385,25.75],[-129.5,25.671],[-129.527,25.75],[-129.5,25.892]]]},"properties":{"hvalue":4.0,"color":"#6bff6b"}},{"type":"Feature","geometry":{"type":"Polygon","coordinates":[[[-129.199,25.25],[-129.165,26.25],[-128.5,26.659],[-128.25,26.782],[-127.5,26.909],[-126.75,26.942],[-126.5,26.885],[-126.24,26.75],[-126.039,26.5],[-125.959,26.25],[-126.213,25.75],[-127.0,25.737],[-127.5,25.609],[-128.25,24.803],[-128.5,24.769],[-128.75,24.839],[-129.199,25.25]]]},"properties":{"hvalue":4.0,"color":"#6bff6b"}},{"type":"Feature","geometry":{"type":"Polygon","coordinates":[[[-154.75,25.543],[-154.893,26.0],[-154.901,26.75],[-154.5,27.404],[-154.25,27.57],[-152.5,27.638],[-152.0,27.436],[-151.217,26.75],[-151.114,26.5],[-150.962,25.5],[-151.25,25.293],[-152.75,24.834],[-153.25,24.796],[-154.079,25.0],[-154.75,25.543]]]},"properties":{"hvalue":4.0,"color":"#6bff6b"}},{"type":"Feature","geometry":{"type":"Polygon","coordinates":[[[-15.629,53.0],[-16.429,53.75],[-16.41,54.0],[-16.0,54.308],[-14.972,54.75],[-14.75,55.937],[-14.568,56.25],[-14.547,56.5],[-13.737,57.5],[-13.556,58.0],[-12.25,59.595],[-11.25,59.972],[-10.75,60.052],[-10.25,60.037],[-9.5,59.853],[-8.25,59.82],[-6.75,59.321],[-6.199,58.75],[-6.499,58.5],[-6.75,58.5],[-7.0,58.337],[-7.603,57.5],[-7.541,57.25],[-7.615,56.75],[-7.5,56.643],[-7.0,56.513],[-6.5,56.15],[-6.409,56.0],[-6.5,56.0],[-6.75,55.75],[-6.521,55.521],[-7.75,55.5],[-7.831,55.419],[-8.5,55.25],[-9.0,54.75],[-8.939,54.689],[-9.0,54.614],[-10.0,54.5],[-10.25,54.336],[-10.678,53.5],[-11.0,53.363],[-12.25,53.21],[-13.5,53.223],[-14.25,53.123],[-14.75,52.765],[-14.86,52.5],[-15.0,52.399],[-15.25,52.469],[-15.629,53.0]]]},"properties":{"hvalue":4.0,"color":"#6bff6b"}},{"type":"Feature","geometry":{"type":"Polygon","coordinates":[[[0.994,-51.5],[0.75,-51.719],[0.5,-51.576],[0.38,-51.25],[0.5,-51.053],[0.75,-51.045],[0.994,-51.5]]]},"properties":{"hvalue":4.0,"color":"#6bff6b"}},{"type":"Feature","geometry":{"type":"Polygon","coordinates":[[[41.764,-50.0],[41.25,-50.076],[40.917,-50.0],[41.5,-49.956],[41.764,-50.0]]]},"properties":{"hvalue":4.0,"color":"#6bff6b"}},{"type":"Feature","geometry":{"type":"Polygon","coordinates":[[[69.0,-49.657],[69.455,-49.705],[69.0,-49.73],[68.794,-49.5],[68.773,-49.273],[69.0,-49.657]]]},"properties":{"hvalue":4.0,"color":"#6bff6b"}},{"type":"Feature","geometry":{"type":"Polygon","coordinates":[[[70.471,-49.5],[70.61,-49.25],[70.5,-49.0],[70.25,-48.736],[69.75,-48.619],[69.0,-48.631],[68.8,-48.95],[68.797,-48.75],[69.0,-48.547],[69.75,-48.453],[70.25,-48.494],[71.038,-48.75],[71.21,-49.0],[71.147,-49.25],[70.792,-49.5],[70.25,-49.71],[69.535,-49.715],[69.595,-49.655],[70.25,-49.629],[70.471,-49.5]]]},"properties":{"hvalue":4.0,"color":"#6bff6b"}},{"type":"Feature","geometry":{"type":"Polygon","coordinates":[[[43.25,-48.966],[43.389,-49.0],[43.168,-49.0],[43.25,-48.966]]]},"properties":{"hvalue":4.0,"color":"#6bff6b"}},{"type":"Feature","geometry":{"type":"Polygon","coordinates":[[[6.25,-51.524],[4.75,-51.061],[4.0,-51.268],[3.0,-51.361],[2.5,-51.36],[2.25,-51.281],[1.755,-50.75],[1.25,-50.403],[0.966,-50.0],[0.75,-49.471],[0.484,-49.25],[-0.345,-49.0],[-1.75,-48.954],[-3.0,-49.114],[-3.525,-49.25],[-4.0,-49.59],[-5.0,-49.785],[-5.5,-49.672],[-6.034,-49.25],[-6.5,-49.121],[-7.0,-48.863],[-8.234,-47.75],[-8.872,-46.75],[-9.699,-46.25],[-10.802,-45.25],[-10.814,-44.75],[-11.5,-44.498],[-12.75,-44.284],[-13.581,-44.0],[-13.761,-43.5],[-14.5,-42.972],[-15.588,-41.75],[-15.914,-41.5],[-17.5,-40.785],[-18.25,-40.734],[-18.691,-40.5],[-19.068,-40.0],[-18.893,-39.75],[-18.87,-39.5],[-18.99,-39.25],[-19.75,-39.191],[-19.972,-39.0],[-19.807,-38.75],[-19.057,-38.25],[-18.902,-38.0],[-19.38,-37.5],[-19.484,-37.25],[-19.422,-37.0],[-19.209,-36.75],[-19.167,-36.25],[-18.946,-36.0],[-18.75,-35.911],[-14.75,-35.491],[-13.75,-35.152],[-13.583,-35.0],[-13.75,-34.503],[-14.0,-34.342],[-14.25,-34.295],[-15.25,-34.485],[-15.5,-34.449],[-15.741,-34.25],[-15.659,-34.0],[-15.75,-33.935],[-16.5,-34.074],[-16.803,-34.0],[-16.997,-33.75],[-16.731,-33.25],[-15.713,-32.75],[-15.261,-32.0],[-14.75,-31.78],[-14.412,-31.75],[-14.25,-31.831],[-14.022,-32.25],[-14.087,-32.5],[-14.811,-33.0],[-15.25,-33.594],[-15.5,-33.785],[-14.75,-33.637],[-14.0,-33.824],[-13.5,-33.786],[-12.25,-33.019],[-11.5,-32.864],[-11.0,-32.975],[-10.39,-33.5],[-10.354,-33.75],[-11.003,-34.0],[-11.538,-34.5],[-12.293,-35.0],[-12.45,-35.25],[-12.25,-35.516],[-11.75,-35.471],[-10.5,-34.883],[-9.949,-34.75],[-9.704,-34.5],[-9.674,-34.25],[-9.5,-34.05],[-9.0,-33.998],[-8.5,-34.082],[-7.0,-34.822],[-5.807,-35.75],[-4.94,-36.25],[-4.25,-37.02],[-3.386,-37.5],[-3.01,-38.0],[-2.004,-38.5],[-1.0,-39.325],[-0.25,-39.789],[0.25,-39.986],[1.25,-40.083],[1.75,-40.226],[2.5,-40.5],[3.75,-41.149],[4.75,-41.406],[5.75,-41.814],[8.75,-42.117],[9.02,-42.25],[9.116,-42.75],[9.25,-42.824],[10.506,-43.25],[10.75,-43.491],[11.0,-43.519],[11.25,-43.412],[11.581,-43.5],[11.826,-43.75],[11.539,-44.0],[12.604,-44.25],[12.942,-44.75],[12.997,-45.0],[14.0,-45.693],[14.487,-46.0],[16.0,-46.596],[16.75,-47.054],[17.395,-47.25],[17.725,-47.5],[17.677,-48.0],[17.308,-48.25],[17.5,-48.3],[18.069,-48.75],[17.25,-49.928],[16.75,-50.37],[16.5,-50.456],[14.0,-50.282],[12.5,-50.098],[12.0,-50.135],[11.5,-50.311],[11.201,-51.0],[11.0,-51.165],[10.5,-51.329],[9.25,-51.439],[8.75,-51.683],[6.25,-51.524]]]},"properties":{"hvalue":4.0,"color":"#6bff6b"}},{"type":"Feature","geometry":{"type":"Polygon","coordinates":[[[6.826,-40.5],[8.0,-40.197],[8.116,-40.25],[8.178,-40.5],[8.0,-40.733],[7.75,-40.871],[7.161,-40.75],[6.826,-40.5]]]},"properties":{"hvalue":4.0,"color":"#6bff6b"}},{"type":"Feature","geometry":{"type":"Polygon","coordinates":[[[49.0,-25.781],[48.944,-25.75],[49.0,-25.486],[49.022,-25.5],[49.0,-25.781]]]},"properties":{"hvalue":4.0,"color":"#6bff6b"}},{"type":"Feature","geometry":{"type":"Polygon","coordinates":[[[49.474,-24.25],[49.5,-24.067],[49.652,-24.5],[49.649,-24.75],[49.5,-25.031],[49.25,-25.271],[49.134,-24.75],[49.164,-24.5],[49.474,-24.25]]]},"properties":{"hvalue":4.0,"color":"#6bff6b"}},{"type":"Feature","geometry":{"type":"Polygon","coordinates":[[[74.003,-53.0],[73.5,-53.205],[73.25,-53.127],[73.137,-53.0],[73.25,-52.84],[73.5,-52.781],[74.003,-53.0]]]},"properties":{"hvalue":4.0,"color":"#6bff6b"}},{"type":"Feature","geometry":{"type":"Polygon","coordinates":[[[163.25,-49.498],[163.257,-49.5],[163.242,-49.5],[163.25,-49.498]]]},"properties":{"hvalue":4.0,"color":"#6bff6b"}},{"type":"Feature","geometry":{"type":"Polygon","coordinates":[[[147.241,-43.741],[146.759,-43.741],[147.0,-43.667],[147.241,-43.741]]]},"properties":{"hvalue":4.0,"color":"#6bff6b"}},{"type":"Feature","geometry":{"type":"Polygon","coordinates":[[[135.311,-64.0],[132.5,-63.842],[130.5,-64.108],[129.0,-64.078],[127.25,-64.196],[121.567,-63.75],[120.5,-63.49],[120.0,-63.177],[119.524,-63.0],[119.407,-62.75],[118.75,-62.68],[118.516,-62.5],[116.5,-62.292],[114.75,-62.215],[112.881,-61.75],[111.75,-61.256],[111.25,-61.197],[108.75,-61.284],[108.5,-61.265],[108.25,-61.097],[107.25,-61.039],[106.25,-61.499],[106.0,-61.529],[104.75,-61.331],[102.5,-61.277],[102.0,-61.379],[101.89,-61.5],[100.25,-61.864],[99.728,-61.75],[99.911,-61.5],[100.0,-61.114],[100.148,-61.0],[100.0,-60.911],[99.938,-60.75],[99.5,-60.571],[98.5,-60.52],[98.0,-60.365],[96.5,-60.374],[94.0,-60.546],[92.924,-61.0],[92.5,-61.084],[92.25,-61.097],[91.75,-60.838],[91.25,-60.791],[89.644,-61.0],[88.5,-61.009],[88.25,-60.954],[88.0,-60.623],[86.564,-60.25],[86.673,-60.0],[86.635,-59.75],[86.5,-59.591],[84.5,-59.053],[83.75,-58.628],[83.5,-58.564],[81.75,-58.341],[79.256,-58.25],[77.25,-57.964],[75.0,-57.929],[74.5,-57.815],[73.903,-57.5],[73.0,-57.365],[66.25,-57.281],[64.75,-56.85],[63.75,-56.164],[63.25,-56.027],[62.5,-56.07],[61.0,-56.317],[60.25,-56.306],[59.423,-56.5],[59.25,-56.361],[59.125,-56.0],[58.928,-55.75],[58.5,-55.671],[57.0,-55.83],[55.75,-55.87],[55.0,-56.0],[53.5,-56.017],[51.75,-56.223],[51.13,-56.75],[50.25,-57.244],[45.977,-58.0],[45.25,-58.247],[44.0,-58.877],[43.0,-58.834],[40.0,-59.222],[38.25,-59.846],[36.93,-60.5],[35.83,-60.75],[33.5,-60.935],[32.75,-60.808],[31.25,-60.268],[30.5,-60.107],[30.0,-60.151],[29.75,-60.255],[28.5,-60.317],[28.0,-60.469],[27.014,-59.5],[26.208,-59.0],[25.683,-58.5],[25.368,-58.0],[24.121,-56.75],[23.425,-55.75],[23.45,-55.5],[24.164,-54.5],[24.845,-54.0],[24.976,-53.5],[24.888,-53.25],[24.163,-52.75],[24.629,-52.5],[26.0,-52.391],[26.568,-52.25],[26.5,-52.106],[26.0,-51.882],[25.95,-51.75],[26.518,-51.5],[27.25,-51.422],[27.776,-51.75],[28.5,-51.823],[28.924,-51.75],[28.892,-51.5],[28.024,-51.0],[28.016,-50.75],[28.5,-50.371],[29.5,-50.191],[30.5,-49.821],[32.5,-49.591],[33.097,-49.25],[33.5,-49.133],[34.75,-49.148],[35.25,-49.071],[35.404,-49.0],[35.265,-48.75],[35.333,-48.25],[36.75,-47.741],[37.0,-47.697],[38.5,-47.903],[39.162,-47.75],[39.522,-47.5],[39.5,-47.25],[40.369,-47.0],[40.859,-46.25],[41.75,-46.019],[42.25,-45.622],[43.5,-45.096],[44.0,-44.796],[44.217,-44.5],[44.25,-44.231],[45.0,-43.901],[46.647,-43.5],[47.5,-43.024],[48.5,-42.641],[48.777,-42.5],[49.554,-41.75],[49.5,-41.482],[48.75,-41.5],[49.225,-41.75],[47.5,-42.506],[46.75,-42.689],[46.438,-42.5],[46.5,-42.245],[46.069,-42.0],[46.216,-41.75],[45.509,-41.25],[45.527,-40.75],[45.25,-40.31],[44.5,-39.682],[43.983,-39.5],[43.885,-39.25],[43.958,-39.0],[44.25,-38.627],[44.75,-38.476],[45.5,-38.48],[45.75,-38.246],[46.724,-36.5],[46.785,-36.0],[46.684,-35.5],[46.5,-35.234],[46.25,-35.054],[44.917,-34.5],[44.605,-34.25],[44.725,-33.75],[44.5,-33.0],[44.0,-32.61],[43.534,-31.75],[43.285,-31.5],[42.75,-31.214],[42.0,-31.135],[41.839,-31.0],[41.75,-30.692],[41.326,-30.25],[41.197,-30.0],[41.464,-29.5],[41.406,-29.25],[41.25,-29.041],[40.75,-28.973],[40.25,-29.205],[39.75,-29.241],[39.0,-29.706],[38.75,-29.768],[38.5,-29.695],[38.373,-29.5],[38.368,-29.0],[38.729,-27.75],[37.75,-25.424],[37.184,-25.0],[36.828,-24.5],[36.75,-24.238],[36.6,-24.5],[36.254,-24.75],[36.0,-24.81],[35.746,-24.75],[35.621,-24.5],[35.636,-24.25],[35.891,-23.5],[36.0,-22.666],[36.25,-22.001],[36.259,-21.0],[36.373,-20.5],[36.5,-20.159],[36.75,-19.872],[37.0,-19.724],[37.5,-18.667],[37.75,-18.569],[38.0,-18.701],[38.25,-19.192],[38.75,-19.641],[39.0,-19.693],[39.75,-19.246],[40.25,-19.599],[40.5,-19.596],[41.0,-19.387],[41.25,-19.393],[41.5,-19.754],[41.798,-20.5],[42.0,-20.691],[42.75,-20.866],[43.0,-21.321],[43.039,-22.25],[43.25,-22.716],[43.25,-23.0],[43.335,-23.085],[43.5,-23.884],[43.5,-24.25],[43.75,-24.5],[43.75,-24.75],[44.25,-25.25],[44.697,-25.447],[45.0,-25.75],[45.5,-25.75],[45.75,-25.5],[46.0,-25.5],[46.25,-25.25],[47.0,-25.25],[47.25,-25.0],[47.25,-24.882],[47.5,-24.5],[47.924,-23.25],[48.084,-22.416],[48.25,-22.25],[48.33,-21.67],[48.5,-21.5],[48.5,-21.135],[48.75,-20.586],[49.0,-20.267],[50.25,-20.044],[52.0,-19.458],[52.25,-19.412],[52.69,-19.5],[53.25,-19.927],[53.5,-20.014],[54.0,-20.076],[54.75,-19.889],[55.0,-19.974],[55.162,-20.5],[55.05,-20.75],[55.061,-21.0],[55.5,-21.5],[55.75,-21.5],[56.0,-21.25],[55.949,-21.199],[56.0,-21.079],[56.5,-20.593],[57.0,-20.465],[57.312,-20.562],[57.5,-20.75],[58.0,-20.386],[58.5,-20.208],[63.75,-21.407],[64.25,-21.373],[65.0,-21.546],[66.5,-21.58],[66.75,-21.707],[67.02,-22.0],[67.75,-22.187],[68.032,-22.5],[68.5,-22.827],[69.5,-22.994],[70.0,-23.574],[70.5,-23.704],[70.75,-23.881],[70.982,-24.25],[71.187,-25.25],[71.342,-25.5],[71.802,-25.75],[72.0,-26.143],[72.25,-26.415],[73.406,-27.0],[74.0,-27.717],[74.689,-28.25],[76.0,-29.479],[76.762,-30.0],[77.126,-30.5],[78.328,-31.5],[79.252,-32.5],[81.0,-33.682],[81.594,-34.25],[83.0,-35.141],[83.5,-35.333],[84.25,-35.399],[85.25,-35.23],[86.038,-35.25],[88.5,-36.645],[90.25,-37.242],[91.075,-37.75],[92.5,-38.259],[93.25,-38.397],[94.75,-39.015],[95.75,-39.186],[96.802,-39.75],[97.443,-40.25],[97.75,-40.387],[99.25,-40.849],[100.5,-41.446],[101.75,-41.736],[102.361,-42.0],[103.5,-42.327],[105.0,-42.45],[106.25,-42.69],[107.5,-42.732],[108.25,-42.576],[108.5,-42.455],[109.293,-41.75],[109.704,-41.25],[109.95,-40.75],[110.72,-40.0],[111.877,-39.5],[111.947,-39.25],[111.5,-39.024],[111.25,-38.982],[109.75,-39.135],[108.444,-39.0],[108.75,-38.714],[109.25,-38.619],[109.75,-38.2],[110.534,-37.75],[110.25,-36.805],[110.0,-36.661],[109.5,-36.662],[109.0,-36.786],[107.75,-37.549],[107.0,-37.601],[106.83,-37.5],[107.25,-37.327],[108.037,-36.25],[109.305,-35.25],[109.508,-35.0],[109.75,-34.873],[110.25,-34.757],[110.75,-34.796],[111.25,-34.602],[112.0,-34.538],[112.5,-34.297],[113.0,-33.825],[113.685,-33.5],[114.25,-33.386],[114.437,-33.5],[114.364,-33.75],[114.625,-34.25],[114.905,-34.5],[115.5,-34.822],[116.5,-35.25],[118.0,-35.25],[119.0,-34.946],[120.25,-34.424],[121.25,-34.213],[123.287,-34.213],[123.5,-34.367],[123.75,-34.371],[124.833,-34.0],[126.0,-33.238],[127.0,-33.063],[128.5,-33.217],[128.75,-33.364],[129.395,-33.5],[129.581,-33.75],[129.52,-34.0],[128.962,-34.5],[128.87,-34.75],[129.25,-34.9],[130.0,-34.823],[130.5,-34.878],[130.554,-35.0],[131.25,-35.555],[132.25,-35.833],[133.0,-36.215],[133.651,-36.75],[135.0,-37.36],[135.5,-37.763],[136.25,-37.828],[137.0,-37.754],[138.75,-38.219],[139.5,-38.667],[140.5,-38.792],[141.25,-39.064],[142.25,-39.071],[143.0,-39.351],[143.5,-39.41],[143.627,-39.5],[143.75,-40.0],[144.5,-40.579],[144.5,-41.25],[144.75,-41.5],[144.75,-41.75],[145.084,-42.084],[145.097,-42.25],[145.25,-42.406],[145.25,-42.75],[145.909,-43.409],[145.621,-43.25],[145.5,-43.012],[145.197,-42.75],[144.909,-42.25],[144.25,-41.712],[143.0,-41.115],[141.75,-40.888],[141.0,-40.66],[139.25,-40.466],[137.25,-40.379],[136.505,-40.25],[135.25,-39.618],[133.5,-39.18],[131.5,-38.479],[129.0,-38.224],[128.25,-37.993],[127.5,-37.957],[126.75,-37.792],[126.5,-37.692],[126.107,-37.25],[125.75,-37.205],[124.75,-37.371],[123.0,-38.136],[122.5,-37.951],[121.69,-38.5],[121.0,-38.638],[119.5,-39.122],[117.648,-40.25],[117.504,-40.5],[117.749,-41.25],[117.983,-41.5],[117.477,-42.0],[117.409,-42.25],[117.202,-42.5],[116.246,-43.0],[115.75,-43.46],[115.596,-43.75],[114.86,-44.25],[114.717,-44.5],[114.5,-44.623],[113.75,-44.771],[113.128,-44.75],[112.652,-44.5],[112.763,-44.25],[112.5,-44.079],[112.0,-43.962],[111.732,-44.0],[111.332,-44.25],[111.116,-44.5],[110.75,-44.619],[110.25,-44.632],[109.75,-44.795],[108.5,-44.903],[107.5,-45.083],[106.0,-45.008],[105.0,-45.315],[104.5,-45.577],[103.733,-45.5],[103.463,-45.25],[103.363,-45.0],[102.75,-44.555],[102.25,-44.388],[100.75,-44.153],[100.317,-44.0],[99.504,-43.5],[98.75,-43.248],[96.0,-41.564],[92.977,-40.25],[91.75,-39.817],[91.0,-39.394],[90.25,-39.141],[89.25,-39.067],[87.5,-39.33],[86.75,-39.258],[85.302,-38.5],[84.75,-37.905],[84.5,-37.761],[83.25,-37.373],[82.5,-36.735],[80.535,-35.5],[79.537,-34.25],[78.0,-33.25],[77.156,-32.25],[75.5,-30.817],[75.02,-30.25],[74.025,-29.75],[73.75,-29.283],[73.204,-29.0],[72.5,-28.194],[71.25,-27.589],[70.5,-26.989],[69.866,-26.75],[69.366,-25.75],[69.0,-25.599],[68.5,-25.213],[68.25,-25.197],[67.75,-25.332],[67.25,-25.047],[67.0,-25.025],[66.684,-24.5],[66.181,-24.0],[66.077,-23.75],[66.071,-23.25],[66.0,-23.114],[65.25,-23.118],[64.25,-23.304],[63.5,-22.806],[63.0,-22.636],[62.444,-22.25],[62.0,-22.115],[61.75,-22.132],[61.25,-22.323],[60.25,-22.161],[59.5,-21.922],[58.25,-21.662],[57.25,-21.512],[55.5,-21.562],[54.5,-21.231],[54.0,-21.458],[53.5,-21.5],[52.5,-21.029],[51.75,-20.987],[51.25,-21.09],[50.75,-21.413],[50.25,-22.208],[49.5,-23.0],[49.407,-23.25],[49.767,-23.5],[49.75,-23.821],[49.5,-23.988],[49.25,-23.555],[48.75,-23.712],[48.5,-23.369],[48.431,-23.5],[48.25,-23.569],[48.0,-23.955],[47.487,-25.0],[47.333,-25.5],[47.408,-25.75],[47.638,-26.0],[47.604,-26.75],[47.448,-27.5],[47.056,-28.25],[47.25,-28.604],[48.0,-28.145],[48.25,-28.06],[48.75,-28.065],[49.561,-28.5],[49.742,-28.75],[50.017,-29.25],[50.046,-29.5],[48.913,-32.0],[48.899,-32.25],[48.992,-32.5],[49.25,-32.579],[50.0,-32.396],[50.5,-32.384],[50.75,-32.568],[50.854,-32.75],[51.297,-33.75],[51.317,-34.25],[50.82,-35.75],[50.499,-36.25],[50.705,-36.5],[51.0,-36.567],[51.261,-36.75],[51.567,-37.25],[51.634,-37.75],[51.75,-37.838],[52.0,-37.845],[53.0,-37.526],[53.25,-37.563],[53.342,-37.75],[53.299,-38.0],[53.059,-38.25],[52.977,-38.75],[52.25,-39.081],[52.0,-38.972],[51.75,-38.966],[51.116,-39.5],[51.02,-40.25],[51.25,-40.48],[51.5,-40.543],[52.0,-40.426],[52.75,-40.397],[53.0,-40.431],[53.25,-40.593],[53.507,-41.0],[53.795,-41.25],[53.535,-41.5],[53.05,-41.75],[52.889,-42.0],[52.934,-42.25],[53.173,-42.5],[52.901,-43.0],[54.75,-43.351],[54.876,-43.5],[55.323,-43.75],[56.019,-44.0],[56.109,-44.25],[55.712,-45.0],[55.663,-45.25],[56.0,-45.678],[56.667,-46.0],[56.347,-46.25],[55.359,-46.75],[54.5,-47.593],[53.949,-47.75],[53.5,-47.762],[53.25,-47.871],[50.75,-48.247],[49.078,-48.0],[48.732,-47.75],[48.701,-47.5],[48.772,-47.25],[48.0,-47.205],[47.5,-47.465],[47.0,-47.438],[46.25,-47.677],[46.0,-47.643],[45.75,-47.749],[45.25,-47.758],[45.095,-48.0],[45.389,-48.25],[44.75,-48.657],[44.25,-48.707],[44.0,-48.573],[43.5,-48.503],[42.5,-48.576],[41.223,-49.0],[40.0,-49.584],[39.5,-49.572],[38.25,-49.781],[38.0,-49.85],[37.0,-50.428],[35.75,-50.753],[34.75,-51.123],[33.25,-51.445],[31.83,-52.25],[31.5,-52.782],[30.5,-53.212],[30.296,-53.75],[29.401,-54.0],[28.868,-54.25],[29.622,-54.5],[29.26,-55.0],[29.372,-55.25],[29.29,-55.5],[28.522,-56.0],[28.462,-56.5],[28.016,-57.5],[28.089,-57.75],[28.057,-58.0],[28.894,-58.5],[29.063,-59.25],[29.5,-59.501],[30.0,-59.573],[32.0,-59.463],[33.75,-59.501],[34.237,-59.25],[35.048,-59.0],[41.5,-57.746],[42.75,-57.353],[44.25,-57.172],[44.75,-57.043],[45.445,-56.75],[46.05,-56.25],[47.5,-55.701],[47.858,-55.5],[48.088,-55.25],[49.519,-55.0],[49.75,-54.699],[50.25,-54.466],[51.0,-54.445],[51.629,-54.25],[51.196,-53.75],[51.256,-53.5],[50.743,-53.0],[50.712,-52.75],[51.25,-52.58],[52.0,-52.195],[53.25,-52.228],[54.25,-51.934],[55.0,-51.834],[55.221,-51.75],[54.959,-51.5],[54.75,-51.488],[54.526,-51.25],[54.75,-51.032],[55.75,-50.937],[56.25,-50.992],[56.594,-51.25],[56.5,-51.407],[56.325,-51.5],[56.739,-52.25],[56.697,-52.5],[56.473,-52.75],[56.75,-52.946],[57.75,-52.984],[58.25,-53.136],[58.75,-53.028],[59.402,-52.75],[59.75,-52.71],[61.0,-52.646],[61.75,-52.74],[63.836,-52.75],[65.75,-53.084],[67.132,-53.5],[67.693,-54.0],[68.25,-54.197],[70.0,-54.314],[71.25,-54.283],[72.25,-54.438],[73.0,-54.7],[75.75,-55.993],[76.5,-56.159],[77.25,-56.447],[80.0,-56.847],[80.75,-56.82],[81.25,-56.699],[81.638,-56.5],[81.739,-56.25],[80.75,-55.342],[80.492,-55.0],[80.439,-54.75],[80.5,-54.357],[80.75,-53.76],[81.0,-53.391],[81.75,-52.685],[82.5,-52.757],[83.0,-52.585],[83.25,-52.87],[83.5,-53.437],[84.069,-53.75],[84.5,-54.549],[84.75,-54.815],[85.397,-55.25],[85.541,-55.75],[86.25,-56.571],[86.5,-56.724],[87.25,-56.944],[89.5,-58.093],[90.5,-57.977],[94.0,-58.978],[95.0,-59.402],[98.0,-59.775],[98.75,-59.655],[99.75,-59.844],[101.0,-59.762],[103.0,-59.887],[104.75,-59.891],[106.5,-59.731],[109.5,-59.601],[112.75,-59.126],[114.0,-59.209],[114.783,-59.5],[114.5,-59.735],[113.648,-60.0],[113.459,-60.25],[113.766,-60.5],[114.671,-61.0],[116.0,-61.628],[117.43,-62.0],[118.5,-62.091],[120.0,-62.348],[122.658,-63.0],[123.014,-63.25],[124.0,-63.425],[129.25,-63.684],[133.75,-63.492],[136.75,-64.103],[137.25,-64.133],[138.25,-63.959],[139.25,-63.904],[139.75,-63.758],[141.0,-63.726],[142.5,-63.564],[144.0,-63.538],[144.75,-63.411],[147.5,-63.264],[149.0,-62.676],[149.867,-62.5],[150.75,-61.959],[150.946,-61.75],[150.864,-61.5],[150.909,-61.25],[151.288,-60.75],[151.918,-60.25],[151.74,-59.75],[151.864,-59.5],[151.883,-59.25],[152.5,-59.17],[152.869,-59.0],[152.799,-58.75],[152.561,-58.5],[152.75,-58.201],[153.5,-58.009],[155.0,-57.831],[156.304,-57.5],[156.481,-57.0],[155.24,-56.75],[155.283,-56.5],[154.744,-56.0],[155.0,-55.559],[155.25,-55.306],[155.75,-55.33],[156.029,-55.25],[155.25,-55.169],[155.0,-54.966],[154.584,-54.25],[154.0,-53.861],[153.636,-53.75],[152.982,-53.25],[153.75,-52.922],[154.5,-52.921],[155.0,-52.555],[156.0,-52.573],[156.415,-52.5],[156.0,-52.331],[155.323,-51.75],[155.322,-51.5],[156.488,-51.0],[157.0,-50.878],[157.75,-50.924],[159.25,-51.526],[160.0,-51.627],[161.0,-51.938],[162.0,-51.945],[162.267,-51.75],[162.159,-51.5],[161.601,-51.25],[161.194,-50.75],[160.101,-50.25],[160.0,-49.993],[159.75,-49.781],[159.25,-49.583],[156.801,-48.25],[156.0,-47.389],[155.405,-47.0],[154.949,-46.25],[154.706,-46.0],[154.602,-45.5],[154.196,-45.25],[149.75,-43.595],[149.0,-43.508],[147.269,-43.731],[147.43,-43.57],[147.75,-43.463],[149.5,-42.917],[150.0,-42.864],[151.0,-43.108],[152.5,-43.769],[153.25,-43.858],[154.0,-44.089],[155.0,-44.178],[155.5,-44.432],[156.25,-44.649],[156.437,-44.75],[156.682,-45.25],[156.916,-45.5],[157.354,-45.75],[157.965,-46.25],[158.224,-46.75],[158.465,-47.0],[159.789,-48.0],[161.486,-49.0],[161.702,-49.25],[162.5,-49.695],[162.75,-49.917],[163.5,-50.009],[163.75,-49.876],[165.5,-51.328],[166.048,-51.5],[166.776,-52.0],[167.546,-52.25],[169.0,-52.94],[170.41,-53.25],[171.25,-53.528],[171.653,-53.75],[171.795,-54.0],[172.0,-54.142],[172.5,-54.345],[173.25,-54.48],[173.315,-54.75],[174.0,-55.25],[174.017,-55.75],[174.246,-56.0],[175.25,-56.256],[176.0,-56.328],[176.75,-56.651],[178.0,-56.75],[178.109,-57.0],[177.977,-57.5],[178.657,-57.75],[178.64,-58.0],[178.5,-58.102],[177.587,-58.5],[176.917,-59.5],[176.453,-60.0],[176.0,-60.153],[174.75,-60.174],[174.0,-60.314],[173.5,-60.311],[172.079,-59.75],[172.211,-59.5],[172.801,-59.25],[172.547,-59.0],[171.87,-58.75],[171.122,-58.25],[171.25,-58.142],[171.718,-58.0],[171.5,-57.656],[171.162,-57.5],[171.255,-57.25],[170.942,-57.0],[170.813,-56.5],[169.723,-56.0],[168.0,-55.824],[166.25,-55.396],[163.564,-54.25],[163.659,-54.0],[163.25,-53.72],[162.5,-53.699],[161.75,-53.57],[161.25,-53.588],[160.25,-53.738],[159.75,-53.919],[159.238,-54.25],[159.0,-54.276],[158.773,-54.5],[158.736,-54.75],[159.0,-54.985],[159.223,-55.0],[159.708,-55.25],[159.966,-55.5],[160.056,-55.75],[160.898,-56.5],[161.334,-56.75],[161.486,-57.25],[161.983,-57.75],[162.115,-58.0],[162.5,-58.168],[163.25,-58.272],[163.979,-58.5],[164.142,-58.75],[164.0,-59.071],[163.25,-59.274],[162.0,-59.159],[161.25,-59.179],[160.0,-59.429],[158.792,-59.5],[158.447,-59.75],[158.521,-60.0],[157.897,-60.25],[157.65,-60.75],[156.25,-61.389],[155.454,-61.5],[154.75,-62.05],[154.301,-62.25],[152.5,-62.648],[151.75,-62.659],[151.25,-62.813],[149.851,-63.0],[145.25,-64.24],[144.0,-64.327],[140.0,-64.287],[138.0,-64.392],[136.75,-64.295],[135.311,-64.0]]]},"properties":{"hvalue":4.0,"color":"#6bff6b"}},{"type":"Feature","geometry":{"type":"Polygon","coordinates":[[[163.915,-39.75],[163.947,-39.25],[164.189,-38.75],[164.75,-38.214],[165.5,-37.902],[166.0,-37.882],[166.33,-38.0],[166.516,-38.25],[166.607,-38.5],[166.573,-38.75],[166.25,-39.721],[165.25,-40.427],[164.75,-40.631],[164.5,-40.596],[164.012,-40.25],[163.915,-39.75]]]},"properties":{"hvalue":4.0,"color":"#6bff6b"}},{"type":"Feature","geometry":{"type":"Polygon","coordinates":[[[107.5,-34.232],[107.53,-34.25],[107.485,-34.25],[107.5,-34.232]]]},"properties":{"hvalue":4.0,"color":"#6bff6b"}},{"type":"Feature","geometry":{"type":"Polygon","coordinates":[[[107.75,-34.177],[107.605,-34.0],[108.0,-33.751],[108.027,-34.0],[107.75,-34.177]]]},"properties":{"hvalue":4.0,"color":"#6bff6b"}},{"type":"Feature","geometry":{"type":"Polygon","coordinates":[[[107.166,-33.5],[106.75,-33.82],[106.5,-33.822],[106.444,-33.75],[106.8,-33.5],[107.0,-33.436],[107.166,-33.5]]]},"properties":{"hvalue":4.0,"color":"#6bff6b"}},{"type":"Feature","geometry":{"type":"Polygon","coordinates":[[[108.25,-33.745],[108.138,-33.5],[108.25,-33.422],[108.5,-33.36],[108.658,-33.5],[108.25,-33.745]]]},"properties":{"hvalue":4.0,"color":"#6bff6b"}},{"type":"Feature","geometry":{"type":"Polygon","coordinates":[[[106.5,-32.56],[106.607,-32.75],[106.25,-33.032],[105.75,-33.113],[105.646,-33.0],[106.0,-32.69],[106.5,-32.56]]]},"properties":{"hvalue":4.0,"color":"#6bff6b"}},{"type":"Feature","geometry":{"type":"Polygon","coordinates":[[[111.748,-29.75],[111.701,-29.5],[112.0,-29.266],[112.5,-29.297],[113.0,-28.962],[113.25,-28.991],[113.572,-29.25],[113.674,-29.5],[113.25,-29.875],[112.663,-30.75],[112.0,-31.168],[111.75,-31.086],[111.622,-30.75],[111.748,-29.75]]]},"properties":{"hvalue":4.0,"color":"#6bff6b"}},{"type":"Feature","geometry":{"type":"Polygon","coordinates":[[[109.619,-28.5],[110.402,-27.75],[110.476,-27.5],[110.75,-27.28],[111.0,-27.284],[111.231,-27.5],[111.286,-28.0],[110.75,-28.289],[110.293,-29.0],[110.0,-29.275],[109.75,-29.345],[109.5,-29.219],[109.408,-29.0],[109.619,-28.5]]]},"properties":{"hvalue":4.0,"color":"#6bff6b"}},{"type":"Feature","geometry":{"type":"Polygon","coordinates":[[[150.675,40.0],[150.559,40.5],[150.798,41.0],[150.0,42.466],[149.25,43.21],[149.123,43.5],[149.225,44.0],[149.648,44.75],[149.622,45.25],[149.733,45.5],[150.763,46.25],[151.25,46.462],[153.0,46.564],[154.5,46.376],[156.141,46.0],[156.75,45.711],[157.25,45.589],[157.79,45.25],[158.196,44.5],[158.653,44.0],[158.864,43.5],[158.882,43.25],[158.418,43.0],[158.403,42.5],[157.915,41.25],[157.25,40.856],[157.0,40.756],[156.25,40.943],[155.292,40.5],[154.75,40.092],[153.25,39.634],[152.5,39.524],[152.0,39.535],[151.5,39.766],[150.675,40.0]]]},"properties":{"hvalue":4.0,"color":"#6bff6b"}},{"type":"Feature","geometry":{"type":"Polygon","coordinates":[[[-144.543,-56.0],[-144.339,-55.5],[-144.29,-55.0],[-143.0,-54.87],[-142.325,-55.25],[-141.621,-55.5],[-141.536,-55.75],[-142.5,-56.433],[-143.25,-56.435],[-143.75,-56.349],[-144.543,-56.0]]]},"properties":{"hvalue":5.0,"color":"#fee600"}},{"type":"Feature","geometry":{"type":"Polygon","coordinates":[[[-47.5,-55.77],[-49.75,-55.741],[-51.5,-55.535],[-53.0,-55.672],[-53.834,-55.5],[-53.683,-55.25],[-53.25,-54.915],[-52.75,-54.761],[-51.5,-54.573],[-50.713,-54.25],[-51.0,-54.125],[-52.0,-54.268],[-52.5,-54.12],[-53.147,-53.75],[-53.908,-52.75],[-53.311,-52.0],[-53.127,-51.5],[-52.75,-50.844],[-51.996,-50.0],[-51.7,-49.75],[-50.846,-49.5],[-50.49,-49.25],[-50.186,-48.75],[-49.472,-48.25],[-48.75,-47.448],[-47.717,-46.75],[-47.158,-46.25],[-47.137,-46.0],[-46.5,-45.99],[-46.018,-45.75],[-46.456,-45.5],[-46.435,-45.25],[-46.166,-45.0],[-45.25,-44.96],[-44.722,-44.75],[-44.434,-44.5],[-43.5,-44.157],[-40.75,-43.364],[-39.5,-43.192],[-38.75,-43.212],[-38.0,-43.341],[-37.803,-43.25],[-38.484,-42.75],[-38.637,-42.5],[-38.163,-42.25],[-36.75,-41.913],[-35.5,-41.512],[-35.0,-41.441],[-33.75,-41.451],[-32.99,-41.75],[-32.881,-42.0],[-33.0,-42.158],[-33.75,-42.092],[-34.264,-42.25],[-33.685,-42.75],[-33.349,-43.5],[-32.865,-44.25],[-31.677,-44.75],[-30.697,-45.75],[-30.069,-46.0],[-29.971,-46.25],[-29.936,-46.75],[-30.25,-46.87],[-31.104,-47.0],[-31.75,-47.363],[-32.25,-47.344],[-32.75,-47.454],[-33.23,-47.75],[-32.469,-48.0],[-31.75,-48.455],[-31.25,-48.446],[-30.75,-48.603],[-30.281,-49.0],[-30.132,-49.25],[-31.25,-49.601],[-31.475,-49.75],[-31.56,-50.0],[-31.261,-50.25],[-31.5,-50.557],[-32.904,-50.75],[-32.273,-51.25],[-32.181,-51.5],[-32.75,-51.97],[-32.942,-52.25],[-33.225,-52.5],[-33.75,-52.768],[-35.25,-52.885],[-36.5,-53.276],[-37.5,-53.459],[-38.5,-53.49],[-39.474,-53.25],[-39.422,-53.0],[-39.845,-53.0],[-41.229,-53.75],[-42.387,-54.25],[-42.25,-54.75],[-43.164,-55.25],[-43.5,-55.65],[-44.0,-55.858],[-45.25,-56.097],[-46.0,-56.001],[-46.75,-56.228],[-47.0,-56.147],[-47.5,-55.77]]]},"properties":{"hvalue":5.0,"color":"#fee600"}},{"type":"Feature","geometry":{"type":"Polygon","coordinates":[[[-153.25,-54.202],[-154.477,-54.0],[-154.555,-53.75],[-154.361,-53.5],[-154.337,-53.25],[-154.847,-52.75],[-154.968,-52.25],[-155.5,-51.584],[-156.0,-51.465],[-156.75,-51.442],[-157.5,-51.267],[-157.75,-51.022],[-157.775,-50.75],[-157.321,-50.25],[-156.167,-49.5],[-155.745,-49.0],[-155.795,-48.75],[-156.027,-48.5],[-156.104,-48.25],[-155.852,-48.0],[-155.624,-47.5],[-155.141,-47.0],[-154.861,-46.5],[-154.615,-46.25],[-153.126,-45.5],[-151.192,-44.25],[-150.519,-44.0],[-147.5,-42.958],[-146.688,-42.75],[-146.25,-42.719],[-145.0,-42.929],[-144.0,-42.922],[-143.409,-43.25],[-141.902,-43.75],[-141.732,-44.0],[-141.389,-44.25],[-139.528,-45.25],[-137.25,-46.108],[-135.924,-47.0],[-135.41,-47.75],[-135.41,-48.0],[-135.197,-48.5],[-135.308,-48.75],[-135.237,-49.0],[-135.461,-50.0],[-135.869,-50.75],[-135.955,-51.25],[-136.112,-51.5],[-136.5,-51.834],[-136.892,-52.5],[-137.75,-53.523],[-138.25,-53.883],[-139.579,-54.5],[-140.25,-54.506],[-142.75,-53.658],[-143.25,-53.601],[-143.75,-53.71],[-144.5,-53.537],[-145.205,-53.75],[-145.436,-54.0],[-145.416,-54.25],[-145.605,-54.5],[-146.25,-54.652],[-146.75,-54.626],[-147.5,-54.411],[-148.75,-54.481],[-149.5,-54.248],[-150.0,-54.361],[-150.25,-54.507],[-151.0,-54.515],[-151.75,-54.639],[-153.25,-54.202]]]},"properties":{"hvalue":5.0,"color":"#fee600"}},{"type":"Feature","geometry":{"type":"Polygon","coordinates":[[[5.75,-50.09],[3.88,-49.75],[3.057,-49.25],[1.462,-48.75],[-1.0,-48.664],[-3.25,-48.687],[-4.5,-48.508],[-5.75,-48.486],[-6.425,-48.25],[-7.157,-47.5],[-7.195,-47.25],[-6.939,-46.5],[-7.179,-46.25],[-7.673,-46.0],[-7.727,-45.5],[-7.914,-45.25],[-8.431,-44.75],[-9.25,-44.165],[-9.75,-43.881],[-10.81,-43.5],[-11.543,-43.0],[-12.137,-42.25],[-12.597,-41.5],[-13.098,-41.0],[-13.247,-40.75],[-13.146,-40.25],[-12.75,-40.161],[-12.0,-39.563],[-11.75,-39.477],[-10.25,-39.346],[-9.722,-39.5],[-9.5,-39.664],[-9.0,-39.67],[-8.25,-39.319],[-7.0,-39.238],[-6.544,-39.0],[-6.25,-38.713],[-6.0,-38.671],[-5.918,-39.0],[-5.75,-39.159],[-5.25,-38.957],[-4.5,-38.97],[-3.75,-39.213],[-3.25,-39.464],[-2.578,-40.0],[1.876,-42.75],[2.5,-42.934],[3.75,-43.102],[4.75,-43.494],[5.75,-43.644],[6.5,-43.993],[7.081,-44.5],[7.75,-45.47],[9.0,-46.114],[9.5,-46.478],[10.095,-47.25],[9.865,-47.5],[9.675,-48.0],[9.276,-48.5],[9.0,-48.786],[8.5,-49.098],[8.0,-49.67],[7.75,-49.821],[7.5,-49.913],[6.75,-49.929],[5.75,-50.09]]]},"properties":{"hvalue":5.0,"color":"#fee600"}},{"type":"Feature","geometry":{"type":"Polygon","coordinates":[[[-160.75,20.836],[-161.0,20.828],[-161.5,20.601],[-161.75,20.598],[-163.0,20.764],[-163.5,21.045],[-164.019,22.25],[-164.095,22.75],[-163.832,23.75],[-163.5,24.089],[-162.75,24.499],[-162.25,24.359],[-161.25,24.693],[-160.0,24.978],[-159.415,24.75],[-159.0,24.347],[-158.5,23.595],[-158.0,23.181],[-157.893,22.75],[-157.936,22.5],[-158.5,21.5],[-158.325,21.325],[-158.75,20.725],[-159.0,20.506],[-159.5,20.431],[-160.75,20.836]]]},"properties":{"hvalue":5.0,"color":"#fee600"}},{"type":"Feature","geometry":{"type":"Polygon","coordinates":[[[-9.226,56.25],[-9.453,56.5],[-9.625,57.0],[-9.342,57.75],[-9.0,58.077],[-8.5,58.079],[-8.365,58.0],[-8.5,57.99],[-8.719,57.75],[-8.5,57.526],[-8.0,57.483],[-7.822,57.25],[-7.763,57.0],[-7.846,56.75],[-7.557,56.5],[-7.411,56.25],[-7.5,56.074],[-8.0,55.991],[-8.75,56.069],[-9.226,56.25]]]},"properties":{"hvalue":5.0,"color":"#fee600"}},{"type":"Feature","geometry":{"type":"Polygon","coordinates":[[[50.75,-39.233],[50.892,-39.5],[50.455,-39.5],[50.75,-39.233]]]},"properties":{"hvalue":5.0,"color":"#fee600"}},{"type":"Feature","geometry":{"type":"Polygon","coordinates":[[[45.75,-28.046],[45.75,-27.942],[46.0,-27.832],[46.115,-28.0],[46.0,-28.168],[45.75,-28.046]]]},"properties":{"hvalue":5.0,"color":"#fee600"}},{"type":"Feature","geometry":{"type":"Polygon","coordinates":[[[44.938,-26.75],[44.5,-26.399],[44.0,-26.294],[43.75,-26.325],[43.513,-26.5],[43.565,-26.75],[43.5,-26.785],[42.0,-26.882],[41.78,-26.5],[41.894,-26.0],[41.75,-25.789],[41.5,-25.635],[41.25,-25.608],[41.0,-25.702],[40.727,-26.0],[40.25,-26.243],[40.0,-26.166],[39.867,-25.75],[39.889,-25.5],[40.163,-25.0],[39.969,-24.5],[39.994,-24.0],[39.914,-23.75],[39.404,-22.75],[39.5,-22.403],[39.75,-22.163],[40.0,-22.176],[40.25,-22.419],[40.5,-22.37],[40.75,-22.175],[41.088,-22.75],[42.25,-23.972],[42.75,-24.293],[43.25,-24.386],[43.5,-24.54],[44.25,-25.475],[44.594,-25.75],[44.75,-25.996],[45.0,-26.124],[45.5,-26.074],[46.25,-25.661],[46.75,-25.638],[47.013,-25.75],[45.75,-27.191],[45.5,-27.278],[45.25,-27.208],[44.938,-26.75]]]},"properties":{"hvalue":5.0,"color":"#fee600"}},{"type":"Feature","geometry":{"type":"Polygon","coordinates":[[[48.858,-21.5],[48.942,-22.0],[48.75,-22.408],[48.619,-22.25],[48.626,-22.0],[48.75,-21.415],[48.858,-21.5]]]},"properties":{"hvalue":5.0,"color":"#fee600"}},{"type":"Feature","geometry":{"type":"Polygon","coordinates":[[[136.75,-64.103],[133.75,-63.492],[129.0,-63.681],[124.686,-63.5],[123.25,-63.301],[123.014,-63.25],[122.658,-63.0],[120.0,-62.348],[118.5,-62.091],[117.43,-62.0],[116.0,-61.628],[114.671,-61.0],[113.766,-60.5],[113.459,-60.25],[113.648,-60.0],[114.5,-59.735],[114.783,-59.5],[114.248,-59.25],[113.5,-59.147],[112.25,-59.175],[109.5,-59.601],[104.0,-59.913],[101.0,-59.762],[99.75,-59.844],[98.75,-59.655],[98.0,-59.775],[95.25,-59.456],[94.5,-59.238],[94.0,-58.978],[92.0,-58.455],[90.75,-58.035],[90.25,-57.965],[89.75,-58.102],[89.5,-58.093],[87.0,-56.83],[86.5,-56.724],[86.25,-56.571],[85.541,-55.75],[85.397,-55.25],[84.75,-54.815],[84.5,-54.549],[84.069,-53.75],[83.5,-53.437],[83.25,-52.87],[83.0,-52.585],[82.5,-52.757],[81.75,-52.685],[81.0,-53.391],[80.75,-53.76],[80.5,-54.357],[80.439,-54.75],[80.492,-55.0],[80.75,-55.342],[81.739,-56.25],[81.638,-56.5],[81.25,-56.699],[80.75,-56.82],[80.0,-56.847],[77.25,-56.447],[76.5,-56.159],[75.75,-55.993],[73.0,-54.7],[72.25,-54.438],[71.25,-54.283],[70.0,-54.314],[68.25,-54.197],[67.693,-54.0],[67.132,-53.5],[65.75,-53.084],[63.836,-52.75],[61.75,-52.74],[61.0,-52.646],[59.75,-52.71],[59.402,-52.75],[58.75,-53.028],[58.25,-53.136],[57.75,-52.984],[56.75,-52.946],[56.473,-52.75],[56.697,-52.5],[56.739,-52.25],[56.325,-51.5],[56.5,-51.407],[56.594,-51.25],[56.25,-50.992],[55.75,-50.937],[54.75,-51.032],[54.526,-51.25],[54.75,-51.488],[54.959,-51.5],[55.221,-51.75],[55.0,-51.834],[54.25,-51.934],[53.25,-52.228],[52.0,-52.195],[51.25,-52.58],[50.712,-52.75],[50.743,-53.0],[51.256,-53.5],[51.196,-53.75],[51.629,-54.25],[51.0,-54.445],[50.25,-54.466],[49.75,-54.699],[49.519,-55.0],[48.088,-55.25],[47.858,-55.5],[47.5,-55.701],[46.05,-56.25],[45.445,-56.75],[44.5,-57.125],[42.75,-57.353],[41.5,-57.746],[35.048,-59.0],[34.237,-59.25],[33.756,-59.5],[33.5,-59.521],[32.0,-59.463],[30.0,-59.573],[29.495,-59.5],[29.063,-59.25],[28.894,-58.5],[28.057,-58.0],[28.089,-57.75],[28.016,-57.5],[28.462,-56.5],[28.522,-56.0],[29.29,-55.5],[29.372,-55.25],[29.26,-55.0],[29.622,-54.5],[28.868,-54.25],[29.401,-54.0],[30.296,-53.75],[30.5,-53.212],[31.5,-52.782],[31.83,-52.25],[33.5,-51.341],[34.75,-51.123],[35.75,-50.753],[37.0,-50.428],[38.0,-49.85],[38.25,-49.781],[39.5,-49.572],[40.0,-49.584],[41.223,-49.0],[42.5,-48.576],[43.5,-48.503],[44.0,-48.573],[44.25,-48.707],[44.75,-48.657],[45.389,-48.25],[45.095,-48.0],[45.25,-47.758],[45.75,-47.749],[46.0,-47.643],[46.25,-47.677],[47.0,-47.438],[47.5,-47.465],[48.0,-47.205],[48.772,-47.25],[48.701,-47.5],[48.732,-47.75],[49.078,-48.0],[50.75,-48.247],[53.25,-47.871],[53.5,-47.762],[53.949,-47.75],[54.5,-47.593],[55.359,-46.75],[56.347,-46.25],[56.667,-46.0],[56.0,-45.678],[55.663,-45.25],[55.712,-45.0],[56.109,-44.25],[56.019,-44.0],[55.323,-43.75],[54.876,-43.5],[54.75,-43.351],[52.901,-43.0],[53.173,-42.5],[52.934,-42.25],[52.889,-42.0],[53.05,-41.75],[53.535,-41.5],[53.795,-41.25],[53.507,-41.0],[53.25,-40.593],[53.0,-40.431],[52.75,-40.397],[52.0,-40.426],[51.5,-40.543],[51.25,-40.48],[51.02,-40.25],[51.116,-39.5],[51.75,-38.966],[52.0,-38.972],[52.25,-39.081],[52.977,-38.75],[53.059,-38.25],[53.299,-38.0],[53.342,-37.75],[53.25,-37.563],[53.0,-37.526],[52.0,-37.845],[51.75,-37.838],[51.634,-37.75],[51.567,-37.25],[51.261,-36.75],[51.0,-36.567],[50.705,-36.5],[50.499,-36.25],[50.82,-35.75],[51.317,-34.25],[51.297,-33.75],[50.854,-32.75],[50.75,-32.568],[50.5,-32.384],[50.0,-32.396],[49.25,-32.579],[48.992,-32.5],[48.899,-32.25],[48.913,-32.0],[50.046,-29.5],[50.017,-29.25],[49.742,-28.75],[49.561,-28.5],[48.75,-28.065],[48.25,-28.06],[48.0,-28.145],[47.25,-28.604],[47.056,-28.25],[47.448,-27.5],[47.604,-26.75],[47.638,-26.0],[47.408,-25.75],[47.333,-25.5],[47.487,-25.0],[48.25,-23.569],[48.431,-23.5],[48.5,-23.369],[48.75,-23.712],[49.25,-23.555],[49.5,-23.988],[49.791,-23.75],[49.767,-23.5],[49.407,-23.25],[49.5,-23.0],[50.25,-22.208],[50.75,-21.413],[51.25,-21.09],[51.75,-20.987],[52.25,-20.989],[52.5,-21.029],[53.5,-21.5],[54.0,-21.458],[54.5,-21.231],[55.5,-21.562],[57.25,-21.512],[58.25,-21.662],[59.5,-21.922],[60.25,-22.161],[61.25,-22.323],[61.75,-22.132],[62.0,-22.115],[62.444,-22.25],[63.0,-22.636],[63.5,-22.806],[64.25,-23.304],[65.25,-23.118],[66.0,-23.114],[66.071,-23.25],[66.077,-23.75],[66.181,-24.0],[66.684,-24.5],[67.0,-25.025],[67.25,-25.047],[67.75,-25.332],[68.25,-25.197],[68.5,-25.213],[69.0,-25.599],[69.366,-25.75],[69.866,-26.75],[70.5,-26.989],[71.25,-27.589],[72.5,-28.194],[73.204,-29.0],[73.75,-29.283],[74.025,-29.75],[75.02,-30.25],[75.5,-30.817],[77.156,-32.25],[78.0,-33.25],[79.537,-34.25],[80.535,-35.5],[82.5,-36.735],[83.25,-37.373],[84.5,-37.761],[84.75,-37.905],[85.302,-38.5],[86.75,-39.258],[87.5,-39.33],[89.25,-39.067],[90.25,-39.141],[91.0,-39.394],[91.75,-39.817],[92.977,-40.25],[96.0,-41.564],[98.75,-43.248],[99.504,-43.5],[100.317,-44.0],[100.75,-44.153],[102.25,-44.388],[102.75,-44.555],[103.363,-45.0],[103.463,-45.25],[103.733,-45.5],[104.5,-45.577],[105.0,-45.315],[106.0,-45.008],[107.5,-45.083],[108.5,-44.903],[109.75,-44.795],[110.25,-44.632],[110.75,-44.619],[111.116,-44.5],[111.332,-44.25],[111.732,-44.0],[112.0,-43.962],[112.5,-44.079],[112.763,-44.25],[112.652,-44.5],[113.128,-44.75],[113.75,-44.771],[114.5,-44.623],[114.717,-44.5],[114.86,-44.25],[115.596,-43.75],[115.75,-43.46],[116.246,-43.0],[117.25,-42.452],[117.409,-42.25],[117.477,-42.0],[117.983,-41.5],[117.749,-41.25],[117.504,-40.5],[117.648,-40.25],[118.414,-39.75],[119.75,-39.018],[121.69,-38.5],[122.5,-37.951],[123.0,-38.136],[124.75,-37.371],[126.0,-37.203],[126.5,-37.692],[126.75,-37.792],[127.5,-37.957],[128.25,-37.993],[129.0,-38.224],[131.5,-38.479],[133.5,-39.18],[135.25,-39.618],[136.505,-40.25],[137.25,-40.379],[139.25,-40.466],[141.0,-40.66],[141.75,-40.888],[143.0,-41.115],[144.0,-41.54],[144.75,-42.111],[145.621,-43.25],[145.909,-43.409],[146.25,-43.75],[147.5,-43.733],[149.0,-43.508],[149.75,-43.595],[153.5,-44.94],[154.602,-45.5],[154.706,-46.0],[154.949,-46.25],[155.405,-47.0],[156.0,-47.389],[156.801,-48.25],[159.25,-49.583],[159.75,-49.781],[160.0,-49.993],[160.101,-50.25],[161.194,-50.75],[161.601,-51.25],[162.159,-51.5],[162.25,-51.799],[162.0,-51.945],[161.0,-51.938],[160.0,-51.627],[159.25,-51.526],[157.75,-50.924],[157.0,-50.878],[156.488,-51.0],[155.322,-51.5],[155.323,-51.75],[156.0,-52.331],[156.415,-52.5],[156.0,-52.573],[155.0,-52.555],[154.5,-52.921],[153.75,-52.922],[152.982,-53.25],[153.636,-53.75],[154.0,-53.861],[154.584,-54.25],[155.0,-54.966],[155.25,-55.169],[156.029,-55.25],[155.75,-55.33],[155.25,-55.306],[155.0,-55.559],[154.744,-56.0],[155.283,-56.5],[155.24,-56.75],[156.481,-57.0],[156.407,-57.25],[156.304,-57.5],[155.382,-57.75],[153.25,-58.052],[152.678,-58.25],[152.561,-58.5],[152.799,-58.75],[152.869,-59.0],[152.5,-59.17],[151.883,-59.25],[151.864,-59.5],[151.74,-59.75],[151.918,-60.25],[151.288,-60.75],[150.909,-61.25],[150.864,-61.5],[150.946,-61.75],[150.75,-61.959],[149.867,-62.5],[149.0,-62.676],[147.579,-63.25],[147.25,-63.294],[139.75,-63.758],[139.25,-63.904],[138.25,-63.959],[137.25,-64.133],[136.75,-64.103]]]},"properties":{"hvalue":5.0,"color":"#fee600"}},{"type":"Feature","geometry":{"type":"Polygon","coordinates":[[[116.75,-42.082],[116.75,-41.976],[117.0,-41.931],[117.11,-42.0],[117.0,-42.078],[116.75,-42.082]]]},"properties":{"hvalue":5.0,"color":"#fee600"}},{"type":"Feature","geometry":{"type":"Polygon","coordinates":[[[122.725,-37.75],[122.808,-37.75],[122.75,-37.924],[122.725,-37.75]]]},"properties":{"hvalue":5.0,"color":"#fee600"}},{"type":"Feature","geometry":{"type":"Polygon","coordinates":[[[123.696,-37.5],[123.25,-37.607],[122.992,-37.5],[123.5,-37.374],[123.696,-37.5]]]},"properties":{"hvalue":5.0,"color":"#fee600"}},{"type":"Feature","geometry":{"type":"Polygon","coordinates":[[[153.251,41.5],[152.938,42.0],[152.773,42.5],[153.404,43.0],[154.209,44.25],[155.25,44.678],[156.0,44.593],[156.25,44.715],[156.5,44.664],[156.737,44.5],[157.054,44.0],[157.072,43.5],[157.399,43.0],[157.452,42.75],[157.297,42.5],[156.75,42.182],[156.25,42.238],[155.75,42.088],[155.0,41.567],[154.5,41.012],[154.25,40.879],[153.5,40.747],[153.25,40.86],[153.222,41.0],[153.315,41.25],[153.251,41.5]]]},"properties":{"hvalue":5.0,"color":"#fee600"}},{"type":"Feature","geometry":{"type":"Polygon","coordinates":[[[153.5,44.662],[153.403,44.75],[153.5,45.032],[153.701,44.75],[153.5,44.662]]]},"properties":{"hvalue":5.0,"color":"#fee600"}},{"type":"Feature","geometry":{"type":"Polygon","coordinates":[[[35.25,-57.608],[33.0,-57.336],[32.5,-57.0],[32.5,-56.75],[32.75,-56.627],[33.25,-56.67],[33.371,-56.5],[32.75,-56.342],[32.642,-56.0],[32.668,-55.75],[33.609,-55.5],[33.256,-55.25],[33.122,-55.0],[34.25,-54.36],[35.062,-54.0],[35.583,-53.5],[36.75,-53.098],[38.068,-52.25],[38.75,-51.97],[39.253,-52.0],[39.591,-52.25],[40.0,-52.389],[42.0,-52.623],[42.633,-53.0],[42.448,-53.25],[42.567,-53.5],[43.25,-53.721],[43.5,-53.884],[44.072,-54.0],[44.067,-54.25],[43.898,-54.5],[43.171,-55.0],[43.113,-55.25],[43.25,-55.443],[43.75,-55.55],[44.138,-55.75],[44.189,-56.0],[43.529,-56.25],[42.0,-56.618],[41.0,-56.957],[38.25,-57.326],[35.25,-57.608]]]},"properties":{"hvalue":6.0,"color":"#ff9600"}},{"type":"Feature","geometry":{"type":"Polygon","coordinates":[[[-47.659,-53.75],[-48.054,-53.25],[-48.75,-52.98],[-49.25,-52.981],[-50.5,-53.195],[-50.744,-53.0],[-50.669,-52.5],[-50.965,-52.0],[-50.454,-51.5],[-50.093,-51.0],[-49.127,-50.25],[-47.25,-49.386],[-46.75,-49.043],[-46.5,-48.955],[-46.0,-49.013],[-45.25,-48.86],[-43.378,-48.25],[-43.75,-47.972],[-44.5,-47.956],[-45.25,-47.849],[-45.5,-47.744],[-42.864,-47.25],[-40.0,-46.449],[-39.0,-46.327],[-37.5,-46.341],[-36.75,-45.904],[-36.25,-45.829],[-36.0,-45.859],[-35.796,-46.0],[-35.814,-46.25],[-37.113,-47.0],[-37.0,-47.126],[-36.25,-47.505],[-35.0,-47.097],[-34.707,-47.25],[-34.673,-47.75],[-34.25,-48.196],[-34.09,-48.25],[-34.033,-48.5],[-35.278,-49.0],[-36.42,-50.0],[-36.25,-50.15],[-35.5,-49.779],[-35.25,-49.79],[-34.944,-50.0],[-35.184,-50.25],[-35.26,-50.5],[-34.985,-50.75],[-35.306,-51.25],[-35.721,-51.5],[-37.75,-51.054],[-38.5,-51.047],[-38.75,-51.111],[-40.237,-52.0],[-42.025,-52.75],[-42.296,-53.0],[-43.758,-53.75],[-44.75,-53.992],[-45.5,-54.071],[-46.75,-54.021],[-47.659,-53.75]]]},"properties":{"hvalue":6.0,"color":"#ff9600"}},{"type":"Feature","geometry":{"type":"Polygon","coordinates":[[[-140.5,-53.635],[-142.0,-53.189],[-144.0,-53.008],[-145.529,-53.25],[-146.25,-53.451],[-147.5,-53.593],[-148.75,-53.53],[-150.75,-53.667],[-151.25,-53.592],[-151.75,-53.427],[-152.006,-53.25],[-152.173,-53.0],[-152.281,-52.5],[-152.5,-52.0],[-152.498,-51.5],[-152.643,-51.0],[-152.615,-50.75],[-152.528,-50.5],[-152.033,-50.0],[-151.75,-49.442],[-151.25,-49.112],[-150.281,-48.75],[-150.255,-48.5],[-150.121,-48.25],[-150.139,-48.0],[-149.952,-47.75],[-149.762,-47.25],[-148.86,-46.75],[-148.845,-46.5],[-148.75,-46.411],[-148.5,-46.468],[-148.049,-46.25],[-148.0,-46.077],[-147.75,-46.22],[-147.5,-46.16],[-146.976,-45.75],[-146.5,-45.583],[-145.75,-45.573],[-145.535,-46.0],[-144.87,-46.0],[-144.434,-46.25],[-143.5,-46.288],[-142.5,-46.551],[-140.178,-46.75],[-139.75,-46.883],[-138.594,-47.5],[-138.25,-47.869],[-138.171,-48.0],[-138.201,-48.5],[-137.866,-49.5],[-137.65,-50.75],[-137.437,-51.25],[-137.622,-52.25],[-138.239,-52.75],[-138.711,-53.5],[-139.25,-53.738],[-140.5,-53.635]]]},"properties":{"hvalue":6.0,"color":"#ff9600"}},{"type":"Feature","geometry":{"type":"Polygon","coordinates":[[[0.5,-48.407],[-2.25,-48.286],[-3.0,-48.325],[-4.5,-47.998],[-5.663,-47.5],[-5.895,-47.25],[-5.881,-47.0],[-5.687,-46.5],[-5.826,-46.25],[-6.506,-45.75],[-6.591,-45.5],[-6.5,-45.169],[-6.195,-45.0],[-6.0,-44.777],[-5.936,-44.5],[-6.395,-44.25],[-7.18,-44.0],[-7.616,-43.75],[-7.829,-43.25],[-8.404,-42.75],[-8.427,-42.5],[-8.215,-42.25],[-7.5,-42.102],[-6.0,-42.337],[-5.75,-42.316],[-5.25,-42.178],[-4.75,-41.893],[-3.5,-41.505],[-3.0,-41.431],[-2.0,-41.468],[-1.5,-41.602],[-0.75,-41.989],[1.164,-43.25],[2.0,-43.514],[4.25,-44.587],[5.25,-44.957],[5.524,-45.25],[5.689,-45.75],[6.372,-47.0],[6.508,-47.5],[6.366,-48.25],[5.25,-48.687],[4.25,-48.712],[0.5,-48.407]]]},"properties":{"hvalue":6.0,"color":"#ff9600"}},{"type":"Feature","geometry":{"type":"Polygon","coordinates":[[[52.768,-27.75],[52.744,-26.5],[52.823,-26.25],[53.25,-25.732],[53.5,-25.596],[53.75,-25.668],[54.217,-26.0],[54.29,-26.25],[54.199,-26.5],[53.673,-27.5],[53.25,-27.978],[53.0,-28.028],[52.768,-27.75]]]},"properties":{"hvalue":6.0,"color":"#ff9600"}},{"type":"Feature","geometry":{"type":"Polygon","coordinates":[[[50.5,-25.215],[50.622,-25.5],[50.5,-25.642],[50.25,-25.643],[50.25,-25.436],[50.5,-25.215]]]},"properties":{"hvalue":6.0,"color":"#ff9600"}},{"type":"Feature","geometry":{"type":"Polygon","coordinates":[[[-160.75,21.415],[-161.75,21.326],[-162.25,21.433],[-162.66,21.75],[-162.896,22.25],[-162.922,22.5],[-162.815,23.25],[-162.28,23.75],[-161.75,24.011],[-160.5,24.321],[-160.0,24.321],[-159.836,24.25],[-159.324,23.75],[-159.21,23.25],[-159.336,22.75],[-159.5,22.649],[-160.0,22.0],[-159.75,21.75],[-159.5,21.75],[-159.044,22.25],[-159.0,22.406],[-158.75,22.465],[-158.584,22.25],[-158.71,21.75],[-159.5,21.253],[-160.0,21.243],[-160.75,21.415]]]},"properties":{"hvalue":6.0,"color":"#ff9600"}},{"type":"Feature","geometry":{"type":"Polygon","coordinates":[[[107.5,-56.916],[107.879,-57.0],[107.5,-57.153],[106.653,-57.0],[107.5,-56.916]]]},"properties":{"hvalue":6.0,"color":"#ff9600"}},{"type":"Feature","geometry":{"type":"Polygon","coordinates":[[[134.992,-63.5],[134.0,-63.151],[131.5,-63.189],[128.75,-62.926],[126.25,-62.351],[124.0,-61.997],[123.209,-61.75],[123.091,-61.5],[122.576,-61.0],[121.75,-60.675],[120.5,-60.354],[120.28,-60.25],[120.159,-60.0],[119.75,-59.681],[118.504,-59.25],[118.357,-59.0],[118.385,-58.75],[118.056,-58.5],[117.75,-58.383],[117.193,-58.25],[114.75,-57.976],[113.696,-57.75],[113.11,-57.5],[112.75,-57.25],[112.0,-57.346],[110.25,-56.789],[109.5,-56.71],[108.903,-56.75],[108.75,-56.656],[108.691,-56.5],[107.75,-56.208],[107.0,-56.289],[106.0,-56.214],[105.0,-56.376],[104.733,-56.5],[105.655,-57.0],[104.75,-57.091],[104.167,-57.25],[104.33,-57.75],[104.0,-57.872],[102.5,-58.022],[101.5,-58.215],[100.75,-58.026],[100.5,-58.04],[100.015,-58.5],[99.75,-58.553],[98.75,-58.598],[97.75,-58.477],[97.0,-58.716],[96.25,-58.825],[95.25,-58.795],[94.75,-58.656],[90.116,-56.75],[89.87,-56.5],[89.619,-56.0],[89.554,-55.75],[89.664,-55.25],[88.974,-54.25],[88.883,-53.75],[88.525,-53.5],[87.865,-53.25],[87.5,-52.917],[86.75,-52.692],[85.75,-52.02],[83.75,-51.088],[83.5,-51.112],[83.384,-51.5],[83.25,-51.606],[82.904,-51.75],[82.5,-51.77],[82.0,-51.65],[81.845,-51.5],[81.814,-51.25],[81.5,-51.028],[81.25,-51.06],[81.214,-51.5],[81.396,-51.75],[80.843,-52.25],[80.616,-53.0],[79.816,-54.5],[79.704,-55.25],[79.548,-55.5],[79.25,-55.562],[77.5,-55.074],[76.0,-54.468],[75.473,-54.0],[75.26,-53.25],[75.35,-53.0],[74.894,-52.25],[74.088,-52.0],[73.5,-51.646],[72.5,-51.479],[70.25,-51.445],[69.5,-51.343],[68.287,-50.75],[66.75,-50.247],[66.5,-50.223],[65.5,-50.535],[64.25,-50.686],[63.779,-50.5],[63.918,-50.25],[63.709,-50.0],[62.25,-49.639],[61.75,-49.239],[61.25,-49.18],[60.75,-49.325],[60.319,-49.25],[60.253,-49.0],[60.443,-48.75],[62.073,-47.75],[62.173,-47.5],[61.75,-47.526],[61.0,-47.848],[60.75,-47.855],[60.25,-47.66],[59.25,-47.651],[59.0,-47.505],[59.105,-47.25],[58.908,-47.0],[59.15,-46.0],[59.091,-45.5],[58.741,-45.25],[57.75,-44.861],[57.691,-44.75],[58.0,-44.404],[58.345,-44.25],[58.0,-44.178],[57.25,-44.204],[57.097,-44.0],[57.25,-43.72],[58.24,-43.0],[58.366,-42.75],[58.25,-42.529],[57.75,-42.392],[57.25,-42.035],[56.25,-41.952],[55.717,-41.75],[55.371,-41.5],[55.605,-41.0],[55.624,-40.75],[56.47,-40.0],[56.835,-39.5],[56.927,-39.0],[56.75,-38.87],[56.25,-38.84],[55.764,-39.25],[55.5,-39.36],[55.0,-39.293],[54.75,-39.416],[54.25,-39.319],[54.135,-39.25],[54.044,-39.0],[54.25,-38.823],[54.5,-38.77],[55.25,-38.85],[55.815,-38.5],[56.26,-38.0],[56.006,-37.5],[56.149,-37.25],[57.069,-36.75],[57.783,-36.0],[56.75,-35.25],[56.0,-34.1],[55.194,-34.0],[55.265,-33.75],[56.25,-32.417],[56.332,-31.75],[56.286,-31.5],[56.065,-31.25],[56.883,-30.5],[57.5,-30.103],[57.691,-29.75],[57.741,-29.25],[57.5,-28.768],[57.25,-28.684],[57.0,-28.798],[56.75,-29.287],[56.5,-29.511],[56.157,-29.25],[55.25,-28.937],[55.0,-28.765],[55.021,-28.5],[55.75,-27.307],[57.25,-26.24],[58.0,-26.127],[58.75,-25.6],[59.0,-25.587],[59.079,-25.75],[59.171,-26.75],[59.331,-27.25],[59.5,-27.408],[60.75,-26.919],[61.5,-26.534],[62.25,-25.757],[62.5,-25.695],[62.591,-26.0],[62.586,-26.75],[62.75,-26.886],[63.25,-26.863],[63.572,-27.0],[63.833,-27.25],[63.97,-27.5],[64.0,-27.763],[64.25,-28.04],[65.0,-28.272],[65.25,-28.2],[65.75,-27.864],[66.0,-27.847],[66.25,-28.084],[67.0,-27.885],[67.25,-27.904],[67.581,-28.25],[67.751,-28.75],[68.072,-29.25],[68.5,-29.399],[69.25,-29.448],[70.067,-29.75],[71.25,-30.454],[72.086,-30.75],[72.75,-31.298],[73.25,-31.434],[73.5,-31.952],[73.846,-32.25],[74.174,-32.75],[74.205,-33.25],[74.5,-33.415],[75.25,-33.467],[75.592,-33.75],[75.654,-34.25],[75.512,-34.75],[75.75,-34.863],[76.656,-35.0],[77.0,-35.178],[77.75,-35.257],[78.5,-35.746],[78.27,-36.25],[78.254,-36.5],[78.387,-36.75],[78.365,-37.0],[77.932,-37.5],[77.75,-37.535],[77.512,-37.75],[77.75,-37.956],[78.358,-38.0],[78.535,-38.25],[77.75,-38.525],[77.487,-38.75],[77.75,-38.943],[78.291,-39.0],[78.341,-39.25],[78.901,-39.75],[79.077,-40.25],[79.585,-40.75],[79.619,-41.0],[79.544,-41.25],[79.35,-41.5],[79.398,-41.75],[79.5,-41.812],[80.0,-42.007],[81.75,-42.244],[82.5,-42.495],[82.75,-42.488],[83.25,-42.904],[83.5,-42.97],[84.5,-43.052],[84.914,-42.75],[84.898,-42.5],[84.692,-42.25],[85.047,-42.0],[85.75,-41.68],[86.25,-41.61],[87.25,-41.921],[88.25,-42.002],[89.228,-42.25],[89.5,-43.39],[89.679,-43.0],[89.534,-42.75],[89.516,-42.5],[89.75,-42.42],[90.25,-42.663],[90.427,-43.0],[90.75,-43.23],[91.0,-43.343],[91.25,-43.333],[91.446,-43.0],[92.311,-42.75],[92.273,-42.5],[93.0,-42.222],[93.158,-42.25],[94.75,-43.257],[95.75,-43.541],[96.175,-43.75],[96.377,-44.0],[97.25,-44.673],[98.25,-45.121],[98.632,-45.5],[99.25,-45.91],[100.0,-46.182],[100.75,-46.328],[101.75,-47.081],[102.25,-47.601],[102.75,-47.909],[103.25,-47.852],[103.5,-47.921],[104.0,-47.359],[104.169,-47.5],[104.154,-47.75],[104.25,-47.938],[104.75,-47.985],[105.5,-47.89],[105.75,-47.823],[106.074,-47.5],[105.966,-47.25],[106.0,-47.079],[106.328,-47.25],[106.5,-47.443],[107.211,-47.5],[106.865,-47.75],[107.5,-47.775],[107.629,-47.5],[108.0,-47.303],[108.275,-47.25],[108.0,-47.153],[107.945,-46.75],[108.75,-46.592],[109.0,-46.654],[109.201,-47.0],[109.5,-47.244],[110.0,-47.461],[110.204,-47.25],[110.29,-47.0],[110.148,-46.75],[111.0,-46.657],[111.25,-46.729],[111.75,-47.293],[112.136,-47.25],[112.5,-47.091],[113.25,-47.016],[115.562,-47.0],[115.801,-47.25],[115.217,-47.5],[114.915,-47.75],[115.0,-48.031],[115.25,-48.189],[116.5,-48.152],[116.75,-48.281],[118.0,-48.023],[118.232,-47.5],[117.25,-47.392],[116.688,-47.25],[116.937,-47.0],[118.0,-46.708],[118.75,-46.382],[119.5,-46.154],[120.722,-46.0],[120.627,-45.75],[120.976,-45.0],[121.558,-44.75],[122.357,-44.0],[122.464,-43.75],[122.89,-43.25],[122.897,-43.0],[123.287,-42.5],[123.301,-42.25],[122.984,-42.0],[122.919,-41.75],[123.25,-41.468],[124.25,-40.872],[124.75,-40.785],[125.5,-40.838],[126.25,-40.606],[127.034,-40.25],[127.374,-40.25],[127.399,-40.5],[127.5,-40.589],[127.75,-40.624],[130.0,-40.331],[131.0,-40.56],[132.25,-40.616],[132.5,-40.695],[132.75,-40.928],[133.0,-41.04],[133.75,-41.259],[134.5,-41.33],[136.25,-41.81],[137.75,-42.396],[138.25,-42.699],[139.5,-43.046],[141.0,-43.775],[141.75,-44.226],[143.25,-44.812],[143.5,-44.98],[143.694,-45.25],[144.191,-45.5],[144.332,-45.75],[144.311,-46.0],[144.75,-46.601],[145.5,-46.901],[146.75,-47.831],[147.59,-48.0],[147.627,-48.25],[148.151,-48.5],[149.301,-48.75],[150.812,-49.5],[150.745,-50.0],[150.96,-50.25],[152.0,-50.492],[153.0,-50.395],[153.75,-50.415],[154.022,-50.5],[153.75,-50.69],[153.25,-50.595],[151.0,-51.453],[150.5,-51.522],[150.25,-51.65],[149.966,-52.0],[150.291,-52.25],[150.816,-52.5],[151.093,-52.75],[150.716,-53.25],[151.028,-53.5],[151.622,-53.75],[151.603,-54.0],[152.031,-54.25],[152.123,-54.5],[151.677,-54.75],[151.25,-55.14],[150.892,-55.25],[150.829,-55.5],[150.895,-55.75],[151.1,-56.0],[151.145,-56.25],[150.889,-56.5],[151.166,-56.75],[151.191,-57.0],[149.668,-57.5],[149.807,-57.75],[150.098,-58.0],[149.78,-58.5],[149.655,-59.0],[149.114,-59.75],[149.328,-60.5],[148.682,-60.75],[147.792,-61.25],[147.707,-61.5],[147.839,-62.0],[147.713,-62.25],[146.595,-62.5],[145.25,-62.926],[144.5,-62.865],[143.0,-63.217],[139.75,-63.415],[137.25,-63.828],[136.0,-63.768],[135.75,-63.645],[134.992,-63.5]]]},"properties":{"hvalue":6.0,"color":"#ff9600"}},{"type":"Feature","geometry":{"type":"Polygon","coordinates":[[[82.665,-40.5],[84.0,-40.233],[84.392,-40.25],[84.902,-40.5],[84.963,-40.75],[84.5,-40.892],[83.25,-40.83],[82.931,-40.75],[82.665,-40.5]]]},"properties":{"hvalue":6.0,"color":"#ff9600"}},{"type":"Feature","geometry":{"type":"Polygon","coordinates":[[[154.75,42.494],[154.634,42.75],[154.75,42.866],[154.944,42.75],[154.75,42.494]]]},"properties":{"hvalue":6.0,"color":"#ff9600"}},{"type":"Feature","geometry":{"type":"Polygon","coordinates":[[[-141.378,-52.25],[-141.5,-52.303],[-141.638,-52.25],[-141.5,-52.221],[-141.378,-52.25]]]},"properties":{"hvalue":8.0,"color":"#fa3c3c"}},{"type":"Feature","geometry":{"type":"Polygon","coordinates":[[[-146.915,-52.0],[-148.07,-51.75],[-148.092,-51.5],[-147.5,-50.991],[-146.503,-50.5],[-146.322,-50.25],[-145.463,-50.0],[-145.0,-49.947],[-143.75,-50.188],[-143.117,-50.5],[-143.208,-50.75],[-142.479,-51.0],[-143.0,-51.046],[-143.25,-51.143],[-143.401,-51.25],[-143.494,-51.5],[-143.724,-51.75],[-143.25,-52.213],[-143.11,-52.25],[-146.25,-52.59],[-146.696,-52.5],[-146.915,-52.0]]]},"properties":{"hvalue":8.0,"color":"#fa3c3c"}},{"type":"Feature","geometry":{"type":"Polygon","coordinates":[[[2.964,-46.5],[2.5,-46.553],[2.325,-46.5],[2.5,-46.335],[2.964,-46.5]]]},"properties":{"hvalue":8.0,"color":"#fa3c3c"}},{"type":"Feature","geometry":{"type":"Polygon","coordinates":[[[-0.75,-47.524],[-2.0,-47.091],[-3.139,-46.5],[-3.303,-46.0],[-2.696,-45.75],[-2.5,-45.2],[-1.25,-45.223],[-0.318,-45.75],[0.021,-46.75],[-0.031,-47.0],[-0.227,-47.25],[-0.75,-47.524]]]},"properties":{"hvalue":8.0,"color":"#fa3c3c"}},{"type":"Feature","geometry":{"type":"Polygon","coordinates":[[[2.75,-45.158],[3.48,-45.25],[3.953,-45.5],[3.75,-45.656],[3.25,-45.607],[2.637,-45.25],[2.75,-45.158]]]},"properties":{"hvalue":8.0,"color":"#fa3c3c"}},{"type":"Feature","geometry":{"type":"Polygon","coordinates":[[[-160.5,21.949],[-161.75,22.114],[-162.0,22.362],[-162.064,22.75],[-161.987,23.0],[-161.75,23.285],[-161.0,23.684],[-160.5,23.771],[-160.25,23.674],[-159.856,23.25],[-159.796,23.0],[-159.894,22.5],[-160.0,22.348],[-160.5,21.949]]]},"properties":{"hvalue":8.0,"color":"#fa3c3c"}},{"type":"Feature","geometry":{"type":"Polygon","coordinates":[[[93.75,-57.295],[92.463,-57.0],[92.09,-56.75],[92.037,-56.5],[92.25,-56.341],[92.5,-56.281],[93.75,-56.171],[94.75,-56.675],[95.041,-57.0],[94.97,-57.25],[94.5,-57.326],[93.75,-57.295]]]},"properties":{"hvalue":8.0,"color":"#fa3c3c"}},{"type":"Feature","geometry":{"type":"Polygon","coordinates":[[[134.75,-60.724],[134.0,-60.901],[133.75,-60.887],[133.108,-60.5],[130.791,-60.25],[128.699,-59.75],[128.188,-59.5],[128.304,-59.25],[127.645,-59.0],[128.134,-58.75],[128.19,-58.5],[126.5,-58.131],[125.835,-57.75],[125.694,-57.5],[125.332,-57.25],[124.69,-57.0],[124.565,-56.5],[124.711,-56.0],[123.958,-55.75],[123.613,-55.5],[124.016,-55.0],[124.021,-54.75],[123.25,-54.446],[122.25,-54.28],[121.843,-54.0],[122.5,-53.706],[123.913,-53.25],[122.75,-52.937],[122.459,-52.75],[122.429,-52.5],[122.54,-52.25],[123.623,-51.25],[124.045,-51.0],[125.0,-50.648],[125.564,-50.25],[125.295,-49.75],[125.418,-49.5],[125.278,-49.25],[125.32,-49.0],[125.238,-48.75],[125.555,-48.0],[126.635,-47.0],[127.418,-46.0],[128.0,-45.419],[130.0,-44.401],[131.0,-44.019],[131.255,-44.0],[132.0,-44.216],[133.5,-43.994],[134.5,-44.216],[134.75,-44.33],[135.5,-44.923],[136.046,-45.0],[136.75,-45.387],[137.75,-45.746],[138.626,-46.25],[138.748,-46.5],[138.701,-46.75],[138.757,-47.0],[139.5,-47.581],[140.0,-47.747],[140.75,-47.811],[141.0,-47.896],[141.25,-48.126],[141.732,-48.25],[141.507,-48.75],[141.75,-48.905],[142.5,-49.114],[143.75,-49.295],[144.342,-49.5],[144.5,-49.925],[144.679,-50.0],[144.5,-50.093],[144.408,-50.25],[144.598,-50.75],[144.546,-51.0],[144.826,-51.25],[146.0,-51.414],[146.143,-51.5],[146.135,-51.75],[145.827,-52.0],[145.577,-52.5],[146.539,-53.0],[146.7,-53.25],[146.998,-53.5],[147.104,-53.75],[147.0,-53.869],[146.371,-54.0],[146.25,-54.102],[146.25,-54.582],[145.956,-55.0],[146.139,-55.25],[146.488,-55.5],[146.591,-56.0],[146.045,-56.25],[146.413,-56.75],[145.08,-57.5],[144.811,-58.0],[144.5,-58.212],[143.75,-58.528],[142.154,-59.0],[140.75,-59.157],[138.5,-59.776],[136.854,-60.0],[135.25,-61.001],[134.644,-61.0],[134.997,-60.75],[134.75,-60.724]]]},"properties":{"hvalue":8.0,"color":"#fa3c3c"}},{"type":"Feature","geometry":{"type":"Polygon","coordinates":[[[84.75,-48.848],[83.45,-48.25],[83.281,-48.0],[83.179,-47.75],[83.25,-47.47],[82.75,-47.553],[82.5,-47.455],[81.75,-47.484],[81.25,-47.61],[80.25,-48.024],[79.75,-48.068],[77.0,-47.937],[76.5,-47.786],[76.0,-47.473],[75.136,-47.25],[74.985,-47.0],[76.243,-46.5],[77.25,-45.849],[77.854,-45.75],[77.5,-45.496],[76.5,-45.411],[75.0,-45.884],[74.25,-46.014],[73.0,-46.013],[72.0,-46.144],[71.25,-46.06],[71.095,-46.0],[71.75,-45.659],[72.294,-45.25],[72.431,-45.0],[72.349,-44.75],[72.0,-44.543],[71.25,-44.773],[69.5,-45.018],[68.977,-45.0],[69.029,-44.5],[68.816,-44.25],[69.295,-43.75],[69.182,-43.5],[69.266,-43.25],[69.0,-43.163],[68.5,-43.237],[67.0,-43.81],[66.5,-43.886],[66.25,-43.821],[66.223,-43.75],[66.691,-43.25],[66.829,-43.0],[67.469,-42.5],[67.778,-41.5],[68.91,-41.0],[68.73,-40.75],[68.25,-40.511],[68.0,-40.474],[67.5,-40.553],[67.0,-40.918],[66.75,-40.999],[66.25,-40.904],[65.25,-41.072],[64.75,-41.004],[64.5,-40.871],[64.347,-40.5],[64.385,-40.25],[64.545,-40.0],[65.159,-39.5],[65.816,-38.75],[64.954,-38.25],[66.5,-37.953],[67.25,-38.055],[69.25,-37.815],[69.739,-38.0],[70.25,-38.571],[71.22,-39.0],[72.5,-39.06],[73.5,-39.489],[73.778,-39.75],[73.958,-40.25],[74.884,-40.75],[75.016,-41.0],[74.99,-41.75],[75.11,-42.5],[75.222,-42.75],[75.049,-43.25],[75.25,-43.455],[76.0,-43.398],[76.25,-43.45],[76.5,-43.657],[76.582,-43.75],[76.516,-44.0],[76.75,-44.322],[77.012,-44.5],[76.921,-44.75],[76.711,-45.0],[76.75,-45.057],[77.0,-45.194],[78.5,-45.077],[78.75,-45.129],[78.796,-45.25],[78.476,-45.75],[78.75,-46.229],[79.25,-46.199],[80.5,-46.346],[80.714,-46.5],[80.816,-46.75],[81.25,-46.775],[82.0,-46.676],[82.764,-47.0],[83.0,-47.239],[83.5,-47.133],[84.25,-47.238],[84.75,-47.455],[86.001,-47.75],[86.203,-48.25],[86.635,-48.75],[86.5,-48.963],[85.75,-48.707],[85.25,-48.715],[84.75,-48.848]]]},"properties":{"hvalue":8.0,"color":"#fa3c3c"}},{"type":"Feature","geometry":{"type":"Polygon","coordinates":[[[65.37,-42.0],[66.0,-41.685],[66.272,-41.75],[66.09,-42.0],[65.602,-42.25],[65.299,-42.25],[65.37,-42.0]]]},"properties":{"hvalue":8.0,"color":"#fa3c3c"}},{"type":"Feature","geometry":{"type":"Polygon","coordinates":[[[135.38,-58.25],[133.75,-58.032],[132.5,-57.727],[130.217,-57.0],[129.018,-56.75],[128.526,-56.5],[128.67,-56.0],[128.452,-55.75],[128.809,-55.5],[128.955,-55.25],[128.965,-55.0],[128.561,-54.5],[128.688,-54.25],[129.333,-53.75],[129.537,-53.5],[129.25,-53.29],[127.5,-52.818],[127.352,-52.5],[127.51,-52.25],[128.527,-51.75],[128.596,-50.75],[128.515,-50.5],[128.883,-49.75],[129.4,-49.25],[129.394,-49.0],[130.378,-48.25],[130.58,-47.75],[130.75,-47.581],[131.5,-47.119],[132.0,-47.04],[133.0,-47.089],[133.595,-47.5],[134.0,-47.943],[134.25,-48.045],[134.66,-48.5],[134.754,-48.75],[135.119,-49.0],[136.25,-49.099],[136.887,-49.25],[137.021,-49.5],[136.856,-49.75],[137.0,-49.959],[137.75,-50.097],[137.934,-50.25],[138.058,-50.5],[138.815,-50.75],[138.994,-51.0],[139.25,-51.172],[140.0,-51.41],[140.12,-51.5],[140.333,-52.0],[141.566,-52.5],[141.822,-53.0],[141.647,-53.25],[141.698,-53.5],[142.175,-54.0],[142.272,-54.25],[142.5,-54.479],[142.963,-54.75],[143.031,-55.0],[142.826,-55.25],[142.596,-55.75],[142.255,-56.0],[141.028,-56.5],[140.0,-57.282],[137.75,-58.096],[137.0,-58.204],[135.38,-58.25]]]},"properties":{"hvalue":10.0,"color":"#c80000"}},{"type":"Feature","geometry":{"type":"Polygon","coordinates":[[[-160.863,22.5],[-161.461,22.75],[-161.461,23.0],[-161.0,23.386],[-160.5,23.414],[-160.283,23.25],[-160.153,23.0],[-160.103,22.75],[-160.175,22.5],[-160.5,22.257],[-160.863,22.5]]]},"properties":{"hvalue":10.0,"color":"#c80000"}}]}