{"type":"FeatureCollection","name":"wave-fc-2026090820-swh-filled-contours","metadata":{"source":"wave-fc-2026090820.nc","variable":"swh","long_name":"Significant height of combined wind waves and swell","units":"m","time_utc":"2026-09-08T12:00:00Z","grid":{"longitude":1440,"latitude":721},"valid_cells":665628,"data_min":0.004413500428200656,"data_max":12.9011420160532,"breaks":[1.15,1.25,2.0,3.0,4.0,5.0,6.0,8.0,10.0],"colors":["#E2EBF5","#a7c2e0","#6c99d2","#34cc99","#6bff6b","#fee600","#ff9600","#fa3c3c","#c80000"],"contour_mode":"cumulative_overlay","paint_order":"low_to_high","simplify_tolerance_degrees":0.04},"features":[{"type":"Feature","geometry":{"type":"Polygon","coordinates":[[[-158.25,-77.469],[-158.0,-77.5],[-158.25,-77.5],[-158.334,-77.584],[-158.25,-77.469]]]},"properties":{"variable":"swh","unit":"m","hvalue":1.15,"min":1.15,"max":1.25,"label":"1.15–1.25 m","color":"#E2EBF5","band":0}},{"type":"Feature","geometry":{"type":"Polygon","coordinates":[[[-151.0,-77.207],[-150.962,-77.212],[-151.0,-77.25],[-151.042,-77.208],[-151.0,-77.207]]]},"properties":{"variable":"swh","unit":"m","hvalue":1.15,"min":1.15,"max":1.25,"label":"1.15–1.25 m","color":"#E2EBF5","band":0}},{"type":"Feature","geometry":{"type":"Polygon","coordinates":[[[-149.451,-76.451],[-149.5,-76.5],[-149.452,-76.548],[-149.652,-76.5],[-149.451,-76.451]]]},"properties":{"variable":"swh","unit":"m","hvalue":1.15,"min":1.15,"max":1.25,"label":"1.15–1.25 m","color":"#E2EBF5","band":0}},{"type":"Feature","geometry":{"type":"Polygon","coordinates":[[[-142.0,-75.439],[-141.939,-75.439],[-142.0,-75.5],[-142.061,-75.439],[-142.0,-75.439]]]},"properties":{"variable":"swh","unit":"m","hvalue":1.15,"min":1.15,"max":1.25,"label":"1.15–1.25 m","color":"#E2EBF5","band":0}},{"type":"Feature","geometry":{"type":"Polygon","coordinates":[[[164.394,-75.0],[164.25,-75.065],[164.321,-74.929],[164.394,-75.0]]]},"properties":{"variable":"swh","unit":"m","hvalue":1.15,"min":1.15,"max":1.25,"label":"1.15–1.25 m","color":"#E2EBF5","band":0}},{"type":"Feature","geometry":{"type":"Polygon","coordinates":[[[-95.4,-72.4],[-94.75,-72.348],[-94.25,-72.394],[-93.899,-72.5],[-95.25,-72.5],[-95.5,-72.5],[-95.4,-72.4]]]},"properties":{"variable":"swh","unit":"m","hvalue":1.15,"min":1.15,"max":1.25,"label":"1.15–1.25 m","color":"#E2EBF5","band":0}},{"type":"Feature","geometry":{"type":"Polygon","coordinates":[[[32.0,-68.954],[32.112,-69.0],[32.0,-69.0],[31.922,-69.0],[32.0,-68.954]]]},"properties":{"variable":"swh","unit":"m","hvalue":1.15,"min":1.15,"max":1.25,"label":"1.15–1.25 m","color":"#E2EBF5","band":0}},{"type":"Feature","geometry":{"type":"Polygon","coordinates":[[[156.25,-68.956],[156.3,-69.0],[156.0,-69.0],[155.933,-68.933],[156.25,-68.956]]]},"properties":{"variable":"swh","unit":"m","hvalue":1.15,"min":1.15,"max":1.25,"label":"1.15–1.25 m","color":"#E2EBF5","band":0}},{"type":"Feature","geometry":{"type":"Polygon","coordinates":[[[129.25,33.25],[129.487,33.013],[129.698,32.5],[130.007,32.007],[130.0,31.75],[130.137,31.25],[130.5,30.911],[130.567,31.0],[130.897,31.103],[131.0,31.0],[131.5,31.5],[131.5,31.75],[131.75,32.0],[131.75,32.25],[132.0,32.5],[132.0,33.0],[131.882,33.118],[132.0,33.408],[132.25,33.346],[132.25,33.0],[132.5,32.75],[133.0,32.75],[133.75,33.5],[134.0,33.25],[134.25,33.25],[134.75,33.75],[134.75,34.0],[135.0,34.25],[135.0,34.0],[135.75,33.25],[136.25,33.75],[136.25,34.0],[136.5,34.0],[137.0,34.5],[136.852,34.648],[137.326,34.674],[137.5,34.5],[138.0,34.5],[138.5,35.0],[138.7,35.0],[138.75,34.956],[138.75,34.75],[139.0,34.5],[139.25,34.75],[139.25,35.0],[139.567,35.317],[139.75,35.152],[139.75,35.0],[140.0,34.75],[140.5,35.25],[140.5,35.5],[140.75,35.5],[141.0,35.75],[140.75,36.0],[140.75,36.75],[141.0,37.0],[141.0,38.0],[141.75,38.75],[141.75,39.0],[142.0,39.25],[142.0,39.5],[142.25,39.75],[142.0,40.0],[142.0,40.25],[141.4,40.85],[141.377,41.25],[141.25,41.41],[141.0,41.5],[141.25,41.75],[140.75,42.25],[140.68,42.25],[140.923,42.327],[141.0,42.25],[141.25,42.25],[141.5,42.5],[141.894,42.5],[142.066,42.434],[142.25,42.25],[142.5,42.25],[142.75,42.0],[143.0,42.0],[143.25,41.75],[143.5,42.0],[143.5,42.5],[143.75,42.75],[144.0,42.75],[144.25,43.0],[144.5,42.75],[144.75,42.75],[145.0,43.0],[145.25,43.0],[145.5,43.25],[145.398,43.352],[145.5,43.447],[145.717,43.5],[145.57,43.57],[146.0,44.0],[146.25,44.0],[146.5,44.25],[146.265,44.485],[146.25,44.586],[145.972,44.75],[146.0,44.899],[146.152,45.0],[146.5,44.992],[146.761,44.75],[147.052,44.698],[147.25,44.5],[147.5,44.75],[148.0,44.75],[148.5,45.25],[148.299,45.451],[148.551,45.449],[148.75,45.25],[149.0,45.5],[148.75,45.75],[148.59,45.59],[148.189,45.75],[147.398,46.25],[147.163,46.5],[147.072,46.75],[146.997,47.5],[146.75,47.72],[146.5,47.822],[146.25,47.814],[145.75,47.518],[145.5,47.457],[144.75,47.41],[144.25,47.57],[143.25,47.397],[143.066,47.5],[143.176,47.75],[143.0,48.282],[142.941,48.691],[143.086,49.0],[143.25,49.108],[143.5,49.157],[144.187,49.063],[144.25,49.0],[144.5,49.25],[144.25,49.5],[144.25,49.75],[144.0,50.0],[144.0,50.25],[143.75,50.5],[143.75,51.0],[143.5,51.25],[143.5,51.75],[143.324,51.926],[144.0,53.341],[144.75,53.602],[145.0,53.625],[145.25,53.559],[145.5,53.646],[146.75,54.342],[147.684,54.75],[147.5,54.959],[146.75,55.03],[146.0,54.935],[145.892,55.25],[145.5,55.418],[144.25,55.414],[144.0,55.469],[143.611,55.75],[143.637,56.5],[143.75,56.568],[144.5,56.517],[145.75,56.642],[146.374,57.0],[147.886,57.5],[149.0,58.194],[149.372,58.5],[150.0,58.798],[151.216,58.784],[151.5,58.681],[152.5,58.645],[152.933,58.5],[153.25,58.265],[153.5,58.231],[153.89,58.25],[155.75,58.603],[156.0,58.782],[157.131,59.25],[157.342,59.5],[156.75,59.597],[156.35,59.75],[156.218,60.25],[156.443,60.5],[156.349,60.75],[156.5,60.791],[157.091,61.25],[157.436,61.25],[157.75,61.078],[158.75,61.226],[159.25,61.231],[159.5,61.165],[159.559,61.0],[159.75,60.857],[159.933,60.817],[160.25,60.5],[160.75,60.5],[160.934,60.684],[162.0,61.088],[162.753,61.5],[163.75,61.607],[163.784,61.534],[163.684,61.25],[163.25,61.102],[162.618,60.75],[162.0,60.566],[161.642,60.25],[159.935,59.5],[159.295,59.25],[157.5,58.884],[156.75,58.617],[155.5,58.407],[154.4,57.75],[154.352,57.5],[155.5,57.374],[156.0,57.187],[156.164,57.0],[155.99,56.74],[155.5,56.25],[155.75,56.0],[155.5,55.75],[155.5,54.5],[155.75,54.25],[155.75,54.0],[156.0,53.75],[156.0,52.75],[156.25,52.5],[156.25,51.5],[156.5,51.25],[156.5,51.118],[155.675,51.0],[155.712,50.75],[155.182,50.25],[155.5,49.95],[156.0,50.07],[156.382,50.25],[157.75,51.5],[158.0,51.5],[158.5,52.0],[158.5,52.25],[158.75,52.5],[158.75,52.75],[159.0,53.0],[159.75,53.0],[160.0,53.25],[160.176,53.926],[160.75,54.5],[161.0,54.5],[161.25,54.25],[161.5,54.25],[161.75,54.5],[162.0,54.5],[162.25,54.75],[162.084,54.916],[162.156,55.5],[162.25,55.772],[162.541,56.0],[163.25,56.0],[163.5,56.25],[163.5,56.484],[163.75,56.868],[164.0,56.916],[164.75,56.896],[166.146,57.25],[166.506,57.5],[166.75,57.836],[167.205,58.25],[168.478,59.0],[168.378,59.25],[168.25,59.276],[167.696,59.75],[167.62,60.0],[167.843,60.25],[168.75,60.279],[169.0,60.035],[169.5,59.811],[170.787,59.75],[170.859,59.5],[170.75,59.334],[170.5,59.306],[170.0,59.452],[169.25,59.363],[169.0,59.221],[168.814,59.0],[168.793,58.5],[168.879,58.25],[169.25,57.998],[170.75,57.73],[172.0,57.758],[173.0,57.679],[173.5,57.549],[174.75,57.062],[176.5,56.686],[178.0,56.799],[179.5,57.301],[179.75,57.331],[179.75,52.25],[179.5,52.0],[179.75,51.75],[179.75,-15.515],[179.25,-15.422],[179.0,-15.472],[178.5,-15.702],[177.75,-16.162],[177.5,-16.382],[177.125,-17.0],[177.214,-17.25],[177.119,-17.5],[177.186,-17.814],[177.0,-18.0],[177.25,-18.25],[177.717,-18.25],[177.75,-18.531],[177.798,-18.298],[178.0,-18.5],[178.163,-18.337],[178.25,-18.401],[178.336,-18.5],[177.917,-19.0],[178.25,-19.25],[178.542,-19.0],[178.687,-18.75],[178.805,-18.25],[179.353,-18.0],[179.589,-17.75],[179.75,-17.388],[179.75,-65.526],[178.5,-65.238],[177.75,-65.164],[177.37,-65.0],[177.194,-64.75],[176.75,-64.643],[174.5,-64.453],[173.5,-63.924],[173.25,-63.874],[171.75,-63.841],[171.25,-64.093],[170.75,-64.213],[170.25,-64.213],[169.5,-64.09],[168.25,-64.202],[167.5,-64.102],[165.75,-63.378],[165.0,-63.231],[163.25,-63.103],[162.0,-63.19],[158.25,-63.219],[157.25,-63.376],[156.0,-63.401],[155.5,-63.496],[153.735,-64.0],[152.674,-64.75],[150.5,-65.172],[149.0,-65.56],[145.005,-66.0],[145.176,-66.25],[145.5,-66.319],[145.731,-66.5],[146.25,-66.567],[146.425,-66.75],[146.204,-66.954],[146.0,-66.75],[145.25,-66.75],[145.0,-67.0],[145.0,-67.25],[144.5,-67.25],[144.25,-67.0],[144.102,-67.0],[144.0,-66.828],[143.956,-67.0],[143.75,-67.0],[143.5,-66.75],[141.023,-66.75],[141.0,-66.699],[140.622,-66.622],[140.5,-66.5],[138.107,-66.5],[138.0,-66.279],[137.5,-66.215],[136.996,-66.25],[136.75,-66.055],[136.25,-65.913],[135.525,-66.025],[130.5,-66.0],[130.449,-66.051],[129.272,-65.75],[126.0,-65.193],[125.0,-65.133],[123.25,-65.205],[122.25,-65.148],[119.595,-64.5],[117.5,-64.123],[116.0,-63.733],[115.0,-63.663],[113.0,-63.716],[111.75,-63.629],[104.0,-62.516],[100.5,-62.523],[99.75,-62.433],[98.75,-62.165],[98.0,-62.102],[94.0,-62.099],[92.0,-62.259],[90.75,-62.214],[89.0,-62.027],[86.5,-61.641],[85.5,-61.204],[84.75,-60.697],[84.25,-60.502],[80.75,-60.194],[80.0,-60.26],[78.0,-60.643],[75.25,-60.935],[72.25,-61.578],[70.25,-61.824],[68.0,-62.197],[65.75,-62.239],[62.25,-62.138],[61.0,-62.241],[59.0,-62.236],[57.75,-62.385],[56.5,-62.194],[54.75,-62.632],[54.25,-62.566],[53.25,-62.177],[52.75,-62.139],[52.0,-62.246],[51.5,-62.468],[51.0,-62.596],[50.0,-62.69],[48.25,-62.569],[45.75,-62.205],[44.0,-62.171],[39.75,-61.833],[39.412,-61.75],[39.0,-61.514],[38.25,-61.429],[34.25,-61.622],[32.25,-61.421],[31.25,-61.159],[30.75,-61.091],[28.75,-61.234],[28.0,-61.417],[27.5,-61.411],[27.0,-61.2],[26.75,-60.911],[26.419,-60.75],[26.0,-60.661],[25.5,-60.336],[24.0,-60.322],[23.5,-60.224],[22.755,-59.75],[21.75,-59.403],[21.25,-58.971],[20.5,-58.785],[19.818,-58.5],[18.25,-58.144],[17.25,-58.083],[16.0,-57.778],[14.5,-57.618],[13.5,-57.283],[13.0,-56.878],[12.75,-56.779],[11.75,-56.633],[11.25,-56.608],[10.5,-56.79],[8.5,-57.099],[6.25,-57.138],[4.5,-57.354],[3.25,-57.275],[2.25,-56.963],[1.5,-56.847],[1.0,-57.027],[0.25,-57.138],[-0.5,-57.354],[-1.75,-57.324],[-4.75,-57.538],[-6.75,-57.566],[-8.5,-57.844],[-10.0,-57.738],[-12.25,-58.095],[-13.5,-58.148],[-14.5,-57.979],[-15.25,-58.016],[-16.0,-57.964],[-17.25,-57.683],[-18.75,-57.596],[-19.25,-57.435],[-19.869,-57.0],[-21.25,-56.707],[-21.5,-56.725],[-21.946,-57.0],[-22.25,-57.052],[-23.5,-56.832],[-24.25,-56.941],[-24.75,-56.922],[-25.25,-56.496],[-26.25,-56.113],[-26.75,-55.641],[-27.75,-55.311],[-29.0,-55.192],[-29.604,-55.25],[-29.75,-55.353],[-29.878,-55.5],[-29.973,-56.0],[-29.953,-56.25],[-30.049,-56.5],[-30.737,-57.25],[-31.25,-57.441],[-32.988,-57.5],[-35.0,-57.859],[-36.5,-57.974],[-37.0,-58.087],[-38.5,-58.62],[-39.0,-58.674],[-39.5,-58.602],[-41.0,-58.804],[-41.578,-59.0],[-42.484,-59.5],[-42.75,-59.584],[-45.544,-60.0],[-47.5,-60.381],[-48.772,-60.5],[-50.0,-60.907],[-50.75,-61.078],[-53.0,-61.337],[-54.0,-61.155],[-55.0,-61.156],[-55.186,-61.25],[-55.0,-61.468],[-54.5,-61.479],[-53.933,-61.75],[-54.75,-61.956],[-56.25,-62.14],[-57.5,-62.416],[-57.636,-62.5],[-57.688,-62.75],[-57.5,-63.008],[-58.174,-63.25],[-58.5,-63.25],[-58.958,-63.5],[-59.25,-63.5],[-59.5,-63.723],[-60.5,-63.75],[-60.75,-63.5],[-61.0,-63.75],[-61.0,-64.011],[-61.25,-64.186],[-61.506,-64.256],[-61.75,-64.25],[-61.756,-64.0],[-62.0,-63.95],[-63.0,-64.103],[-63.398,-64.0],[-63.389,-63.75],[-63.268,-63.5],[-63.0,-63.24],[-62.75,-63.11],[-62.69,-63.0],[-62.528,-62.25],[-62.334,-62.0],[-62.5,-61.895],[-62.75,-61.875],[-65.5,-62.394],[-66.75,-62.909],[-68.25,-62.991],[-68.827,-63.25],[-69.5,-63.44],[-70.25,-63.576],[-72.135,-63.75],[-74.5,-64.294],[-76.33,-64.5],[-76.75,-64.672],[-77.25,-64.721],[-77.75,-64.674],[-78.25,-64.471],[-79.0,-64.448],[-79.402,-64.5],[-80.015,-64.75],[-80.472,-65.25],[-81.25,-65.646],[-83.0,-66.333],[-83.75,-66.501],[-84.25,-66.529],[-85.5,-66.367],[-86.5,-66.523],[-86.75,-66.47],[-87.0,-66.224],[-87.5,-66.126],[-88.75,-66.338],[-90.0,-66.403],[-91.75,-66.67],[-92.5,-66.878],[-92.75,-67.015],[-95.0,-67.051],[-95.75,-67.112],[-96.25,-67.254],[-99.25,-67.356],[-99.5,-67.423],[-101.5,-67.572],[-102.5,-67.959],[-103.25,-68.128],[-104.25,-68.08],[-104.5,-68.009],[-104.75,-67.84],[-106.0,-67.806],[-106.25,-67.695],[-107.75,-67.618],[-108.25,-67.413],[-108.75,-67.296],[-109.25,-67.029],[-109.75,-66.605],[-110.0,-66.547],[-110.5,-66.639],[-110.694,-66.75],[-110.75,-66.875],[-111.0,-67.075],[-112.062,-67.75],[-113.25,-67.797],[-114.25,-68.19],[-114.75,-68.508],[-116.0,-68.574],[-116.5,-68.386],[-117.5,-68.322],[-117.75,-68.192],[-119.0,-68.094],[-119.25,-67.972],[-119.5,-68.06],[-120.5,-67.79],[-120.75,-67.627],[-121.288,-67.5],[-121.25,-67.439],[-120.75,-67.33],[-120.692,-67.25],[-120.75,-67.225],[-121.378,-67.25],[-121.75,-67.426],[-123.0,-67.442],[-123.25,-67.414],[-123.542,-67.25],[-124.0,-67.136],[-125.75,-67.166],[-126.75,-66.748],[-130.25,-66.573],[-130.566,-66.5],[-130.75,-66.374],[-131.25,-66.292],[-133.104,-66.25],[-133.75,-65.895],[-134.25,-65.533],[-134.616,-65.5],[-134.75,-65.407],[-135.25,-65.313],[-136.752,-65.25],[-137.25,-64.901],[-138.25,-64.599],[-138.613,-64.0],[-138.75,-63.882],[-139.0,-63.81],[-139.869,-63.75],[-140.25,-63.589],[-141.5,-62.807],[-141.855,-62.5],[-143.0,-62.43],[-144.0,-61.881],[-145.5,-61.65],[-146.0,-61.431],[-146.819,-60.75],[-147.25,-60.476],[-147.75,-60.396],[-148.25,-60.493],[-148.789,-60.75],[-149.81,-61.5],[-150.5,-61.846],[-152.394,-63.0],[-155.686,-64.25],[-156.596,-64.75],[-158.0,-65.131],[-159.25,-65.24],[-160.5,-65.486],[-161.5,-65.568],[-164.25,-65.485],[-166.75,-65.542],[-168.25,-65.462],[-169.75,-65.78],[-171.0,-65.878],[-172.25,-65.853],[-173.5,-65.747],[-174.5,-65.907],[-175.75,-65.95],[-176.25,-65.885],[-176.614,-65.75],[-177.5,-65.645],[-178.25,-65.744],[-178.5,-65.884],[-178.75,-65.878],[-179.25,-65.493],[-180.0,-65.547],[-180.0,-18.534],[-179.943,-18.5],[-180.0,-18.449],[-180.0,-17.25],[-179.598,-16.75],[-179.425,-16.0],[-180.0,-15.534],[-180.0,57.337],[-179.5,57.382],[-178.5,57.594],[-177.0,57.645],[-174.75,58.238],[-173.75,58.31],[-173.0,58.5],[-172.5,58.441],[-170.75,58.587],[-170.5,58.568],[-170.0,58.248],[-169.0,58.325],[-167.25,58.291],[-164.25,57.98],[-163.0,57.952],[-161.75,57.99],[-159.75,58.446],[-159.162,58.412],[-159.0,58.25],[-158.5,58.444],[-157.75,58.466],[-157.75,58.136],[-158.341,57.409],[-158.785,57.0],[-159.0,57.0],[-159.25,56.75],[-159.75,56.75],[-160.0,56.5],[-160.25,56.5],[-160.621,56.129],[-161.291,56.0],[-161.75,56.0],[-162.0,55.75],[-162.25,55.75],[-162.5,55.5],[-162.75,55.5],[-163.0,55.25],[-163.0,55.146],[-163.364,55.114],[-163.5,55.25],[-163.75,55.25],[-164.0,55.0],[-164.5,55.0],[-165.0,54.5],[-164.75,54.25],[-164.5,54.25],[-164.25,54.5],[-163.25,54.5],[-163.0,54.75],[-163.08,54.83],[-162.922,54.922],[-162.75,54.75],[-162.557,54.943],[-162.25,54.909],[-161.5,55.209],[-161.347,55.347],[-161.25,55.25],[-161.0,55.25],[-160.75,55.0],[-160.5,55.0],[-160.25,55.25],[-160.25,55.352],[-160.0,55.209],[-159.75,55.185],[-159.533,55.25],[-159.881,55.5],[-159.636,55.636],[-159.5,55.5],[-159.25,55.75],[-158.75,55.75],[-158.5,56.0],[-158.25,56.0],[-157.75,56.5],[-157.5,56.5],[-157.25,56.75],[-157.0,56.75],[-156.75,57.0],[-156.5,57.0],[-156.25,57.25],[-156.0,57.25],[-155.5,57.75],[-155.25,57.75],[-155.0,58.0],[-154.75,57.75],[-154.5,58.0],[-154.25,58.0],[-153.834,58.5],[-153.5,58.5],[-153.25,58.75],[-153.301,58.801],[-153.138,59.5],[-153.0,59.5],[-152.487,60.0],[-152.25,60.323],[-152.0,60.29],[-151.75,60.496],[-151.55,60.25],[-152.0,59.75],[-151.905,59.655],[-151.917,59.5],[-152.0,59.5],[-152.25,59.25],[-152.016,59.016],[-152.75,58.698],[-153.74,58.0],[-154.274,57.75],[-154.5,57.75],[-154.75,57.5],[-154.75,57.25],[-154.531,57.031],[-154.403,56.75],[-154.397,56.603],[-154.5,56.5],[-154.25,56.25],[-153.5,57.0],[-153.0,57.0],[-152.75,57.25],[-152.5,57.25],[-152.25,57.5],[-152.18,58.0],[-152.0,58.0],[-151.75,58.25],[-151.86,58.36],[-151.833,58.5],[-151.937,58.75],[-151.944,59.0],[-151.0,59.0],[-150.75,59.25],[-150.25,59.25],[-150.0,59.5],[-149.75,59.5],[-149.484,59.75],[-148.5,59.75],[-148.25,60.0],[-148.0,59.75],[-147.797,59.953],[-147.709,59.959],[-147.5,59.75],[-147.25,60.0],[-147.344,60.094],[-147.25,60.089],[-147.0,60.359],[-146.347,60.347],[-146.25,60.25],[-145.034,60.25],[-144.625,60.125],[-144.5,60.0],[-144.25,59.971],[-142.0,60.0],[-141.75,59.75],[-141.25,59.75],[-141.0,59.5],[-140.0,59.5],[-139.75,59.25],[-139.0,59.25],[-138.75,59.0],[-138.25,59.0],[-137.75,58.5],[-137.5,58.5],[-137.25,58.25],[-136.543,58.25],[-136.75,58.0],[-136.25,57.5],[-136.0,57.5],[-136.0,57.25],[-135.75,57.0],[-135.5,57.0],[-135.5,56.75],[-135.25,56.5],[-135.0,56.5],[-135.0,56.25],[-134.75,56.0],[-134.585,56.165],[-134.5,56.154],[-134.0,55.846],[-133.803,55.803],[-133.75,55.75],[-133.75,55.5],[-133.624,55.374],[-133.606,55.25],[-133.115,54.865],[-133.369,54.75],[-132.722,54.5],[-133.0,54.433],[-133.141,54.25],[-133.151,54.099],[-133.25,54.0],[-133.25,53.75],[-132.0,52.5],[-131.75,52.5],[-131.75,52.25],[-131.5,52.0],[-131.25,52.0],[-131.188,52.062],[-131.0,51.889],[-129.75,51.89],[-129.227,51.75],[-128.869,51.5],[-128.774,51.25],[-128.783,51.0],[-128.657,50.75],[-128.381,50.631],[-127.75,50.0],[-127.643,50.0],[-127.183,49.75],[-126.5,49.217],[-125.232,48.5],[-125.245,48.25],[-124.975,47.75],[-124.98,47.5],[-124.786,47.25],[-124.55,46.75],[-124.58,46.5],[-124.43,46.0],[-124.25,45.656],[-124.187,45.25],[-124.25,44.595],[-124.348,44.25],[-124.374,43.626],[-124.5,43.5],[-124.504,42.996],[-124.75,42.75],[-124.5,42.5],[-124.5,42.0],[-124.25,41.75],[-124.25,40.836],[-124.298,40.702],[-124.5,40.5],[-124.5,40.25],[-124.0,39.75],[-124.0,39.25],[-123.75,39.0],[-123.75,38.75],[-122.75,37.75],[-122.75,37.5],[-122.0,36.75],[-122.0,36.25],[-121.25,35.5],[-121.0,35.5],[-121.0,35.25],[-120.75,35.0],[-120.75,34.75],[-120.25,34.25],[-120.132,34.25],[-120.051,34.0],[-119.75,33.75],[-119.5,34.0],[-119.59,34.09],[-119.4,34.15],[-119.25,34.0],[-118.571,34.0],[-118.552,33.75],[-118.632,33.5],[-118.5,33.298],[-118.267,33.5],[-118.319,33.569],[-118.25,33.5],[-117.75,33.5],[-117.333,33.083],[-117.25,32.863],[-117.25,32.5],[-117.0,32.25],[-117.0,32.0],[-116.75,31.75],[-116.75,31.5],[-116.5,31.25],[-116.5,31.0],[-116.25,30.75],[-116.25,30.5],[-115.75,30.0],[-115.75,29.75],[-115.5,29.5],[-115.25,29.5],[-114.734,28.984],[-114.776,28.75],[-115.276,28.25],[-115.056,27.944],[-115.25,27.75],[-115.0,27.5],[-114.75,27.5],[-114.0,26.75],[-113.588,26.75],[-113.5,26.674],[-113.096,26.596],[-112.5,26.0],[-112.286,26.0],[-112.25,25.122],[-112.303,25.0],[-112.25,24.75],[-112.0,24.5],[-111.75,24.31],[-111.543,24.293],[-111.25,24.0],[-111.0,24.0],[-110.25,23.25],[-110.25,23.0],[-110.0,22.75],[-109.75,22.75],[-108.75,23.72],[-108.25,23.701],[-108.0,23.917],[-107.75,23.98],[-107.5,23.92],[-107.0,23.642],[-106.232,22.982],[-106.682,21.75],[-106.5,21.552],[-106.25,21.477],[-106.0,21.613],[-105.75,21.517],[-105.471,21.279],[-105.5,21.0],[-105.75,20.75],[-105.75,20.0],[-105.0,19.25],[-104.75,19.25],[-104.25,18.75],[-104.0,18.75],[-103.25,18.0],[-102.5,18.0],[-102.25,17.75],[-101.75,17.75],[-101.0,17.0],[-100.25,17.0],[-99.75,16.5],[-98.75,16.5],[-98.75,16.25],[-98.5,16.0],[-98.0,16.0],[-97.75,15.75],[-97.25,15.75],[-97.0,15.5],[-96.25,15.5],[-96.007,15.743],[-95.5,15.75],[-95.216,16.034],[-94.75,16.178],[-94.5,16.0],[-94.279,16.0],[-94.0,15.634],[-93.0,15.104],[-92.464,14.714],[-91.5,13.75],[-90.25,13.75],[-89.75,13.25],[-89.0,13.25],[-88.75,13.0],[-87.745,13.005],[-87.5,12.612],[-87.0,12.245],[-86.806,12.0],[-86.72,11.75],[-86.017,11.25],[-85.957,11.0],[-86.0,10.25],[-85.816,10.0],[-85.25,9.5],[-84.75,9.56],[-84.5,9.25],[-84.025,9.25],[-83.893,9.0],[-83.904,8.75],[-83.5,8.25],[-83.25,8.291],[-83.0,8.0],[-82.907,8.093],[-82.5,8.081],[-82.253,8.0],[-81.991,7.75],[-82.0,7.5],[-81.75,7.149],[-81.5,7.218],[-80.909,7.159],[-80.75,7.0],[-80.604,7.146],[-80.25,7.227],[-80.0,7.379],[-79.869,7.5],[-79.75,7.808],[-79.5,7.943],[-79.25,7.906],[-79.083,7.5],[-79.114,7.25],[-79.296,6.75],[-79.612,6.25],[-79.75,6.084],[-80.25,5.877],[-81.25,6.031],[-81.693,5.75],[-82.115,5.25],[-82.245,5.0],[-82.176,4.75],[-82.32,4.25],[-82.6,4.0],[-82.846,3.5],[-82.496,3.25],[-82.25,2.953],[-81.5,2.933],[-81.0,3.147],[-80.5,3.254],[-80.0,2.779],[-79.0,2.794],[-78.87,2.75],[-78.95,2.5],[-80.131,1.0],[-80.574,0.0],[-80.869,-0.869],[-81.0,-1.0],[-81.0,-1.75],[-80.952,-1.798],[-81.0,-2.25],[-80.495,-2.75],[-80.7,-3.25],[-81.333,-4.25],[-81.336,-4.336],[-81.5,-4.5],[-81.27,-4.73],[-81.25,-5.25],[-81.117,-5.383],[-81.144,-5.894],[-81.25,-6.0],[-80.75,-6.5],[-80.643,-6.393],[-80.5,-6.399],[-80.25,-6.632],[-80.0,-6.75],[-80.0,-7.0],[-79.75,-7.25],[-79.75,-7.5],[-79.5,-7.75],[-79.5,-8.0],[-79.25,-8.25],[-79.0,-8.25],[-79.0,-8.5],[-78.75,-8.821],[-78.75,-9.0],[-78.5,-9.25],[-78.5,-9.75],[-78.25,-10.0],[-78.25,-10.25],[-78.0,-10.5],[-78.0,-10.75],[-77.75,-11.0],[-77.75,-11.25],[-77.25,-11.75],[-77.25,-12.0],[-77.0,-12.25],[-77.0,-12.5],[-76.75,-12.75],[-76.75,-13.0],[-76.327,-13.423],[-76.374,-13.874],[-76.5,-14.0],[-76.0,-14.5],[-76.0,-14.75],[-75.5,-15.25],[-75.25,-15.25],[-74.5,-16.0],[-74.25,-16.0],[-74.0,-16.25],[-73.75,-16.25],[-73.5,-16.5],[-73.25,-16.5],[-73.0,-16.75],[-72.5,-16.75],[-72.0,-17.25],[-71.75,-17.25],[-71.5,-17.5],[-71.5,-17.75],[-71.25,-18.0],[-71.0,-18.0],[-70.5,-18.5],[-70.5,-19.25],[-70.25,-19.5],[-70.277,-22.25],[-70.5,-22.5],[-70.5,-22.8],[-70.631,-23.0],[-70.63,-23.13],[-70.75,-23.25],[-70.6,-23.4],[-70.545,-23.75],[-70.562,-24.062],[-70.75,-24.25],[-70.75,-24.75],[-70.5,-25.0],[-70.5,-25.124],[-70.562,-25.312],[-70.75,-25.5],[-70.75,-26.609],[-70.838,-26.838],[-71.0,-27.0],[-71.0,-27.5],[-71.25,-27.75],[-71.25,-28.329],[-71.598,-29.0],[-71.5,-29.122],[-71.5,-30.017],[-71.674,-30.25],[-71.75,-30.5],[-71.75,-31.75],[-71.515,-31.985],[-71.75,-32.25],[-71.5,-32.5],[-71.75,-32.75],[-71.75,-33.568],[-72.0,-34.0],[-72.0,-34.25],[-72.25,-34.5],[-72.25,-34.942],[-72.75,-35.5],[-72.75,-35.75],[-73.0,-36.0],[-73.0,-36.349],[-73.286,-36.75],[-73.598,-37.0],[-73.613,-37.113],[-73.75,-37.25],[-73.75,-37.75],[-73.5,-38.0],[-73.5,-38.132],[-73.602,-38.25],[-73.576,-38.326],[-73.75,-38.5],[-73.5,-38.75],[-73.5,-39.0],[-73.271,-39.25],[-73.5,-39.5],[-73.5,-39.75],[-74.0,-40.25],[-74.0,-41.5],[-73.921,-41.579],[-74.009,-41.759],[-74.25,-42.0],[-74.25,-42.75],[-74.5,-43.0],[-74.5,-43.25],[-74.329,-43.421],[-74.5,-43.346],[-74.716,-43.5],[-74.5,-43.608],[-74.25,-43.556],[-74.114,-43.75],[-74.5,-44.25],[-74.5,-44.339],[-74.725,-44.5],[-74.75,-44.75],[-74.5,-45.023],[-74.844,-45.594],[-75.25,-46.0],[-75.25,-46.25],[-75.75,-46.75],[-75.5,-47.0],[-75.25,-47.0],[-75.128,-46.878],[-74.856,-46.894],[-74.75,-47.0],[-74.395,-47.0],[-74.402,-47.152],[-74.5,-47.316],[-74.725,-47.5],[-74.942,-47.558],[-75.0,-47.5],[-75.33,-47.75],[-75.5,-48.0],[-75.5,-48.25],[-75.75,-48.5],[-75.75,-49.25],[-75.5,-49.5],[-75.75,-49.75],[-75.5,-50.0],[-75.5,-50.5],[-75.25,-50.75],[-75.25,-52.0],[-75.0,-52.25],[-75.25,-52.5],[-75.25,-53.0],[-75.0,-53.25],[-74.75,-53.25],[-74.5,-53.0],[-74.25,-53.25],[-73.908,-53.25],[-73.815,-53.315],[-74.0,-53.5],[-73.75,-53.75],[-73.5,-53.75],[-73.25,-54.017],[-72.889,-54.111],[-72.5,-54.5],[-72.25,-54.5],[-72.0,-54.75],[-71.75,-54.75],[-71.25,-55.25],[-70.25,-55.25],[-70.0,-55.5],[-69.75,-55.5],[-69.5,-55.75],[-68.25,-55.75],[-68.036,-55.536],[-67.502,-55.502],[-67.75,-55.75],[-67.5,-56.0],[-67.25,-56.0],[-67.0,-55.75],[-67.25,-55.5],[-67.176,-55.426],[-66.716,-55.25],[-66.25,-55.25],[-66.0,-55.0],[-65.25,-55.0],[-65.0,-54.75],[-65.207,-54.543],[-65.008,-54.0],[-65.153,-53.75],[-66.25,-53.577],[-67.0,-53.585],[-67.234,-53.5],[-67.302,-53.25],[-67.0,-52.806],[-65.762,-51.75],[-64.228,-49.5],[-63.956,-49.0],[-63.84,-48.5],[-63.864,-48.0],[-63.636,-46.25],[-63.688,-45.5],[-63.459,-44.75],[-63.731,-43.75],[-63.717,-43.5],[-63.449,-42.75],[-63.424,-42.5],[-63.5,-42.25],[-63.734,-42.0],[-63.62,-41.75],[-63.238,-41.5],[-62.25,-41.112],[-61.75,-40.321],[-61.5,-40.144],[-61.25,-40.097],[-60.75,-39.808],[-60.5,-39.597],[-59.75,-39.346],[-59.5,-39.329],[-58.75,-39.447],[-57.75,-39.097],[-57.505,-38.75],[-56.906,-38.25],[-56.25,-37.227],[-55.5,-36.208],[-54.75,-35.566],[-54.333,-35.0],[-53.5,-34.25],[-53.5,-34.165],[-53.149,-33.75],[-52.857,-33.5],[-52.75,-33.5],[-52.5,-33.25],[-52.291,-33.0],[-51.955,-32.25],[-51.712,-32.0],[-51.542,-31.958],[-51.5,-32.0],[-50.5,-31.0],[-50.588,-30.912],[-50.545,-30.705],[-50.5,-30.75],[-50.0,-30.25],[-50.0,-29.75],[-48.5,-28.25],[-48.5,-28.0],[-48.25,-27.75],[-48.25,-27.5],[-48.348,-27.402],[-48.42,-26.5],[-48.271,-25.771],[-48.0,-25.304],[-47.712,-25.0],[-47.405,-24.75],[-47.25,-24.75],[-46.75,-24.25],[-46.25,-24.25],[-46.0,-24.0],[-45.5,-24.0],[-45.0,-23.5],[-44.75,-23.5],[-44.5,-23.25],[-44.25,-23.25],[-44.116,-23.116],[-43.742,-23.008],[-43.5,-23.25],[-43.25,-23.0],[-42.0,-23.0],[-41.75,-22.75],[-41.75,-22.5],[-41.5,-22.25],[-41.0,-22.25],[-40.75,-22.0],[-40.995,-21.755],[-40.843,-21.343],[-40.75,-21.25],[-40.75,-21.109],[-40.658,-20.908],[-40.0,-20.25],[-40.0,-20.0],[-39.5,-19.5],[-39.5,-18.086],[-39.424,-18.0],[-39.25,-18.0],[-39.0,-17.75],[-39.0,-16.25],[-38.75,-16.0],[-38.75,-15.25],[-38.895,-15.105],[-38.91,-14.75],[-38.888,-14.388],[-38.75,-14.25],[-38.75,-13.652],[-38.25,-13.271],[-38.107,-13.0],[-38.0,-12.97],[-37.802,-12.75],[-37.77,-12.52],[-37.423,-12.25],[-37.275,-12.0],[-37.235,-11.5],[-37.123,-11.25],[-36.609,-10.75],[-36.5,-10.75],[-35.75,-10.0],[-35.748,-9.75],[-35.37,-9.5],[-35.228,-9.228],[-35.0,-9.0],[-35.0,-8.75],[-34.75,-8.5],[-34.75,-6.5],[-35.0,-6.25],[-35.0,-5.75],[-35.25,-5.5],[-35.25,-5.25],[-35.5,-5.0],[-36.75,-4.762],[-37.414,-4.5],[-37.598,-4.402],[-38.5,-3.5],[-38.75,-3.5],[-39.25,-3.0],[-39.5,-3.0],[-39.75,-2.75],[-40.25,-2.611],[-40.75,-2.595],[-41.5,-2.676],[-41.872,-2.628],[-42.0,-2.5],[-42.078,-2.578],[-42.413,-2.587],[-42.5,-2.5],[-42.75,-2.5],[-43.0,-2.25],[-43.643,-2.25],[-43.75,-2.198],[-44.0,-2.312],[-44.184,-2.316],[-44.25,-2.25],[-44.25,-2.0],[-44.4,-1.85],[-44.5,-1.499],[-45.0,-1.081],[-45.25,-1.057],[-45.608,-0.75],[-45.685,-0.5],[-45.677,-0.25],[-45.508,0.0],[-45.709,0.25],[-44.959,0.5],[-45.54,1.25],[-45.497,1.5],[-45.25,1.709],[-44.5,1.638],[-43.75,1.437],[-43.0,1.418],[-42.75,1.475],[-42.67,1.75],[-42.655,2.25],[-41.76,2.75],[-41.75,3.001],[-41.907,3.25],[-42.218,3.5],[-42.248,3.75],[-42.424,4.0],[-43.0,4.319],[-43.25,4.342],[-44.75,4.128],[-45.0,4.041],[-45.5,3.703],[-46.0,3.576],[-46.5,3.574],[-46.75,3.489],[-47.0,3.194],[-47.5,3.596],[-47.75,3.657],[-48.0,3.316],[-48.25,3.211],[-48.5,2.646],[-48.75,2.665],[-48.97,3.0],[-49.018,3.25],[-48.878,3.5],[-48.987,3.75],[-49.394,4.0],[-49.513,4.25],[-49.25,4.305],[-49.046,4.5],[-49.078,4.75],[-49.25,4.918],[-49.5,5.022],[-50.0,5.525],[-50.5,5.911],[-51.0,6.098],[-51.25,6.123],[-51.75,6.106],[-52.0,6.0],[-52.25,6.109],[-52.75,5.94],[-53.25,6.009],[-54.25,6.402],[-55.75,6.602],[-56.75,6.569],[-57.25,6.703],[-58.0,7.194],[-58.75,7.897],[-59.019,8.019],[-59.5,8.5],[-59.64,8.5],[-60.25,8.896],[-60.75,9.397],[-60.75,9.5],[-61.0,9.75],[-61.185,9.75],[-61.155,10.0],[-61.0,10.0],[-60.75,10.25],[-61.0,10.5],[-60.75,10.75],[-61.0,11.0],[-61.25,11.0],[-61.41,10.84],[-62.25,10.902],[-62.782,11.0],[-63.0,11.257],[-63.75,11.336],[-65.0,11.053],[-65.5,11.136],[-65.75,11.042],[-66.5,10.925],[-66.843,10.75],[-67.5,10.75],[-67.56,10.69],[-68.0,10.718],[-68.25,10.914],[-68.25,11.25],[-68.5,11.5],[-68.96,11.5],[-69.25,11.75],[-69.306,11.694],[-69.5,11.704],[-69.75,11.83],[-69.75,12.0],[-70.0,12.25],[-69.75,12.5],[-70.0,12.75],[-70.256,12.5],[-70.368,12.25],[-70.5,12.201],[-70.662,12.0],[-70.75,11.633],[-71.248,11.25],[-71.729,11.229],[-71.75,11.5],[-71.583,11.667],[-71.25,11.75],[-71.0,12.0],[-71.0,12.25],[-71.25,12.5],[-71.75,12.5],[-72.789,11.75],[-73.0,11.75],[-73.5,11.256],[-73.75,11.25],[-74.0,11.5],[-74.5,11.096],[-74.574,11.074],[-74.75,11.25],[-75.0,11.0],[-75.25,11.0],[-75.5,10.75],[-75.5,10.648],[-75.673,10.5],[-75.75,10.337],[-76.0,10.147],[-77.0,9.921],[-78.174,9.424],[-78.25,9.5],[-78.438,9.5],[-78.75,9.657],[-79.5,9.75],[-79.576,9.674],[-79.75,9.669],[-81.0,9.248],[-81.723,9.223],[-82.37,9.5],[-82.389,9.75],[-82.052,10.0],[-81.851,10.25],[-81.946,10.5],[-83.0,11.329],[-83.5,11.52],[-83.564,11.686],[-83.5,11.75],[-83.52,12.27],[-83.357,12.5],[-83.5,13.122],[-83.5,13.609],[-83.415,13.75],[-82.75,14.296],[-82.669,14.5],[-82.75,14.656],[-82.971,14.75],[-82.75,15.128],[-82.5,15.31],[-82.25,15.31],[-82.121,15.5],[-82.5,15.762],[-82.75,15.624],[-82.758,15.75],[-83.25,16.139],[-83.75,16.133],[-84.5,16.325],[-85.75,16.295],[-85.851,16.5],[-86.0,16.604],[-86.624,16.5],[-86.787,16.25],[-87.5,16.016],[-88.228,16.0],[-88.107,16.5],[-88.171,16.829],[-88.0,17.0],[-88.107,17.107],[-88.0,17.108],[-87.81,17.25],[-87.783,17.5],[-88.0,17.756],[-87.831,18.0],[-87.799,18.25],[-87.5,18.522],[-87.0,18.556],[-85.937,18.0],[-85.25,17.551],[-83.75,17.129],[-83.5,17.163],[-82.75,17.453],[-82.087,17.5],[-81.924,17.75],[-82.078,18.0],[-81.75,18.217],[-81.36,18.25],[-81.416,18.5],[-81.25,18.645],[-80.25,18.824],[-79.738,18.75],[-79.618,18.5],[-79.986,18.25],[-80.5,18.203],[-81.0,18.084],[-81.104,18.0],[-80.745,17.75],[-79.5,17.551],[-78.5,17.634],[-78.25,17.768],[-77.856,17.75],[-77.25,17.611],[-77.079,17.75],[-76.25,17.75],[-76.0,18.0],[-76.16,18.16],[-76.133,18.25],[-75.75,18.327],[-75.17,18.0],[-74.246,17.75],[-73.5,17.363],[-72.75,17.225],[-72.25,17.308],[-71.75,17.271],[-70.75,17.53],[-70.5,17.374],[-70.0,17.372],[-69.75,17.455],[-69.25,17.879],[-68.75,18.007],[-68.25,18.5],[-68.25,18.75],[-68.5,19.0],[-68.603,19.0],[-68.75,19.151],[-68.991,19.25],[-69.225,19.5],[-69.334,19.75],[-69.0,19.874],[-68.93,20.0],[-69.0,20.126],[-69.5,20.208],[-70.0,20.459],[-70.25,20.373],[-70.75,20.41],[-71.0,20.352],[-71.082,20.25],[-71.25,20.196],[-71.75,20.196],[-71.913,20.25],[-72.017,20.5],[-71.79,20.75],[-71.0,21.029],[-70.513,21.5],[-70.596,22.25],[-70.862,23.0],[-70.0,23.451],[-69.738,23.75],[-69.554,24.25],[-69.02,25.25],[-68.575,25.75],[-68.302,26.5],[-68.5,26.713],[-69.357,27.0],[-69.5,27.184],[-69.58,27.5],[-69.769,27.75],[-70.743,28.25],[-71.428,28.5],[-72.069,29.0],[-72.5,29.477],[-72.75,29.638],[-73.003,29.75],[-73.75,29.855],[-74.25,30.13],[-76.0,30.043],[-76.5,30.375],[-76.75,30.418],[-77.25,30.287],[-77.75,29.98],[-78.75,29.647],[-79.0,29.781],[-79.25,29.786],[-79.75,29.56],[-80.25,29.55],[-81.25,30.2],[-81.282,31.0],[-81.134,31.25],[-81.0,31.742],[-80.75,32.048],[-80.153,32.5],[-80.0,32.5],[-79.307,33.0],[-78.949,33.5],[-78.75,33.5],[-78.5,33.75],[-78.0,33.75],[-77.287,34.463],[-76.5,34.5],[-76.25,34.75],[-76.312,34.812],[-75.494,35.25],[-75.348,35.5],[-75.499,36.0],[-75.301,36.25],[-74.728,36.75],[-73.75,37.399],[-73.25,37.624],[-72.75,37.706],[-72.0,37.072],[-71.5,37.279],[-71.012,37.75],[-70.882,38.0],[-70.931,38.25],[-70.75,38.478],[-70.25,38.881],[-69.918,39.0],[-70.0,39.095],[-70.25,39.119],[-70.75,39.471],[-70.926,39.75],[-70.75,39.874],[-70.362,39.75],[-70.013,39.5],[-69.75,39.216],[-69.5,39.14],[-69.25,39.098],[-68.5,39.218],[-68.253,39.0],[-68.315,38.75],[-68.599,38.25],[-68.549,38.0],[-68.0,37.86],[-67.75,37.954],[-67.544,38.25],[-67.605,38.5],[-68.0,39.0],[-67.75,39.274],[-67.5,39.44],[-67.25,39.398],[-67.0,39.253],[-66.75,39.424],[-66.56,39.75],[-66.578,40.0],[-66.785,40.25],[-66.868,40.5],[-66.642,40.75],[-66.0,40.97],[-65.5,41.48],[-64.25,41.961],[-63.215,42.5],[-62.5,43.098],[-61.808,43.5],[-61.576,43.75],[-61.0,44.684],[-60.5,45.041],[-59.75,45.813],[-59.63,46.0],[-60.0,46.389],[-60.213,46.5],[-60.138,46.75],[-60.25,47.0],[-60.5,47.25],[-60.8,46.95],[-61.0,46.93],[-61.168,47.0],[-61.169,47.5],[-61.285,47.75],[-61.5,47.915],[-61.75,47.726],[-62.162,47.25],[-62.0,46.801],[-61.5,46.708],[-61.5,46.49],[-61.75,46.434],[-61.907,46.5],[-62.0,46.678],[-62.25,46.656],[-62.656,46.5],[-63.236,46.5],[-63.5,46.75],[-63.55,46.7],[-63.75,46.715],[-64.0,47.0],[-64.25,47.0],[-64.404,46.846],[-64.5,46.834],[-64.68,47.0],[-64.702,47.25],[-64.411,47.75],[-64.384,48.25],[-64.25,48.25],[-64.0,48.5],[-64.166,48.666],[-64.137,48.75],[-64.25,48.894],[-64.25,49.0],[-64.5,49.25],[-65.071,49.25],[-65.097,49.5],[-64.75,49.597],[-64.5,49.588],[-64.175,49.5],[-63.25,49.036],[-62.25,48.791],[-61.75,48.811],[-61.574,49.0],[-61.613,49.137],[-61.5,49.25],[-61.75,49.5],[-61.951,49.5],[-61.5,49.691],[-60.5,49.784],[-58.75,50.677],[-58.0,50.827],[-57.75,50.745],[-57.542,50.5],[-58.423,49.25],[-58.5,49.25],[-58.75,49.0],[-58.75,48.817],[-59.25,48.628],[-59.399,48.5],[-59.5,47.75],[-59.25,47.468],[-59.0,47.342],[-57.5,47.377],[-56.5,47.32],[-56.344,47.25],[-56.41,47.0],[-56.25,46.846],[-55.888,46.888],[-55.75,46.75],[-55.25,46.75],[-54.75,47.25],[-54.25,47.25],[-54.25,47.0],[-54.0,46.75],[-53.84,46.91],[-53.75,46.904],[-53.75,46.75],[-53.5,46.5],[-53.25,46.5],[-52.5,47.25],[-52.5,47.5],[-52.75,47.75],[-52.789,47.711],[-53.0,47.89],[-53.0,48.0],[-53.25,48.25],[-53.0,48.5],[-53.25,48.75],[-53.577,48.75],[-53.609,49.141],[-53.5,49.25],[-53.75,49.5],[-53.974,49.5],[-54.25,49.625],[-54.622,49.622],[-54.75,49.75],[-55.0,49.536],[-55.25,49.75],[-55.48,49.52],[-55.75,49.75],[-55.75,50.0],[-56.0,50.25],[-56.25,50.25],[-56.0,50.5],[-56.0,50.75],[-55.75,51.0],[-55.75,51.25],[-55.5,51.5],[-55.75,51.75],[-56.0,51.75],[-55.5,52.25],[-55.5,52.5],[-55.75,52.75],[-55.75,53.5],[-56.0,53.75],[-56.5,53.75],[-56.75,54.0],[-57.25,54.0],[-57.5,54.25],[-57.25,54.25],[-57.0,54.5],[-57.25,54.75],[-57.75,54.75],[-58.0,55.0],[-58.75,55.0],[-59.0,55.25],[-59.525,55.25],[-59.75,55.474],[-60.093,55.657],[-60.0,55.75],[-60.25,56.0],[-60.305,55.945],[-60.449,56.0],[-60.363,56.5],[-60.365,57.0],[-60.5,57.239],[-61.027,57.75],[-61.76,58.0],[-61.9,58.25],[-61.864,58.5],[-62.158,58.75],[-62.605,59.0],[-62.841,59.25],[-63.122,59.75],[-63.251,60.25],[-63.75,60.538],[-64.5,60.69],[-64.75,60.641],[-64.901,60.5],[-64.973,60.277],[-65.1,60.15],[-65.5,59.835],[-65.75,59.765],[-66.412,60.0],[-67.75,60.685],[-68.359,60.75],[-69.182,61.25],[-69.139,61.5],[-69.212,61.75],[-68.5,61.939],[-67.5,61.917],[-66.576,61.826],[-66.5,61.75],[-65.99,61.76],[-65.5,61.561],[-65.0,61.25],[-64.659,61.25],[-63.25,60.8],[-63.0,60.839],[-62.89,61.0],[-62.941,61.25],[-62.806,61.5],[-60.78,61.75],[-60.25,61.892],[-60.071,62.0],[-59.956,62.25],[-60.272,62.5],[-61.397,63.0],[-63.25,63.637],[-64.0,63.957],[-65.25,64.915],[-65.483,65.0],[-65.598,65.25],[-65.25,65.353],[-64.97,65.22],[-64.75,65.0],[-64.0,65.0],[-63.75,64.75],[-63.5,64.75],[-63.28,64.97],[-62.75,64.946],[-62.379,65.0],[-62.113,65.25],[-62.0,65.28],[-61.0,65.343],[-60.063,65.5],[-59.567,65.75],[-59.243,66.0],[-59.518,66.25],[-60.75,66.7],[-61.75,67.172],[-62.129,67.25],[-64.934,68.184],[-65.0,68.25],[-65.18,68.25],[-66.5,68.634],[-67.116,68.75],[-67.169,69.0],[-66.75,69.0],[-66.376,69.25],[-66.251,69.75],[-67.0,70.167],[-67.601,70.351],[-67.75,70.5],[-68.047,70.5],[-68.369,70.619],[-68.5,70.75],[-69.0,70.75],[-69.25,71.0],[-69.399,70.851],[-69.905,70.905],[-70.0,71.0],[-70.251,70.999],[-70.658,71.158],[-70.75,71.25],[-71.062,71.312],[-71.25,71.5],[-71.5,71.5],[-71.75,71.75],[-73.25,71.755],[-74.038,72.038],[-74.25,72.25],[-74.781,72.281],[-75.25,72.75],[-76.113,72.75],[-76.297,72.953],[-76.25,73.0],[-76.75,73.5],[-77.25,73.5],[-77.5,73.75],[-80.75,73.75],[-80.856,73.644],[-81.159,73.659],[-81.25,73.75],[-82.25,73.75],[-82.5,74.0],[-82.75,73.75],[-83.75,73.75],[-83.825,73.675],[-84.476,73.75],[-84.859,73.859],[-85.0,74.0],[-87.0,74.0],[-87.25,73.75],[-88.25,73.75],[-88.5,73.5],[-89.0,73.5],[-89.443,73.057],[-89.955,73.5],[-90.079,73.75],[-90.25,73.885],[-90.367,73.867],[-90.5,74.0],[-90.75,74.0],[-91.0,74.25],[-95.0,74.25],[-95.5,73.744],[-95.854,73.5],[-95.633,73.367],[-95.75,73.25],[-95.75,73.1],[-96.25,73.074],[-96.5,73.25],[-96.604,73.25],[-96.628,73.5],[-96.46,73.75],[-96.734,74.25],[-96.0,74.33],[-94.0,74.301],[-93.5,74.387],[-93.196,74.75],[-93.353,75.25],[-93.717,75.5],[-93.71,75.75],[-93.0,75.874],[-92.5,75.867],[-92.305,75.805],[-92.25,75.75],[-92.5,75.5],[-92.5,75.25],[-91.75,74.5],[-90.195,74.5],[-89.25,74.348],[-88.39,74.39],[-88.25,74.25],[-86.0,74.23],[-83.5,74.274],[-82.75,74.445],[-82.193,74.443],[-82.0,74.25],[-81.83,74.42],[-80.0,74.5],[-79.907,74.593],[-79.418,74.75],[-79.334,75.0],[-79.341,75.25],[-79.669,75.419],[-80.0,75.75],[-81.0,75.75],[-81.25,76.0],[-80.0,76.0],[-79.804,76.196],[-79.543,76.207],[-79.75,76.0],[-79.5,75.75],[-79.25,76.0],[-79.43,76.18],[-78.25,76.25],[-78.072,76.428],[-77.75,76.5],[-77.5,76.75],[-77.75,77.0],[-77.946,77.0],[-78.146,77.25],[-76.25,77.53],[-74.5,77.993],[-73.75,78.049],[-73.25,77.946],[-72.803,77.75],[-72.61,77.5],[-72.516,77.25],[-72.25,77.112],[-70.0,76.362],[-69.25,76.273],[-69.0,76.0],[-67.75,76.0],[-67.5,75.75],[-66.75,75.75],[-66.556,75.944],[-66.0,75.995],[-65.75,75.75],[-65.5,75.75],[-65.317,75.933],[-65.0,75.943],[-64.708,76.042],[-64.083,76.083],[-64.0,76.0],[-63.75,76.0],[-63.621,76.129],[-62.911,76.161],[-62.75,76.0],[-60.698,76.0],[-60.114,75.864],[-60.0,75.75],[-59.464,75.75],[-59.25,75.619],[-58.772,75.5],[-58.5,75.313],[-58.289,75.289],[-58.2,75.2],[-58.229,75.0],[-58.138,74.75],[-58.0,74.637],[-57.492,74.508],[-57.217,74.25],[-56.787,73.5],[-56.507,73.25],[-56.396,73.0],[-55.75,72.5],[-55.805,72.25],[-55.75,72.187],[-55.75,71.75],[-55.25,71.25],[-54.36,71.25],[-54.16,71.0],[-54.5,71.0],[-54.75,70.75],[-54.629,70.629],[-54.924,70.5],[-54.831,70.419],[-55.0,70.25],[-54.828,70.078],[-54.833,70.0],[-55.0,70.0],[-55.25,69.75],[-55.0,69.5],[-54.374,69.5],[-53.87,69.37],[-53.5,69.0],[-53.25,69.25],[-52.25,69.25],[-51.965,69.535],[-51.75,69.601],[-51.5,69.648],[-51.372,69.622],[-51.25,69.5],[-51.0,69.5],[-51.25,69.25],[-51.25,68.994],[-51.75,68.913],[-52.75,69.0],[-53.0,68.72],[-53.25,68.667],[-53.476,68.5],[-53.635,68.25],[-53.63,68.12],[-53.75,68.0],[-53.75,67.5],[-54.0,67.25],[-53.5,66.75],[-53.559,66.441],[-53.75,66.25],[-53.25,65.75],[-53.25,65.5],[-53.0,65.25],[-52.915,65.25],[-54.0,64.443],[-54.441,64.0],[-55.175,63.5],[-55.594,63.0],[-55.647,62.75],[-55.5,62.573],[-54.75,62.5],[-54.292,62.25],[-54.0,62.186],[-52.0,62.236],[-51.0,62.569],[-50.5,62.481],[-50.25,62.25],[-49.997,62.247],[-49.901,62.0],[-49.451,61.5],[-49.31,61.25],[-49.0,60.5],[-48.992,60.25],[-49.205,59.75],[-49.174,59.5],[-49.0,59.357],[-47.75,59.39],[-46.75,59.309],[-46.25,59.423],[-45.462,59.75],[-44.895,59.895],[-44.75,59.75],[-43.25,59.75],[-43.0,60.0],[-43.0,60.211],[-42.75,60.25],[-42.5,60.5],[-42.5,60.75],[-42.25,61.04],[-41.199,62.0],[-38.75,62.649],[-36.893,63.0],[-36.12,63.25],[-35.924,63.5],[-34.232,64.0],[-34.463,64.25],[-36.087,64.5],[-36.426,64.75],[-36.502,65.0],[-36.022,65.5],[-35.949,65.75],[-35.473,66.0],[-35.25,66.0],[-35.12,66.13],[-31.103,67.5],[-31.09,67.75],[-30.635,68.0],[-30.0,68.0],[-29.94,68.06],[-29.588,68.088],[-29.5,68.0],[-29.296,68.204],[-28.948,68.25],[-27.75,68.25],[-27.548,68.452],[-27.394,68.5],[-26.25,68.5],[-26.0,68.75],[-25.75,68.75],[-25.574,68.926],[-25.344,69.0],[-24.75,69.0],[-24.5,69.25],[-24.0,69.25],[-23.853,69.397],[-20.0,69.975],[-19.904,70.0],[-19.762,70.25],[-19.5,70.416],[-18.0,70.722],[-15.5,71.536],[-12.25,72.102],[-10.75,72.501],[-10.0,72.443],[-9.25,72.16],[-9.0,71.894],[-8.814,71.5],[-8.764,71.25],[-8.958,71.0],[-8.75,70.935],[-8.596,71.0],[-8.5,71.136],[-8.396,71.104],[-8.5,71.0],[-8.25,70.75],[-8.0,71.0],[-8.176,71.176],[-7.926,71.25],[-7.897,71.5],[-7.75,71.722],[-7.25,71.995],[-6.25,72.185],[-3.593,72.5],[-0.331,73.25],[0.419,73.5],[0.992,73.75],[1.304,74.0],[2.751,74.75],[2.793,75.0],[2.46,75.5],[1.168,76.25],[0.25,76.641],[-0.531,76.75],[-0.217,77.0],[-0.655,77.5],[-1.01,77.75],[-0.896,78.0],[-1.04,78.25],[-0.791,78.5],[-0.081,79.0],[0.055,79.25],[1.0,79.312],[1.207,79.5],[1.248,79.75],[1.5,79.793],[1.739,80.0],[2.75,80.121],[3.25,80.306],[4.481,80.5],[7.25,80.62],[8.75,80.839],[11.5,80.921],[12.5,81.011],[13.0,81.122],[13.274,81.25],[15.509,81.5],[18.75,81.515],[23.25,81.693],[24.0,81.574],[25.75,81.566],[26.25,81.6],[26.75,81.752],[29.25,81.839],[29.75,82.0],[34.5,82.096],[35.75,82.205],[36.466,82.5],[36.837,82.75],[37.25,82.847],[39.5,83.149],[41.5,83.233],[42.25,83.136],[43.25,83.144],[44.0,83.277],[45.75,83.343],[47.5,83.622],[53.5,84.175],[54.522,84.25],[59.0,84.319],[60.5,84.383],[61.25,84.502],[62.75,84.519],[67.0,84.253],[69.25,84.377],[71.0,84.568],[72.5,84.63],[73.5,84.418],[76.5,84.341],[77.5,84.204],[80.25,84.068],[84.25,83.665],[90.25,83.323],[90.756,83.25],[91.25,83.098],[93.202,83.0],[92.5,82.834],[89.297,82.5],[86.157,82.0],[77.0,81.518],[74.994,81.5],[73.25,81.893],[71.75,82.024],[63.5,81.969],[60.0,81.879],[58.869,81.881],[58.75,82.0],[58.25,82.0],[58.0,81.75],[58.066,81.684],[57.822,81.678],[57.75,81.75],[57.25,81.75],[57.0,81.5],[55.5,81.5],[55.351,81.351],[54.25,81.25],[54.162,81.162],[49.5,81.0],[49.378,80.878],[49.0,80.863],[48.643,80.857],[48.5,81.0],[46.75,81.0],[46.25,80.5],[46.5,80.25],[46.75,80.25],[47.0,80.0],[48.541,80.0],[49.25,79.845],[50.25,79.75],[51.701,79.75],[50.477,79.5],[48.603,79.25],[47.262,79.0],[42.75,78.567],[40.173,78.25],[39.399,78.0],[39.313,77.5],[40.686,77.0],[42.295,76.0],[43.0,75.833],[43.75,75.769],[47.5,75.833],[51.25,76.175],[55.5,76.364],[56.75,76.363],[57.749,76.25],[57.5,76.207],[57.125,76.0],[57.382,75.75],[57.074,75.5],[56.75,75.442],[56.415,75.25],[56.0,75.163],[55.787,75.0],[55.684,74.75],[55.095,74.25],[54.75,74.25],[54.5,74.0],[54.0,74.0],[53.731,73.75],[53.483,73.25],[53.25,73.25],[53.0,73.0],[52.5,73.0],[52.25,72.75],[52.449,72.551],[52.25,72.25],[51.5,72.25],[51.25,72.0],[51.25,71.75],[51.5,71.414],[52.0,70.982],[54.11,69.5],[54.198,69.25],[53.75,69.197],[53.369,69.0],[52.75,69.0],[52.678,68.928],[52.043,68.75],[51.0,68.738],[50.75,68.886],[50.68,69.0],[50.25,69.226],[50.0,69.5],[49.5,69.5],[49.25,69.75],[49.044,69.544],[48.5,69.5],[48.25,69.25],[48.25,69.136],[48.04,69.0],[48.035,68.75],[48.19,68.25],[48.192,68.0],[47.763,67.75],[47.338,67.75],[46.75,68.18],[46.495,68.255],[46.25,68.5],[45.75,68.5],[45.5,68.75],[43.75,68.75],[43.679,68.679],[43.25,68.606],[43.068,68.5],[42.25,67.541],[42.0,67.399],[41.75,67.358],[41.0,67.665],[41.0,67.75],[40.75,68.0],[40.182,68.0],[39.923,68.077],[39.75,68.25],[39.25,68.25],[39.0,68.5],[38.25,68.5],[38.0,68.75],[37.75,68.75],[37.5,69.0],[36.75,69.0],[36.5,69.25],[35.37,69.25],[34.897,69.353],[34.75,69.5],[33.174,69.5],[32.75,70.0],[31.25,70.023],[31.0,70.267],[31.0,70.5],[30.75,70.75],[29.752,70.75],[29.352,70.898],[29.25,71.0],[28.75,71.0],[28.5,71.25],[28.336,71.086],[28.14,71.11],[28.0,71.25],[27.5,71.25],[27.43,71.18],[26.75,71.088],[26.069,71.181],[26.0,71.25],[23.75,71.169],[22.5,70.908],[22.0,70.72],[20.992,70.5],[20.316,70.434],[20.25,70.5],[20.179,70.429],[19.25,70.357],[19.0,70.25],[18.834,70.084],[18.433,69.933],[17.867,69.75],[17.5,69.75],[16.965,69.5],[16.0,69.36],[15.799,69.201],[15.75,69.25],[15.695,69.195],[15.328,69.172],[15.25,69.25],[15.0,69.25],[14.5,68.75],[14.506,68.494],[14.342,68.408],[14.25,68.5],[13.75,68.5],[13.5,68.25],[13.75,68.0],[14.25,68.0],[14.38,68.13],[14.75,68.128],[14.932,68.0],[14.75,67.843],[14.548,67.5],[14.17,67.25],[13.98,67.02],[13.75,67.25],[13.295,66.795],[13.0,66.75],[12.678,66.5],[12.493,66.25],[12.25,66.145],[12.117,66.0],[12.054,65.75],[12.145,65.645],[12.0,65.5],[12.0,65.25],[11.0,65.097],[10.882,65.0],[11.186,64.75],[10.75,64.75],[10.294,64.294],[10.166,64.25],[9.25,64.076],[8.862,63.888],[8.75,64.0],[7.94,63.25],[7.75,63.25],[7.631,63.131],[7.253,63.0],[7.0,63.0],[6.849,62.849],[6.5,62.75],[6.078,62.5],[5.75,62.5],[5.524,62.274],[5.25,62.25],[4.75,61.75],[4.982,61.518],[4.808,61.25],[4.748,61.0],[4.864,60.614],[4.75,60.5],[4.75,60.25],[5.0,60.0],[5.0,59.25],[5.25,59.0],[5.414,59.164],[5.569,59.069],[5.25,58.75],[5.75,58.25],[6.25,58.25],[6.5,58.0],[7.0,58.0],[7.25,57.75],[7.5,57.75],[7.75,58.0],[8.25,58.0],[8.36,58.11],[9.0,58.25],[9.622,58.75],[10.0,58.75],[10.316,59.066],[10.667,59.083],[10.75,59.0],[11.0,58.959],[11.0,58.75],[11.25,58.5],[11.25,58.25],[11.372,58.128],[11.25,57.929],[10.75,57.882],[10.381,57.75],[9.75,57.75],[9.5,57.5],[9.5,57.394],[9.067,57.25],[8.799,57.201],[8.75,57.25],[8.5,57.25],[8.0,56.75],[8.0,56.25],[8.168,56.082],[8.156,55.906],[8.0,55.75],[8.166,55.584],[8.141,55.5],[8.294,55.25],[8.27,55.0],[8.14,54.75],[8.383,54.25],[8.238,54.0],[7.25,53.87],[6.942,53.75],[6.0,53.606],[5.0,53.343],[4.25,52.5],[4.25,52.25],[4.0,51.945],[3.082,51.5],[2.25,51.272],[2.0,51.261],[1.881,51.5],[2.231,52.0],[2.222,52.25],[2.052,52.75],[1.75,53.155],[1.584,53.25],[1.477,53.5],[1.25,53.744],[0.5,54.082],[-0.525,54.75],[-1.186,55.25],[-1.284,55.5],[-1.5,55.702],[-2.0,56.0],[-2.25,56.012],[-2.5,56.25],[-2.5,56.5],[-2.0,57.0],[-2.0,57.25],[-1.75,57.5],[-1.901,57.651],[-1.908,57.75],[-2.0,57.809],[-2.405,57.75],[-3.75,57.75],[-3.75,57.881],[-3.664,58.0],[-3.5,58.0],[-3.0,58.5],[-3.25,58.75],[-5.0,58.75],[-5.25,58.5],[-5.25,58.25],[-5.963,57.537],[-6.25,57.75],[-6.5,57.75],[-6.75,57.5],[-6.5,57.25],[-6.5,57.0],[-6.25,56.75],[-6.5,56.5],[-6.25,56.25],[-5.75,56.25],[-5.75,55.75],[-5.5,55.45],[-5.25,55.25],[-5.022,55.478],[-4.75,55.5],[-5.25,55.0],[-5.0,54.75],[-4.75,54.75],[-4.5,54.5],[-4.25,54.75],[-3.5,54.75],[-3.75,54.5],[-3.25,54.0],[-3.014,53.986],[-3.25,53.75],[-3.25,53.5],[-4.5,53.5],[-4.75,53.25],[-4.398,52.898],[-4.5,52.792],[-4.754,52.75],[-4.5,52.729],[-4.25,52.62],[-4.25,52.5],[-4.5,52.25],[-5.0,52.25],[-5.25,52.0],[-5.25,51.75],[-5.0,51.5],[-4.0,51.5],[-4.75,50.75],[-5.0,50.75],[-5.5,50.25],[-5.5,50.0],[-5.25,49.75],[-5.035,49.965],[-4.75,50.034],[-4.0,50.13],[-3.871,50.121],[-3.75,50.0],[-3.67,50.08],[-0.25,50.572],[0.0,50.665],[0.5,50.594],[1.5,50.815],[1.5,50.5],[1.25,50.233],[0.0,49.863],[-0.75,49.923],[-1.75,49.903],[-2.0,49.688],[-2.5,49.604],[-2.599,49.5],[-2.5,49.394],[-2.25,49.325],[-2.0,49.042],[-1.801,49.0],[-2.25,48.857],[-2.883,48.883],[-3.0,49.0],[-3.5,49.0],[-3.75,48.75],[-4.75,48.75],[-5.0,48.5],[-4.25,47.75],[-3.75,47.75],[-3.5,47.5],[-2.75,47.5],[-2.25,47.0],[-2.0,46.845],[-2.0,46.5],[-1.75,46.25],[-1.404,46.25],[-1.353,46.0],[-1.173,45.673],[-1.165,45.335],[-1.25,45.25],[-1.25,44.5],[-1.5,44.25],[-1.5,43.813],[-1.75,43.632],[-2.0,43.525],[-2.277,43.5],[-3.34,43.59],[-3.5,43.75],[-3.649,43.601],[-4.0,43.568],[-5.093,43.593],[-5.25,43.75],[-8.25,43.75],[-8.5,43.5],[-8.75,43.5],[-9.0,43.25],[-9.25,43.25],[-9.5,43.0],[-9.25,42.75],[-9.18,42.75],[-9.153,42.5],[-9.0,42.295],[-9.0,41.5],[-8.832,41.332],[-8.75,40.978],[-8.866,40.634],[-9.0,40.5],[-9.0,40.0],[-9.25,39.75],[-9.25,39.5],[-9.5,39.25],[-9.5,39.0],[-9.75,38.75],[-9.5,38.5],[-9.25,38.488],[-9.0,38.089],[-9.0,37.25],[-8.913,37.163],[-8.923,37.0],[-8.5,36.671],[-7.192,36.0],[-6.427,35.25],[-6.354,34.896],[-6.75,34.5],[-6.75,34.25],[-7.0,34.0],[-7.25,34.0],[-7.5,33.75],[-7.75,33.75],[-8.0,33.5],[-8.5,33.5],[-8.75,33.25],[-8.75,33.0],[-9.0,33.0],[-9.5,32.5],[-9.353,32.353],[-9.385,32.115],[-9.75,31.75],[-9.764,31.486],[-10.0,31.25],[-10.0,30.75],[-9.916,30.666],[-9.848,29.902],[-10.25,29.5],[-10.25,29.321],[-10.322,29.25],[-10.5,29.25],[-10.75,29.0],[-11.0,29.0],[-11.5,28.5],[-11.75,28.5],[-12.032,28.218],[-12.5,28.177],[-12.831,28.25],[-13.25,28.876],[-13.25,29.0],[-13.5,29.297],[-13.75,29.25],[-14.0,29.0],[-13.921,28.921],[-13.936,28.686],[-14.0,28.75],[-14.25,28.5],[-14.238,28.238],[-14.483,28.0],[-14.241,27.25],[-14.276,27.0],[-14.479,26.5],[-14.934,26.0],[-15.0,25.846],[-15.15,24.75],[-15.275,24.5],[-16.0,23.75],[-16.377,22.873],[-16.5,22.75],[-16.5,22.5],[-17.0,22.0],[-17.007,21.493],[-17.25,21.25],[-17.141,21.141],[-17.142,20.0],[-16.492,18.0],[-16.557,17.75],[-16.875,17.5],[-17.004,17.25],[-17.064,16.5],[-16.969,15.75],[-17.0,15.388],[-17.083,15.167],[-17.5,14.75],[-17.456,14.706],[-17.415,13.5],[-17.491,12.75],[-17.311,11.5],[-17.057,10.75],[-16.711,10.0],[-16.0,9.089],[-15.681,9.0],[-15.0,8.462],[-14.5,8.306],[-14.308,8.0],[-14.045,7.75],[-13.5,7.445],[-12.233,7.233],[-12.0,7.0],[-11.815,7.0],[-10.75,6.153],[-10.0,5.72],[-9.0,4.75],[-8.75,4.75],[-8.5,4.5],[-8.25,4.5],[-8.0,4.25],[-7.25,4.25],[-7.0,4.5],[-6.75,4.5],[-6.5,4.75],[-6.0,4.75],[-5.75,5.0],[-4.25,5.0],[-4.0,5.25],[-3.75,5.0],[-3.0,5.0],[-2.75,4.75],[-2.5,5.0],[-2.25,4.75],[-1.75,4.75],[-1.5,5.0],[-1.0,5.0],[-0.75,5.25],[-0.25,5.25],[0.25,5.75],[0.75,5.75],[1.139,6.0],[1.75,6.0],[2.0,6.25],[3.281,6.281],[4.289,6.25],[4.75,5.778],[5.25,5.001],[5.306,4.75],[5.5,4.5],[6.0,4.056],[6.25,3.983],[6.75,4.063],[7.0,3.885],[7.25,3.872],[7.5,4.133],[7.75,4.187],[8.0,4.215],[8.25,4.079],[8.308,3.75],[8.301,3.301],[8.25,3.25],[8.5,3.0],[8.614,3.0],[8.561,1.75],[8.717,0.75],[8.6,-0.75],[8.75,-0.959],[8.75,-1.25],[9.0,-1.5],[9.0,-1.75],[9.5,-2.25],[9.5,-2.5],[9.75,-2.75],[10.0,-2.75],[10.0,-3.0],[10.25,-3.25],[10.5,-3.25],[10.5,-3.5],[10.75,-3.75],[10.912,-3.75],[11.0,-3.85],[11.0,-4.0],[11.75,-4.734],[11.75,-5.0],[11.829,-5.079],[12.049,-6.5],[12.366,-7.5],[12.339,-8.5],[12.498,-9.0],[12.553,-9.5],[12.784,-9.75],[12.861,-11.5],[12.783,-12.25],[12.528,-13.222],[12.377,-13.5],[12.25,-14.0],[12.25,-14.349],[11.75,-15.75],[11.75,-16.263],[11.641,-16.5],[11.749,-17.001],[11.5,-17.25],[11.75,-17.5],[11.5,-17.75],[11.75,-18.0],[11.75,-18.25],[12.25,-18.75],[12.25,-19.0],[12.75,-19.5],[12.75,-19.75],[13.0,-20.0],[13.0,-20.25],[13.25,-20.5],[13.25,-21.0],[13.75,-21.5],[13.75,-21.75],[14.463,-22.463],[14.446,-22.804],[14.25,-23.0],[14.25,-24.0],[14.5,-24.25],[14.5,-24.75],[14.75,-25.0],[14.75,-26.25],[15.0,-26.5],[15.0,-26.75],[15.25,-27.0],[15.25,-27.5],[15.5,-27.75],[15.5,-28.0],[16.0,-28.5],[16.25,-28.5],[16.5,-28.75],[16.5,-29.0],[17.0,-29.5],[17.0,-30.25],[17.5,-30.75],[17.5,-31.0],[18.0,-31.5],[18.0,-31.75],[18.204,-31.954],[17.782,-32.75],[17.75,-33.0],[18.225,-33.475],[18.25,-34.0],[18.378,-34.25],[18.5,-34.353],[18.839,-34.339],[19.0,-34.5],[19.25,-34.5],[19.75,-35.0],[20.0,-35.0],[20.25,-34.75],[20.5,-34.75],[20.75,-34.5],[21.75,-34.5],[22.0,-34.25],[24.75,-34.25],[25.0,-34.0],[25.25,-34.25],[25.5,-34.25],[26.0,-33.75],[26.25,-34.0],[26.5,-33.75],[27.0,-33.75],[27.25,-33.5],[27.5,-33.5],[28.0,-33.0],[28.25,-33.0],[29.75,-31.5],[30.0,-31.5],[30.5,-31.0],[30.5,-30.75],[31.0,-30.25],[31.0,-30.0],[31.5,-29.5],[31.5,-29.25],[31.75,-29.0],[32.0,-29.0],[32.75,-28.25],[32.75,-27.5],[33.0,-27.25],[33.0,-26.25],[32.85,-26.1],[32.863,-25.887],[33.5,-25.25],[34.0,-25.25],[34.25,-25.0],[34.75,-25.0],[35.5,-24.25],[35.5,-23.5],[35.75,-23.25],[35.75,-22.25],[35.5,-22.0],[35.5,-21.75],[35.25,-21.49],[35.25,-21.0],[35.0,-20.75],[35.0,-20.5],[34.75,-20.25],[35.0,-20.0],[35.0,-19.75],[35.25,-19.75],[36.0,-19.0],[36.25,-19.0],[37.25,-18.0],[37.25,-17.75],[37.5,-17.75],[37.75,-17.5],[38.0,-17.5],[38.25,-17.25],[39.0,-17.25],[40.75,-15.5],[40.75,-15.006],[41.0,-14.75],[41.0,-14.5],[40.75,-14.25],[40.75,-13.25],[40.594,-13.094],[40.594,-12.906],[40.75,-12.75],[40.75,-12.0],[40.5,-11.75],[40.75,-11.5],[40.544,-11.294],[40.559,-11.191],[40.75,-11.0],[40.75,-10.75],[40.621,-10.621],[40.619,-10.5],[40.5,-10.298],[40.25,-10.026],[40.154,-10.0],[39.762,-9.0],[39.555,-8.75],[39.609,-8.5],[39.572,-8.25],[39.64,-8.14],[39.75,-8.25],[40.0,-8.0],[39.941,-7.941],[39.959,-7.75],[39.856,-7.5],[39.674,-7.25],[39.644,-7.106],[39.75,-7.0],[39.372,-6.622],[39.332,-6.5],[39.5,-6.5],[39.75,-6.25],[39.415,-5.915],[39.396,-5.75],[39.233,-5.5],[39.662,-5.412],[39.75,-5.5],[40.0,-5.25],[40.0,-5.0],[39.75,-4.75],[39.691,-4.809],[39.543,-4.707],[39.75,-4.5],[39.75,-4.25],[40.0,-4.0],[40.0,-3.5],[40.25,-3.25],[40.25,-2.75],[40.5,-2.75],[41.25,-2.0],[41.5,-2.0],[41.75,-1.75],[41.75,-1.5],[42.0,-1.25],[42.0,-1.0],[42.25,-1.0],[42.5,-0.75],[42.5,-0.5],[44.25,1.25],[44.5,1.25],[45.0,1.75],[45.25,1.75],[45.75,2.25],[46.0,2.25],[48.0,4.25],[48.0,4.5],[48.5,5.0],[48.5,5.25],[49.0,5.75],[49.0,6.0],[49.25,6.25],[49.25,6.5],[49.5,6.75],[49.5,7.0],[49.75,7.25],[49.75,7.5],[50.0,7.75],[50.0,8.0],[50.5,8.5],[50.5,8.75],[50.75,9.0],[50.75,9.25],[51.0,9.5],[51.0,10.25],[51.288,10.5],[51.25,11.5],[51.5,11.75],[51.25,12.0],[51.069,12.0],[50.75,12.311],[50.25,12.66],[49.25,12.954],[48.801,13.25],[49.0,13.415],[49.581,13.5],[49.654,13.75],[49.156,14.406],[49.25,14.5],[49.5,14.5],[49.75,14.75],[50.25,14.75],[50.5,15.0],[51.25,15.0],[51.5,15.25],[51.75,15.25],[52.25,15.75],[52.25,16.0],[52.75,16.5],[53.5,16.5],[53.75,16.75],[54.0,16.75],[54.25,17.0],[54.5,17.0],[54.75,16.75],[55.25,17.25],[55.317,17.567],[55.5,17.75],[56.25,17.75],[56.75,18.25],[56.75,18.5],[57.0,18.75],[57.75,18.75],[58.0,19.0],[57.788,19.212],[57.775,19.5],[57.822,19.822],[58.0,20.0],[58.0,20.25],[58.5,20.25],[58.75,20.0],[59.0,20.25],[58.856,20.394],[58.908,20.908],[59.5,21.5],[59.5,21.75],[60.0,22.25],[59.851,22.399],[59.736,24.0],[59.762,24.5],[59.962,25.25],[60.5,25.25],[60.75,25.0],[63.25,25.0],[63.561,25.25],[64.25,25.25],[64.5,25.0],[64.784,25.25],[66.0,25.25],[66.094,25.344],[66.25,25.343],[66.5,25.319],[66.5,25.0],[66.75,24.75],[67.0,24.75],[67.226,24.5],[67.219,24.25],[67.5,23.908],[68.0,23.679],[69.0,22.75],[69.42,22.75],[69.114,22.5],[69.0,22.5],[68.75,22.25],[70.25,20.75],[70.5,20.75],[70.75,20.5],[71.0,20.5],[71.161,20.661],[72.0,20.905],[72.26,20.75],[72.5,20.329],[72.5,19.5],[72.568,19.432],[72.828,18.0],[73.0,17.579],[73.0,17.25],[73.25,16.755],[73.25,16.25],[73.841,14.5],[74.256,13.75],[74.378,13.0],[74.638,12.25],[74.651,11.75],[74.75,11.564],[75.749,10.25],[75.797,10.0],[76.047,9.5],[76.25,9.25],[76.25,9.0],[77.25,8.0],[77.75,8.0],[78.25,8.5],[78.293,8.793],[78.5,9.0],[78.75,9.0],[78.922,9.172],[79.5,9.157],[79.75,9.016],[79.803,8.803],[79.75,8.75],[79.75,8.41],[79.621,8.0],[79.75,7.611],[79.75,6.5],[80.0,6.25],[80.0,6.0],[80.25,5.75],[80.75,5.75],[81.0,6.0],[81.25,6.0],[82.0,6.75],[82.0,7.5],[81.838,7.662],[81.612,8.75],[81.5,9.062],[81.043,9.75],[80.661,11.0],[80.841,12.5],[81.58,14.75],[81.634,15.75],[81.688,16.0],[81.831,16.25],[82.0,16.25],[82.5,16.75],[82.5,17.0],[82.75,17.25],[83.0,17.25],[83.993,18.243],[84.25,18.25],[84.5,18.5],[84.5,18.681],[85.0,19.181],[85.5,19.472],[85.75,19.5],[86.5,19.861],[87.247,20.5],[87.5,20.791],[88.0,21.034],[88.5,21.087],[89.0,21.264],[89.25,21.289],[89.522,21.25],[89.75,20.768],[89.989,21.0],[90.25,21.107],[90.662,21.0],[91.108,20.75],[91.5,20.25],[91.75,20.173],[92.004,20.0],[92.75,19.824],[93.0,19.617],[93.25,19.311],[93.313,19.0],[93.801,18.5],[94.0,18.09],[94.25,17.861],[94.377,17.377],[94.25,17.25],[94.25,16.75],[94.0,16.5],[94.0,16.0],[94.25,15.75],[94.548,15.75],[94.897,15.603],[95.0,15.5],[95.051,15.551],[95.75,15.586],[96.534,15.5],[97.5,15.112],[97.715,14.75],[97.811,14.25],[98.069,13.681],[98.132,13.25],[98.127,13.0],[97.75,12.25],[97.796,12.204],[97.775,12.0],[98.045,11.75],[97.921,11.5],[98.0,11.401],[98.0,11.25],[98.103,11.147],[98.032,10.718],[97.807,10.5],[97.974,9.75],[97.839,9.5],[97.897,9.25],[97.787,8.75],[97.573,8.5],[97.5,8.233],[97.228,8.0],[96.832,7.5],[96.25,7.172],[95.75,6.798],[95.544,6.5],[95.487,6.25],[95.25,6.174],[95.094,5.75],[95.147,5.647],[95.0,5.5],[95.0,5.25],[95.5,4.75],[95.5,4.5],[95.773,4.227],[95.775,3.75],[95.668,3.0],[95.722,2.75],[96.25,2.25],[96.384,2.384],[96.5,2.382],[96.677,2.5],[96.75,2.971],[97.0,3.066],[97.102,2.352],[97.0,2.25],[97.134,2.116],[97.1,1.5],[97.25,1.184],[97.25,1.0],[97.75,0.5],[98.0,0.75],[98.0,0.827],[98.25,0.812],[98.148,0.0],[98.336,-0.164],[98.25,-0.25],[98.365,-0.365],[98.38,-0.5],[98.633,-0.75],[98.653,-0.847],[98.5,-1.0],[98.5,-1.25],[98.75,-1.5],[98.75,-1.75],[99.0,-2.0],[99.25,-2.0],[99.5,-1.75],[99.396,-1.646],[99.407,-1.25],[99.5,-0.864],[99.75,-0.734],[100.0,-0.822],[100.342,-1.5],[100.5,-1.597],[100.5,-1.75],[100.75,-2.0],[100.75,-2.25],[101.0,-2.5],[101.0,-2.75],[102.0,-3.75],[102.25,-3.75],[102.25,-4.0],[102.75,-4.5],[103.0,-4.5],[103.5,-5.0],[103.75,-5.0],[103.75,-5.25],[104.5,-6.0],[104.75,-5.75],[105.0,-6.0],[105.19,-5.81],[105.419,-6.0],[105.41,-6.25],[105.221,-6.5],[105.314,-6.75],[105.562,-6.812],[105.75,-7.0],[106.467,-7.0],[106.25,-7.25],[106.5,-7.5],[107.25,-7.5],[107.5,-7.75],[108.0,-7.75],[108.25,-8.0],[108.5,-8.0],[108.75,-7.75],[109.25,-7.75],[109.5,-8.0],[110.0,-8.0],[110.25,-8.25],[111.0,-8.25],[111.25,-8.5],[113.5,-8.5],[113.75,-8.75],[114.25,-8.75],[114.5,-9.0],[114.75,-8.75],[114.571,-8.571],[114.608,-8.5],[115.0,-8.5],[115.0,-8.75],[115.25,-9.0],[115.5,-9.0],[115.75,-8.75],[116.0,-9.0],[116.5,-9.0],[116.75,-9.25],[117.5,-9.25],[117.75,-9.0],[118.75,-9.0],[119.062,-8.688],[119.25,-8.642],[119.46,-8.75],[119.472,-9.0],[119.209,-9.25],[119.0,-9.25],[118.75,-9.5],[119.25,-10.0],[119.75,-10.0],[120.25,-10.5],[120.5,-10.5],[121.0,-10.0],[120.888,-9.888],[121.25,-9.4],[121.71,-9.0],[122.25,-9.0],[122.473,-8.777],[123.039,-8.711],[123.525,-8.725],[124.0,-8.932],[124.019,-9.0],[123.5,-9.75],[123.5,-9.866],[122.789,-10.75],[123.25,-11.0],[123.5,-10.75],[123.438,-10.688],[123.749,-10.5],[124.0,-10.5],[124.22,-10.28],[124.5,-10.25],[124.588,-10.162],[124.809,-10.25],[124.474,-11.0],[124.63,-11.25],[124.75,-11.301],[125.0,-11.1],[125.25,-11.064],[125.5,-11.126],[125.767,-11.5],[125.669,-12.0],[125.776,-12.5],[125.818,-13.25],[125.736,-13.75],[125.0,-14.269],[124.75,-14.622],[124.5,-14.718],[124.25,-14.617],[124.0,-14.619],[123.75,-14.726],[122.803,-15.5],[122.5,-15.532],[122.0,-15.798],[121.25,-15.98],[120.75,-16.463],[119.75,-16.875],[119.422,-17.25],[119.438,-17.5],[118.58,-18.25],[115.75,-20.122],[115.398,-20.5],[115.25,-20.814],[114.25,-21.679],[114.153,-21.903],[114.0,-21.75],[113.75,-22.0],[113.75,-22.25],[113.5,-22.5],[113.5,-22.75],[113.75,-23.0],[113.75,-23.25],[113.5,-23.5],[113.5,-23.75],[113.25,-24.0],[113.25,-24.5],[113.455,-24.705],[113.42,-25.25],[113.063,-25.563],[113.0,-25.5],[112.75,-25.75],[113.0,-26.0],[113.201,-25.799],[113.19,-26.0],[113.44,-26.25],[113.25,-26.5],[113.75,-27.0],[113.75,-27.25],[114.0,-27.5],[114.0,-28.0],[114.5,-28.5],[114.5,-29.0],[115.0,-29.5],[114.75,-29.75],[115.0,-30.0],[115.0,-30.75],[115.25,-31.0],[115.25,-31.25],[115.75,-31.75],[115.75,-32.043],[115.658,-32.25],[115.75,-32.5],[115.5,-32.75],[115.5,-33.396],[115.25,-33.5],[114.75,-34.0],[115.25,-34.5],[115.5,-34.5],[116.0,-35.0],[116.25,-35.0],[116.5,-35.25],[118.0,-35.25],[118.25,-35.0],[118.5,-35.0],[119.0,-34.5],[119.25,-34.75],[120.0,-34.0],[122.0,-34.0],[122.25,-34.25],[122.5,-34.0],[123.0,-34.0],[123.25,-34.25],[123.5,-34.0],[123.75,-34.0],[124.25,-33.5],[124.25,-33.25],[124.5,-33.0],[124.75,-33.0],[125.0,-32.75],[125.5,-32.75],[125.75,-32.5],[127.5,-32.5],[127.75,-32.25],[128.0,-32.25],[128.25,-32.0],[128.75,-32.0],[129.0,-31.75],[131.0,-31.75],[131.25,-31.5],[131.5,-31.75],[131.75,-31.75],[132.25,-32.25],[132.5,-32.0],[132.75,-32.0],[133.0,-32.25],[133.5,-32.25],[133.75,-32.5],[134.0,-32.5],[134.0,-33.0],[134.25,-33.25],[134.5,-33.25],[135.0,-33.75],[135.0,-34.0],[135.25,-34.25],[135.231,-34.5],[136.0,-35.25],[136.25,-35.0],[136.095,-34.845],[136.25,-34.688],[137.0,-34.203],[137.25,-34.303],[137.199,-34.75],[137.0,-34.75],[136.75,-35.0],[137.0,-35.25],[137.75,-35.25],[137.823,-35.177],[137.944,-35.25],[137.432,-35.5],[136.75,-35.5],[136.5,-35.75],[136.5,-36.0],[136.75,-36.25],[137.0,-36.25],[137.25,-36.0],[137.5,-36.25],[137.75,-36.0],[137.75,-35.845],[137.828,-35.828],[138.0,-36.0],[138.25,-35.75],[138.09,-35.59],[138.25,-35.636],[138.349,-35.599],[138.5,-35.75],[138.75,-35.5],[139.25,-36.0],[139.5,-36.0],[139.5,-36.25],[139.75,-36.5],[139.75,-36.75],[139.5,-37.0],[140.75,-38.25],[141.25,-38.25],[141.5,-38.5],[142.5,-38.5],[142.75,-38.75],[143.25,-38.75],[143.5,-39.0],[143.75,-38.75],[144.0,-38.75],[144.25,-38.5],[144.5,-38.5],[144.651,-38.349],[144.915,-38.335],[144.75,-38.5],[145.0,-38.75],[145.75,-38.75],[146.0,-39.0],[146.167,-38.833],[146.5,-39.039],[148.0,-38.097],[148.366,-38.0],[148.75,-38.0],[148.838,-37.912],[149.113,-37.863],[149.25,-38.0],[149.5,-37.75],[149.75,-37.75],[150.25,-37.25],[150.01,-37.01],[150.03,-36.72],[150.25,-36.5],[150.25,-36.0],[150.5,-35.75],[150.5,-35.5],[151.0,-35.0],[151.0,-34.5],[151.25,-34.25],[151.25,-34.0],[151.5,-33.75],[151.5,-33.5],[152.5,-32.5],[152.5,-32.25],[153.0,-31.75],[153.0,-31.25],[153.25,-31.0],[153.25,-30.0],[153.5,-29.75],[153.5,-29.25],[153.75,-29.0],[153.75,-28.25],[153.5,-28.0],[153.5,-27.75],[153.75,-27.5],[153.5,-27.25],[153.402,-27.348],[153.25,-26.858],[153.25,-25.251],[153.5,-25.0],[153.4,-24.9],[153.397,-24.75],[153.25,-24.527],[153.0,-24.33],[152.5,-24.234],[152.382,-24.0],[152.449,-23.75],[152.42,-23.5],[152.07,-23.0],[152.03,-22.5],[152.047,-22.25],[152.25,-22.165],[152.5,-22.166],[152.582,-22.0],[152.548,-21.5],[152.5,-21.282],[151.896,-20.5],[151.295,-20.25],[151.306,-19.75],[151.489,-19.5],[151.439,-19.25],[151.129,-19.0],[150.922,-18.75],[150.837,-18.5],[150.55,-18.25],[149.5,-18.18],[148.75,-18.211],[148.585,-18.25],[148.291,-18.5],[148.0,-18.51],[147.25,-18.358],[147.107,-18.25],[147.25,-17.966],[147.839,-17.75],[148.25,-17.73],[148.449,-17.5],[148.25,-17.275],[147.645,-17.25],[147.811,-16.75],[147.995,-16.5],[147.75,-16.367],[147.25,-16.421],[146.865,-16.5],[146.5,-16.77],[146.25,-16.751],[145.966,-16.5],[145.788,-16.25],[145.916,-16.0],[145.909,-15.5],[145.75,-15.267],[145.5,-15.223],[145.5,-15.0],[145.34,-14.84],[145.496,-14.75],[144.948,-14.5],[144.5,-14.0],[144.448,-14.052],[144.109,-14.0],[143.822,-13.75],[143.75,-13.611],[143.58,-13.17],[143.75,-13.0],[143.588,-12.838],[143.77,-12.75],[143.49,-12.49],[143.499,-11.75],[143.75,-11.576],[144.0,-11.531],[144.75,-11.57],[145.25,-11.418],[145.75,-11.151],[146.0,-11.111],[146.907,-11.25],[147.5,-11.784],[147.75,-11.791],[148.034,-11.5],[148.25,-11.136],[148.43,-11.0],[148.25,-10.929],[147.831,-10.5],[148.0,-10.441],[148.572,-10.5],[148.75,-10.657],[149.5,-10.865],[150.75,-10.927],[151.0,-11.053],[151.25,-11.019],[151.75,-11.101],[152.0,-11.01],[152.25,-11.131],[152.75,-11.143],[153.5,-11.75],[153.743,-11.507],[154.178,-11.25],[154.0,-11.094],[153.5,-11.116],[153.0,-10.574],[152.75,-10.431],[152.5,-10.357],[152.25,-10.41],[151.5,-10.105],[151.455,-10.045],[151.5,-10.0],[151.25,-9.708],[151.079,-9.25],[151.178,-9.0],[151.236,-8.5],[151.0,-8.214],[150.75,-8.353],[150.5,-8.114],[150.165,-8.0],[149.989,-7.75],[150.115,-7.5],[150.205,-7.0],[150.084,-6.75],[150.113,-6.5],[150.392,-6.25],[151.0,-6.25],[151.5,-5.75],[151.75,-5.75],[152.25,-5.25],[152.041,-5.0],[152.25,-5.0],[152.5,-4.75],[152.5,-4.5],[152.75,-4.75],[153.0,-4.75],[153.25,-4.5],[153.25,-4.25],[153.096,-4.096],[153.0,-3.786],[152.685,-3.25],[152.705,-3.0],[152.55,-2.75],[152.537,-2.5],[152.67,-2.0],[153.0,-1.616],[153.25,-1.63],[153.316,-1.75],[153.532,-1.75],[153.5,-1.228],[153.398,-1.0],[153.0,-0.589],[152.25,-0.571],[150.5,0.08],[150.115,0.5],[149.771,0.75],[149.784,1.0],[149.611,1.25],[148.556,2.25],[146.808,3.25],[146.64,3.5],[146.6,3.75],[146.352,4.25],[146.334,4.75],[146.5,5.04],[146.75,5.275],[147.25,5.197],[147.75,5.38],[148.25,5.662],[148.75,5.652],[149.0,5.465],[149.197,5.5],[150.25,6.079],[151.5,6.622],[152.25,6.737],[152.75,6.653],[152.901,6.75],[153.25,7.151],[154.5,7.887],[154.604,8.0],[154.493,8.25],[154.25,8.488],[154.077,8.5],[154.0,8.611],[153.769,9.5],[153.584,9.75],[153.239,10.0],[151.25,10.909],[150.5,11.551],[150.0,11.527],[149.5,11.813],[149.25,11.861],[149.054,11.75],[149.0,11.639],[148.969,11.0],[148.755,10.75],[148.5,10.655],[148.25,10.657],[147.5,10.879],[147.0,10.95],[146.0,10.906],[145.536,10.75],[145.357,10.5],[145.504,10.0],[145.462,9.75],[144.975,9.5],[144.5,8.963],[144.0,8.611],[143.25,8.489],[142.75,8.67],[142.25,8.763],[141.75,8.97],[141.119,9.75],[140.746,10.0],[139.897,11.0],[139.5,11.123],[139.25,11.107],[138.75,10.86],[138.25,10.457],[137.25,10.221],[136.25,9.828],[134.0,9.339],[133.75,9.252],[133.25,8.883],[132.75,8.743],[131.655,8.25],[131.0,7.775],[130.417,7.5],[129.929,7.0],[129.605,6.5],[129.388,6.0],[129.264,5.0],[129.112,4.75],[128.75,4.499],[128.5,4.426],[128.0,4.421],[127.5,4.607],[127.489,4.75],[127.158,5.0],[127.069,5.25],[127.223,5.5],[127.0,5.562],[126.412,6.25],[126.477,6.5],[126.478,6.978],[126.75,7.25],[126.75,7.5],[126.648,7.602],[126.527,8.0],[126.518,8.5],[126.552,9.0],[126.842,9.5],[126.844,9.75],[126.721,10.0],[126.25,10.413],[125.75,11.581],[125.669,11.919],[125.75,12.0],[125.25,12.603],[125.0,12.75],[124.687,12.75],[124.481,13.25],[124.5,14.0],[124.25,14.25],[124.13,14.13],[123.75,14.174],[123.25,14.292],[123.0,14.46],[122.823,14.427],[122.75,14.5],[122.5,14.5],[122.441,14.441],[122.406,14.5],[122.145,15.25],[122.549,16.75],[122.5,17.25],[122.397,17.353],[122.301,17.75],[122.334,18.084],[122.5,18.25],[122.25,18.5],[121.934,18.5],[121.853,19.25],[122.057,19.5],[122.0,19.692],[121.75,19.746],[121.09,19.25],[120.25,18.246],[119.0,17.532],[118.837,17.5],[118.847,17.25],[119.279,16.75],[119.5,16.316],[119.577,16.0],[119.75,15.774],[119.75,15.5],[119.953,15.297],[120.0,15.0],[120.25,14.644],[120.25,14.5],[120.5,14.25],[120.5,14.138],[120.25,14.014],[120.0,13.75],[120.25,13.5],[120.3,13.55],[120.416,13.25],[120.295,12.75],[120.115,12.5],[120.0,12.475],[119.782,12.25],[119.776,11.724],[119.188,11.25],[119.046,10.75],[118.409,10.25],[118.25,10.033],[117.5,9.853],[116.5,9.931],[116.294,9.75],[116.25,9.605],[115.25,8.963],[114.75,8.806],[114.5,8.884],[114.25,8.873],[114.113,8.75],[114.0,8.505],[113.25,8.609],[112.75,8.764],[112.5,8.599],[111.25,8.336],[110.75,8.352],[110.5,8.218],[110.25,8.179],[109.25,8.157],[108.25,8.782],[107.75,8.673],[107.5,8.68],[107.162,9.0],[107.048,9.5],[108.25,10.606],[108.598,11.0],[108.75,11.0],[109.25,11.5],[109.25,11.639],[109.5,12.0],[109.5,12.283],[109.75,12.587],[110.207,12.75],[110.5,12.939],[111.25,12.687],[111.5,12.672],[111.75,12.78],[112.001,13.0],[112.359,13.5],[112.75,14.222],[113.0,14.469],[113.25,14.597],[114.25,14.642],[114.75,14.745],[115.0,14.862],[115.5,15.414],[115.774,16.25],[116.25,16.524],[117.5,16.922],[118.657,17.5],[118.714,17.75],[118.898,18.0],[119.604,18.5],[119.78,18.75],[119.838,19.25],[119.452,19.75],[119.385,20.0],[119.541,20.25],[120.5,21.258],[121.073,22.0],[121.336,22.5],[121.333,22.833],[121.5,23.0],[121.5,23.25],[121.75,23.5],[121.75,24.0],[122.0,24.25],[122.0,25.0],[121.5,25.5],[120.698,24.75],[120.0,23.745],[119.75,23.743],[119.5,23.932],[119.25,23.911],[119.224,24.0],[119.569,24.75],[119.893,25.25],[120.0,25.5],[120.0,25.762],[120.5,26.704],[121.106,27.5],[121.22,27.75],[121.751,28.25],[122.189,29.5],[122.5,30.0],[122.471,30.5],[122.271,31.0],[122.298,31.25],[122.21,31.5],[122.0,31.893],[122.0,32.0],[121.484,32.5],[121.436,33.0],[121.25,33.236],[120.75,33.57],[120.5,34.027],[120.5,34.25],[120.201,34.5],[120.0,34.807],[119.5,34.807],[119.372,35.0],[119.75,35.472],[120.25,35.798],[120.5,35.849],[120.75,36.126],[121.32,36.5],[122.0,36.685],[122.25,36.666],[122.75,37.25],[122.5,37.5],[121.5,37.5],[121.25,37.75],[121.0,37.75],[120.75,38.0],[120.25,37.5],[120.0,37.5],[119.75,37.25],[119.0,37.25],[119.014,38.0],[118.5,38.25],[118.272,38.25],[118.201,38.5],[118.388,38.75],[119.0,39.0],[119.611,39.75],[120.113,40.0],[120.5,40.0],[120.75,40.25],[120.75,40.34],[121.0,40.52],[121.25,40.318],[121.75,40.299],[121.807,40.25],[121.707,40.0],[121.5,40.0],[121.25,39.75],[121.227,39.5],[121.367,39.25],[121.25,39.25],[121.0,39.0],[121.0,38.75],[121.25,38.5],[121.523,38.773],[122.083,39.083],[122.5,39.218],[123.25,39.613],[123.75,39.709],[124.5,39.616],[124.75,39.401],[125.25,39.254],[125.0,39.0],[125.0,38.75],[124.75,38.5],[124.75,38.25],[124.88,38.12],[124.78,37.75],[125.504,37.25],[125.597,37.0],[125.695,36.25],[125.712,35.75],[125.608,35.0],[125.248,34.5],[125.5,34.37],[125.75,34.329],[126.0,34.013],[126.505,33.75],[126.25,33.595],[126.034,33.25],[126.25,33.085],[126.5,33.0],[126.75,33.0],[127.0,33.25],[127.0,33.5],[126.864,33.636],[127.25,33.822],[127.623,34.25],[127.98,34.5],[128.5,34.613],[128.75,34.865],[128.987,35.0],[129.25,35.0],[129.5,35.25],[129.5,36.5],[129.75,36.75],[129.5,37.0],[129.5,37.25],[129.25,37.5],[129.25,37.75],[127.75,39.25],[127.5,39.25],[127.75,39.5],[127.5,39.75],[128.25,39.75],[128.75,40.25],[129.0,40.25],[130.0,41.25],[129.766,41.484],[130.432,42.0],[131.25,42.371],[131.754,42.75],[132.0,42.824],[132.25,42.787],[132.5,42.626],[133.75,42.332],[134.5,42.491],[134.75,42.42],[134.926,42.5],[135.0,42.544],[135.226,43.0],[135.75,43.593],[136.5,44.078],[137.25,44.897],[137.75,45.176],[138.0,45.631],[138.147,45.75],[138.25,45.819],[138.75,45.656],[139.5,45.706],[139.634,45.5],[139.662,45.25],[139.5,44.883],[139.25,44.584],[138.74,44.25],[139.0,43.879],[139.466,43.5],[139.472,43.25],[138.934,42.5],[138.75,42.322],[138.221,42.0],[137.715,41.5],[137.0,41.0],[136.0,40.651],[135.837,40.5],[135.409,40.0],[135.239,39.5],[134.963,39.0],[135.0,38.916],[135.25,38.798],[135.75,38.708],[136.25,38.393],[136.389,38.25],[136.5,37.916],[136.522,37.5],[136.158,37.25],[133.5,36.079],[133.353,36.103],[133.5,36.25],[133.25,36.5],[133.0,36.25],[133.188,36.062],[133.0,36.127],[132.844,36.0],[132.81,35.75],[132.146,35.0],[132.0,35.0],[131.75,34.75],[131.5,34.75],[131.25,34.5],[131.0,34.5],[130.75,34.25],[130.75,34.0],[130.5,34.0],[130.0,33.5],[129.75,33.5],[129.5,33.5],[129.25,33.25]],[[46.0,80.75],[45.75,80.75],[45.5,80.5],[45.75,80.25],[46.0,80.25],[46.25,80.5],[46.0,80.75]],[[-3.0,58.75],[-2.634,59.0],[-2.486,59.25],[-2.75,59.298],[-2.866,59.25],[-2.855,59.105],[-3.0,59.25],[-3.25,59.25],[-3.5,59.0],[-3.25,58.75],[-3.0,58.75]],[[-6.0,58.25],[-6.25,58.5],[-6.75,58.5],[-7.25,58.0],[-7.009,57.759],[-7.0,57.677],[-6.5,57.75],[-6.0,58.25]],[[-6.0,56.0],[-6.5,56.0],[-6.75,55.75],[-6.5,55.5],[-6.0,55.5],[-5.75,55.75],[-6.0,56.0]],[[-6.75,55.25],[-7.0,55.5],[-7.75,55.5],[-8.0,55.25],[-8.5,55.25],[-9.0,54.75],[-8.75,54.5],[-10.0,54.5],[-10.25,54.25],[-10.0,53.937],[-10.0,53.75],[-10.25,53.5],[-10.0,53.25],[-9.75,53.25],[-9.5,53.0],[-10.0,52.5],[-10.0,52.25],[-10.25,52.0],[-10.25,51.75],[-10.0,51.5],[-9.75,51.5],[-9.5,51.25],[-9.25,51.25],[-9.029,51.471],[-8.5,51.5],[-8.431,51.569],[-7.75,51.75],[-7.131,52.0],[-6.5,52.0],[-6.385,52.115],[-6.03,52.25],[-5.403,52.75],[-5.473,53.0],[-5.801,53.25],[-5.837,53.5],[-5.971,53.75],[-5.416,54.25],[-5.304,54.5],[-5.427,54.75],[-6.058,55.058],[-6.5,55.5],[-6.75,55.25]],[[-4.75,54.25],[-4.5,54.0],[-4.236,54.25],[-4.5,54.5],[-4.75,54.25]],[[130.0,33.75],[129.75,34.0],[129.5,33.75],[129.75,33.5],[130.0,33.75]],[[-90.813,-0.813],[-90.5,-0.705],[-90.25,-1.0],[-90.0,-0.75],[-90.066,-0.25],[-90.283,0.0],[-90.354,0.5],[-90.5,0.675],[-90.75,0.711],[-90.908,0.5],[-90.867,0.25],[-91.0,-0.018],[-91.11,0.25],[-91.25,0.353],[-91.5,0.247],[-91.638,0.0],[-91.5,-1.0],[-91.25,-1.25],[-90.813,-0.813]],[[-90.5,-1.147],[-90.562,-1.25],[-90.5,-1.315],[-90.352,-1.25],[-90.5,-1.147]],[[-89.126,-0.5],[-89.25,-0.288],[-89.5,-0.276],[-89.682,-0.75],[-89.5,-0.963],[-89.25,-0.794],[-89.126,-0.5]],[[-88.0,2.407],[-87.84,2.5],[-87.706,2.75],[-87.874,3.0],[-87.75,3.124],[-87.5,3.015],[-87.458,3.25],[-87.24,3.5],[-87.25,3.56],[-87.75,3.714],[-88.0,3.457],[-88.439,3.25],[-88.577,2.75],[-88.585,2.5],[-88.25,2.376],[-88.0,2.407]],[[-86.909,5.75],[-87.0,5.783],[-87.166,5.5],[-87.0,5.307],[-86.751,5.5],[-86.909,5.75]],[[-80.75,-33.738],[-80.76,-33.75],[-80.75,-33.759],[-80.75,-33.738]],[[-64.0,-54.763],[-63.977,-54.75],[-64.25,-54.615],[-64.515,-54.75],[-64.0,-54.763]],[[-61.25,-62.5],[-61.5,-62.75],[-61.25,-63.0],[-61.0,-62.75],[-61.25,-62.5]],[[-58.75,-52.25],[-58.548,-52.048],[-58.25,-52.0],[-57.75,-51.5],[-58.5,-50.636],[-59.0,-50.414],[-59.25,-50.379],[-59.75,-50.466],[-60.321,-50.75],[-61.023,-51.0],[-60.778,-51.25],[-60.942,-51.5],[-61.25,-51.701],[-61.25,-51.772],[-61.071,-51.821],[-61.25,-52.0],[-61.0,-52.25],[-58.75,-52.25]],[[-60.5,-62.721],[-60.614,-62.75],[-60.5,-62.772],[-60.41,-62.75],[-60.5,-62.721]],[[-59.75,-62.25],[-60.0,-62.25],[-60.25,-62.5],[-60.0,-62.75],[-59.75,-62.75],[-59.5,-62.5],[-59.75,-62.25]],[[-58.0,-62.25],[-57.677,-62.0],[-58.0,-61.75],[-58.5,-61.75],[-58.75,-62.0],[-59.0,-62.0],[-59.25,-62.25],[-59.0,-62.5],[-58.75,-62.5],[-58.51,-62.26],[-58.0,-62.25]],[[-55.5,-61.493],[-55.572,-61.5],[-55.5,-61.511],[-55.39,-61.5],[-55.5,-61.493]],[[-35.75,-54.5],[-36.0,-54.25],[-36.356,-54.25],[-36.572,-54.178],[-36.75,-54.0],[-37.25,-54.0],[-37.5,-53.75],[-37.75,-53.75],[-38.0,-54.0],[-37.75,-54.25],[-37.5,-54.25],[-37.25,-54.5],[-36.75,-54.5],[-36.25,-55.0],[-36.0,-55.0],[-35.75,-54.75],[-35.75,-54.5]],[[-32.5,6.912],[-32.25,6.901],[-32.093,7.0],[-32.5,7.105],[-32.75,7.332],[-33.0,7.319],[-33.141,7.0],[-33.139,6.75],[-33.0,6.613],[-32.5,6.912]],[[-31.677,3.75],[-31.719,4.0],[-31.882,4.25],[-32.25,4.629],[-32.5,4.522],[-32.873,4.0],[-32.965,3.75],[-32.86,3.5],[-32.75,3.403],[-32.5,3.39],[-31.677,3.75]],[[-25.25,17.25],[-25.5,17.0],[-25.25,16.75],[-25.0,17.0],[-25.25,17.25]],[[-25.0,16.865],[-25.23,16.75],[-25.0,16.553],[-24.89,16.75],[-25.0,16.865]],[[-24.31,14.75],[-24.422,15.0],[-24.5,15.026],[-24.788,14.75],[-24.75,14.648],[-24.5,14.504],[-24.31,14.75]],[[-24.25,16.548],[-24.412,16.5],[-24.25,16.355],[-24.184,16.5],[-24.25,16.548]],[[-23.25,15.0],[-23.75,15.5],[-24.0,15.25],[-23.913,15.163],[-23.88,14.75],[-23.75,14.373],[-23.536,14.5],[-23.25,15.0]],[[-22.661,16.0],[-22.75,16.112],[-23.0,16.015],[-23.0,15.96],[-22.75,15.806],[-22.661,16.0]],[[-19.75,1.546],[-19.775,1.5],[-19.75,1.459],[-19.75,1.546]],[[-18.0,28.0],[-18.25,27.75],[-18.0,27.5],[-17.75,27.75],[-18.0,28.0]],[[6.91,0.34],[6.75,1.367],[6.5,1.534],[6.366,0.366],[6.25,0.25],[6.5,0.0],[6.75,0.0],[7.0,0.25],[6.91,0.34]],[[7.5,1.576],[7.667,1.75],[7.5,3.089],[7.25,3.393],[7.12,3.0],[7.179,1.5],[7.25,1.437],[7.5,1.576]],[[45.75,-25.5],[46.0,-25.5],[46.25,-25.25],[47.0,-25.25],[47.25,-25.0],[47.25,-24.75],[47.5,-24.5],[47.5,-24.0],[47.75,-23.75],[47.75,-23.25],[48.0,-23.0],[48.0,-22.5],[48.25,-22.25],[48.25,-21.75],[48.5,-21.5],[48.5,-20.75],[48.75,-20.5],[48.75,-20.25],[49.0,-20.0],[49.0,-19.5],[49.25,-19.25],[49.25,-18.75],[49.5,-18.5],[49.5,-17.25],[50.0,-16.75],[50.0,-16.25],[49.75,-16.0],[49.75,-15.801],[50.0,-16.0],[50.25,-16.0],[50.5,-15.75],[50.5,-15.0],[50.25,-14.75],[50.25,-13.5],[50.0,-13.25],[50.0,-13.0],[49.757,-12.757],[49.75,-12.5],[49.5,-12.25],[49.5,-12.0],[49.25,-11.75],[49.008,-11.992],[48.75,-12.114],[48.5,-12.117],[48.206,-12.0],[47.25,-11.803],[47.166,-11.75],[47.25,-11.726],[47.372,-11.5],[47.25,-11.386],[46.0,-11.147],[45.5,-10.915],[44.606,-10.0],[44.181,-9.25],[44.0,-9.115],[43.75,-9.068],[43.5,-9.267],[43.375,-9.5],[43.311,-9.75],[43.422,-10.5],[43.381,-11.0],[43.322,-11.322],[43.25,-11.25],[43.0,-11.5],[43.0,-11.75],[43.25,-12.0],[43.405,-11.845],[43.5,-11.864],[43.75,-11.737],[44.0,-11.763],[44.098,-12.0],[44.357,-12.143],[44.25,-12.25],[44.5,-12.5],[44.75,-12.25],[44.661,-12.161],[44.75,-12.033],[45.0,-11.834],[45.15,-12.0],[45.147,-12.25],[44.951,-12.75],[45.25,-13.063],[45.512,-13.0],[45.682,-13.75],[45.674,-14.0],[45.455,-14.5],[45.0,-15.056],[44.5,-15.516],[44.362,-15.75],[44.154,-16.25],[43.967,-17.283],[43.75,-17.5],[43.75,-17.75],[44.0,-18.0],[44.0,-19.0],[44.25,-19.25],[44.25,-19.75],[44.329,-19.829],[44.052,-20.448],[43.75,-20.75],[43.75,-20.976],[43.592,-21.25],[43.5,-21.25],[43.25,-21.5],[43.25,-23.0],[43.5,-23.25],[43.5,-24.25],[43.75,-24.5],[43.75,-24.75],[44.25,-25.25],[44.5,-25.25],[45.0,-25.75],[45.5,-25.75],[45.75,-25.5]],[[54.25,12.25],[54.5,12.5],[54.25,12.793],[53.5,12.75],[53.25,12.5],[53.5,12.25],[54.25,12.25]],[[55.5,-20.75],[55.25,-21.0],[55.25,-21.25],[55.5,-21.5],[55.75,-21.5],[56.0,-21.25],[55.5,-20.75]],[[56.5,1.314],[56.424,1.25],[56.5,1.216],[56.5,1.314]],[[57.312,7.0],[57.19,8.0],[57.0,8.375],[56.75,8.567],[56.508,8.5],[56.388,8.25],[56.367,8.0],[56.51,7.25],[56.75,6.776],[57.0,6.7],[57.231,6.75],[57.312,7.0]],[[58.0,-20.25],[57.75,-20.0],[57.5,-20.0],[57.25,-20.25],[57.25,-20.5],[57.5,-20.75],[58.0,-20.25]],[[62.982,9.0],[62.75,9.22],[62.658,9.0],[62.75,8.607],[63.0,8.728],[62.982,9.0]],[[63.5,-19.5],[63.25,-19.75],[63.5,-20.0],[63.75,-19.75],[63.5,-19.5]],[[68.926,8.5],[68.871,8.75],[68.75,8.876],[68.5,8.622],[68.465,8.5],[68.5,8.249],[68.75,8.114],[68.926,8.5]],[[69.75,-49.5],[69.643,-49.393],[69.705,-49.25],[69.233,-48.983],[69.0,-48.75],[68.75,-49.0],[68.75,-49.25],[69.0,-49.5],[69.25,-49.5],[69.5,-49.75],[69.75,-49.5]],[[70.0,-49.0],[69.75,-49.25],[70.0,-49.5],[70.25,-49.25],[70.0,-49.0]],[[71.75,-5.088],[71.603,-5.25],[71.75,-5.369],[71.927,-5.25],[71.75,-5.088]],[[73.636,0.5],[73.484,0.75],[73.424,1.0],[73.25,1.227],[73.0,1.36],[72.75,1.363],[72.61,1.25],[72.602,1.0],[72.836,0.5],[73.176,0.25],[73.287,0.25],[73.636,0.5]],[[92.5,11.0],[92.25,10.75],[92.5,10.5],[92.75,10.75],[92.5,11.0]],[[93.75,7.87],[93.838,8.0],[93.876,8.25],[93.835,8.5],[93.75,8.597],[93.25,8.389],[93.211,8.25],[93.416,8.166],[93.25,8.0],[93.5,7.75],[93.72,7.97],[93.75,7.87]],[[93.952,7.048],[94.03,7.25],[94.0,7.348],[93.75,7.687],[93.61,7.11],[93.5,7.0],[93.75,6.75],[94.0,7.0],[93.952,7.048]],[[99.874,-1.75],[99.75,-1.576],[99.597,-2.0],[99.653,-2.25],[99.75,-2.348],[99.939,-2.25],[99.874,-1.75]],[[100.0,-2.355],[99.944,-2.5],[100.0,-2.578],[100.225,-2.5],[100.0,-2.355]],[[100.381,-2.881],[100.25,-2.521],[100.16,-2.75],[100.194,-2.806],[100.0,-3.0],[100.25,-3.25],[100.5,-3.0],[100.381,-2.881]],[[144.25,-39.75],[144.0,-39.5],[143.75,-39.75],[143.75,-40.0],[144.0,-40.25],[144.25,-40.0],[144.25,-39.75]],[[147.0,-40.75],[146.75,-41.0],[146.047,-41.0],[145.75,-40.75],[145.455,-40.75],[145.0,-40.515],[144.895,-40.645],[144.75,-40.5],[144.5,-40.75],[144.5,-41.25],[144.75,-41.5],[144.75,-41.75],[145.25,-42.25],[145.25,-42.75],[146.25,-43.75],[146.75,-43.75],[147.0,-43.5],[147.25,-43.75],[147.5,-43.5],[147.295,-43.295],[148.022,-43.0],[148.45,-42.25],[148.537,-41.75],[148.5,-41.0],[148.25,-40.75],[147.0,-40.75]],[[148.5,-40.5],[148.377,-40.377],[148.417,-40.0],[148.25,-39.833],[148.0,-39.711],[147.75,-40.0],[148.0,-40.25],[148.083,-40.167],[148.188,-40.312],[148.0,-40.5],[148.25,-40.75],[148.5,-40.5]],[[154.25,-4.491],[154.247,-4.5],[154.255,-4.5],[154.25,-4.491]],[[156.078,-6.75],[155.931,-6.25],[155.384,-5.25],[155.25,-4.612],[155.0,-4.489],[154.57,-5.0],[154.606,-5.144],[154.5,-5.25],[154.5,-5.5],[154.649,-5.649],[154.75,-6.0],[155.0,-6.295],[155.0,-6.5],[155.75,-7.176],[155.938,-7.0],[156.078,-6.75]],[[157.631,-8.631],[157.75,-8.75],[158.0,-8.704],[158.245,-8.5],[157.921,-7.75],[157.941,-7.5],[157.833,-7.25],[157.41,-6.75],[157.18,-6.25],[156.75,-5.941],[156.5,-6.009],[156.349,-6.5],[156.369,-6.631],[156.25,-6.75],[156.794,-7.25],[156.75,-7.367],[156.5,-7.31],[156.418,-7.5],[156.391,-7.75],[156.5,-8.151],[156.674,-7.924],[157.042,-8.292],[157.08,-8.5],[157.25,-8.657],[157.631,-8.631]],[[160.19,-18.75],[160.0,-18.356],[159.834,-19.0],[159.881,-19.25],[160.0,-19.323],[160.114,-19.25],[160.19,-18.75]],[[160.5,-11.629],[160.374,-11.75],[160.5,-11.821],[160.577,-11.75],[160.5,-11.629]],[[168.0,-47.25],[168.174,-47.076],[169.042,-46.75],[169.5,-46.75],[169.611,-46.639],[171.0,-46.085],[171.75,-45.948],[172.79,-45.5],[173.179,-45.25],[173.402,-44.75],[173.25,-44.0],[173.346,-43.154],[173.5,-43.0],[173.5,-42.75],[173.75,-42.5],[173.75,-42.25],[174.0,-42.25],[174.25,-42.0],[174.25,-41.704],[174.5,-41.594],[175.36,-41.61],[175.5,-41.75],[176.5,-40.75],[176.5,-40.5],[176.75,-40.5],[177.0,-40.25],[177.0,-40.0],[177.25,-39.75],[177.0,-39.5],[177.25,-39.25],[177.75,-39.25],[178.0,-39.0],[178.0,-38.75],[178.25,-38.75],[178.5,-38.5],[178.5,-37.75],[178.25,-37.5],[177.612,-37.25],[177.0,-36.237],[175.75,-35.011],[174.886,-34.5],[174.0,-34.253],[173.5,-34.255],[173.108,-34.358],[173.0,-34.25],[172.75,-34.25],[172.5,-34.5],[173.0,-35.0],[173.0,-35.25],[173.75,-36.0],[173.75,-36.25],[174.25,-36.75],[174.25,-37.0],[174.75,-37.5],[174.75,-38.0],[174.5,-38.25],[174.5,-38.75],[174.171,-39.0],[173.75,-39.0],[173.5,-39.25],[174.0,-39.75],[174.166,-39.75],[174.0,-40.035],[173.449,-40.25],[172.75,-40.375],[172.561,-40.561],[172.5,-40.5],[172.0,-41.0],[172.0,-41.25],[171.75,-41.5],[171.5,-41.5],[171.25,-41.75],[171.25,-42.0],[171.0,-42.25],[171.0,-42.75],[170.75,-42.75],[170.5,-43.0],[170.25,-43.0],[169.75,-43.5],[169.25,-43.5],[169.0,-43.75],[168.75,-43.75],[168.5,-44.0],[168.25,-44.0],[167.5,-44.75],[167.25,-44.75],[166.25,-45.75],[166.25,-46.0],[166.5,-46.25],[166.75,-46.25],[167.0,-46.5],[167.25,-46.5],[167.5,-46.25],[167.75,-46.5],[167.5,-46.75],[167.5,-47.0],[167.25,-47.25],[167.5,-47.5],[167.75,-47.25],[168.0,-47.25]],[[177.834,52.0],[177.5,52.25],[177.25,52.0],[177.5,51.75],[177.834,52.0]],[[179.25,51.603],[179.002,51.5],[179.25,51.414],[179.431,51.5],[179.25,51.603]],[[114.75,11.115],[114.603,11.0],[114.75,10.873],[115.0,10.986],[114.75,11.115]],[[117.75,15.298],[117.713,15.25],[117.75,15.209],[117.929,15.25],[117.75,15.298]],[[121.5,22.064],[121.389,22.0],[121.5,21.941],[121.5,22.064]],[[121.75,20.329],[121.648,20.25],[121.75,20.047],[121.926,20.25],[121.75,20.329]],[[122.75,30.765],[122.68,30.75],[122.75,30.724],[122.75,30.765]],[[124.209,24.25],[123.91,24.34],[123.75,24.5],[123.5,24.25],[123.683,24.067],[123.652,24.0],[123.75,23.865],[124.0,23.996],[124.209,24.25]],[[125.25,24.831],[125.168,24.75],[125.25,24.618],[125.319,24.75],[125.25,24.831]],[[128.5,26.75],[128.25,27.0],[127.5,26.25],[127.75,26.0],[128.5,26.75]],[[128.75,33.0],[128.5,32.75],[128.75,32.5],[129.0,32.75],[128.75,33.0]],[[129.25,28.5],[129.0,28.25],[129.25,28.0],[129.5,28.25],[129.25,28.5]],[[130.5,30.5],[130.25,30.25],[130.5,30.0],[130.75,30.25],[130.5,30.5]],[[147.0,11.272],[147.25,11.332],[147.491,11.5],[147.396,12.0],[147.174,12.5],[146.868,12.75],[146.0,13.089],[145.365,13.5],[144.846,13.654],[144.75,13.75],[144.5,13.5],[144.549,13.451],[144.466,13.0],[144.5,12.933],[144.788,13.0],[145.278,12.75],[145.617,12.5],[146.017,11.75],[146.25,11.507],[146.75,11.306],[147.0,11.272]],[[150.25,46.0],[150.004,46.246],[150.25,46.251],[149.962,46.25],[149.5,45.75],[149.75,45.5],[150.25,46.0]],[[152.0,47.048],[151.959,47.0],[152.0,46.988],[152.0,47.048]],[[151.75,-9.221],[151.711,-9.25],[151.75,-9.267],[151.962,-9.25],[151.75,-9.221]],[[153.0,-9.0],[152.75,-8.75],[152.5,-8.729],[152.277,-9.0],[152.5,-9.157],[152.5,-9.25],[152.75,-9.5],[153.0,-9.25],[153.0,-9.0]],[[153.5,-9.238],[153.49,-9.25],[153.5,-9.258],[153.5,-9.238]],[[150.75,-17.659],[150.861,-17.5],[150.75,-17.385],[150.383,-17.5],[150.5,-17.75],[150.75,-17.659]],[[122.0,-10.263],[121.75,-10.367],[121.64,-10.5],[121.75,-10.59],[122.0,-10.526],[122.0,-10.263]],[[-17.25,28.149],[-17.375,28.0],[-17.25,27.763],[-17.108,28.0],[-17.25,28.149]],[[-16.099,28.25],[-16.116,28.384],[-16.0,28.5],[-16.25,28.75],[-16.5,28.5],[-16.75,28.5],[-17.0,28.25],[-16.845,28.095],[-16.856,28.0],[-16.75,27.868],[-16.5,27.939],[-16.099,28.25]],[[-15.286,27.75],[-15.25,28.0],[-15.5,28.25],[-15.75,28.25],[-16.0,28.0],[-15.916,27.916],[-15.75,27.293],[-15.286,27.75]],[[-7.0,57.5],[-7.25,57.75],[-7.5,57.5],[-7.5,57.25],[-7.25,57.0],[-7.0,57.25],[-7.0,57.5]],[[-6.75,61.917],[-6.69,62.0],[-6.5,62.0],[-6.25,62.25],[-6.5,62.5],[-7.25,62.5],[-7.5,62.25],[-7.5,62.0],[-7.25,61.75],[-7.0,61.75],[-6.791,61.959],[-6.75,61.917]],[[-6.75,61.75],[-7.0,61.5],[-6.75,61.25],[-6.5,61.5],[-6.75,61.75]],[[-0.805,60.5],[-0.734,60.75],[-1.067,60.567],[-1.25,60.75],[-1.5,60.75],[-1.75,60.5],[-1.75,60.25],[-1.5,60.0],[-1.25,60.0],[-0.805,60.5]],[[13.524,68.0],[13.21,68.04],[13.0,68.25],[12.75,68.0],[13.0,67.75],[13.187,67.937],[13.524,68.0]],[[16.75,76.5],[17.0,76.664],[17.429,76.75],[17.5,76.848],[18.25,77.198],[19.5,77.539],[20.25,77.566],[20.75,77.429],[21.08,77.42],[21.25,77.25],[22.0,77.25],[22.088,77.338],[23.25,77.25],[23.315,77.315],[24.25,77.503],[27.317,78.0],[27.5,78.085],[28.422,78.25],[28.25,78.331],[26.75,78.35],[26.053,78.5],[27.25,78.573],[27.75,78.752],[29.25,78.807],[30.0,78.975],[30.25,78.961],[30.421,79.0],[30.596,79.25],[29.25,79.346],[28.0,79.29],[25.913,79.0],[25.75,78.777],[25.391,79.25],[25.75,79.25],[26.25,79.352],[27.349,79.75],[27.576,80.0],[27.279,80.5],[27.0,80.646],[25.75,80.986],[25.0,81.107],[23.75,81.176],[22.0,81.109],[18.953,80.75],[18.0,80.694],[17.5,80.715],[16.75,80.877],[16.25,80.917],[14.25,80.82],[13.0,80.629],[11.07,80.0],[10.75,80.0],[10.5,79.75],[11.062,79.188],[10.633,79.0],[10.874,78.874],[10.75,78.75],[10.75,78.5],[11.0,78.25],[11.25,78.25],[11.332,78.332],[12.25,78.225],[13.0,78.25],[13.25,78.0],[13.5,78.0],[13.625,77.875],[13.584,77.75],[13.66,77.5],[14.0,77.365],[14.0,77.25],[14.25,77.0],[15.417,77.0],[15.75,76.75],[16.007,76.743],[16.25,76.5],[16.75,76.5]],[[33.18,80.18],[33.627,80.25],[33.148,80.352],[33.0,80.5],[32.5,80.5],[32.415,80.415],[32.0,80.382],[31.706,80.25],[32.0,80.112],[32.396,80.104],[32.5,80.0],[33.0,80.0],[33.18,80.18]],[[-69.75,35.032],[-69.782,35.0],[-69.75,34.981],[-69.656,35.0],[-69.75,35.032]],[[-69.023,38.0],[-69.176,38.25],[-69.25,38.629],[-69.352,38.5],[-69.385,38.25],[-69.505,38.0],[-69.25,37.944],[-69.023,38.0]],[[-69.25,12.338],[-69.372,12.25],[-69.0,11.91],[-68.841,12.0],[-69.25,12.338]],[[-68.5,12.333],[-68.624,12.25],[-68.5,12.088],[-68.377,12.25],[-68.5,12.333]],[[-67.75,12.022],[-67.78,12.0],[-67.75,11.96],[-67.684,12.0],[-67.75,12.022]],[[-66.58,17.75],[-66.0,17.75],[-65.5,18.069],[-65.355,18.25],[-65.5,18.391],[-65.75,18.5],[-66.75,18.731],[-67.25,18.702],[-67.998,18.25],[-67.5,17.797],[-67.25,17.655],[-66.58,17.75]],[[-66.601,11.75],[-66.75,11.868],[-67.047,11.75],[-66.75,11.587],[-66.601,11.75]],[[-66.25,11.787],[-66.321,11.75],[-66.25,11.691],[-66.25,11.787]],[[-65.0,17.758],[-65.013,17.75],[-65.0,17.743],[-65.0,17.758]],[[-64.75,11.777],[-64.798,11.75],[-64.75,11.709],[-64.65,11.75],[-64.75,11.777]],[[-62.627,17.25],[-63.0,17.527],[-63.423,17.5],[-63.25,17.401],[-63.143,17.25],[-62.75,17.081],[-62.627,17.25]],[[-61.903,15.903],[-61.75,15.75],[-61.5,16.0],[-61.25,16.0],[-61.0,16.25],[-61.25,16.5],[-61.75,16.5],[-61.874,16.376],[-62.236,16.25],[-62.405,16.0],[-61.903,15.903]],[[-61.672,12.0],[-61.65,12.25],[-61.452,12.5],[-61.5,12.94],[-61.686,12.75],[-61.771,12.5],[-62.161,12.25],[-62.24,12.0],[-62.0,11.891],[-61.75,11.903],[-61.672,12.0]],[[-61.13,13.25],[-61.25,13.393],[-61.606,13.25],[-61.46,13.0],[-61.25,12.938],[-61.13,13.25]],[[-60.75,11.283],[-60.823,11.25],[-60.75,11.205],[-60.75,11.283]],[[-54.812,27.5],[-54.576,27.75],[-54.63,28.0],[-55.0,28.083],[-55.75,28.089],[-56.125,28.0],[-56.424,27.75],[-56.413,27.5],[-56.035,27.25],[-55.75,27.225],[-54.812,27.5]],[[-39.75,28.568],[-39.5,28.527],[-39.25,28.378],[-39.0,28.352],[-38.75,28.415],[-38.0,28.694],[-37.25,29.151],[-36.75,29.36],[-36.25,29.708],[-35.25,30.155],[-34.75,30.243],[-34.25,30.161],[-33.75,30.21],[-32.5,30.667],[-30.804,31.0],[-30.0,31.288],[-29.0,31.78],[-28.5,31.856],[-27.75,31.77],[-27.25,31.878],[-26.25,32.417],[-25.424,32.75],[-24.5,33.295],[-24.0,33.442],[-23.0,33.927],[-21.0,34.559],[-19.895,35.0],[-19.0,35.445],[-18.5,35.852],[-18.0,36.092],[-17.25,36.271],[-16.583,36.75],[-15.938,37.0],[-15.486,37.25],[-15.25,37.462],[-15.037,38.0],[-15.07,38.5],[-15.215,38.75],[-16.015,39.25],[-16.25,39.485],[-17.0,39.608],[-17.75,39.84],[-18.5,39.821],[-19.0,39.587],[-19.102,39.5],[-19.083,39.0],[-19.161,38.75],[-19.5,38.627],[-19.75,38.632],[-20.0,38.759],[-20.267,39.25],[-20.5,39.444],[-21.5,39.494],[-22.5,39.693],[-24.0,39.876],[-24.75,40.1],[-26.5,39.829],[-27.5,39.805],[-28.5,39.637],[-28.961,39.5],[-29.103,39.25],[-29.059,38.5],[-29.25,38.295],[-29.75,38.459],[-30.0,38.653],[-30.75,38.799],[-31.0,38.994],[-31.75,38.129],[-32.867,37.25],[-32.991,36.75],[-33.383,36.25],[-34.5,35.966],[-35.0,35.954],[-35.75,36.053],[-36.446,35.75],[-36.845,35.5],[-37.25,35.134],[-38.25,34.813],[-39.0,34.681],[-39.389,34.5],[-39.309,34.25],[-38.75,34.091],[-37.0,34.094],[-36.789,34.0],[-36.813,33.75],[-37.552,33.0],[-39.25,32.41],[-40.0,32.266],[-40.31,32.0],[-40.387,31.75],[-40.253,31.25],[-40.329,30.75],[-40.25,30.573],[-40.0,30.447],[-39.812,30.25],[-39.732,30.0],[-39.739,29.75],[-39.986,29.25],[-40.139,28.75],[-39.992,28.5],[-39.75,28.568]],[[-34.75,3.357],[-34.5,3.461],[-34.0,4.124],[-33.75,4.376],[-33.487,4.5],[-33.376,4.75],[-33.363,5.0],[-33.5,5.148],[-33.75,5.062],[-34.5,5.387],[-34.63,5.5],[-34.75,5.888],[-35.243,6.25],[-35.372,6.5],[-35.304,6.75],[-35.512,7.0],[-35.75,7.075],[-36.75,7.166],[-37.25,7.103],[-38.0,6.592],[-38.5,6.661],[-38.667,6.5],[-38.63,6.25],[-38.408,5.75],[-38.0,5.138],[-37.843,5.0],[-37.25,4.821],[-36.25,4.981],[-36.108,4.75],[-36.307,4.25],[-36.269,3.75],[-36.0,3.526],[-34.75,3.357]],[[-75.0,-44.727],[-75.022,-44.75],[-75.0,-44.77],[-74.861,-44.75],[-75.0,-44.727]],[[-179.75,-11.707],[-179.831,-11.75],[-179.75,-11.795],[-179.75,-11.707]],[[-179.0,-17.415],[-178.846,-17.25],[-178.853,-17.0],[-179.0,-16.821],[-179.25,-16.841],[-179.533,-17.25],[-179.25,-17.386],[-179.0,-17.415]],[[-178.443,-18.5],[-178.5,-18.438],[-178.554,-18.5],[-178.5,-18.75],[-178.443,-18.5]],[[-178.25,-14.239],[-178.265,-14.25],[-178.25,-14.265],[-178.25,-14.239]],[[-176.5,-43.75],[-176.75,-44.0],[-176.5,-44.25],[-176.25,-44.0],[-176.5,-43.75]],[[-175.25,-20.974],[-175.273,-21.0],[-175.25,-21.04],[-175.187,-21.0],[-175.25,-20.974]],[[-174.628,-20.5],[-174.633,-20.25],[-174.555,-20.0],[-174.376,-19.75],[-174.5,-19.644],[-174.915,-20.0],[-175.137,-20.5],[-175.0,-20.603],[-174.75,-20.629],[-174.628,-20.5]],[[-173.812,52.25],[-174.0,52.327],[-174.25,52.334],[-174.398,52.25],[-174.25,52.107],[-174.0,52.138],[-173.812,52.25]],[[-174.0,-18.703],[-174.068,-18.75],[-174.0,-18.791],[-174.0,-18.703]],[[-172.0,-13.5],[-172.25,-13.25],[-172.75,-13.25],[-173.0,-13.5],[-172.5,-14.0],[-172.25,-14.0],[-172.0,-13.75],[-172.0,-13.5]],[[-171.5,-13.75],[-171.75,-13.75],[-172.0,-14.0],[-171.75,-14.25],[-171.5,-14.25],[-171.25,-14.0],[-171.5,-13.75]],[[-170.75,-14.238],[-170.764,-14.25],[-170.75,-14.261],[-170.75,-14.238]],[[-170.25,57.431],[-170.394,57.25],[-170.25,57.137],[-170.084,57.25],[-170.25,57.431]],[[-168.75,53.25],[-169.0,53.0],[-168.75,52.75],[-168.5,53.0],[-168.75,53.25]],[[-167.75,53.0],[-167.5,53.25],[-167.668,53.418],[-167.213,53.463],[-167.0,53.25],[-166.75,53.25],[-166.5,53.5],[-166.25,53.5],[-166.0,53.75],[-166.17,53.92],[-165.949,54.0],[-166.25,54.057],[-166.75,54.0],[-167.25,53.561],[-167.816,53.566],[-168.0,53.75],[-168.5,53.25],[-168.25,53.0],[-168.0,53.25],[-167.75,53.0]],[[-165.5,54.308],[-165.615,54.25],[-165.5,54.185],[-165.262,54.25],[-165.5,54.308]],[[-159.75,-21.0],[-160.0,-21.25],[-159.75,-21.5],[-159.5,-21.25],[-159.75,-21.0]],[[-158.0,-8.956],[-158.054,-9.0],[-158.0,-9.042],[-158.0,-8.956]],[[-157.5,2.04],[-157.541,2.0],[-157.5,1.935],[-157.449,2.0],[-157.5,2.04]],[[-157.25,2.0],[-157.5,1.75],[-157.25,1.5],[-157.0,1.75],[-157.25,2.0]],[[-156.25,21.0],[-156.5,20.75],[-156.25,20.5],[-156.0,20.75],[-156.25,21.0]],[[-155.25,19.25],[-155.0,19.25],[-154.75,19.5],[-155.5,20.25],[-155.75,20.25],[-156.25,19.75],[-156.0,19.5],[-156.0,19.0],[-155.75,18.75],[-155.25,19.25]],[[-151.419,-16.5],[-151.75,-16.25],[-152.0,-16.5],[-151.75,-16.75],[-151.536,-16.536],[-151.565,-16.75],[-151.5,-16.806],[-151.412,-16.75],[-151.419,-16.5]],[[-151.0,-16.5],[-151.25,-16.75],[-151.0,-17.0],[-150.75,-16.75],[-151.0,-16.5]],[[-149.102,-17.648],[-147.799,-16.5],[-147.25,-15.918],[-147.0,-16.163],[-146.75,-16.226],[-146.5,-16.153],[-146.0,-16.188],[-145.717,-16.5],[-145.608,-16.75],[-145.706,-17.25],[-145.5,-17.482],[-145.25,-17.382],[-145.0,-17.119],[-144.5,-17.051],[-144.25,-17.174],[-143.75,-16.752],[-143.25,-17.08],[-143.0,-17.047],[-142.836,-16.75],[-143.056,-16.5],[-142.5,-16.302],[-142.239,-16.0],[-142.126,-15.75],[-142.25,-15.561],[-142.719,-15.5],[-143.0,-15.345],[-143.363,-15.25],[-143.601,-15.0],[-143.979,-14.75],[-144.25,-14.587],[-144.5,-14.539],[-144.75,-14.184],[-145.0,-14.041],[-145.25,-14.049],[-145.75,-13.864],[-146.0,-13.849],[-146.75,-14.142],[-147.25,-14.176],[-148.0,-14.56],[-148.5,-15.063],[-148.75,-14.953],[-148.808,-15.0],[-148.873,-15.25],[-149.25,-15.874],[-149.75,-16.986],[-149.851,-17.5],[-149.623,-17.623],[-149.75,-17.75],[-149.5,-18.0],[-149.25,-18.0],[-149.0,-17.75],[-149.102,-17.648]],[[-142.5,-17.437],[-142.535,-17.5],[-142.5,-17.529],[-142.456,-17.5],[-142.5,-17.437]],[[-141.909,-18.0],[-141.877,-17.75],[-142.0,-17.648],[-142.25,-17.739],[-142.446,-18.0],[-142.25,-18.226],[-141.909,-18.0]],[[-141.75,-18.542],[-141.844,-18.75],[-141.75,-18.802],[-141.695,-18.75],[-141.75,-18.542]],[[-140.548,-17.75],[-140.75,-17.543],[-141.096,-17.75],[-141.176,-18.25],[-141.0,-18.341],[-140.75,-18.333],[-140.548,-17.75]],[[-139.0,-10.0],[-138.75,-9.75],[-139.0,-9.5],[-139.241,-9.759],[-139.0,-10.0]],[[-118.5,33.172],[-118.574,33.0],[-118.5,32.928],[-118.397,33.0],[-118.5,33.172]],[[-118.25,29.25],[-118.5,29.0],[-118.25,28.75],[-118.0,29.0],[-118.25,29.25]],[[-90.0,0.509],[-90.007,0.5],[-90.0,0.491],[-90.0,0.509]],[[-31.966,6.75],[-32.0,6.835],[-32.1,6.5],[-32.0,6.378],[-31.905,6.5],[-31.966,6.75]],[[-23.25,15.394],[-23.478,15.25],[-23.25,15.005],[-23.129,15.25],[-23.25,15.394]],[[-23.0,17.0],[-23.25,16.75],[-23.0,16.5],[-22.75,16.75],[-23.0,17.0]],[[-18.0,28.556],[-18.023,28.5],[-18.0,28.467],[-17.937,28.5],[-18.0,28.556]],[[-17.75,29.0],[-18.0,28.75],[-17.75,28.5],[-17.5,28.75],[-17.75,29.0]],[[43.834,-12.0],[43.75,-11.786],[43.731,-12.0],[43.61,-12.25],[43.75,-12.388],[43.928,-12.25],[43.834,-12.0]],[[55.75,-4.045],[55.526,-4.25],[55.75,-4.364],[55.859,-4.25],[55.75,-4.045]],[[73.603,2.0],[73.369,2.75],[73.66,3.0],[73.677,3.5],[73.611,4.0],[73.719,4.5],[73.622,5.0],[73.708,6.0],[73.454,7.0],[73.137,7.5],[73.0,7.609],[72.442,7.75],[72.092,8.0],[71.75,8.429],[71.384,8.75],[71.374,9.0],[71.25,9.154],[71.0,9.214],[70.75,9.043],[70.404,8.25],[69.969,7.75],[70.064,7.0],[70.475,6.25],[70.606,5.25],[71.047,4.75],[71.298,4.25],[72.0,3.476],[72.781,2.25],[73.25,1.866],[73.5,1.893],[73.603,2.0]],[[93.0,11.676],[93.25,12.0],[93.327,12.25],[93.378,13.0],[93.471,13.25],[93.412,13.5],[93.25,13.609],[93.158,13.592],[93.0,13.75],[92.75,13.5],[92.75,13.25],[92.847,13.153],[92.5,12.75],[92.5,11.75],[92.625,11.625],[92.611,11.5],[92.75,11.367],[92.947,11.5],[93.0,11.676]],[[154.75,49.682],[154.593,49.5],[154.75,49.367],[154.961,49.5],[154.75,49.682]],[[155.25,7.701],[155.1,7.5],[155.25,7.419],[155.362,7.5],[155.25,7.701]],[[157.0,-4.668],[156.904,-4.75],[157.0,-4.822],[157.066,-4.75],[157.0,-4.668]],[[160.25,-11.575],[160.32,-11.5],[160.0,-11.25],[159.75,-11.5],[160.0,-11.75],[160.206,-11.544],[160.25,-11.575]],[[167.0,-22.739],[167.25,-22.498],[167.5,-22.637],[167.703,-22.5],[168.085,-21.75],[168.344,-21.5],[168.934,-20.5],[169.25,-20.34],[169.75,-20.378],[170.015,-20.0],[170.242,-19.5],[169.982,-19.25],[169.778,-18.5],[169.5,-18.028],[169.25,-17.962],[169.0,-18.075],[168.75,-18.09],[168.534,-17.966],[168.75,-17.75],[168.678,-17.5],[168.487,-17.25],[168.68,-17.0],[168.5,-16.706],[168.5,-16.5],[168.352,-16.352],[168.33,-16.17],[168.5,-16.0],[168.236,-15.764],[168.185,-15.0],[168.0,-14.791],[167.703,-14.75],[167.554,-14.446],[167.75,-14.25],[167.5,-14.0],[167.467,-14.033],[167.648,-13.75],[167.5,-13.546],[167.25,-13.364],[166.75,-13.372],[166.712,-13.25],[166.5,-13.113],[166.278,-13.25],[166.433,-14.0],[166.419,-14.5],[166.337,-14.75],[166.368,-15.25],[166.55,-15.55],[166.5,-15.925],[166.25,-15.828],[166.0,-15.605],[165.75,-15.687],[165.5,-16.056],[165.25,-16.224],[164.969,-16.25],[164.578,-16.75],[164.25,-17.358],[163.75,-17.628],[163.25,-17.745],[163.086,-18.0],[163.237,-18.25],[163.216,-18.5],[162.75,-18.784],[162.25,-18.763],[162.0,-18.641],[161.75,-18.604],[161.489,-18.75],[161.444,-19.25],[162.224,-19.75],[162.5,-20.139],[162.678,-20.25],[163.25,-20.337],[163.75,-20.751],[164.0,-20.741],[164.25,-20.923],[164.427,-20.927],[165.25,-21.75],[165.5,-21.75],[165.75,-22.0],[165.887,-22.0],[166.0,-22.086],[166.5,-22.568],[167.0,-22.739]],[[168.0,-28.97],[167.98,-29.0],[168.0,-29.02],[168.0,-28.97]],[[171.0,8.383],[170.916,8.25],[171.0,8.206],[171.057,8.25],[171.0,8.383]],[[171.75,7.075],[171.669,7.0],[171.75,6.962],[171.79,7.0],[171.75,7.075]],[[172.75,3.271],[172.729,3.25],[172.75,3.224],[172.82,3.25],[172.75,3.271]],[[174.75,-1.233],[174.727,-1.25],[174.75,-1.275],[174.75,-1.233]],[[175.0,-1.421],[174.915,-1.5],[175.0,-1.563],[175.064,-1.5],[175.0,-1.421]],[[115.164,11.5],[114.75,11.659],[114.549,11.5],[114.75,11.329],[115.164,11.5]],[[129.25,34.5],[129.0,34.25],[129.25,34.0],[129.5,34.25],[129.25,34.5]],[[130.75,30.616],[130.636,30.5],[130.75,30.478],[130.75,30.616]],[[146.299,15.0],[145.959,15.25],[145.75,15.32],[145.577,15.0],[145.75,14.829],[146.0,14.861],[146.299,15.0]],[[146.75,44.0],[146.5,43.75],[146.75,43.5],[147.0,43.75],[146.75,44.0]],[[-16.75,32.75],[-17.0,33.0],[-17.334,32.75],[-17.25,32.539],[-17.011,32.511],[-16.75,32.75]],[[-65.0,32.289],[-65.028,32.25],[-65.0,32.213],[-64.904,32.25],[-65.0,32.289]],[[-64.407,18.5],[-64.5,18.637],[-64.897,18.5],[-64.75,18.38],[-64.5,18.389],[-64.407,18.5]],[[-63.168,18.25],[-63.25,18.268],[-63.292,18.25],[-63.265,18.0],[-63.191,18.0],[-63.168,18.25]],[[-61.5,15.158],[-61.426,15.25],[-61.376,15.5],[-61.5,15.639],[-62.042,15.5],[-62.069,15.25],[-61.5,15.158]],[[-61.356,14.0],[-61.39,13.75],[-61.215,13.715],[-61.0,13.5],[-60.75,13.75],[-60.75,14.0],[-61.0,14.25],[-61.205,14.045],[-61.356,14.0]],[[-60.75,14.5],[-60.75,14.75],[-61.0,15.0],[-61.156,14.844],[-61.858,14.75],[-61.599,14.5],[-61.25,14.376],[-61.153,14.403],[-61.0,14.25],[-60.75,14.5]],[[-30.575,39.5],[-30.709,39.75],[-31.0,39.91],[-31.5,39.5],[-31.25,39.25],[-31.144,39.25],[-31.0,39.009],[-30.941,39.25],[-30.575,39.5]],[[-25.75,62.838],[-25.0,62.813],[-22.25,63.197],[-21.0,63.291],[-19.597,63.347],[-19.5,63.25],[-18.25,63.25],[-18.0,63.5],[-17.75,63.5],[-17.551,63.699],[-16.5,63.75],[-16.25,64.0],[-15.75,64.0],[-15.6,64.15],[-15.126,64.25],[-14.75,64.25],[-14.55,64.45],[-14.25,64.5],[-14.0,64.75],[-13.75,64.75],[-13.5,65.0],[-13.649,65.149],[-13.561,65.25],[-13.626,65.374],[-13.5,65.5],[-13.75,65.75],[-13.988,65.75],[-14.325,66.25],[-14.646,66.5],[-15.5,66.695],[-16.5,66.801],[-17.5,66.796],[-18.5,66.665],[-19.0,66.516],[-20.0,66.484],[-20.5,66.311],[-20.75,66.433],[-21.0,66.671],[-21.25,66.74],[-22.75,66.565],[-23.811,66.189],[-25.25,65.785],[-26.413,65.25],[-27.0,64.885],[-27.451,64.0],[-27.5,63.75],[-27.204,63.25],[-26.25,62.934],[-25.75,62.838]],[[-15.25,39.615],[-15.036,39.75],[-15.5,39.904],[-16.165,39.75],[-16.0,39.602],[-15.75,39.555],[-15.25,39.615]],[[-176.161,51.75],[-176.162,51.912],[-176.0,51.75],[-175.75,52.0],[-176.0,52.25],[-176.223,52.027],[-176.358,52.0],[-176.359,51.859],[-176.5,52.0],[-176.75,52.0],[-176.866,51.884],[-177.122,51.872],[-177.25,52.0],[-177.406,51.844],[-177.899,51.899],[-178.0,52.0],[-178.25,51.75],[-178.0,51.5],[-177.878,51.622],[-177.416,51.666],[-177.25,51.5],[-177.111,51.639],[-177.0,51.644],[-176.893,51.643],[-176.75,51.5],[-176.5,51.5],[-176.284,51.716],[-176.161,51.75]],[[-176.25,-13.157],[-176.362,-13.25],[-176.25,-13.34],[-176.168,-13.25],[-176.25,-13.157]],[[-172.5,52.5],[-172.75,52.25],[-172.5,52.0],[-172.25,52.25],[-172.5,52.5]],[[-159.5,22.25],[-159.75,22.25],[-160.0,22.0],[-159.75,21.75],[-159.5,21.75],[-159.25,22.0],[-159.5,22.25]],[[-158.0,21.75],[-158.25,21.75],[-158.5,21.5],[-158.25,21.25],[-158.0,21.25],[-157.75,21.5],[-158.0,21.75]],[[-157.0,21.0],[-157.25,20.75],[-157.0,20.5],[-156.75,20.75],[-157.0,21.0]],[[-154.75,56.584],[-154.804,56.5],[-154.75,56.449],[-154.595,56.5],[-154.75,56.584]],[[72.25,10.351],[72.152,10.25],[72.25,10.19],[72.312,10.25],[72.25,10.351]],[[73.0,11.624],[72.9,11.5],[73.0,11.429],[73.086,11.5],[73.0,11.624]],[[162.0,-10.169],[161.752,-10.0],[161.694,-9.75],[161.535,-9.715],[161.75,-9.5],[161.25,-8.94],[160.812,-8.0],[160.75,-7.747],[160.5,-7.379],[160.25,-7.482],[160.0,-7.431],[159.75,-7.035],[159.5,-6.894],[159.25,-7.027],[159.0,-7.045],[158.75,-6.953],[158.5,-6.943],[158.25,-7.032],[158.12,-7.25],[158.149,-7.5],[158.5,-7.685],[158.59,-7.66],[158.5,-7.75],[159.0,-8.25],[159.25,-8.25],[159.599,-8.599],[159.5,-9.128],[159.469,-9.0],[159.25,-8.8],[158.957,-9.0],[159.463,-9.25],[159.5,-9.5],[159.75,-9.83],[160.0,-10.0],[160.75,-10.0],[161.0,-9.75],[160.904,-9.654],[160.908,-9.5],[160.71,-9.25],[160.75,-9.176],[160.75,-9.25],[161.0,-9.5],[161.085,-9.5],[161.25,-9.723],[161.354,-9.75],[161.25,-9.838],[161.087,-10.25],[161.319,-10.431],[161.25,-10.5],[161.5,-10.75],[161.75,-10.75],[162.0,-11.0],[162.25,-11.0],[162.5,-10.75],[162.0,-10.169]],[[162.75,-17.966],[162.676,-18.0],[162.75,-18.042],[162.793,-18.0],[162.75,-17.966]],[[165.5,11.525],[165.25,11.653],[165.032,11.5],[165.25,11.316],[165.5,11.461],[165.5,11.525]],[[166.0,-11.0],[166.25,-10.75],[166.061,-10.561],[166.421,-10.25],[166.25,-10.017],[166.0,-9.988],[165.742,-10.25],[165.801,-10.5],[165.621,-10.75],[165.75,-10.86],[165.869,-10.869],[166.0,-11.0]],[[166.5,-11.104],[166.352,-11.25],[166.5,-11.372],[166.633,-11.25],[166.5,-11.104]],[[167.0,-9.701],[166.935,-9.75],[167.0,-9.801],[167.052,-9.75],[167.0,-9.701]],[[167.829,9.0],[167.5,9.394],[167.012,9.25],[167.259,9.0],[167.5,8.871],[167.75,8.925],[167.829,9.0]],[[168.0,-14.495],[167.982,-14.5],[168.0,-14.509],[168.0,-14.495]],[[169.0,10.121],[168.829,10.0],[169.0,9.774],[169.159,10.0],[169.0,10.121]],[[169.75,11.265],[169.675,11.25],[169.75,11.231],[169.75,11.265]],[[169.914,9.5],[170.0,9.354],[170.056,9.5],[169.914,9.5]],[[173.0,52.899],[173.25,52.888],[173.309,53.0],[173.25,53.056],[172.978,53.022],[172.75,53.25],[172.5,53.0],[172.75,52.75],[172.971,52.971],[173.0,52.899]],[[72.318,11.25],[72.25,11.38],[72.054,11.0],[72.25,10.826],[72.46,11.0],[72.318,11.25]],[[158.386,6.864],[158.438,7.0],[158.25,7.178],[158.049,7.0],[158.0,6.75],[158.25,6.5],[158.5,6.75],[158.386,6.864]],[[159.365,-5.25],[159.25,-5.074],[159.0,-4.906],[158.75,-4.947],[158.705,-5.0],[158.788,-5.25],[159.25,-5.457],[159.365,-5.25]],[[161.0,9.875],[160.854,9.75],[161.0,9.648],[161.12,9.75],[161.0,9.875]],[[162.5,47.585],[162.75,47.75],[162.548,48.0],[162.25,48.023],[161.987,48.0],[161.543,47.75],[162.5,47.585]],[[162.25,11.549],[162.175,11.5],[162.25,11.273],[162.301,11.5],[162.25,11.549]],[[165.75,9.034],[165.727,9.0],[165.75,8.985],[165.75,9.034]],[[166.0,10.029],[165.923,10.0],[166.0,9.986],[166.0,10.029]],[[166.75,11.078],[166.959,11.25],[166.75,11.377],[166.245,11.25],[166.188,11.0],[166.25,10.943],[166.75,11.078]],[[167.75,55.0],[167.5,54.75],[167.75,54.5],[168.0,54.75],[167.75,55.0]],[[166.674,55.0],[166.75,55.291],[166.356,55.394],[166.25,55.5],[166.0,55.5],[165.75,55.25],[166.25,54.75],[166.438,54.938],[166.674,55.0]],[[166.75,55.0],[166.5,54.75],[166.75,54.5],[167.0,54.75],[166.75,55.0]]]},"properties":{"variable":"swh","unit":"m","hvalue":1.15,"min":1.15,"max":1.25,"label":"1.15–1.25 m","color":"#E2EBF5","band":0}},{"type":"Feature","geometry":{"type":"Polygon","coordinates":[[[40.75,-68.617],[40.883,-68.617],[40.75,-68.75],[40.585,-68.75],[40.75,-68.617]]]},"properties":{"variable":"swh","unit":"m","hvalue":1.15,"min":1.15,"max":1.25,"label":"1.15–1.25 m","color":"#E2EBF5","band":0}},{"type":"Feature","geometry":{"type":"Polygon","coordinates":[[[80.25,-67.728],[80.589,-67.75],[80.0,-67.75],[79.931,-67.75],[80.25,-67.728]]]},"properties":{"variable":"swh","unit":"m","hvalue":1.15,"min":1.15,"max":1.25,"label":"1.15–1.25 m","color":"#E2EBF5","band":0}},{"type":"Feature","geometry":{"type":"Polygon","coordinates":[[[164.75,-67.446],[164.807,-67.5],[164.75,-67.553],[164.674,-67.5],[164.75,-67.446]]]},"properties":{"variable":"swh","unit":"m","hvalue":1.15,"min":1.15,"max":1.25,"label":"1.15–1.25 m","color":"#E2EBF5","band":0}},{"type":"Feature","geometry":{"type":"Polygon","coordinates":[[[48.572,-66.928],[48.5,-67.0],[48.5,-67.123],[48.415,-67.0],[48.572,-66.928]]]},"properties":{"variable":"swh","unit":"m","hvalue":1.15,"min":1.15,"max":1.25,"label":"1.15–1.25 m","color":"#E2EBF5","band":0}},{"type":"Feature","geometry":{"type":"Polygon","coordinates":[[[107.877,-66.5],[108.25,-66.362],[108.5,-66.354],[109.0,-66.371],[109.459,-66.5],[109.152,-66.75],[108.661,-66.75],[108.404,-66.654],[108.25,-66.5],[107.877,-66.5]]]},"properties":{"variable":"swh","unit":"m","hvalue":1.15,"min":1.15,"max":1.25,"label":"1.15–1.25 m","color":"#E2EBF5","band":0}},{"type":"Feature","geometry":{"type":"Polygon","coordinates":[[[91.75,-66.46],[92.45,-66.5],[91.75,-66.5],[91.642,-66.5],[91.75,-66.46]]]},"properties":{"variable":"swh","unit":"m","hvalue":1.15,"min":1.15,"max":1.25,"label":"1.15–1.25 m","color":"#E2EBF5","band":0}},{"type":"Feature","geometry":{"type":"Polygon","coordinates":[[[93.75,-65.787],[94.25,-65.64],[94.75,-65.581],[95.0,-65.466],[95.25,-65.439],[95.314,-65.564],[95.248,-65.75],[95.5,-65.986],[95.0,-66.0],[94.879,-66.121],[94.58,-66.25],[94.381,-66.5],[94.086,-66.5],[93.308,-66.0],[93.75,-65.787]]]},"properties":{"variable":"swh","unit":"m","hvalue":1.15,"min":1.15,"max":1.25,"label":"1.15–1.25 m","color":"#E2EBF5","band":0}},{"type":"Feature","geometry":{"type":"Polygon","coordinates":[[[107.0,-66.385],[107.114,-66.5],[107.0,-66.5],[106.875,-66.375],[107.0,-66.385]]]},"properties":{"variable":"swh","unit":"m","hvalue":1.15,"min":1.15,"max":1.25,"label":"1.15–1.25 m","color":"#E2EBF5","band":0}},{"type":"Feature","geometry":{"type":"Polygon","coordinates":[[[106.0,-66.212],[106.281,-66.25],[105.75,-66.25],[105.716,-66.216],[106.0,-66.212]]]},"properties":{"variable":"swh","unit":"m","hvalue":1.15,"min":1.15,"max":1.25,"label":"1.15–1.25 m","color":"#E2EBF5","band":0}},{"type":"Feature","geometry":{"type":"Polygon","coordinates":[[[102.25,-65.666],[102.334,-65.666],[102.25,-65.75],[102.101,-65.75],[102.25,-65.666]]]},"properties":{"variable":"swh","unit":"m","hvalue":1.15,"min":1.15,"max":1.25,"label":"1.15–1.25 m","color":"#E2EBF5","band":0}},{"type":"Feature","geometry":{"type":"Polygon","coordinates":[[[168.0,-46.5],[168.141,-46.641],[167.898,-46.648],[167.75,-46.5],[168.0,-46.5]]]},"properties":{"variable":"swh","unit":"m","hvalue":1.15,"min":1.15,"max":1.25,"label":"1.15–1.25 m","color":"#E2EBF5","band":0}},{"type":"Feature","geometry":{"type":"Polygon","coordinates":[[[169.401,-19.75],[169.74,-19.75],[169.5,-20.111],[169.29,-20.0],[169.401,-19.75]]]},"properties":{"variable":"swh","unit":"m","hvalue":1.15,"min":1.15,"max":1.25,"label":"1.15–1.25 m","color":"#E2EBF5","band":0}},{"type":"Feature","geometry":{"type":"Polygon","coordinates":[[[149.0,-18.926],[149.521,-19.0],[149.25,-19.005],[148.931,-19.0],[149.0,-18.926]]]},"properties":{"variable":"swh","unit":"m","hvalue":1.15,"min":1.15,"max":1.25,"label":"1.15–1.25 m","color":"#E2EBF5","band":0}},{"type":"Feature","geometry":{"type":"Polygon","coordinates":[[[-147.02,-15.0],[-147.0,-14.922],[-146.976,-15.0],[-147.0,-15.25],[-147.02,-15.0]]]},"properties":{"variable":"swh","unit":"m","hvalue":1.15,"min":1.15,"max":1.25,"label":"1.15–1.25 m","color":"#E2EBF5","band":0}},{"type":"Feature","geometry":{"type":"Polygon","coordinates":[[[115.351,-7.75],[115.248,-7.25],[115.5,-7.108],[115.75,-7.134],[116.0,-7.072],[116.224,-7.25],[116.311,-7.5],[116.308,-7.75],[116.064,-8.436],[115.75,-8.75],[115.75,-8.25],[115.351,-7.75]]]},"properties":{"variable":"swh","unit":"m","hvalue":1.15,"min":1.15,"max":1.25,"label":"1.15–1.25 m","color":"#E2EBF5","band":0}},{"type":"Feature","geometry":{"type":"Polygon","coordinates":[[[114.25,-7.249],[114.522,-7.25],[114.608,-7.5],[114.5,-7.75],[114.25,-7.249]]]},"properties":{"variable":"swh","unit":"m","hvalue":1.15,"min":1.15,"max":1.25,"label":"1.15–1.25 m","color":"#E2EBF5","band":0}},{"type":"Feature","geometry":{"type":"Polygon","coordinates":[[[115.748,-5.0],[115.958,-4.75],[115.858,-4.5],[115.965,-4.25],[116.25,-4.181],[116.409,-4.0],[116.64,-3.25],[116.75,-2.586],[117.099,-2.25],[116.95,-1.75],[117.0,-1.694],[117.25,-1.771],[117.447,-2.0],[117.505,-2.25],[117.388,-2.5],[117.75,-2.751],[117.924,-3.0],[118.31,-3.75],[118.302,-4.0],[118.03,-4.5],[117.993,-4.75],[117.75,-4.985],[117.453,-5.5],[117.0,-5.824],[116.75,-5.879],[116.495,-5.75],[115.748,-5.0]],[[117.137,-5.0],[117.0,-4.845],[116.811,-5.0],[117.0,-5.132],[117.137,-5.0]]]},"properties":{"variable":"swh","unit":"m","hvalue":1.15,"min":1.15,"max":1.25,"label":"1.15–1.25 m","color":"#E2EBF5","band":0}},{"type":"Feature","geometry":{"type":"Polygon","coordinates":[[[114.874,-4.75],[114.75,-4.703],[114.5,-4.683],[114.0,-4.857],[113.0,-4.912],[112.25,-4.688],[111.207,-4.5],[110.75,-4.293],[110.323,-4.0],[110.151,-3.75],[110.15,-3.5],[111.0,-3.408],[111.25,-3.457],[111.5,-3.653],[112.0,-3.839],[113.0,-3.727],[113.5,-3.935],[114.0,-3.803],[114.25,-3.929],[114.264,-4.0],[114.75,-4.427],[115.25,-4.37],[115.357,-4.5],[115.038,-4.75],[115.124,-5.0],[115.0,-5.04],[114.927,-5.0],[114.874,-4.75]]]},"properties":{"variable":"swh","unit":"m","hvalue":1.15,"min":1.15,"max":1.25,"label":"1.15–1.25 m","color":"#E2EBF5","band":0}},{"type":"Feature","geometry":{"type":"Polygon","coordinates":[[[152.409,-4.25],[152.5,-4.069],[152.5,-4.5],[152.4,-4.4],[152.409,-4.25]]]},"properties":{"variable":"swh","unit":"m","hvalue":1.15,"min":1.15,"max":1.25,"label":"1.15–1.25 m","color":"#E2EBF5","band":0}},{"type":"Feature","geometry":{"type":"Polygon","coordinates":[[[152.336,-3.836],[152.25,-3.808],[152.19,-3.69],[152.336,-3.836]]]},"properties":{"variable":"swh","unit":"m","hvalue":1.15,"min":1.15,"max":1.25,"label":"1.15–1.25 m","color":"#E2EBF5","band":0}},{"type":"Feature","geometry":{"type":"Polygon","coordinates":[[[125.687,-3.0],[125.75,-2.936],[125.75,-3.279],[125.676,-3.25],[125.687,-3.0]]]},"properties":{"variable":"swh","unit":"m","hvalue":1.15,"min":1.15,"max":1.25,"label":"1.15–1.25 m","color":"#E2EBF5","band":0}},{"type":"Feature","geometry":{"type":"Polygon","coordinates":[[[127.25,-2.52],[127.5,-2.431],[127.75,-2.392],[128.1,-2.5],[127.25,-2.928],[127.177,-2.75],[127.25,-2.52]]]},"properties":{"variable":"swh","unit":"m","hvalue":1.15,"min":1.15,"max":1.25,"label":"1.15–1.25 m","color":"#E2EBF5","band":0}},{"type":"Feature","geometry":{"type":"Polygon","coordinates":[[[152.25,-2.309],[152.413,-2.5],[152.426,-2.75],[152.25,-2.898],[152.21,-2.75],[152.25,-2.309]]]},"properties":{"variable":"swh","unit":"m","hvalue":1.15,"min":1.15,"max":1.25,"label":"1.15–1.25 m","color":"#E2EBF5","band":0}},{"type":"Feature","geometry":{"type":"Polygon","coordinates":[[[123.5,-0.095],[123.68,-0.25],[123.5,-0.358],[123.44,-0.25],[123.5,-0.095]]]},"properties":{"variable":"swh","unit":"m","hvalue":1.15,"min":1.15,"max":1.25,"label":"1.15–1.25 m","color":"#E2EBF5","band":0}},{"type":"Feature","geometry":{"type":"Polygon","coordinates":[[[125.215,2.0],[125.25,2.146],[125.469,2.5],[125.716,2.75],[125.75,2.921],[126.0,2.929],[126.25,3.361],[126.5,3.537],[126.564,2.75],[126.488,2.5],[125.814,1.75],[125.491,1.5],[125.215,2.0]]]},"properties":{"variable":"swh","unit":"m","hvalue":1.15,"min":1.15,"max":1.25,"label":"1.15–1.25 m","color":"#E2EBF5","band":0}},{"type":"Feature","geometry":{"type":"Polygon","coordinates":[[[126.269,4.25],[126.25,4.172],[126.216,4.25],[126.269,4.25]]]},"properties":{"variable":"swh","unit":"m","hvalue":1.15,"min":1.15,"max":1.25,"label":"1.15–1.25 m","color":"#E2EBF5","band":0}},{"type":"Feature","geometry":{"type":"Polygon","coordinates":[[[101.446,11.5],[102.0,11.782],[102.25,11.624],[102.511,11.25],[102.25,10.945],[101.75,10.907],[101.436,11.0],[101.446,11.5]]]},"properties":{"variable":"swh","unit":"m","hvalue":1.15,"min":1.15,"max":1.25,"label":"1.15–1.25 m","color":"#E2EBF5","band":0}},{"type":"Feature","geometry":{"type":"Polygon","coordinates":[[[123.0,12.314],[123.101,12.25],[123.0,11.933],[122.784,12.25],[123.0,12.314]]]},"properties":{"variable":"swh","unit":"m","hvalue":1.15,"min":1.15,"max":1.25,"label":"1.15–1.25 m","color":"#E2EBF5","band":0}},{"type":"Feature","geometry":{"type":"Polygon","coordinates":[[[-70.237,12.487],[-70.0,12.25],[-70.171,12.25],[-70.237,12.487]]]},"properties":{"variable":"swh","unit":"m","hvalue":1.15,"min":1.15,"max":1.25,"label":"1.15–1.25 m","color":"#E2EBF5","band":0}},{"type":"Feature","geometry":{"type":"Polygon","coordinates":[[[27.053,31.5],[26.75,31.75],[26.701,31.701],[26.5,31.81],[26.147,32.25],[26.048,32.5],[25.961,33.75],[26.006,34.0],[26.295,34.5],[26.345,35.0],[26.25,35.218],[25.961,35.211],[26.0,35.25],[25.75,35.5],[24.26,35.5],[24.0,35.75],[23.75,35.75],[23.5,35.5],[23.496,35.25],[23.75,34.703],[24.0,34.58],[24.435,35.0],[24.555,35.0],[24.702,34.75],[24.736,34.5],[24.6,34.0],[24.36,33.5],[24.0,33.039],[23.5,33.287],[23.147,33.0],[22.981,32.769],[22.75,33.0],[22.284,33.0],[21.5,33.218],[21.25,33.481],[21.0,34.063],[20.944,34.25],[20.924,35.0],[21.052,35.5],[21.623,35.75],[22.75,35.989],[22.919,36.081],[23.0,36.0],[23.25,36.25],[23.163,36.337],[23.25,36.644],[23.75,37.154],[23.984,37.516],[24.25,37.8],[24.5,37.75],[24.75,38.0],[24.099,38.651],[24.25,38.712],[24.5,38.628],[24.627,38.75],[24.5,38.908],[24.25,38.862],[24.201,39.0],[24.25,39.321],[24.409,39.5],[25.0,39.42],[25.5,39.731],[25.8,39.75],[25.946,39.446],[25.75,39.25],[25.9,39.1],[25.97,38.75],[25.75,38.5],[25.75,38.25],[26.0,38.0],[26.099,38.099],[26.318,38.0],[26.458,37.75],[26.115,37.5],[26.757,37.007],[26.863,36.75],[27.272,36.25],[27.375,36.0],[27.25,35.946],[27.087,35.75],[27.064,35.5],[27.25,35.311],[27.75,35.244],[28.25,35.035],[28.5,35.02],[28.75,35.09],[29.0,35.267],[29.5,35.326],[29.886,35.25],[30.329,35.0],[30.373,34.75],[30.328,34.5],[30.25,34.448],[30.0,34.373],[29.25,34.503],[29.0,34.415],[28.974,34.25],[29.285,33.5],[29.297,33.25],[29.169,33.0],[28.783,31.75],[28.604,31.5],[28.25,31.26],[27.798,31.25],[27.25,31.5],[27.053,31.5]],[[24.75,36.75],[24.5,37.0],[24.25,36.75],[24.5,36.5],[24.75,36.75]],[[25.75,36.068],[25.887,36.25],[25.75,36.395],[25.508,36.5],[25.663,36.75],[25.598,36.848],[25.75,37.0],[25.5,37.25],[25.21,37.0],[25.49,36.5],[25.405,36.25],[25.5,36.139],[25.75,36.068]],[[26.388,36.5],[26.25,36.608],[26.17,36.5],[26.25,36.411],[26.388,36.5]]]},"properties":{"variable":"swh","unit":"m","hvalue":1.15,"min":1.15,"max":1.25,"label":"1.15–1.25 m","color":"#E2EBF5","band":0}},{"type":"Feature","geometry":{"type":"Polygon","coordinates":[[[50.75,37.0],[50.5,37.25],[50.25,37.25],[50.0,37.5],[49.456,37.5],[49.161,37.839],[49.25,38.118],[49.82,38.5],[50.078,38.75],[50.822,40.0],[50.758,40.25],[50.25,40.664],[50.067,40.683],[50.0,40.75],[49.743,40.75],[49.419,41.25],[49.0,41.611],[49.0,41.75],[48.75,42.0],[48.595,42.0],[48.553,42.25],[48.812,43.25],[49.244,44.25],[49.547,44.5],[49.75,44.553],[50.0,44.522],[50.5,44.143],[50.75,44.035],[51.068,43.682],[51.25,43.25],[52.0,42.578],[52.367,42.367],[52.25,42.25],[52.25,42.0],[52.362,41.888],[52.5,41.5],[52.725,41.25],[52.75,41.058],[52.75,40.741],[52.607,40.5],[52.639,40.0],[52.901,39.5],[53.0,38.872],[53.25,38.675],[53.533,38.25],[53.603,38.0],[53.543,37.75],[53.564,37.5],[53.737,37.0],[53.0,37.0],[52.75,36.75],[51.25,36.75],[51.0,37.0],[50.75,37.0]]]},"properties":{"variable":"swh","unit":"m","hvalue":1.15,"min":1.15,"max":1.25,"label":"1.15–1.25 m","color":"#E2EBF5","band":0}},{"type":"Feature","geometry":{"type":"Polygon","coordinates":[[[140.902,41.598],[141.0,41.5],[140.92,41.5],[140.902,41.598]]]},"properties":{"variable":"swh","unit":"m","hvalue":1.15,"min":1.15,"max":1.25,"label":"1.15–1.25 m","color":"#E2EBF5","band":0}},{"type":"Feature","geometry":{"type":"Polygon","coordinates":[[[139.0,46.439],[138.673,46.75],[138.634,46.884],[140.25,48.5],[140.25,48.75],[140.5,49.0],[140.5,49.274],[140.786,50.25],[141.25,50.692],[141.5,50.784],[141.75,50.747],[142.0,50.239],[142.0,49.0],[141.75,48.75],[142.0,48.5],[142.0,48.25],[142.25,48.0],[141.75,47.5],[141.75,47.25],[142.0,47.0],[141.75,46.75],[141.75,46.085],[139.75,45.781],[139.632,46.0],[139.0,46.439]]]},"properties":{"variable":"swh","unit":"m","hvalue":1.15,"min":1.15,"max":1.25,"label":"1.15–1.25 m","color":"#E2EBF5","band":0}},{"type":"Feature","geometry":{"type":"Polygon","coordinates":[[[-61.25,46.779],[-61.244,46.75],[-61.25,46.745],[-61.43,46.75],[-61.25,46.779]]]},"properties":{"variable":"swh","unit":"m","hvalue":1.15,"min":1.15,"max":1.25,"label":"1.15–1.25 m","color":"#E2EBF5","band":0}},{"type":"Feature","geometry":{"type":"Polygon","coordinates":[[[-66.75,49.311],[-66.508,49.25],[-66.75,49.25],[-66.847,49.25],[-66.75,49.311]]]},"properties":{"variable":"swh","unit":"m","hvalue":1.15,"min":1.15,"max":1.25,"label":"1.15–1.25 m","color":"#E2EBF5","band":0}},{"type":"Feature","geometry":{"type":"Polygon","coordinates":[[[-3.757,51.5],[-3.882,51.382],[-4.0,51.5],[-3.757,51.5]]]},"properties":{"variable":"swh","unit":"m","hvalue":1.15,"min":1.15,"max":1.25,"label":"1.15–1.25 m","color":"#E2EBF5","band":0}},{"type":"Feature","geometry":{"type":"Polygon","coordinates":[[[-99.0,53.5],[-98.951,53.75],[-98.334,53.75],[-98.087,53.5],[-98.145,53.25],[-98.25,53.098],[-99.073,53.427],[-99.0,53.5]]]},"properties":{"variable":"swh","unit":"m","hvalue":1.15,"min":1.15,"max":1.25,"label":"1.15–1.25 m","color":"#E2EBF5","band":0}},{"type":"Feature","geometry":{"type":"Polygon","coordinates":[[[140.927,53.75],[140.726,54.0],[140.538,54.5],[140.542,54.75],[140.75,54.995],[141.0,55.111],[141.5,55.098],[141.959,55.0],[142.339,54.75],[142.455,54.5],[142.25,54.367],[142.202,54.25],[142.451,53.75],[142.294,53.706],[142.25,53.75],[141.981,53.481],[141.49,53.5],[140.927,53.75]]]},"properties":{"variable":"swh","unit":"m","hvalue":1.15,"min":1.15,"max":1.25,"label":"1.15–1.25 m","color":"#E2EBF5","band":0}},{"type":"Feature","geometry":{"type":"Polygon","coordinates":[[[-82.006,55.0],[-82.25,55.225],[-82.5,55.338],[-83.0,55.461],[-85.256,55.5],[-85.611,55.611],[-85.75,55.75],[-86.071,55.75],[-86.348,55.848],[-86.5,56.0],[-86.961,56.0],[-87.364,56.114],[-87.5,56.25],[-87.724,56.25],[-88.25,56.75],[-88.604,56.75],[-89.0,57.0],[-89.275,57.0],[-90.0,57.25],[-90.287,57.25],[-90.75,57.449],[-91.767,57.5],[-92.483,57.733],[-92.776,58.276],[-92.5,58.439],[-92.0,58.467],[-91.5,58.589],[-90.5,58.585],[-90.21,58.25],[-90.0,58.142],[-89.75,58.125],[-89.0,58.317],[-88.75,58.301],[-88.5,58.194],[-88.292,58.0],[-88.0,57.929],[-86.0,57.87],[-85.25,57.622],[-84.75,57.601],[-84.355,57.5],[-84.0,57.25],[-83.0,56.874],[-82.75,56.652],[-82.5,56.536],[-82.0,56.568],[-81.0,56.504],[-80.75,56.436],[-80.5,56.269],[-80.25,55.567],[-80.175,55.25],[-80.152,54.5],[-80.25,54.287],[-80.75,54.323],[-81.0,54.411],[-81.25,54.19],[-81.5,54.353],[-82.006,55.0]]]},"properties":{"variable":"swh","unit":"m","hvalue":1.15,"min":1.15,"max":1.25,"label":"1.15–1.25 m","color":"#E2EBF5","band":0}},{"type":"Feature","geometry":{"type":"Polygon","coordinates":[[[16.807,56.25],[17.125,56.75],[17.5,57.098],[17.75,57.24],[18.0,57.245],[18.0,57.0],[18.25,56.75],[19.0,57.408],[19.081,57.5],[19.079,57.75],[19.383,58.0],[19.25,58.147],[19.0,58.178],[18.25,58.117],[18.0,58.234],[17.941,58.5],[18.187,58.75],[18.5,58.836],[19.347,59.5],[19.565,60.0],[20.009,60.0],[20.5,59.861],[21.5,59.949],[21.75,59.891],[22.35,59.9],[22.5,59.75],[22.639,59.889],[22.75,59.893],[22.864,59.886],[23.0,59.75],[24.0,59.75],[24.168,59.918],[24.5,59.838],[24.75,59.859],[24.962,59.75],[24.5,59.655],[24.162,59.5],[23.75,59.5],[23.651,59.401],[22.852,59.148],[22.75,59.25],[22.381,59.0],[22.364,58.75],[22.25,58.75],[21.938,58.5],[22.0,58.419],[22.0,58.25],[22.154,58.096],[22.069,57.75],[21.75,57.75],[21.25,57.25],[21.25,57.044],[21.0,56.75],[21.0,56.539],[20.839,56.0],[20.5,55.767],[20.0,55.62],[19.25,55.823],[18.5,55.728],[18.0,55.821],[17.5,55.711],[17.32,55.75],[16.807,56.25]]]},"properties":{"variable":"swh","unit":"m","hvalue":1.15,"min":1.15,"max":1.25,"label":"1.15–1.25 m","color":"#E2EBF5","band":0}},{"type":"Feature","geometry":{"type":"Polygon","coordinates":[[[23.18,58.25],[23.5,58.441],[23.75,58.25],[23.863,58.25],[24.0,58.122],[24.28,58.03],[24.25,57.941],[24.0,57.755],[23.5,57.821],[23.128,58.0],[23.18,58.25]]]},"properties":{"variable":"swh","unit":"m","hvalue":1.15,"min":1.15,"max":1.25,"label":"1.15–1.25 m","color":"#E2EBF5","band":0}},{"type":"Feature","geometry":{"type":"Polygon","coordinates":[[[26.024,60.024],[26.138,60.0],[25.5,59.939],[25.342,60.0],[26.024,60.024]]]},"properties":{"variable":"swh","unit":"m","hvalue":1.15,"min":1.15,"max":1.25,"label":"1.15–1.25 m","color":"#E2EBF5","band":0}},{"type":"Feature","geometry":{"type":"Polygon","coordinates":[[[28.25,60.416],[28.5,60.32],[28.561,60.189],[27.75,60.123],[27.261,60.25],[28.25,60.416]]]},"properties":{"variable":"swh","unit":"m","hvalue":1.15,"min":1.15,"max":1.25,"label":"1.15–1.25 m","color":"#E2EBF5","band":0}},{"type":"Feature","geometry":{"type":"Polygon","coordinates":[[[-80.25,60.772],[-80.003,60.75],[-80.25,60.735],[-80.379,60.75],[-80.25,60.772]]]},"properties":{"variable":"swh","unit":"m","hvalue":1.15,"min":1.15,"max":1.25,"label":"1.15–1.25 m","color":"#E2EBF5","band":0}},{"type":"Feature","geometry":{"type":"Polygon","coordinates":[[[-79.197,61.0],[-78.528,61.25],[-78.25,61.241],[-78.173,61.077],[-78.24,60.99],[-78.5,61.0],[-78.75,60.75],[-79.0,60.654],[-79.102,60.75],[-79.197,61.0]]]},"properties":{"variable":"swh","unit":"m","hvalue":1.15,"min":1.15,"max":1.25,"label":"1.15–1.25 m","color":"#E2EBF5","band":0}},{"type":"Feature","geometry":{"type":"Polygon","coordinates":[[[-81.5,61.095],[-81.484,61.0],[-81.546,61.0],[-81.5,61.095]]]},"properties":{"variable":"swh","unit":"m","hvalue":1.15,"min":1.15,"max":1.25,"label":"1.15–1.25 m","color":"#E2EBF5","band":0}},{"type":"Feature","geometry":{"type":"Polygon","coordinates":[[[18.5,61.221],[18.0,61.3],[17.762,61.5],[17.943,62.0],[18.25,62.263],[18.677,62.5],[18.732,62.75],[18.902,63.0],[19.0,63.0],[19.25,63.25],[19.5,63.25],[19.62,63.37],[19.951,63.5],[20.25,63.5],[20.369,63.619],[20.75,63.65],[21.0,63.603],[21.426,64.25],[21.787,64.5],[21.719,65.0],[21.992,65.25],[22.5,65.406],[22.857,65.643],[23.0,65.5],[23.25,65.5],[23.489,65.739],[24.25,65.75],[24.5,65.5],[25.225,65.5],[25.192,65.25],[24.896,65.104],[24.75,65.25],[24.5,65.0],[24.5,64.75],[24.25,64.75],[23.777,64.277],[23.5,64.25],[23.25,64.0],[22.75,64.0],[22.449,63.699],[22.25,63.606],[21.25,63.584],[21.161,63.5],[20.937,63.25],[20.818,63.0],[21.0,62.692],[21.0,62.5],[21.25,62.25],[21.331,61.5],[21.25,61.27],[21.0,61.102],[20.5,60.974],[19.5,60.943],[19.055,61.0],[18.5,61.221]]]},"properties":{"variable":"swh","unit":"m","hvalue":1.15,"min":1.15,"max":1.25,"label":"1.15–1.25 m","color":"#E2EBF5","band":0}},{"type":"Feature","geometry":{"type":"Polygon","coordinates":[[[-169.397,62.25],[-169.0,62.571],[-168.5,63.25],[-168.75,63.5],[-169.307,63.5],[-169.0,63.729],[-168.336,64.0],[-167.75,64.943],[-167.5,65.021],[-166.74,64.75],[-166.0,64.308],[-165.773,64.25],[-165.329,63.25],[-165.315,63.0],[-165.396,62.75],[-165.75,62.419],[-166.378,62.0],[-166.75,61.543],[-167.5,61.449],[-168.017,61.5],[-169.397,62.25]]]},"properties":{"variable":"swh","unit":"m","hvalue":1.15,"min":1.15,"max":1.25,"label":"1.15–1.25 m","color":"#E2EBF5","band":0}},{"type":"Feature","geometry":{"type":"Polygon","coordinates":[[[-72.25,62.823],[-74.847,63.25],[-74.609,63.5],[-74.0,63.673],[-73.25,63.658],[-73.0,63.563],[-72.425,63.5],[-72.083,63.25],[-71.75,62.858],[-70.999,62.5],[-70.686,62.25],[-70.75,62.182],[-71.263,62.25],[-72.25,62.823]]]},"properties":{"variable":"swh","unit":"m","hvalue":1.15,"min":1.15,"max":1.25,"label":"1.15–1.25 m","color":"#E2EBF5","band":0}},{"type":"Feature","geometry":{"type":"Polygon","coordinates":[[[-79.565,63.75],[-79.442,64.0],[-79.761,64.5],[-79.388,64.75],[-78.5,65.134],[-78.25,64.906],[-78.25,64.68],[-78.36,64.5],[-78.053,64.25],[-78.16,64.0],[-78.0,63.779],[-77.908,63.75],[-78.25,63.666],[-78.475,63.5],[-78.75,63.01],[-79.0,62.924],[-79.515,63.25],[-79.565,63.75]]]},"properties":{"variable":"swh","unit":"m","hvalue":1.15,"min":1.15,"max":1.25,"label":"1.15–1.25 m","color":"#E2EBF5","band":0}},{"type":"Feature","geometry":{"type":"Polygon","coordinates":[[[36.097,65.0],[36.0,64.945],[35.958,65.042],[36.097,65.0]]]},"properties":{"variable":"swh","unit":"m","hvalue":1.15,"min":1.15,"max":1.25,"label":"1.15–1.25 m","color":"#E2EBF5","band":0}},{"type":"Feature","geometry":{"type":"Polygon","coordinates":[[[34.84,65.34],[35.0,65.5],[35.0,65.75],[34.5,66.25],[34.225,66.25],[33.75,66.5],[35.0,66.5],[35.25,66.25],[35.899,66.25],[36.212,66.0],[36.276,65.75],[36.207,65.5],[35.5,65.365],[35.25,65.147],[34.876,65.25],[34.84,65.34]]]},"properties":{"variable":"swh","unit":"m","hvalue":1.15,"min":1.15,"max":1.25,"label":"1.15–1.25 m","color":"#E2EBF5","band":0}},{"type":"Feature","geometry":{"type":"Polygon","coordinates":[[[-78.236,65.75],[-78.0,65.881],[-77.173,66.25],[-76.5,66.371],[-75.25,66.198],[-74.75,66.27],[-74.5,66.079],[-74.5,66.0],[-74.25,65.75],[-74.588,65.75],[-75.0,65.892],[-75.5,65.941],[-77.25,65.801],[-77.5,65.744],[-78.0,65.418],[-78.25,65.388],[-78.316,65.5],[-78.236,65.75]]]},"properties":{"variable":"swh","unit":"m","hvalue":1.15,"min":1.15,"max":1.25,"label":"1.15–1.25 m","color":"#E2EBF5","band":0}},{"type":"Feature","geometry":{"type":"Polygon","coordinates":[[[33.5,66.75],[33.75,66.5],[33.5,66.728],[33.25,66.75],[33.5,66.75]]]},"properties":{"variable":"swh","unit":"m","hvalue":1.15,"min":1.15,"max":1.25,"label":"1.15–1.25 m","color":"#E2EBF5","band":0}},{"type":"Feature","geometry":{"type":"Polygon","coordinates":[[[60.25,70.25],[59.75,70.25],[59.5,70.5],[58.75,70.5],[58.657,70.407],[58.25,70.351],[58.052,70.25],[58.0,70.126],[57.75,70.154],[57.699,70.5],[57.436,70.686],[57.5,70.75],[57.25,71.0],[56.75,71.0],[56.25,71.5],[56.0,71.5],[55.75,71.75],[55.75,72.361],[57.068,73.25],[57.557,73.5],[57.75,73.5],[58.0,73.75],[57.962,73.788],[58.971,74.25],[59.5,74.377],[59.684,74.5],[60.25,74.5],[60.75,75.0],[61.5,75.0],[61.75,75.25],[62.5,75.25],[62.75,75.471],[64.5,75.5],[64.75,75.75],[66.5,75.75],[66.75,76.0],[68.0,76.0],[68.25,76.25],[68.5,76.25],[69.0,76.75],[68.75,77.0],[66.25,77.0],[66.097,76.847],[64.0,76.561],[62.516,76.5],[61.75,76.637],[61.439,76.75],[61.15,77.0],[60.75,77.092],[60.42,77.25],[60.76,77.5],[60.94,77.75],[61.25,77.876],[63.947,78.5],[64.25,78.66],[64.75,78.792],[67.5,79.076],[68.5,79.119],[81.25,79.212],[84.75,79.446],[88.25,79.506],[89.5,79.465],[92.926,79.0],[98.824,78.5],[98.544,78.25],[98.536,78.0],[98.0,77.887],[93.0,77.63],[91.5,77.628],[90.141,77.5],[89.5,77.5],[87.569,77.25],[86.737,77.0],[86.48,76.75],[85.5,76.464],[85.112,76.25],[84.75,76.145],[84.0,75.968],[82.75,75.912],[81.987,75.75],[81.157,75.25],[80.75,74.917],[80.25,74.702],[79.25,74.592],[78.75,74.338],[77.0,73.879],[76.25,73.731],[75.804,73.696],[75.75,73.75],[75.57,73.57],[73.5,73.132],[72.52,72.98],[72.249,73.0],[71.714,73.214],[71.75,73.25],[71.5,73.5],[70.5,73.552],[69.75,73.442],[69.217,73.25],[68.75,72.956],[68.426,72.5],[68.516,72.25],[68.403,72.0],[68.062,71.75],[67.75,71.647],[66.75,71.529],[66.5,71.446],[65.5,70.853],[65.351,70.75],[65.187,70.5],[65.0,70.422],[63.651,70.0],[63.0,69.911],[62.75,69.794],[62.5,69.762],[61.409,69.841],[61.25,70.0],[61.0,70.0],[60.943,69.943],[60.5,70.0],[60.25,70.25]]]},"properties":{"variable":"swh","unit":"m","hvalue":1.15,"min":1.15,"max":1.25,"label":"1.15–1.25 m","color":"#E2EBF5","band":0}},{"type":"Feature","geometry":{"type":"Polygon","coordinates":[[[-91.75,70.651],[-92.057,70.75],[-92.315,71.25],[-92.25,71.429],[-91.939,71.75],[-91.273,72.25],[-90.75,72.311],[-90.518,72.5],[-90.0,72.607],[-90.0,72.48],[-90.264,72.25],[-90.16,71.5],[-89.732,71.0],[-89.401,70.25],[-89.5,70.161],[-89.75,70.102],[-91.017,70.25],[-91.75,70.651]]]},"properties":{"variable":"swh","unit":"m","hvalue":1.15,"min":1.15,"max":1.25,"label":"1.15–1.25 m","color":"#E2EBF5","band":0}},{"type":"Feature","geometry":{"type":"Polygon","coordinates":[[[113.25,74.75],[112.75,74.75],[113.0,75.0],[113.75,75.0],[114.0,75.279],[114.398,75.5],[115.345,75.75],[115.244,76.0],[115.5,76.12],[116.25,76.135],[116.732,76.0],[116.829,75.25],[116.793,75.0],[116.03,74.75],[115.827,74.5],[115.0,74.113],[113.639,74.139],[113.75,74.25],[113.25,74.75]]]},"properties":{"variable":"swh","unit":"m","hvalue":1.15,"min":1.15,"max":1.25,"label":"1.15–1.25 m","color":"#E2EBF5","band":0}},{"type":"Feature","geometry":{"type":"Polygon","coordinates":[[[-10.25,75.051],[-10.16,75.0],[-10.25,74.91],[-10.476,75.0],[-10.25,75.051]]]},"properties":{"variable":"swh","unit":"m","hvalue":1.15,"min":1.15,"max":1.25,"label":"1.15–1.25 m","color":"#E2EBF5","band":0}},{"type":"Feature","geometry":{"type":"Polygon","coordinates":[[[150.75,75.512],[150.153,75.75],[150.424,76.0],[151.75,76.157],[152.0,76.262],[152.5,76.337],[152.79,76.5],[154.0,76.768],[154.921,76.75],[154.829,76.5],[155.798,76.25],[155.5,76.123],[155.372,76.0],[155.0,75.868],[154.898,75.75],[154.045,75.5],[153.75,75.471],[153.316,75.5],[152.518,75.75],[153.821,76.0],[153.0,76.205],[152.25,76.211],[152.0,76.118],[151.911,75.75],[150.923,75.5],[150.75,75.512]]]},"properties":{"variable":"swh","unit":"m","hvalue":1.15,"min":1.15,"max":1.25,"label":"1.15–1.25 m","color":"#E2EBF5","band":0}},{"type":"Feature","geometry":{"type":"Polygon","coordinates":[[[-88.654,75.75],[-89.0,76.116],[-89.326,76.174],[-89.273,76.273],[-87.563,76.25],[-83.5,76.055],[-82.0,76.232],[-81.483,76.233],[-81.25,76.0],[-84.0,76.0],[-84.25,75.75],[-85.75,75.75],[-86.0,75.5],[-86.773,75.523],[-87.0,75.75],[-88.654,75.75]]]},"properties":{"variable":"swh","unit":"m","hvalue":1.15,"min":1.15,"max":1.25,"label":"1.15–1.25 m","color":"#E2EBF5","band":0}},{"type":"Feature","geometry":{"type":"Polygon","coordinates":[[[-92.75,76.75],[-93.0,77.0],[-93.326,77.0],[-92.25,77.339],[-91.95,77.5],[-91.5,77.959],[-91.0,77.982],[-89.743,77.75],[-91.25,77.75],[-91.5,77.5],[-91.253,77.25],[-91.0,77.0],[-90.5,77.0],[-90.75,76.75],[-90.673,76.673],[-90.917,76.667],[-91.0,76.75],[-92.75,76.75]]]},"properties":{"variable":"swh","unit":"m","hvalue":1.15,"min":1.15,"max":1.25,"label":"1.15–1.25 m","color":"#E2EBF5","band":0}},{"type":"Feature","geometry":{"type":"Polygon","coordinates":[[[112.057,76.75],[111.5,76.9],[111.072,76.928],[111.0,77.0],[109.927,77.0],[109.023,77.25],[107.927,77.75],[107.734,78.0],[107.897,78.25],[107.75,78.345],[107.23,78.5],[106.25,79.156],[105.893,79.25],[106.25,79.304],[108.5,79.284],[110.25,79.17],[112.0,78.95],[113.068,78.75],[114.0,78.478],[115.175,78.0],[115.486,77.75],[115.428,77.0],[115.25,76.92],[114.0,76.701],[112.812,76.688],[112.75,76.75],[112.057,76.75]]]},"properties":{"variable":"swh","unit":"m","hvalue":1.15,"min":1.15,"max":1.25,"label":"1.15–1.25 m","color":"#E2EBF5","band":0}},{"type":"Feature","geometry":{"type":"Polygon","coordinates":[[[-89.912,77.088],[-89.25,77.08],[-88.829,77.171],[-89.0,77.0],[-89.25,77.0],[-89.333,76.917],[-89.904,76.904],[-90.0,77.0],[-89.912,77.088]]]},"properties":{"variable":"swh","unit":"m","hvalue":1.15,"min":1.15,"max":1.25,"label":"1.15–1.25 m","color":"#E2EBF5","band":0}},{"type":"Feature","geometry":{"type":"Polygon","coordinates":[[[-70.5,79.131],[-70.25,79.074],[-70.175,79.0],[-70.75,78.872],[-71.003,79.0],[-70.5,79.131]]]},"properties":{"variable":"swh","unit":"m","hvalue":1.15,"min":1.15,"max":1.25,"label":"1.15–1.25 m","color":"#E2EBF5","band":0}},{"type":"Feature","geometry":{"type":"Polygon","coordinates":[[[64.5,79.153],[64.57,79.25],[65.964,79.5],[66.25,79.339],[66.288,79.25],[66.0,79.174],[64.75,79.076],[64.5,78.885],[64.25,78.861],[63.5,78.902],[63.117,79.0],[64.5,79.153]]]},"properties":{"variable":"swh","unit":"m","hvalue":1.15,"min":1.15,"max":1.25,"label":"1.15–1.25 m","color":"#E2EBF5","band":0}},{"type":"Feature","geometry":{"type":"Polygon","coordinates":[[[103.0,79.691],[103.25,79.729],[104.458,79.5],[104.0,79.451],[102.812,79.5],[103.0,79.691]]]},"properties":{"variable":"swh","unit":"m","hvalue":1.15,"min":1.15,"max":1.25,"label":"1.15–1.25 m","color":"#E2EBF5","band":0}},{"type":"Feature","geometry":{"type":"Polygon","coordinates":[[[-158.25,-77.489],[-158.0,-77.5],[-158.25,-77.5],[-158.281,-77.531],[-158.25,-77.489]]]},"properties":{"variable":"swh","unit":"m","hvalue":1.25,"min":1.25,"max":2.0,"label":"1.25–2 m","color":"#a7c2e0","band":1}},{"type":"Feature","geometry":{"type":"Polygon","coordinates":[[[-149.5,-76.47],[-149.469,-76.469],[-149.47,-76.53],[-149.595,-76.5],[-149.5,-76.47]]]},"properties":{"variable":"swh","unit":"m","hvalue":1.25,"min":1.25,"max":2.0,"label":"1.25–2 m","color":"#a7c2e0","band":1}},{"type":"Feature","geometry":{"type":"Polygon","coordinates":[[[-142.0,-75.455],[-141.955,-75.455],[-142.0,-75.5],[-142.045,-75.455],[-142.0,-75.455]]]},"properties":{"variable":"swh","unit":"m","hvalue":1.25,"min":1.25,"max":2.0,"label":"1.25–2 m","color":"#a7c2e0","band":1}},{"type":"Feature","geometry":{"type":"Polygon","coordinates":[[[164.356,-75.0],[164.25,-75.048],[164.302,-74.948],[164.356,-75.0]]]},"properties":{"variable":"swh","unit":"m","hvalue":1.25,"min":1.25,"max":2.0,"label":"1.25–2 m","color":"#a7c2e0","band":1}},{"type":"Feature","geometry":{"type":"Polygon","coordinates":[[[-95.419,-72.419],[-94.75,-72.361],[-94.25,-72.41],[-93.994,-72.5],[-95.25,-72.5],[-95.5,-72.5],[-95.419,-72.419]]]},"properties":{"variable":"swh","unit":"m","hvalue":1.25,"min":1.25,"max":2.0,"label":"1.25–2 m","color":"#a7c2e0","band":1}},{"type":"Feature","geometry":{"type":"Polygon","coordinates":[[[32.0,-68.972],[32.068,-69.0],[32.0,-69.0],[31.953,-69.0],[32.0,-68.972]]]},"properties":{"variable":"swh","unit":"m","hvalue":1.25,"min":1.25,"max":2.0,"label":"1.25–2 m","color":"#a7c2e0","band":1}},{"type":"Feature","geometry":{"type":"Polygon","coordinates":[[[156.25,-68.975],[156.279,-69.0],[156.0,-69.0],[155.949,-68.949],[156.25,-68.975]]]},"properties":{"variable":"swh","unit":"m","hvalue":1.25,"min":1.25,"max":2.0,"label":"1.25–2 m","color":"#a7c2e0","band":1}},{"type":"Feature","geometry":{"type":"Polygon","coordinates":[[[129.25,33.25],[129.463,33.037],[129.42,33.0],[129.955,32.0],[129.852,31.75],[130.0,31.685],[130.098,31.25],[130.25,31.043],[130.614,30.75],[130.5,30.635],[130.458,30.458],[130.25,30.25],[130.5,30.0],[130.75,30.25],[130.556,30.444],[130.75,30.406],[130.925,30.75],[130.75,30.833],[130.646,31.0],[130.914,31.086],[131.0,31.0],[131.5,31.5],[131.5,31.75],[131.75,32.0],[131.75,32.25],[132.0,32.5],[132.0,33.0],[131.911,33.089],[132.0,33.352],[132.25,33.304],[132.25,33.0],[132.5,32.75],[133.0,32.75],[133.75,33.5],[134.0,33.25],[134.25,33.25],[134.75,33.75],[134.75,34.0],[134.974,34.224],[135.0,34.0],[135.75,33.25],[136.25,33.75],[136.25,34.0],[136.5,34.0],[137.0,34.5],[136.878,34.622],[137.341,34.659],[137.5,34.5],[138.0,34.5],[138.5,35.0],[138.625,35.0],[138.75,34.89],[138.75,34.75],[139.0,34.5],[139.25,34.75],[139.25,35.0],[139.532,35.282],[139.75,35.115],[139.75,35.0],[140.0,34.75],[140.5,35.25],[140.5,35.5],[140.75,35.5],[141.0,35.75],[140.75,36.0],[140.75,36.75],[141.0,37.0],[141.0,38.0],[141.75,38.75],[141.75,39.0],[142.0,39.25],[142.0,39.5],[142.25,39.75],[142.0,40.0],[142.0,40.25],[141.415,40.835],[141.389,41.25],[141.25,41.426],[141.0,41.5],[141.25,41.75],[140.79,42.25],[140.954,42.296],[141.25,42.25],[141.5,42.5],[141.815,42.5],[142.116,42.384],[142.25,42.25],[142.5,42.25],[142.75,42.0],[143.0,42.0],[143.25,41.75],[143.5,42.0],[143.5,42.5],[143.75,42.75],[144.0,42.75],[144.25,43.0],[144.5,42.75],[144.75,42.75],[145.0,43.0],[145.25,43.0],[145.5,43.25],[145.427,43.323],[145.5,43.392],[145.811,43.5],[145.644,43.644],[146.0,44.0],[146.25,44.0],[146.5,44.25],[146.281,44.469],[146.339,44.5],[146.25,44.676],[146.123,44.75],[146.25,44.868],[146.5,44.904],[146.676,44.75],[147.061,44.689],[147.25,44.5],[147.5,44.75],[148.0,44.75],[148.5,45.25],[148.308,45.442],[148.56,45.44],[148.75,45.25],[149.0,45.5],[148.75,45.75],[148.605,45.605],[148.283,45.75],[147.606,46.25],[147.44,46.5],[147.379,46.75],[147.388,47.5],[147.25,47.794],[146.75,48.031],[146.5,48.078],[146.25,48.044],[145.75,47.767],[145.5,47.742],[145.0,47.783],[144.751,48.0],[144.5,48.11],[143.75,47.928],[143.5,47.932],[143.25,48.107],[143.161,48.25],[143.05,48.75],[143.25,49.055],[143.5,49.079],[144.5,48.914],[144.514,49.0],[144.255,49.005],[144.5,49.25],[144.25,49.5],[144.25,49.75],[144.0,50.0],[144.0,50.25],[143.75,50.5],[143.75,51.0],[143.506,51.244],[143.5,51.75],[143.401,51.849],[143.5,52.164],[144.0,52.744],[144.75,53.285],[145.25,53.338],[145.5,53.446],[146.75,54.146],[148.679,55.0],[148.756,55.25],[148.0,55.552],[147.5,55.663],[146.464,55.75],[146.5,55.843],[146.75,55.991],[147.528,56.75],[147.973,57.0],[148.75,57.283],[149.563,57.75],[150.0,57.898],[151.0,58.091],[151.75,58.091],[152.75,57.814],[153.5,57.804],[153.622,57.75],[153.25,57.599],[152.949,57.25],[152.937,57.0],[153.25,56.851],[154.75,57.184],[155.25,57.237],[155.75,57.208],[156.0,57.131],[156.114,57.0],[155.952,56.702],[155.5,56.25],[155.75,56.0],[155.5,55.75],[155.5,54.5],[155.75,54.25],[155.75,54.0],[156.0,53.75],[156.0,52.75],[156.25,52.5],[156.25,51.5],[156.5,51.217],[155.75,51.124],[155.546,51.0],[155.579,50.75],[155.25,50.523],[155.063,50.25],[155.25,49.983],[155.5,49.832],[156.5,50.123],[157.0,50.468],[157.8,51.5],[158.0,51.5],[158.5,52.0],[158.5,52.25],[158.75,52.5],[158.75,52.702],[159.0,53.0],[159.75,53.0],[160.018,53.25],[160.25,53.936],[160.609,54.359],[160.828,54.5],[161.0,54.5],[161.25,54.25],[161.5,54.25],[161.75,54.5],[162.0,54.5],[162.25,54.75],[162.113,54.887],[162.25,55.378],[162.488,55.75],[162.891,56.0],[163.25,56.0],[163.75,56.604],[164.0,56.657],[164.75,56.584],[165.5,56.679],[165.75,56.635],[166.5,56.26],[167.067,56.25],[167.5,56.451],[167.754,56.75],[168.25,57.072],[168.75,57.187],[169.5,57.217],[172.75,57.077],[175.5,56.428],[177.0,56.233],[177.75,56.231],[178.5,56.418],[179.75,56.919],[179.75,52.25],[179.5,52.0],[179.734,51.766],[179.0,51.699],[178.75,51.788],[178.5,52.06],[178.215,52.0],[178.294,51.75],[178.75,51.676],[178.824,51.5],[179.25,51.344],[179.58,51.5],[179.75,51.746],[179.75,-15.117],[179.25,-15.066],[179.0,-15.108],[178.75,-15.237],[177.5,-16.264],[177.069,-17.0],[177.107,-17.25],[177.014,-17.5],[177.138,-17.862],[177.0,-18.0],[177.25,-18.25],[177.652,-18.25],[177.662,-18.5],[177.75,-18.602],[177.89,-18.5],[177.893,-18.393],[178.0,-18.5],[178.086,-18.414],[178.202,-18.5],[177.861,-19.0],[178.0,-19.119],[178.111,-19.111],[178.25,-19.25],[178.591,-19.0],[179.013,-18.25],[179.419,-18.0],[179.75,-17.543],[179.75,-65.485],[178.5,-65.205],[177.75,-65.121],[177.505,-65.0],[177.354,-64.75],[176.75,-64.594],[174.5,-64.431],[174.0,-64.198],[173.5,-63.847],[173.25,-63.804],[171.55,-63.75],[171.308,-64.0],[170.75,-64.166],[170.25,-64.178],[169.5,-64.051],[168.25,-64.177],[167.5,-64.072],[166.5,-63.687],[165.75,-63.321],[165.25,-63.218],[163.25,-63.064],[162.0,-63.149],[158.25,-63.161],[157.0,-63.351],[156.0,-63.316],[155.5,-63.406],[153.394,-64.0],[152.732,-64.5],[152.212,-64.75],[150.758,-65.0],[148.75,-65.51],[144.25,-65.903],[144.073,-66.0],[144.75,-66.271],[145.25,-66.338],[145.571,-66.5],[146.25,-66.611],[146.383,-66.75],[146.178,-66.928],[146.0,-66.75],[145.25,-66.75],[145.0,-67.0],[145.0,-67.25],[144.5,-67.25],[144.25,-67.0],[144.148,-67.0],[144.0,-66.751],[143.936,-67.0],[143.75,-67.0],[143.5,-66.75],[141.929,-66.75],[141.75,-66.63],[141.683,-66.75],[141.048,-66.75],[141.0,-66.646],[140.581,-66.581],[140.5,-66.5],[139.782,-66.5],[139.75,-66.396],[139.5,-66.294],[138.5,-66.21],[136.25,-65.722],[135.639,-65.75],[135.115,-66.0],[130.967,-66.0],[129.952,-65.75],[125.75,-65.071],[125.0,-65.02],[123.25,-65.104],[122.25,-65.062],[119.876,-64.5],[117.75,-64.119],[116.5,-63.73],[116.0,-63.636],[115.0,-63.566],[112.75,-63.607],[111.75,-63.528],[104.0,-62.434],[100.25,-62.458],[99.75,-62.381],[98.75,-62.084],[98.0,-62.012],[95.5,-62.052],[94.0,-61.999],[91.75,-62.19],[90.75,-62.156],[90.0,-62.019],[88.75,-61.936],[86.25,-61.456],[85.25,-60.964],[84.634,-60.5],[84.25,-60.369],[81.0,-60.066],[80.0,-60.147],[77.75,-60.554],[75.0,-60.808],[72.25,-61.438],[70.0,-61.708],[67.75,-62.148],[65.5,-62.188],[62.25,-62.052],[61.25,-62.147],[58.75,-62.174],[57.75,-62.34],[57.5,-62.339],[56.5,-62.107],[56.25,-62.121],[55.5,-62.409],[54.75,-62.59],[54.5,-62.587],[54.0,-62.443],[53.25,-62.089],[53.0,-62.053],[52.0,-62.188],[50.75,-62.592],[50.0,-62.654],[49.25,-62.547],[48.0,-62.493],[46.65,-62.25],[45.75,-62.157],[44.0,-62.12],[39.75,-61.762],[39.5,-61.716],[39.25,-61.466],[38.5,-61.34],[37.75,-61.339],[34.25,-61.564],[32.25,-61.384],[30.75,-60.995],[28.75,-61.169],[28.0,-61.363],[27.5,-61.377],[27.0,-61.178],[26.807,-61.0],[26.75,-60.844],[26.0,-60.623],[25.5,-60.241],[24.0,-60.263],[23.5,-60.194],[22.881,-59.75],[21.75,-59.347],[21.25,-58.903],[20.5,-58.718],[20.0,-58.471],[18.25,-58.077],[17.0,-57.978],[16.0,-57.712],[14.5,-57.553],[13.5,-57.217],[13.0,-56.738],[12.75,-56.644],[11.5,-56.508],[11.0,-56.519],[10.5,-56.672],[8.75,-56.978],[6.25,-57.045],[4.5,-57.282],[3.25,-57.221],[2.25,-56.897],[1.5,-56.755],[1.0,-56.933],[-0.75,-57.304],[-1.75,-57.256],[-3.5,-57.404],[-6.75,-57.487],[-8.5,-57.779],[-10.0,-57.693],[-12.5,-58.056],[-13.5,-58.101],[-14.75,-57.903],[-15.25,-57.961],[-16.0,-57.929],[-17.25,-57.642],[-18.75,-57.549],[-19.25,-57.386],[-19.475,-57.25],[-19.75,-56.963],[-21.25,-56.656],[-21.5,-56.673],[-22.0,-56.97],[-22.25,-56.992],[-23.5,-56.786],[-24.25,-56.919],[-24.75,-56.903],[-25.25,-56.461],[-26.25,-56.08],[-26.75,-55.589],[-26.96,-55.5],[-27.729,-55.25],[-29.0,-55.126],[-29.84,-55.25],[-30.042,-55.5],[-30.052,-56.25],[-30.148,-56.5],[-30.879,-57.25],[-31.25,-57.398],[-31.5,-57.449],[-32.75,-57.442],[-34.25,-57.708],[-36.75,-57.923],[-38.0,-58.381],[-38.174,-58.5],[-38.75,-58.639],[-39.25,-58.638],[-39.5,-58.548],[-40.25,-58.702],[-41.072,-58.75],[-41.749,-59.0],[-42.75,-59.529],[-46.75,-60.155],[-47.5,-60.339],[-49.0,-60.498],[-50.75,-61.013],[-52.0,-61.19],[-53.0,-61.246],[-54.0,-61.134],[-55.0,-61.136],[-55.225,-61.25],[-55.25,-61.368],[-55.764,-61.5],[-55.5,-61.556],[-54.75,-61.553],[-54.26,-61.75],[-55.0,-61.93],[-57.5,-62.325],[-57.779,-62.5],[-57.789,-62.75],[-57.587,-63.0],[-58.25,-63.245],[-58.5,-63.25],[-59.023,-63.5],[-59.25,-63.5],[-59.5,-63.694],[-60.5,-63.75],[-60.75,-63.5],[-61.0,-63.75],[-61.0,-63.978],[-61.25,-64.156],[-61.5,-64.216],[-61.75,-63.976],[-62.0,-63.932],[-63.0,-64.067],[-63.257,-64.0],[-63.166,-63.5],[-62.75,-63.164],[-62.5,-62.764],[-62.423,-62.75],[-62.442,-62.5],[-62.206,-62.0],[-62.5,-61.758],[-62.911,-61.75],[-64.75,-62.184],[-65.75,-62.342],[-66.494,-62.75],[-67.0,-62.89],[-68.25,-62.908],[-69.063,-63.25],[-69.75,-63.44],[-72.481,-63.75],[-74.25,-64.199],[-75.75,-64.353],[-76.5,-64.494],[-76.75,-64.632],[-77.25,-64.679],[-77.75,-64.628],[-78.25,-64.437],[-78.5,-64.412],[-79.0,-64.389],[-79.5,-64.464],[-80.182,-64.75],[-80.722,-65.25],[-81.75,-65.79],[-83.25,-66.352],[-83.75,-66.443],[-84.25,-66.47],[-85.5,-66.314],[-86.5,-66.389],[-86.75,-66.331],[-87.0,-66.156],[-87.5,-66.045],[-88.5,-66.164],[-88.75,-66.258],[-90.75,-66.34],[-92.25,-66.601],[-94.25,-66.716],[-97.75,-67.195],[-99.0,-67.179],[-100.5,-67.311],[-102.0,-67.539],[-103.75,-67.949],[-104.25,-67.952],[-104.75,-67.78],[-106.0,-67.759],[-106.25,-67.651],[-107.75,-67.579],[-108.25,-67.362],[-108.72,-67.25],[-109.473,-66.75],[-109.75,-66.425],[-110.0,-66.409],[-111.0,-66.69],[-112.673,-67.5],[-114.25,-68.023],[-115.129,-68.5],[-116.0,-68.533],[-116.5,-68.34],[-117.5,-68.276],[-117.75,-68.129],[-119.0,-68.05],[-119.25,-67.867],[-119.5,-68.01],[-119.75,-67.852],[-120.407,-67.75],[-120.75,-67.537],[-120.916,-67.5],[-120.75,-67.451],[-120.603,-67.25],[-120.75,-67.186],[-121.5,-67.231],[-121.75,-67.374],[-123.0,-67.413],[-123.25,-67.38],[-123.5,-67.23],[-124.0,-67.092],[-125.75,-67.142],[-126.75,-66.715],[-127.75,-66.707],[-128.5,-66.607],[-130.25,-66.533],[-130.396,-66.5],[-130.5,-66.355],[-130.882,-66.25],[-130.961,-66.0],[-131.585,-65.75],[-131.25,-65.564],[-130.929,-65.25],[-130.75,-64.815],[-130.534,-64.5],[-130.75,-64.343],[-131.5,-64.266],[-132.75,-64.383],[-133.5,-64.555],[-133.675,-64.5],[-133.746,-64.25],[-133.546,-64.0],[-133.785,-63.75],[-133.618,-63.5],[-134.0,-63.394],[-135.0,-63.459],[-135.191,-63.5],[-135.5,-63.717],[-136.25,-63.773],[-137.0,-64.068],[-137.5,-64.169],[-137.75,-64.141],[-139.059,-63.5],[-140.5,-63.219],[-141.0,-63.031],[-141.5,-62.751],[-141.75,-62.493],[-142.0,-62.43],[-143.0,-62.399],[-144.0,-61.834],[-145.25,-61.693],[-145.5,-61.609],[-146.183,-61.25],[-147.0,-60.503],[-147.5,-60.273],[-147.75,-60.245],[-148.25,-60.31],[-149.0,-60.642],[-150.0,-61.384],[-150.789,-61.75],[-151.83,-62.5],[-152.75,-63.0],[-153.75,-63.349],[-154.655,-63.75],[-155.477,-64.0],[-156.028,-64.25],[-156.866,-64.75],[-158.0,-65.055],[-159.25,-65.156],[-160.5,-65.384],[-161.5,-65.445],[-164.25,-65.386],[-166.5,-65.463],[-168.25,-65.335],[-169.5,-65.676],[-171.0,-65.814],[-172.5,-65.767],[-173.5,-65.625],[-174.25,-65.819],[-175.75,-65.89],[-176.5,-65.721],[-177.5,-65.603],[-178.25,-65.711],[-178.5,-65.847],[-178.75,-65.843],[-179.25,-65.348],[-180.0,-65.506],[-180.0,-18.599],[-179.835,-18.5],[-180.0,-18.352],[-180.0,-17.274],[-179.55,-16.75],[-179.5,-16.535],[-179.296,-16.25],[-179.303,-16.0],[-180.0,-15.266],[-180.0,56.971],[-179.0,57.04],[-178.0,57.21],[-177.0,57.186],[-176.0,57.312],[-175.5,57.396],[-174.728,57.75],[-173.75,57.867],[-173.0,58.107],[-171.5,58.228],[-171.0,58.238],[-170.5,58.145],[-170.0,57.819],[-169.5,58.052],[-167.5,58.147],[-164.0,57.797],[-161.75,57.853],[-159.75,58.298],[-159.047,58.297],[-159.0,58.25],[-158.25,58.352],[-157.75,58.286],[-158.551,57.25],[-158.849,57.0],[-159.0,57.0],[-159.301,56.75],[-159.75,56.75],[-160.0,56.5],[-160.25,56.5],[-160.594,56.156],[-161.33,56.0],[-161.75,56.0],[-162.0,55.75],[-162.25,55.75],[-162.5,55.5],[-162.75,55.5],[-163.0,55.188],[-163.384,55.134],[-163.5,55.25],[-163.75,55.25],[-164.045,55.0],[-164.5,55.0],[-165.0,54.5],[-164.75,54.25],[-164.5,54.25],[-164.25,54.5],[-163.25,54.5],[-163.0,54.75],[-163.052,54.802],[-162.899,54.899],[-162.75,54.75],[-162.582,54.918],[-162.25,54.889],[-161.5,55.186],[-161.329,55.329],[-161.25,55.25],[-161.0,55.25],[-160.75,55.0],[-160.5,55.0],[-160.25,55.25],[-160.25,55.322],[-160.0,55.161],[-159.75,55.147],[-159.5,55.223],[-159.45,55.25],[-159.5,55.302],[-159.806,55.5],[-159.601,55.601],[-159.5,55.5],[-159.25,55.75],[-158.75,55.75],[-158.5,56.0],[-158.25,56.0],[-157.75,56.5],[-157.5,56.5],[-157.25,56.75],[-157.0,56.75],[-156.75,57.0],[-156.5,57.0],[-156.25,57.25],[-156.0,57.25],[-155.5,57.75],[-155.25,57.75],[-155.0,58.0],[-154.75,57.75],[-154.5,58.0],[-154.25,58.0],[-153.788,58.5],[-153.5,58.5],[-153.25,58.75],[-153.16,59.25],[-153.031,59.5],[-152.25,60.158],[-151.75,60.334],[-151.681,60.25],[-152.0,59.75],[-151.946,59.696],[-151.961,59.5],[-152.25,59.25],[-152.059,59.059],[-153.0,58.606],[-153.842,58.0],[-154.335,57.75],[-154.5,57.75],[-154.75,57.5],[-154.75,57.25],[-154.579,57.079],[-154.487,56.75],[-154.5,56.5],[-154.25,56.25],[-153.437,57.0],[-153.0,57.0],[-152.75,57.25],[-152.5,57.25],[-152.25,57.5],[-152.12,58.0],[-152.0,58.0],[-151.75,58.25],[-151.801,58.301],[-151.794,59.0],[-151.0,59.0],[-150.75,59.25],[-150.25,59.25],[-150.0,59.5],[-149.75,59.5],[-149.416,59.75],[-148.5,59.75],[-148.295,59.955],[-148.206,59.956],[-148.0,59.75],[-147.833,59.917],[-147.677,59.927],[-147.5,59.75],[-147.25,60.0],[-147.322,60.072],[-147.25,60.067],[-147.0,60.318],[-146.33,60.33],[-146.25,60.25],[-145.145,60.25],[-144.25,59.949],[-144.156,60.0],[-142.0,60.0],[-141.75,59.75],[-141.25,59.75],[-141.0,59.5],[-140.0,59.5],[-139.75,59.25],[-139.0,59.25],[-138.75,59.0],[-138.25,59.0],[-137.75,58.5],[-137.5,58.5],[-137.25,58.25],[-136.586,58.25],[-136.561,58.189],[-136.75,58.0],[-136.25,57.5],[-136.0,57.5],[-136.0,57.25],[-135.75,57.0],[-135.5,56.96],[-135.5,56.75],[-135.25,56.5],[-135.0,56.5],[-135.0,56.25],[-134.75,56.0],[-134.611,56.139],[-134.5,56.123],[-134.306,56.056],[-134.0,55.821],[-133.75,55.75],[-133.75,55.5],[-133.666,55.416],[-133.642,55.25],[-133.5,55.083],[-133.225,54.975],[-133.536,54.75],[-132.962,54.5],[-133.186,54.25],[-133.25,53.75],[-132.0,52.5],[-131.75,52.5],[-131.75,52.25],[-131.5,52.0],[-131.218,52.032],[-131.0,51.847],[-130.25,51.849],[-129.5,51.746],[-129.133,51.5],[-129.0,51.32],[-128.793,50.75],[-128.272,50.522],[-127.75,49.983],[-127.291,49.75],[-126.75,49.214],[-126.135,48.75],[-126.134,48.5],[-125.845,48.0],[-125.934,47.75],[-125.67,47.25],[-125.682,47.0],[-125.907,46.75],[-125.973,46.5],[-125.586,46.0],[-124.75,45.781],[-124.5,45.613],[-124.298,45.25],[-124.484,44.25],[-124.453,43.75],[-124.577,43.25],[-124.562,42.938],[-124.75,42.75],[-124.5,42.5],[-124.5,42.0],[-124.25,41.684],[-124.25,40.889],[-124.327,40.673],[-124.5,40.5],[-124.5,40.25],[-124.0,39.75],[-124.0,39.25],[-123.75,39.0],[-123.75,38.75],[-122.75,37.75],[-122.75,37.5],[-122.013,36.763],[-122.0,36.25],[-121.25,35.5],[-121.0,35.5],[-121.0,35.25],[-120.75,35.0],[-120.75,34.75],[-120.14,34.0],[-119.913,33.913],[-119.75,33.75],[-119.5,34.0],[-119.542,34.042],[-119.348,34.098],[-119.25,34.0],[-118.675,34.0],[-118.623,33.75],[-118.667,33.5],[-118.509,33.25],[-118.611,33.0],[-118.5,32.891],[-118.345,33.0],[-118.473,33.25],[-118.154,33.5],[-117.76,33.5],[-117.43,33.18],[-117.25,32.718],[-117.25,32.5],[-117.0,32.25],[-117.0,32.0],[-116.75,31.75],[-116.75,31.5],[-116.5,31.25],[-116.5,31.0],[-116.25,30.75],[-116.25,30.5],[-115.75,30.0],[-115.75,29.75],[-115.5,29.5],[-115.25,29.5],[-115.002,29.25],[-114.888,29.0],[-114.952,28.75],[-115.25,28.423],[-115.331,28.25],[-115.246,28.0],[-115.099,27.901],[-115.25,27.75],[-115.0,27.5],[-114.75,27.5],[-114.0,26.75],[-113.637,26.75],[-113.5,26.632],[-113.051,26.551],[-112.5,26.0],[-112.382,26.0],[-112.272,25.75],[-112.252,25.25],[-112.36,25.0],[-112.302,24.75],[-112.0,24.438],[-111.75,24.288],[-111.519,24.269],[-111.25,24.0],[-111.0,24.0],[-110.25,23.25],[-110.25,23.0],[-110.0,22.75],[-109.75,22.75],[-109.471,23.029],[-109.0,23.243],[-108.75,23.321],[-108.5,23.267],[-108.0,23.338],[-107.5,23.621],[-107.25,23.557],[-106.819,23.25],[-106.597,23.0],[-106.703,22.5],[-106.72,21.75],[-106.5,21.51],[-106.25,21.409],[-106.0,21.467],[-105.75,21.391],[-105.583,21.25],[-105.623,20.877],[-105.75,20.75],[-105.75,20.0],[-105.0,19.25],[-104.75,19.25],[-104.25,18.75],[-104.0,18.75],[-103.25,18.0],[-102.5,18.0],[-102.25,17.75],[-101.75,17.75],[-101.0,17.0],[-100.25,17.0],[-99.75,16.5],[-98.796,16.5],[-98.75,16.25],[-98.5,16.0],[-98.0,16.0],[-97.75,15.75],[-97.25,15.75],[-97.0,15.5],[-96.25,15.5],[-96.088,15.662],[-95.805,15.75],[-95.5,15.75],[-95.238,16.0],[-94.75,16.148],[-94.5,16.0],[-94.357,16.0],[-94.244,15.5],[-94.296,15.25],[-94.754,14.75],[-94.707,14.5],[-94.5,14.376],[-94.25,14.387],[-94.025,14.5],[-93.607,15.0],[-93.5,15.033],[-92.42,14.5],[-91.861,14.111],[-91.5,13.75],[-90.334,13.75],[-90.194,13.694],[-89.75,13.25],[-89.167,13.25],[-88.896,13.146],[-88.75,13.0],[-87.872,13.0],[-87.502,12.5],[-87.0,12.094],[-86.861,11.75],[-86.25,11.38],[-86.099,11.25],[-86.0,11.052],[-86.134,10.25],[-86.08,10.0],[-86.25,9.546],[-86.341,9.5],[-86.25,9.417],[-86.0,9.288],[-85.75,9.28],[-85.25,9.463],[-85.0,9.354],[-84.75,9.35],[-84.571,9.25],[-84.5,9.098],[-84.25,8.98],[-83.5,8.25],[-83.25,8.262],[-83.0,8.0],[-82.96,8.04],[-82.5,7.967],[-82.324,7.75],[-82.319,7.5],[-82.0,7.418],[-81.941,7.25],[-81.75,7.079],[-81.0,7.0],[-80.8,7.05],[-80.75,7.0],[-80.25,7.137],[-79.802,7.5],[-79.75,7.636],[-79.5,7.68],[-79.372,7.5],[-79.396,7.0],[-79.518,6.75],[-79.75,6.486],[-80.25,6.28],[-81.5,6.403],[-82.25,6.001],[-83.0,5.83],[-83.25,5.718],[-84.026,5.25],[-84.209,5.0],[-84.267,4.75],[-84.228,4.5],[-84.5,4.324],[-84.75,4.315],[-84.88,4.5],[-84.654,4.75],[-84.539,5.0],[-84.779,6.0],[-84.744,6.25],[-84.663,6.5],[-83.71,7.75],[-83.75,7.896],[-84.25,7.937],[-84.75,8.088],[-85.0,8.019],[-86.25,6.637],[-86.5,6.461],[-87.5,6.555],[-88.25,6.324],[-88.481,6.0],[-88.419,5.5],[-88.461,5.25],[-88.75,4.864],[-89.5,4.24],[-89.75,3.936],[-90.147,3.25],[-90.206,3.0],[-90.174,2.25],[-90.393,1.75],[-90.359,1.5],[-90.077,1.25],[-90.067,0.75],[-90.25,0.46],[-90.379,0.75],[-90.5,0.843],[-90.75,0.917],[-91.0,0.84],[-91.089,0.5],[-91.5,0.339],[-91.556,0.25],[-91.664,0.0],[-91.663,-0.25],[-91.5,-1.0],[-91.25,-1.25],[-90.906,-0.906],[-90.533,-0.75],[-90.25,-1.0],[-90.0,-0.837],[-89.925,-0.75],[-89.908,-0.5],[-89.75,-0.239],[-89.714,-0.75],[-89.5,-1.057],[-89.488,-1.0],[-89.25,-0.93],[-89.112,-0.75],[-89.028,-0.5],[-89.0,-0.095],[-89.25,0.047],[-89.722,0.5],[-89.823,0.75],[-89.88,1.25],[-89.75,1.409],[-89.5,1.452],[-89.25,1.351],[-89.0,1.363],[-88.25,1.171],[-88.0,1.242],[-87.658,1.75],[-87.396,2.0],[-86.534,2.5],[-86.0,3.239],[-85.664,3.0],[-85.646,2.75],[-85.5,2.494],[-85.25,2.557],[-85.0,2.745],[-84.75,2.768],[-84.25,2.959],[-84.0,2.963],[-83.58,2.25],[-83.717,1.75],[-83.703,1.5],[-83.616,1.0],[-83.5,0.932],[-81.668,2.0],[-81.25,2.392],[-81.0,2.518],[-80.25,2.407],[-79.75,2.46],[-79.5,2.274],[-80.0,1.294],[-80.25,0.919],[-80.665,0.5],[-80.753,0.25],[-80.751,-0.25],[-80.934,-0.934],[-81.0,-1.0],[-80.992,-1.758],[-81.065,-2.0],[-81.0,-2.264],[-80.636,-2.614],[-80.644,-2.75],[-80.932,-3.5],[-81.369,-4.25],[-81.374,-4.374],[-81.5,-4.5],[-81.323,-4.677],[-81.25,-5.25],[-81.183,-5.317],[-81.168,-5.918],[-81.25,-6.0],[-80.75,-6.5],[-80.667,-6.417],[-80.5,-6.424],[-80.25,-6.658],[-80.0,-6.75],[-80.0,-7.0],[-79.75,-7.25],[-79.75,-7.5],[-79.5,-7.75],[-79.5,-8.0],[-79.25,-8.25],[-79.055,-8.25],[-79.0,-8.32],[-79.0,-8.5],[-78.75,-8.872],[-78.75,-9.0],[-78.5,-9.257],[-78.5,-9.75],[-78.25,-10.0],[-78.25,-10.25],[-78.0,-10.5],[-78.0,-10.75],[-77.75,-11.0],[-77.75,-11.25],[-77.25,-11.75],[-77.25,-12.0],[-77.0,-12.25],[-77.0,-12.5],[-76.75,-12.75],[-76.75,-13.0],[-76.37,-13.38],[-76.393,-13.893],[-76.5,-14.0],[-76.0,-14.5],[-76.0,-14.75],[-75.5,-15.25],[-75.25,-15.25],[-74.5,-16.0],[-74.25,-16.0],[-74.0,-16.25],[-73.75,-16.25],[-73.5,-16.5],[-73.25,-16.5],[-73.0,-16.75],[-72.5,-16.75],[-72.0,-17.25],[-71.75,-17.25],[-71.5,-17.5],[-71.5,-17.75],[-71.25,-18.0],[-71.0,-18.0],[-70.5,-18.5],[-70.5,-19.25],[-70.25,-19.5],[-70.25,-20.337],[-70.329,-20.5],[-70.25,-20.97],[-70.25,-21.742],[-70.355,-22.0],[-70.389,-22.389],[-70.5,-22.5],[-70.5,-22.727],[-70.75,-23.25],[-70.645,-23.355],[-70.606,-23.75],[-70.615,-24.115],[-70.75,-24.25],[-70.75,-24.75],[-70.522,-25.0],[-70.643,-25.393],[-70.75,-25.5],[-70.75,-26.513],[-70.897,-26.897],[-71.0,-27.0],[-71.0,-27.436],[-71.25,-27.75],[-71.25,-28.254],[-71.63,-29.0],[-71.5,-29.161],[-71.5,-29.954],[-71.696,-30.25],[-71.75,-30.5],[-71.75,-31.75],[-71.569,-31.931],[-71.573,-32.073],[-71.75,-32.25],[-71.509,-32.509],[-71.75,-32.75],[-71.75,-33.518],[-71.941,-33.75],[-72.032,-34.0],[-72.0,-34.25],[-72.25,-34.5],[-72.25,-34.818],[-72.75,-35.5],[-72.755,-35.755],[-73.0,-36.0],[-73.0,-36.283],[-73.351,-36.75],[-73.632,-37.0],[-73.653,-37.153],[-73.75,-37.25],[-73.75,-37.75],[-73.5,-38.0],[-73.679,-38.25],[-73.633,-38.383],[-73.75,-38.5],[-73.5,-38.75],[-73.5,-39.0],[-73.349,-39.151],[-73.351,-39.25],[-73.372,-39.372],[-73.5,-39.5],[-73.5,-39.67],[-73.587,-39.837],[-74.0,-40.25],[-74.0,-41.5],[-73.945,-41.555],[-74.071,-41.821],[-74.25,-42.0],[-74.25,-42.75],[-74.5,-43.0],[-74.5,-43.25],[-74.415,-43.335],[-74.5,-43.298],[-74.778,-43.5],[-74.5,-43.642],[-74.25,-43.618],[-74.158,-43.75],[-74.5,-44.29],[-75.074,-44.75],[-75.0,-44.817],[-74.75,-44.791],[-74.532,-45.0],[-74.922,-45.672],[-75.25,-46.0],[-75.25,-46.25],[-75.5,-46.409],[-75.75,-46.75],[-75.5,-47.0],[-75.25,-47.0],[-75.159,-46.909],[-74.449,-47.0],[-74.5,-47.278],[-74.8,-47.5],[-75.0,-47.5],[-75.366,-47.75],[-75.5,-48.0],[-75.5,-48.25],[-75.75,-48.5],[-75.75,-49.25],[-75.5,-49.5],[-75.75,-49.75],[-75.5,-50.0],[-75.5,-50.5],[-75.25,-50.75],[-75.25,-52.0],[-75.0,-52.25],[-75.25,-52.5],[-75.25,-53.0],[-75.0,-53.25],[-74.75,-53.25],[-74.5,-53.0],[-74.25,-53.25],[-73.947,-53.25],[-73.832,-53.332],[-74.0,-53.5],[-73.75,-53.75],[-73.5,-53.75],[-73.25,-54.031],[-72.863,-54.137],[-72.5,-54.5],[-72.25,-54.5],[-72.0,-54.75],[-71.75,-54.75],[-71.25,-55.25],[-70.25,-55.25],[-70.0,-55.5],[-69.75,-55.5],[-69.5,-55.75],[-68.25,-55.75],[-68.044,-55.544],[-67.524,-55.524],[-67.75,-55.75],[-67.5,-56.0],[-67.25,-56.0],[-67.0,-55.75],[-67.25,-55.5],[-67.21,-55.46],[-66.68,-55.25],[-66.25,-55.25],[-66.0,-55.0],[-65.25,-55.0],[-65.0,-54.75],[-65.182,-54.568],[-64.863,-54.0],[-64.907,-53.75],[-65.25,-53.61],[-66.095,-53.5],[-66.25,-53.389],[-67.0,-53.408],[-67.117,-53.25],[-66.382,-52.5],[-66.0,-52.174],[-65.676,-52.0],[-65.442,-51.75],[-63.562,-49.0],[-63.151,-46.75],[-62.957,-45.0],[-63.004,-44.75],[-63.318,-44.25],[-63.461,-43.75],[-63.324,-42.5],[-63.5,-41.99],[-63.327,-41.75],[-62.978,-41.5],[-62.25,-41.208],[-61.75,-40.554],[-61.5,-40.379],[-60.695,-40.25],[-60.617,-40.0],[-60.427,-39.75],[-59.75,-39.479],[-59.478,-39.5],[-59.75,-39.861],[-60.165,-40.0],[-59.5,-40.143],[-59.25,-40.333],[-58.843,-40.5],[-58.452,-40.75],[-58.363,-41.0],[-58.25,-41.12],[-57.5,-41.308],[-57.25,-41.175],[-57.106,-41.0],[-57.087,-40.75],[-57.075,-40.5],[-57.205,-40.25],[-57.152,-39.75],[-56.991,-39.5],[-56.75,-39.3],[-56.5,-39.26],[-56.25,-39.34],[-56.083,-39.25],[-56.079,-39.0],[-56.25,-38.522],[-56.25,-38.364],[-56.146,-37.75],[-56.0,-37.378],[-55.145,-36.25],[-54.455,-35.5],[-54.085,-35.25],[-53.903,-34.75],[-53.75,-34.55],[-53.422,-34.25],[-53.022,-33.75],[-52.5,-33.351],[-51.594,-32.0],[-51.5,-32.0],[-50.5,-31.0],[-50.569,-30.931],[-50.523,-30.727],[-50.0,-30.25],[-50.0,-29.75],[-48.5,-28.25],[-48.5,-28.0],[-48.25,-27.75],[-48.25,-27.5],[-48.323,-27.427],[-48.338,-26.5],[-48.27,-26.0],[-47.876,-25.25],[-47.355,-24.75],[-47.25,-24.75],[-46.75,-24.25],[-46.25,-24.25],[-46.0,-24.0],[-45.5,-24.0],[-45.174,-23.75],[-45.0,-23.5],[-44.75,-23.5],[-44.5,-23.25],[-44.25,-23.25],[-44.137,-23.137],[-43.718,-23.032],[-43.5,-23.25],[-43.25,-23.0],[-42.0,-23.0],[-41.75,-22.75],[-41.75,-22.5],[-41.5,-22.25],[-41.0,-22.25],[-40.75,-22.0],[-40.97,-21.78],[-40.579,-20.829],[-40.0,-20.25],[-40.0,-20.0],[-39.5,-19.5],[-39.5,-18.162],[-39.0,-17.75],[-39.0,-16.25],[-38.75,-16.0],[-38.75,-15.25],[-38.843,-15.157],[-38.75,-14.063],[-38.25,-13.902],[-37.613,-13.5],[-37.441,-13.25],[-37.406,-13.0],[-37.25,-12.881],[-36.5,-12.657],[-36.009,-12.25],[-36.392,-11.75],[-36.75,-11.573],[-36.914,-11.25],[-36.75,-11.0],[-36.5,-10.85],[-36.051,-10.301],[-35.664,-10.0],[-35.498,-9.75],[-35.142,-9.5],[-34.891,-8.75],[-34.907,-8.657],[-34.75,-8.5],[-34.75,-6.5],[-35.0,-6.25],[-35.0,-5.75],[-35.25,-5.5],[-35.25,-5.25],[-35.5,-5.0],[-36.632,-4.75],[-37.318,-4.5],[-37.709,-4.291],[-38.5,-3.5],[-38.75,-3.5],[-39.25,-3.0],[-39.5,-3.0],[-39.75,-2.75],[-39.854,-2.75],[-40.0,-2.634],[-40.75,-2.552],[-41.5,-2.616],[-41.913,-2.587],[-42.0,-2.5],[-42.053,-2.553],[-42.437,-2.563],[-42.5,-2.5],[-42.75,-2.5],[-43.0,-2.25],[-43.545,-2.25],[-43.75,-2.151],[-44.0,-2.273],[-44.25,-2.25],[-44.25,-2.0],[-44.34,-1.91],[-44.406,-1.5],[-44.75,-1.12],[-44.974,-1.0],[-45.147,-0.5],[-45.0,-0.099],[-44.39,0.0],[-44.455,0.25],[-44.75,0.755],[-44.513,1.0],[-44.25,1.082],[-43.25,1.108],[-42.25,0.938],[-42.155,1.0],[-42.043,1.5],[-41.456,2.0],[-41.0,2.294],[-40.816,2.75],[-40.459,3.0],[-40.405,3.25],[-40.5,3.357],[-40.75,3.405],[-41.75,4.018],[-43.0,4.917],[-43.75,5.043],[-44.0,4.911],[-44.25,4.676],[-45.25,4.346],[-45.75,4.451],[-46.5,4.502],[-46.75,4.425],[-47.75,4.505],[-48.0,4.358],[-48.212,4.5],[-48.337,5.0],[-48.5,5.169],[-49.0,5.27],[-49.5,5.522],[-50.057,6.25],[-50.75,6.758],[-51.5,6.606],[-52.0,6.595],[-52.5,6.322],[-53.0,6.216],[-53.25,6.26],[-53.75,6.579],[-54.75,6.684],[-56.0,6.963],[-56.5,6.932],[-56.793,7.0],[-56.822,7.25],[-57.0,7.327],[-57.203,7.25],[-57.25,7.169],[-58.0,7.421],[-58.75,7.972],[-59.21,8.21],[-59.75,8.702],[-60.25,8.97],[-61.0,9.75],[-61.081,9.75],[-61.091,10.0],[-61.0,10.0],[-60.75,10.25],[-61.0,10.5],[-60.75,10.75],[-61.0,11.0],[-61.25,11.0],[-61.365,10.885],[-62.0,10.946],[-62.245,11.0],[-62.75,11.352],[-63.5,11.454],[-64.0,11.394],[-64.504,11.25],[-66.25,11.178],[-66.75,11.023],[-67.176,10.75],[-68.0,10.819],[-68.25,10.97],[-68.25,11.25],[-68.5,11.5],[-68.881,11.5],[-69.0,11.678],[-69.542,11.75],[-69.75,11.913],[-69.75,12.0],[-69.991,12.259],[-69.75,12.5],[-70.0,12.75],[-70.203,12.547],[-70.378,12.5],[-70.595,12.25],[-70.749,12.0],[-70.813,11.75],[-71.0,11.56],[-71.5,11.353],[-71.75,11.312],[-71.75,11.5],[-71.657,11.593],[-71.5,11.581],[-71.0,12.0],[-71.0,12.25],[-71.25,12.5],[-71.75,12.5],[-71.851,12.399],[-72.0,12.367],[-72.849,11.75],[-73.0,11.75],[-73.5,11.295],[-73.75,11.25],[-74.0,11.5],[-74.5,11.132],[-74.602,11.102],[-74.75,11.25],[-75.008,11.0],[-75.25,11.0],[-75.75,10.396],[-76.0,10.243],[-77.25,10.02],[-78.25,9.675],[-79.5,9.75],[-81.0,9.368],[-81.5,9.36],[-82.031,9.5],[-81.894,9.75],[-81.475,10.0],[-81.432,10.25],[-81.58,10.5],[-83.508,11.742],[-83.5,12.175],[-83.392,12.25],[-83.319,12.5],[-83.439,13.25],[-83.405,13.5],[-83.22,13.75],[-82.75,14.134],[-82.601,14.5],[-82.691,14.75],[-82.25,15.162],[-82.029,15.25],[-81.992,15.5],[-82.5,15.998],[-83.0,16.158],[-83.282,16.5],[-83.348,16.75],[-83.144,17.0],[-82.25,17.31],[-81.75,17.325],[-81.25,17.688],[-80.25,17.449],[-78.75,17.405],[-78.669,17.5],[-78.25,17.659],[-78.0,17.689],[-77.25,17.574],[-77.033,17.75],[-76.25,17.75],[-76.0,18.0],[-76.043,18.043],[-76.0,18.187],[-74.25,17.506],[-73.5,17.006],[-73.25,16.918],[-73.0,16.886],[-72.25,16.955],[-70.5,16.855],[-69.713,17.0],[-69.385,17.25],[-69.082,17.75],[-68.25,18.065],[-67.691,17.75],[-67.706,17.5],[-67.5,17.135],[-67.25,17.251],[-67.0,17.483],[-66.5,17.504],[-66.25,17.627],[-66.0,17.59],[-65.75,17.675],[-65.5,17.836],[-65.267,18.25],[-65.5,18.477],[-66.436,18.75],[-66.75,18.959],[-67.0,18.97],[-67.302,18.75],[-68.0,18.536],[-68.25,18.366],[-68.301,18.449],[-68.25,18.5],[-68.25,18.75],[-68.383,18.883],[-68.5,19.155],[-68.868,19.5],[-69.03,19.75],[-68.868,20.0],[-69.0,20.237],[-69.73,20.5],[-69.85,20.75],[-70.0,20.9],[-70.271,20.75],[-70.335,21.0],[-70.151,21.25],[-70.074,21.5],[-70.075,22.25],[-69.935,23.0],[-69.333,23.75],[-68.679,25.25],[-68.135,25.75],[-67.886,26.25],[-67.37,26.75],[-67.236,27.0],[-67.25,27.284],[-67.5,27.44],[-68.25,27.641],[-68.5,27.886],[-69.0,28.175],[-69.5,28.372],[-69.75,28.558],[-70.5,28.528],[-71.25,28.783],[-71.586,29.0],[-71.75,29.183],[-72.099,29.75],[-72.5,29.998],[-73.5,30.08],[-73.75,30.176],[-74.0,30.368],[-74.25,30.414],[-75.75,30.254],[-76.0,30.299],[-76.5,30.606],[-76.75,30.607],[-77.25,30.471],[-78.0,30.106],[-78.5,29.975],[-79.0,30.036],[-79.25,29.976],[-79.75,29.715],[-80.0,29.673],[-80.25,29.716],[-81.0,30.268],[-81.215,30.5],[-81.255,31.0],[-81.093,31.25],[-81.0,31.659],[-80.75,32.023],[-80.108,32.5],[-80.0,32.5],[-79.5,32.815],[-78.893,33.5],[-78.75,33.5],[-78.566,33.684],[-78.367,33.75],[-78.0,33.75],[-77.35,34.4],[-77.063,34.5],[-76.5,34.5],[-76.25,34.75],[-76.29,34.79],[-75.5,35.19],[-75.303,35.5],[-75.25,35.954],[-74.458,36.75],[-73.75,37.197],[-73.25,37.356],[-72.75,37.299],[-72.405,37.0],[-72.25,36.763],[-72.0,36.645],[-71.75,36.72],[-71.5,36.889],[-71.0,37.363],[-70.5,37.569],[-70.25,37.489],[-69.75,37.18],[-69.5,37.162],[-69.191,37.25],[-69.071,37.5],[-69.0,37.523],[-68.5,37.588],[-68.0,37.564],[-67.75,37.667],[-67.0,38.493],[-66.494,38.75],[-66.229,39.0],[-66.023,39.75],[-66.024,40.0],[-66.182,40.5],[-65.952,40.75],[-65.25,41.282],[-63.75,41.789],[-62.75,42.397],[-62.25,42.859],[-61.5,43.349],[-61.16,43.75],[-60.75,44.492],[-60.19,45.0],[-59.579,46.0],[-60.027,46.5],[-59.925,46.75],[-60.068,47.0],[-60.25,47.148],[-60.39,47.14],[-60.5,47.25],[-60.63,47.12],[-60.92,47.25],[-60.938,47.5],[-61.199,48.0],[-61.102,48.25],[-60.723,48.75],[-60.75,48.807],[-61.25,48.88],[-61.5,49.124],[-61.5,49.25],[-61.593,49.343],[-61.504,49.5],[-60.5,49.633],[-60.023,50.0],[-59.0,50.503],[-58.5,50.685],[-58.0,50.744],[-57.655,50.5],[-58.364,49.5],[-58.469,49.25],[-58.75,49.0],[-58.75,48.904],[-59.25,48.685],[-59.465,48.5],[-59.714,48.0],[-59.72,47.75],[-59.25,47.31],[-56.515,47.25],[-56.44,47.0],[-56.25,46.818],[-55.861,46.861],[-55.75,46.75],[-55.25,46.75],[-54.75,47.213],[-54.25,47.25],[-54.25,47.0],[-54.0,46.75],[-53.865,46.885],[-53.75,46.878],[-53.75,46.75],[-53.5,46.5],[-53.25,46.5],[-52.5,47.25],[-52.5,47.5],[-53.0,47.953],[-53.211,48.289],[-53.0,48.5],[-53.25,48.75],[-53.548,48.75],[-53.597,49.0],[-53.576,49.174],[-53.5,49.25],[-53.75,49.5],[-53.937,49.5],[-54.25,49.652],[-54.638,49.638],[-54.75,49.75],[-55.0,49.562],[-55.25,49.75],[-55.45,49.55],[-55.733,49.75],[-55.75,50.0],[-56.0,50.25],[-56.25,50.25],[-56.0,50.5],[-56.0,50.75],[-55.75,51.0],[-55.75,51.25],[-55.5,51.5],[-55.75,51.75],[-56.0,51.75],[-55.5,52.25],[-55.5,52.5],[-55.75,52.75],[-55.75,53.5],[-56.0,53.75],[-56.5,53.75],[-56.75,54.0],[-57.25,54.0],[-57.458,54.25],[-57.25,54.25],[-57.0,54.5],[-57.25,54.75],[-57.75,54.75],[-58.0,55.0],[-58.708,55.0],[-59.0,55.25],[-59.5,55.253],[-60.046,55.704],[-60.0,55.75],[-60.3,56.0],[-60.191,56.75],[-60.267,57.25],[-60.775,57.75],[-61.612,58.0],[-61.579,58.25],[-61.666,58.5],[-61.969,58.75],[-62.471,59.0],[-62.724,59.25],[-62.851,59.75],[-62.75,59.947],[-61.75,60.124],[-61.0,60.132],[-60.87,60.25],[-60.993,60.75],[-61.362,61.0],[-61.36,61.25],[-61.25,61.304],[-60.5,61.418],[-58.5,61.396],[-58.25,61.346],[-57.75,61.034],[-57.5,61.052],[-56.0,61.53],[-54.0,61.619],[-53.0,61.861],[-50.75,62.186],[-50.5,62.177],[-50.0,61.908],[-49.637,61.5],[-49.231,60.5],[-49.345,60.0],[-49.854,59.0],[-50.197,58.5],[-50.0,58.412],[-49.046,58.75],[-47.75,58.913],[-47.289,58.75],[-46.75,58.455],[-46.5,58.404],[-46.25,58.448],[-45.482,58.75],[-45.342,59.0],[-45.26,59.5],[-45.088,59.75],[-44.839,59.839],[-44.75,59.75],[-43.25,59.75],[-43.0,60.0],[-43.0,60.184],[-42.75,60.25],[-42.5,60.5],[-42.5,60.677],[-42.0,61.12],[-41.25,61.61],[-40.469,62.0],[-38.5,62.552],[-37.25,62.784],[-36.0,62.917],[-34.5,62.922],[-33.698,63.0],[-32.75,63.427],[-31.145,63.75],[-30.25,64.082],[-29.979,64.25],[-30.75,64.411],[-31.25,64.605],[-31.5,64.819],[-31.75,64.817],[-32.0,64.669],[-32.25,64.611],[-35.25,64.656],[-35.52,64.75],[-35.687,65.25],[-35.622,65.5],[-35.739,65.75],[-35.222,66.028],[-34.0,66.352],[-31.75,67.124],[-31.0,67.299],[-30.652,67.5],[-30.803,67.75],[-30.2,68.0],[-29.554,68.054],[-29.5,68.0],[-29.377,68.123],[-28.654,68.25],[-27.75,68.25],[-27.625,68.375],[-27.217,68.5],[-26.25,68.5],[-26.0,68.75],[-25.75,68.75],[-25.61,68.89],[-25.267,69.0],[-24.75,69.0],[-24.553,69.197],[-24.0,69.25],[-23.909,69.341],[-19.5,69.867],[-19.037,70.0],[-19.109,70.25],[-18.0,70.464],[-16.946,70.75],[-15.0,71.427],[-10.5,72.126],[-9.75,72.043],[-9.25,71.805],[-9.024,71.5],[-9.043,71.0],[-8.75,70.907],[-8.469,71.031],[-8.5,71.0],[-8.25,70.75],[-8.0,71.0],[-8.14,71.14],[-7.846,71.25],[-7.75,71.506],[-7.5,71.696],[-7.0,71.871],[-6.0,72.013],[-4.25,72.145],[-2.0,72.489],[4.604,73.75],[5.653,74.25],[7.07,74.5],[7.481,74.75],[7.182,75.0],[5.75,75.735],[5.395,76.0],[5.448,76.25],[5.109,76.5],[4.963,76.75],[4.639,77.0],[3.737,77.25],[2.25,77.531],[2.0,77.605],[1.808,77.75],[1.87,78.25],[2.255,78.5],[2.478,78.75],[2.597,79.0],[2.614,79.25],[2.279,79.75],[2.5,79.976],[3.0,80.026],[3.602,80.25],[4.75,80.343],[5.098,80.5],[7.5,80.588],[8.5,80.773],[9.5,80.83],[11.75,80.815],[12.33,80.75],[11.75,80.538],[11.0,80.146],[10.75,80.0],[10.5,79.75],[11.005,79.245],[10.75,79.182],[10.445,79.0],[10.807,78.807],[10.75,78.75],[10.75,78.5],[11.0,78.25],[11.75,78.292],[12.25,78.143],[13.0,78.144],[13.25,78.0],[13.439,78.0],[13.358,77.75],[13.519,77.5],[13.75,77.337],[14.0,77.272],[14.25,77.0],[15.134,77.0],[15.541,76.75],[16.5,76.427],[17.5,76.696],[18.5,77.106],[19.75,77.397],[20.25,77.441],[21.144,77.356],[21.25,77.25],[23.5,77.244],[26.858,77.75],[33.25,78.495],[32.985,78.75],[34.251,79.25],[31.0,79.531],[27.5,79.446],[27.072,79.5],[27.75,79.658],[27.858,79.75],[27.924,80.0],[27.75,80.582],[27.608,80.75],[27.128,81.0],[26.87,81.25],[25.75,81.395],[22.91,81.5],[26.5,81.528],[27.75,81.637],[28.311,81.75],[29.5,81.783],[31.25,81.971],[35.75,82.126],[37.0,82.418],[37.829,82.75],[39.75,83.017],[41.5,83.108],[43.25,83.082],[44.0,83.22],[46.0,83.302],[51.75,83.836],[57.235,84.25],[60.5,84.321],[62.75,84.465],[63.25,84.386],[66.0,84.321],[67.0,84.201],[72.5,84.552],[73.5,84.376],[76.5,84.315],[77.5,84.164],[80.25,84.036],[81.0,83.915],[82.25,83.855],[84.25,83.635],[86.25,83.564],[87.75,83.4],[90.25,83.299],[90.593,83.25],[90.75,83.137],[91.0,83.07],[92.208,83.0],[87.569,82.5],[83.855,82.0],[79.0,81.743],[76.0,81.714],[75.5,81.768],[74.0,82.161],[72.617,82.25],[70.25,82.234],[60.0,81.922],[58.837,81.913],[58.75,82.0],[58.25,82.0],[58.0,81.75],[58.036,81.714],[57.25,81.75],[57.064,81.564],[56.672,81.5],[55.5,81.5],[55.404,81.404],[54.75,81.356],[54.244,81.244],[51.0,81.137],[50.296,81.0],[49.5,81.0],[49.422,80.922],[49.0,80.902],[48.608,80.892],[48.5,81.0],[46.75,81.0],[46.25,80.5],[46.5,80.25],[46.75,80.25],[47.0,80.0],[47.795,80.0],[48.0,79.849],[49.56,79.75],[44.601,79.0],[42.75,78.82],[41.0,78.745],[40.142,78.5],[37.75,78.378],[37.439,78.25],[36.25,78.034],[36.161,78.0],[36.122,77.75],[38.75,77.286],[39.9,77.0],[41.125,76.0],[41.352,75.75],[41.927,75.5],[42.75,75.37],[44.0,75.291],[47.5,75.395],[50.25,75.659],[52.25,75.71],[54.75,76.018],[55.25,75.981],[55.952,75.75],[56.5,75.651],[56.696,75.5],[56.5,75.456],[56.274,75.25],[56.0,75.207],[55.659,75.0],[55.547,74.75],[54.978,74.25],[54.75,74.25],[54.5,74.0],[54.0,74.0],[53.829,73.829],[53.648,73.75],[53.242,73.25],[52.876,73.0],[52.5,73.0],[52.25,72.75],[52.326,72.674],[52.325,72.5],[52.08,72.25],[51.5,72.25],[51.25,72.0],[51.32,71.5],[51.75,70.792],[52.875,70.0],[53.122,69.75],[53.255,69.5],[52.975,69.25],[52.467,69.0],[51.75,68.876],[51.25,68.886],[50.189,69.311],[50.0,69.5],[49.5,69.5],[49.25,69.75],[49.1,69.6],[48.5,69.5],[48.342,69.342],[48.0,69.161],[47.856,69.0],[47.784,68.25],[47.5,68.06],[46.353,68.397],[46.25,68.5],[45.721,68.529],[45.5,68.75],[43.75,68.75],[43.25,68.658],[42.597,68.25],[42.0,67.77],[41.75,67.66],[41.5,67.641],[40.947,67.803],[40.75,68.0],[40.417,68.0],[39.833,68.167],[39.75,68.25],[39.25,68.25],[39.0,68.5],[38.25,68.5],[38.0,68.75],[37.75,68.75],[37.5,69.0],[36.75,69.0],[36.5,69.25],[35.495,69.25],[35.25,69.375],[34.844,69.406],[34.75,69.5],[33.361,69.5],[32.75,70.0],[31.984,70.0],[31.75,70.11],[31.25,70.158],[31.0,70.355],[31.0,70.5],[30.75,70.75],[29.944,70.75],[29.25,71.0],[28.727,71.023],[28.5,71.25],[28.379,71.129],[28.084,71.166],[28.0,71.25],[27.5,71.25],[26.75,71.141],[25.25,71.289],[23.5,71.177],[22.5,70.952],[21.75,70.709],[20.713,70.5],[19.25,70.379],[18.89,70.14],[17.78,69.75],[17.5,69.75],[16.784,69.5],[16.0,69.395],[15.778,69.222],[15.307,69.193],[15.25,69.25],[15.0,69.25],[14.5,68.75],[14.5,68.575],[14.291,68.459],[13.75,68.5],[13.5,68.25],[13.75,68.0],[14.25,68.0],[14.341,68.091],[14.75,68.079],[14.864,68.0],[14.5,67.532],[14.042,67.25],[13.944,67.056],[13.75,67.25],[13.41,66.91],[13.145,66.75],[13.0,66.75],[12.874,66.624],[12.597,66.5],[12.445,66.25],[12.25,66.166],[12.098,66.0],[11.987,65.75],[12.109,65.609],[12.0,65.5],[12.0,65.25],[11.0,65.118],[10.856,65.0],[11.139,64.75],[10.75,64.75],[10.348,64.348],[10.063,64.25],[9.25,64.102],[8.845,63.905],[8.75,64.0],[8.121,63.5],[7.901,63.25],[7.75,63.25],[7.655,63.155],[7.208,63.0],[7.0,63.0],[6.876,62.876],[6.5,62.75],[6.048,62.5],[5.75,62.5],[5.548,62.298],[5.25,62.25],[4.75,61.75],[4.959,61.541],[4.783,61.25],[4.713,61.0],[4.844,60.594],[4.75,60.5],[4.75,60.25],[5.0,60.0],[5.0,59.25],[5.25,59.0],[5.396,59.146],[5.534,59.034],[5.25,58.75],[5.75,58.25],[6.25,58.25],[6.5,58.0],[7.0,58.0],[7.25,57.75],[7.5,57.75],[7.75,58.0],[8.25,58.0],[8.315,58.065],[8.75,58.121],[9.5,58.402],[9.661,58.5],[9.819,58.75],[10.0,58.75],[10.274,59.024],[10.705,59.045],[11.0,58.91],[11.0,58.75],[11.25,58.5],[11.25,58.25],[11.313,58.187],[11.25,58.047],[11.154,58.0],[10.5,57.873],[10.277,57.75],[9.75,57.75],[9.5,57.439],[9.25,57.406],[8.893,57.25],[8.5,57.25],[8.0,56.75],[8.0,56.25],[8.135,56.115],[8.118,55.868],[8.0,55.75],[8.126,55.624],[8.089,55.5],[8.262,55.25],[8.075,54.75],[8.294,54.25],[8.036,54.0],[7.25,53.912],[6.773,53.75],[5.5,53.538],[5.0,53.369],[4.608,53.0],[4.591,52.841],[4.25,52.5],[4.25,52.25],[4.0,51.973],[2.868,51.5],[2.25,51.427],[2.076,51.5],[2.434,52.0],[2.45,52.25],[1.506,53.75],[0.4,54.25],[-1.072,55.25],[-1.201,55.5],[-1.5,55.781],[-1.75,55.949],[-2.25,56.062],[-2.5,56.25],[-2.482,56.518],[-2.0,57.0],[-2.0,57.25],[-1.75,57.5],[-1.841,57.591],[-1.853,57.75],[-2.0,57.845],[-2.573,57.75],[-3.75,57.75],[-3.604,58.0],[-3.5,58.0],[-2.963,58.5],[-3.0,58.686],[-3.028,58.528],[-3.25,58.75],[-5.0,58.75],[-5.25,58.5],[-5.25,58.25],[-5.927,57.573],[-6.139,57.639],[-6.25,57.75],[-6.451,57.75],[-6.0,58.25],[-6.25,58.5],[-6.75,58.5],[-7.25,58.0],[-7.016,57.766],[-7.0,57.616],[-6.522,57.728],[-6.75,57.5],[-6.5,57.25],[-6.5,57.0],[-6.25,56.75],[-6.5,56.5],[-6.25,56.25],[-5.75,56.25],[-5.756,55.756],[-6.0,56.0],[-6.5,56.0],[-6.75,55.75],[-6.5,55.5],[-6.0,55.5],[-5.756,55.744],[-5.5,55.425],[-5.424,55.424],[-5.25,55.25],[-5.051,55.449],[-4.779,55.471],[-5.25,55.0],[-5.0,54.75],[-4.728,54.728],[-4.5,54.5],[-4.174,54.75],[-3.5,54.75],[-3.75,54.5],[-3.25,54.0],[-3.068,54.0],[-3.048,53.952],[-3.25,53.75],[-3.25,53.5],[-4.5,53.5],[-4.75,53.25],[-4.493,52.993],[-4.875,52.75],[-4.75,52.654],[-4.5,52.632],[-4.25,52.5],[-4.551,52.25],[-5.0,52.25],[-5.25,52.0],[-5.25,51.75],[-5.0,51.5],[-4.0,51.5],[-4.75,50.75],[-5.0,50.75],[-5.5,50.25],[-5.5,50.0],[-5.25,49.75],[-5.059,49.941],[-4.5,50.027],[-4.0,50.072],[-3.809,50.059],[-3.75,50.0],[-1.75,50.204],[0.0,50.533],[1.191,50.5],[0.952,50.25],[0.0,50.011],[-1.75,49.948],[-2.01,49.75],[-2.5,49.65],[-2.644,49.5],[-2.5,49.347],[-2.25,49.282],[-2.04,49.0],[-2.25,48.933],[-2.917,48.917],[-3.0,49.0],[-3.5,49.0],[-3.75,48.75],[-4.75,48.75],[-5.0,48.5],[-4.25,47.75],[-3.75,47.75],[-3.5,47.5],[-2.75,47.5],[-2.0,46.804],[-2.0,46.5],[-1.75,46.25],[-1.436,46.25],[-1.373,46.0],[-1.196,45.696],[-1.25,44.832],[-1.317,44.433],[-1.5,44.25],[-1.5,44.03],[-1.75,43.848],[-2.5,43.675],[-3.393,43.643],[-3.5,43.75],[-3.6,43.65],[-4.0,43.623],[-5.132,43.632],[-5.25,43.75],[-7.106,43.75],[-7.5,43.807],[-8.25,43.75],[-8.5,43.5],[-8.75,43.5],[-9.0,43.25],[-9.25,43.25],[-9.5,43.0],[-9.222,42.75],[-9.198,42.5],[-9.045,42.25],[-9.098,42.0],[-9.003,41.75],[-9.08,41.5],[-9.0,41.416],[-8.897,41.0],[-9.0,40.5],[-9.0,40.0],[-9.25,39.75],[-9.25,39.5],[-9.542,39.25],[-9.5,39.0],[-9.75,38.75],[-9.5,38.5],[-9.398,38.5],[-9.25,38.372],[-9.0,38.007],[-8.956,37.0],[-8.5,36.6],[-7.783,36.25],[-7.114,35.75],[-6.711,35.25],[-6.6,35.0],[-6.583,34.667],[-6.75,34.5],[-6.75,34.373],[-7.0,34.0],[-7.25,34.0],[-7.5,33.75],[-7.75,33.75],[-8.0,33.5],[-8.5,33.5],[-8.75,33.25],[-8.803,33.0],[-9.0,33.0],[-9.5,32.5],[-9.402,32.402],[-9.448,32.052],[-9.75,31.75],[-9.84,31.41],[-10.0,31.25],[-9.946,30.0],[-9.985,29.765],[-10.75,29.0],[-11.0,29.0],[-11.5,28.5],[-11.75,28.5],[-11.933,28.317],[-12.25,28.341],[-12.626,28.5],[-13.5,29.353],[-13.632,29.25],[-13.75,29.25],[-14.0,29.0],[-13.952,28.952],[-13.972,28.722],[-14.25,28.5],[-14.25,28.337],[-14.563,28.0],[-14.437,27.25],[-14.483,27.0],[-14.735,26.5],[-15.0,26.341],[-15.212,26.0],[-15.277,25.75],[-15.332,24.75],[-15.415,24.5],[-15.781,24.0],[-16.053,23.75],[-16.415,23.0],[-16.521,22.5],[-17.0,22.0],[-17.053,21.447],[-17.25,21.25],[-17.162,21.162],[-17.19,20.0],[-16.891,19.0],[-16.774,18.25],[-17.13,17.75],[-17.221,17.5],[-17.322,16.5],[-17.236,15.5],[-17.325,15.0],[-17.5,14.75],[-17.555,14.5],[-17.511,13.75],[-17.703,12.5],[-17.486,10.5],[-17.75,10.094],[-18.25,9.965],[-18.502,9.75],[-18.621,9.0],[-18.544,8.5],[-18.25,8.038],[-17.75,7.497],[-17.298,6.5],[-17.0,6.279],[-16.5,6.257],[-15.75,6.437],[-15.5,6.381],[-15.054,6.0],[-14.5,5.892],[-14.25,5.99],[-13.97,6.25],[-13.746,6.5],[-13.671,6.75],[-13.5,6.925],[-13.25,6.994],[-12.5,6.89],[-12.241,7.0],[-11.75,6.775],[-10.75,6.027],[-9.402,5.152],[-9.0,4.75],[-8.734,4.734],[-8.5,4.5],[-8.25,4.5],[-8.0,4.25],[-7.25,4.25],[-7.0,4.5],[-6.75,4.5],[-6.541,4.709],[-6.391,4.75],[-6.0,4.75],[-5.698,5.0],[-4.25,5.0],[-4.001,5.249],[-3.75,5.0],[-3.0,5.0],[-2.75,4.75],[-2.5,4.983],[-2.25,4.75],[-1.75,4.75],[-1.5,5.0],[-1.0,5.0],[-0.692,5.25],[-0.25,5.25],[0.283,5.75],[0.75,5.75],[1.0,5.832],[1.178,6.0],[1.75,6.0],[2.0,6.25],[3.398,6.25],[3.75,6.162],[4.0,6.181],[4.25,6.091],[4.5,5.895],[5.5,4.333],[6.11,3.75],[6.311,2.5],[6.33,0.33],[6.25,0.25],[6.5,0.0],[6.75,0.0],[7.0,0.25],[6.944,0.306],[6.885,1.75],[6.966,2.25],[7.0,2.29],[7.058,1.5],[7.25,1.329],[7.712,1.75],[7.689,3.75],[8.0,3.926],[8.25,3.835],[8.25,3.25],[8.486,3.014],[8.384,2.25],[8.389,1.75],[8.585,0.75],[8.569,-0.75],[8.75,-1.01],[8.75,-1.25],[9.0,-1.5],[9.0,-1.75],[9.5,-2.25],[9.5,-2.5],[9.75,-2.75],[9.898,-2.75],[10.0,-2.841],[10.0,-3.0],[10.25,-3.25],[10.5,-3.25],[10.5,-3.5],[10.75,-3.75],[10.828,-3.75],[11.267,-4.267],[11.55,-4.75],[11.821,-6.0],[11.802,-6.5],[11.982,-7.75],[11.919,-8.5],[11.936,-9.5],[12.393,-11.25],[12.502,-12.5],[12.453,-13.0],[12.29,-13.5],[12.0,-14.94],[11.712,-15.75],[11.75,-16.064],[11.619,-16.5],[11.719,-17.031],[11.5,-17.25],[11.75,-17.5],[11.5,-17.75],[11.75,-18.0],[11.75,-18.25],[12.25,-18.75],[12.25,-19.0],[12.75,-19.5],[12.75,-19.75],[13.0,-20.0],[13.0,-20.25],[13.25,-20.5],[13.25,-21.0],[13.75,-21.5],[13.75,-21.75],[14.387,-22.387],[14.402,-22.848],[14.25,-23.0],[14.25,-24.0],[14.5,-24.25],[14.5,-24.75],[14.75,-25.0],[14.75,-26.25],[15.0,-26.5],[15.0,-26.75],[15.25,-27.0],[15.25,-27.5],[15.5,-27.75],[15.5,-28.0],[16.0,-28.5],[16.25,-28.5],[16.5,-28.755],[16.5,-29.0],[17.0,-29.508],[17.0,-30.25],[17.5,-30.75],[17.5,-31.0],[18.0,-31.5],[18.0,-31.75],[18.074,-31.824],[17.759,-32.75],[17.75,-33.0],[18.036,-33.286],[18.243,-33.75],[18.198,-34.0],[18.34,-34.25],[18.5,-34.385],[18.888,-34.388],[19.0,-34.5],[19.25,-34.5],[19.75,-35.0],[20.0,-35.0],[20.25,-34.75],[20.5,-34.75],[20.75,-34.5],[21.75,-34.5],[22.0,-34.25],[24.75,-34.25],[25.0,-34.0],[25.25,-34.25],[25.5,-34.25],[26.0,-33.75],[26.25,-34.0],[26.5,-33.75],[27.0,-33.75],[27.25,-33.5],[27.5,-33.5],[28.0,-33.0],[28.25,-33.0],[29.75,-31.5],[30.0,-31.5],[30.5,-31.0],[30.5,-30.75],[31.0,-30.25],[31.0,-30.0],[31.5,-29.5],[31.5,-29.25],[31.75,-29.0],[32.0,-29.0],[32.75,-28.25],[32.75,-27.5],[33.0,-27.25],[33.0,-26.25],[32.865,-26.115],[32.88,-25.87],[33.5,-25.25],[34.0,-25.25],[34.25,-25.0],[34.75,-25.0],[35.5,-24.25],[35.5,-23.5],[35.75,-23.25],[35.75,-22.25],[35.5,-22.0],[35.5,-21.75],[35.25,-21.456],[35.25,-21.0],[35.0,-20.75],[35.0,-20.5],[34.75,-20.25],[35.0,-20.0],[35.0,-19.75],[35.25,-19.75],[36.0,-19.0],[36.25,-19.0],[37.25,-18.0],[37.25,-17.75],[37.5,-17.75],[37.75,-17.5],[38.0,-17.5],[38.25,-17.25],[39.0,-17.25],[40.75,-15.5],[40.75,-15.031],[41.0,-14.75],[41.0,-14.5],[40.75,-14.25],[40.75,-13.25],[40.613,-13.113],[40.612,-12.888],[40.75,-12.75],[40.75,-12.0],[40.5,-11.75],[40.75,-11.5],[40.579,-11.329],[40.606,-11.144],[40.75,-11.0],[40.75,-10.75],[40.651,-10.651],[40.649,-10.5],[40.5,-10.244],[40.3,-10.0],[39.933,-9.0],[39.729,-8.75],[39.637,-8.25],[39.68,-8.18],[39.75,-8.25],[40.0,-8.0],[39.995,-7.5],[39.754,-7.0],[39.724,-6.75],[39.483,-6.5],[39.75,-6.25],[39.459,-5.959],[39.435,-5.75],[39.551,-5.5],[39.688,-5.438],[39.75,-5.5],[40.0,-5.25],[40.0,-5.0],[39.588,-4.662],[39.75,-4.5],[39.75,-4.25],[40.0,-4.0],[40.0,-3.5],[40.25,-3.25],[40.25,-2.75],[40.5,-2.75],[41.184,-2.066],[41.275,-2.0],[41.5,-2.0],[41.75,-1.75],[41.75,-1.5],[42.0,-1.25],[42.0,-1.0],[42.25,-1.0],[42.5,-0.75],[42.5,-0.5],[44.25,1.25],[44.5,1.25],[45.0,1.75],[45.25,1.75],[45.75,2.25],[46.0,2.25],[48.0,4.25],[48.0,4.5],[48.5,5.0],[48.5,5.25],[49.0,5.75],[49.0,6.0],[49.25,6.25],[49.25,6.5],[49.5,6.75],[49.5,7.0],[49.75,7.25],[49.75,7.5],[50.0,7.75],[50.0,8.0],[50.5,8.5],[50.5,8.75],[50.75,9.0],[50.75,9.25],[51.0,9.5],[51.0,10.25],[51.314,10.5],[51.25,10.602],[51.25,11.5],[51.5,11.75],[51.25,12.0],[51.095,12.0],[50.75,12.392],[50.046,13.0],[49.875,13.75],[49.366,14.5],[49.5,14.5],[49.75,14.75],[50.25,14.75],[50.5,15.0],[51.25,15.0],[51.5,15.25],[51.75,15.25],[52.25,15.75],[52.25,16.0],[52.75,16.5],[53.5,16.5],[53.75,16.75],[54.0,16.75],[54.25,17.0],[54.5,17.0],[54.75,16.75],[55.25,17.25],[55.336,17.586],[55.5,17.75],[56.25,17.75],[56.75,18.25],[56.75,18.5],[57.0,18.75],[57.75,18.75],[58.0,19.0],[57.816,19.184],[57.877,19.877],[58.0,20.0],[58.0,20.25],[58.5,20.25],[58.75,20.0],[59.0,20.25],[58.874,20.376],[58.948,20.948],[59.5,21.5],[59.5,21.75],[60.0,22.25],[59.866,22.384],[59.911,24.0],[60.25,25.09],[60.519,25.231],[60.75,25.0],[63.25,25.0],[63.438,25.188],[63.658,25.25],[64.25,25.25],[64.5,25.0],[64.691,25.191],[64.846,25.25],[66.0,25.25],[66.076,25.326],[66.25,25.325],[66.5,25.299],[66.5,25.0],[66.75,24.75],[67.0,24.71],[67.184,24.5],[67.188,24.25],[67.5,23.885],[68.0,23.641],[69.0,22.75],[69.311,22.75],[68.75,22.25],[70.25,20.75],[70.5,20.75],[70.75,20.5],[71.0,20.5],[71.12,20.62],[71.25,20.611],[71.512,20.75],[72.062,20.75],[72.331,20.25],[72.825,17.5],[73.07,16.75],[73.442,14.75],[73.641,14.25],[73.833,14.0],[74.0,13.616],[74.082,13.0],[74.286,12.5],[74.316,12.25],[74.141,11.5],[74.487,11.0],[74.531,10.75],[74.75,10.421],[75.5,10.075],[75.678,9.75],[76.25,9.097],[76.25,9.0],[77.25,8.0],[77.75,8.0],[78.25,8.5],[78.349,8.849],[78.5,9.0],[78.75,9.0],[78.888,9.138],[79.5,9.107],[79.676,9.0],[79.779,8.779],[79.75,8.484],[79.617,8.25],[79.59,8.0],[79.75,7.506],[79.75,6.5],[80.0,6.25],[80.0,6.0],[80.25,5.75],[80.75,5.75],[81.0,6.0],[81.25,6.0],[82.0,6.75],[82.0,7.5],[81.869,7.631],[81.819,8.25],[81.664,9.0],[81.555,9.25],[81.303,9.5],[81.157,9.75],[80.845,11.0],[81.178,12.75],[81.922,14.75],[81.858,15.75],[81.986,16.25],[82.5,16.75],[82.5,16.88],[82.77,17.25],[83.0,17.25],[83.86,18.11],[84.107,18.25],[84.25,18.25],[84.5,18.5],[84.5,18.577],[85.0,19.044],[85.5,19.26],[85.937,19.25],[86.0,19.182],[86.246,19.5],[86.5,19.611],[86.584,19.75],[87.5,20.566],[88.0,20.837],[88.75,21.003],[89.25,21.044],[89.365,20.5],[89.5,20.321],[89.75,20.261],[90.5,20.408],[90.75,20.3],[91.25,19.855],[91.75,19.572],[92.5,19.585],[92.75,19.508],[93.57,18.5],[93.833,18.0],[94.25,17.469],[94.295,17.295],[94.25,17.25],[94.25,16.792],[94.0,16.5],[94.0,16.0],[94.25,15.75],[94.448,15.75],[95.0,15.5],[95.798,15.5],[96.25,15.361],[96.75,15.052],[97.0,15.016],[97.5,14.806],[97.707,14.25],[98.0,13.721],[98.066,13.25],[98.037,13.0],[97.719,12.25],[97.694,12.0],[97.75,11.889],[98.004,11.75],[97.864,11.5],[98.053,11.197],[97.981,10.75],[97.774,10.5],[97.845,9.75],[97.75,9.399],[97.367,9.0],[97.5,8.722],[95.75,7.299],[95.5,7.025],[95.25,6.528],[95.047,5.75],[95.115,5.615],[95.0,5.5],[95.0,5.25],[95.415,4.835],[95.5,4.5],[95.682,4.25],[95.638,3.0],[95.691,2.75],[96.25,2.25],[96.364,2.364],[96.5,2.361],[96.709,2.5],[96.75,2.757],[97.0,2.799],[97.064,2.314],[97.0,2.25],[97.084,2.166],[97.111,2.0],[97.081,1.5],[97.25,1.0],[97.75,0.5],[98.0,0.742],[98.183,0.5],[98.124,0.0],[98.316,-0.184],[98.25,-0.25],[98.339,-0.339],[98.357,-0.5],[98.602,-0.75],[98.627,-0.873],[98.5,-1.0],[98.5,-1.25],[98.75,-1.5],[98.75,-1.75],[99.0,-2.0],[99.25,-2.0],[99.5,-1.75],[99.427,-1.677],[99.5,-1.121],[99.653,-1.25],[99.678,-1.5],[99.55,-2.0],[99.637,-2.25],[100.177,-2.823],[100.0,-3.0],[100.25,-3.25],[100.5,-3.0],[100.419,-2.919],[100.25,-2.348],[99.97,-2.25],[100.0,-1.806],[100.25,-1.699],[100.5,-1.716],[100.75,-2.0],[100.75,-2.25],[101.0,-2.5],[101.0,-2.75],[102.0,-3.75],[102.25,-3.75],[102.25,-4.0],[102.75,-4.5],[103.0,-4.5],[103.5,-5.0],[103.75,-5.0],[103.75,-5.25],[104.5,-6.0],[104.74,-5.76],[105.0,-6.0],[105.173,-5.827],[105.386,-6.0],[105.364,-6.25],[105.206,-6.5],[105.279,-6.75],[105.574,-6.824],[105.75,-7.0],[106.451,-7.0],[106.25,-7.25],[106.5,-7.5],[107.25,-7.5],[107.5,-7.75],[108.0,-7.75],[108.25,-8.0],[108.5,-8.0],[108.75,-7.75],[109.25,-7.75],[109.5,-8.0],[110.0,-8.0],[110.25,-8.25],[111.0,-8.25],[111.25,-8.5],[113.5,-8.5],[113.75,-8.75],[114.25,-8.75],[114.5,-9.0],[114.75,-8.75],[114.583,-8.583],[114.627,-8.5],[115.0,-8.5],[115.0,-8.75],[115.25,-9.0],[115.5,-9.0],[115.75,-8.75],[116.0,-9.0],[116.5,-9.0],[116.75,-9.25],[117.5,-9.25],[117.75,-9.0],[118.75,-9.0],[119.03,-8.72],[119.25,-8.666],[119.413,-8.75],[119.419,-9.0],[119.182,-9.25],[119.0,-9.25],[118.75,-9.5],[119.25,-10.0],[119.75,-10.0],[120.25,-10.5],[120.5,-10.5],[121.0,-10.0],[120.911,-9.911],[121.25,-9.503],[121.948,-9.0],[122.25,-9.0],[122.331,-8.919],[123.0,-8.819],[123.766,-9.0],[123.765,-9.25],[123.597,-9.5],[123.5,-9.797],[122.764,-10.75],[123.0,-10.919],[123.185,-10.935],[123.25,-11.0],[123.474,-10.724],[124.5,-10.3],[124.5,-10.543],[124.0,-11.122],[123.802,-11.25],[123.719,-11.5],[123.75,-11.547],[124.25,-11.55],[125.0,-11.448],[125.11,-11.5],[125.045,-11.75],[124.872,-12.0],[124.651,-12.75],[124.824,-13.25],[124.413,-14.0],[123.5,-14.516],[121.9,-15.25],[121.113,-15.75],[120.539,-16.25],[119.75,-16.763],[119.473,-17.0],[119.25,-17.365],[118.31,-18.25],[115.75,-20.072],[115.358,-20.5],[115.236,-20.75],[114.25,-21.653],[114.136,-21.886],[114.0,-21.75],[113.75,-22.0],[113.75,-22.25],[113.5,-22.5],[113.5,-22.75],[113.75,-23.0],[113.75,-23.25],[113.5,-23.5],[113.5,-23.75],[113.25,-24.0],[113.25,-24.5],[113.437,-24.687],[113.323,-25.0],[113.328,-25.25],[112.75,-25.75],[113.0,-26.0],[113.19,-25.81],[113.181,-26.0],[113.429,-26.25],[113.436,-26.314],[113.25,-26.5],[113.75,-27.0],[113.75,-27.25],[114.0,-27.5],[114.0,-28.0],[114.5,-28.5],[114.5,-29.0],[115.0,-29.5],[114.75,-29.75],[115.0,-30.0],[115.0,-30.75],[115.25,-31.0],[115.25,-31.25],[115.75,-31.75],[115.75,-32.022],[115.649,-32.25],[115.749,-32.501],[115.5,-32.75],[115.5,-33.376],[115.25,-33.5],[114.75,-34.0],[115.25,-34.5],[115.5,-34.5],[116.0,-35.0],[116.25,-35.0],[116.5,-35.25],[118.0,-35.25],[118.25,-35.0],[118.5,-35.0],[119.0,-34.5],[119.25,-34.75],[120.0,-34.0],[122.0,-34.0],[122.25,-34.25],[122.5,-34.0],[123.0,-34.0],[123.25,-34.25],[123.5,-34.0],[123.75,-34.0],[124.25,-33.5],[124.25,-33.25],[124.5,-33.0],[124.75,-33.0],[125.0,-32.75],[125.5,-32.75],[125.75,-32.5],[127.5,-32.5],[127.75,-32.25],[128.0,-32.25],[128.25,-32.0],[128.75,-32.0],[129.0,-31.75],[131.0,-31.75],[131.25,-31.5],[131.5,-31.75],[131.75,-31.75],[132.25,-32.25],[132.5,-32.0],[132.75,-32.0],[133.0,-32.25],[133.5,-32.25],[133.75,-32.5],[133.998,-32.5],[134.0,-33.0],[134.25,-33.25],[134.5,-33.25],[135.0,-33.75],[135.0,-34.0],[135.25,-34.25],[135.216,-34.5],[136.0,-35.25],[136.25,-35.0],[136.115,-34.865],[136.5,-34.572],[137.0,-34.329],[137.25,-34.466],[137.148,-34.75],[137.0,-34.75],[136.75,-35.0],[137.0,-35.274],[137.83,-35.25],[137.372,-35.5],[136.75,-35.5],[136.5,-35.75],[136.5,-36.0],[136.75,-36.25],[137.0,-36.25],[137.25,-36.0],[137.5,-36.25],[137.75,-36.0],[137.75,-35.858],[137.839,-35.839],[138.0,-36.0],[138.25,-35.75],[138.117,-35.617],[138.25,-35.656],[138.363,-35.613],[138.5,-35.75],[138.75,-35.5],[139.25,-36.0],[139.5,-36.0],[139.5,-36.25],[139.75,-36.5],[139.75,-36.75],[139.5,-37.0],[140.75,-38.25],[141.25,-38.25],[141.5,-38.5],[142.5,-38.5],[142.75,-38.75],[143.25,-38.75],[143.5,-39.0],[143.75,-38.75],[144.0,-38.75],[144.25,-38.5],[144.5,-38.5],[144.637,-38.363],[144.901,-38.349],[144.75,-38.5],[145.0,-38.75],[145.75,-38.75],[146.0,-39.0],[146.155,-38.845],[146.5,-39.056],[146.946,-38.75],[147.505,-38.5],[148.0,-38.193],[149.0,-37.95],[149.179,-37.929],[149.25,-38.0],[149.5,-37.75],[149.75,-37.75],[150.25,-37.25],[150.076,-37.076],[150.094,-36.656],[150.25,-36.5],[150.25,-36.0],[150.5,-35.75],[150.5,-35.5],[151.0,-35.0],[151.0,-34.5],[151.25,-34.25],[151.25,-34.0],[151.5,-33.75],[151.5,-33.5],[152.5,-32.5],[152.5,-32.25],[153.0,-31.75],[153.0,-31.25],[153.25,-31.0],[153.25,-30.0],[153.5,-29.75],[153.5,-29.25],[153.75,-29.0],[153.75,-28.25],[153.5,-28.0],[153.5,-27.75],[153.75,-27.5],[153.5,-27.25],[153.419,-27.331],[153.25,-26.807],[153.25,-25.342],[153.5,-25.0],[153.25,-24.443],[152.842,-24.0],[152.845,-23.25],[152.75,-22.889],[152.556,-22.5],[152.724,-22.25],[152.723,-22.0],[152.586,-21.25],[152.056,-20.25],[151.917,-19.5],[151.973,-19.25],[151.827,-18.5],[151.858,-18.25],[151.5,-17.98],[151.0,-17.903],[150.876,-17.75],[150.967,-17.5],[150.75,-17.277],[150.0,-17.343],[149.5,-17.284],[149.41,-17.25],[149.379,-17.0],[149.174,-16.75],[148.25,-16.601],[148.0,-16.328],[147.75,-16.257],[146.75,-16.259],[146.25,-16.327],[146.0,-16.19],[145.942,-15.5],[145.75,-15.196],[145.5,-15.122],[145.5,-15.0],[145.413,-14.913],[145.568,-14.75],[145.5,-14.668],[145.007,-14.5],[144.5,-14.0],[144.199,-14.0],[143.896,-13.75],[143.652,-13.25],[143.63,-13.12],[143.75,-13.0],[143.636,-12.886],[143.81,-12.75],[143.582,-12.5],[143.595,-12.25],[143.692,-11.75],[144.0,-11.628],[144.75,-11.802],[145.25,-11.731],[145.75,-11.505],[146.0,-11.489],[146.494,-11.75],[147.0,-12.297],[147.25,-12.366],[147.75,-12.325],[148.75,-12.009],[149.0,-11.86],[149.223,-11.5],[149.25,-11.244],[149.5,-11.114],[150.159,-11.0],[150.562,-11.0],[151.0,-11.13],[151.75,-11.169],[152.0,-11.127],[152.75,-11.225],[153.111,-11.5],[153.318,-11.568],[153.5,-11.75],[153.7,-11.55],[154.0,-11.435],[154.228,-11.25],[154.0,-11.051],[153.5,-11.01],[152.75,-10.341],[152.5,-10.245],[152.25,-10.253],[152.0,-10.088],[151.649,-10.0],[151.25,-9.542],[151.25,-8.852],[151.368,-8.5],[151.0,-8.037],[150.75,-8.082],[150.584,-8.0],[150.564,-7.75],[150.719,-7.25],[150.469,-6.5],[150.593,-6.25],[151.0,-6.25],[151.5,-5.75],[151.75,-5.75],[152.25,-5.25],[152.102,-5.102],[152.1,-5.0],[152.25,-5.0],[152.5,-4.75],[152.5,-4.5],[152.75,-4.75],[153.0,-4.75],[153.25,-4.5],[153.25,-4.25],[153.131,-4.131],[152.939,-3.5],[153.094,-3.25],[152.75,-2.9],[152.658,-2.5],[152.797,-2.0],[153.0,-1.748],[153.5,-1.832],[153.572,-1.75],[153.619,-0.75],[153.25,-0.402],[152.392,-0.25],[151.75,0.129],[150.75,0.483],[150.225,1.0],[150.171,1.25],[150.0,1.46],[149.603,1.75],[148.834,2.5],[148.5,2.75],[147.303,3.25],[147.142,3.5],[147.175,3.75],[146.922,4.25],[146.97,4.5],[147.26,4.75],[148.273,5.25],[148.5,5.319],[149.0,5.273],[149.25,5.312],[149.75,5.481],[150.5,5.928],[151.5,6.301],[152.0,6.431],[152.839,6.5],[153.408,6.75],[153.75,7.004],[154.5,7.379],[154.75,7.443],[155.25,7.339],[155.472,7.5],[155.427,7.75],[155.25,7.941],[155.013,8.0],[154.983,8.25],[155.25,8.309],[155.75,8.68],[156.409,9.0],[156.445,9.25],[156.374,9.75],[156.633,10.25],[156.682,10.75],[157.034,11.0],[156.75,11.214],[156.0,11.251],[155.5,11.384],[155.323,11.5],[154.955,12.0],[154.75,12.043],[154.25,12.064],[153.25,11.965],[152.25,12.04],[152.0,12.116],[151.75,12.349],[151.5,12.422],[151.0,12.437],[149.5,12.859],[149.0,12.638],[148.75,12.671],[148.222,13.0],[147.5,13.715],[147.0,14.015],[146.75,13.973],[146.25,13.753],[145.5,13.65],[144.75,13.75],[144.478,13.5],[144.318,13.0],[144.369,12.75],[144.5,12.609],[144.738,12.5],[144.75,12.37],[145.032,12.25],[145.0,12.205],[144.5,12.229],[144.0,12.443],[143.713,12.25],[143.687,12.0],[143.75,11.78],[144.034,11.25],[144.05,11.0],[143.974,10.75],[143.838,10.5],[143.457,10.25],[143.25,9.945],[143.0,9.976],[142.675,9.5],[142.5,9.389],[142.25,9.312],[142.005,9.5],[142.009,9.75],[142.205,10.25],[142.111,10.5],[141.459,11.25],[141.25,11.455],[140.5,11.918],[140.25,12.011],[140.0,12.0],[139.5,11.779],[139.0,11.745],[138.5,11.623],[137.5,11.085],[135.5,10.212],[134.526,10.0],[133.75,9.992],[133.5,9.905],[133.0,9.373],[132.5,9.281],[131.5,8.891],[130.75,8.283],[130.25,7.979],[129.25,6.896],[129.0,6.724],[128.565,6.75],[128.25,7.044],[127.25,6.052],[127.0,5.997],[126.75,6.189],[126.545,7.045],[126.75,7.25],[126.75,7.5],[126.675,7.575],[126.582,8.0],[126.611,8.5],[126.737,9.0],[127.5,9.54],[128.028,9.75],[128.197,10.0],[128.0,10.299],[127.5,10.319],[127.25,10.389],[126.75,10.692],[126.25,10.721],[125.635,12.25],[125.25,12.697],[125.043,12.75],[124.75,12.935],[124.554,13.5],[124.598,13.75],[124.5,14.0],[124.25,14.25],[124.19,14.19],[123.0,14.513],[122.485,14.485],[122.342,15.0],[122.304,15.5],[122.608,16.75],[122.386,17.75],[122.382,18.132],[122.5,18.25],[122.25,18.5],[122.085,18.5],[122.016,18.75],[122.065,19.0],[121.986,19.25],[122.125,19.5],[122.076,19.75],[121.889,20.0],[122.043,20.25],[122.0,20.324],[121.75,20.409],[121.543,20.25],[121.25,19.639],[121.0,19.438],[120.75,19.405],[120.711,19.5],[120.25,19.77],[120.101,20.0],[120.376,20.75],[120.867,21.5],[120.951,21.75],[121.25,22.074],[121.278,22.0],[121.5,21.883],[121.569,22.0],[121.5,22.128],[121.309,22.25],[121.441,22.5],[121.396,22.896],[121.5,23.0],[121.5,23.25],[121.75,23.5],[121.75,24.0],[122.0,24.25],[122.0,25.0],[121.5,25.5],[121.118,25.118],[121.0,25.103],[120.628,24.75],[120.25,24.193],[120.0,24.077],[119.786,24.25],[119.693,24.5],[120.128,25.75],[120.422,26.25],[120.471,26.5],[121.25,27.718],[121.796,28.25],[122.0,28.897],[122.5,30.0],[122.564,30.5],[122.8,30.75],[122.75,30.808],[122.5,30.76],[122.342,31.0],[122.35,31.25],[122.155,31.75],[121.571,32.5],[121.493,32.75],[121.5,33.004],[121.25,33.38],[120.75,33.674],[120.5,34.13],[120.5,34.25],[120.32,34.43],[120.182,34.75],[120.0,34.969],[119.5,34.878],[119.419,35.0],[119.75,35.405],[120.25,35.737],[120.5,35.795],[120.75,36.065],[121.432,36.5],[122.0,36.637],[122.25,36.633],[122.75,37.25],[122.5,37.5],[121.5,37.5],[121.25,37.75],[121.0,37.75],[120.75,38.0],[120.264,37.514],[120.0,37.5],[119.75,37.25],[119.0,37.25],[119.036,38.0],[118.75,38.179],[118.398,38.25],[118.303,38.5],[118.51,38.75],[119.0,39.0],[119.676,39.75],[120.0,39.908],[120.5,40.0],[120.75,40.298],[121.5,40.205],[121.647,40.0],[121.5,40.0],[121.25,39.75],[121.25,39.571],[121.192,39.5],[121.308,39.25],[121.0,39.0],[121.0,38.75],[121.25,38.5],[121.49,38.74],[122.032,39.032],[122.5,39.187],[123.25,39.587],[123.75,39.683],[124.5,39.58],[124.75,39.363],[125.198,39.198],[125.0,39.0],[125.0,38.75],[124.75,38.5],[124.75,38.25],[124.856,38.144],[124.731,37.75],[125.387,37.25],[125.5,37.037],[125.613,36.0],[125.424,35.0],[125.137,34.5],[125.25,34.266],[125.75,34.092],[126.338,33.75],[126.079,33.5],[125.964,33.25],[126.25,33.051],[126.75,33.0],[127.0,33.25],[126.98,33.52],[127.665,34.25],[128.049,34.5],[128.5,34.593],[128.75,34.842],[129.016,35.0],[129.25,35.0],[129.5,35.25],[129.5,36.5],[129.75,36.75],[129.5,37.0],[129.5,37.25],[129.25,37.5],[129.25,37.75],[127.75,39.25],[127.5,39.25],[127.75,39.5],[127.5,39.75],[128.25,39.75],[128.75,40.25],[129.0,40.25],[130.0,41.25],[129.798,41.452],[130.494,42.0],[131.25,42.325],[131.891,42.75],[132.25,42.733],[133.0,42.432],[133.75,42.267],[134.5,42.389],[134.75,42.278],[135.0,42.274],[135.25,42.873],[135.75,43.504],[136.5,43.918],[137.25,44.805],[137.5,44.943],[137.75,44.99],[138.0,45.519],[138.25,45.724],[139.25,45.443],[139.433,45.25],[139.383,45.0],[139.216,44.75],[139.0,44.584],[138.657,44.5],[138.543,44.25],[139.147,43.5],[139.199,43.25],[138.925,42.75],[138.712,42.5],[138.0,42.088],[137.25,41.356],[137.0,41.218],[135.75,40.829],[135.25,39.998],[135.096,39.5],[134.772,39.0],[134.712,38.75],[134.75,38.709],[135.75,38.285],[136.149,37.75],[136.254,37.5],[135.903,37.25],[134.25,36.434],[133.5,36.173],[133.434,36.184],[133.5,36.25],[133.25,36.5],[133.0,36.25],[133.139,36.111],[133.0,36.159],[132.805,36.0],[132.75,35.823],[132.505,35.5],[132.059,35.0],[131.75,34.75],[131.5,34.75],[131.25,34.5],[131.0,34.5],[130.75,34.25],[130.75,34.0],[130.5,34.0],[130.0,33.5],[129.75,33.5],[129.5,33.5],[129.25,33.25]],[[46.0,80.75],[45.75,80.75],[45.5,80.5],[45.75,80.25],[46.0,80.25],[46.25,80.5],[46.0,80.75]],[[-3.0,58.75],[-2.75,58.856],[-2.442,59.25],[-2.75,59.311],[-2.898,59.25],[-2.889,59.139],[-3.0,59.25],[-3.25,59.25],[-3.5,59.0],[-3.25,58.75],[-3.0,58.75]],[[-6.75,55.25],[-7.0,55.5],[-7.75,55.5],[-8.0,55.25],[-8.5,55.25],[-9.0,54.75],[-8.75,54.5],[-10.0,54.5],[-10.25,54.25],[-10.03,54.03],[-10.0,53.914],[-10.0,53.75],[-10.25,53.5],[-10.0,53.25],[-9.75,53.25],[-9.5,53.0],[-10.0,52.5],[-10.0,52.25],[-10.25,52.0],[-10.25,51.75],[-10.0,51.5],[-9.75,51.5],[-9.5,51.25],[-9.25,51.25],[-9.048,51.452],[-8.5,51.5],[-6.95,52.0],[-6.5,52.0],[-6.428,52.072],[-6.25,52.093],[-5.494,52.5],[-5.238,52.75],[-5.342,53.0],[-5.713,53.25],[-5.851,53.75],[-5.346,54.25],[-5.262,54.5],[-5.368,54.75],[-6.078,55.078],[-6.5,55.5],[-6.75,55.25]],[[-4.75,54.25],[-4.5,54.0],[-4.175,54.25],[-4.5,54.5],[-4.75,54.25]],[[130.0,33.75],[129.75,34.0],[129.5,33.75],[129.75,33.5],[130.0,33.75]],[[-94.234,4.0],[-93.841,4.5],[-93.73,4.75],[-93.686,5.25],[-93.874,5.5],[-94.25,5.546],[-94.5,5.431],[-95.0,5.038],[-95.261,4.75],[-95.361,4.5],[-95.392,4.0],[-95.25,3.749],[-95.0,3.693],[-94.234,4.0]],[[-90.25,-1.116],[-90.5,-1.058],[-90.615,-1.25],[-90.5,-1.371],[-90.25,-1.273],[-90.25,-1.116]],[[-81.25,-21.963],[-81.283,-22.0],[-81.25,-22.027],[-81.25,-21.963]],[[-80.75,-33.668],[-80.819,-33.75],[-80.75,-33.814],[-80.637,-33.75],[-80.75,-33.668]],[[-80.0,-26.206],[-80.033,-26.25],[-80.0,-26.281],[-79.954,-26.25],[-80.0,-26.206]],[[-78.75,-33.489],[-78.76,-33.5],[-78.75,-33.508],[-78.75,-33.489]],[[-63.955,-54.75],[-64.0,-54.642],[-64.25,-54.582],[-64.551,-54.75],[-64.25,-54.807],[-63.955,-54.75]],[[-61.25,-62.5],[-61.5,-62.75],[-61.25,-63.0],[-61.0,-62.75],[-61.25,-62.5]],[[-58.75,-52.25],[-58.563,-52.063],[-58.25,-52.0],[-57.748,-51.5],[-58.25,-50.636],[-58.5,-50.385],[-59.0,-50.105],[-59.5,-50.111],[-60.0,-50.341],[-60.545,-50.75],[-61.084,-51.0],[-60.833,-51.25],[-61.005,-51.5],[-61.298,-51.75],[-61.084,-51.834],[-61.25,-52.0],[-61.0,-52.25],[-58.75,-52.25]],[[-60.5,-62.7],[-60.695,-62.75],[-60.5,-62.788],[-60.346,-62.75],[-60.5,-62.7]],[[-59.75,-62.25],[-60.0,-62.25],[-60.25,-62.5],[-60.0,-62.75],[-59.75,-62.75],[-59.5,-62.5],[-59.75,-62.25]],[[-58.0,-62.25],[-57.877,-62.127],[-57.75,-62.154],[-57.631,-62.0],[-57.799,-61.951],[-58.0,-61.75],[-58.5,-61.75],[-58.75,-62.0],[-59.0,-62.0],[-59.25,-62.25],[-59.0,-62.5],[-58.75,-62.5],[-58.542,-62.292],[-58.0,-62.25]],[[-56.0,-38.471],[-56.205,-38.5],[-56.0,-38.55],[-56.0,-38.471]],[[-35.75,-54.5],[-36.0,-54.25],[-36.329,-54.25],[-36.586,-54.164],[-36.75,-54.0],[-37.25,-54.0],[-37.5,-53.75],[-37.75,-53.75],[-38.0,-54.0],[-37.75,-54.25],[-37.5,-54.25],[-37.25,-54.5],[-36.75,-54.5],[-36.25,-55.0],[-36.0,-55.0],[-35.75,-54.75],[-35.75,-54.5]],[[-35.5,-12.484],[-35.529,-12.5],[-35.5,-12.512],[-35.445,-12.5],[-35.5,-12.484]],[[-32.238,2.25],[-31.75,2.559],[-31.25,3.04],[-31.0,2.858],[-30.75,2.897],[-30.665,3.0],[-30.875,3.5],[-31.068,4.25],[-31.035,4.5],[-30.654,4.75],[-29.75,4.907],[-29.5,5.028],[-29.439,5.25],[-29.514,6.0],[-29.75,6.393],[-30.0,6.532],[-30.5,6.648],[-30.75,7.037],[-31.077,7.25],[-31.25,7.449],[-31.75,7.608],[-32.75,8.086],[-34.0,7.963],[-35.5,7.696],[-36.25,7.684],[-36.75,7.879],[-37.5,7.875],[-38.0,7.602],[-38.331,7.5],[-39.5,7.429],[-39.753,7.25],[-39.649,6.5],[-39.0,5.87],[-38.85,5.5],[-39.0,5.402],[-39.5,5.408],[-39.611,5.25],[-39.554,4.75],[-39.228,4.0],[-39.0,3.864],[-38.5,3.732],[-37.25,4.109],[-37.163,4.0],[-37.06,3.25],[-36.75,2.958],[-36.5,2.828],[-35.25,2.619],[-34.5,2.315],[-34.25,2.397],[-34.137,2.5],[-34.008,2.75],[-33.988,3.0],[-33.75,3.174],[-33.5,3.189],[-33.161,3.0],[-33.087,2.75],[-33.106,2.5],[-32.997,2.25],[-32.75,1.99],[-32.5,1.877],[-32.238,2.25]],[[-30.826,-14.5],[-30.843,-14.25],[-31.0,-14.134],[-31.25,-14.078],[-31.531,-14.25],[-31.292,-14.5],[-31.0,-14.57],[-30.826,-14.5]],[[-30.5,-14.085],[-30.576,-14.25],[-30.37,-14.25],[-30.5,-14.085]],[[-24.75,-18.979],[-23.774,-18.75],[-23.331,-18.5],[-23.294,-18.25],[-23.469,-17.75],[-24.168,-17.0],[-25.0,-16.448],[-26.345,-16.0],[-27.5,-15.77],[-28.25,-15.855],[-29.0,-15.703],[-29.254,-15.75],[-29.09,-16.25],[-28.459,-17.0],[-28.431,-17.5],[-28.343,-17.75],[-28.103,-18.0],[-27.717,-18.25],[-26.62,-18.75],[-25.75,-18.98],[-25.25,-19.029],[-24.75,-18.979]],[[-18.97,0.75],[-19.0,1.335],[-18.75,1.437],[-18.5,1.445],[-18.128,1.75],[-18.236,2.0],[-18.5,2.05],[-18.624,2.0],[-18.75,1.83],[-18.907,2.0],[-19.169,2.5],[-19.5,2.632],[-20.5,2.601],[-20.827,2.5],[-21.05,2.25],[-21.01,2.0],[-20.301,1.25],[-19.983,1.0],[-19.5,0.725],[-19.25,0.664],[-18.97,0.75]],[[45.75,-25.5],[46.0,-25.5],[46.25,-25.25],[47.0,-25.25],[47.25,-25.0],[47.25,-24.75],[47.5,-24.5],[47.5,-24.0],[47.75,-23.75],[47.75,-23.25],[48.0,-23.0],[48.0,-22.5],[48.25,-22.25],[48.25,-21.75],[48.5,-21.5],[48.5,-20.75],[48.75,-20.5],[48.75,-20.25],[49.0,-20.0],[49.0,-19.5],[49.25,-19.25],[49.25,-18.75],[49.5,-18.5],[49.5,-17.25],[50.0,-16.75],[50.0,-16.25],[49.75,-16.0],[49.75,-15.903],[49.814,-15.814],[50.0,-16.0],[50.25,-16.0],[50.5,-15.75],[50.5,-15.0],[50.25,-14.75],[50.25,-13.5],[50.0,-13.25],[50.0,-13.0],[49.782,-12.782],[49.75,-12.5],[49.5,-12.25],[49.5,-12.0],[49.25,-11.75],[49.027,-11.973],[48.75,-12.078],[48.5,-12.08],[47.466,-11.75],[47.412,-11.5],[47.25,-11.35],[46.25,-11.107],[45.75,-10.911],[45.5,-10.722],[44.828,-10.0],[44.382,-9.25],[44.0,-8.894],[43.75,-8.779],[43.5,-8.887],[43.172,-9.5],[43.115,-9.75],[43.32,-10.5],[43.318,-11.0],[43.274,-11.274],[43.0,-11.5],[43.0,-11.75],[43.25,-12.0],[43.379,-11.871],[43.679,-12.0],[43.59,-12.25],[43.75,-12.408],[43.953,-12.25],[44.0,-12.033],[44.326,-12.174],[44.25,-12.25],[44.5,-12.5],[44.75,-12.25],[44.696,-12.196],[44.75,-12.118],[45.0,-12.003],[45.068,-12.25],[44.91,-12.75],[45.347,-13.25],[45.464,-14.0],[45.236,-14.5],[44.5,-15.361],[44.25,-15.746],[44.085,-16.25],[43.937,-17.313],[43.75,-17.5],[43.75,-17.75],[43.972,-17.972],[44.0,-19.0],[44.25,-19.25],[44.25,-19.75],[44.308,-19.808],[43.986,-20.514],[43.75,-20.75],[43.75,-20.936],[43.572,-21.25],[43.5,-21.25],[43.25,-21.5],[43.25,-23.0],[43.5,-23.25],[43.5,-24.25],[43.75,-24.5],[43.75,-24.75],[44.25,-25.25],[44.5,-25.25],[45.0,-25.75],[45.5,-25.75],[45.75,-25.5]],[[54.25,12.25],[54.5,12.5],[54.343,12.657],[54.25,12.866],[54.0,12.843],[53.863,12.75],[53.5,12.75],[53.25,12.5],[53.5,12.25],[54.25,12.25]],[[55.5,-20.75],[55.25,-21.0],[55.25,-21.25],[55.5,-21.5],[55.75,-21.5],[56.0,-21.25],[55.5,-20.75]],[[56.662,1.25],[56.434,1.75],[56.563,2.25],[56.342,3.0],[55.857,4.0],[55.75,4.451],[55.5,4.383],[55.0,3.893],[54.831,3.5],[54.82,3.0],[55.164,2.75],[55.758,1.75],[56.13,1.25],[56.5,1.097],[56.662,1.25]],[[57.75,5.835],[57.911,6.0],[58.0,6.679],[58.25,7.147],[58.226,7.5],[58.035,8.25],[57.75,8.595],[57.0,9.14],[56.5,9.445],[56.25,9.367],[55.942,8.5],[55.928,8.25],[56.011,7.75],[56.25,7.049],[56.75,6.185],[57.5,5.864],[57.75,5.835]],[[58.0,-20.25],[57.75,-20.0],[57.5,-20.0],[57.25,-20.25],[57.25,-20.5],[57.5,-20.75],[58.0,-20.25]],[[61.5,10.862],[61.605,11.0],[61.5,11.711],[61.25,12.175],[61.0,12.108],[60.909,12.0],[60.739,11.75],[60.713,11.5],[60.914,10.75],[61.0,10.657],[61.25,10.71],[61.5,10.862]],[[63.5,-19.5],[63.25,-19.75],[63.5,-20.0],[63.75,-19.75],[63.5,-19.5]],[[69.75,-49.5],[69.681,-49.431],[69.75,-49.272],[70.0,-49.5],[70.25,-49.25],[70.0,-49.0],[69.754,-49.246],[69.217,-48.967],[69.0,-48.75],[68.75,-49.0],[68.75,-49.25],[69.0,-49.5],[69.25,-49.5],[69.5,-49.75],[69.75,-49.5]],[[71.75,-5.04],[71.559,-5.25],[71.75,-5.405],[71.98,-5.25],[71.75,-5.04]],[[73.66,0.5],[73.466,1.0],[73.25,1.348],[72.75,1.623],[72.5,1.608],[72.323,1.5],[72.31,1.25],[72.42,1.0],[72.778,0.5],[73.25,0.166],[73.66,0.5]],[[92.5,11.0],[92.25,10.75],[92.5,10.5],[92.75,10.75],[92.5,11.0]],[[94.077,7.25],[93.905,7.75],[93.99,8.0],[93.977,8.25],[93.932,8.5],[93.75,8.706],[93.25,8.486],[93.183,8.25],[93.25,8.163],[93.386,8.136],[93.25,8.0],[93.5,7.75],[93.67,7.92],[93.72,7.75],[93.588,7.088],[93.5,7.0],[93.75,6.75],[94.0,7.0],[94.077,7.25]],[[132.25,-65.736],[132.203,-65.75],[132.25,-65.826],[132.293,-65.75],[132.25,-65.736]],[[144.25,-39.75],[144.0,-39.5],[143.75,-39.75],[143.75,-40.0],[144.0,-40.25],[144.25,-40.0],[144.25,-39.75]],[[147.0,-40.75],[146.75,-41.0],[146.108,-41.0],[145.75,-40.75],[145.528,-40.75],[145.0,-40.493],[144.882,-40.632],[144.75,-40.5],[144.5,-40.75],[144.5,-41.25],[144.75,-41.5],[144.75,-41.75],[145.25,-42.25],[145.25,-42.75],[146.25,-43.75],[146.75,-43.75],[147.0,-43.5],[147.25,-43.75],[147.5,-43.5],[147.304,-43.304],[148.048,-43.0],[148.483,-42.25],[148.555,-42.0],[148.5,-41.0],[148.25,-40.75],[147.0,-40.75]],[[148.5,-40.5],[148.409,-40.409],[148.446,-40.0],[148.25,-39.804],[148.0,-39.694],[147.75,-40.0],[148.0,-40.25],[148.054,-40.196],[148.172,-40.328],[148.0,-40.5],[148.25,-40.75],[148.5,-40.5]],[[154.25,-4.374],[154.207,-4.5],[154.25,-4.547],[154.316,-4.5],[154.25,-4.374]],[[155.75,-7.198],[155.962,-7.0],[156.138,-6.75],[156.125,-6.5],[156.0,-6.359],[155.466,-5.25],[155.373,-5.0],[155.392,-4.75],[155.25,-4.399],[155.0,-4.285],[154.524,-5.0],[154.57,-5.18],[154.5,-5.25],[154.5,-5.5],[154.616,-5.616],[154.616,-5.75],[155.0,-6.387],[155.0,-6.5],[155.507,-7.0],[155.434,-7.25],[155.5,-7.306],[155.75,-7.198]],[[162.25,-20.676],[162.25,-20.771],[162.309,-20.75],[162.25,-20.676]],[[166.25,-50.735],[166.235,-50.75],[166.25,-50.763],[166.25,-50.735]],[[168.0,-47.25],[168.149,-47.101],[168.75,-46.876],[169.181,-46.75],[169.5,-46.75],[169.571,-46.679],[171.0,-46.232],[171.75,-46.148],[172.5,-45.928],[173.25,-45.82],[174.25,-45.884],[174.72,-45.75],[174.75,-45.444],[173.569,-43.75],[173.495,-43.5],[173.562,-42.688],[173.75,-42.5],[173.829,-42.25],[174.0,-42.25],[174.25,-42.0],[174.263,-41.75],[174.5,-41.645],[175.0,-41.614],[175.381,-41.631],[175.5,-41.75],[176.5,-40.75],[176.5,-40.5],[176.75,-40.5],[177.0,-40.25],[177.0,-40.0],[177.25,-39.75],[177.0,-39.5],[177.25,-39.25],[177.75,-39.25],[178.0,-39.0],[178.0,-38.75],[178.25,-38.75],[178.5,-38.5],[178.5,-37.75],[178.25,-37.481],[177.841,-37.25],[177.601,-37.0],[177.25,-36.319],[176.404,-35.25],[176.151,-34.75],[175.811,-34.5],[175.25,-34.301],[174.0,-34.158],[173.5,-34.194],[173.083,-34.333],[173.0,-34.25],[172.75,-34.25],[172.5,-34.5],[173.0,-35.0],[173.0,-35.25],[173.75,-36.0],[173.75,-36.25],[174.25,-36.75],[174.25,-37.0],[174.75,-37.5],[174.75,-38.0],[174.5,-38.25],[174.5,-38.75],[174.125,-39.0],[173.75,-39.0],[173.5,-39.25],[174.053,-39.75],[174.0,-39.848],[173.75,-40.035],[173.222,-40.25],[172.75,-40.345],[172.542,-40.542],[172.5,-40.5],[172.0,-41.0],[172.0,-41.25],[171.75,-41.5],[171.5,-41.5],[171.25,-41.75],[171.25,-42.0],[171.0,-42.25],[171.0,-42.698],[170.947,-42.75],[170.75,-42.75],[170.465,-43.0],[170.25,-43.0],[169.75,-43.5],[169.25,-43.5],[169.0,-43.75],[168.75,-43.75],[168.5,-44.0],[168.25,-44.0],[167.508,-44.742],[167.25,-44.75],[166.25,-45.75],[166.25,-46.0],[166.5,-46.25],[166.75,-46.25],[167.0,-46.5],[167.25,-46.5],[167.5,-46.25],[167.75,-46.5],[167.5,-46.75],[167.5,-47.0],[167.25,-47.25],[167.5,-47.5],[167.75,-47.25],[168.0,-47.25]],[[177.75,51.839],[177.903,52.0],[177.75,52.109],[177.642,52.108],[177.5,52.25],[177.25,52.0],[177.5,51.75],[177.75,51.839]],[[144.75,48.771],[144.636,48.75],[144.75,48.674],[144.75,48.771]],[[121.75,20.822],[121.641,20.75],[121.75,20.639],[121.829,20.75],[121.75,20.822]],[[124.275,24.25],[124.25,24.501],[124.0,24.365],[123.882,24.368],[123.75,24.5],[123.5,24.25],[123.648,24.102],[123.601,24.0],[123.75,23.796],[124.0,23.872],[124.275,24.25]],[[125.25,24.857],[125.142,24.75],[125.25,24.575],[125.341,24.75],[125.25,24.857]],[[128.5,26.75],[128.25,27.0],[127.5,26.25],[127.75,26.0],[128.5,26.75]],[[128.75,33.0],[128.5,32.75],[128.75,32.5],[129.0,32.75],[128.75,33.0]],[[129.0,27.768],[128.983,27.75],[129.0,27.728],[129.0,27.768]],[[129.55,28.25],[129.25,28.5],[129.0,28.25],[129.25,28.0],[129.55,28.25]],[[145.75,13.784],[145.882,14.0],[145.5,14.164],[145.25,14.158],[145.147,14.0],[145.25,13.895],[145.75,13.784]],[[146.5,14.665],[146.603,15.0],[146.198,15.25],[145.75,15.393],[145.594,15.25],[145.517,15.0],[145.75,14.77],[146.25,14.65],[146.5,14.665]],[[146.75,44.0],[146.5,43.75],[146.75,43.5],[147.0,43.75],[146.75,44.0]],[[150.25,46.0],[150.014,46.236],[150.25,46.24],[150.25,46.282],[150.0,46.313],[149.88,46.25],[149.5,45.75],[149.75,45.5],[150.25,46.0]],[[152.0,47.087],[151.926,47.0],[152.0,46.979],[152.0,47.087]],[[155.181,49.5],[154.75,49.808],[154.5,49.814],[154.405,49.75],[154.454,49.5],[154.5,49.408],[154.75,49.255],[155.181,49.5]],[[152.0,-9.385],[152.25,-9.059],[152.5,-9.192],[152.75,-9.5],[153.0,-9.25],[153.037,-9.0],[152.75,-8.703],[152.5,-8.596],[152.0,-8.942],[151.75,-8.868],[151.425,-9.0],[151.364,-9.25],[151.5,-9.389],[152.0,-9.385]],[[153.5,-9.17],[153.429,-9.25],[153.5,-9.301],[153.552,-9.25],[153.5,-9.17]],[[150.25,-16.843],[150.31,-16.75],[150.25,-16.651],[149.715,-16.75],[150.25,-16.843]],[[122.076,-10.5],[122.097,-10.25],[122.0,-10.159],[121.607,-10.5],[121.75,-10.617],[122.076,-10.5]],[[122.25,-13.846],[122.446,-13.75],[122.587,-13.5],[122.5,-13.476],[122.0,-13.788],[121.935,-14.0],[122.0,-14.061],[122.25,-13.846]],[[123.25,-11.99],[123.246,-12.0],[123.25,-12.007],[123.25,-11.99]],[[-18.0,28.0],[-18.25,27.75],[-18.0,27.5],[-17.75,27.75],[-18.0,28.0]],[[-17.082,28.0],[-17.25,28.176],[-17.398,28.0],[-17.25,27.66],[-17.082,28.0]],[[-16.25,28.019],[-16.036,28.25],[-16.06,28.44],[-16.0,28.5],[-16.25,28.75],[-16.5,28.5],[-16.75,28.5],[-17.0,28.25],[-16.876,28.126],[-16.89,28.0],[-16.75,27.825],[-16.25,28.019]],[[-15.405,27.5],[-15.222,27.75],[-15.25,28.0],[-15.5,28.25],[-15.75,28.25],[-16.0,28.0],[-15.946,27.946],[-15.836,27.25],[-15.75,27.104],[-15.5,26.941],[-15.447,27.0],[-15.405,27.5]],[[-7.0,57.5],[-7.25,57.75],[-7.5,57.5],[-7.5,57.25],[-7.25,57.0],[-7.0,57.25],[-7.0,57.5]],[[-6.75,61.869],[-6.654,62.0],[-6.5,62.0],[-6.25,62.25],[-6.5,62.5],[-7.25,62.5],[-7.5,62.25],[-7.5,62.0],[-7.25,61.75],[-7.0,61.75],[-6.815,61.935],[-6.75,61.869]],[[-6.75,61.75],[-7.0,61.5],[-6.75,61.25],[-6.5,61.5],[-6.75,61.75]],[[-0.916,60.25],[-0.657,60.75],[-0.843,60.75],[-1.083,60.583],[-1.25,60.75],[-1.5,60.75],[-1.75,60.5],[-1.75,60.25],[-1.5,60.0],[-1.25,60.0],[-0.916,60.25]],[[13.5,67.952],[13.666,68.0],[13.5,68.139],[13.183,68.067],[13.0,68.25],[12.75,68.0],[13.0,67.75],[13.144,67.894],[13.5,67.952]],[[18.75,74.538],[18.623,74.5],[18.75,74.469],[19.0,74.495],[18.75,74.538]],[[33.112,80.112],[33.936,80.25],[33.5,80.419],[33.05,80.45],[33.0,80.5],[32.0,80.434],[31.75,80.368],[31.59,80.25],[31.75,80.123],[32.0,80.057],[33.0,80.0],[33.112,80.112]],[[-60.0,47.845],[-60.213,47.75],[-60.0,47.696],[-59.894,47.75],[-60.0,47.845]],[[-69.0,34.954],[-68.758,35.25],[-68.851,35.75],[-69.0,35.86],[-69.25,35.903],[-69.669,35.75],[-70.0,35.457],[-70.339,35.0],[-70.196,34.75],[-70.0,34.642],[-69.75,34.602],[-69.0,34.954]],[[-83.0,12.26],[-83.08,12.25],[-83.0,12.232],[-83.0,12.26]],[[-81.25,14.539],[-81.33,14.5],[-81.25,14.443],[-81.208,14.5],[-81.25,14.539]],[[-68.5,12.008],[-68.315,12.25],[-68.5,12.374],[-68.685,12.25],[-68.75,12.078],[-69.25,12.383],[-69.434,12.25],[-69.25,12.005],[-69.0,11.811],[-68.5,12.008]],[[-67.75,12.076],[-67.857,12.0],[-67.75,11.858],[-67.516,12.0],[-67.75,12.076]],[[-66.538,11.75],[-66.75,11.918],[-67.152,11.75],[-67.0,11.527],[-66.75,11.517],[-66.538,11.75]],[[-66.25,11.845],[-66.433,11.75],[-66.25,11.598],[-66.148,11.75],[-66.25,11.845]],[[-65.0,17.846],[-65.159,17.75],[-65.0,17.663],[-64.783,17.75],[-65.0,17.846]],[[-64.457,11.75],[-64.5,11.782],[-64.75,11.846],[-64.918,11.75],[-64.75,11.604],[-64.457,11.75]],[[-62.75,17.031],[-62.59,17.25],[-63.0,17.595],[-63.25,17.63],[-63.5,17.586],[-63.608,17.5],[-63.5,17.334],[-63.0,17.079],[-62.75,17.031]],[[-61.869,15.869],[-61.75,15.75],[-61.502,15.998],[-61.25,16.0],[-61.0,16.25],[-61.25,16.5],[-61.75,16.5],[-61.823,16.427],[-62.448,16.25],[-62.707,16.0],[-61.869,15.869]],[[-61.75,11.857],[-61.634,12.0],[-61.621,12.25],[-61.42,12.5],[-61.411,12.75],[-61.178,13.0],[-61.112,13.25],[-61.25,13.413],[-61.727,13.25],[-61.697,13.0],[-61.962,12.75],[-61.978,12.5],[-62.318,12.25],[-62.445,12.0],[-62.0,11.831],[-61.75,11.857]],[[-60.75,11.313],[-60.892,11.25],[-60.75,11.163],[-60.691,11.25],[-60.75,11.313]],[[-59.75,13.278],[-59.801,13.25],[-59.75,13.195],[-59.75,13.278]],[[-40.0,27.627],[-39.25,27.748],[-37.75,28.356],[-36.5,28.742],[-35.871,29.25],[-35.313,29.5],[-34.75,29.611],[-34.0,29.638],[-33.0,29.777],[-32.0,30.183],[-31.25,30.335],[-30.317,30.75],[-28.5,31.39],[-27.226,31.5],[-26.0,31.993],[-25.25,32.458],[-24.0,33.047],[-23.5,33.167],[-22.75,33.61],[-21.75,34.03],[-20.25,34.506],[-18.291,35.0],[-17.195,35.75],[-16.239,36.25],[-15.75,36.371],[-14.799,37.0],[-14.5,37.3],[-14.0,37.654],[-13.399,38.0],[-13.172,38.25],[-13.0,38.648],[-12.593,38.75],[-12.605,39.25],[-12.16,39.75],[-12.42,40.0],[-13.25,40.35],[-13.75,40.502],[-14.75,40.648],[-15.25,40.619],[-16.0,40.391],[-16.75,40.276],[-17.5,40.416],[-18.25,40.709],[-19.25,40.822],[-19.664,40.75],[-20.0,40.602],[-20.25,40.591],[-20.59,40.75],[-21.25,40.852],[-21.581,41.0],[-22.25,41.075],[-22.574,41.0],[-22.75,40.841],[-23.0,40.774],[-24.0,40.775],[-25.5,40.51],[-26.5,40.248],[-26.75,40.258],[-27.288,40.5],[-27.75,40.88],[-28.0,40.972],[-28.25,40.961],[-28.5,40.923],[-29.0,40.609],[-30.25,40.195],[-31.0,40.095],[-31.25,39.971],[-31.75,39.298],[-32.5,39.087],[-33.0,38.865],[-33.25,38.81],[-33.5,38.831],[-33.75,38.947],[-34.0,38.949],[-34.79,38.75],[-35.127,38.5],[-35.117,38.25],[-35.906,37.75],[-35.98,37.5],[-37.206,36.25],[-38.5,35.627],[-39.866,35.25],[-40.302,35.0],[-40.565,34.75],[-40.775,34.5],[-40.755,34.25],[-40.312,33.75],[-40.206,33.5],[-40.299,33.25],[-40.595,33.0],[-41.0,32.503],[-41.25,32.381],[-41.75,32.362],[-42.023,32.25],[-42.25,32.06],[-42.75,31.894],[-43.0,31.907],[-43.574,31.75],[-44.167,31.25],[-44.435,30.75],[-45.271,29.75],[-46.39,29.25],[-46.658,29.0],[-46.77,28.75],[-46.25,28.412],[-45.75,28.326],[-44.25,28.493],[-43.5,28.447],[-42.25,27.971],[-41.5,27.861],[-40.75,27.661],[-40.0,27.627]],[[-179.75,-11.637],[-179.96,-11.75],[-179.75,-11.867],[-179.662,-11.75],[-179.75,-11.637]],[[-179.75,-18.617],[-179.819,-18.75],[-179.75,-18.807],[-179.689,-18.75],[-179.75,-18.617]],[[-179.25,-18.072],[-179.405,-18.25],[-179.25,-18.294],[-179.179,-18.25],[-179.25,-18.072]],[[-178.754,51.75],[-178.75,51.735],[-178.741,51.75],[-178.754,51.75]],[[-178.358,-18.5],[-178.5,-18.346],[-178.634,-18.5],[-178.693,-18.75],[-178.5,-18.878],[-178.358,-18.5]],[[-178.25,-14.162],[-178.369,-14.25],[-178.25,-14.366],[-178.156,-14.25],[-178.25,-14.162]],[[-176.5,-43.75],[-176.75,-44.0],[-176.5,-44.25],[-176.25,-44.0],[-176.5,-43.75]],[[-175.25,-20.905],[-175.334,-21.0],[-175.25,-21.144],[-175.022,-21.0],[-175.25,-20.905]],[[-174.594,-20.5],[-174.582,-20.25],[-174.329,-19.75],[-174.5,-19.603],[-174.786,-19.75],[-175.198,-20.25],[-175.224,-20.5],[-175.0,-20.669],[-174.75,-20.665],[-174.594,-20.5]],[[-173.754,52.25],[-174.0,52.351],[-174.25,52.358],[-174.44,52.25],[-174.25,52.066],[-174.0,52.104],[-173.754,52.25]],[[-174.0,-18.652],[-174.143,-18.75],[-174.0,-18.837],[-173.924,-18.75],[-174.0,-18.652]],[[-172.0,-13.5],[-172.25,-13.25],[-172.75,-13.25],[-173.0,-13.5],[-172.5,-14.0],[-172.25,-14.0],[-172.0,-13.75],[-172.0,-13.5]],[[-171.5,-13.75],[-171.75,-13.75],[-172.0,-14.0],[-171.75,-14.25],[-171.5,-14.25],[-171.25,-14.0],[-171.5,-13.75]],[[-170.75,-14.212],[-170.796,-14.25],[-170.75,-14.285],[-170.75,-14.212]],[[-170.25,57.5],[-170.449,57.25],[-170.25,57.094],[-170.022,57.25],[-170.25,57.5]],[[-168.75,53.25],[-169.0,53.0],[-168.75,52.75],[-168.5,53.0],[-168.75,53.25]],[[-164.954,54.25],[-165.5,54.331],[-165.659,54.25],[-165.5,54.16],[-164.954,54.25]],[[-159.75,-21.0],[-160.0,-21.25],[-159.75,-21.5],[-159.5,-21.25],[-159.75,-21.0]],[[-158.0,-8.928],[-158.089,-9.0],[-158.0,-9.068],[-157.939,-9.0],[-158.0,-8.928]],[[-157.5,2.066],[-157.566,2.0],[-157.5,1.894],[-157.417,2.0],[-157.5,2.066]],[[-157.25,2.0],[-157.5,1.75],[-157.25,1.5],[-157.0,1.75],[-157.25,2.0]],[[-156.25,21.0],[-156.5,20.75],[-156.25,20.5],[-156.0,20.75],[-156.25,21.0]],[[-155.25,19.25],[-155.0,19.25],[-154.75,19.5],[-155.5,20.25],[-155.75,20.25],[-156.25,19.75],[-156.0,19.5],[-156.0,19.0],[-155.75,18.75],[-155.25,19.25]],[[-151.25,-16.392],[-151.0,-16.479],[-150.814,-16.25],[-150.667,-16.0],[-150.75,-15.847],[-151.0,-15.791],[-151.25,-15.913],[-151.567,-16.25],[-151.706,-16.294],[-151.75,-16.25],[-152.0,-16.5],[-151.75,-16.75],[-151.597,-16.597],[-151.618,-16.75],[-151.5,-16.852],[-151.341,-16.75],[-151.25,-16.392]],[[-151.0,-16.5],[-151.25,-16.75],[-151.0,-17.0],[-150.75,-16.75],[-151.0,-16.5]],[[-149.056,-17.694],[-149.0,-17.636],[-148.75,-17.503],[-148.25,-17.365],[-147.25,-17.464],[-146.5,-17.715],[-145.5,-17.677],[-145.284,-17.5],[-144.75,-17.233],[-144.25,-17.232],[-143.75,-17.09],[-143.25,-17.204],[-143.0,-17.137],[-142.859,-17.0],[-142.602,-16.5],[-142.111,-16.0],[-142.042,-15.75],[-142.32,-15.0],[-142.348,-14.75],[-142.262,-14.5],[-142.276,-14.25],[-143.5,-13.969],[-145.022,-13.25],[-144.97,-13.0],[-144.021,-12.75],[-143.884,-12.5],[-143.879,-12.25],[-144.0,-12.093],[-144.25,-12.051],[-144.75,-12.171],[-145.111,-12.5],[-145.097,-12.75],[-145.25,-12.9],[-145.5,-12.967],[-146.019,-13.5],[-146.25,-13.595],[-147.0,-13.695],[-147.25,-13.784],[-148.0,-14.292],[-148.5,-14.719],[-148.75,-14.771],[-149.308,-15.25],[-149.596,-15.75],[-149.822,-16.5],[-149.89,-17.5],[-149.651,-17.651],[-149.75,-17.75],[-149.5,-18.0],[-149.25,-18.0],[-149.0,-17.75],[-149.056,-17.694]],[[-143.802,-18.25],[-143.731,-18.0],[-144.0,-17.905],[-144.25,-17.91],[-144.466,-18.0],[-144.532,-18.25],[-144.5,-18.41],[-144.365,-18.5],[-144.146,-18.5],[-143.802,-18.25]],[[-143.5,-17.436],[-143.651,-17.5],[-143.5,-17.569],[-143.455,-17.5],[-143.5,-17.436]],[[-141.5,-18.533],[-141.25,-18.437],[-140.75,-18.44],[-140.605,-18.25],[-140.513,-17.75],[-140.75,-17.508],[-141.234,-17.75],[-141.25,-18.066],[-141.5,-18.061],[-141.667,-18.0],[-141.515,-17.75],[-141.637,-17.5],[-142.0,-17.425],[-142.25,-17.553],[-142.5,-17.214],[-142.661,-17.5],[-142.376,-17.75],[-142.571,-18.25],[-142.25,-18.389],[-141.934,-18.25],[-141.885,-18.5],[-141.993,-18.75],[-141.75,-18.885],[-141.5,-18.533]],[[-140.25,-15.996],[-140.257,-16.0],[-140.25,-16.004],[-140.25,-15.996]],[[-139.0,-10.0],[-138.75,-9.75],[-139.0,-9.5],[-139.181,-9.681],[-139.382,-9.75],[-139.25,-9.917],[-139.164,-9.836],[-139.0,-10.0]],[[-137.0,-18.24],[-137.011,-18.25],[-137.0,-18.263],[-137.0,-18.24]],[[-131.25,-63.934],[-131.397,-64.0],[-131.25,-64.165],[-131.061,-64.0],[-131.25,-63.934]],[[-118.25,29.256],[-118.5,29.0],[-118.25,28.75],[-118.0,29.0],[-118.25,29.256]],[[-24.75,1.227],[-24.58,1.5],[-24.75,2.526],[-25.0,2.721],[-25.5,2.776],[-26.0,3.023],[-26.25,3.026],[-26.75,2.878],[-26.817,2.75],[-26.823,2.5],[-26.75,2.135],[-26.5,1.654],[-26.0,1.568],[-25.0,1.122],[-24.75,1.227]],[[55.75,-4.405],[55.897,-4.25],[55.968,-4.0],[55.859,-3.75],[55.75,-3.657],[55.5,-3.691],[55.451,-3.75],[55.587,-4.0],[55.411,-4.25],[55.5,-4.54],[55.75,-4.405]],[[73.5,1.843],[73.651,2.0],[73.477,2.75],[73.707,3.0],[73.721,4.25],[73.83,4.5],[73.743,4.75],[73.74,5.25],[73.937,6.25],[73.5,7.774],[73.287,8.0],[73.5,8.111],[73.587,8.25],[73.25,8.371],[73.0,8.663],[72.5,8.64],[72.064,9.75],[72.086,10.0],[72.25,10.027],[72.48,10.25],[72.493,10.75],[72.962,11.25],[73.446,11.5],[73.25,11.576],[73.0,11.973],[72.75,12.118],[72.065,12.25],[72.226,12.5],[72.0,12.657],[71.454,12.25],[71.256,12.0],[71.272,11.75],[71.503,11.5],[71.434,11.25],[71.25,11.143],[71.0,11.108],[70.752,11.25],[70.765,11.5],[70.87,11.75],[70.649,12.0],[69.75,12.182],[68.0,12.238],[67.75,12.547],[67.5,12.7],[67.25,12.751],[66.75,12.689],[66.33,12.5],[65.918,12.0],[65.75,11.365],[65.5,11.23],[65.25,11.333],[64.85,12.0],[64.5,12.277],[64.25,12.277],[64.0,12.096],[63.75,12.026],[63.25,12.15],[63.0,11.84],[62.778,11.0],[62.47,10.75],[61.75,10.386],[61.543,9.5],[61.577,8.75],[61.75,8.51],[62.0,8.472],[62.25,8.237],[62.654,7.0],[62.955,6.5],[63.096,6.0],[63.25,5.672],[63.409,5.5],[63.685,4.75],[63.864,4.5],[64.25,4.183],[64.75,3.22],[65.241,4.5],[65.258,4.75],[65.107,5.25],[65.102,5.5],[65.25,5.865],[65.709,6.5],[65.364,7.25],[64.71,7.75],[64.788,8.0],[65.0,8.036],[65.5,7.844],[65.572,7.75],[65.567,7.5],[66.02,7.0],[66.068,6.75],[66.0,6.582],[65.834,6.5],[65.781,6.25],[65.851,5.75],[66.326,4.75],[66.364,4.25],[66.5,3.952],[66.83,3.75],[67.25,3.732],[67.659,4.0],[67.75,4.162],[68.25,4.538],[68.316,4.75],[68.357,5.5],[68.227,6.25],[68.247,6.5],[68.75,6.61],[69.0,6.527],[69.299,6.25],[69.463,6.0],[69.807,5.0],[70.25,4.256],[71.028,3.5],[72.5,2.384],[72.846,2.0],[73.25,1.786],[73.5,1.843]],[[93.324,12.0],[93.412,12.25],[93.469,13.0],[93.646,13.25],[93.494,13.5],[93.25,13.664],[93.112,13.638],[93.0,13.75],[92.75,13.5],[92.75,13.25],[92.822,13.178],[92.5,12.75],[92.5,11.75],[92.6,11.65],[92.584,11.5],[92.75,11.342],[92.986,11.5],[93.324,12.0]],[[167.25,-22.62],[167.5,-22.683],[167.75,-22.548],[168.171,-22.0],[168.25,-21.728],[169.25,-21.077],[169.305,-20.75],[169.521,-20.5],[169.75,-20.462],[170.137,-20.0],[170.383,-19.5],[170.381,-19.25],[169.651,-17.25],[169.5,-17.179],[169.336,-17.25],[169.157,-17.5],[169.0,-17.575],[168.75,-17.527],[168.72,-16.75],[168.456,-16.456],[168.412,-16.088],[168.5,-16.0],[168.342,-15.842],[168.25,-15.55],[168.215,-15.0],[167.954,-14.75],[168.094,-14.5],[168.0,-14.394],[167.75,-14.356],[167.703,-14.297],[167.75,-14.25],[167.569,-14.0],[167.691,-13.75],[167.5,-13.429],[166.5,-13.043],[166.052,-13.25],[166.049,-13.75],[166.316,-14.5],[166.25,-15.333],[165.75,-15.223],[165.372,-15.25],[165.25,-15.792],[164.777,-16.0],[164.5,-16.354],[164.0,-16.824],[163.5,-16.906],[163.325,-17.0],[163.241,-17.25],[163.0,-17.415],[162.5,-17.607],[162.25,-17.613],[161.75,-17.403],[161.5,-17.488],[161.25,-17.713],[161.0,-17.737],[160.75,-17.674],[160.25,-17.352],[160.0,-17.311],[159.75,-17.367],[159.458,-17.75],[159.0,-18.069],[158.871,-18.25],[158.866,-18.5],[158.941,-18.75],[158.899,-19.0],[159.0,-19.076],[159.11,-19.0],[159.145,-18.75],[159.25,-18.626],[159.5,-18.633],[159.595,-18.75],[159.757,-19.25],[160.0,-19.4],[160.25,-19.197],[160.5,-19.504],[161.0,-19.543],[162.0,-19.975],[162.5,-20.532],[163.0,-20.59],[163.75,-21.06],[164.5,-21.074],[164.631,-21.25],[165.25,-21.75],[165.5,-21.75],[166.5,-22.613],[167.0,-22.811],[167.25,-22.62]],[[168.0,-28.941],[167.962,-29.0],[168.0,-29.038],[168.049,-29.0],[168.0,-28.941]],[[169.0,-22.166],[168.955,-22.25],[169.043,-22.25],[169.0,-22.166]],[[171.016,8.5],[171.06,8.75],[171.0,8.81],[170.65,8.75],[170.75,8.603],[170.946,8.5],[170.827,8.25],[171.0,8.159],[171.118,8.25],[171.016,8.5]],[[171.75,7.148],[171.592,7.0],[171.75,6.926],[171.829,7.0],[171.75,7.148]],[[172.75,3.295],[172.705,3.25],[172.75,3.194],[172.896,3.25],[172.75,3.295]],[[173.0,1.008],[172.995,1.0],[173.0,0.995],[173.0,1.008]],[[173.5,0.296],[173.463,0.25],[173.5,0.215],[173.559,0.25],[173.5,0.296]],[[174.75,-1.171],[174.644,-1.25],[175.0,-1.611],[175.113,-1.5],[174.75,-1.171]],[[129.25,34.5],[129.0,34.25],[129.25,34.0],[129.5,34.25],[129.25,34.5]],[[-18.0,28.643],[-18.059,28.5],[-18.0,28.416],[-17.839,28.5],[-18.0,28.643]],[[-17.75,29.0],[-18.0,28.75],[-17.75,28.5],[-17.5,28.75],[-17.75,29.0]],[[-16.75,32.75],[-17.0,33.0],[-17.364,32.75],[-17.298,32.5],[-17.0,32.47],[-16.75,32.75]],[[-16.5,33.016],[-16.524,33.0],[-16.5,32.979],[-16.5,33.016]],[[-65.0,32.341],[-65.064,32.25],[-65.0,32.164],[-64.776,32.25],[-65.0,32.341]],[[-64.37,18.5],[-64.5,18.69],[-64.991,18.5],[-64.75,18.304],[-64.5,18.346],[-64.37,18.5]],[[-63.0,18.257],[-63.25,18.312],[-63.393,18.25],[-63.385,18.0],[-63.25,17.884],[-63.0,17.948],[-63.0,18.257]],[[-62.25,16.837],[-62.357,16.75],[-62.25,16.676],[-62.209,16.75],[-62.25,16.837]],[[-61.5,25.768],[-61.0,26.041],[-60.75,25.944],[-60.5,25.987],[-60.0,26.399],[-59.5,26.423],[-59.0,26.6],[-58.5,26.546],[-58.25,26.71],[-57.75,26.773],[-56.25,26.698],[-55.75,26.446],[-55.5,26.469],[-54.75,26.773],[-54.25,26.803],[-53.5,26.6],[-53.39,26.5],[-53.25,26.19],[-53.0,26.009],[-52.75,26.036],[-52.418,26.25],[-52.0,26.83],[-51.75,26.952],[-51.0,26.956],[-50.25,26.879],[-49.5,26.971],[-49.0,27.218],[-48.625,27.5],[-48.459,27.75],[-48.524,28.25],[-48.358,28.75],[-48.447,29.0],[-48.5,29.01],[-49.25,28.689],[-49.75,28.688],[-50.5,28.41],[-51.723,28.25],[-52.147,28.0],[-52.25,27.872],[-52.5,27.813],[-52.75,27.854],[-54.0,28.5],[-54.75,28.617],[-56.75,28.437],[-57.418,28.25],[-58.25,27.904],[-59.25,27.705],[-61.0,27.6],[-61.5,27.511],[-62.0,27.268],[-62.25,26.703],[-62.75,26.344],[-63.028,26.25],[-62.652,26.0],[-62.0,25.744],[-61.5,25.768]],[[-61.5,15.128],[-61.401,15.25],[-61.359,15.5],[-61.5,15.658],[-62.0,15.573],[-62.214,15.5],[-62.477,15.25],[-61.5,15.128]],[[-61.25,14.124],[-61.458,14.0],[-61.524,13.75],[-61.184,13.684],[-61.0,13.5],[-60.75,13.75],[-60.75,14.0],[-61.0,14.25],[-61.162,14.088],[-61.25,14.124]],[[-60.75,14.5],[-60.75,14.75],[-61.0,15.0],[-61.138,14.862],[-62.223,14.75],[-61.997,14.5],[-61.25,14.335],[-61.121,14.371],[-61.0,14.25],[-60.75,14.5]],[[-24.75,62.505],[-22.436,63.0],[-20.321,63.25],[-18.25,63.25],[-18.0,63.5],[-17.75,63.5],[-17.633,63.617],[-16.908,63.75],[-16.5,63.75],[-16.25,64.0],[-15.75,64.0],[-15.659,64.091],[-15.003,64.25],[-14.75,64.25],[-14.622,64.378],[-14.25,64.5],[-13.937,64.75],[-13.75,64.75],[-13.5,65.0],[-13.601,65.101],[-13.48,65.25],[-13.567,65.433],[-13.5,65.5],[-13.75,65.75],[-13.831,65.75],[-14.0,66.111],[-14.377,66.5],[-15.0,66.72],[-16.5,66.917],[-17.5,66.889],[-19.25,66.68],[-20.25,66.688],[-20.75,66.833],[-21.25,66.827],[-22.75,66.606],[-23.814,66.25],[-24.75,66.105],[-25.5,65.867],[-27.25,65.106],[-28.0,64.38],[-28.739,64.0],[-28.751,63.75],[-28.221,63.25],[-26.5,62.573],[-25.75,62.458],[-24.75,62.505]],[[-179.0,-17.465],[-178.799,-17.25],[-178.78,-17.0],[-179.0,-16.716],[-179.25,-16.766],[-179.662,-17.25],[-179.25,-17.636],[-179.134,-17.5],[-179.0,-17.465]],[[-176.0,51.75],[-175.75,52.0],[-176.0,52.25],[-176.181,52.069],[-176.75,52.0],[-176.82,51.93],[-177.164,51.914],[-177.25,52.0],[-177.355,51.895],[-177.5,51.899],[-177.937,51.937],[-178.0,52.0],[-178.25,51.75],[-178.0,51.5],[-177.911,51.589],[-177.371,51.621],[-177.25,51.5],[-177.149,51.601],[-177.0,51.608],[-176.857,51.607],[-176.75,51.5],[-176.5,51.5],[-176.338,51.662],[-176.0,51.75]],[[-176.25,-13.126],[-176.4,-13.25],[-176.25,-13.371],[-176.141,-13.25],[-176.25,-13.126]],[[-172.5,52.5],[-172.75,52.25],[-172.5,52.0],[-172.25,52.25],[-172.5,52.5]],[[-168.25,53.0],[-168.0,53.25],[-167.75,53.0],[-167.5,53.25],[-167.644,53.394],[-167.197,53.447],[-167.0,53.25],[-166.75,53.25],[-166.5,53.5],[-166.25,53.5],[-166.0,53.75],[-166.143,53.893],[-165.906,54.0],[-166.0,54.07],[-166.25,54.077],[-166.75,54.0],[-167.109,53.641],[-167.25,53.588],[-167.836,53.586],[-168.0,53.75],[-168.497,53.247],[-168.25,53.0]],[[-159.5,22.25],[-159.75,22.25],[-160.0,22.0],[-159.75,21.75],[-159.5,21.75],[-159.25,22.0],[-159.5,22.25]],[[-158.0,21.75],[-158.25,21.75],[-158.5,21.5],[-158.25,21.25],[-158.0,21.25],[-157.75,21.5],[-158.0,21.75]],[[-157.0,21.0],[-157.25,20.75],[-157.0,20.5],[-156.75,20.75],[-157.0,21.0]],[[-154.75,56.624],[-154.83,56.5],[-154.75,56.425],[-154.521,56.5],[-154.75,56.624]],[[-141.5,-17.208],[-141.545,-17.25],[-141.5,-17.34],[-141.5,-17.208]],[[-141.25,-14.245],[-141.263,-14.25],[-141.25,-14.254],[-141.25,-14.245]],[[-140.75,-7.996],[-140.754,-8.0],[-140.75,-8.004],[-140.75,-7.996]],[[-140.156,-8.75],[-140.25,-8.681],[-140.454,-8.75],[-140.34,-9.0],[-140.25,-9.062],[-140.156,-8.75]],[[-25.25,7.11],[-23.75,7.636],[-23.25,7.302],[-22.931,7.5],[-22.75,7.887],[-22.75,8.134],[-23.0,8.483],[-23.25,8.374],[-23.75,7.868],[-24.0,7.826],[-24.5,8.425],[-25.0,8.516],[-25.269,8.5],[-25.5,9.192],[-25.75,9.233],[-26.01,9.0],[-25.855,8.75],[-25.985,8.5],[-26.25,8.46],[-26.5,8.598],[-26.75,8.506],[-26.916,8.0],[-26.75,7.812],[-26.473,7.75],[-26.091,7.25],[-25.75,7.064],[-25.25,7.11]],[[73.75,11.188],[73.551,11.0],[73.75,10.815],[73.917,11.0],[73.75,11.188]],[[160.25,-11.351],[160.0,-11.25],[159.75,-11.5],[160.0,-11.75],[160.172,-11.578],[160.5,-11.845],[160.602,-11.75],[160.25,-11.351]],[[162.26,-10.51],[162.0,-10.082],[161.88,-10.0],[161.982,-9.75],[161.634,-9.616],[161.75,-9.5],[161.552,-9.302],[161.25,-8.797],[160.907,-8.0],[160.718,-7.25],[160.5,-7.076],[160.25,-7.134],[160.0,-7.059],[159.842,-6.75],[159.5,-6.562],[159.0,-6.81],[158.5,-6.695],[158.25,-6.786],[158.117,-7.0],[158.0,-7.451],[157.946,-7.25],[157.722,-7.0],[157.25,-6.073],[156.75,-5.712],[156.5,-5.77],[156.346,-6.25],[156.327,-6.673],[156.25,-6.75],[156.644,-7.144],[156.5,-7.115],[156.373,-7.5],[156.354,-7.75],[156.5,-8.28],[156.733,-7.983],[157.015,-8.265],[157.058,-8.5],[157.25,-8.678],[157.5,-8.66],[157.75,-8.75],[158.0,-8.726],[158.25,-8.64],[158.302,-8.5],[158.078,-7.75],[158.25,-7.653],[158.551,-7.699],[158.5,-7.75],[159.0,-8.25],[159.165,-8.25],[159.25,-8.352],[159.344,-8.344],[159.555,-8.555],[159.5,-8.837],[159.25,-8.749],[159.0,-8.823],[158.901,-9.0],[159.395,-9.25],[159.75,-9.912],[160.25,-10.16],[160.5,-10.137],[160.75,-10.0],[161.0,-9.75],[160.992,-9.5],[160.926,-9.426],[161.007,-9.5],[161.049,-9.75],[161.031,-10.25],[161.291,-10.459],[161.25,-10.5],[161.5,-10.75],[161.75,-10.75],[162.0,-11.0],[162.25,-11.0],[162.5,-10.75],[162.26,-10.51]],[[164.6,47.25],[164.5,47.501],[164.25,47.354],[164.198,47.25],[164.349,47.0],[164.5,46.907],[164.6,47.25]],[[165.5,11.319],[165.616,11.5],[165.5,11.618],[165.25,11.712],[164.85,11.5],[165.0,11.325],[165.25,11.207],[165.5,11.319]],[[166.0,9.878],[166.141,10.0],[166.0,10.251],[165.452,10.0],[165.75,9.888],[166.0,9.878]],[[166.0,-11.0],[166.25,-10.75],[166.141,-10.641],[166.185,-10.5],[166.456,-10.25],[166.25,-9.812],[166.0,-9.777],[165.643,-10.25],[165.68,-10.5],[165.578,-10.75],[165.75,-10.897],[165.909,-10.909],[166.0,-11.0]],[[166.75,-11.434],[166.69,-11.25],[166.5,-11.042],[166.29,-11.25],[166.75,-11.569],[166.872,-11.5],[166.75,-11.434]],[[167.0,-9.595],[166.795,-9.75],[167.0,-9.91],[167.164,-9.75],[167.0,-9.595]],[[167.75,8.808],[167.951,9.0],[167.831,9.25],[167.5,9.505],[167.0,9.483],[166.792,9.25],[167.25,8.839],[167.5,8.772],[167.75,8.808]],[[167.5,-10.208],[167.455,-10.25],[167.5,-10.286],[167.5,-10.208]],[[168.261,8.25],[168.25,8.266],[168.21,8.0],[168.25,7.917],[168.3,8.0],[168.261,8.25]],[[168.75,7.538],[168.715,7.5],[168.75,7.46],[168.869,7.5],[168.75,7.538]],[[169.497,6.25],[169.5,6.241],[169.506,6.25],[169.497,6.25]],[[170.135,9.5],[170.0,9.591],[169.791,9.5],[169.682,9.25],[170.0,9.079],[170.135,9.5]],[[173.25,52.784],[173.364,53.0],[173.25,53.107],[172.941,53.059],[172.75,53.25],[172.5,53.0],[172.75,52.75],[172.922,52.922],[172.99,52.75],[173.25,52.784]],[[173.801,52.5],[173.469,52.5],[173.5,52.474],[173.801,52.5]],[[-179.0,51.281],[-179.02,51.25],[-179.0,51.233],[-178.959,51.25],[-179.0,51.281]],[[-23.5,13.573],[-23.383,13.75],[-23.324,14.25],[-23.062,15.0],[-23.061,15.25],[-23.25,15.474],[-23.653,15.403],[-23.75,15.5],[-24.0,15.25],[-24.0,14.771],[-24.25,15.154],[-24.5,15.209],[-24.861,14.75],[-24.75,14.383],[-24.5,14.253],[-24.25,14.279],[-24.07,13.75],[-23.75,13.505],[-23.5,13.573]],[[-22.625,16.0],[-22.75,16.157],[-23.0,16.098],[-23.077,16.0],[-23.012,15.75],[-22.75,15.702],[-22.625,16.0]],[[157.0,-4.6],[156.824,-4.75],[157.0,-4.882],[157.121,-4.75],[157.0,-4.6]],[[157.75,12.842],[157.573,12.75],[157.75,12.601],[157.88,12.75],[157.75,12.842]],[[158.416,6.834],[158.48,7.0],[158.25,7.217],[158.005,7.0],[158.0,6.75],[158.25,6.5],[158.5,6.75],[158.416,6.834]],[[159.25,-5.932],[159.0,-5.846],[158.932,-6.0],[159.0,-6.084],[159.25,-6.371],[159.335,-6.25],[159.25,-5.932]],[[160.75,10.286],[161.0,10.308],[161.5,10.586],[161.711,10.75],[161.75,10.873],[162.035,11.0],[162.25,11.021],[162.446,11.25],[162.397,11.5],[162.25,11.642],[162.031,11.5],[162.0,11.388],[161.5,11.05],[160.75,10.913],[160.328,10.75],[160.245,10.5],[160.75,10.286]],[[161.223,9.75],[161.0,9.982],[160.701,9.75],[161.0,9.561],[161.223,9.75]],[[166.0,47.38],[165.876,47.25],[166.0,47.114],[166.064,47.25],[166.0,47.38]],[[165.75,9.191],[165.62,9.0],[165.75,8.919],[165.87,9.0],[165.75,9.191]],[[166.25,9.094],[166.16,9.0],[166.25,8.942],[166.374,9.0],[166.25,9.094]],[[167.75,55.0],[167.5,54.75],[167.75,54.5],[168.0,54.75],[167.75,55.0]],[[169.211,9.75],[169.242,10.0],[169.0,10.185],[168.706,10.0],[168.706,9.75],[169.0,9.625],[169.211,9.75]],[[169.807,11.25],[169.75,11.305],[169.478,11.25],[169.75,11.178],[169.807,11.25]],[[169.75,10.298],[169.625,10.25],[169.75,10.185],[169.829,10.25],[169.75,10.298]],[[-24.386,16.25],[-24.25,16.28],[-24.149,16.5],[-24.25,16.572],[-24.5,16.468],[-24.75,16.577],[-25.0,16.915],[-25.171,16.829],[-25.0,17.0],[-25.25,17.25],[-25.5,17.0],[-25.276,16.776],[-25.25,16.623],[-25.082,16.5],[-25.0,16.239],[-24.717,16.0],[-24.386,16.25]],[[-23.0,17.0],[-23.25,16.75],[-23.0,16.5],[-22.75,16.75],[-23.0,17.0]],[[159.56,-5.5],[159.363,-5.0],[159.134,-4.75],[159.5,-4.608],[159.577,-4.5],[159.25,-4.222],[159.107,-4.25],[159.0,-4.357],[158.75,-4.349],[158.5,-4.621],[158.457,-4.75],[158.418,-5.0],[158.5,-5.28],[159.25,-5.628],[159.56,-5.5]],[[162.875,47.25],[163.49,47.5],[164.136,48.0],[164.143,48.25],[163.783,48.5],[163.5,48.594],[163.0,48.684],[162.5,48.684],[160.882,48.5],[160.75,48.442],[160.33,48.0],[160.451,47.75],[161.25,47.406],[162.5,47.199],[162.875,47.25]],[[166.75,10.974],[167.158,11.25],[167.0,11.377],[166.75,11.443],[166.5,11.418],[166.077,11.25],[166.008,11.0],[166.25,10.78],[166.75,10.974]],[[166.725,55.0],[166.896,55.25],[166.75,55.469],[166.0,55.5],[165.75,55.25],[166.25,54.75],[166.419,54.919],[166.725,55.0]],[[166.75,55.0],[166.5,54.75],[166.75,54.5],[167.0,54.75],[166.75,55.0]]]},"properties":{"variable":"swh","unit":"m","hvalue":1.25,"min":1.25,"max":2.0,"label":"1.25–2 m","color":"#a7c2e0","band":1}},{"type":"Feature","geometry":{"type":"Polygon","coordinates":[[[40.75,-68.627],[40.873,-68.627],[40.75,-68.75],[40.598,-68.75],[40.75,-68.627]]]},"properties":{"variable":"swh","unit":"m","hvalue":1.25,"min":1.25,"max":2.0,"label":"1.25–2 m","color":"#a7c2e0","band":1}},{"type":"Feature","geometry":{"type":"Polygon","coordinates":[[[164.75,-67.464],[164.788,-67.5],[164.75,-67.535],[164.699,-67.5],[164.75,-67.464]]]},"properties":{"variable":"swh","unit":"m","hvalue":1.25,"min":1.25,"max":2.0,"label":"1.25–2 m","color":"#a7c2e0","band":1}},{"type":"Feature","geometry":{"type":"Polygon","coordinates":[[[48.5,-66.943],[48.557,-66.943],[48.5,-67.096],[48.434,-67.0],[48.5,-66.943]]]},"properties":{"variable":"swh","unit":"m","hvalue":1.25,"min":1.25,"max":2.0,"label":"1.25–2 m","color":"#a7c2e0","band":1}},{"type":"Feature","geometry":{"type":"Polygon","coordinates":[[[107.98,-66.5],[108.25,-66.374],[108.5,-66.365],[109.0,-66.383],[109.402,-66.5],[109.128,-66.75],[108.683,-66.75],[108.391,-66.641],[108.25,-66.5],[107.98,-66.5]]]},"properties":{"variable":"swh","unit":"m","hvalue":1.25,"min":1.25,"max":2.0,"label":"1.25–2 m","color":"#a7c2e0","band":1}},{"type":"Feature","geometry":{"type":"Polygon","coordinates":[[[91.75,-66.479],[92.325,-66.5],[91.75,-66.5],[91.695,-66.5],[91.75,-66.479]]]},"properties":{"variable":"swh","unit":"m","hvalue":1.25,"min":1.25,"max":2.0,"label":"1.25–2 m","color":"#a7c2e0","band":1}},{"type":"Feature","geometry":{"type":"Polygon","coordinates":[[[93.75,-65.807],[94.25,-65.657],[94.75,-65.596],[95.0,-65.487],[95.25,-65.458],[95.294,-65.544],[95.217,-65.75],[95.466,-66.0],[95.0,-66.0],[94.557,-66.25],[94.332,-66.5],[94.0,-66.434],[93.342,-66.0],[93.75,-65.807]]]},"properties":{"variable":"swh","unit":"m","hvalue":1.25,"min":1.25,"max":2.0,"label":"1.25–2 m","color":"#a7c2e0","band":1}},{"type":"Feature","geometry":{"type":"Polygon","coordinates":[[[107.0,-66.401],[107.098,-66.5],[107.0,-66.5],[106.892,-66.392],[107.0,-66.401]]]},"properties":{"variable":"swh","unit":"m","hvalue":1.25,"min":1.25,"max":2.0,"label":"1.25–2 m","color":"#a7c2e0","band":1}},{"type":"Feature","geometry":{"type":"Polygon","coordinates":[[[138.25,-66.269],[138.452,-66.5],[138.25,-66.5],[138.138,-66.5],[138.25,-66.269]]]},"properties":{"variable":"swh","unit":"m","hvalue":1.25,"min":1.25,"max":2.0,"label":"1.25–2 m","color":"#a7c2e0","band":1}},{"type":"Feature","geometry":{"type":"Polygon","coordinates":[[[106.178,-66.25],[105.75,-66.25],[106.0,-66.232],[106.178,-66.25]]]},"properties":{"variable":"swh","unit":"m","hvalue":1.25,"min":1.25,"max":2.0,"label":"1.25–2 m","color":"#a7c2e0","band":1}},{"type":"Feature","geometry":{"type":"Polygon","coordinates":[[[102.25,-65.682],[102.318,-65.682],[102.25,-65.75],[102.129,-65.75],[102.25,-65.682]]]},"properties":{"variable":"swh","unit":"m","hvalue":1.25,"min":1.25,"max":2.0,"label":"1.25–2 m","color":"#a7c2e0","band":1}},{"type":"Feature","geometry":{"type":"Polygon","coordinates":[[[168.0,-46.5],[168.117,-46.617],[167.883,-46.633],[167.75,-46.5],[168.0,-46.5]]]},"properties":{"variable":"swh","unit":"m","hvalue":1.25,"min":1.25,"max":2.0,"label":"1.25–2 m","color":"#a7c2e0","band":1}},{"type":"Feature","geometry":{"type":"Polygon","coordinates":[[[115.388,-7.75],[115.358,-7.25],[115.5,-7.171],[116.0,-7.13],[116.15,-7.25],[116.24,-7.5],[116.249,-7.75],[116.034,-8.466],[115.75,-8.75],[115.75,-8.25],[115.388,-7.75]]]},"properties":{"variable":"swh","unit":"m","hvalue":1.25,"min":1.25,"max":2.0,"label":"1.25–2 m","color":"#a7c2e0","band":1}},{"type":"Feature","geometry":{"type":"Polygon","coordinates":[[[114.5,-7.341],[114.557,-7.5],[114.5,-7.653],[114.415,-7.5],[114.5,-7.341]]]},"properties":{"variable":"swh","unit":"m","hvalue":1.25,"min":1.25,"max":2.0,"label":"1.25–2 m","color":"#a7c2e0","band":1}},{"type":"Feature","geometry":{"type":"Polygon","coordinates":[[[117.0,-5.223],[117.233,-5.0],[117.0,-4.641],[116.5,-4.378],[116.433,-4.25],[116.5,-3.998],[117.25,-3.143],[117.5,-3.042],[117.75,-3.102],[117.963,-3.5],[118.033,-3.75],[118.014,-4.0],[117.494,-4.75],[117.25,-5.298],[117.0,-5.491],[116.859,-5.25],[117.0,-5.223]]]},"properties":{"variable":"swh","unit":"m","hvalue":1.25,"min":1.25,"max":2.0,"label":"1.25–2 m","color":"#a7c2e0","band":1}},{"type":"Feature","geometry":{"type":"Polygon","coordinates":[[[113.25,-4.199],[113.627,-4.25],[113.5,-4.374],[113.25,-4.42],[113.132,-4.25],[113.25,-4.199]]]},"properties":{"variable":"swh","unit":"m","hvalue":1.25,"min":1.25,"max":2.0,"label":"1.25–2 m","color":"#a7c2e0","band":1}},{"type":"Feature","geometry":{"type":"Polygon","coordinates":[[[152.435,-4.25],[152.5,-4.121],[152.5,-4.5],[152.425,-4.425],[152.435,-4.25]]]},"properties":{"variable":"swh","unit":"m","hvalue":1.25,"min":1.25,"max":2.0,"label":"1.25–2 m","color":"#a7c2e0","band":1}},{"type":"Feature","geometry":{"type":"Polygon","coordinates":[[[127.311,-2.75],[127.25,-2.78],[127.25,-2.711],[127.311,-2.75]]]},"properties":{"variable":"swh","unit":"m","hvalue":1.25,"min":1.25,"max":2.0,"label":"1.25–2 m","color":"#a7c2e0","band":1}},{"type":"Feature","geometry":{"type":"Polygon","coordinates":[[[125.5,2.407],[125.75,2.411],[125.855,2.25],[125.799,2.0],[125.5,1.632],[125.25,2.007],[125.5,2.407]]]},"properties":{"variable":"swh","unit":"m","hvalue":1.25,"min":1.25,"max":2.0,"label":"1.25–2 m","color":"#a7c2e0","band":1}},{"type":"Feature","geometry":{"type":"Polygon","coordinates":[[[127.342,5.25],[127.5,5.414],[128.117,5.25],[127.972,5.0],[127.75,4.946],[127.48,5.0],[127.342,5.25]]]},"properties":{"variable":"swh","unit":"m","hvalue":1.25,"min":1.25,"max":2.0,"label":"1.25–2 m","color":"#a7c2e0","band":1}},{"type":"Feature","geometry":{"type":"Polygon","coordinates":[[[67.5,8.138],[67.75,7.775],[67.785,7.5],[67.75,7.416],[67.5,7.433],[67.413,7.75],[67.5,8.138]]]},"properties":{"variable":"swh","unit":"m","hvalue":1.25,"min":1.25,"max":2.0,"label":"1.25–2 m","color":"#a7c2e0","band":1}},{"type":"Feature","geometry":{"type":"Polygon","coordinates":[[[72.75,8.386],[72.825,8.25],[72.75,8.055],[72.506,8.25],[72.75,8.386]]]},"properties":{"variable":"swh","unit":"m","hvalue":1.25,"min":1.25,"max":2.0,"label":"1.25–2 m","color":"#a7c2e0","band":1}},{"type":"Feature","geometry":{"type":"Polygon","coordinates":[[[108.5,9.286],[108.25,9.421],[108.0,9.316],[107.75,9.091],[107.5,9.188],[107.411,9.5],[107.779,10.0],[108.375,10.5],[108.674,11.0],[108.75,11.0],[109.25,11.5],[109.5,12.0],[109.5,12.141],[109.75,12.457],[110.5,12.563],[110.75,12.483],[110.987,12.25],[111.131,12.0],[111.25,11.935],[111.578,12.0],[111.874,12.25],[113.25,13.86],[113.5,13.98],[114.047,14.0],[114.5,14.142],[115.25,14.596],[115.733,15.0],[115.934,15.25],[116.316,16.0],[116.5,16.149],[117.75,16.446],[118.0,16.446],[118.75,16.211],[119.5,15.727],[119.75,15.376],[119.872,15.0],[120.392,14.358],[120.078,14.0],[120.101,13.851],[120.0,13.75],[120.23,13.52],[120.109,13.25],[120.071,12.75],[119.972,12.5],[119.752,12.25],[119.75,11.841],[119.25,11.467],[119.048,11.25],[119.0,11.044],[118.345,10.5],[117.75,10.264],[117.0,10.26],[116.5,10.33],[116.25,10.278],[116.109,10.5],[116.25,10.566],[116.406,10.75],[116.25,10.915],[115.75,11.093],[115.5,11.061],[115.0,11.222],[114.75,11.202],[114.5,11.017],[114.25,11.093],[114.166,11.0],[114.25,10.928],[114.5,10.956],[114.75,10.776],[115.0,10.828],[115.25,10.784],[115.515,10.5],[115.187,10.25],[114.836,9.25],[114.089,9.0],[113.75,8.805],[113.5,8.777],[113.0,8.909],[112.75,8.901],[112.0,8.664],[111.25,8.58],[110.25,8.515],[109.5,8.541],[109.25,8.603],[108.69,9.0],[108.5,9.286]],[[114.91,10.0],[114.75,10.071],[114.68,10.0],[114.75,9.929],[114.91,10.0]],[[114.75,11.278],[115.0,11.268],[115.25,11.325],[115.493,11.5],[115.25,11.626],[114.75,11.706],[114.5,11.524],[114.5,11.464],[114.75,11.278]],[[118.122,15.25],[118.0,15.445],[117.75,15.384],[117.647,15.25],[117.75,15.137],[118.122,15.25]]]},"properties":{"variable":"swh","unit":"m","hvalue":1.25,"min":1.25,"max":2.0,"label":"1.25–2 m","color":"#a7c2e0","band":1}},{"type":"Feature","geometry":{"type":"Polygon","coordinates":[[[116.0,10.074],[116.066,10.0],[116.0,9.973],[115.867,10.0],[116.0,10.074]]]},"properties":{"variable":"swh","unit":"m","hvalue":1.25,"min":1.25,"max":2.0,"label":"1.25–2 m","color":"#a7c2e0","band":1}},{"type":"Feature","geometry":{"type":"Polygon","coordinates":[[[123.019,12.25],[123.0,12.189],[122.959,12.25],[123.019,12.25]]]},"properties":{"variable":"swh","unit":"m","hvalue":1.25,"min":1.25,"max":2.0,"label":"1.25–2 m","color":"#a7c2e0","band":1}},{"type":"Feature","geometry":{"type":"Polygon","coordinates":[[[-88.072,16.5],[-88.143,16.75],[-88.114,16.886],[-88.0,17.0],[-88.072,17.072],[-87.762,17.25],[-87.678,17.5],[-87.901,17.75],[-87.76,18.25],[-87.688,18.312],[-87.0,18.285],[-86.346,18.0],[-85.189,17.25],[-84.89,17.0],[-84.763,16.75],[-85.039,16.5],[-85.5,16.418],[-85.75,16.423],[-86.0,16.648],[-86.5,16.597],[-86.752,16.5],[-86.896,16.25],[-87.0,16.204],[-88.0,16.015],[-88.133,16.25],[-88.072,16.5]]]},"properties":{"variable":"swh","unit":"m","hvalue":1.25,"min":1.25,"max":2.0,"label":"1.25–2 m","color":"#a7c2e0","band":1}},{"type":"Feature","geometry":{"type":"Polygon","coordinates":[[[-84.5,16.786],[-84.391,16.75],[-84.5,16.73],[-84.695,16.75],[-84.5,16.786]]]},"properties":{"variable":"swh","unit":"m","hvalue":1.25,"min":1.25,"max":2.0,"label":"1.25–2 m","color":"#a7c2e0","band":1}},{"type":"Feature","geometry":{"type":"Polygon","coordinates":[[[-41.75,31.612],[-41.5,31.595],[-41.318,31.5],[-41.5,31.394],[-41.94,31.5],[-41.75,31.612]]]},"properties":{"variable":"swh","unit":"m","hvalue":1.25,"min":1.25,"max":2.0,"label":"1.25–2 m","color":"#a7c2e0","band":1}},{"type":"Feature","geometry":{"type":"Polygon","coordinates":[[[27.0,31.791],[26.689,32.0],[26.465,32.25],[26.294,32.75],[26.175,33.75],[26.188,34.0],[26.354,34.5],[26.372,35.0],[26.25,35.292],[25.984,35.234],[25.75,35.5],[24.44,35.5],[24.172,35.578],[24.0,35.75],[23.75,35.75],[23.5,35.5],[23.464,35.25],[23.75,34.586],[24.0,34.509],[24.473,35.0],[24.661,34.75],[24.683,34.5],[24.624,34.25],[24.0,33.289],[23.75,33.496],[23.5,33.507],[22.764,32.986],[21.889,33.25],[21.5,33.511],[21.154,34.5],[21.108,35.0],[21.152,35.25],[21.315,35.5],[21.5,35.578],[22.75,35.932],[22.949,36.051],[23.0,36.0],[23.25,36.25],[23.188,36.312],[23.25,36.555],[23.75,37.076],[24.0,37.472],[24.25,37.401],[24.636,37.75],[24.531,37.781],[24.75,38.0],[24.158,38.592],[24.5,38.589],[24.667,38.75],[24.5,38.958],[24.335,39.0],[24.412,39.25],[24.5,39.339],[25.0,39.345],[25.25,39.529],[25.75,39.662],[25.889,39.389],[25.75,39.25],[25.857,39.143],[25.926,38.75],[25.916,38.666],[25.75,38.5],[25.75,38.25],[26.0,38.0],[26.046,38.046],[26.25,37.982],[26.38,37.75],[26.0,37.485],[26.219,37.25],[26.25,37.115],[26.75,36.886],[27.25,36.03],[27.045,35.75],[27.023,35.5],[27.25,35.27],[27.75,35.134],[28.459,34.75],[28.785,34.25],[29.019,33.5],[28.858,32.75],[28.591,32.0],[28.25,31.594],[28.0,31.483],[27.724,31.5],[27.0,31.791]],[[24.75,36.75],[24.5,37.0],[24.25,36.75],[24.5,36.5],[24.75,36.75]],[[25.941,36.25],[25.641,36.5],[25.717,36.75],[25.631,36.881],[25.75,37.0],[25.5,37.25],[25.311,37.061],[25.25,37.116],[25.123,37.0],[25.279,36.75],[25.324,36.25],[25.5,36.046],[25.75,35.985],[25.941,36.25]],[[26.484,36.5],[26.25,36.683],[26.114,36.5],[26.25,36.348],[26.484,36.5]],[[26.871,36.25],[26.75,36.319],[26.678,36.25],[26.75,36.168],[26.871,36.25]]]},"properties":{"variable":"swh","unit":"m","hvalue":1.25,"min":1.25,"max":2.0,"label":"1.25–2 m","color":"#a7c2e0","band":1}},{"type":"Feature","geometry":{"type":"Polygon","coordinates":[[[29.75,34.797],[29.845,34.75],[29.75,34.713],[29.644,34.75],[29.75,34.797]]]},"properties":{"variable":"swh","unit":"m","hvalue":1.25,"min":1.25,"max":2.0,"label":"1.25–2 m","color":"#a7c2e0","band":1}},{"type":"Feature","geometry":{"type":"Polygon","coordinates":[[[50.75,37.0],[50.5,37.25],[50.25,37.25],[50.0,37.5],[49.478,37.5],[49.234,37.766],[49.5,38.108],[50.25,38.589],[50.5,38.998],[50.938,40.0],[50.861,40.25],[50.25,40.707],[49.914,40.75],[49.273,41.5],[48.7,42.0],[48.75,42.316],[48.91,42.5],[49.147,43.0],[49.294,43.75],[49.553,44.25],[49.75,44.362],[50.0,44.358],[50.25,44.25],[50.959,43.75],[51.364,43.0],[52.25,42.223],[52.315,41.75],[52.403,41.5],[52.602,41.25],[52.649,41.0],[52.65,40.75],[52.563,40.5],[52.59,40.0],[52.819,39.5],[52.983,38.75],[53.25,38.552],[53.412,38.25],[53.495,38.0],[53.444,37.75],[53.676,37.0],[53.0,37.0],[52.75,36.75],[51.25,36.75],[51.0,37.0],[50.75,37.0]]]},"properties":{"variable":"swh","unit":"m","hvalue":1.25,"min":1.25,"max":2.0,"label":"1.25–2 m","color":"#a7c2e0","band":1}},{"type":"Feature","geometry":{"type":"Polygon","coordinates":[[[-21.5,40.35],[-20.988,40.25],[-21.25,40.198],[-21.689,40.25],[-21.5,40.35]]]},"properties":{"variable":"swh","unit":"m","hvalue":1.25,"min":1.25,"max":2.0,"label":"1.25–2 m","color":"#a7c2e0","band":1}},{"type":"Feature","geometry":{"type":"Polygon","coordinates":[[[140.949,41.551],[141.0,41.5],[140.958,41.5],[140.949,41.551]]]},"properties":{"variable":"swh","unit":"m","hvalue":1.25,"min":1.25,"max":2.0,"label":"1.25–2 m","color":"#a7c2e0","band":1}},{"type":"Feature","geometry":{"type":"Polygon","coordinates":[[[138.841,46.75],[138.78,47.0],[140.25,48.5],[140.25,48.706],[140.5,49.0],[140.659,49.75],[140.915,50.25],[141.25,50.557],[141.5,50.641],[141.75,50.568],[142.0,50.129],[142.0,49.0],[141.75,48.75],[141.983,48.517],[142.0,48.25],[142.25,48.0],[141.75,47.5],[141.75,47.25],[142.0,47.0],[141.75,46.75],[141.75,46.204],[141.5,46.076],[141.25,46.111],[141.0,46.04],[140.25,46.026],[139.75,46.107],[139.25,46.387],[138.841,46.75]]]},"properties":{"variable":"swh","unit":"m","hvalue":1.25,"min":1.25,"max":2.0,"label":"1.25–2 m","color":"#a7c2e0","band":1}},{"type":"Feature","geometry":{"type":"Polygon","coordinates":[[[-64.0,47.02],[-64.5,46.941],[-64.564,47.0],[-64.586,47.25],[-64.361,47.75],[-64.323,48.25],[-64.25,48.25],[-64.0,48.5],[-64.142,48.642],[-64.106,48.75],[-64.25,49.0],[-64.5,49.25],[-64.92,49.25],[-64.758,49.5],[-64.432,49.5],[-63.25,48.95],[-62.347,48.75],[-61.971,48.5],[-61.839,48.25],[-61.77,48.0],[-61.863,47.75],[-62.223,47.25],[-62.391,46.75],[-63.0,46.551],[-63.362,46.612],[-63.5,46.75],[-63.75,46.75],[-64.0,47.02]]]},"properties":{"variable":"swh","unit":"m","hvalue":1.25,"min":1.25,"max":2.0,"label":"1.25–2 m","color":"#a7c2e0","band":1}},{"type":"Feature","geometry":{"type":"Polygon","coordinates":[[[-3.892,51.5],[-3.948,51.448],[-4.0,51.5],[-3.892,51.5]]]},"properties":{"variable":"swh","unit":"m","hvalue":1.25,"min":1.25,"max":2.0,"label":"1.25–2 m","color":"#a7c2e0","band":1}},{"type":"Feature","geometry":{"type":"Polygon","coordinates":[[[-98.5,53.75],[-98.422,53.75],[-98.181,53.5],[-98.25,53.334],[-98.5,53.291],[-99.0,53.447],[-98.882,53.75],[-98.5,53.75]]]},"properties":{"variable":"swh","unit":"m","hvalue":1.25,"min":1.25,"max":2.0,"label":"1.25–2 m","color":"#a7c2e0","band":1}},{"type":"Feature","geometry":{"type":"Polygon","coordinates":[[[141.297,54.0],[141.201,54.25],[140.981,54.5],[140.942,54.75],[141.25,54.861],[141.697,54.75],[142.049,54.5],[142.084,54.25],[142.295,53.75],[142.0,53.599],[141.5,53.666],[141.304,53.75],[141.297,54.0]]]},"properties":{"variable":"swh","unit":"m","hvalue":1.25,"min":1.25,"max":2.0,"label":"1.25–2 m","color":"#a7c2e0","band":1}},{"type":"Feature","geometry":{"type":"Polygon","coordinates":[[[-82.653,55.5],[-82.75,55.615],[-83.0,55.647],[-83.5,55.563],[-84.25,55.636],[-85.0,55.551],[-85.68,55.68],[-85.75,55.75],[-85.934,55.75],[-86.409,55.909],[-86.5,56.0],[-86.813,56.0],[-87.636,56.25],[-88.25,56.75],[-88.539,56.75],[-88.75,56.897],[-89.5,57.17],[-90.069,57.25],[-90.5,57.458],[-90.903,57.5],[-91.5,57.728],[-91.75,57.748],[-92.272,58.0],[-92.0,58.156],[-91.5,57.893],[-90.5,58.043],[-89.75,57.834],[-89.5,57.953],[-89.25,57.978],[-89.0,57.9],[-88.5,57.864],[-87.75,57.669],[-86.25,57.592],[-85.3,57.25],[-84.5,57.114],[-83.5,56.735],[-83.25,56.58],[-82.75,56.067],[-82.5,55.979],[-82.0,56.039],[-81.75,56.003],[-81.315,55.75],[-81.086,55.5],[-80.911,55.0],[-81.0,54.73],[-81.25,54.569],[-82.25,55.325],[-82.653,55.5]]]},"properties":{"variable":"swh","unit":"m","hvalue":1.25,"min":1.25,"max":2.0,"label":"1.25–2 m","color":"#a7c2e0","band":1}},{"type":"Feature","geometry":{"type":"Polygon","coordinates":[[[19.0,56.017],[18.5,56.119],[17.75,56.004],[17.5,56.047],[17.191,56.25],[17.089,56.5],[17.25,56.762],[17.75,57.079],[18.011,56.989],[18.25,56.75],[18.401,56.901],[18.5,56.899],[18.626,57.0],[19.145,57.5],[19.157,57.75],[19.425,58.0],[19.25,58.193],[18.522,58.25],[18.28,58.5],[18.388,58.75],[18.75,58.919],[19.46,59.5],[19.71,60.0],[20.5,59.839],[21.5,59.914],[22.376,59.874],[22.5,59.75],[22.615,59.865],[22.75,59.87],[22.888,59.862],[23.0,59.75],[24.0,59.75],[24.125,59.875],[24.691,59.75],[22.827,59.173],[22.75,59.25],[22.338,59.0],[22.31,58.75],[21.906,58.5],[22.0,58.379],[22.0,58.25],[22.117,58.133],[22.123,58.0],[22.0,57.755],[21.75,57.75],[21.25,57.25],[21.25,57.084],[21.0,56.75],[21.0,56.595],[20.893,56.5],[20.75,56.02],[20.25,55.837],[19.583,56.0],[19.0,56.017]]]},"properties":{"variable":"swh","unit":"m","hvalue":1.25,"min":1.25,"max":2.0,"label":"1.25–2 m","color":"#a7c2e0","band":1}},{"type":"Feature","geometry":{"type":"Polygon","coordinates":[[[23.324,58.25],[23.5,58.345],[23.694,58.306],[24.0,58.051],[24.152,58.0],[24.0,57.898],[23.75,57.892],[23.411,58.0],[23.324,58.25]]]},"properties":{"variable":"swh","unit":"m","hvalue":1.25,"min":1.25,"max":2.0,"label":"1.25–2 m","color":"#a7c2e0","band":1}},{"type":"Feature","geometry":{"type":"Polygon","coordinates":[[[158.207,59.75],[158.0,59.894],[157.135,60.0],[156.98,60.25],[157.115,60.5],[157.599,60.75],[158.5,60.93],[159.25,60.952],[160.049,60.701],[160.25,60.5],[160.75,60.5],[160.853,60.603],[161.75,60.876],[163.0,61.448],[163.25,61.35],[163.443,61.5],[163.564,61.5],[163.542,61.25],[163.25,61.209],[162.75,60.948],[162.528,60.75],[162.0,60.647],[161.75,60.397],[161.486,60.25],[160.241,59.75],[158.49,59.25],[158.0,59.208],[157.728,59.25],[158.207,59.75]]]},"properties":{"variable":"swh","unit":"m","hvalue":1.25,"min":1.25,"max":2.0,"label":"1.25–2 m","color":"#a7c2e0","band":1}},{"type":"Feature","geometry":{"type":"Polygon","coordinates":[[[-66.5,60.237],[-67.484,60.75],[-67.826,61.25],[-68.38,61.75],[-67.5,61.829],[-66.213,61.75],[-65.5,61.522],[-65.25,61.33],[-64.099,61.0],[-63.88,60.75],[-64.75,60.696],[-64.96,60.5],[-65.0,60.377],[-65.5,59.994],[-65.846,60.0],[-66.5,60.237]]]},"properties":{"variable":"swh","unit":"m","hvalue":1.25,"min":1.25,"max":2.0,"label":"1.25–2 m","color":"#a7c2e0","band":1}},{"type":"Feature","geometry":{"type":"Polygon","coordinates":[[[28.25,60.285],[28.439,60.25],[28.25,60.225],[27.968,60.25],[28.25,60.285]]]},"properties":{"variable":"swh","unit":"m","hvalue":1.25,"min":1.25,"max":2.0,"label":"1.25–2 m","color":"#a7c2e0","band":1}},{"type":"Feature","geometry":{"type":"Polygon","coordinates":[[[17.986,61.75],[18.126,62.0],[18.953,62.5],[19.066,63.0],[19.343,63.25],[19.5,63.25],[20.051,63.5],[20.25,63.5],[20.328,63.578],[20.75,63.587],[21.041,63.5],[20.828,63.25],[20.76,63.0],[21.0,62.632],[21.0,62.5],[21.25,62.25],[21.295,61.75],[21.25,61.384],[21.0,61.211],[20.5,61.11],[19.25,61.149],[18.082,61.5],[17.986,61.75]]]},"properties":{"variable":"swh","unit":"m","hvalue":1.25,"min":1.25,"max":2.0,"label":"1.25–2 m","color":"#a7c2e0","band":1}},{"type":"Feature","geometry":{"type":"Polygon","coordinates":[[[-168.641,62.25],[-168.64,62.75],[-168.508,63.0],[-168.489,63.25],[-168.673,63.5],[-168.079,63.75],[-167.5,64.204],[-167.31,64.25],[-167.5,64.327],[-167.557,64.5],[-167.514,64.75],[-166.75,64.636],[-166.5,64.544],[-166.25,64.356],[-165.922,64.25],[-165.85,64.0],[-165.688,63.75],[-165.5,63.048],[-165.534,62.75],[-165.75,62.55],[-166.268,62.25],[-166.75,61.877],[-167.25,61.846],[-168.411,62.0],[-168.641,62.25]]]},"properties":{"variable":"swh","unit":"m","hvalue":1.25,"min":1.25,"max":2.0,"label":"1.25–2 m","color":"#a7c2e0","band":1}},{"type":"Feature","geometry":{"type":"Polygon","coordinates":[[[-63.75,63.89],[-64.379,64.25],[-65.244,65.0],[-64.896,65.146],[-64.75,65.0],[-64.0,65.0],[-63.75,64.75],[-63.5,64.75],[-63.3,64.95],[-62.5,64.926],[-62.198,65.0],[-62.0,65.166],[-61.75,65.221],[-60.75,65.234],[-60.0,65.338],[-59.316,65.5],[-58.294,66.0],[-58.371,66.25],[-58.75,66.394],[-59.75,66.544],[-60.5,66.735],[-61.5,67.168],[-62.499,67.5],[-65.5,68.44],[-66.5,68.714],[-66.844,68.75],[-66.939,69.0],[-66.5,69.091],[-66.0,69.561],[-65.69,69.75],[-65.999,70.0],[-66.25,70.101],[-67.841,70.5],[-68.5,70.75],[-69.041,70.791],[-69.25,71.0],[-69.35,70.9],[-70.049,71.0],[-71.143,71.393],[-71.25,71.5],[-71.5,71.5],[-71.75,71.75],[-72.95,71.75],[-73.75,71.99],[-74.12,72.12],[-74.25,72.25],[-74.496,72.25],[-74.869,72.369],[-75.25,72.75],[-76.032,72.75],[-76.172,73.0],[-76.325,73.075],[-76.75,73.5],[-77.25,73.5],[-77.5,73.75],[-80.75,73.75],[-80.836,73.664],[-81.182,73.682],[-81.25,73.75],[-82.25,73.75],[-82.5,74.0],[-82.75,73.75],[-83.783,73.717],[-84.25,73.743],[-84.5,73.856],[-84.926,73.926],[-85.0,74.0],[-87.0,74.0],[-87.25,73.75],[-88.25,73.75],[-88.5,73.5],[-89.0,73.5],[-89.25,73.279],[-89.5,73.332],[-89.795,73.5],[-89.967,73.75],[-89.92,74.0],[-90.0,74.056],[-90.437,73.937],[-90.5,74.0],[-90.75,74.0],[-91.0,74.25],[-93.434,74.25],[-93.25,74.376],[-93.105,74.75],[-93.156,75.25],[-93.542,75.5],[-93.365,75.75],[-92.75,75.814],[-92.348,75.75],[-92.298,75.702],[-92.5,75.5],[-92.5,75.25],[-92.057,74.75],[-91.75,74.5],[-90.25,74.453],[-89.25,74.304],[-88.347,74.347],[-88.25,74.25],[-87.074,74.25],[-85.75,74.118],[-83.5,74.18],[-82.75,74.368],[-82.162,74.412],[-82.0,74.25],[-81.858,74.392],[-80.0,74.5],[-79.284,74.75],[-79.212,75.0],[-79.268,75.25],[-79.747,75.497],[-80.0,75.75],[-81.021,75.771],[-81.25,76.0],[-80.0,76.0],[-79.821,76.179],[-79.562,76.188],[-79.75,76.0],[-79.5,75.75],[-79.25,76.0],[-79.4,76.15],[-79.0,76.122],[-78.25,76.25],[-77.75,76.5],[-77.5,76.75],[-77.713,76.963],[-77.553,77.25],[-76.5,77.37],[-74.5,77.893],[-73.75,77.956],[-73.25,77.89],[-72.923,77.75],[-72.636,77.25],[-72.5,77.138],[-71.75,76.835],[-70.0,76.318],[-69.233,76.233],[-69.0,76.0],[-67.75,76.0],[-67.5,75.75],[-66.75,75.75],[-66.595,75.905],[-66.0,75.943],[-65.75,75.75],[-65.5,75.75],[-65.358,75.892],[-65.0,75.898],[-64.672,76.0],[-64.042,76.042],[-63.75,76.0],[-63.678,76.072],[-62.854,76.104],[-62.75,76.0],[-61.377,76.0],[-60.75,75.935],[-60.06,75.81],[-60.0,75.75],[-59.647,75.75],[-59.25,75.551],[-58.996,75.5],[-58.669,75.25],[-58.0,74.556],[-57.719,74.5],[-57.5,74.301],[-56.955,73.5],[-56.662,73.25],[-56.493,73.0],[-56.0,72.612],[-55.75,72.5],[-55.877,72.25],[-55.75,72.105],[-55.75,71.75],[-55.25,71.25],[-54.565,71.25],[-54.367,71.0],[-54.5,71.0],[-54.75,70.75],[-54.718,70.718],[-55.053,70.5],[-54.929,70.321],[-55.0,70.25],[-54.927,70.177],[-54.939,70.0],[-55.25,69.75],[-55.0,69.5],[-54.449,69.5],[-54.25,69.384],[-53.834,69.334],[-53.5,69.0],[-53.255,69.245],[-52.25,69.25],[-52.08,69.42],[-51.5,69.575],[-51.135,69.5],[-51.5,69.06],[-51.674,69.0],[-52.75,69.0],[-52.961,68.789],[-53.25,68.708],[-53.5,68.549],[-53.694,68.25],[-53.75,67.5],[-54.0,67.25],[-53.5,66.75],[-53.637,66.363],[-53.75,66.25],[-53.25,65.75],[-53.25,65.5],[-53.146,65.396],[-53.256,65.25],[-54.25,64.609],[-54.75,64.12],[-55.609,63.5],[-56.25,62.938],[-56.5,62.805],[-57.75,62.376],[-58.25,62.367],[-60.5,62.865],[-63.75,63.89]]]},"properties":{"variable":"swh","unit":"m","hvalue":1.25,"min":1.25,"max":2.0,"label":"1.25–2 m","color":"#a7c2e0","band":1}},{"type":"Feature","geometry":{"type":"Polygon","coordinates":[[[-79.023,64.5],[-78.75,64.574],[-78.534,64.5],[-78.25,64.047],[-78.269,63.75],[-78.5,63.678],[-78.75,63.38],[-79.0,63.372],[-79.079,63.5],[-79.023,64.5]]]},"properties":{"variable":"swh","unit":"m","hvalue":1.25,"min":1.25,"max":2.0,"label":"1.25–2 m","color":"#a7c2e0","band":1}},{"type":"Feature","geometry":{"type":"Polygon","coordinates":[[[-73.5,63.51],[-73.268,63.5],[-73.5,63.462],[-73.725,63.5],[-73.5,63.51]]]},"properties":{"variable":"swh","unit":"m","hvalue":1.25,"min":1.25,"max":2.0,"label":"1.25–2 m","color":"#a7c2e0","band":1}},{"type":"Feature","geometry":{"type":"Polygon","coordinates":[[[21.562,64.25],[21.851,64.5],[21.812,65.0],[22.063,65.25],[22.5,65.374],[22.881,65.619],[23.0,65.5],[23.25,65.5],[23.458,65.708],[23.75,65.681],[24.25,65.744],[24.5,65.5],[25.175,65.5],[25.138,65.25],[24.873,65.127],[24.75,65.25],[24.5,65.0],[24.5,64.75],[24.25,64.75],[23.802,64.302],[23.5,64.25],[23.267,64.017],[22.75,64.0],[22.526,63.776],[22.25,63.649],[21.5,63.64],[21.217,63.75],[21.562,64.25]]]},"properties":{"variable":"swh","unit":"m","hvalue":1.25,"min":1.25,"max":2.0,"label":"1.25–2 m","color":"#a7c2e0","band":1}},{"type":"Feature","geometry":{"type":"Polygon","coordinates":[[[34.906,65.406],[35.0,65.5],[35.0,65.75],[34.5,66.25],[34.319,66.25],[33.759,66.5],[34.907,66.5],[35.25,66.25],[35.62,66.25],[35.902,66.0],[36.03,65.75],[35.809,65.5],[35.5,65.459],[35.145,65.25],[34.969,65.25],[34.906,65.406]]]},"properties":{"variable":"swh","unit":"m","hvalue":1.25,"min":1.25,"max":2.0,"label":"1.25–2 m","color":"#a7c2e0","band":1}},{"type":"Feature","geometry":{"type":"Polygon","coordinates":[[[60.25,70.25],[59.75,70.25],[59.5,70.5],[58.75,70.5],[58.693,70.443],[58.25,70.409],[58.0,70.321],[57.461,70.711],[57.5,70.75],[57.25,71.0],[56.75,71.0],[56.25,71.5],[56.0,71.5],[55.75,71.75],[55.75,72.136],[56.25,72.576],[57.75,73.5],[57.988,73.762],[58.25,73.819],[59.122,74.25],[59.5,74.334],[59.748,74.5],[60.25,74.5],[60.75,75.0],[61.5,75.0],[61.75,75.25],[62.5,75.25],[62.655,75.405],[63.188,75.5],[64.5,75.5],[64.789,75.75],[66.5,75.75],[66.75,76.0],[68.0,76.0],[68.25,76.25],[68.5,76.25],[69.0,76.75],[68.75,77.0],[66.25,77.0],[66.199,76.949],[64.5,76.908],[62.169,77.25],[62.218,77.5],[62.553,77.75],[62.75,77.796],[66.25,78.374],[68.0,78.595],[73.75,78.994],[78.0,79.044],[80.75,79.001],[84.75,79.288],[87.75,79.391],[89.5,79.341],[92.75,78.923],[98.336,78.5],[98.091,78.25],[98.042,78.0],[97.75,77.962],[95.5,77.842],[91.5,77.746],[88.0,77.419],[86.853,77.25],[86.178,77.0],[85.824,76.75],[84.792,76.5],[84.56,76.25],[83.5,76.023],[82.5,75.969],[81.791,75.75],[81.497,75.5],[80.75,75.049],[80.048,74.75],[79.25,74.634],[78.5,74.338],[76.75,73.888],[76.124,73.75],[75.75,73.75],[75.647,73.647],[73.25,73.185],[72.5,73.095],[72.25,73.119],[71.683,73.317],[71.5,73.5],[70.75,73.61],[69.75,73.531],[69.0,73.301],[68.469,73.0],[68.125,72.5],[68.29,72.25],[68.25,72.0],[67.777,71.75],[66.75,71.723],[65.821,71.5],[64.672,70.75],[64.25,70.603],[63.25,70.399],[62.962,70.25],[62.712,70.0],[62.25,69.923],[61.341,69.909],[61.25,70.0],[60.5,70.0],[60.25,70.25]]]},"properties":{"variable":"swh","unit":"m","hvalue":1.25,"min":1.25,"max":2.0,"label":"1.25–2 m","color":"#a7c2e0","band":1}},{"type":"Feature","geometry":{"type":"Polygon","coordinates":[[[-91.5,70.657],[-91.755,70.75],[-92.04,71.25],[-91.363,71.5],[-91.329,71.75],[-91.25,71.79],[-90.5,71.91],[-90.345,71.75],[-90.19,71.25],[-89.917,71.0],[-89.834,70.5],[-90.0,70.279],[-90.25,70.26],[-91.302,70.5],[-91.5,70.657]]]},"properties":{"variable":"swh","unit":"m","hvalue":1.25,"min":1.25,"max":2.0,"label":"1.25–2 m","color":"#a7c2e0","band":1}},{"type":"Feature","geometry":{"type":"Polygon","coordinates":[[[-96.441,73.5],[-96.071,73.75],[-96.158,74.0],[-96.0,74.157],[-95.75,74.205],[-95.58,74.0],[-95.987,73.5],[-95.719,73.281],[-95.75,73.211],[-96.25,73.201],[-96.366,73.25],[-96.441,73.5]]]},"properties":{"variable":"swh","unit":"m","hvalue":1.25,"min":1.25,"max":2.0,"label":"1.25–2 m","color":"#a7c2e0","band":1}},{"type":"Feature","geometry":{"type":"Polygon","coordinates":[[[112.853,74.75],[113.0,74.961],[113.75,75.0],[113.839,75.089],[114.5,75.161],[115.25,75.484],[115.5,75.404],[115.695,75.25],[115.25,74.754],[115.144,74.5],[114.75,74.354],[114.0,74.308],[113.75,74.357],[113.25,74.75],[112.853,74.75]]]},"properties":{"variable":"swh","unit":"m","hvalue":1.25,"min":1.25,"max":2.0,"label":"1.25–2 m","color":"#a7c2e0","band":1}},{"type":"Feature","geometry":{"type":"Polygon","coordinates":[[[-88.27,75.75],[-88.942,76.25],[-87.886,76.25],[-87.25,76.15],[-85.5,76.142],[-83.5,76.002],[-81.458,76.208],[-81.25,76.0],[-84.0,76.0],[-84.25,75.75],[-85.75,75.75],[-86.0,75.5],[-86.829,75.579],[-87.0,75.75],[-88.27,75.75]]]},"properties":{"variable":"swh","unit":"m","hvalue":1.25,"min":1.25,"max":2.0,"label":"1.25–2 m","color":"#a7c2e0","band":1}},{"type":"Feature","geometry":{"type":"Polygon","coordinates":[[[-92.691,76.75],[-93.009,77.0],[-92.0,77.394],[-91.5,77.471],[-91.325,77.25],[-91.0,77.0],[-90.5,77.0],[-90.75,76.75],[-90.691,76.691],[-90.934,76.684],[-91.0,76.75],[-92.691,76.75]]]},"properties":{"variable":"swh","unit":"m","hvalue":1.25,"min":1.25,"max":2.0,"label":"1.25–2 m","color":"#a7c2e0","band":1}},{"type":"Feature","geometry":{"type":"Polygon","coordinates":[[[-89.954,77.046],[-88.954,77.046],[-89.5,76.963],[-89.95,76.95],[-90.0,77.0],[-89.954,77.046]]]},"properties":{"variable":"swh","unit":"m","hvalue":1.25,"min":1.25,"max":2.0,"label":"1.25–2 m","color":"#a7c2e0","band":1}},{"type":"Feature","geometry":{"type":"Polygon","coordinates":[[[109.522,77.25],[108.493,77.75],[108.225,78.0],[108.162,78.25],[107.711,78.5],[107.772,78.75],[108.25,78.949],[109.0,79.01],[110.5,78.944],[112.0,78.752],[113.071,78.5],[114.402,78.0],[114.677,77.75],[114.782,77.5],[114.653,77.25],[114.313,77.0],[113.0,76.794],[112.75,76.778],[110.5,77.03],[109.522,77.25]]]},"properties":{"variable":"swh","unit":"m","hvalue":1.25,"min":1.25,"max":2.0,"label":"1.25–2 m","color":"#a7c2e0","band":1}},{"type":"Feature","geometry":{"type":"Polygon","coordinates":[[[-91.461,77.75],[-91.0,77.847],[-90.232,77.75],[-91.25,77.75],[-91.373,77.627],[-91.461,77.75]]]},"properties":{"variable":"swh","unit":"m","hvalue":1.25,"min":1.25,"max":2.0,"label":"1.25–2 m","color":"#a7c2e0","band":1}},{"type":"Feature","geometry":{"type":"Polygon","coordinates":[[[19.068,81.25],[19.5,81.299],[21.0,81.357],[21.797,81.25],[20.75,81.163],[19.75,80.976],[18.529,81.0],[19.068,81.25]]]},"properties":{"variable":"swh","unit":"m","hvalue":1.25,"min":1.25,"max":2.0,"label":"1.25–2 m","color":"#a7c2e0","band":1}},{"type":"Feature","geometry":{"type":"Polygon","coordinates":[[[-94.75,-72.459],[-94.506,-72.5],[-94.75,-72.5],[-95.042,-72.5],[-94.75,-72.459]]]},"properties":{"variable":"swh","unit":"m","hvalue":2.0,"min":2.0,"max":3.0,"label":"2–3 m","color":"#6c99d2","band":2}},{"type":"Feature","geometry":{"type":"Polygon","coordinates":[[[40.75,-68.705],[40.795,-68.705],[40.75,-68.75],[40.694,-68.75],[40.75,-68.705]]]},"properties":{"variable":"swh","unit":"m","hvalue":2.0,"min":2.0,"max":3.0,"label":"2–3 m","color":"#6c99d2","band":2}},{"type":"Feature","geometry":{"type":"Polygon","coordinates":[[[-123.75,-66.848],[-124.0,-66.827],[-124.75,-66.825],[-125.5,-66.93],[-126.25,-66.772],[-126.75,-66.43],[-127.0,-66.397],[-127.25,-66.478],[-127.5,-66.466],[-127.98,-66.25],[-127.75,-65.966],[-127.25,-65.637],[-126.75,-65.418],[-126.223,-65.0],[-125.75,-64.736],[-124.575,-64.25],[-123.0,-63.945],[-122.782,-63.75],[-122.952,-63.5],[-122.814,-63.25],[-122.5,-63.232],[-122.0,-63.308],[-121.25,-63.563],[-119.5,-63.594],[-119.416,-63.75],[-119.5,-64.406],[-120.178,-66.25],[-120.513,-66.5],[-121.407,-66.75],[-122.75,-67.016],[-123.535,-67.0],[-123.75,-66.848]]]},"properties":{"variable":"swh","unit":"m","hvalue":2.0,"min":2.0,"max":3.0,"label":"2–3 m","color":"#6c99d2","band":2}},{"type":"Feature","geometry":{"type":"Polygon","coordinates":[[[142.531,-66.75],[142.75,-66.636],[143.5,-66.645],[143.785,-66.75],[143.787,-67.0],[143.5,-66.75],[142.531,-66.75]]]},"properties":{"variable":"swh","unit":"m","hvalue":2.0,"min":2.0,"max":3.0,"label":"2–3 m","color":"#6c99d2","band":2}},{"type":"Feature","geometry":{"type":"Polygon","coordinates":[[[108.5,-66.45],[109.071,-66.5],[109.0,-66.614],[108.75,-66.616],[108.177,-66.5],[108.5,-66.45]]]},"properties":{"variable":"swh","unit":"m","hvalue":2.0,"min":2.0,"max":3.0,"label":"2–3 m","color":"#6c99d2","band":2}},{"type":"Feature","geometry":{"type":"Polygon","coordinates":[[[141.282,-66.75],[141.25,-66.75],[141.25,-66.717],[141.282,-66.75]]]},"properties":{"variable":"swh","unit":"m","hvalue":2.0,"min":2.0,"max":3.0,"label":"2–3 m","color":"#6c99d2","band":2}},{"type":"Feature","geometry":{"type":"Polygon","coordinates":[[[94.5,-65.716],[94.969,-65.75],[94.859,-66.0],[94.25,-66.179],[94.0,-66.218],[93.647,-66.0],[94.5,-65.716]]]},"properties":{"variable":"swh","unit":"m","hvalue":2.0,"min":2.0,"max":3.0,"label":"2–3 m","color":"#6c99d2","band":2}},{"type":"Feature","geometry":{"type":"Polygon","coordinates":[[[-87.353,-65.25],[-88.25,-65.034],[-89.0,-64.769],[-90.981,-64.75],[-91.187,-64.5],[-91.163,-64.25],[-91.25,-64.106],[-91.5,-63.992],[-92.5,-63.98],[-94.25,-64.168],[-95.25,-64.197],[-96.5,-64.361],[-98.0,-64.683],[-99.0,-64.767],[-99.5,-64.741],[-100.25,-64.513],[-100.838,-64.0],[-101.036,-63.75],[-101.11,-63.25],[-101.5,-63.045],[-102.367,-62.75],[-103.0,-62.705],[-104.25,-62.817],[-106.5,-62.835],[-108.25,-62.754],[-110.75,-62.011],[-111.25,-61.768],[-111.594,-61.5],[-111.64,-61.25],[-111.465,-61.0],[-110.718,-60.5],[-109.5,-60.123],[-108.5,-59.584],[-108.0,-59.504],[-107.5,-59.64],[-107.0,-59.619],[-106.75,-59.517],[-106.25,-59.169],[-105.5,-58.874],[-104.75,-58.674],[-103.25,-58.681],[-102.499,-58.5],[-102.222,-58.25],[-102.177,-58.0],[-102.298,-57.25],[-102.5,-57.018],[-102.75,-56.955],[-104.75,-57.101],[-106.25,-57.437],[-107.5,-57.799],[-108.0,-57.867],[-108.453,-57.75],[-108.505,-57.5],[-108.75,-57.372],[-109.79,-57.0],[-109.883,-56.75],[-109.82,-56.5],[-110.004,-56.25],[-110.096,-56.0],[-109.936,-55.5],[-109.243,-54.5],[-109.209,-54.0],[-109.111,-53.75],[-109.373,-53.25],[-110.5,-52.946],[-110.612,-52.75],[-110.422,-52.0],[-110.75,-51.652],[-111.389,-51.25],[-111.373,-51.0],[-111.514,-50.75],[-111.36,-50.5],[-111.411,-50.25],[-111.829,-50.0],[-112.25,-49.881],[-114.0,-49.721],[-114.75,-49.805],[-115.5,-50.135],[-116.715,-50.5],[-116.908,-50.75],[-117.226,-51.0],[-117.17,-51.25],[-117.299,-51.5],[-117.532,-51.75],[-117.573,-52.0],[-117.75,-52.244],[-118.0,-52.409],[-118.25,-52.693],[-118.75,-53.43],[-119.326,-53.75],[-119.023,-54.25],[-119.062,-54.5],[-119.0,-54.702],[-118.895,-54.75],[-118.88,-55.0],[-119.545,-55.5],[-119.672,-56.0],[-119.819,-56.25],[-120.75,-57.192],[-121.307,-57.5],[-121.576,-57.75],[-122.25,-58.199],[-122.75,-58.435],[-124.25,-58.51],[-124.75,-58.609],[-126.404,-59.25],[-126.75,-59.555],[-128.367,-60.25],[-129.5,-60.223],[-131.716,-59.25],[-132.25,-59.185],[-132.616,-59.25],[-132.921,-59.5],[-133.03,-59.75],[-133.96,-60.25],[-135.25,-60.669],[-140.75,-61.701],[-141.5,-61.785],[-142.5,-61.751],[-143.25,-61.801],[-143.5,-61.76],[-143.75,-61.589],[-144.0,-61.542],[-145.25,-61.501],[-145.5,-61.29],[-145.761,-61.25],[-145.886,-61.0],[-146.516,-60.5],[-147.0,-59.967],[-147.75,-59.802],[-148.5,-59.505],[-148.75,-59.542],[-149.75,-59.919],[-150.25,-60.289],[-151.192,-60.75],[-151.315,-61.0],[-151.5,-61.105],[-152.5,-61.378],[-153.512,-62.5],[-154.25,-62.844],[-155.5,-63.238],[-156.342,-63.75],[-157.044,-64.0],[-157.512,-64.5],[-158.25,-64.59],[-159.0,-64.426],[-159.25,-64.429],[-160.5,-64.656],[-162.5,-64.642],[-163.0,-64.77],[-164.0,-64.578],[-164.5,-64.66],[-164.572,-64.75],[-164.75,-64.779],[-165.75,-64.791],[-166.75,-64.604],[-167.0,-64.43],[-167.25,-64.542],[-167.75,-64.549],[-168.25,-64.328],[-169.0,-64.331],[-169.25,-64.508],[-169.706,-64.5],[-169.932,-64.25],[-169.511,-64.0],[-170.0,-63.755],[-170.909,-63.5],[-170.763,-63.25],[-170.474,-63.0],[-170.555,-62.75],[-171.39,-62.5],[-171.851,-62.25],[-171.59,-61.75],[-170.75,-61.507],[-170.607,-61.25],[-170.75,-60.996],[-171.25,-60.914],[-171.735,-61.0],[-172.25,-61.2],[-172.724,-61.5],[-172.299,-61.75],[-172.251,-62.0],[-173.75,-62.612],[-174.75,-63.18],[-175.046,-63.5],[-175.088,-63.75],[-174.996,-64.0],[-175.346,-64.25],[-175.878,-64.5],[-176.129,-64.75],[-176.576,-65.0],[-177.225,-65.25],[-178.0,-65.313],[-178.25,-65.259],[-178.463,-65.0],[-178.75,-64.81],[-180.0,-64.855],[-180.0,-49.814],[-179.483,-49.75],[-178.778,-49.5],[-178.25,-49.092],[-178.0,-48.808],[-177.5,-48.586],[-176.75,-48.411],[-176.0,-48.538],[-175.657,-48.5],[-175.25,-48.36],[-175.119,-48.25],[-175.069,-48.0],[-175.25,-47.831],[-175.5,-47.772],[-176.0,-47.777],[-176.25,-47.611],[-176.379,-47.25],[-176.292,-47.0],[-176.339,-46.75],[-176.749,-46.25],[-176.868,-46.0],[-177.5,-45.461],[-178.082,-45.25],[-180.0,-44.936],[-180.0,-29.427],[-179.75,-29.361],[-179.5,-29.394],[-178.5,-29.981],[-178.71,-30.5],[-178.5,-30.693],[-177.75,-30.421],[-176.5,-30.397],[-176.0,-30.558],[-174.75,-30.464],[-174.376,-30.5],[-174.0,-30.633],[-172.5,-31.606],[-171.5,-32.061],[-170.25,-32.871],[-168.5,-33.583],[-168.25,-33.756],[-167.75,-34.304],[-167.0,-34.903],[-166.75,-35.074],[-166.5,-35.053],[-166.25,-35.171],[-166.0,-35.432],[-165.5,-35.271],[-165.383,-35.0],[-165.25,-34.894],[-165.0,-34.911],[-164.75,-34.747],[-164.5,-34.373],[-164.25,-34.212],[-163.25,-34.675],[-163.0,-34.693],[-162.75,-34.602],[-162.25,-34.205],[-162.0,-34.114],[-161.5,-34.312],[-160.75,-34.143],[-160.479,-34.25],[-160.5,-34.546],[-160.25,-34.594],[-158.75,-34.046],[-158.25,-34.111],[-157.5,-33.832],[-157.0,-33.896],[-156.25,-33.792],[-156.0,-33.943],[-155.853,-34.25],[-155.5,-34.277],[-154.25,-34.104],[-153.25,-34.096],[-151.75,-33.479],[-151.5,-33.764],[-150.5,-33.998],[-149.5,-33.703],[-149.0,-33.639],[-148.0,-34.083],[-147.5,-34.374],[-147.0,-34.515],[-145.0,-34.484],[-143.25,-34.875],[-142.25,-35.017],[-141.75,-35.002],[-140.5,-34.822],[-139.591,-35.25],[-138.5,-35.619],[-136.75,-35.91],[-135.75,-36.289],[-135.0,-36.758],[-133.5,-37.28],[-130.75,-38.518],[-129.75,-38.864],[-128.0,-39.623],[-125.5,-40.294],[-124.75,-40.595],[-124.5,-40.642],[-123.75,-40.598],[-123.5,-40.554],[-123.0,-40.34],[-122.75,-40.319],[-122.25,-40.483],[-122.0,-40.294],[-121.812,-40.25],[-119.25,-40.138],[-117.0,-40.418],[-115.55,-40.75],[-115.25,-40.754],[-114.586,-40.5],[-114.258,-40.25],[-114.085,-40.0],[-114.303,-39.5],[-114.309,-38.75],[-113.25,-38.232],[-112.097,-38.0],[-111.68,-37.75],[-112.0,-37.537],[-112.5,-37.467],[-112.717,-37.25],[-112.753,-37.0],[-112.673,-36.75],[-112.75,-35.982],[-112.5,-35.759],[-112.25,-35.675],[-111.5,-35.502],[-110.75,-35.513],[-110.5,-35.411],[-109.931,-35.0],[-109.803,-34.75],[-110.0,-34.325],[-110.25,-34.331],[-110.5,-34.242],[-110.631,-34.0],[-110.665,-33.75],[-110.659,-33.5],[-110.402,-32.75],[-110.468,-32.0],[-110.361,-31.0],[-109.979,-30.25],[-109.95,-30.0],[-110.444,-29.25],[-109.731,-28.75],[-109.536,-28.5],[-109.226,-27.75],[-109.5,-27.672],[-110.0,-27.732],[-110.75,-27.665],[-111.5,-27.693],[-112.0,-27.582],[-112.5,-27.621],[-112.75,-27.575],[-112.986,-27.25],[-113.5,-27.059],[-113.75,-27.535],[-114.0,-27.627],[-114.5,-27.533],[-114.817,-28.0],[-114.99,-28.5],[-115.37,-28.75],[-115.494,-29.0],[-115.278,-29.25],[-115.101,-29.75],[-114.726,-30.0],[-114.75,-30.255],[-115.0,-30.32],[-115.5,-30.175],[-115.75,-30.248],[-116.315,-30.0],[-116.404,-29.75],[-116.234,-29.5],[-116.5,-29.224],[-116.75,-29.153],[-117.25,-29.208],[-117.5,-29.149],[-117.697,-29.0],[-117.5,-28.823],[-117.136,-28.75],[-117.75,-28.585],[-118.25,-28.681],[-118.5,-28.636],[-119.25,-28.33],[-119.796,-28.25],[-119.971,-28.0],[-119.871,-27.75],[-119.9,-27.0],[-120.25,-26.585],[-120.642,-26.25],[-121.202,-25.5],[-121.352,-25.25],[-121.356,-24.75],[-121.5,-24.521],[-122.218,-23.75],[-122.5,-23.568],[-123.5,-23.327],[-123.75,-23.372],[-123.949,-23.5],[-124.092,-24.0],[-124.0,-24.171],[-123.75,-24.268],[-123.489,-24.5],[-123.389,-24.75],[-123.437,-25.25],[-123.332,-25.5],[-123.25,-25.646],[-123.0,-25.802],[-122.75,-26.078],[-122.703,-26.25],[-122.966,-26.5],[-122.988,-26.75],[-122.884,-27.0],[-123.0,-27.119],[-123.25,-27.141],[-123.75,-27.005],[-123.761,-26.75],[-124.75,-26.446],[-125.044,-26.25],[-125.148,-26.0],[-125.5,-25.737],[-125.75,-25.675],[-126.25,-25.707],[-126.332,-25.75],[-126.39,-26.0],[-126.28,-26.25],[-125.75,-26.362],[-125.5,-26.681],[-125.342,-26.75],[-125.228,-27.0],[-125.5,-27.242],[-126.0,-27.176],[-126.5,-26.888],[-127.0,-26.756],[-127.75,-26.886],[-128.5,-26.703],[-129.5,-26.723],[-129.572,-26.75],[-129.639,-27.0],[-129.476,-27.25],[-129.201,-27.5],[-127.771,-28.25],[-127.0,-28.396],[-126.0,-28.769],[-125.75,-28.734],[-125.5,-28.555],[-125.25,-28.626],[-125.091,-28.75],[-124.25,-28.979],[-123.75,-29.297],[-123.5,-29.344],[-123.401,-29.25],[-123.539,-29.0],[-123.75,-28.762],[-124.408,-28.25],[-124.5,-28.082],[-124.75,-28.092],[-125.5,-27.914],[-125.714,-27.75],[-125.7,-27.5],[-125.5,-27.268],[-125.343,-27.5],[-124.75,-27.884],[-123.75,-28.168],[-123.5,-28.312],[-123.0,-28.765],[-122.851,-28.75],[-123.035,-28.25],[-122.75,-27.998],[-122.447,-28.25],[-122.42,-28.5],[-122.741,-28.75],[-122.715,-29.0],[-122.819,-29.25],[-123.0,-29.39],[-123.25,-29.396],[-123.349,-29.5],[-123.257,-29.75],[-123.21,-30.25],[-122.878,-30.5],[-121.75,-30.833],[-121.0,-31.263],[-120.0,-31.702],[-119.5,-32.116],[-119.25,-32.194],[-119.0,-32.388],[-118.614,-32.5],[-118.75,-32.748],[-119.25,-32.756],[-120.5,-32.418],[-121.5,-32.211],[-122.0,-32.183],[-122.273,-32.25],[-121.983,-32.5],[-122.25,-32.634],[-123.25,-32.631],[-124.25,-32.852],[-124.75,-32.893],[-125.25,-32.813],[-127.0,-32.271],[-128.0,-32.157],[-129.25,-31.851],[-129.75,-31.634],[-130.75,-31.425],[-132.0,-31.482],[-132.25,-31.437],[-132.5,-31.325],[-133.5,-30.592],[-134.0,-30.361],[-135.0,-30.047],[-135.5,-30.077],[-136.0,-29.932],[-136.5,-29.929],[-136.75,-29.856],[-137.25,-29.578],[-137.589,-29.25],[-137.75,-28.735],[-138.0,-28.496],[-138.25,-28.602],[-138.445,-28.75],[-138.5,-28.867],[-139.25,-28.571],[-140.5,-28.92],[-141.25,-28.879],[-142.75,-28.17],[-143.25,-28.119],[-143.422,-28.25],[-143.75,-28.303],[-144.25,-28.181],[-144.494,-28.0],[-144.438,-27.75],[-144.076,-27.5],[-144.25,-27.35],[-144.56,-27.5],[-144.75,-27.699],[-145.493,-28.0],[-145.746,-28.25],[-145.703,-28.75],[-145.75,-28.937],[-146.057,-29.25],[-146.25,-29.312],[-147.0,-29.278],[-148.0,-29.532],[-148.25,-29.515],[-148.5,-29.344],[-148.75,-29.624],[-149.25,-29.901],[-149.5,-29.962],[-150.25,-29.953],[-151.0,-30.065],[-151.321,-30.0],[-151.601,-29.75],[-152.061,-29.5],[-152.5,-29.453],[-153.25,-29.587],[-153.5,-29.567],[-154.0,-28.827],[-154.713,-28.25],[-155.25,-28.133],[-155.75,-28.293],[-156.25,-28.314],[-156.387,-28.25],[-156.499,-27.75],[-156.75,-27.722],[-157.279,-28.25],[-157.512,-28.75],[-158.25,-29.279],[-158.5,-29.342],[-159.5,-29.302],[-160.085,-29.0],[-160.205,-28.75],[-160.0,-28.45],[-159.75,-28.327],[-159.447,-28.0],[-159.192,-27.5],[-159.203,-27.25],[-159.444,-27.0],[-159.519,-26.75],[-159.502,-26.5],[-159.146,-26.0],[-159.139,-25.75],[-158.898,-24.75],[-158.546,-24.25],[-158.475,-23.75],[-158.555,-23.5],[-158.372,-22.0],[-158.562,-21.75],[-158.452,-21.5],[-158.072,-21.0],[-157.328,-20.5],[-157.0,-20.202],[-155.25,-19.391],[-154.591,-19.25],[-154.0,-18.808],[-153.75,-18.805],[-153.302,-19.0],[-152.75,-19.095],[-150.75,-19.057],[-149.25,-19.1],[-148.0,-19.219],[-147.5,-19.336],[-146.75,-19.656],[-145.75,-19.92],[-144.25,-20.583],[-143.0,-20.981],[-141.75,-21.053],[-141.25,-21.142],[-141.0,-21.213],[-140.5,-21.573],[-140.0,-21.484],[-139.5,-21.563],[-139.25,-21.671],[-139.0,-21.944],[-138.819,-22.0],[-138.864,-22.25],[-138.75,-22.344],[-138.62,-22.25],[-138.5,-21.947],[-138.25,-21.878],[-136.25,-22.183],[-136.0,-22.053],[-135.75,-22.016],[-135.25,-22.036],[-134.75,-22.403],[-134.5,-22.481],[-134.0,-22.435],[-133.5,-22.304],[-133.391,-22.25],[-133.133,-21.75],[-133.0,-21.628],[-132.75,-21.537],[-132.25,-21.525],[-132.13,-21.25],[-132.179,-21.0],[-132.0,-20.948],[-131.75,-21.052],[-131.465,-21.0],[-131.014,-20.75],[-130.5,-20.704],[-130.25,-20.58],[-130.052,-20.25],[-129.966,-19.75],[-129.419,-19.5],[-128.831,-19.0],[-128.0,-18.897],[-127.5,-18.984],[-127.0,-19.297],[-125.75,-19.37],[-125.0,-19.225],[-124.668,-19.0],[-124.499,-18.75],[-124.631,-18.5],[-124.551,-18.25],[-124.75,-18.04],[-125.0,-17.919],[-125.25,-17.687],[-126.22,-17.25],[-126.424,-17.0],[-126.542,-16.75],[-126.5,-16.176],[-126.791,-15.5],[-126.944,-14.5],[-127.431,-14.0],[-127.5,-13.831],[-127.75,-13.681],[-128.0,-13.882],[-128.25,-14.288],[-128.5,-14.379],[-128.622,-14.25],[-128.072,-13.5],[-128.003,-13.0],[-127.756,-12.25],[-127.531,-11.25],[-127.75,-10.769],[-127.946,-10.5],[-128.022,-10.0],[-128.408,-9.5],[-128.504,-9.25],[-128.411,-8.75],[-128.736,-8.25],[-128.544,-7.75],[-128.25,-7.595],[-127.75,-7.608],[-127.645,-7.5],[-127.67,-7.25],[-128.0,-6.843],[-128.25,-6.749],[-128.5,-6.844],[-128.75,-6.83],[-129.25,-6.549],[-129.799,-6.5],[-129.911,-6.25],[-129.83,-6.0],[-129.347,-5.5],[-129.28,-5.25],[-129.327,-5.0],[-129.5,-4.865],[-129.75,-4.846],[-130.25,-4.945],[-130.75,-4.904],[-131.25,-4.671],[-131.5,-4.641],[-131.75,-4.72],[-132.0,-4.702],[-132.25,-4.809],[-132.5,-4.834],[-132.75,-4.773],[-133.0,-4.918],[-133.5,-4.826],[-133.75,-4.863],[-133.976,-5.0],[-134.313,-5.25],[-134.75,-5.698],[-135.75,-5.539],[-136.25,-5.385],[-137.0,-4.948],[-138.0,-4.784],[-138.521,-4.5],[-138.714,-4.25],[-138.829,-4.0],[-138.776,-3.5],[-138.862,-3.25],[-139.054,-3.0],[-139.75,-2.531],[-140.75,-2.708],[-141.5,-2.705],[-141.844,-2.5],[-142.097,-2.25],[-142.198,-2.0],[-142.272,-1.5],[-142.222,-1.0],[-142.268,-0.5],[-142.11,0.25],[-142.167,0.5],[-142.25,0.554],[-142.5,0.526],[-142.624,0.25],[-142.433,-0.25],[-143.153,-0.75],[-143.296,-1.0],[-142.764,-1.25],[-142.881,-1.5],[-143.177,-1.75],[-143.5,-2.152],[-144.0,-2.381],[-144.25,-2.423],[-144.552,-2.0],[-145.0,-1.74],[-145.25,-1.684],[-145.586,-1.75],[-146.191,-2.25],[-146.0,-2.527],[-145.75,-2.626],[-145.25,-2.668],[-145.083,-2.75],[-144.837,-3.0],[-144.969,-3.25],[-145.004,-3.75],[-145.238,-4.0],[-145.5,-4.13],[-146.5,-4.189],[-147.0,-3.996],[-147.75,-3.982],[-148.0,-4.106],[-148.498,-4.5],[-148.701,-4.75],[-149.121,-5.5],[-149.769,-6.0],[-149.827,-6.25],[-149.631,-7.0],[-150.0,-8.069],[-150.761,-8.75],[-151.529,-9.25],[-151.68,-9.5],[-151.594,-9.75],[-151.638,-10.25],[-151.731,-10.5],[-153.01,-11.25],[-153.321,-11.5],[-153.642,-12.0],[-153.891,-12.0],[-154.25,-11.82],[-154.222,-11.25],[-154.419,-11.0],[-154.75,-10.872],[-155.75,-10.885],[-156.25,-10.73],[-157.0,-10.333],[-157.5,-10.211],[-157.75,-10.01],[-157.916,-9.5],[-157.626,-8.5],[-157.75,-8.267],[-158.0,-8.238],[-158.25,-8.684],[-158.75,-8.8],[-160.25,-8.817],[-161.0,-8.907],[-162.0,-8.675],[-163.25,-8.586],[-163.75,-8.625],[-164.0,-8.785],[-164.501,-9.25],[-164.866,-9.75],[-164.904,-10.25],[-164.75,-10.509],[-165.0,-10.728],[-165.5,-10.85],[-165.75,-10.609],[-166.0,-10.594],[-166.171,-10.75],[-166.25,-11.103],[-166.457,-11.5],[-166.24,-11.75],[-166.097,-12.25],[-166.25,-12.614],[-166.5,-12.805],[-166.6,-13.0],[-166.25,-13.567],[-166.0,-13.735],[-165.5,-13.927],[-164.78,-14.0],[-164.566,-14.25],[-164.575,-14.5],[-164.425,-14.75],[-164.136,-15.0],[-163.75,-15.21],[-163.25,-15.361],[-162.61,-15.75],[-162.774,-16.0],[-162.647,-16.25],[-162.715,-16.5],[-163.75,-16.834],[-164.074,-17.0],[-164.25,-17.173],[-165.25,-17.08],[-166.0,-17.69],[-166.979,-18.25],[-167.054,-19.0],[-167.31,-19.25],[-167.5,-19.358],[-168.0,-19.463],[-168.75,-19.483],[-169.246,-19.75],[-169.383,-20.0],[-169.408,-20.25],[-169.341,-20.75],[-169.092,-21.5],[-169.25,-21.649],[-169.5,-21.757],[-169.985,-21.75],[-170.25,-21.648],[-170.869,-21.25],[-171.75,-20.885],[-171.904,-20.75],[-172.116,-20.0],[-172.0,-19.841],[-171.5,-20.101],[-171.25,-20.108],[-170.75,-19.695],[-170.5,-19.643],[-170.0,-19.833],[-169.887,-19.75],[-169.706,-19.25],[-169.5,-19.174],[-168.75,-18.428],[-168.25,-18.259],[-168.0,-17.921],[-167.75,-17.82],[-167.281,-17.75],[-167.495,-17.5],[-167.902,-17.25],[-168.192,-16.5],[-168.5,-16.261],[-169.5,-15.88],[-170.0,-15.605],[-170.25,-15.549],[-171.0,-15.554],[-172.645,-16.5],[-173.047,-17.25],[-173.912,-17.75],[-174.25,-17.877],[-174.5,-17.921],[-174.75,-17.876],[-174.876,-17.75],[-174.889,-17.5],[-175.0,-17.398],[-175.611,-17.25],[-175.75,-17.114],[-175.814,-17.0],[-175.5,-16.728],[-175.25,-16.647],[-174.75,-16.728],[-174.318,-16.25],[-173.75,-16.164],[-173.19,-15.5],[-172.956,-15.0],[-173.0,-14.93],[-173.25,-14.949],[-173.75,-15.233],[-174.145,-15.0],[-174.552,-14.25],[-174.462,-14.0],[-174.557,-13.25],[-174.512,-13.0],[-175.0,-12.615],[-175.672,-12.25],[-176.25,-11.808],[-176.315,-11.5],[-176.266,-11.25],[-176.34,-11.0],[-176.931,-10.5],[-176.75,-10.246],[-176.25,-10.03],[-176.0,-10.217],[-175.25,-10.124],[-174.5,-10.322],[-174.121,-10.5],[-173.75,-10.906],[-173.59,-11.0],[-173.0,-11.049],[-172.573,-11.25],[-172.464,-11.5],[-172.064,-12.0],[-172.112,-12.25],[-172.27,-12.5],[-172.399,-13.0],[-172.65,-13.25],[-172.75,-13.25],[-173.182,-13.5],[-172.75,-14.203],[-172.5,-14.257],[-171.5,-14.25],[-171.25,-14.0],[-171.383,-13.867],[-171.314,-13.75],[-171.334,-13.25],[-171.25,-12.997],[-170.75,-12.651],[-170.25,-12.469],[-169.902,-12.25],[-169.5,-11.751],[-169.084,-11.5],[-168.934,-11.25],[-168.75,-10.683],[-168.5,-10.913],[-168.309,-10.75],[-168.249,-10.5],[-168.5,-10.489],[-168.562,-10.25],[-168.52,-9.75],[-168.876,-9.25],[-169.06,-8.75],[-168.898,-8.5],[-168.777,-7.5],[-168.843,-6.75],[-168.775,-6.0],[-168.829,-5.75],[-168.639,-5.0],[-168.25,-4.692],[-167.5,-4.291],[-167.0,-4.337],[-166.441,-4.25],[-166.576,-4.0],[-166.75,-3.901],[-166.851,-3.75],[-166.791,-3.5],[-166.5,-3.242],[-166.0,-3.081],[-165.75,-2.802],[-165.775,-2.25],[-165.635,-1.75],[-165.464,-1.25],[-164.999,-0.5],[-164.941,-0.25],[-165.034,0.5],[-164.75,0.914],[-164.25,1.203],[-164.0,1.429],[-163.588,2.0],[-163.531,2.5],[-164.0,3.406],[-164.25,3.714],[-164.5,3.811],[-164.75,3.809],[-165.0,3.951],[-165.25,3.904],[-165.632,3.5],[-166.0,3.389],[-166.5,3.026],[-167.374,2.0],[-167.7,1.5],[-168.237,1.25],[-168.572,0.75],[-168.626,0.25],[-169.0,0.011],[-169.25,-0.061],[-169.5,-0.062],[-170.0,0.122],[-170.75,0.695],[-171.75,0.988],[-172.25,0.909],[-173.0,0.434],[-173.25,0.37],[-173.75,0.53],[-174.524,0.0],[-175.25,-0.2],[-175.75,-0.132],[-176.5,-0.157],[-177.0,-0.057],[-177.75,0.801],[-178.0,0.956],[-179.0,0.607],[-179.5,0.353],[-180.0,0.303],[-180.0,30.026],[-179.5,29.942],[-179.0,29.749],[-178.5,29.788],[-178.145,30.0],[-177.956,30.5],[-177.936,30.75],[-177.083,31.25],[-175.5,31.911],[-174.75,31.958],[-173.75,32.155],[-173.5,32.257],[-172.75,32.886],[-172.5,32.998],[-171.25,33.301],[-170.0,33.719],[-169.818,34.0],[-169.784,35.5],[-169.539,35.75],[-169.0,35.627],[-168.5,35.738],[-167.5,35.515],[-166.737,35.5],[-166.5,35.604],[-166.395,35.75],[-166.571,36.25],[-166.0,36.443],[-165.25,36.908],[-164.75,37.33],[-164.25,37.639],[-164.136,38.0],[-163.75,38.219],[-162.5,37.894],[-162.0,37.918],[-161.397,38.25],[-160.75,38.287],[-160.5,38.367],[-160.25,38.599],[-159.75,38.794],[-158.25,39.049],[-157.75,39.315],[-157.0,39.6],[-156.5,39.613],[-155.5,39.478],[-154.75,39.528],[-154.5,39.584],[-154.25,39.761],[-153.75,39.939],[-153.651,40.0],[-153.783,40.5],[-153.741,40.75],[-153.06,41.0],[-152.654,41.25],[-152.5,41.365],[-152.344,41.75],[-152.298,42.0],[-152.376,42.25],[-152.803,42.75],[-152.845,43.0],[-152.75,43.132],[-152.603,43.25],[-151.75,43.399],[-150.75,43.345],[-149.98,43.5],[-149.799,43.75],[-150.0,43.919],[-151.395,44.5],[-151.038,44.75],[-150.25,45.019],[-150.0,45.178],[-149.96,45.25],[-150.499,45.75],[-150.0,45.975],[-148.962,46.25],[-148.867,46.5],[-149.418,47.0],[-149.606,47.25],[-149.568,47.75],[-149.938,48.0],[-150.059,48.25],[-149.725,48.5],[-149.742,48.75],[-150.0,48.828],[-151.5,49.089],[-153.0,49.104],[-154.5,48.786],[-155.75,48.408],[-156.342,48.0],[-158.25,47.015],[-158.75,46.677],[-159.686,46.25],[-160.301,45.75],[-161.75,45.05],[-162.002,44.75],[-162.175,44.0],[-163.277,43.25],[-163.5,42.687],[-163.75,42.554],[-164.25,42.482],[-164.5,42.356],[-165.0,41.816],[-165.75,41.37],[-166.5,41.262],[-167.0,41.034],[-167.289,40.75],[-167.5,40.377],[-168.5,39.891],[-168.986,39.75],[-168.917,39.25],[-169.0,39.042],[-169.75,39.105],[-170.25,38.939],[-171.369,38.75],[-171.598,38.5],[-172.013,38.25],[-172.5,38.066],[-172.874,38.0],[-173.066,37.75],[-173.133,37.5],[-173.25,37.422],[-173.75,37.359],[-174.25,37.187],[-175.357,36.25],[-175.75,35.838],[-177.75,34.354],[-178.5,33.67],[-179.0,33.396],[-180.0,32.982],[-180.0,38.009],[-179.224,38.5],[-179.116,38.75],[-179.141,39.0],[-179.055,39.25],[-178.386,39.75],[-178.378,40.0],[-178.5,40.114],[-178.75,40.202],[-179.25,40.172],[-179.639,40.0],[-180.0,39.633],[-180.0,43.124],[-179.0,43.481],[-178.5,43.542],[-177.75,43.891],[-177.359,44.25],[-177.184,44.5],[-177.25,44.624],[-177.75,44.83],[-177.924,45.0],[-177.982,45.25],[-177.875,45.5],[-177.25,45.863],[-176.844,46.25],[-175.974,46.75],[-174.959,47.5],[-174.964,47.75],[-175.187,48.0],[-175.201,48.25],[-174.599,49.0],[-174.75,49.175],[-175.235,49.5],[-175.314,49.75],[-174.957,50.25],[-174.489,50.5],[-174.392,51.25],[-173.897,51.5],[-173.0,51.778],[-172.66,52.16],[-172.5,52.0],[-172.431,52.069],[-172.25,52.079],[-172.074,52.25],[-172.5,52.652],[-172.75,52.57],[-173.269,52.75],[-172.955,53.0],[-173.5,53.329],[-174.25,53.143],[-174.75,53.197],[-175.0,53.381],[-176.601,54.0],[-176.743,54.25],[-176.5,54.308],[-176.16,54.25],[-174.5,53.565],[-173.75,53.536],[-172.5,53.703],[-172.115,54.0],[-172.199,54.25],[-172.101,54.5],[-168.5,55.554],[-168.0,55.614],[-167.5,55.594],[-164.994,55.25],[-164.924,55.0],[-165.25,54.601],[-165.469,54.5],[-166.0,54.401],[-166.15,54.25],[-166.75,54.198],[-167.517,53.75],[-168.0,53.75],[-168.105,53.645],[-168.75,53.384],[-169.0,53.21],[-169.25,53.145],[-169.75,53.224],[-170.0,53.139],[-170.15,53.0],[-170.182,52.75],[-170.0,52.642],[-169.25,52.906],[-169.0,52.848],[-168.889,52.889],[-168.75,52.75],[-168.627,52.873],[-167.874,53.124],[-167.75,53.0],[-167.554,53.196],[-167.25,53.284],[-167.073,53.323],[-167.0,53.25],[-166.75,53.25],[-166.554,53.446],[-166.25,53.5],[-166.095,53.655],[-165.75,53.839],[-165.375,54.0],[-164.75,54.15],[-164.086,54.5],[-163.25,54.5],[-163.109,54.641],[-163.0,54.635],[-162.75,54.47],[-162.5,54.429],[-162.324,54.5],[-162.25,54.677],[-161.0,55.206],[-160.75,55.0],[-160.5,55.0],[-160.358,55.142],[-160.0,54.927],[-159.5,54.957],[-159.25,54.908],[-159.063,55.0],[-158.868,55.5],[-158.36,56.0],[-158.0,56.095],[-157.507,56.5],[-157.0,56.573],[-156.75,56.702],[-155.643,57.5],[-155.38,57.5],[-155.25,57.378],[-155.126,57.0],[-155.11,56.25],[-155.5,56.185],[-155.74,56.0],[-155.5,55.847],[-154.973,56.0],[-154.75,56.192],[-154.55,56.25],[-153.75,56.301],[-152.948,56.5],[-152.21,56.75],[-150.625,57.75],[-150.568,58.0],[-150.75,58.166],[-151.103,58.25],[-149.725,58.5],[-149.0,58.764],[-147.0,59.698],[-146.5,59.734],[-146.25,59.478],[-146.193,59.5],[-146.228,59.75],[-145.25,59.967],[-144.25,59.783],[-143.334,60.0],[-142.461,60.0],[-141.75,59.75],[-141.163,59.663],[-141.0,59.5],[-140.102,59.5],[-139.948,59.448],[-139.75,59.25],[-139.388,59.25],[-138.694,59.0],[-138.485,58.75],[-138.232,58.25],[-137.25,57.997],[-137.099,57.75],[-137.161,57.5],[-137.086,57.25],[-136.182,56.75],[-135.969,56.25],[-135.751,56.0],[-135.681,55.75],[-135.649,55.25],[-135.749,55.0],[-136.152,54.75],[-136.372,54.5],[-136.129,54.25],[-136.042,53.75],[-135.886,53.5],[-136.22,53.0],[-136.129,52.75],[-135.942,52.5],[-136.0,52.385],[-136.733,51.5],[-137.22,51.25],[-137.472,51.0],[-137.25,50.461],[-137.373,50.25],[-138.25,49.606],[-138.488,49.25],[-138.876,49.0],[-140.233,48.75],[-140.725,48.5],[-139.991,48.0],[-139.876,47.75],[-140.072,47.5],[-140.158,47.25],[-140.422,47.0],[-140.432,46.5],[-140.526,46.25],[-140.739,46.0],[-141.45,45.75],[-141.436,45.5],[-141.336,45.25],[-141.75,45.059],[-142.75,44.982],[-144.0,44.671],[-144.281,44.5],[-144.007,44.25],[-143.314,44.0],[-142.831,43.75],[-142.76,43.5],[-143.432,43.25],[-143.501,43.0],[-143.453,42.75],[-144.25,42.65],[-145.25,42.427],[-145.529,42.25],[-145.25,42.065],[-144.969,42.0],[-144.472,41.75],[-145.25,41.668],[-145.528,41.5],[-145.523,41.25],[-145.606,41.0],[-146.0,40.849],[-146.56,40.75],[-146.604,40.5],[-146.511,40.25],[-146.278,40.0],[-146.262,39.75],[-146.409,39.25],[-146.277,38.75],[-146.0,38.292],[-145.846,38.25],[-147.25,38.327],[-147.371,38.25],[-147.314,38.0],[-146.825,37.5],[-146.459,37.25],[-146.293,37.0],[-146.398,36.75],[-146.0,36.644],[-145.75,36.727],[-145.5,36.698],[-145.365,36.25],[-144.5,35.687],[-144.0,35.27],[-144.0,35.122],[-144.189,35.0],[-144.0,34.975],[-143.5,34.743],[-142.75,34.718],[-142.0,34.567],[-141.5,34.652],[-141.25,34.616],[-141.089,34.5],[-140.942,34.25],[-140.75,34.125],[-140.0,33.898],[-139.667,33.5],[-139.25,33.207],[-138.25,33.151],[-138.189,33.25],[-138.326,33.5],[-138.25,33.603],[-137.25,33.358],[-136.25,33.314],[-135.75,33.131],[-135.25,33.081],[-134.75,32.696],[-134.5,32.614],[-133.75,32.725],[-133.5,32.377],[-133.25,32.295],[-132.927,32.5],[-132.5,33.03],[-132.25,32.878],[-131.75,32.725],[-131.25,32.618],[-130.75,32.61],[-130.5,32.668],[-130.0,32.961],[-129.5,33.025],[-128.75,33.015],[-128.25,33.104],[-128.028,33.25],[-127.886,33.5],[-127.873,33.75],[-128.523,35.0],[-128.648,35.75],[-128.584,36.75],[-128.646,37.0],[-129.24,38.0],[-129.299,38.25],[-129.202,38.75],[-129.296,39.0],[-129.265,39.75],[-129.327,40.5],[-129.118,41.0],[-128.75,41.278],[-128.25,41.468],[-128.0,41.496],[-127.393,42.0],[-126.987,42.5],[-126.5,42.74],[-126.25,42.758],[-125.25,42.347],[-125.0,42.382],[-124.759,42.25],[-124.809,41.75],[-124.625,40.5],[-124.133,39.25],[-123.692,38.5],[-123.339,37.5],[-123.137,36.25],[-123.25,35.961],[-123.75,36.228],[-124.578,36.0],[-124.622,35.75],[-124.469,35.0],[-124.75,34.699],[-125.0,33.599],[-125.25,33.494],[-125.558,33.5],[-125.649,33.25],[-125.25,32.62],[-124.75,32.385],[-124.143,31.75],[-123.75,31.505],[-123.5,31.417],[-123.25,31.417],[-122.75,31.89],[-122.5,31.821],[-122.151,30.75],[-121.5,29.768],[-121.25,29.561],[-120.75,29.598],[-120.49,29.5],[-120.5,29.235],[-120.676,29.0],[-121.0,28.819],[-121.25,28.49],[-121.5,27.75],[-121.431,27.0],[-121.092,26.0],[-121.284,25.25],[-121.399,24.5],[-121.37,24.0],[-121.554,23.5],[-121.551,23.25],[-121.155,22.75],[-121.182,22.5],[-121.956,21.5],[-122.027,21.25],[-122.12,20.75],[-122.062,20.5],[-121.733,20.0],[-121.667,19.75],[-122.151,19.0],[-122.24,18.5],[-122.153,18.0],[-121.841,17.5],[-121.711,17.0],[-122.146,16.75],[-122.75,16.109],[-122.816,16.0],[-122.821,15.75],[-122.788,15.25],[-122.585,14.25],[-122.4,13.75],[-122.379,13.25],[-122.068,12.5],[-121.896,11.75],[-121.924,11.5],[-121.855,11.25],[-121.5,10.91],[-121.25,10.844],[-120.962,11.25],[-120.75,11.358],[-120.5,11.378],[-120.25,11.164],[-120.057,10.75],[-119.91,10.0],[-119.891,9.5],[-120.0,9.138],[-120.356,8.75],[-120.477,8.5],[-120.25,8.261],[-119.75,8.162],[-119.25,7.973],[-118.5,7.318],[-117.75,7.146],[-117.0,6.723],[-116.75,6.761],[-116.5,6.922],[-116.0,6.973],[-115.953,7.0],[-116.032,7.25],[-116.5,7.718],[-117.25,8.135],[-117.5,8.151],[-117.75,8.079],[-118.0,8.208],[-118.051,8.5],[-118.0,8.677],[-117.75,9.009],[-117.25,8.496],[-116.5,8.096],[-116.0,7.995],[-115.5,7.712],[-115.0,7.564],[-114.75,7.653],[-114.5,7.867],[-114.25,7.782],[-114.0,7.539],[-113.949,7.25],[-114.0,7.221],[-114.25,7.16],[-114.75,7.215],[-115.0,7.168],[-115.423,6.75],[-115.241,6.25],[-114.824,3.75],[-114.75,3.678],[-114.112,3.5],[-114.102,2.5],[-114.017,2.0],[-113.75,1.615],[-113.563,1.5],[-113.25,1.488],[-112.5,1.903],[-112.0,1.28],[-111.75,1.199],[-111.25,1.402],[-110.5,1.875],[-110.25,1.902],[-109.5,1.653],[-108.75,1.655],[-108.5,1.566],[-108.209,1.25],[-107.752,0.0],[-107.428,-0.25],[-107.25,-0.5],[-107.0,-1.214],[-106.501,-2.0],[-106.0,-2.119],[-104.25,-2.028],[-103.25,-2.098],[-102.75,-2.375],[-102.25,-2.791],[-102.0,-3.228],[-101.75,-3.294],[-101.532,-3.5],[-101.5,-3.843],[-101.25,-4.109],[-100.25,-4.339],[-100.0,-4.434],[-99.626,-4.75],[-99.0,-4.942],[-98.75,-4.952],[-98.5,-4.858],[-98.19,-4.5],[-98.206,-4.25],[-98.323,-4.0],[-98.208,-3.75],[-97.75,-3.311],[-97.25,-3.375],[-97.0,-3.319],[-96.75,-3.433],[-96.192,-3.25],[-96.0,-3.047],[-95.75,-3.01],[-95.529,-3.5],[-95.255,-3.75],[-95.147,-4.0],[-95.097,-4.25],[-95.325,-4.75],[-95.25,-4.856],[-94.5,-5.199],[-94.0,-5.546],[-93.75,-5.582],[-92.5,-5.178],[-92.0,-5.366],[-91.5,-5.166],[-91.25,-5.311],[-90.5,-6.27],[-90.25,-6.384],[-89.674,-6.0],[-89.25,-5.935],[-88.676,-6.25],[-88.776,-6.75],[-88.634,-7.0],[-88.0,-7.621],[-87.5,-7.772],[-87.251,-8.0],[-87.177,-8.5],[-87.048,-8.75],[-87.101,-9.0],[-87.494,-9.25],[-87.737,-9.5],[-88.25,-10.468],[-88.5,-10.557],[-88.75,-10.579],[-88.998,-10.5],[-89.258,-10.25],[-89.309,-9.75],[-89.238,-9.5],[-89.402,-9.0],[-90.25,-7.733],[-90.5,-7.675],[-90.75,-7.716],[-90.867,-7.5],[-91.0,-7.397],[-91.5,-7.472],[-91.5,-7.627],[-91.351,-8.0],[-91.624,-8.25],[-91.756,-8.5],[-91.25,-8.621],[-90.308,-9.5],[-90.33,-10.0],[-90.25,-10.227],[-89.75,-10.86],[-89.476,-11.0],[-89.145,-11.75],[-89.0,-11.987],[-88.75,-12.202],[-88.5,-12.3],[-87.75,-12.317],[-87.656,-11.75],[-87.25,-11.535],[-87.0,-11.686],[-86.5,-12.358],[-86.047,-12.75],[-86.0,-13.025],[-86.185,-13.25],[-86.5,-13.396],[-86.75,-13.358],[-87.25,-12.626],[-87.5,-12.517],[-87.551,-12.75],[-87.717,-13.0],[-88.0,-13.277],[-88.25,-13.382],[-89.466,-13.0],[-89.75,-13.03],[-90.046,-13.25],[-90.391,-14.0],[-90.419,-14.25],[-90.366,-14.5],[-90.25,-14.688],[-89.75,-14.781],[-89.25,-15.068],[-88.903,-15.5],[-88.874,-15.75],[-89.0,-15.998],[-89.5,-16.578],[-89.75,-16.694],[-90.0,-16.703],[-90.25,-16.799],[-90.503,-17.0],[-90.671,-17.75],[-90.59,-18.0],[-90.5,-18.101],[-90.0,-18.293],[-89.5,-18.298],[-89.25,-18.466],[-89.111,-18.75],[-88.75,-18.942],[-88.25,-19.428],[-87.75,-19.504],[-87.286,-19.75],[-87.5,-19.89],[-88.0,-19.906],[-88.179,-20.0],[-88.318,-20.25],[-88.326,-20.75],[-88.643,-21.5],[-89.5,-21.94],[-90.0,-22.665],[-90.5,-23.003],[-90.994,-23.5],[-91.155,-23.75],[-91.274,-24.25],[-91.23,-24.5],[-91.0,-24.588],[-90.838,-24.75],[-90.893,-25.0],[-91.0,-25.254],[-91.5,-25.63],[-91.789,-26.0],[-91.626,-26.25],[-92.624,-26.75],[-93.124,-27.25],[-93.907,-27.75],[-94.113,-28.0],[-94.25,-28.346],[-94.5,-28.612],[-95.25,-28.769],[-95.716,-29.0],[-95.971,-29.5],[-96.5,-29.87],[-97.25,-30.066],[-99.102,-30.25],[-99.25,-30.425],[-99.302,-30.75],[-99.5,-30.998],[-100.0,-31.206],[-100.367,-31.5],[-100.558,-31.75],[-100.626,-32.0],[-100.5,-32.253],[-100.25,-32.301],[-99.5,-32.244],[-99.25,-32.317],[-99.118,-32.5],[-98.969,-33.0],[-98.898,-33.75],[-98.732,-34.0],[-98.5,-34.156],[-97.75,-34.18],[-97.0,-34.431],[-96.637,-34.75],[-96.25,-35.379],[-96.0,-35.498],[-95.5,-35.606],[-95.0,-35.964],[-94.861,-36.25],[-94.907,-36.5],[-95.63,-36.75],[-95.994,-37.0],[-95.836,-37.25],[-95.25,-37.346],[-94.25,-37.181],[-93.5,-37.153],[-93.0,-37.23],[-92.557,-37.5],[-92.418,-37.75],[-92.648,-38.0],[-93.455,-38.25],[-93.931,-38.5],[-94.077,-38.75],[-94.067,-39.0],[-93.783,-39.25],[-92.75,-39.286],[-91.75,-39.421],[-91.516,-39.25],[-91.546,-39.0],[-91.761,-38.5],[-91.533,-38.25],[-91.25,-38.15],[-91.0,-38.141],[-90.0,-38.316],[-89.633,-38.5],[-89.25,-38.87],[-89.15,-39.0],[-89.25,-39.283],[-90.5,-39.394],[-91.5,-39.569],[-92.402,-40.25],[-92.427,-40.75],[-91.86,-41.0],[-91.91,-41.25],[-91.667,-41.5],[-91.818,-42.25],[-91.814,-42.5],[-91.73,-42.75],[-91.319,-43.25],[-91.336,-43.5],[-91.241,-44.0],[-91.263,-44.5],[-91.083,-44.75],[-90.764,-45.0],[-90.684,-45.25],[-90.015,-45.75],[-89.0,-46.75],[-88.722,-47.25],[-88.7,-47.5],[-88.59,-47.75],[-88.647,-48.0],[-88.46,-48.25],[-88.274,-48.75],[-88.397,-49.0],[-88.184,-49.25],[-88.194,-49.5],[-88.339,-49.75],[-88.216,-50.5],[-87.838,-51.75],[-87.75,-51.884],[-87.25,-51.99],[-85.5,-51.722],[-84.75,-51.818],[-84.462,-52.0],[-84.27,-52.25],[-84.0,-52.904],[-83.673,-53.5],[-83.454,-53.75],[-83.25,-53.905],[-82.75,-54.076],[-82.25,-54.097],[-81.75,-54.009],[-80.794,-53.5],[-80.897,-53.25],[-80.809,-53.0],[-80.25,-52.437],[-80.0,-52.29],[-79.25,-52.133],[-78.75,-51.895],[-78.525,-51.75],[-78.364,-51.25],[-77.75,-50.687],[-77.25,-50.425],[-76.5,-50.288],[-76.25,-49.959],[-76.0,-49.823],[-75.75,-50.032],[-75.528,-50.5],[-75.563,-50.75],[-75.284,-51.0],[-75.414,-51.25],[-75.438,-51.5],[-75.25,-51.737],[-75.25,-52.0],[-75.093,-52.343],[-75.25,-52.5],[-75.25,-53.0],[-75.0,-53.25],[-74.75,-53.25],[-74.5,-53.0],[-73.955,-53.455],[-74.0,-53.5],[-73.75,-53.75],[-73.586,-53.75],[-73.432,-54.0],[-73.25,-54.141],[-72.658,-54.342],[-72.5,-54.5],[-72.25,-54.5],[-72.0,-54.75],[-71.75,-54.75],[-71.25,-55.25],[-70.25,-55.25],[-70.0,-55.5],[-69.75,-55.5],[-69.5,-55.75],[-68.25,-55.75],[-68.106,-55.606],[-68.0,-55.618],[-67.69,-55.69],[-67.75,-55.75],[-67.5,-56.0],[-67.25,-56.0],[-67.043,-55.793],[-66.892,-55.75],[-66.757,-55.5],[-66.355,-55.25],[-66.25,-55.25],[-65.902,-55.0],[-65.25,-55.0],[-65.0,-54.754],[-64.25,-54.892],[-64.0,-54.869],[-63.794,-54.75],[-63.021,-53.25],[-63.097,-53.0],[-63.766,-52.75],[-63.697,-52.5],[-63.555,-52.25],[-63.25,-51.926],[-62.5,-50.607],[-62.25,-50.281],[-62.0,-50.082],[-61.75,-50.024],[-61.5,-50.251],[-61.375,-50.75],[-61.437,-51.0],[-61.317,-51.25],[-61.446,-51.75],[-61.177,-51.927],[-61.25,-52.0],[-61.0,-52.25],[-59.838,-52.25],[-59.75,-52.32],[-58.75,-52.25],[-58.25,-52.0],[-57.993,-51.743],[-57.75,-51.64],[-57.602,-51.5],[-57.446,-49.75],[-57.517,-49.25],[-57.916,-48.25],[-57.953,-48.0],[-57.82,-47.0],[-57.24,-46.5],[-57.261,-46.0],[-57.448,-45.5],[-57.411,-45.25],[-57.25,-45.011],[-56.888,-44.75],[-56.25,-44.476],[-56.106,-44.25],[-56.0,-43.824],[-55.75,-43.572],[-54.916,-43.0],[-54.0,-42.533],[-53.463,-42.0],[-52.83,-41.5],[-52.726,-41.25],[-52.742,-41.0],[-52.527,-40.75],[-52.488,-40.5],[-52.67,-40.25],[-52.356,-40.0],[-52.387,-39.75],[-52.242,-39.25],[-52.061,-39.0],[-52.011,-38.75],[-52.162,-38.0],[-52.0,-37.474],[-51.75,-37.384],[-51.464,-37.5],[-50.75,-38.027],[-50.369,-37.75],[-50.115,-37.0],[-50.124,-36.25],[-49.814,-35.25],[-49.803,-34.75],[-49.62,-34.0],[-49.789,-33.25],[-50.0,-33.144],[-50.074,-33.0],[-50.0,-32.842],[-49.776,-32.75],[-49.82,-32.25],[-49.75,-31.943],[-49.704,-32.25],[-49.733,-33.25],[-49.472,-33.5],[-49.25,-33.904],[-49.0,-34.022],[-48.75,-34.013],[-48.5,-34.087],[-48.367,-34.5],[-48.341,-35.25],[-48.23,-35.5],[-48.0,-35.594],[-47.5,-35.561],[-47.25,-35.477],[-46.753,-35.0],[-46.527,-34.5],[-46.511,-33.75],[-46.154,-33.25],[-46.0,-33.151],[-45.25,-33.058],[-43.75,-32.612],[-43.533,-32.5],[-43.328,-32.25],[-43.265,-32.0],[-43.294,-31.75],[-43.935,-30.75],[-44.25,-30.566],[-44.5,-30.531],[-44.75,-30.603],[-45.0,-30.768],[-45.25,-30.776],[-46.25,-30.418],[-46.75,-30.134],[-47.0,-30.119],[-47.211,-30.25],[-47.484,-31.0],[-47.75,-31.119],[-48.0,-31.144],[-48.295,-31.0],[-48.372,-30.5],[-48.271,-29.5],[-47.63,-28.25],[-47.455,-27.25],[-47.29,-26.75],[-46.73,-25.75],[-46.25,-24.97],[-46.022,-24.75],[-45.943,-24.5],[-45.279,-24.0],[-45.0,-23.873],[-44.562,-23.5],[-43.894,-23.25],[-43.5,-23.25],[-43.25,-23.175],[-43.026,-23.0],[-42.0,-23.0],[-41.691,-22.75],[-41.5,-22.418],[-41.263,-22.25],[-41.0,-22.25],[-40.5,-21.66],[-39.75,-20.002],[-39.36,-19.5],[-39.11,-19.0],[-39.0,-18.428],[-38.901,-18.25],[-38.75,-18.212],[-38.512,-18.0],[-38.371,-17.75],[-38.447,-17.5],[-38.78,-17.0],[-38.701,-16.5],[-38.359,-16.0],[-38.3,-15.75],[-38.25,-15.71],[-38.0,-15.76],[-36.25,-15.289],[-34.5,-15.65],[-33.5,-16.087],[-33.0,-16.41],[-32.25,-16.778],[-31.408,-17.5],[-30.484,-18.0],[-29.5,-18.425],[-27.417,-19.75],[-25.17,-20.75],[-24.25,-21.464],[-23.25,-21.964],[-22.25,-22.321],[-21.5,-22.765],[-20.25,-22.983],[-19.215,-23.5],[-18.5,-23.768],[-17.25,-24.105],[-17.0,-24.268],[-16.75,-24.268],[-15.847,-24.5],[-14.75,-24.664],[-13.25,-25.094],[-12.657,-25.5],[-12.049,-25.75],[-10.75,-26.088],[-9.5,-26.58],[-9.0,-26.857],[-8.485,-27.5],[-8.172,-27.75],[-4.75,-29.068],[-3.5,-29.866],[-2.75,-30.097],[-2.25,-30.392],[-1.5,-30.983],[-0.07,-31.75],[1.0,-32.226],[2.0,-32.758],[3.0,-32.978],[3.25,-33.085],[3.574,-33.25],[3.853,-33.5],[3.951,-33.75],[4.25,-34.007],[4.5,-33.847],[4.75,-33.821],[5.009,-34.0],[5.185,-34.25],[5.201,-34.5],[5.354,-34.75],[5.75,-34.88],[6.5,-35.385],[6.75,-35.455],[7.0,-35.413],[7.164,-35.5],[7.421,-35.75],[7.559,-36.0],[7.878,-36.25],[8.75,-36.675],[9.12,-37.0],[9.75,-37.396],[10.25,-37.512],[11.25,-37.494],[12.25,-37.661],[12.75,-37.571],[13.75,-37.653],[14.75,-37.607],[15.0,-37.584],[15.25,-37.44],[15.5,-37.42],[16.453,-37.5],[16.25,-37.693],[16.062,-37.75],[16.25,-37.788],[17.718,-39.0],[18.25,-39.218],[18.75,-39.266],[18.939,-39.5],[18.68,-39.75],[18.693,-40.0],[18.75,-40.113],[19.0,-40.304],[19.113,-40.25],[19.085,-40.0],[19.25,-39.822],[19.5,-39.736],[19.75,-39.913],[19.792,-39.75],[20.0,-39.61],[20.5,-39.425],[20.659,-39.25],[20.726,-39.0],[20.982,-38.75],[20.858,-38.25],[20.623,-38.0],[20.5,-37.936],[19.75,-37.875],[19.217,-37.75],[19.318,-37.5],[20.0,-37.391],[21.317,-37.0],[21.425,-36.75],[20.756,-36.25],[21.132,-36.0],[21.0,-35.855],[20.75,-35.807],[20.71,-35.75],[20.687,-35.5],[20.756,-35.25],[22.25,-34.78],[23.0,-34.724],[24.0,-34.399],[24.5,-34.321],[24.585,-34.25],[25.5,-34.25],[25.594,-34.156],[25.75,-34.143],[26.0,-33.997],[26.207,-33.957],[26.25,-34.0],[26.719,-33.75],[27.0,-33.75],[27.25,-33.5],[27.5,-33.5],[28.0,-33.0],[28.25,-33.0],[29.75,-31.5],[30.0,-31.5],[30.5,-31.0],[30.5,-30.75],[31.0,-30.25],[31.0,-30.0],[31.5,-29.5],[31.5,-29.25],[31.863,-29.0],[32.0,-29.0],[32.75,-28.25],[32.75,-27.5],[33.0,-27.25],[32.977,-26.227],[33.084,-26.0],[33.026,-25.724],[33.5,-25.25],[34.0,-25.25],[34.25,-25.0],[34.75,-25.0],[35.5,-24.25],[35.5,-23.5],[35.75,-23.25],[35.75,-22.25],[35.5,-22.0],[35.5,-21.75],[35.29,-21.25],[35.027,-20.0],[35.161,-19.75],[35.25,-19.75],[36.0,-19.0],[36.25,-19.0],[37.25,-18.0],[37.25,-17.75],[37.5,-17.75],[37.75,-17.5],[38.0,-17.5],[38.25,-17.25],[39.0,-17.25],[39.757,-16.493],[40.0,-16.353],[40.154,-16.096],[40.75,-15.5],[40.75,-15.212],[41.0,-14.75],[41.0,-14.5],[40.891,-14.391],[40.818,-13.75],[40.774,-12.75],[41.057,-12.25],[41.346,-12.0],[41.425,-11.25],[41.5,-11.174],[41.75,-11.184],[42.234,-11.75],[42.5,-12.63],[42.75,-12.854],[43.25,-13.649],[43.427,-14.25],[43.672,-14.75],[43.508,-17.0],[43.75,-17.682],[43.822,-18.25],[44.0,-18.617],[44.0,-19.0],[44.102,-19.102],[44.09,-19.5],[43.883,-20.25],[43.424,-21.326],[43.25,-21.5],[43.25,-23.0],[43.5,-23.25],[43.5,-24.25],[43.75,-24.5],[43.75,-24.75],[44.25,-25.25],[44.5,-25.25],[45.0,-25.75],[45.5,-25.75],[45.75,-25.5],[46.0,-25.5],[46.25,-25.25],[47.0,-25.25],[47.25,-25.0],[47.25,-24.75],[47.5,-24.5],[47.5,-24.0],[47.75,-23.75],[47.75,-23.25],[48.0,-23.0],[48.0,-22.5],[48.25,-22.25],[48.25,-21.75],[48.5,-21.5],[48.5,-20.75],[48.75,-20.5],[48.75,-20.25],[49.0,-20.0],[49.0,-19.5],[49.25,-19.25],[49.25,-18.75],[49.5,-18.5],[49.5,-17.949],[49.71,-17.25],[50.15,-16.75],[50.147,-16.25],[50.322,-15.928],[50.5,-15.75],[50.5,-15.589],[50.693,-15.25],[50.25,-13.754],[50.25,-13.5],[50.0,-13.122],[49.938,-12.75],[49.5,-12.25],[49.5,-12.0],[49.25,-11.75],[49.168,-11.832],[48.339,-11.75],[47.75,-11.208],[46.29,-10.5],[46.037,-10.25],[45.877,-10.0],[46.007,-9.75],[46.508,-9.75],[46.433,-9.5],[46.466,-9.25],[46.25,-9.036],[45.093,-8.25],[45.007,-8.0],[44.976,-7.5],[44.874,-7.25],[44.36,-6.5],[43.25,-3.9],[42.968,-3.5],[42.364,-3.0],[42.044,-2.5],[42.035,-2.0],[42.5,-1.465],[42.75,-1.047],[44.246,0.5],[44.938,1.0],[45.5,1.185],[45.723,1.0],[45.84,0.75],[46.25,0.471],[46.5,0.402],[47.0,0.502],[47.25,0.43],[47.75,0.137],[48.31,-0.5],[48.62,-1.0],[49.25,-1.788],[49.5,-2.011],[49.75,-2.078],[50.0,-2.332],[50.75,-3.495],[51.25,-3.811],[52.0,-4.598],[52.5,-4.675],[52.75,-4.962],[52.648,-5.25],[52.705,-5.75],[52.811,-6.0],[53.0,-6.04],[53.25,-5.982],[53.5,-5.648],[53.75,-5.601],[53.842,-5.5],[53.75,-5.355],[53.5,-5.212],[53.401,-4.75],[53.25,-4.547],[53.054,-4.5],[52.996,-4.25],[53.25,-4.028],[53.75,-4.089],[54.225,-4.25],[55.76,-5.75],[55.827,-6.0],[55.595,-6.5],[55.543,-6.75],[55.588,-7.0],[55.883,-8.0],[56.5,-8.5],[56.602,-8.75],[56.75,-9.528],[57.25,-9.131],[57.75,-9.033],[58.5,-9.088],[58.959,-8.75],[58.688,-8.25],[58.675,-7.75],[58.75,-7.644],[59.25,-7.394],[59.393,-7.25],[59.619,-6.75],[59.75,-6.246],[60.0,-6.027],[60.25,-5.948],[61.0,-5.966],[61.237,-5.75],[61.163,-5.5],[61.25,-5.443],[61.5,-5.491],[62.0,-5.979],[62.022,-6.25],[62.25,-6.407],[63.0,-7.445],[63.25,-7.575],[64.25,-7.859],[64.414,-7.75],[64.569,-7.5],[64.75,-7.423],[65.0,-7.392],[65.5,-7.673],[65.75,-7.574],[65.813,-7.5],[65.831,-6.75],[65.702,-6.25],[65.456,-5.75],[65.046,-5.25],[64.859,-4.75],[64.902,-4.5],[65.5,-4.05],[65.75,-3.981],[66.0,-4.104],[66.379,-4.75],[66.621,-5.0],[68.0,-6.145],[68.5,-6.453],[68.693,-7.0],[69.25,-7.396],[70.018,-8.25],[70.25,-8.356],[70.75,-8.448],[71.341,-8.0],[71.486,-7.75],[71.537,-7.5],[71.75,-7.256],[72.25,-7.415],[72.5,-7.394],[72.641,-7.25],[72.5,-6.956],[72.25,-6.861],[71.75,-7.24],[71.654,-6.75],[72.0,-6.686],[72.25,-6.729],[72.699,-6.25],[72.75,-6.058],[73.0,-5.745],[73.5,-5.516],[73.75,-5.232],[73.85,-5.0],[73.921,-4.5],[73.883,-3.5],[73.641,-2.75],[73.648,-2.5],[73.791,-2.25],[74.215,-2.0],[74.5,-1.93],[75.373,-2.0],[76.25,-1.691],[77.5,-1.582],[77.681,-1.5],[77.813,-1.0],[78.0,-0.718],[78.25,-0.631],[79.323,-0.5],[79.5,-0.395],[79.795,0.0],[80.0,0.076],[80.25,0.085],[80.75,-0.12],[81.25,-0.051],[83.201,0.0],[83.625,0.25],[84.25,0.914],[84.332,1.25],[84.287,1.75],[84.416,2.0],[84.519,2.5],[84.372,3.0],[84.623,3.25],[84.701,3.5],[84.628,3.75],[84.0,3.876],[83.75,4.042],[83.333,5.0],[83.167,5.25],[82.5,5.43],[81.802,5.75],[81.627,6.0],[81.714,6.25],[81.926,6.5],[81.918,6.668],[82.091,7.0],[82.086,7.25],[82.25,7.657],[82.5,7.693],[83.0,7.486],[83.25,7.612],[84.264,8.5],[84.949,9.5],[84.871,9.75],[84.111,10.25],[83.947,10.5],[83.838,10.75],[83.755,11.5],[83.857,11.75],[84.25,12.051],[84.363,11.75],[84.75,11.591],[85.0,11.61],[85.75,12.031],[86.0,12.073],[86.25,12.027],[86.5,12.2],[86.788,13.25],[87.0,13.536],[87.25,13.567],[87.337,13.5],[87.424,13.0],[87.5,12.952],[87.75,12.866],[88.0,12.946],[88.262,13.25],[88.25,13.691],[87.719,14.0],[87.75,14.283],[88.0,14.558],[88.25,14.553],[88.5,14.406],[89.0,14.506],[89.25,14.419],[89.75,14.075],[90.5,14.309],[90.75,14.326],[91.0,14.217],[91.25,13.898],[91.75,13.689],[92.164,12.5],[92.208,12.0],[92.139,11.75],[92.31,11.25],[92.25,10.75],[92.354,10.5],[92.623,10.25],[92.647,10.0],[92.515,9.25],[92.578,9.0],[92.744,8.75],[92.777,7.75],[92.867,7.25],[92.821,6.5],[93.082,5.75],[93.174,5.0],[92.939,4.0],[92.75,3.713],[92.5,3.583],[92.425,3.75],[92.25,3.836],[91.96,4.25],[90.75,8.342],[90.5,8.56],[90.25,8.634],[90.0,8.596],[89.75,8.288],[89.615,8.0],[89.589,7.75],[89.707,7.5],[90.0,7.437],[90.022,7.25],[90.0,6.959],[89.82,6.5],[89.75,5.97],[89.5,5.174],[89.0,4.932],[88.5,4.888],[88.235,5.0],[88.0,5.284],[87.748,5.25],[87.71,4.75],[87.94,3.5],[87.783,2.75],[87.793,2.5],[88.0,2.19],[88.25,2.06],[88.75,1.933],[89.0,1.989],[89.5,2.325],[89.622,2.5],[89.618,3.5],[89.698,3.75],[90.021,4.0],[90.139,4.25],[89.902,4.75],[90.0,4.957],[90.25,5.056],[90.5,4.691],[90.75,4.036],[90.781,3.75],[91.298,3.0],[91.284,2.75],[91.125,2.25],[91.25,1.975],[91.5,1.833],[91.75,1.805],[92.5,2.053],[92.775,2.0],[93.128,1.75],[93.5,1.008],[93.75,0.844],[94.0,0.874],[94.5,1.144],[95.0,1.266],[95.25,1.293],[95.75,1.122],[96.25,0.745],[96.43,0.5],[96.75,-0.31],[97.25,-0.625],[98.0,-0.892],[98.25,-1.079],[99.0,-2.0],[99.277,-1.973],[99.771,-2.5],[99.881,-2.75],[100.053,-2.947],[100.0,-3.0],[100.25,-3.25],[100.32,-3.18],[100.5,-3.344],[100.61,-3.25],[100.75,-2.636],[101.0,-2.67],[101.0,-2.75],[102.048,-3.75],[102.25,-4.064],[102.312,-4.062],[102.75,-4.5],[103.01,-4.51],[103.5,-5.0],[103.75,-5.0],[103.75,-5.25],[104.5,-6.0],[104.612,-5.888],[105.107,-6.0],[105.093,-6.5],[105.143,-6.75],[105.25,-6.855],[105.66,-6.91],[105.75,-7.0],[106.326,-7.0],[106.355,-7.145],[106.25,-7.25],[106.5,-7.5],[107.25,-7.5],[107.5,-7.75],[108.0,-7.75],[108.25,-8.0],[108.5,-8.0],[108.75,-7.75],[109.25,-7.75],[109.5,-8.0],[110.0,-8.0],[110.25,-8.25],[111.0,-8.25],[111.25,-8.5],[113.5,-8.5],[113.75,-8.75],[114.25,-8.75],[114.5,-9.0],[114.75,-8.75],[114.675,-8.675],[114.75,-8.533],[114.892,-8.5],[115.0,-8.5],[115.0,-8.75],[115.25,-9.0],[115.5,-9.0],[115.75,-8.75],[116.0,-9.0],[116.5,-9.0],[116.75,-9.25],[117.5,-9.25],[117.677,-9.073],[117.907,-9.0],[118.75,-9.0],[118.827,-8.923],[119.044,-9.0],[118.957,-9.293],[118.75,-9.5],[119.25,-10.0],[119.75,-10.0],[120.25,-10.5],[120.5,-10.5],[120.713,-10.287],[121.095,-10.25],[121.03,-10.5],[120.64,-11.0],[120.561,-11.25],[120.655,-11.5],[120.646,-11.75],[120.503,-12.25],[119.809,-13.5],[119.0,-14.67],[117.745,-16.25],[116.314,-18.75],[115.25,-19.959],[114.011,-21.761],[113.75,-22.0],[113.75,-22.25],[113.5,-22.5],[113.5,-22.75],[113.75,-23.048],[113.67,-23.33],[113.5,-23.5],[113.481,-23.769],[113.25,-24.0],[113.25,-24.5],[113.3,-24.55],[113.164,-24.75],[113.085,-25.25],[112.906,-25.5],[112.909,-25.591],[112.75,-25.75],[113.0,-26.0],[113.115,-25.885],[113.109,-26.0],[113.347,-26.25],[113.361,-26.389],[113.25,-26.5],[113.75,-27.0],[113.75,-27.25],[114.0,-27.5],[114.0,-28.0],[114.5,-28.5],[114.5,-29.0],[115.0,-29.5],[114.75,-29.75],[114.921,-29.921],[115.0,-30.144],[115.0,-30.75],[115.25,-31.0],[115.25,-31.25],[115.728,-31.728],[115.581,-32.25],[115.609,-32.641],[115.5,-32.75],[115.5,-33.199],[115.118,-33.5],[115.134,-33.616],[114.75,-34.0],[115.25,-34.5],[115.5,-34.5],[116.0,-35.0],[116.25,-35.0],[116.5,-35.25],[118.0,-35.25],[118.25,-35.0],[118.5,-35.0],[119.0,-34.5],[119.25,-34.75],[120.0,-34.0],[122.0,-34.0],[122.25,-34.25],[122.5,-34.0],[123.0,-34.0],[123.25,-34.25],[123.5,-34.0],[123.75,-34.0],[124.25,-33.5],[124.25,-33.25],[124.5,-33.0],[124.75,-33.0],[125.0,-32.75],[125.5,-32.75],[125.75,-32.5],[127.5,-32.5],[127.75,-32.25],[128.0,-32.25],[128.266,-32.0],[128.75,-32.0],[129.0,-31.75],[131.0,-31.75],[131.25,-31.5],[131.5,-31.75],[131.75,-31.75],[132.25,-32.25],[132.5,-32.0],[132.75,-32.0],[133.0,-32.25],[133.255,-32.25],[133.823,-32.5],[134.0,-32.658],[134.0,-33.0],[134.25,-33.25],[134.5,-33.25],[135.0,-33.75],[135.0,-34.0],[135.25,-34.25],[135.106,-34.5],[135.25,-34.642],[135.396,-34.646],[136.0,-35.25],[136.238,-35.012],[136.5,-34.929],[136.806,-34.944],[136.75,-35.0],[137.005,-35.5],[136.75,-35.5],[136.5,-35.75],[136.5,-36.0],[136.75,-36.25],[137.0,-36.25],[137.25,-36.0],[137.5,-36.25],[137.75,-35.961],[137.924,-35.924],[138.0,-36.0],[138.18,-35.82],[138.75,-35.65],[138.894,-35.644],[139.25,-36.0],[139.397,-36.0],[139.5,-36.091],[139.5,-36.25],[139.75,-36.5],[139.75,-36.75],[139.5,-37.0],[140.75,-38.25],[141.25,-38.25],[141.5,-38.5],[142.5,-38.5],[142.75,-38.75],[143.25,-38.75],[143.5,-39.0],[143.75,-38.75],[144.0,-38.75],[144.205,-38.545],[144.801,-38.449],[144.75,-38.5],[145.0,-38.75],[145.75,-38.75],[146.0,-39.0],[146.066,-38.934],[146.5,-39.179],[147.0,-39.11],[147.197,-39.0],[147.75,-38.882],[148.5,-38.838],[149.0,-38.859],[150.25,-39.065],[151.049,-39.0],[151.75,-38.583],[152.5,-38.349],[152.651,-38.25],[152.778,-38.0],[152.734,-37.0],[152.633,-36.75],[152.5,-36.544],[152.0,-36.424],[151.75,-36.278],[151.493,-36.0],[151.405,-35.75],[151.231,-34.269],[151.444,-34.0],[151.5,-33.584],[151.588,-33.412],[152.5,-32.5],[152.674,-32.25],[152.716,-32.034],[153.0,-31.75],[153.0,-31.369],[153.25,-31.0],[153.25,-30.149],[153.339,-29.911],[153.5,-29.75],[153.5,-29.25],[153.75,-29.0],[153.75,-28.25],[153.589,-28.089],[153.582,-27.668],[153.75,-27.5],[153.59,-27.34],[153.615,-26.75],[153.75,-26.291],[154.0,-25.9],[154.5,-26.239],[155.25,-26.377],[155.715,-26.25],[156.25,-25.929],[156.5,-26.043],[156.75,-26.064],[156.826,-25.5],[157.459,-24.75],[157.878,-24.0],[157.941,-23.75],[157.84,-23.5],[157.5,-23.091],[157.0,-22.695],[156.25,-22.582],[156.123,-22.25],[156.316,-21.25],[156.5,-20.752],[156.96,-20.25],[157.25,-20.112],[157.5,-20.137],[157.75,-20.267],[158.0,-20.237],[158.25,-20.355],[158.288,-20.75],[158.5,-20.923],[158.73,-20.75],[158.75,-20.644],[159.25,-20.99],[159.39,-21.25],[159.383,-21.75],[159.5,-22.041],[159.75,-22.263],[160.0,-22.299],[160.5,-22.029],[160.75,-22.08],[161.25,-22.05],[161.5,-22.222],[161.597,-22.5],[161.716,-23.5],[161.689,-23.75],[161.839,-24.75],[161.837,-25.0],[161.464,-26.25],[161.32,-27.25],[161.486,-27.5],[162.135,-26.75],[162.235,-26.25],[162.767,-25.25],[163.416,-24.5],[163.5,-24.227],[163.75,-24.167],[163.915,-24.25],[163.908,-24.5],[163.462,-25.75],[163.39,-26.25],[163.453,-26.5],[163.5,-26.567],[163.75,-26.566],[164.0,-26.393],[164.25,-26.504],[164.691,-27.0],[164.75,-27.262],[165.75,-26.174],[166.5,-25.755],[166.75,-25.696],[167.0,-25.98],[167.013,-26.25],[167.25,-26.434],[167.532,-26.25],[167.75,-25.937],[168.25,-25.552],[168.5,-25.47],[168.75,-25.475],[169.5,-25.25],[170.5,-25.567],[170.75,-25.804],[171.0,-25.823],[172.0,-25.557],[172.25,-25.568],[172.5,-25.682],[172.75,-25.591],[173.0,-25.376],[173.25,-25.027],[174.0,-23.64],[174.25,-23.29],[174.404,-24.75],[174.5,-24.752],[174.75,-24.521],[175.0,-24.403],[175.089,-24.5],[174.598,-25.75],[174.597,-26.25],[174.75,-26.443],[175.527,-26.0],[177.0,-24.735],[178.25,-23.484],[178.5,-23.427],[178.573,-23.5],[178.54,-24.5],[178.292,-25.25],[178.5,-25.387],[179.043,-25.5],[179.101,-25.75],[178.243,-26.25],[178.111,-26.75],[178.5,-27.383],[178.635,-27.75],[178.467,-28.25],[178.582,-28.5],[179.0,-28.653],[179.75,-28.74],[179.75,-44.832],[178.36,-44.25],[177.778,-43.75],[176.723,-43.0],[176.556,-42.75],[176.401,-42.25],[176.392,-42.0],[176.512,-41.25],[176.813,-40.75],[176.967,-40.283],[177.38,-39.5],[177.5,-39.426],[177.75,-39.425],[178.113,-39.0],[178.133,-38.75],[178.25,-38.75],[178.5,-38.5],[178.502,-37.75],[178.572,-37.5],[178.283,-37.0],[178.24,-36.75],[178.214,-35.0],[177.996,-34.25],[177.766,-33.75],[177.863,-33.25],[177.75,-33.13],[177.457,-33.0],[176.5,-32.798],[175.75,-32.734],[175.0,-32.93],[174.0,-33.378],[173.25,-33.8],[172.5,-34.5],[173.0,-35.0],[173.0,-35.25],[173.75,-36.0],[173.75,-36.25],[174.158,-36.658],[174.25,-37.258],[174.0,-37.511],[173.25,-37.806],[172.25,-38.393],[172.0,-38.438],[171.25,-38.23],[171.0,-38.236],[170.75,-38.32],[170.5,-38.513],[170.25,-38.983],[170.132,-39.5],[170.123,-42.5],[170.038,-42.75],[169.595,-43.25],[169.273,-43.5],[168.859,-43.75],[168.5,-43.863],[168.353,-44.0],[168.25,-44.0],[167.665,-44.585],[167.5,-44.614],[167.358,-44.75],[167.25,-44.75],[166.25,-45.75],[166.25,-46.0],[166.5,-46.25],[166.75,-46.25],[167.0,-46.5],[167.25,-46.5],[167.378,-46.372],[167.5,-46.371],[167.75,-46.5],[167.5,-46.75],[167.5,-47.0],[167.25,-47.25],[167.5,-47.5],[167.694,-47.306],[169.5,-47.122],[170.0,-47.126],[171.0,-47.311],[171.439,-47.5],[172.241,-48.0],[172.644,-48.5],[172.946,-48.75],[173.305,-49.25],[173.75,-49.429],[174.0,-49.436],[174.25,-49.333],[174.432,-49.0],[174.75,-48.78],[175.25,-48.871],[175.75,-49.115],[176.5,-49.185],[178.75,-48.973],[178.876,-49.0],[179.008,-49.25],[178.812,-49.5],[178.815,-49.75],[179.0,-49.853],[179.75,-49.818],[179.75,-64.882],[179.25,-64.939],[178.75,-64.895],[178.25,-64.777],[177.25,-64.391],[174.5,-64.266],[174.25,-64.07],[173.999,-64.0],[174.123,-63.75],[174.0,-63.677],[173.5,-63.591],[172.5,-63.597],[171.25,-63.43],[170.862,-63.5],[170.745,-63.75],[170.5,-63.848],[169.25,-63.814],[168.5,-63.961],[167.496,-63.75],[165.75,-62.973],[165.5,-62.937],[163.0,-62.832],[162.0,-62.886],[161.25,-62.758],[159.25,-62.747],[158.0,-62.842],[157.0,-63.113],[155.75,-62.947],[155.0,-62.988],[153.75,-63.357],[152.25,-63.621],[150.5,-64.299],[148.25,-64.979],[146.5,-65.236],[145.5,-65.262],[143.75,-65.188],[139.75,-65.246],[138.25,-65.134],[136.25,-64.848],[135.5,-64.806],[134.5,-64.844],[132.75,-65.067],[132.0,-65.057],[131.5,-64.944],[131.25,-65.218],[131.0,-65.239],[125.0,-64.579],[122.0,-64.561],[118.5,-64.015],[117.824,-63.75],[117.327,-63.25],[116.25,-63.054],[115.5,-63.005],[114.0,-63.071],[112.5,-63.014],[111.0,-62.703],[109.75,-62.576],[107.754,-62.5],[105.0,-62.04],[103.25,-61.945],[101.0,-62.223],[100.0,-62.204],[99.5,-62.066],[98.75,-61.624],[97.75,-61.48],[95.5,-61.637],[94.25,-61.436],[93.25,-61.644],[91.0,-61.72],[90.0,-61.508],[88.75,-61.57],[88.0,-61.446],[87.0,-61.045],[86.25,-60.956],[85.5,-60.71],[85.231,-60.5],[85.0,-59.954],[84.455,-59.75],[83.75,-59.578],[82.5,-59.605],[81.0,-59.376],[77.75,-59.93],[75.5,-59.937],[74.25,-60.043],[71.25,-60.996],[70.25,-60.904],[69.0,-60.969],[68.25,-61.218],[67.811,-61.5],[67.5,-61.613],[66.25,-61.823],[65.25,-61.841],[64.25,-61.737],[62.25,-61.686],[60.75,-61.7],[59.5,-61.856],[58.5,-61.705],[58.304,-61.75],[58.132,-62.0],[58.0,-62.062],[57.5,-62.138],[57.0,-62.066],[56.5,-61.734],[56.25,-61.704],[55.99,-61.75],[55.0,-62.301],[54.75,-62.398],[54.5,-62.412],[54.041,-62.25],[53.785,-62.0],[53.75,-61.735],[53.5,-61.695],[51.5,-61.978],[50.75,-62.291],[50.25,-62.408],[49.25,-62.222],[48.25,-62.327],[45.5,-61.819],[44.0,-61.822],[42.75,-61.679],[40.0,-61.52],[39.886,-61.5],[39.734,-61.25],[39.25,-60.813],[39.0,-60.795],[35.5,-61.222],[33.5,-61.282],[32.0,-61.151],[31.75,-61.088],[31.0,-60.714],[30.75,-60.639],[30.25,-60.618],[28.75,-60.728],[27.75,-61.167],[27.5,-61.185],[27.0,-61.009],[26.947,-60.75],[26.75,-60.642],[26.171,-60.5],[25.94,-60.25],[26.0,-59.994],[25.75,-59.726],[25.25,-59.74],[24.5,-59.976],[23.75,-60.051],[23.589,-60.0],[23.25,-59.656],[22.244,-59.25],[21.703,-58.75],[20.601,-58.25],[20.25,-57.967],[19.0,-57.934],[18.0,-57.689],[16.75,-57.566],[16.25,-57.38],[14.95,-57.25],[13.75,-56.777],[12.75,-56.188],[12.25,-55.989],[11.5,-55.865],[11.25,-55.856],[9.75,-56.197],[8.5,-56.652],[7.25,-56.53],[6.75,-56.651],[5.156,-56.75],[4.0,-56.938],[3.0,-56.808],[2.25,-56.44],[1.5,-56.382],[-0.5,-56.856],[-1.25,-56.941],[-4.25,-56.994],[-5.25,-56.887],[-7.0,-57.078],[-8.0,-57.445],[-8.5,-57.537],[-9.0,-57.515],[-9.75,-57.375],[-11.25,-57.569],[-12.25,-57.46],[-12.55,-57.5],[-13.0,-57.7],[-13.5,-57.779],[-15.0,-57.496],[-15.25,-57.481],[-15.75,-57.641],[-16.5,-57.534],[-17.0,-57.34],[-17.868,-57.25],[-18.75,-56.78],[-19.5,-56.553],[-20.75,-56.515],[-21.25,-56.343],[-21.5,-56.353],[-22.25,-56.76],[-22.5,-56.759],[-22.75,-56.645],[-23.25,-56.616],[-23.75,-56.63],[-24.5,-56.786],[-24.75,-56.761],[-25.25,-56.171],[-25.859,-56.0],[-26.25,-55.614],[-26.75,-55.292],[-28.25,-54.861],[-29.25,-54.841],[-30.0,-54.966],[-30.25,-55.126],[-30.63,-55.25],[-30.649,-55.5],[-30.538,-56.25],[-30.69,-56.5],[-31.0,-56.774],[-31.25,-56.978],[-31.5,-57.066],[-32.0,-57.169],[-32.75,-57.15],[-33.0,-57.278],[-34.0,-57.367],[-34.5,-57.537],[-35.0,-57.576],[-36.75,-57.603],[-37.25,-57.456],[-37.433,-57.5],[-37.39,-57.75],[-37.65,-58.0],[-37.75,-58.068],[-38.25,-58.127],[-38.5,-58.349],[-39.0,-58.437],[-39.75,-58.347],[-40.5,-58.513],[-41.0,-58.422],[-41.5,-58.468],[-41.75,-58.643],[-42.5,-58.962],[-43.0,-59.295],[-46.0,-59.742],[-47.25,-59.706],[-47.695,-60.0],[-48.0,-60.096],[-49.0,-60.138],[-49.5,-60.295],[-51.0,-60.453],[-51.5,-60.43],[-53.0,-60.908],[-55.0,-60.952],[-55.25,-61.012],[-55.584,-61.25],[-55.75,-61.275],[-56.25,-61.625],[-56.641,-61.75],[-57.5,-61.825],[-58.5,-61.75],[-58.75,-62.0],[-59.0,-62.0],[-59.324,-62.25],[-59.25,-62.387],[-59.107,-62.393],[-58.75,-62.644],[-58.535,-63.0],[-59.577,-63.5],[-60.25,-63.682],[-60.602,-63.648],[-60.75,-63.5],[-61.25,-63.909],[-61.5,-63.891],[-61.75,-63.778],[-62.5,-63.767],[-62.552,-63.75],[-62.537,-63.5],[-62.261,-63.25],[-61.75,-62.973],[-61.312,-62.938],[-61.25,-63.0],[-61.189,-62.939],[-60.75,-63.038],[-60.057,-62.75],[-60.197,-62.553],[-60.0,-62.75],[-59.75,-62.75],[-59.5,-62.5],[-59.75,-62.25],[-60.0,-62.25],[-60.297,-62.5],[-61.158,-62.592],[-61.25,-62.5],[-61.343,-62.593],[-61.48,-62.5],[-61.411,-62.25],[-61.248,-62.0],[-61.25,-61.691],[-61.555,-61.5],[-62.75,-61.456],[-63.0,-61.23],[-63.25,-61.228],[-65.0,-61.899],[-65.5,-62.012],[-66.5,-62.06],[-66.94,-62.25],[-67.15,-62.5],[-67.5,-62.614],[-68.25,-62.609],[-69.0,-62.726],[-70.25,-63.266],[-71.0,-63.308],[-71.75,-63.251],[-72.25,-63.434],[-73.75,-63.711],[-74.5,-64.013],[-76.0,-64.117],[-76.75,-64.302],[-77.5,-64.286],[-78.5,-64.114],[-79.5,-64.122],[-80.25,-64.358],[-80.75,-64.592],[-81.25,-65.03],[-81.5,-65.103],[-81.971,-65.5],[-82.25,-65.622],[-83.25,-65.798],[-84.465,-65.75],[-87.353,-65.25]],[[-35.66,-54.75],[-35.653,-54.5],[-35.981,-54.25],[-36.75,-54.0],[-37.259,-53.991],[-37.5,-53.75],[-37.75,-53.75],[-38.0,-54.0],[-37.75,-54.25],[-37.5,-54.25],[-37.25,-54.5],[-36.75,-54.5],[-36.25,-55.0],[-36.0,-55.0],[-35.66,-54.75]],[[42.75,-16.722],[42.741,-16.75],[42.768,-16.75],[42.75,-16.722]],[[51.151,-9.25],[51.0,-9.069],[50.681,-9.25],[51.0,-9.623],[51.151,-9.25]],[[52.846,-7.0],[52.75,-6.827],[52.597,-7.0],[52.75,-7.082],[52.846,-7.0]],[[56.0,-21.25],[55.5,-20.75],[55.25,-21.0],[55.25,-21.25],[55.5,-21.5],[55.75,-21.5],[56.0,-21.25]],[[56.765,-10.25],[56.75,-9.86],[56.712,-10.0],[56.5,-10.075],[56.361,-10.25],[56.5,-10.356],[56.765,-10.25]],[[58.0,-20.25],[57.75,-20.0],[57.617,-20.0],[57.5,-19.905],[57.25,-20.25],[57.25,-20.5],[57.5,-20.75],[58.0,-20.25]],[[61.0,-9.868],[61.5,-9.855],[61.75,-9.951],[62.0,-9.857],[62.22,-9.5],[62.232,-9.25],[62.0,-8.884],[61.75,-8.885],[61.5,-9.058],[61.25,-8.943],[61.0,-9.066],[60.75,-9.06],[60.569,-8.75],[60.674,-8.5],[60.25,-7.781],[59.75,-7.887],[59.536,-8.0],[59.499,-8.25],[59.75,-8.452],[59.987,-8.5],[59.062,-8.75],[59.323,-9.0],[59.5,-9.083],[59.75,-9.377],[60.0,-9.359],[60.033,-9.75],[60.25,-9.979],[60.464,-9.75],[60.5,-9.562],[60.75,-9.725],[60.669,-10.0],[60.75,-10.054],[61.0,-9.868]],[[63.75,-19.75],[63.5,-19.5],[63.25,-19.75],[63.5,-20.0],[63.75,-19.75]],[[69.25,-49.5],[69.5,-49.75],[69.716,-49.534],[70.154,-49.5],[70.132,-49.368],[70.25,-49.25],[70.0,-49.0],[69.902,-49.098],[69.25,-48.798],[69.094,-48.844],[69.0,-48.75],[68.75,-49.0],[68.75,-49.25],[69.0,-49.511],[69.25,-49.5]],[[85.0,1.807],[85.25,1.923],[85.377,2.25],[86.086,2.75],[86.35,3.25],[86.949,4.0],[87.044,4.25],[87.054,4.5],[86.799,6.25],[86.75,6.299],[86.5,6.311],[86.163,6.0],[85.856,5.0],[85.843,4.75],[86.0,4.425],[86.289,4.25],[86.25,4.131],[85.75,3.971],[85.5,3.808],[85.25,3.516],[84.897,3.25],[85.095,2.75],[85.127,2.5],[84.812,2.25],[84.75,1.983],[85.0,1.807]],[[102.397,-5.25],[102.25,-4.862],[102.049,-5.25],[102.25,-5.387],[102.397,-5.25]],[[144.444,-39.75],[144.25,-39.589],[144.139,-39.639],[144.0,-39.5],[143.75,-39.75],[143.75,-40.0],[144.0,-40.25],[144.444,-39.75]],[[147.0,-43.522],[147.25,-43.75],[147.5,-43.5],[147.367,-43.367],[148.246,-43.0],[148.893,-42.25],[148.94,-41.75],[148.764,-41.25],[148.654,-41.0],[148.301,-40.75],[148.632,-40.5],[148.736,-40.0],[148.601,-39.75],[148.5,-39.693],[148.0,-39.563],[147.814,-39.75],[147.75,-40.0],[148.054,-40.446],[148.0,-40.5],[148.18,-40.68],[148.028,-40.75],[147.0,-40.75],[146.882,-40.868],[146.5,-40.795],[145.5,-40.447],[145.0,-40.383],[144.782,-40.532],[144.75,-40.5],[144.5,-40.75],[144.5,-41.25],[144.75,-41.5],[144.75,-41.75],[145.25,-42.25],[145.25,-42.75],[146.25,-43.75],[146.75,-43.75],[147.0,-43.522]],[[153.75,-38.39],[154.0,-38.118],[154.076,-37.75],[154.0,-37.537],[153.75,-37.55],[153.487,-38.0],[153.372,-38.25],[153.39,-38.5],[153.5,-38.525],[153.75,-38.39]],[[161.75,-32.476],[162.0,-32.38],[162.075,-32.25],[162.19,-31.25],[162.644,-30.5],[162.724,-30.25],[162.718,-29.75],[162.404,-29.25],[162.402,-29.0],[162.25,-28.833],[162.0,-29.154],[161.75,-29.275],[161.5,-29.232],[161.202,-29.0],[161.055,-28.75],[160.983,-28.0],[160.877,-27.75],[160.75,-27.716],[159.75,-27.815],[159.5,-27.928],[159.128,-28.25],[158.686,-29.0],[158.651,-29.25],[158.753,-29.75],[159.0,-29.973],[159.207,-30.0],[159.33,-30.25],[159.207,-30.5],[158.799,-31.0],[158.717,-31.25],[158.781,-31.5],[159.0,-31.69],[159.75,-31.847],[161.25,-32.532],[161.75,-32.476]],[[166.564,-50.75],[166.25,-50.605],[166.111,-50.75],[166.25,-50.872],[166.564,-50.75]],[[168.225,-29.0],[168.23,-28.75],[168.0,-28.641],[167.823,-29.0],[168.0,-29.175],[168.225,-29.0]],[[44.687,-1.75],[44.616,-1.5],[44.5,-1.371],[44.39,-1.5],[44.398,-1.75],[44.5,-1.883],[44.687,-1.75]],[[47.5,-9.722],[47.469,-9.75],[47.515,-9.75],[47.5,-9.722]],[[-95.605,-5.25],[-95.75,-5.215],[-95.75,-5.287],[-95.605,-5.25]],[[-94.916,-6.0],[-95.0,-5.744],[-95.25,-5.664],[-95.368,-5.75],[-95.25,-5.943],[-95.0,-6.048],[-94.916,-6.0]],[[-90.94,-16.5],[-90.639,-16.0],[-90.064,-15.75],[-90.053,-15.5],[-90.25,-15.104],[-90.5,-14.858],[-91.0,-14.782],[-91.221,-15.0],[-91.53,-15.5],[-91.594,-16.0],[-91.25,-16.562],[-90.94,-16.5]],[[-170.421,52.75],[-170.5,52.849],[-170.75,52.875],[-170.892,52.75],[-170.75,52.642],[-170.421,52.75]],[[-169.026,39.75],[-169.25,39.825],[-169.25,39.701],[-169.026,39.75]],[[-178.5,28.313],[-178.25,28.324],[-178.16,28.5],[-178.5,28.701],[-178.75,28.489],[-178.5,28.313]],[[-177.298,28.25],[-177.5,28.475],[-177.978,28.25],[-177.5,28.043],[-177.298,28.25]],[[-176.364,0.25],[-176.5,0.385],[-176.646,0.25],[-176.5,0.071],[-176.364,0.25]],[[-175.793,28.0],[-176.0,28.159],[-176.363,28.0],[-176.116,27.75],[-176.0,27.706],[-175.793,28.0]],[[-174.0,25.871],[-173.849,26.0],[-174.0,26.151],[-174.25,25.995],[-174.0,25.871]],[[-169.41,16.75],[-169.5,16.851],[-169.643,16.75],[-169.5,16.64],[-169.41,16.75]],[[-174.441,-12.5],[-174.5,-12.445],[-174.674,-12.5],[-174.5,-12.627],[-174.441,-12.5]],[[-170.516,-14.25],[-170.75,-14.015],[-171.121,-14.25],[-170.75,-14.467],[-170.516,-14.25]],[[-169.328,-14.25],[-169.5,-14.032],[-169.872,-14.25],[-169.5,-14.433],[-169.328,-14.25]],[[-165.75,-6.38],[-165.487,-6.25],[-165.351,-6.0],[-166.0,-4.441],[-166.317,-4.75],[-166.324,-5.0],[-166.616,-5.75],[-166.621,-6.0],[-166.5,-6.196],[-166.0,-6.377],[-165.75,-6.38]],[[-161.0,1.268],[-160.5,1.601],[-160.0,1.82],[-159.25,2.334],[-159.0,2.436],[-158.554,2.5],[-158.499,2.75],[-158.688,3.0],[-159.054,3.75],[-158.921,4.5],[-159.0,4.639],[-159.25,4.733],[-159.75,4.021],[-160.0,3.965],[-160.279,3.75],[-160.5,3.669],[-160.602,3.75],[-160.663,4.0],[-160.636,4.25],[-160.279,4.5],[-160.349,4.75],[-160.5,4.853],[-160.615,4.75],[-160.75,4.443],[-161.0,4.424],[-161.083,4.5],[-161.274,5.0],[-161.825,5.5],[-162.0,5.861],[-162.232,5.5],[-162.502,5.25],[-162.557,5.0],[-162.443,4.75],[-162.227,4.5],[-162.023,4.0],[-161.962,3.5],[-161.791,3.0],[-161.772,2.25],[-161.554,1.5],[-161.25,1.223],[-161.0,1.268]],[[-157.75,1.203],[-157.25,1.458],[-157.0,1.75],[-157.076,1.826],[-157.066,2.0],[-157.25,2.285],[-157.5,2.304],[-157.75,2.106],[-158.035,1.25],[-158.0,1.153],[-157.75,1.203]],[[-156.0,20.75],[-156.25,21.0],[-156.5,20.75],[-156.25,20.5],[-156.0,20.75]],[[-155.287,19.213],[-155.0,19.25],[-154.75,19.5],[-155.182,20.0],[-155.5,20.25],[-155.75,20.25],[-156.25,19.75],[-156.0,19.5],[-156.0,19.0],[-155.75,18.75],[-155.287,19.213]],[[-154.901,-4.0],[-155.0,-3.88],[-155.171,-4.0],[-155.0,-4.113],[-154.901,-4.0]],[[-140.292,-1.5],[-140.5,-1.374],[-140.75,-1.346],[-140.958,-1.5],[-140.5,-1.611],[-140.292,-1.5]],[[-132.25,17.504],[-131.884,17.75],[-131.75,17.963],[-131.75,18.088],[-131.781,18.25],[-132.0,18.528],[-132.25,18.539],[-132.5,18.337],[-132.842,17.5],[-132.75,17.37],[-132.25,17.504]],[[-157.931,-22.0],[-158.0,-21.879],[-158.202,-22.0],[-158.0,-22.106],[-157.931,-22.0]],[[-154.557,-21.75],[-154.75,-21.546],[-155.203,-21.75],[-154.75,-21.949],[-154.557,-21.75]],[[-145.992,-27.0],[-146.25,-26.901],[-146.476,-27.0],[-146.25,-27.128],[-145.992,-27.0]],[[-137.469,-23.0],[-137.5,-22.985],[-137.5,-23.007],[-137.469,-23.0]],[[-134.672,-23.0],[-134.75,-22.634],[-135.0,-22.648],[-135.201,-23.0],[-135.138,-23.25],[-135.0,-23.37],[-134.672,-23.0]],[[-134.5,-23.216],[-134.519,-23.25],[-134.473,-23.25],[-134.5,-23.216]],[[-124.581,-24.75],[-124.75,-24.582],[-124.965,-24.75],[-124.75,-24.89],[-124.581,-24.75]],[[-120.5,3.256],[-119.979,3.75],[-119.854,4.25],[-119.925,4.5],[-120.25,4.678],[-120.5,4.593],[-120.836,4.0],[-120.935,3.5],[-120.75,3.219],[-120.5,3.256]],[[-119.106,4.75],[-118.962,5.0],[-119.0,5.188],[-119.25,5.348],[-119.409,5.0],[-119.374,4.75],[-119.25,4.688],[-119.106,4.75]],[[-111.75,-27.009],[-111.362,-26.75],[-111.5,-26.605],[-111.75,-26.686],[-112.047,-27.0],[-112.0,-27.081],[-111.75,-27.009]],[[-109.079,-27.25],[-108.5,-27.179],[-108.0,-26.945],[-107.822,-26.75],[-108.0,-26.287],[-108.25,-26.175],[-108.75,-26.234],[-109.25,-26.588],[-109.541,-27.0],[-109.25,-27.446],[-109.079,-27.25]],[[-176.642,-44.108],[-176.5,-44.25],[-176.25,-44.0],[-176.378,-43.872],[-176.35,-43.75],[-176.5,-43.655],[-176.75,-43.614],[-176.916,-43.75],[-176.859,-44.0],[-176.75,-44.11],[-176.642,-44.108]],[[-176.25,-44.221],[-176.294,-44.25],[-176.224,-44.25],[-176.25,-44.221]],[[-175.75,-46.493],[-175.782,-46.5],[-175.75,-46.513],[-175.75,-46.493]],[[-104.25,-29.381],[-103.962,-29.25],[-104.0,-29.116],[-104.25,-29.039],[-104.56,-29.25],[-104.5,-29.325],[-104.25,-29.381]],[[-101.25,-30.595],[-100.75,-30.356],[-99.5,-30.164],[-99.023,-29.75],[-98.989,-29.5],[-99.095,-29.25],[-99.0,-29.118],[-98.78,-29.0],[-99.0,-28.967],[-99.25,-29.111],[-99.75,-29.215],[-100.5,-29.138],[-100.75,-29.193],[-100.846,-29.25],[-101.504,-30.25],[-101.547,-30.5],[-101.5,-30.582],[-101.25,-30.595]],[[-90.52,-61.0],[-90.0,-60.852],[-88.711,-60.75],[-88.0,-60.556],[-87.262,-60.0],[-87.024,-59.75],[-86.0,-59.544],[-85.35,-59.25],[-85.365,-59.0],[-85.568,-58.75],[-85.117,-58.5],[-85.511,-58.25],[-86.364,-58.0],[-86.529,-57.75],[-85.906,-57.5],[-85.522,-57.25],[-85.434,-57.0],[-85.702,-56.75],[-86.129,-56.5],[-87.5,-56.366],[-88.75,-56.906],[-89.0,-57.162],[-89.196,-57.25],[-89.083,-57.5],[-89.25,-57.551],[-89.421,-57.75],[-89.75,-57.802],[-90.204,-57.75],[-90.534,-57.5],[-90.605,-57.25],[-90.533,-57.0],[-89.531,-56.5],[-89.256,-56.25],[-90.32,-55.75],[-90.38,-55.5],[-89.967,-55.25],[-90.5,-55.026],[-90.75,-55.006],[-91.0,-55.093],[-91.5,-55.437],[-92.0,-55.576],[-92.479,-55.5],[-92.75,-55.315],[-93.0,-55.272],[-93.472,-55.5],[-93.424,-55.75],[-93.5,-55.806],[-94.25,-55.907],[-95.25,-56.51],[-96.25,-56.883],[-97.5,-57.168],[-98.0,-57.205],[-99.25,-57.081],[-100.0,-56.646],[-100.25,-56.61],[-100.5,-56.656],[-100.525,-56.75],[-100.401,-57.0],[-100.0,-57.502],[-99.75,-57.613],[-99.25,-57.586],[-99.0,-57.738],[-98.964,-58.0],[-98.375,-58.5],[-98.25,-58.777],[-99.057,-59.0],[-99.176,-59.25],[-98.898,-59.5],[-98.25,-59.752],[-97.25,-59.838],[-96.75,-59.956],[-96.5,-59.897],[-96.141,-59.75],[-95.923,-59.5],[-95.75,-59.14],[-95.5,-59.046],[-95.287,-59.5],[-94.99,-59.75],[-94.75,-59.775],[-91.75,-59.617],[-90.75,-59.339],[-89.75,-59.207],[-87.988,-59.25],[-87.514,-59.5],[-87.566,-59.75],[-88.25,-59.934],[-88.824,-60.0],[-89.411,-60.25],[-89.5,-60.431],[-89.75,-60.53],[-90.25,-60.443],[-91.001,-60.5],[-91.333,-60.75],[-91.25,-60.897],[-91.0,-61.031],[-90.52,-61.0]],[[61.533,-6.0],[61.464,-6.0],[61.5,-6.023],[61.533,-6.0]],[[-176.441,27.0],[-176.5,27.072],[-176.603,27.0],[-176.5,26.944],[-176.441,27.0]],[[-159.25,22.0],[-159.5,22.25],[-159.75,22.25],[-160.0,22.0],[-159.75,21.75],[-159.5,21.75],[-159.25,22.0]],[[-157.75,21.5],[-158.0,21.75],[-158.25,21.75],[-158.5,21.5],[-158.25,21.25],[-158.0,21.25],[-157.75,21.5]],[[-156.75,20.75],[-157.0,21.0],[-157.25,20.75],[-157.0,20.5],[-156.75,20.75]],[[-100.75,-24.971],[-100.787,-25.0],[-100.704,-25.0],[-100.75,-24.971]],[[-90.674,-54.5],[-90.75,-54.465],[-90.839,-54.5],[-90.75,-54.865],[-90.674,-54.5]]]},"properties":{"variable":"swh","unit":"m","hvalue":2.0,"min":2.0,"max":3.0,"label":"2–3 m","color":"#6c99d2","band":2}},{"type":"Feature","geometry":{"type":"Polygon","coordinates":[[[167.838,-46.5],[167.771,-46.521],[167.75,-46.5],[167.838,-46.5]]]},"properties":{"variable":"swh","unit":"m","hvalue":2.0,"min":2.0,"max":3.0,"label":"2–3 m","color":"#6c99d2","band":2}},{"type":"Feature","geometry":{"type":"Polygon","coordinates":[[[-83.75,-44.069],[-84.0,-43.893],[-84.531,-43.25],[-85.137,-43.0],[-86.25,-42.719],[-86.637,-42.5],[-87.25,-41.883],[-87.75,-41.696],[-88.75,-41.584],[-88.906,-41.5],[-89.053,-41.25],[-89.967,-41.0],[-90.108,-40.75],[-89.5,-40.59],[-88.75,-40.492],[-88.5,-40.574],[-88.229,-41.0],[-87.25,-41.234],[-86.25,-41.583],[-86.0,-41.773],[-85.5,-41.859],[-84.75,-42.331],[-82.25,-43.132],[-82.044,-43.25],[-81.568,-43.75],[-81.423,-44.0],[-81.384,-44.25],[-81.43,-44.5],[-81.5,-44.555],[-82.178,-44.5],[-83.75,-44.069]]]},"properties":{"variable":"swh","unit":"m","hvalue":2.0,"min":2.0,"max":3.0,"label":"2–3 m","color":"#6c99d2","band":2}},{"type":"Feature","geometry":{"type":"Polygon","coordinates":[[[-115.25,-32.482],[-115.173,-32.5],[-115.25,-32.533],[-115.514,-32.5],[-115.25,-32.482]]]},"properties":{"variable":"swh","unit":"m","hvalue":2.0,"min":2.0,"max":3.0,"label":"2–3 m","color":"#6c99d2","band":2}},{"type":"Feature","geometry":{"type":"Polygon","coordinates":[[[-93.941,-29.75],[-94.071,-29.5],[-93.75,-29.4],[-93.25,-29.439],[-92.778,-30.0],[-92.756,-30.25],[-93.0,-30.31],[-93.244,-30.25],[-93.941,-29.75]]]},"properties":{"variable":"swh","unit":"m","hvalue":2.0,"min":2.0,"max":3.0,"label":"2–3 m","color":"#6c99d2","band":2}},{"type":"Feature","geometry":{"type":"Polygon","coordinates":[[[-169.504,-28.25],[-169.25,-27.864],[-169.0,-27.734],[-168.654,-28.25],[-168.62,-28.5],[-168.867,-28.75],[-169.0,-29.014],[-169.534,-29.0],[-169.504,-28.25]]]},"properties":{"variable":"swh","unit":"m","hvalue":2.0,"min":2.0,"max":3.0,"label":"2–3 m","color":"#6c99d2","band":2}},{"type":"Feature","geometry":{"type":"Polygon","coordinates":[[[165.5,-25.119],[166.192,-25.25],[166.0,-25.281],[165.75,-25.457],[165.449,-25.25],[165.5,-25.119]]]},"properties":{"variable":"swh","unit":"m","hvalue":2.0,"min":2.0,"max":3.0,"label":"2–3 m","color":"#6c99d2","band":2}},{"type":"Feature","geometry":{"type":"Polygon","coordinates":[[[-166.458,-20.25],[-166.5,-20.266],[-166.5,-20.211],[-166.458,-20.25]]]},"properties":{"variable":"swh","unit":"m","hvalue":2.0,"min":2.0,"max":3.0,"label":"2–3 m","color":"#6c99d2","band":2}},{"type":"Feature","geometry":{"type":"Polygon","coordinates":[[[10.75,-17.967],[10.817,-18.0],[10.75,-18.039],[10.682,-18.0],[10.75,-17.967]]]},"properties":{"variable":"swh","unit":"m","hvalue":2.0,"min":2.0,"max":3.0,"label":"2–3 m","color":"#6c99d2","band":2}},{"type":"Feature","geometry":{"type":"Polygon","coordinates":[[[-88.25,-17.712],[-88.211,-17.75],[-88.25,-17.799],[-88.442,-17.75],[-88.25,-17.712]]]},"properties":{"variable":"swh","unit":"m","hvalue":2.0,"min":2.0,"max":3.0,"label":"2–3 m","color":"#6c99d2","band":2}},{"type":"Feature","geometry":{"type":"Polygon","coordinates":[[[11.5,-17.351],[11.5,-17.622],[11.338,-17.5],[11.5,-17.351]]]},"properties":{"variable":"swh","unit":"m","hvalue":2.0,"min":2.0,"max":3.0,"label":"2–3 m","color":"#6c99d2","band":2}},{"type":"Feature","geometry":{"type":"Polygon","coordinates":[[[-10.75,-16.375],[-11.5,-16.013],[-11.897,-15.75],[-12.028,-15.5],[-12.0,-15.422],[-11.75,-15.366],[-11.5,-15.411],[-10.75,-15.768],[-10.25,-15.892],[-10.0,-15.885],[-9.756,-16.0],[-9.467,-16.5],[-9.393,-16.75],[-9.5,-16.877],[-9.75,-16.911],[-10.241,-16.75],[-10.75,-16.375]]]},"properties":{"variable":"swh","unit":"m","hvalue":2.0,"min":2.0,"max":3.0,"label":"2–3 m","color":"#6c99d2","band":2}},{"type":"Feature","geometry":{"type":"Polygon","coordinates":[[[-161.25,-15.572],[-161.0,-15.641],[-160.698,-16.0],[-160.713,-16.5],[-161.0,-16.557],[-161.6,-15.75],[-161.25,-15.572]]]},"properties":{"variable":"swh","unit":"m","hvalue":2.0,"min":2.0,"max":3.0,"label":"2–3 m","color":"#6c99d2","band":2}},{"type":"Feature","geometry":{"type":"Polygon","coordinates":[[[-7.448,-16.0],[-7.5,-16.007],[-7.5,-15.939],[-7.448,-16.0]]]},"properties":{"variable":"swh","unit":"m","hvalue":2.0,"min":2.0,"max":3.0,"label":"2–3 m","color":"#6c99d2","band":2}},{"type":"Feature","geometry":{"type":"Polygon","coordinates":[[[7.207,-15.75],[6.617,-14.25],[6.545,-13.75],[6.75,-13.292],[7.0,-13.244],[7.25,-13.389],[7.701,-14.25],[7.858,-15.25],[7.85,-15.75],[7.75,-15.952],[7.461,-16.0],[7.207,-15.75]]]},"properties":{"variable":"swh","unit":"m","hvalue":2.0,"min":2.0,"max":3.0,"label":"2–3 m","color":"#6c99d2","band":2}},{"type":"Feature","geometry":{"type":"Polygon","coordinates":[[[-8.995,-15.25],[-8.993,-15.0],[-8.75,-14.895],[-8.25,-15.084],[-8.0,-15.242],[-7.558,-15.75],[-7.75,-15.845],[-8.75,-15.427],[-8.995,-15.25]]]},"properties":{"variable":"swh","unit":"m","hvalue":2.0,"min":2.0,"max":3.0,"label":"2–3 m","color":"#6c99d2","band":2}},{"type":"Feature","geometry":{"type":"Polygon","coordinates":[[[9.777,-15.75],[9.75,-15.931],[9.697,-15.75],[9.777,-15.75]]]},"properties":{"variable":"swh","unit":"m","hvalue":2.0,"min":2.0,"max":3.0,"label":"2–3 m","color":"#6c99d2","band":2}},{"type":"Feature","geometry":{"type":"Polygon","coordinates":[[[-12.25,-15.173],[-12.179,-15.25],[-12.25,-15.275],[-12.301,-15.25],[-12.25,-15.173]]]},"properties":{"variable":"swh","unit":"m","hvalue":2.0,"min":2.0,"max":3.0,"label":"2–3 m","color":"#6c99d2","band":2}},{"type":"Feature","geometry":{"type":"Polygon","coordinates":[[[-12.5,-14.955],[-12.343,-15.0],[-12.5,-15.123],[-12.59,-15.0],[-12.5,-14.955]]]},"properties":{"variable":"swh","unit":"m","hvalue":2.0,"min":2.0,"max":3.0,"label":"2–3 m","color":"#6c99d2","band":2}},{"type":"Feature","geometry":{"type":"Polygon","coordinates":[[[2.0,-13.928],[1.75,-13.376],[1.5,-13.136],[1.25,-13.173],[1.0,-13.366],[0.5,-14.211],[0.25,-14.22],[-0.5,-13.723],[-1.0,-13.642],[-1.243,-13.5],[-1.75,-12.986],[-2.0,-13.178],[-2.25,-13.225],[-2.5,-13.225],[-3.0,-13.027],[-3.25,-13.004],[-3.75,-13.087],[-3.932,-13.25],[-3.961,-13.5],[-3.766,-13.75],[-3.25,-14.172],[-3.194,-14.25],[-3.25,-14.406],[-4.5,-13.843],[-5.604,-12.75],[-5.749,-12.5],[-6.25,-12.299],[-6.5,-12.373],[-6.685,-13.0],[-7.0,-13.175],[-7.5,-13.194],[-8.75,-12.551],[-9.122,-12.75],[-9.184,-13.0],[-9.25,-13.049],[-9.5,-13.132],[-10.5,-13.179],[-10.554,-13.0],[-10.754,-12.75],[-11.25,-12.404],[-12.036,-12.0],[-12.255,-11.75],[-11.959,-11.5],[-11.918,-11.25],[-12.25,-11.107],[-12.787,-11.0],[-13.131,-10.75],[-13.314,-10.5],[-13.25,-10.406],[-13.0,-10.419],[-12.337,-10.25],[-12.75,-10.009],[-12.95,-9.75],[-12.75,-9.453],[-12.25,-9.051],[-11.75,-8.952],[-11.5,-9.071],[-11.25,-9.359],[-11.0,-9.455],[-10.75,-9.432],[-10.665,-9.25],[-10.75,-8.975],[-11.0,-8.725],[-11.5,-8.724],[-11.643,-8.5],[-11.589,-8.25],[-11.25,-8.13],[-10.75,-8.101],[-10.532,-8.0],[-10.587,-7.75],[-10.25,-7.567],[-9.75,-7.462],[-9.25,-7.634],[-8.982,-7.5],[-8.865,-7.25],[-8.87,-7.0],[-8.743,-6.75],[-8.85,-6.5],[-9.095,-6.25],[-9.0,-5.984],[-8.75,-5.928],[-8.5,-5.959],[-8.0,-5.445],[-7.75,-5.462],[-7.467,-5.75],[-6.75,-6.135],[-5.25,-6.784],[-4.5,-7.202],[-4.0,-7.244],[-3.5,-7.129],[-3.25,-7.176],[-2.75,-7.513],[-2.339,-8.0],[-2.041,-8.75],[-1.75,-9.061],[-1.5,-9.235],[-1.25,-9.267],[-1.0,-9.12],[-0.709,-9.25],[-0.646,-9.5],[-0.671,-9.75],[-0.767,-10.0],[-0.978,-10.25],[-1.005,-10.5],[-0.9,-11.0],[-0.75,-11.118],[-0.5,-11.192],[-0.268,-11.0],[-0.25,-10.774],[0.0,-10.664],[0.25,-10.903],[0.5,-11.443],[0.75,-11.596],[1.0,-11.595],[1.11,-11.5],[1.338,-11.0],[1.5,-10.856],[1.75,-10.99],[2.02,-11.5],[2.128,-12.0],[2.328,-12.5],[2.5,-12.776],[2.79,-13.0],[2.84,-13.25],[2.784,-13.75],[3.12,-14.5],[3.173,-14.75],[3.12,-15.0],[3.0,-15.1],[2.775,-15.0],[2.0,-13.928]],[[-11.5,-10.645],[-11.0,-10.569],[-10.534,-10.25],[-10.75,-9.838],[-11.0,-9.857],[-11.5,-9.623],[-12.0,-10.199],[-12.19,-10.25],[-11.952,-10.5],[-11.75,-10.612],[-11.5,-10.645]],[[-5.081,-12.5],[-5.163,-12.25],[-5.508,-12.0],[-5.611,-12.25],[-5.465,-12.5],[-5.25,-12.657],[-5.081,-12.5]],[[-2.294,-12.75],[-2.5,-12.504],[-2.644,-12.75],[-2.5,-12.87],[-2.294,-12.75]]]},"properties":{"variable":"swh","unit":"m","hvalue":2.0,"min":2.0,"max":3.0,"label":"2–3 m","color":"#6c99d2","band":2}},{"type":"Feature","geometry":{"type":"Polygon","coordinates":[[[-11.383,-13.75],[-11.0,-13.665],[-10.5,-13.32],[-10.315,-13.75],[-10.5,-13.945],[-10.75,-14.058],[-11.265,-14.0],[-11.383,-13.75]]]},"properties":{"variable":"swh","unit":"m","hvalue":2.0,"min":2.0,"max":3.0,"label":"2–3 m","color":"#6c99d2","band":2}},{"type":"Feature","geometry":{"type":"Polygon","coordinates":[[[-14.529,-13.0],[-14.576,-12.5],[-14.5,-12.46],[-14.25,-12.579],[-13.75,-12.966],[-13.5,-13.03],[-13.338,-13.25],[-13.331,-13.5],[-13.5,-13.699],[-13.75,-13.742],[-14.562,-13.5],[-14.529,-13.0]]]},"properties":{"variable":"swh","unit":"m","hvalue":2.0,"min":2.0,"max":3.0,"label":"2–3 m","color":"#6c99d2","band":2}},{"type":"Feature","geometry":{"type":"Polygon","coordinates":[[[-19.235,-11.0],[-19.0,-10.713],[-18.5,-10.765],[-18.23,-11.0],[-18.343,-11.25],[-18.5,-11.339],[-19.015,-11.25],[-19.235,-11.0]]]},"properties":{"variable":"swh","unit":"m","hvalue":2.0,"min":2.0,"max":3.0,"label":"2–3 m","color":"#6c99d2","band":2}},{"type":"Feature","geometry":{"type":"Polygon","coordinates":[[[-14.238,-10.0],[-14.291,-9.75],[-13.75,-9.651],[-13.352,-9.75],[-13.298,-10.0],[-13.45,-10.25],[-13.75,-10.334],[-14.004,-10.25],[-14.238,-10.0]]]},"properties":{"variable":"swh","unit":"m","hvalue":2.0,"min":2.0,"max":3.0,"label":"2–3 m","color":"#6c99d2","band":2}},{"type":"Feature","geometry":{"type":"Polygon","coordinates":[[[-0.11,-9.75],[0.0,-9.691],[0.25,-9.974],[0.5,-9.997],[0.74,-9.75],[0.736,-9.5],[0.107,-8.75],[-0.289,-7.5],[-0.329,-7.0],[-0.255,-6.75],[0.0,-6.705],[0.25,-6.946],[1.164,-8.25],[1.25,-8.5],[1.282,-9.25],[1.232,-9.5],[1.0,-9.914],[0.25,-10.17],[0.0,-10.136],[-0.109,-10.0],[-0.11,-9.75]]]},"properties":{"variable":"swh","unit":"m","hvalue":2.0,"min":2.0,"max":3.0,"label":"2–3 m","color":"#6c99d2","band":2}},{"type":"Feature","geometry":{"type":"Polygon","coordinates":[[[-177.0,-9.654],[-176.903,-9.75],[-177.0,-9.946],[-177.25,-9.847],[-177.281,-9.75],[-177.0,-9.654]]]},"properties":{"variable":"swh","unit":"m","hvalue":2.0,"min":2.0,"max":3.0,"label":"2–3 m","color":"#6c99d2","band":2}},{"type":"Feature","geometry":{"type":"Polygon","coordinates":[[[-15.75,-9.64],[-15.5,-9.625],[-15.25,-9.672],[-15.175,-9.75],[-15.25,-9.89],[-15.5,-9.934],[-15.846,-9.75],[-15.75,-9.64]]]},"properties":{"variable":"swh","unit":"m","hvalue":2.0,"min":2.0,"max":3.0,"label":"2–3 m","color":"#6c99d2","band":2}},{"type":"Feature","geometry":{"type":"Polygon","coordinates":[[[115.843,-8.657],[115.75,-8.75],[115.75,-8.616],[115.843,-8.657]]]},"properties":{"variable":"swh","unit":"m","hvalue":2.0,"min":2.0,"max":3.0,"label":"2–3 m","color":"#6c99d2","band":2}},{"type":"Feature","geometry":{"type":"Polygon","coordinates":[[[-17.662,-7.75],[-17.5,-7.693],[-17.436,-7.75],[-17.445,-8.0],[-17.762,-8.0],[-17.662,-7.75]]]},"properties":{"variable":"swh","unit":"m","hvalue":2.0,"min":2.0,"max":3.0,"label":"2–3 m","color":"#6c99d2","band":2}},{"type":"Feature","geometry":{"type":"Polygon","coordinates":[[[-22.25,-7.677],[-22.11,-7.75],[-22.25,-7.92],[-22.772,-7.75],[-22.25,-7.677]]]},"properties":{"variable":"swh","unit":"m","hvalue":2.0,"min":2.0,"max":3.0,"label":"2–3 m","color":"#6c99d2","band":2}},{"type":"Feature","geometry":{"type":"Polygon","coordinates":[[[-11.75,-7.331],[-12.014,-7.25],[-12.141,-6.75],[-12.0,-6.549],[-11.725,-6.75],[-11.707,-7.25],[-11.217,-7.5],[-11.5,-7.573],[-11.696,-7.5],[-11.75,-7.331]]]},"properties":{"variable":"swh","unit":"m","hvalue":2.0,"min":2.0,"max":3.0,"label":"2–3 m","color":"#6c99d2","band":2}},{"type":"Feature","geometry":{"type":"Polygon","coordinates":[[[-12.158,-6.0],[-12.25,-6.008],[-12.25,-5.916],[-12.158,-6.0]]]},"properties":{"variable":"swh","unit":"m","hvalue":2.0,"min":2.0,"max":3.0,"label":"2–3 m","color":"#6c99d2","band":2}},{"type":"Feature","geometry":{"type":"Polygon","coordinates":[[[61.75,-5.03],[61.364,-4.75],[61.427,-4.5],[61.75,-4.424],[62.25,-4.551],[63.102,-5.0],[63.366,-5.25],[63.25,-5.395],[62.238,-5.25],[61.75,-5.03]]]},"properties":{"variable":"swh","unit":"m","hvalue":2.0,"min":2.0,"max":3.0,"label":"2–3 m","color":"#6c99d2","band":2}},{"type":"Feature","geometry":{"type":"Polygon","coordinates":[[[-37.5,-3.405],[-37.75,-3.415],[-38.366,-3.25],[-38.83,-3.0],[-39.0,-2.792],[-39.265,-2.75],[-39.043,-2.25],[-39.491,-1.75],[-39.25,-1.662],[-38.879,-1.75],[-38.75,-2.004],[-38.5,-2.125],[-38.25,-1.874],[-37.25,-2.361],[-36.389,-2.5],[-36.942,-2.75],[-36.823,-3.0],[-36.567,-3.25],[-36.723,-3.5],[-37.083,-3.5],[-37.5,-3.405]]]},"properties":{"variable":"swh","unit":"m","hvalue":2.0,"min":2.0,"max":3.0,"label":"2–3 m","color":"#6c99d2","band":2}},{"type":"Feature","geometry":{"type":"Polygon","coordinates":[[[154.0,-2.242],[154.75,-1.457],[155.5,-1.27],[156.0,-1.386],[156.217,-1.5],[156.262,-1.75],[156.152,-2.0],[156.0,-2.188],[155.75,-2.318],[155.25,-2.438],[154.655,-2.25],[154.5,-2.12],[154.358,-2.25],[154.25,-2.505],[154.0,-2.618],[153.957,-2.5],[154.0,-2.242]]]},"properties":{"variable":"swh","unit":"m","hvalue":2.0,"min":2.0,"max":3.0,"label":"2–3 m","color":"#6c99d2","band":2}},{"type":"Feature","geometry":{"type":"Polygon","coordinates":[[[-37.065,-1.75],[-37.25,-1.753],[-37.25,-1.74],[-37.065,-1.75]]]},"properties":{"variable":"swh","unit":"m","hvalue":2.0,"min":2.0,"max":3.0,"label":"2–3 m","color":"#6c99d2","band":2}},{"type":"Feature","geometry":{"type":"Polygon","coordinates":[[[-178.702,-1.25],[-178.5,-1.157],[-178.293,-1.25],[-178.344,-1.5],[-178.5,-1.582],[-178.761,-1.5],[-178.702,-1.25]]]},"properties":{"variable":"swh","unit":"m","hvalue":2.0,"min":2.0,"max":3.0,"label":"2–3 m","color":"#6c99d2","band":2}},{"type":"Feature","geometry":{"type":"Polygon","coordinates":[[[164.273,-1.0],[163.705,-0.25],[163.0,0.283],[162.5,0.825],[162.0,1.016],[161.25,1.071],[161.019,1.25],[161.75,1.869],[162.5,2.388],[162.855,2.75],[162.488,3.25],[162.187,3.5],[161.803,4.25],[162.5,4.543],[163.0,4.474],[163.5,4.514],[163.683,4.75],[163.75,5.002],[164.75,5.92],[165.0,6.021],[165.512,6.0],[166.0,6.253],[166.25,6.177],[166.75,6.212],[167.25,6.029],[167.75,5.807],[168.0,5.482],[168.832,5.25],[169.235,5.0],[168.75,4.897],[168.647,4.75],[168.75,4.557],[169.179,4.75],[169.25,4.985],[170.75,5.074],[171.25,5.159],[171.75,5.353],[172.25,5.746],[172.75,5.575],[173.5,5.067],[173.75,5.002],[174.25,5.145],[174.516,5.0],[174.689,4.75],[174.635,4.5],[174.75,4.405],[175.0,4.333],[175.374,4.5],[175.379,4.75],[175.506,5.0],[175.527,5.25],[175.47,5.5],[175.209,5.75],[175.175,6.0],[175.327,6.5],[175.373,7.0],[175.484,7.25],[175.65,8.0],[175.75,8.165],[176.0,8.31],[176.281,8.75],[176.0,8.967],[175.5,9.096],[175.38,9.25],[175.247,9.75],[174.75,10.117],[174.25,10.297],[174.123,10.5],[174.391,10.75],[174.5,10.968],[174.59,11.25],[174.522,11.5],[172.0,11.83],[171.75,11.929],[171.642,12.0],[171.72,12.25],[172.035,12.5],[171.919,12.75],[171.501,13.0],[171.456,13.25],[171.75,13.537],[173.5,14.175],[174.5,14.392],[174.741,14.5],[174.678,14.75],[174.25,15.084],[172.75,15.507],[172.25,15.502],[171.5,15.329],[171.0,15.354],[170.25,15.512],[168.5,15.506],[167.203,15.75],[166.5,16.079],[165.5,16.064],[165.0,16.132],[164.767,16.25],[164.828,16.5],[165.077,16.75],[165.491,17.0],[166.0,17.085],[166.152,17.25],[166.0,17.44],[165.5,17.576],[164.75,17.576],[163.75,17.457],[163.25,17.487],[163.0,17.563],[162.75,17.555],[162.0,17.878],[161.75,17.874],[160.558,17.75],[160.0,17.55],[159.75,17.363],[157.75,16.943],[157.25,16.979],[156.5,17.177],[156.083,17.5],[156.072,17.75],[156.189,18.25],[156.176,18.5],[156.25,18.682],[156.5,18.898],[156.75,19.034],[157.25,19.131],[157.5,19.106],[157.75,19.191],[158.5,19.099],[159.28,19.25],[159.234,19.5],[157.967,19.75],[157.0,20.303],[156.75,20.23],[156.5,20.292],[156.287,20.5],[156.446,21.0],[156.31,21.5],[155.652,22.25],[155.892,22.5],[155.896,22.75],[155.761,23.0],[156.0,23.216],[156.25,23.302],[156.75,23.313],[157.0,23.408],[157.25,23.358],[158.0,23.558],[158.5,23.878],[158.75,23.878],[159.0,23.573],[159.25,23.575],[159.511,23.75],[159.411,24.0],[159.25,24.119],[159.0,24.166],[158.728,24.5],[158.94,24.75],[160.25,25.176],[160.892,25.5],[161.25,25.6],[162.5,25.668],[163.508,25.5],[164.25,25.28],[164.5,25.297],[165.0,25.174],[165.352,25.25],[165.75,25.542],[166.0,25.41],[166.25,25.495],[166.608,25.75],[166.619,26.0],[165.75,26.17],[165.644,26.25],[165.5,26.531],[165.196,26.75],[165.464,27.0],[165.75,27.098],[166.25,27.135],[167.0,26.902],[167.75,26.481],[168.25,26.307],[169.0,26.264],[169.75,26.504],[170.033,26.75],[170.254,27.25],[170.894,27.5],[170.654,27.75],[170.5,27.826],[169.5,27.904],[169.0,27.859],[168.25,28.113],[167.0,28.03],[166.5,27.824],[165.75,27.671],[165.25,27.708],[164.75,27.854],[162.778,28.75],[162.384,29.0],[162.168,29.25],[161.919,29.75],[161.885,30.25],[161.626,30.5],[161.461,31.25],[161.693,31.5],[162.0,31.653],[162.25,31.71],[162.5,31.635],[162.917,31.25],[162.954,31.0],[162.876,30.75],[163.0,30.64],[163.786,30.75],[164.0,30.645],[164.25,30.247],[164.5,30.1],[164.75,30.165],[164.981,30.5],[164.963,30.75],[165.491,31.25],[165.562,31.5],[164.733,32.0],[164.524,32.25],[165.25,32.449],[166.25,32.502],[166.5,32.601],[166.75,32.793],[167.0,32.849],[168.0,32.648],[168.5,32.476],[168.75,32.47],[169.964,32.75],[170.283,33.25],[170.321,33.5],[170.5,33.786],[171.5,34.354],[172.5,34.516],[173.269,34.75],[173.453,35.0],[173.442,35.25],[173.0,35.454],[172.25,35.437],[171.5,35.184],[171.25,35.183],[171.0,35.32],[170.275,35.5],[169.832,35.75],[170.522,36.25],[170.719,36.75],[170.791,37.0],[170.589,37.75],[170.618,38.0],[170.739,38.25],[171.014,38.5],[171.5,38.727],[171.75,38.775],[172.0,38.559],[172.133,38.25],[172.238,37.75],[172.098,37.0],[171.936,36.75],[172.0,36.471],[172.25,36.294],[172.5,36.265],[173.25,36.611],[173.75,36.71],[173.955,37.0],[173.878,37.75],[173.75,38.0],[173.371,38.25],[172.825,39.25],[172.676,39.75],[172.671,40.0],[172.75,40.12],[173.0,40.075],[173.5,39.672],[174.627,39.75],[174.75,39.797],[175.25,40.252],[175.746,40.5],[175.952,40.75],[176.043,41.0],[175.996,41.25],[175.5,41.589],[175.412,41.75],[175.39,42.0],[175.5,42.279],[176.0,42.624],[176.25,42.615],[176.403,42.5],[176.57,42.25],[176.75,41.602],[177.0,41.421],[177.25,41.374],[177.5,41.426],[177.567,41.5],[177.615,42.5],[177.75,42.882],[178.0,42.97],[178.5,42.711],[179.0,42.618],[179.25,42.684],[179.75,42.955],[179.75,39.501],[178.75,39.135],[177.25,38.925],[176.25,39.453],[175.919,39.5],[175.931,39.25],[176.274,38.5],[176.325,37.75],[176.5,37.508],[177.25,37.532],[177.5,37.466],[177.75,37.383],[178.322,37.0],[178.5,36.802],[178.75,36.799],[179.037,37.0],[179.331,37.5],[179.75,37.861],[179.75,32.847],[179.0,32.387],[178.209,32.0],[177.599,31.5],[176.75,31.043],[174.922,30.25],[174.25,29.838],[173.0,29.349],[171.75,28.951],[170.762,28.5],[171.0,28.191],[171.5,28.07],[172.0,28.064],[173.0,28.217],[173.5,28.206],[174.843,28.5],[175.439,28.75],[176.056,29.25],[177.5,29.828],[178.25,29.97],[179.75,30.043],[179.75,1.447],[179.5,1.7],[179.0,1.602],[178.75,1.743],[178.263,2.25],[178.056,2.75],[177.75,2.923],[177.0,3.187],[176.0,4.075],[175.803,4.0],[175.824,3.75],[175.686,3.5],[175.407,3.25],[175.75,2.8],[175.75,2.726],[175.0,2.238],[173.75,2.181],[173.25,2.232],[173.0,2.2],[172.75,2.055],[172.303,1.75],[171.812,1.25],[171.407,0.75],[170.5,-0.781],[170.25,-1.008],[170.0,-1.106],[168.75,-1.273],[168.0,-1.506],[167.0,-1.697],[166.0,-1.625],[164.75,-1.46],[164.273,-1.0]],[[173.5,2.83],[173.75,2.898],[173.876,3.0],[173.938,3.25],[173.75,3.385],[173.5,3.439],[172.75,3.471],[172.528,3.25],[172.572,3.0],[172.75,2.886],[173.5,2.83]],[[159.57,20.0],[159.184,20.0],[159.5,19.899],[159.57,20.0]],[[160.5,24.026],[160.75,23.9],[161.0,23.931],[161.046,24.0],[160.863,24.25],[160.771,24.5],[160.5,24.59],[160.102,24.5],[160.042,24.25],[160.25,23.983],[160.5,24.026]],[[161.0,20.099],[161.324,20.25],[161.234,20.5],[160.75,20.534],[160.253,20.25],[160.75,20.082],[161.0,20.099]],[[162.904,25.0],[162.75,25.066],[162.562,25.0],[162.75,24.901],[162.904,25.0]],[[163.15,20.25],[163.0,20.446],[162.768,20.25],[163.0,20.111],[163.15,20.25]],[[163.883,20.5],[163.75,20.625],[163.293,20.5],[163.75,20.359],[163.883,20.5]]]},"properties":{"variable":"swh","unit":"m","hvalue":2.0,"min":2.0,"max":3.0,"label":"2–3 m","color":"#6c99d2","band":2}},{"type":"Feature","geometry":{"type":"Polygon","coordinates":[[[81.397,1.5],[81.5,1.702],[81.793,1.5],[81.792,1.25],[81.75,1.189],[81.49,1.25],[81.397,1.5]]]},"properties":{"variable":"swh","unit":"m","hvalue":2.0,"min":2.0,"max":3.0,"label":"2–3 m","color":"#6c99d2","band":2}},{"type":"Feature","geometry":{"type":"Polygon","coordinates":[[[152.467,3.75],[152.442,4.0],[153.196,4.5],[153.4,4.5],[154.301,4.25],[154.092,3.75],[153.743,3.5],[153.5,3.42],[152.812,3.5],[152.467,3.75]]]},"properties":{"variable":"swh","unit":"m","hvalue":2.0,"min":2.0,"max":3.0,"label":"2–3 m","color":"#6c99d2","band":2}},{"type":"Feature","geometry":{"type":"Polygon","coordinates":[[[158.684,4.0],[159.5,4.13],[159.892,4.0],[159.5,3.895],[159.25,3.655],[158.75,3.337],[158.5,3.415],[158.463,3.5],[158.684,4.0]]]},"properties":{"variable":"swh","unit":"m","hvalue":2.0,"min":2.0,"max":3.0,"label":"2–3 m","color":"#6c99d2","band":2}},{"type":"Feature","geometry":{"type":"Polygon","coordinates":[[[151.14,4.5],[151.25,4.578],[151.5,4.539],[151.939,4.25],[151.5,4.12],[151.253,4.25],[151.14,4.5]]]},"properties":{"variable":"swh","unit":"m","hvalue":2.0,"min":2.0,"max":3.0,"label":"2–3 m","color":"#6c99d2","band":2}},{"type":"Feature","geometry":{"type":"Polygon","coordinates":[[[78.294,8.25],[78.5,8.598],[78.75,8.674],[78.832,8.5],[78.832,8.25],[78.75,8.069],[78.5,7.892],[78.253,8.0],[78.294,8.25]]]},"properties":{"variable":"swh","unit":"m","hvalue":2.0,"min":2.0,"max":3.0,"label":"2–3 m","color":"#6c99d2","band":2}},{"type":"Feature","geometry":{"type":"Polygon","coordinates":[[[52.5,9.968],[52.457,10.25],[52.25,10.443],[52.0,10.178],[51.5,10.035],[51.084,10.25],[51.25,10.254],[51.568,10.5],[51.395,11.25],[51.451,11.5],[51.604,11.75],[51.203,12.25],[51.25,12.614],[51.458,13.0],[51.92,15.0],[52.159,15.5],[52.5,15.785],[52.75,15.866],[53.324,15.75],[53.75,15.36],[54.027,15.25],[54.204,15.0],[54.356,14.25],[54.25,13.71],[54.0,13.672],[53.25,12.926],[53.0,12.884],[52.855,12.75],[52.796,12.25],[53.012,12.0],[52.86,11.5],[52.93,11.25],[53.25,11.042],[53.763,10.25],[53.5,10.19],[53.216,9.75],[53.0,9.655],[52.651,9.75],[52.5,9.968]],[[52.25,12.075],[52.459,12.25],[52.448,12.5],[52.299,12.75],[52.0,12.916],[51.883,12.75],[51.846,12.5],[51.889,12.25],[52.0,12.145],[52.25,12.075]]]},"properties":{"variable":"swh","unit":"m","hvalue":2.0,"min":2.0,"max":3.0,"label":"2–3 m","color":"#6c99d2","band":2}},{"type":"Feature","geometry":{"type":"Polygon","coordinates":[[[-116.836,10.5],[-117.25,10.876],[-118.25,11.084],[-119.0,11.652],[-119.75,11.929],[-120.0,12.208],[-120.5,13.662],[-120.75,13.705],[-121.415,14.75],[-121.316,15.75],[-121.167,16.0],[-121.0,16.106],[-120.75,16.031],[-120.25,15.699],[-118.75,14.519],[-118.235,14.0],[-116.598,11.25],[-116.497,11.0],[-116.366,10.25],[-116.5,10.092],[-116.699,10.25],[-116.836,10.5]],[[-120.418,14.0],[-120.5,14.103],[-120.677,14.0],[-120.5,13.754],[-120.418,14.0]]]},"properties":{"variable":"swh","unit":"m","hvalue":2.0,"min":2.0,"max":3.0,"label":"2–3 m","color":"#6c99d2","band":2}},{"type":"Feature","geometry":{"type":"Polygon","coordinates":[[[-48.75,10.837],[-49.5,10.929],[-50.25,11.309],[-51.0,11.556],[-51.5,11.522],[-51.75,11.34],[-52.0,11.318],[-52.25,11.4],[-53.0,11.327],[-53.481,11.5],[-53.75,11.823],[-55.25,11.976],[-55.5,12.151],[-56.0,12.284],[-56.25,12.462],[-57.25,12.496],[-58.25,12.311],[-58.333,12.25],[-58.369,12.0],[-58.526,11.75],[-58.74,11.5],[-59.0,11.349],[-60.0,11.253],[-60.25,11.336],[-60.424,11.5],[-60.455,12.0],[-60.285,12.25],[-60.0,12.407],[-59.25,12.609],[-59.0,12.503],[-58.75,12.534],[-58.721,12.75],[-59.0,13.124],[-59.187,13.25],[-59.238,13.5],[-59.048,14.0],[-59.161,14.25],[-59.75,14.556],[-60.75,14.749],[-61.036,15.0],[-61.137,15.75],[-60.972,16.25],[-61.294,16.75],[-61.361,17.0],[-61.5,17.21],[-61.5,17.278],[-61.25,17.319],[-61.116,17.5],[-61.213,18.0],[-61.047,18.25],[-60.857,19.0],[-60.704,19.25],[-60.25,19.668],[-60.07,20.0],[-60.064,20.75],[-59.919,21.0],[-59.25,21.376],[-58.5,21.41],[-57.5,21.16],[-57.082,21.25],[-56.75,21.417],[-56.25,21.442],[-55.75,21.186],[-55.515,21.25],[-55.6,21.5],[-55.25,21.527],[-55.003,21.5],[-55.478,21.25],[-55.519,21.0],[-55.25,20.809],[-55.0,20.829],[-54.63,21.0],[-54.996,21.5],[-54.5,21.664],[-54.0,21.523],[-53.27,21.75],[-53.0,21.769],[-50.5,21.445],[-49.5,21.7],[-48.75,21.747],[-48.25,21.882],[-47.608,22.25],[-47.0,22.461],[-46.5,22.516],[-43.0,23.443],[-42.0,23.624],[-41.607,23.75],[-40.5,24.297],[-38.0,24.321],[-37.25,24.137],[-36.0,24.613],[-34.5,25.366],[-33.5,25.495],[-33.0,25.708],[-32.75,25.91],[-32.541,26.25],[-32.141,26.5],[-31.25,26.815],[-29.75,27.55],[-28.75,28.196],[-28.0,28.454],[-27.25,28.83],[-25.5,29.537],[-24.059,30.5],[-23.25,30.818],[-22.523,31.25],[-20.338,32.25],[-19.25,32.483],[-18.75,32.718],[-18.5,32.652],[-18.354,32.5],[-18.357,32.25],[-18.703,31.5],[-18.643,31.25],[-18.5,31.225],[-18.25,31.331],[-18.0,31.531],[-17.878,31.75],[-17.554,32.0],[-17.25,32.074],[-17.0,32.095],[-16.77,32.0],[-16.34,31.75],[-16.109,31.5],[-16.03,31.25],[-16.054,31.0],[-16.304,30.5],[-16.5,30.325],[-17.0,30.052],[-17.573,29.5],[-18.032,29.25],[-18.232,29.0],[-18.25,28.658],[-18.882,27.75],[-18.973,27.5],[-19.15,26.0],[-19.0,25.781],[-18.75,25.573],[-18.25,25.294],[-17.988,25.25],[-17.75,25.012],[-17.875,24.0],[-18.0,23.551],[-18.434,22.75],[-18.47,22.0],[-18.589,21.25],[-19.0,19.94],[-19.692,19.0],[-19.812,18.5],[-20.0,18.082],[-20.75,17.239],[-21.0,17.126],[-21.5,17.028],[-22.5,16.949],[-23.0,17.0],[-23.75,16.758],[-24.5,16.851],[-25.0,17.214],[-25.2,17.2],[-25.25,17.25],[-26.25,16.307],[-27.25,15.706],[-27.75,15.554],[-29.5,15.138],[-30.25,15.313],[-30.75,15.259],[-31.75,15.009],[-32.25,14.758],[-32.5,14.756],[-33.0,14.993],[-33.25,15.027],[-34.0,15.018],[-34.75,14.898],[-35.13,14.75],[-35.485,14.5],[-36.0,13.933],[-36.75,13.81],[-38.971,13.0],[-39.586,12.5],[-39.667,12.0],[-39.75,11.951],[-40.0,11.916],[-41.25,12.075],[-41.75,12.007],[-42.25,11.843],[-43.5,11.887],[-44.0,11.8],[-45.5,11.934],[-45.75,11.9],[-46.25,11.568],[-46.75,11.395],[-47.0,11.399],[-46.971,11.75],[-47.5,12.025],[-47.75,11.927],[-47.964,11.75],[-48.041,11.5],[-47.944,11.25],[-47.75,11.093],[-47.5,11.057],[-47.25,11.114],[-47.0,10.946],[-46.75,10.585],[-46.75,10.395],[-46.874,10.25],[-47.269,10.25],[-48.75,10.837]]]},"properties":{"variable":"swh","unit":"m","hvalue":2.0,"min":2.0,"max":3.0,"label":"2–3 m","color":"#6c99d2","band":2}},{"type":"Feature","geometry":{"type":"Polygon","coordinates":[[[-56.004,10.75],[-55.75,10.975],[-55.651,10.5],[-55.75,10.366],[-56.0,10.38],[-56.048,10.5],[-56.004,10.75]]]},"properties":{"variable":"swh","unit":"m","hvalue":2.0,"min":2.0,"max":3.0,"label":"2–3 m","color":"#6c99d2","band":2}},{"type":"Feature","geometry":{"type":"Polygon","coordinates":[[[-89.292,11.0],[-89.25,11.181],[-89.0,11.2],[-87.932,11.0],[-87.75,10.793],[-87.589,10.75],[-88.75,10.708],[-89.004,10.75],[-89.292,11.0]]]},"properties":{"variable":"swh","unit":"m","hvalue":2.0,"min":2.0,"max":3.0,"label":"2–3 m","color":"#6c99d2","band":2}},{"type":"Feature","geometry":{"type":"Polygon","coordinates":[[[-78.25,11.376],[-79.25,11.623],[-79.75,11.787],[-80.25,12.049],[-80.419,12.25],[-80.32,12.5],[-80.429,12.75],[-80.791,13.0],[-80.966,13.25],[-80.962,13.5],[-80.838,13.75],[-80.5,14.005],[-80.065,14.5],[-80.0,14.708],[-79.414,15.0],[-78.75,15.228],[-77.25,15.39],[-76.381,14.75],[-76.25,14.535],[-75.25,14.497],[-75.0,14.596],[-73.25,14.615],[-72.995,14.5],[-72.829,14.25],[-72.543,14.0],[-72.416,13.0],[-72.55,12.5],[-73.0,12.217],[-73.729,11.5],[-74.5,11.481],[-75.5,11.011],[-76.0,10.904],[-76.5,10.899],[-77.75,11.371],[-78.25,11.376]]]},"properties":{"variable":"swh","unit":"m","hvalue":2.0,"min":2.0,"max":3.0,"label":"2–3 m","color":"#6c99d2","band":2}},{"type":"Feature","geometry":{"type":"Polygon","coordinates":[[[54.75,12.892],[54.958,13.0],[54.905,13.25],[55.0,13.723],[55.25,13.743],[55.353,13.5],[55.203,13.25],[55.212,13.0],[55.0,12.904],[54.951,12.75],[54.713,12.75],[54.75,12.892]]]},"properties":{"variable":"swh","unit":"m","hvalue":2.0,"min":2.0,"max":3.0,"label":"2–3 m","color":"#6c99d2","band":2}},{"type":"Feature","geometry":{"type":"Polygon","coordinates":[[[55.972,13.5],[56.25,13.659],[56.5,13.654],[56.556,13.5],[56.575,13.0],[56.5,12.923],[55.869,13.25],[55.972,13.5]]]},"properties":{"variable":"swh","unit":"m","hvalue":2.0,"min":2.0,"max":3.0,"label":"2–3 m","color":"#6c99d2","band":2}},{"type":"Feature","geometry":{"type":"Polygon","coordinates":[[[127.343,14.0],[127.056,14.25],[126.916,14.5],[126.25,14.704],[125.894,15.0],[125.871,15.25],[126.75,15.809],[127.75,16.202],[128.25,16.678],[128.5,16.724],[129.5,16.635],[129.979,16.75],[130.38,17.75],[131.114,18.5],[131.5,19.123],[131.85,19.5],[132.25,19.582],[134.25,19.467],[134.5,19.528],[134.77,19.75],[134.855,20.0],[134.701,21.0],[134.793,21.25],[135.364,21.75],[135.571,22.0],[135.658,22.25],[135.298,23.0],[135.414,23.75],[135.338,24.25],[135.027,24.75],[134.977,25.0],[135.097,25.75],[134.842,26.25],[134.766,27.0],[134.458,27.5],[134.25,28.05],[134.0,28.229],[133.0,28.383],[132.25,28.772],[131.019,28.75],[131.15,29.0],[131.056,29.25],[131.226,30.0],[131.218,30.75],[131.156,31.0],[131.269,31.269],[131.5,31.5],[131.5,31.75],[131.75,32.0],[131.75,32.25],[132.0,32.5],[132.0,32.779],[132.25,32.907],[132.342,32.908],[132.5,32.75],[133.0,32.75],[133.717,33.467],[134.0,33.25],[134.25,33.25],[134.75,33.75],[134.75,33.876],[135.0,33.866],[135.226,33.774],[135.75,33.25],[136.25,33.75],[136.25,34.0],[136.5,34.0],[136.837,34.337],[137.25,34.523],[138.0,34.5],[138.104,34.604],[138.25,34.606],[138.5,34.759],[138.75,34.555],[139.037,34.537],[139.165,34.25],[139.25,34.197],[139.454,34.25],[139.516,34.5],[139.712,34.75],[139.944,34.806],[140.0,34.75],[140.365,35.115],[140.5,35.131],[140.665,35.25],[141.089,35.75],[141.25,36.116],[142.0,36.374],[142.155,36.5],[142.0,36.708],[141.5,36.682],[141.383,36.75],[141.261,37.0],[141.492,38.0],[141.675,38.25],[141.75,38.605],[142.113,39.25],[142.06,39.56],[142.25,39.75],[142.0,40.0],[142.0,40.25],[141.667,40.583],[141.5,40.976],[141.41,41.5],[141.5,41.685],[141.75,41.792],[142.5,41.903],[143.107,41.893],[143.25,41.75],[143.5,42.0],[143.5,42.5],[143.783,42.75],[144.0,42.75],[144.122,42.872],[144.348,42.902],[144.5,42.75],[144.75,42.75],[145.0,43.0],[145.25,43.0],[145.75,43.354],[146.0,43.41],[146.25,43.681],[146.52,43.73],[146.75,43.5],[147.0,43.75],[146.75,44.0],[146.536,43.786],[146.085,44.0],[146.25,44.0],[146.5,44.25],[146.403,44.347],[147.0,44.597],[147.134,44.616],[147.25,44.5],[147.5,44.75],[148.0,44.75],[148.5,45.25],[148.376,45.374],[148.623,45.377],[148.75,45.25],[149.0,45.5],[148.75,45.75],[148.664,45.75],[148.571,46.0],[148.602,46.25],[148.75,46.461],[149.0,46.589],[149.25,46.56],[149.297,46.5],[149.472,45.75],[149.75,45.5],[150.25,46.0],[150.084,46.166],[150.25,46.168],[150.397,46.25],[150.277,46.5],[150.392,47.0],[150.54,47.25],[151.0,47.517],[151.25,47.555],[151.5,47.493],[151.647,47.25],[151.684,47.0],[152.0,46.908],[152.111,47.0],[152.25,47.342],[152.5,47.579],[153.0,47.682],[153.25,47.898],[153.75,48.016],[154.5,48.083],[155.5,48.316],[157.75,47.824],[157.901,47.75],[157.499,47.5],[157.505,47.25],[158.461,47.0],[158.941,46.75],[159.75,46.538],[160.25,46.227],[160.5,46.145],[160.75,46.176],[161.25,46.382],[162.0,46.371],[162.343,46.25],[162.943,45.75],[163.038,45.5],[163.0,45.208],[162.656,44.75],[162.5,44.431],[162.134,44.25],[162.008,44.0],[161.946,43.75],[162.021,43.5],[162.265,43.25],[162.25,43.107],[162.139,42.5],[161.863,42.25],[161.932,42.0],[161.5,41.52],[161.418,41.25],[161.504,40.75],[161.49,40.25],[161.331,40.0],[161.0,39.896],[160.888,39.75],[160.894,39.5],[161.149,38.75],[161.0,38.538],[160.75,38.516],[160.603,38.0],[160.25,37.604],[159.5,37.372],[158.812,37.0],[158.5,37.067],[158.294,37.0],[157.765,36.0],[157.385,35.5],[157.167,35.0],[157.099,34.5],[157.0,34.321],[156.75,34.223],[156.5,34.309],[156.0,35.062],[155.75,35.221],[155.5,35.167],[155.0,35.202],[154.5,35.073],[154.0,35.192],[153.75,35.151],[152.99,34.75],[151.75,33.765],[151.0,33.894],[150.75,33.869],[150.308,33.75],[149.5,33.339],[148.75,33.324],[148.373,33.25],[148.063,33.0],[147.75,32.569],[147.0,32.1],[146.75,31.833],[146.572,31.5],[146.352,30.75],[146.336,30.5],[146.54,29.75],[146.497,29.5],[145.5,28.873],[145.25,28.575],[144.92,28.0],[144.75,27.903],[144.123,27.75],[143.566,27.25],[143.404,27.0],[143.746,26.75],[144.25,26.512],[145.248,26.5],[145.609,26.25],[145.334,26.0],[144.893,25.75],[144.239,24.75],[143.25,23.87],[142.661,23.25],[142.612,22.75],[142.25,22.364],[142.1,22.0],[141.75,21.67],[140.67,21.0],[140.651,20.75],[141.181,20.5],[141.085,20.25],[139.25,19.25],[138.75,18.689],[138.465,18.25],[138.529,18.0],[138.733,17.75],[138.767,17.5],[138.697,17.25],[138.25,16.643],[138.0,15.937],[137.25,15.037],[136.75,14.68],[135.5,14.079],[135.0,13.922],[134.75,13.904],[133.75,14.118],[133.0,14.054],[130.5,14.632],[130.25,14.58],[129.981,14.25],[129.25,13.902],[128.5,13.74],[128.094,13.75],[127.343,14.0]],[[141.5,24.293],[141.468,24.25],[141.568,24.25],[141.5,24.293]],[[142.484,26.75],[142.25,26.86],[142.159,26.75],[142.25,26.643],[142.484,26.75]],[[142.582,27.25],[142.25,27.345],[142.165,27.25],[142.25,27.131],[142.582,27.25]]]},"properties":{"variable":"swh","unit":"m","hvalue":2.0,"min":2.0,"max":3.0,"label":"2–3 m","color":"#6c99d2","band":2}},{"type":"Feature","geometry":{"type":"Polygon","coordinates":[[[55.75,14.745],[55.388,15.5],[55.5,15.605],[55.75,15.62],[56.0,15.513],[56.5,15.118],[56.64,14.75],[56.663,14.5],[56.5,14.193],[56.0,14.437],[55.75,14.745]]]},"properties":{"variable":"swh","unit":"m","hvalue":2.0,"min":2.0,"max":3.0,"label":"2–3 m","color":"#6c99d2","band":2}},{"type":"Feature","geometry":{"type":"Polygon","coordinates":[[[-116.5,15.116],[-116.643,15.5],[-116.683,15.75],[-116.5,15.88],[-116.25,15.757],[-116.0,15.511],[-115.869,15.25],[-115.812,15.0],[-115.851,14.75],[-116.0,14.634],[-116.2,14.75],[-116.5,15.116]]]},"properties":{"variable":"swh","unit":"m","hvalue":2.0,"min":2.0,"max":3.0,"label":"2–3 m","color":"#6c99d2","band":2}},{"type":"Feature","geometry":{"type":"Polygon","coordinates":[[[-110.0,16.795],[-110.75,17.149],[-111.5,17.291],[-111.793,17.5],[-111.907,17.75],[-111.626,18.0],[-111.0,18.372],[-110.75,18.385],[-110.0,18.62],[-109.75,18.656],[-108.5,18.47],[-107.862,18.0],[-107.75,17.737],[-107.396,17.25],[-107.327,17.0],[-107.329,16.75],[-107.413,16.5],[-107.75,16.055],[-108.0,15.858],[-108.25,15.894],[-109.024,16.5],[-110.0,16.795]]]},"properties":{"variable":"swh","unit":"m","hvalue":2.0,"min":2.0,"max":3.0,"label":"2–3 m","color":"#6c99d2","band":2}},{"type":"Feature","geometry":{"type":"Polygon","coordinates":[[[57.21,17.75],[57.374,18.25],[57.629,18.75],[57.75,18.75],[57.858,18.858],[58.721,19.25],[59.014,19.5],[58.659,20.0],[59.232,20.25],[59.456,20.5],[59.52,20.75],[59.813,21.25],[59.869,21.5],[59.813,21.75],[59.841,22.091],[60.0,22.25],[60.0,22.551],[60.25,22.78],[60.5,22.857],[61.0,23.23],[61.75,23.988],[62.0,24.147],[62.25,24.188],[63.0,24.135],[63.75,24.223],[64.25,24.353],[65.0,24.401],[65.5,24.534],[65.919,24.5],[66.297,24.25],[67.0,23.974],[67.151,23.75],[67.435,23.5],[67.5,23.225],[68.177,22.75],[68.5,22.187],[68.735,22.0],[68.77,21.75],[69.006,21.25],[69.089,20.75],[69.076,20.5],[68.912,20.0],[68.53,19.5],[66.5,18.345],[65.0,17.996],[64.75,17.966],[64.25,18.044],[63.5,17.658],[63.0,17.505],[62.75,17.496],[62.5,17.553],[62.25,17.703],[61.987,18.0],[61.951,18.25],[62.114,18.75],[61.75,18.847],[61.0,18.823],[60.335,18.5],[60.105,18.25],[59.994,17.75],[59.75,17.512],[59.5,17.489],[59.25,17.598],[58.75,17.528],[58.25,17.325],[58.0,17.32],[57.75,17.418],[57.5,17.375],[57.25,16.902],[57.0,16.674],[56.821,17.25],[57.21,17.75]]]},"properties":{"variable":"swh","unit":"m","hvalue":2.0,"min":2.0,"max":3.0,"label":"2–3 m","color":"#6c99d2","band":2}},{"type":"Feature","geometry":{"type":"Polygon","coordinates":[[[55.939,17.75],[55.75,17.347],[55.5,17.293],[55.5,17.75],[55.939,17.75]]]},"properties":{"variable":"swh","unit":"m","hvalue":2.0,"min":2.0,"max":3.0,"label":"2–3 m","color":"#6c99d2","band":2}},{"type":"Feature","geometry":{"type":"Polygon","coordinates":[[[155.25,19.316],[155.75,19.337],[155.918,19.25],[156.144,19.0],[156.0,18.84],[155.75,18.753],[155.5,18.871],[155.25,18.86],[155.001,19.0],[155.25,19.316]]]},"properties":{"variable":"swh","unit":"m","hvalue":2.0,"min":2.0,"max":3.0,"label":"2–3 m","color":"#6c99d2","band":2}},{"type":"Feature","geometry":{"type":"Polygon","coordinates":[[[153.0,19.741],[153.187,20.0],[152.453,20.75],[152.364,21.0],[153.5,21.083],[153.788,21.0],[154.203,20.75],[154.075,20.5],[153.81,20.25],[154.007,20.0],[154.451,19.75],[154.582,19.5],[153.75,19.432],[153.5,19.242],[153.0,19.201],[152.836,19.25],[153.0,19.741]]]},"properties":{"variable":"swh","unit":"m","hvalue":2.0,"min":2.0,"max":3.0,"label":"2–3 m","color":"#6c99d2","band":2}},{"type":"Feature","geometry":{"type":"Polygon","coordinates":[[[124.971,21.25],[125.006,21.5],[125.25,21.756],[125.5,21.717],[125.702,21.5],[125.656,21.25],[125.384,21.0],[125.131,21.0],[124.971,21.25]]]},"properties":{"variable":"swh","unit":"m","hvalue":2.0,"min":2.0,"max":3.0,"label":"2–3 m","color":"#6c99d2","band":2}},{"type":"Feature","geometry":{"type":"Polygon","coordinates":[[[125.75,23.876],[125.684,24.5],[125.408,25.0],[125.25,25.13],[125.0,24.958],[124.0,24.87],[123.25,24.301],[122.941,24.75],[123.25,25.073],[123.983,25.5],[124.25,25.988],[124.311,26.75],[125.0,27.962],[125.149,28.75],[126.195,30.5],[127.057,31.75],[127.62,32.75],[127.803,33.25],[127.928,34.0],[128.226,34.25],[128.5,34.346],[129.25,35.0],[129.5,35.25],[129.5,35.599],[129.75,35.943],[130.25,36.045],[130.508,36.25],[131.015,37.0],[130.879,37.5],[130.75,37.578],[130.5,37.385],[130.25,37.345],[129.25,37.705],[127.75,39.25],[127.614,39.25],[127.625,39.375],[127.75,39.5],[127.591,39.659],[127.665,39.75],[128.25,39.75],[128.531,40.031],[129.0,40.25],[129.5,40.617],[129.662,40.75],[129.706,40.956],[129.882,41.132],[130.5,41.557],[130.75,41.566],[131.0,41.474],[131.25,41.537],[131.5,41.734],[132.0,41.911],[132.25,42.116],[132.5,42.146],[133.0,41.808],[133.515,41.75],[133.784,41.5],[133.994,41.0],[134.11,40.25],[134.024,39.75],[133.612,39.0],[132.45,37.75],[132.592,37.5],[133.5,37.396],[133.75,37.323],[133.795,37.25],[133.651,37.0],[133.25,36.711],[132.5,36.338],[131.5,35.671],[131.25,35.31],[130.56,34.0],[130.223,33.75],[129.816,33.566],[130.0,33.75],[129.75,34.0],[129.5,33.75],[129.686,33.564],[129.655,33.5],[129.5,33.5],[129.25,33.25],[129.25,33.179],[129.0,33.215],[128.818,32.932],[128.75,33.0],[128.5,32.75],[128.579,32.671],[128.433,32.5],[128.5,32.376],[128.75,32.289],[129.0,32.508],[129.25,32.551],[129.5,31.772],[129.458,31.25],[129.752,30.25],[129.5,29.871],[129.369,29.5],[129.621,29.25],[129.621,29.0],[129.487,28.75],[129.0,28.465],[128.5,28.002],[128.25,27.85],[128.0,27.555],[127.408,26.0],[127.5,25.933],[127.765,25.25],[127.803,25.0],[127.599,24.0],[127.519,23.0],[127.0,22.388],[126.75,22.4],[126.0,23.103],[125.75,23.876]],[[126.78,26.25],[126.75,26.271],[126.724,26.25],[126.75,26.209],[126.78,26.25]],[[129.5,34.25],[129.359,34.391],[129.434,34.5],[129.25,34.603],[129.118,34.5],[129.095,34.345],[129.0,34.25],[129.25,34.0],[129.5,34.25]]]},"properties":{"variable":"swh","unit":"m","hvalue":2.0,"min":2.0,"max":3.0,"label":"2–3 m","color":"#6c99d2","band":2}},{"type":"Feature","geometry":{"type":"Polygon","coordinates":[[[144.0,23.371],[144.415,23.75],[144.978,23.75],[145.216,23.5],[144.906,23.25],[144.431,23.0],[143.922,23.0],[144.0,23.371]]]},"properties":{"variable":"swh","unit":"m","hvalue":2.0,"min":2.0,"max":3.0,"label":"2–3 m","color":"#6c99d2","band":2}},{"type":"Feature","geometry":{"type":"Polygon","coordinates":[[[123.25,26.83],[123.631,26.75],[123.807,26.5],[123.75,26.377],[123.5,26.319],[123.117,26.75],[123.25,26.83]]]},"properties":{"variable":"swh","unit":"m","hvalue":2.0,"min":2.0,"max":3.0,"label":"2–3 m","color":"#6c99d2","band":2}},{"type":"Feature","geometry":{"type":"Polygon","coordinates":[[[-63.073,31.25],[-63.134,31.5],[-63.401,31.75],[-63.454,32.0],[-63.0,32.35],[-61.75,32.812],[-60.23,33.25],[-59.75,33.477],[-59.0,33.572],[-57.75,33.597],[-57.5,33.702],[-57.0,33.785],[-56.75,33.908],[-56.687,34.0],[-56.908,34.5],[-57.014,35.25],[-58.25,36.024],[-59.25,36.968],[-60.53,37.5],[-60.892,37.75],[-61.189,38.0],[-61.602,38.5],[-61.5,38.599],[-61.0,38.589],[-60.862,38.75],[-60.75,39.277],[-60.5,39.531],[-60.0,39.763],[-59.5,39.798],[-58.75,39.7],[-58.0,39.702],[-56.928,39.5],[-56.861,39.75],[-57.131,40.0],[-58.75,40.856],[-59.25,41.305],[-59.598,41.75],[-59.544,42.0],[-59.211,42.25],[-59.109,42.5],[-59.296,43.0],[-59.167,43.5],[-58.693,44.5],[-58.571,45.5],[-58.252,46.25],[-58.0,46.443],[-57.8,46.5],[-56.75,46.622],[-55.5,46.559],[-54.25,46.626],[-53.593,46.593],[-53.5,46.5],[-53.25,46.5],[-52.58,47.0],[-52.145,47.75],[-52.116,48.25],[-52.236,48.75],[-52.201,49.0],[-52.004,49.25],[-51.923,49.5],[-52.25,49.558],[-53.0,49.424],[-53.25,49.438],[-53.5,49.503],[-54.25,49.893],[-55.0,49.765],[-55.814,50.25],[-55.738,50.5],[-55.46,50.75],[-55.676,51.0],[-55.5,51.5],[-55.695,51.75],[-55.565,52.0],[-55.597,52.153],[-55.5,52.25],[-55.5,52.5],[-55.657,52.657],[-55.529,53.25],[-55.518,53.5],[-55.607,53.75],[-55.25,53.891],[-54.5,53.907],[-54.145,54.0],[-53.868,54.5],[-53.456,55.0],[-53.5,55.055],[-54.0,55.018],[-54.5,54.789],[-55.0,54.69],[-55.339,54.5],[-55.753,54.0],[-56.0,53.91],[-56.98,54.0],[-57.043,54.25],[-56.994,54.5],[-57.25,54.75],[-57.617,54.75],[-58.0,55.0],[-58.206,55.0],[-58.845,55.25],[-59.033,55.5],[-59.019,56.0],[-58.711,56.75],[-58.701,57.0],[-58.796,57.25],[-58.807,57.5],[-58.69,57.75],[-58.5,57.867],[-57.25,58.023],[-54.75,58.822],[-52.5,59.371],[-52.25,59.361],[-51.971,59.25],[-51.968,58.75],[-52.282,58.25],[-52.47,57.5],[-53.333,56.25],[-53.418,55.5],[-53.25,55.199],[-52.0,55.441],[-49.75,56.055],[-49.0,56.162],[-46.75,56.302],[-45.25,56.099],[-42.5,56.014],[-42.0,55.961],[-40.75,55.667],[-39.5,55.617],[-38.795,55.5],[-38.785,55.25],[-38.58,55.0],[-38.0,54.946],[-37.25,54.729],[-36.75,54.66],[-36.552,54.5],[-36.585,54.25],[-36.0,53.985],[-35.75,53.953],[-35.554,54.0],[-35.201,54.25],[-35.287,54.5],[-35.265,55.5],[-35.424,55.75],[-36.5,55.902],[-36.946,56.75],[-37.139,57.0],[-38.25,57.515],[-39.367,58.25],[-39.902,58.5],[-40.672,58.75],[-43.25,59.384],[-43.496,59.5],[-43.608,59.75],[-43.25,59.75],[-43.037,59.963],[-41.75,60.641],[-40.0,61.3],[-38.75,61.608],[-37.25,61.767],[-34.75,61.533],[-33.25,61.28],[-32.25,61.262],[-30.75,61.365],[-30.5,61.299],[-29.5,60.71],[-29.0,60.512],[-26.75,60.185],[-24.5,60.212],[-24.0,60.269],[-21.443,61.5],[-19.75,61.773],[-18.75,62.144],[-17.5,62.441],[-14.73,63.25],[-12.366,64.5],[-12.196,64.75],[-12.116,65.25],[-11.834,66.0],[-11.799,66.25],[-11.8,66.5],[-11.892,66.75],[-12.327,67.25],[-12.629,67.75],[-12.568,69.25],[-12.455,69.5],[-12.104,69.75],[-10.552,70.25],[-10.0,70.344],[-8.0,70.364],[-5.5,70.617],[-4.25,70.538],[-2.75,70.739],[-1.75,70.688],[0.25,70.927],[0.75,71.083],[1.25,71.122],[3.5,70.782],[7.75,70.557],[10.0,70.214],[10.837,70.25],[11.759,70.5],[11.977,70.75],[12.324,71.75],[12.594,72.0],[13.75,72.411],[15.75,72.804],[16.25,72.835],[17.25,72.665],[20.389,73.0],[20.154,73.25],[19.342,73.75],[19.316,74.0],[19.578,74.25],[20.0,74.387],[20.5,74.659],[22.157,75.25],[22.468,75.5],[22.641,75.75],[23.0,75.85],[28.75,76.336],[30.0,76.291],[31.5,76.133],[32.75,75.731],[33.221,75.5],[33.465,75.25],[34.5,74.5],[34.693,74.25],[35.047,74.0],[35.75,73.31],[36.282,73.0],[36.457,72.75],[36.118,72.5],[36.06,72.25],[36.12,72.0],[36.339,71.75],[36.461,71.5],[36.327,71.25],[35.75,70.936],[34.5,70.746],[31.25,71.173],[30.867,71.25],[30.0,71.606],[29.0,71.888],[25.25,72.491],[23.5,72.595],[22.5,72.538],[22.0,72.397],[21.792,72.25],[21.816,72.0],[21.747,71.75],[21.465,71.5],[20.296,71.0],[18.25,70.388],[17.5,70.258],[16.75,70.213],[16.25,70.098],[13.5,69.274],[13.0,69.027],[12.954,69.0],[12.974,68.75],[13.152,68.5],[12.892,68.25],[12.615,67.75],[12.75,67.562],[13.509,67.5],[13.398,67.25],[12.25,66.734],[12.0,66.553],[11.952,66.5],[11.973,66.25],[9.97,64.75],[8.75,64.223],[8.25,63.915],[8.091,63.75],[7.141,63.25],[6.75,63.125],[5.78,62.5],[5.25,62.345],[5.134,62.134],[4.75,61.75],[4.77,61.5],[4.5,61.23],[4.25,61.101],[2.75,60.949],[-0.75,60.89],[-1.0,60.857],[-1.2,60.7],[-1.25,60.75],[-1.5,60.75],[-1.75,60.5],[-1.75,60.25],[-1.5,60.0],[-1.331,60.0],[-1.25,59.923],[0.25,60.186],[2.75,60.331],[4.75,60.242],[5.0,60.0],[5.0,59.25],[5.267,59.0],[5.25,58.847],[5.15,58.75],[5.2,58.5],[4.817,58.25],[4.642,58.0],[4.633,57.25],[4.689,57.0],[4.642,56.75],[4.327,56.25],[3.958,56.0],[3.5,55.556],[2.91,55.25],[2.5,55.179],[1.25,55.167],[0.25,55.402],[-0.007,55.5],[-0.785,56.25],[-1.558,56.5],[-1.627,57.0],[-1.434,57.75],[-1.646,58.25],[-1.685,58.5],[-1.598,58.75],[-1.379,59.0],[-1.635,59.25],[-2.75,59.41],[-3.25,59.25],[-3.5,59.0],[-3.344,58.844],[-3.383,58.75],[-5.0,58.75],[-5.25,58.5],[-5.25,58.25],[-5.66,57.84],[-6.0,57.925],[-6.041,58.209],[-6.0,58.25],[-6.25,58.5],[-6.75,58.5],[-7.25,58.0],[-7.07,57.82],[-7.125,57.75],[-7.091,57.591],[-7.25,57.75],[-7.5,57.5],[-7.5,57.25],[-7.25,56.966],[-6.75,57.304],[-6.5,57.21],[-6.5,57.0],[-6.25,56.75],[-6.5,56.5],[-6.25,56.25],[-5.872,56.25],[-5.871,55.871],[-6.0,56.0],[-6.5,56.0],[-6.75,55.75],[-6.5,55.5],[-6.75,55.25],[-7.0,55.5],[-7.75,55.5],[-8.0,55.25],[-8.5,55.25],[-9.0,54.75],[-8.75,54.5],[-10.0,54.5],[-10.25,54.25],[-10.092,54.092],[-10.112,54.0],[-10.009,53.75],[-10.25,53.5],[-10.0,53.25],[-9.843,53.25],[-9.5,53.0],[-10.0,52.5],[-10.0,52.337],[-10.315,52.0],[-10.316,51.75],[-10.0,51.5],[-9.662,51.412],[-9.5,51.25],[-9.25,51.25],[-9.191,51.309],[-8.0,51.192],[-6.75,51.353],[-6.25,51.357],[-5.25,51.165],[-5.056,51.0],[-5.075,50.75],[-5.261,50.5],[-5.5,50.406],[-5.994,50.0],[-5.5,49.8],[-5.064,49.75],[-4.299,49.5],[-4.086,49.25],[-4.03,49.0],[-4.358,48.75],[-4.75,48.75],[-5.0,48.5],[-4.25,47.75],[-3.726,47.726],[-3.5,47.5],[-3.082,47.5],[-3.0,47.419],[-2.569,47.319],[-2.466,47.216],[-2.33,46.75],[-2.25,46.642],[-2.0,46.541],[-1.717,46.25],[-1.636,46.0],[-1.672,45.75],[-2.0,45.405],[-4.0,44.384],[-4.334,44.25],[-5.25,44.071],[-7.0,43.997],[-9.0,44.222],[-10.75,43.93],[-13.5,44.036],[-14.25,44.346],[-15.249,45.25],[-15.713,45.5],[-17.683,45.75],[-17.895,46.0],[-17.838,46.5],[-18.024,46.75],[-18.75,47.137],[-19.5,47.735],[-20.029,48.0],[-21.674,49.25],[-22.5,49.57],[-23.25,50.088],[-23.75,50.283],[-24.5,50.296],[-25.25,50.42],[-25.5,50.564],[-25.75,50.872],[-26.0,51.056],[-26.25,51.158],[-27.0,51.17],[-27.263,51.25],[-27.5,51.481],[-27.75,51.572],[-29.0,51.769],[-29.25,51.865],[-29.75,52.322],[-30.25,52.568],[-31.25,52.708],[-31.75,52.583],[-32.378,53.0],[-32.75,53.104],[-33.0,53.052],[-33.5,52.768],[-33.797,52.25],[-33.612,52.0],[-33.272,51.25],[-32.713,50.75],[-30.756,49.75],[-30.381,49.5],[-29.918,49.0],[-29.748,48.75],[-29.684,48.5],[-29.784,48.0],[-30.048,47.75],[-29.547,46.75],[-29.59,46.5],[-30.5,46.02],[-30.75,45.991],[-31.0,46.042],[-31.25,46.19],[-31.75,46.603],[-32.75,46.696],[-33.0,47.009],[-33.25,47.093],[-33.5,47.065],[-33.57,47.0],[-33.578,46.75],[-33.165,46.5],[-33.46,46.25],[-33.621,45.5],[-33.75,45.338],[-34.0,45.245],[-34.345,45.0],[-34.444,44.75],[-34.317,44.25],[-34.12,44.0],[-34.25,43.924],[-35.0,43.049],[-35.849,42.75],[-36.75,41.734],[-37.202,41.5],[-37.75,41.33],[-38.0,41.152],[-38.754,40.25],[-38.894,40.0],[-38.873,39.5],[-39.75,38.713],[-41.0,37.842],[-42.305,37.25],[-42.55,37.0],[-42.68,36.5],[-43.0,36.275],[-44.0,35.962],[-44.25,35.771],[-44.258,35.5],[-44.122,35.25],[-44.25,35.174],[-45.75,34.823],[-46.0,34.708],[-46.601,34.25],[-47.612,33.75],[-49.75,32.965],[-50.645,32.75],[-51.5,32.39],[-52.0,32.256],[-52.75,31.906],[-54.0,31.763],[-55.5,31.476],[-57.0,31.326],[-57.25,31.38],[-58.25,31.133],[-59.0,31.082],[-59.25,30.954],[-59.75,30.951],[-60.25,30.852],[-60.75,30.937],[-61.75,30.627],[-62.75,30.461],[-63.094,30.5],[-63.073,31.25]],[[-54.703,34.25],[-54.75,34.347],[-55.0,34.366],[-55.298,34.25],[-55.0,34.163],[-54.703,34.25]],[[-47.0,43.433],[-46.535,43.5],[-46.494,43.75],[-46.75,43.808],[-47.0,43.767],[-47.5,43.494],[-47.0,43.433]],[[-46.5,40.917],[-46.05,41.25],[-45.914,41.5],[-46.25,41.71],[-46.5,41.767],[-47.0,41.683],[-47.25,41.572],[-47.329,41.5],[-47.478,41.0],[-47.399,40.75],[-46.926,40.75],[-46.5,40.917]],[[-40.451,44.75],[-39.75,45.17],[-39.0,45.227],[-38.0,45.807],[-37.75,45.774],[-37.715,45.5],[-37.458,45.25],[-37.0,45.175],[-36.619,45.25],[-36.393,45.5],[-36.307,46.0],[-36.765,46.5],[-36.748,47.0],[-36.592,47.25],[-36.032,47.5],[-36.144,47.75],[-36.525,48.0],[-37.132,48.25],[-37.417,48.75],[-37.75,49.013],[-38.391,49.0],[-39.0,48.583],[-39.25,48.541],[-39.5,48.611],[-40.25,49.018],[-40.75,49.161],[-41.0,49.159],[-41.17,49.0],[-41.146,48.75],[-41.218,48.5],[-41.5,48.243],[-41.75,48.135],[-42.0,48.209],[-42.5,48.705],[-42.75,48.638],[-42.89,48.5],[-42.923,48.25],[-42.836,47.75],[-43.0,47.455],[-43.5,46.861],[-43.565,46.75],[-43.568,46.5],[-42.75,46.114],[-41.0,46.337],[-40.594,46.25],[-40.482,46.0],[-40.474,45.5],[-41.251,45.0],[-41.17,44.75],[-41.0,44.664],[-40.451,44.75]],[[-6.022,50.0],[-6.25,50.046],[-6.25,49.957],[-6.022,50.0]],[[-6.5,61.5],[-6.578,61.578],[-6.395,61.75],[-6.13,62.25],[-6.333,62.333],[-6.5,62.5],[-7.25,62.5],[-7.5,62.25],[-7.5,62.0],[-7.25,61.75],[-6.994,61.756],[-6.875,61.625],[-7.0,61.5],[-6.75,61.25],[-6.5,61.5]],[[12.473,67.5],[12.25,67.581],[12.137,67.5],[12.25,67.432],[12.473,67.5]],[[-45.684,42.75],[-46.0,42.837],[-46.31,42.75],[-46.25,42.675],[-45.684,42.75]]]},"properties":{"variable":"swh","unit":"m","hvalue":2.0,"min":2.0,"max":3.0,"label":"2–3 m","color":"#6c99d2","band":2}},{"type":"Feature","geometry":{"type":"Polygon","coordinates":[[[-79.517,31.75],[-79.688,32.0],[-78.935,32.75],[-78.781,33.0],[-78.5,33.215],[-77.869,33.5],[-77.5,33.81],[-76.25,34.287],[-75.25,34.798],[-74.25,35.102],[-74.032,35.0],[-74.159,34.5],[-74.0,34.302],[-73.808,34.25],[-73.757,34.0],[-73.786,33.75],[-73.5,33.546],[-73.25,33.52],[-72.5,33.659],[-72.25,33.634],[-71.577,33.25],[-71.5,33.045],[-70.5,32.84],[-70.0,32.873],[-69.25,32.796],[-68.535,32.5],[-67.5,32.251],[-66.5,32.39],[-66.25,32.321],[-65.748,32.0],[-66.117,31.75],[-66.75,31.62],[-67.5,31.357],[-68.0,31.303],[-69.25,31.436],[-70.5,31.308],[-71.0,31.432],[-72.267,31.25],[-72.5,31.296],[-72.763,31.5],[-72.838,31.75],[-73.0,31.892],[-73.25,31.949],[-74.25,31.894],[-74.75,31.657],[-75.0,31.619],[-75.349,31.75],[-75.5,31.96],[-75.75,31.965],[-77.25,31.361],[-78.25,31.337],[-79.0,31.201],[-79.25,31.085],[-79.5,31.09],[-79.553,31.25],[-79.517,31.75]],[[-66.5,32.055],[-66.552,32.0],[-66.378,32.0],[-66.5,32.055]]]},"properties":{"variable":"swh","unit":"m","hvalue":2.0,"min":2.0,"max":3.0,"label":"2–3 m","color":"#6c99d2","band":2}},{"type":"Feature","geometry":{"type":"Polygon","coordinates":[[[-14.5,32.38],[-14.303,32.25],[-14.5,32.087],[-14.707,32.25],[-14.5,32.38]]]},"properties":{"variable":"swh","unit":"m","hvalue":2.0,"min":2.0,"max":3.0,"label":"2–3 m","color":"#6c99d2","band":2}},{"type":"Feature","geometry":{"type":"Polygon","coordinates":[[[26.945,34.0],[26.75,34.806],[27.0,34.719],[27.272,34.5],[27.373,34.25],[27.419,33.75],[27.25,33.647],[27.1,33.75],[26.945,34.0]]]},"properties":{"variable":"swh","unit":"m","hvalue":2.0,"min":2.0,"max":3.0,"label":"2–3 m","color":"#6c99d2","band":2}},{"type":"Feature","geometry":{"type":"Polygon","coordinates":[[[-139.75,34.417],[-139.0,34.34],[-138.748,34.25],[-138.519,34.0],[-138.75,33.893],[-139.0,33.877],[-139.25,33.895],[-139.971,34.25],[-139.75,34.417]]]},"properties":{"variable":"swh","unit":"m","hvalue":2.0,"min":2.0,"max":3.0,"label":"2–3 m","color":"#6c99d2","band":2}},{"type":"Feature","geometry":{"type":"Polygon","coordinates":[[[122.0,34.573],[121.75,34.619],[121.571,34.75],[121.463,35.0],[121.844,35.75],[122.25,36.191],[122.639,36.75],[122.75,37.25],[122.5,37.5],[122.139,37.5],[122.0,37.6],[121.684,37.5],[121.5,37.618],[121.374,37.626],[121.25,37.75],[121.0,37.75],[120.75,38.0],[120.462,37.712],[120.25,37.679],[119.963,37.463],[119.5,37.408],[119.361,37.5],[119.25,37.693],[119.201,38.0],[119.04,38.25],[119.5,38.695],[120.5,38.996],[120.75,39.042],[120.839,38.75],[121.25,38.5],[121.5,38.547],[122.25,38.872],[122.75,38.932],[122.852,39.0],[122.989,39.25],[123.5,39.426],[123.75,39.471],[124.25,39.375],[124.402,39.25],[124.658,38.75],[124.488,37.75],[124.722,36.5],[124.588,35.5],[124.0,34.642],[123.5,34.137],[123.0,33.911],[122.75,33.864],[122.5,33.892],[122.145,34.25],[122.0,34.573]]]},"properties":{"variable":"swh","unit":"m","hvalue":2.0,"min":2.0,"max":3.0,"label":"2–3 m","color":"#6c99d2","band":2}},{"type":"Feature","geometry":{"type":"Polygon","coordinates":[[[22.754,34.5],[22.804,34.75],[22.988,35.0],[23.25,35.125],[23.333,34.75],[23.25,34.367],[23.0,34.173],[22.837,34.25],[22.754,34.5]]]},"properties":{"variable":"swh","unit":"m","hvalue":2.0,"min":2.0,"max":3.0,"label":"2–3 m","color":"#6c99d2","band":2}},{"type":"Feature","geometry":{"type":"Polygon","coordinates":[[[-63.065,35.0],[-63.0,35.021],[-62.93,34.75],[-63.0,34.55],[-63.104,34.75],[-63.065,35.0]]]},"properties":{"variable":"swh","unit":"m","hvalue":2.0,"min":2.0,"max":3.0,"label":"2–3 m","color":"#6c99d2","band":2}},{"type":"Feature","geometry":{"type":"Polygon","coordinates":[[[-144.816,36.5],[-144.552,36.75],[-144.25,36.749],[-143.201,36.5],[-142.968,36.25],[-143.25,36.175],[-144.5,36.385],[-144.816,36.5]]]},"properties":{"variable":"swh","unit":"m","hvalue":2.0,"min":2.0,"max":3.0,"label":"2–3 m","color":"#6c99d2","band":2}},{"type":"Feature","geometry":{"type":"Polygon","coordinates":[[[51.333,37.0],[51.457,37.25],[52.25,37.683],[52.5,37.699],[52.75,37.508],[53.0,37.185],[53.059,37.0],[52.75,36.883],[52.596,36.75],[51.442,36.75],[51.333,37.0]]]},"properties":{"variable":"swh","unit":"m","hvalue":2.0,"min":2.0,"max":3.0,"label":"2–3 m","color":"#6c99d2","band":2}},{"type":"Feature","geometry":{"type":"Polygon","coordinates":[[[-140.011,37.75],[-140.264,38.0],[-140.287,38.25],[-140.0,38.862],[-139.75,38.962],[-139.25,39.31],[-139.0,39.256],[-138.75,39.082],[-138.5,39.084],[-138.25,39.316],[-138.0,39.335],[-137.855,39.25],[-137.859,39.0],[-137.5,38.946],[-137.419,38.75],[-137.559,38.5],[-137.5,38.39],[-137.191,38.25],[-137.251,38.0],[-137.5,37.884],[-137.75,37.649],[-138.0,37.491],[-138.5,37.361],[-139.0,37.374],[-139.62,37.5],[-140.011,37.75]]]},"properties":{"variable":"swh","unit":"m","hvalue":2.0,"min":2.0,"max":3.0,"label":"2–3 m","color":"#6c99d2","band":2}},{"type":"Feature","geometry":{"type":"Polygon","coordinates":[[[24.907,38.0],[25.0,38.189],[25.25,38.162],[25.521,37.75],[25.5,37.677],[25.146,37.75],[24.907,38.0]]]},"properties":{"variable":"swh","unit":"m","hvalue":2.0,"min":2.0,"max":3.0,"label":"2–3 m","color":"#6c99d2","band":2}},{"type":"Feature","geometry":{"type":"Polygon","coordinates":[[[162.0,40.996],[162.074,40.75],[162.0,40.665],[161.938,40.75],[162.0,40.996]]]},"properties":{"variable":"swh","unit":"m","hvalue":2.0,"min":2.0,"max":3.0,"label":"2–3 m","color":"#6c99d2","band":2}},{"type":"Feature","geometry":{"type":"Polygon","coordinates":[[[162.0,41.334],[162.0,41.03],[161.985,41.25],[162.0,41.334]]]},"properties":{"variable":"swh","unit":"m","hvalue":2.0,"min":2.0,"max":3.0,"label":"2–3 m","color":"#6c99d2","band":2}},{"type":"Feature","geometry":{"type":"Polygon","coordinates":[[[179.5,44.023],[179.535,44.0],[179.5,43.949],[179.369,44.0],[179.5,44.023]]]},"properties":{"variable":"swh","unit":"m","hvalue":2.0,"min":2.0,"max":3.0,"label":"2–3 m","color":"#6c99d2","band":2}},{"type":"Feature","geometry":{"type":"Polygon","coordinates":[[[140.25,46.767],[140.0,47.239],[140.026,47.5],[141.0,49.364],[141.25,49.496],[141.75,49.452],[141.998,49.25],[141.988,48.988],[141.75,48.75],[142.113,48.0],[141.948,47.698],[141.75,47.5],[141.75,47.25],[141.897,47.103],[141.877,47.0],[141.75,46.717],[141.5,46.554],[140.713,46.5],[140.25,46.767]]]},"properties":{"variable":"swh","unit":"m","hvalue":2.0,"min":2.0,"max":3.0,"label":"2–3 m","color":"#6c99d2","band":2}},{"type":"Feature","geometry":{"type":"Polygon","coordinates":[[[-63.75,47.631],[-63.871,48.0],[-63.905,48.25],[-63.75,48.392],[-63.274,48.25],[-63.041,48.0],[-63.072,47.75],[-63.25,47.555],[-63.54,47.5],[-63.75,47.631]]]},"properties":{"variable":"swh","unit":"m","hvalue":2.0,"min":2.0,"max":3.0,"label":"2–3 m","color":"#6c99d2","band":2}},{"type":"Feature","geometry":{"type":"Polygon","coordinates":[[[144.25,49.5],[144.25,49.75],[144.0,50.071],[144.0,50.25],[143.917,50.333],[143.883,51.0],[144.0,51.396],[144.25,51.67],[144.695,52.0],[145.75,52.651],[147.0,53.286],[147.75,53.573],[148.5,53.7],[148.75,53.666],[149.0,53.75],[149.25,53.735],[151.5,54.527],[152.75,54.851],[153.022,55.0],[154.75,56.361],[155.5,56.737],[155.624,56.374],[155.5,56.25],[155.577,56.173],[155.493,56.0],[155.534,55.784],[155.447,55.25],[155.5,55.154],[155.5,54.5],[155.619,54.381],[155.75,53.969],[155.604,53.5],[155.226,53.0],[155.077,52.5],[154.75,52.204],[154.25,52.013],[153.0,51.779],[151.5,51.322],[150.219,50.75],[148.5,50.175],[147.75,49.841],[147.0,49.662],[146.0,49.743],[144.933,49.25],[144.75,49.193],[144.457,49.207],[144.5,49.25],[144.25,49.5]]]},"properties":{"variable":"swh","unit":"m","hvalue":2.0,"min":2.0,"max":3.0,"label":"2–3 m","color":"#6c99d2","band":2}},{"type":"Feature","geometry":{"type":"Polygon","coordinates":[[[168.25,51.912],[167.5,52.032],[166.0,51.885],[165.0,51.912],[164.0,51.823],[162.75,51.564],[161.75,51.503],[160.75,51.562],[159.357,52.0],[159.379,52.25],[160.064,52.75],[159.873,53.0],[160.0,53.018],[160.5,53.446],[161.5,53.865],[162.0,54.184],[162.5,54.337],[162.67,54.5],[162.759,55.0],[163.5,55.126],[164.0,55.299],[164.5,55.375],[165.25,55.344],[165.983,55.017],[166.25,54.75],[166.517,54.767],[166.75,54.5],[166.915,54.665],[167.25,54.696],[167.594,54.656],[167.75,54.5],[167.79,54.54],[168.25,54.447],[168.75,54.583],[169.75,55.0],[171.0,54.888],[171.5,54.763],[171.75,54.607],[172.086,54.25],[172.0,54.058],[171.75,53.94],[171.541,53.75],[171.417,53.5],[171.563,53.0],[171.839,52.5],[171.844,52.25],[171.75,51.941],[171.5,51.701],[171.25,51.577],[170.25,51.58],[169.242,51.5],[168.25,51.912]]]},"properties":{"variable":"swh","unit":"m","hvalue":2.0,"min":2.0,"max":3.0,"label":"2–3 m","color":"#6c99d2","band":2}},{"type":"Feature","geometry":{"type":"Polygon","coordinates":[[[4.889,54.25],[5.235,54.5],[5.75,54.65],[6.25,54.715],[6.319,54.5],[6.0,54.216],[5.5,54.013],[4.968,54.0],[4.889,54.25]]]},"properties":{"variable":"swh","unit":"m","hvalue":2.0,"min":2.0,"max":3.0,"label":"2–3 m","color":"#6c99d2","band":2}},{"type":"Feature","geometry":{"type":"Polygon","coordinates":[[[-6.5,55.5],[-6.0,55.5],[-5.867,55.633],[-5.75,55.61],[-5.657,55.5],[-5.545,55.25],[-5.75,55.17],[-6.25,55.25],[-6.5,55.5]]]},"properties":{"variable":"swh","unit":"m","hvalue":2.0,"min":2.0,"max":3.0,"label":"2–3 m","color":"#6c99d2","band":2}},{"type":"Feature","geometry":{"type":"Polygon","coordinates":[[[-164.144,55.75],[-164.25,55.936],[-164.614,56.0],[-164.25,56.064],[-163.75,56.307],[-161.0,56.997],[-160.75,56.984],[-160.477,56.75],[-160.966,56.25],[-161.5,56.148],[-161.684,56.0],[-162.5,55.688],[-163.25,55.481],[-163.674,55.5],[-164.144,55.75]]]},"properties":{"variable":"swh","unit":"m","hvalue":2.0,"min":2.0,"max":3.0,"label":"2–3 m","color":"#6c99d2","band":2}},{"type":"Feature","geometry":{"type":"Polygon","coordinates":[[[21.25,58.122],[21.424,58.0],[21.25,57.945],[21.039,58.0],[21.25,58.122]]]},"properties":{"variable":"swh","unit":"m","hvalue":2.0,"min":2.0,"max":3.0,"label":"2–3 m","color":"#6c99d2","band":2}},{"type":"Feature","geometry":{"type":"Polygon","coordinates":[[[21.34,59.25],[21.557,59.5],[22.25,59.55],[22.565,59.5],[22.258,59.25],[21.449,59.0],[21.34,59.25]]]},"properties":{"variable":"swh","unit":"m","hvalue":2.0,"min":2.0,"max":3.0,"label":"2–3 m","color":"#6c99d2","band":2}},{"type":"Feature","geometry":{"type":"Polygon","coordinates":[[[-61.09,64.0],[-61.544,64.25],[-61.542,64.5],[-60.773,64.5],[-59.793,64.25],[-59.75,64.194],[-59.5,64.177],[-59.235,64.0],[-59.776,63.75],[-60.282,63.75],[-61.09,64.0]]]},"properties":{"variable":"swh","unit":"m","hvalue":2.0,"min":2.0,"max":3.0,"label":"2–3 m","color":"#6c99d2","band":2}},{"type":"Feature","geometry":{"type":"Polygon","coordinates":[[[-64.154,64.75],[-63.822,64.822],[-63.75,64.75],[-63.5,64.75],[-63.448,64.802],[-63.067,64.75],[-62.93,64.5],[-63.25,64.352],[-63.5,64.313],[-63.75,64.332],[-64.14,64.5],[-64.154,64.75]]]},"properties":{"variable":"swh","unit":"m","hvalue":2.0,"min":2.0,"max":3.0,"label":"2–3 m","color":"#6c99d2","band":2}},{"type":"Feature","geometry":{"type":"Polygon","coordinates":[[[22.903,65.0],[23.022,65.25],[23.25,65.397],[23.552,65.5],[24.471,65.5],[24.473,65.25],[24.295,64.75],[23.985,64.485],[23.75,64.46],[23.25,64.263],[23.0,64.36],[22.886,64.5],[22.903,65.0]]]},"properties":{"variable":"swh","unit":"m","hvalue":2.0,"min":2.0,"max":3.0,"label":"2–3 m","color":"#6c99d2","band":2}},{"type":"Feature","geometry":{"type":"Polygon","coordinates":[[[-62.311,68.25],[-62.564,68.5],[-62.0,68.521],[-60.75,68.31],[-59.973,68.25],[-58.687,68.0],[-58.179,67.75],[-58.5,67.627],[-59.0,67.567],[-59.75,67.612],[-60.584,67.75],[-62.311,68.25]]]},"properties":{"variable":"swh","unit":"m","hvalue":2.0,"min":2.0,"max":3.0,"label":"2–3 m","color":"#6c99d2","band":2}},{"type":"Feature","geometry":{"type":"Polygon","coordinates":[[[-71.75,72.162],[-72.75,72.386],[-76.75,73.5],[-77.352,73.602],[-77.5,73.75],[-79.246,73.75],[-79.75,73.89],[-81.143,74.0],[-80.75,74.111],[-78.276,74.25],[-77.964,74.5],[-78.185,74.75],[-78.261,75.0],[-78.437,75.25],[-78.948,75.5],[-79.0,75.654],[-79.998,75.748],[-80.5,75.896],[-81.25,76.0],[-79.704,76.046],[-79.75,76.0],[-79.5,75.75],[-79.436,75.814],[-78.25,75.762],[-76.75,75.518],[-76.25,75.571],[-75.75,75.737],[-75.337,76.0],[-75.444,76.5],[-75.341,76.75],[-75.116,77.0],[-74.595,77.25],[-74.0,77.329],[-73.791,77.25],[-73.619,77.0],[-73.384,76.25],[-73.123,76.0],[-72.75,75.847],[-72.25,75.739],[-70.25,75.564],[-66.0,74.93],[-65.25,74.735],[-64.856,74.5],[-64.762,74.0],[-65.0,73.74],[-65.687,73.5],[-65.741,73.25],[-65.627,73.0],[-65.695,72.75],[-65.352,72.5],[-64.75,72.335],[-64.631,72.25],[-65.25,72.067],[-66.5,72.01],[-68.25,71.779],[-70.64,72.0],[-71.75,72.162]],[[-69.298,72.75],[-70.287,72.75],[-69.75,72.656],[-69.298,72.75]]]},"properties":{"variable":"swh","unit":"m","hvalue":2.0,"min":2.0,"max":3.0,"label":"2–3 m","color":"#6c99d2","band":2}},{"type":"Feature","geometry":{"type":"Polygon","coordinates":[[[61.333,73.5],[61.332,73.75],[62.948,74.75],[63.489,75.0],[64.382,75.25],[67.5,75.854],[68.5,76.119],[69.5,76.63],[70.5,76.919],[72.75,77.336],[74.75,77.525],[78.75,77.566],[79.25,77.485],[79.678,77.25],[79.759,76.75],[79.506,76.25],[79.287,76.0],[79.225,75.75],[79.0,75.483],[78.227,75.0],[77.596,74.75],[76.595,74.5],[75.0,74.267],[73.75,74.244],[71.5,74.522],[70.75,74.546],[70.0,74.441],[65.0,73.36],[63.5,73.148],[61.75,73.297],[61.333,73.5]]]},"properties":{"variable":"swh","unit":"m","hvalue":2.0,"min":2.0,"max":3.0,"label":"2–3 m","color":"#6c99d2","band":2}},{"type":"Feature","geometry":{"type":"Polygon","coordinates":[[[-81.272,76.022],[-81.25,76.0],[-81.425,76.0],[-81.272,76.022]]]},"properties":{"variable":"swh","unit":"m","hvalue":2.0,"min":2.0,"max":3.0,"label":"2–3 m","color":"#6c99d2","band":2}},{"type":"Feature","geometry":{"type":"Polygon","coordinates":[[[40.952,81.5],[43.75,81.703],[45.75,81.688],[47.113,81.5],[45.838,81.25],[44.25,81.156],[42.75,81.137],[40.429,81.25],[40.952,81.5]]]},"properties":{"variable":"swh","unit":"m","hvalue":2.0,"min":2.0,"max":3.0,"label":"2–3 m","color":"#6c99d2","band":2}},{"type":"Feature","geometry":{"type":"Polygon","coordinates":[[[135.75,-64.361],[134.75,-64.275],[133.25,-64.267],[131.0,-64.585],[128.75,-64.56],[126.25,-64.419],[124.25,-64.192],[120.25,-64.027],[118.755,-63.75],[118.64,-63.5],[119.07,-63.25],[118.0,-62.927],[116.0,-62.602],[114.25,-62.607],[113.25,-62.352],[112.25,-62.369],[111.0,-62.114],[110.25,-61.87],[108.75,-61.666],[108.329,-61.5],[108.0,-61.459],[107.5,-61.511],[106.25,-61.85],[106.0,-61.868],[105.5,-61.715],[104.75,-61.628],[103.0,-61.534],[101.25,-61.942],[101.0,-62.05],[100.25,-62.099],[99.807,-62.0],[99.424,-61.75],[99.432,-61.5],[99.324,-61.25],[99.25,-61.127],[99.024,-61.0],[98.0,-60.852],[97.0,-60.896],[95.5,-61.215],[95.25,-61.197],[94.75,-60.978],[94.25,-60.939],[94.0,-61.002],[93.5,-61.294],[93.0,-61.361],[92.25,-61.375],[91.5,-61.118],[91.0,-61.061],[89.25,-61.325],[88.25,-61.297],[87.75,-61.056],[87.5,-60.758],[85.75,-60.533],[85.454,-60.25],[85.428,-59.75],[85.25,-59.606],[84.25,-59.332],[83.75,-59.011],[82.25,-58.999],[81.5,-58.806],[81.0,-58.751],[80.25,-58.8],[80.0,-58.861],[79.75,-59.067],[78.75,-59.252],[78.0,-59.316],[74.75,-59.286],[74.457,-59.25],[74.0,-59.004],[73.75,-58.943],[73.5,-59.058],[73.25,-59.449],[73.0,-59.67],[71.75,-59.894],[71.25,-60.085],[67.75,-60.113],[66.75,-60.185],[65.0,-60.186],[64.0,-60.268],[62.5,-60.592],[62.042,-60.75],[61.048,-61.25],[60.09,-61.5],[59.25,-61.547],[58.5,-61.361],[57.25,-61.696],[57.15,-61.5],[57.25,-61.422],[58.179,-61.0],[59.111,-60.75],[60.0,-60.271],[60.289,-60.0],[60.214,-59.75],[59.5,-59.732],[58.583,-60.0],[56.559,-61.25],[55.75,-61.544],[54.5,-62.216],[54.143,-62.0],[54.178,-61.5],[54.0,-61.406],[53.5,-61.442],[52.75,-61.602],[51.75,-61.661],[50.75,-61.874],[49.0,-61.755],[47.864,-61.5],[47.25,-61.284],[45.75,-61.09],[44.75,-60.892],[44.25,-60.882],[43.25,-61.007],[40.75,-60.762],[40.25,-60.633],[39.5,-60.256],[39.25,-60.252],[38.25,-60.451],[38.0,-60.579],[37.0,-60.851],[36.0,-60.929],[35.5,-61.051],[33.5,-61.124],[32.25,-61.033],[30.5,-60.302],[28.528,-60.5],[27.75,-60.956],[27.5,-61.012],[27.25,-60.701],[26.627,-60.25],[26.397,-59.75],[26.0,-59.519],[25.5,-59.392],[24.5,-59.673],[23.57,-59.0],[23.0,-58.495],[21.5,-57.677],[20.468,-57.25],[19.75,-56.826],[18.0,-56.179],[17.0,-55.885],[15.75,-55.776],[13.75,-55.801],[12.25,-55.693],[12.0,-55.6],[11.5,-55.554],[11.0,-55.58],[10.409,-55.75],[9.75,-55.818],[9.25,-55.992],[8.5,-56.148],[7.5,-56.232],[6.0,-56.101],[5.25,-55.898],[4.421,-55.5],[3.75,-55.058],[3.629,-54.75],[3.717,-54.5],[3.5,-54.375],[2.75,-54.394],[2.25,-54.257],[1.061,-53.5],[0.25,-53.081],[-0.75,-52.29],[-1.062,-52.0],[-1.568,-51.25],[-1.638,-51.0],[-1.608,-50.75],[-1.403,-50.25],[-1.393,-50.0],[-1.58,-49.75],[-1.75,-49.65],[-2.0,-49.596],[-2.623,-49.75],[-4.5,-51.136],[-5.0,-51.369],[-5.5,-51.486],[-5.75,-51.444],[-6.124,-51.25],[-6.5,-50.648],[-6.864,-50.25],[-7.775,-49.5],[-8.25,-49.206],[-8.5,-49.149],[-10.5,-49.101],[-11.75,-49.214],[-12.538,-49.5],[-13.75,-49.666],[-14.5,-49.86],[-16.75,-50.722],[-16.916,-51.0],[-16.397,-51.25],[-16.251,-51.5],[-16.01,-52.0],[-16.064,-52.5],[-16.029,-52.75],[-15.757,-53.0],[-15.011,-53.5],[-14.75,-53.769],[-14.25,-53.893],[-13.47,-53.75],[-14.047,-53.5],[-13.954,-53.25],[-13.5,-53.144],[-10.75,-53.295],[-10.351,-53.5],[-10.5,-53.658],[-10.792,-53.75],[-10.0,-53.818],[-9.0,-54.121],[-8.744,-54.25],[-8.147,-54.75],[-7.57,-55.0],[-6.894,-55.5],[-5.789,-56.0],[-5.604,-56.25],[-5.778,-56.5],[-6.25,-56.729],[-7.0,-56.688],[-8.25,-57.297],[-8.991,-57.25],[-9.75,-57.064],[-10.25,-57.128],[-10.5,-57.268],[-11.0,-57.285],[-11.55,-57.25],[-12.25,-57.057],[-12.75,-57.117],[-13.0,-57.047],[-13.913,-56.5],[-14.169,-56.0],[-14.52,-55.75],[-15.495,-55.25],[-15.646,-55.0],[-15.376,-54.25],[-15.43,-54.0],[-16.0,-53.783],[-16.75,-53.357],[-17.25,-53.16],[-17.5,-53.156],[-17.75,-53.5],[-19.0,-53.639],[-19.31,-53.75],[-19.5,-53.952],[-19.75,-54.057],[-20.0,-54.092],[-20.25,-54.036],[-20.5,-53.838],[-21.75,-54.0],[-22.0,-54.093],[-22.5,-54.626],[-23.25,-54.785],[-24.25,-54.701],[-25.25,-54.419],[-25.75,-54.347],[-28.25,-54.358],[-30.0,-54.21],[-31.75,-54.303],[-31.98,-54.5],[-31.791,-54.75],[-31.25,-55.119],[-31.204,-55.25],[-31.292,-55.5],[-32.0,-55.84],[-32.75,-55.942],[-33.5,-55.832],[-34.0,-55.638],[-35.0,-55.604],[-35.4,-55.5],[-35.109,-55.25],[-35.086,-55.0],[-35.0,-54.944],[-34.75,-55.209],[-34.5,-55.204],[-34.156,-55.0],[-34.5,-54.801],[-34.728,-54.75],[-35.424,-54.0],[-35.75,-53.928],[-37.367,-53.883],[-37.5,-53.75],[-37.75,-53.75],[-38.0,-54.0],[-37.75,-54.25],[-37.5,-54.25],[-37.0,-54.723],[-36.852,-54.75],[-36.75,-55.05],[-35.521,-55.75],[-35.65,-56.0],[-35.25,-56.217],[-35.063,-56.25],[-35.008,-56.5],[-36.5,-57.102],[-37.5,-57.209],[-38.0,-57.601],[-39.0,-57.91],[-41.5,-58.076],[-42.781,-58.5],[-44.25,-58.839],[-46.0,-59.073],[-51.5,-59.335],[-53.25,-59.578],[-56.75,-59.887],[-57.143,-60.0],[-58.0,-60.39],[-58.583,-60.75],[-58.845,-61.0],[-59.5,-61.339],[-59.598,-61.25],[-59.055,-60.75],[-58.712,-60.25],[-58.75,-60.159],[-59.0,-60.048],[-59.25,-60.06],[-60.75,-60.227],[-61.75,-60.526],[-63.0,-60.524],[-63.75,-60.786],[-64.25,-61.153],[-65.287,-61.5],[-67.25,-61.735],[-68.75,-62.08],[-69.25,-62.257],[-70.5,-62.041],[-72.0,-62.197],[-72.75,-62.429],[-73.5,-62.833],[-74.065,-63.0],[-74.75,-63.08],[-76.0,-63.067],[-76.5,-62.887],[-77.25,-63.064],[-78.0,-63.086],[-79.0,-62.86],[-79.668,-62.5],[-80.0,-62.44],[-80.5,-62.515],[-81.5,-62.954],[-81.75,-62.986],[-81.918,-62.75],[-82.068,-62.0],[-81.889,-61.75],[-81.75,-61.681],[-79.931,-61.25],[-79.376,-61.0],[-79.146,-60.75],[-79.526,-60.5],[-79.583,-60.25],[-79.336,-59.75],[-79.306,-59.5],[-79.057,-59.25],[-77.926,-58.5],[-77.651,-58.0],[-77.75,-57.927],[-78.0,-57.89],[-78.75,-57.918],[-79.0,-57.847],[-79.076,-57.75],[-78.5,-57.426],[-77.47,-57.0],[-76.591,-56.75],[-75.365,-56.5],[-74.964,-56.25],[-74.476,-55.75],[-74.0,-55.518],[-73.663,-55.25],[-72.5,-54.882],[-72.25,-54.823],[-72.0,-54.848],[-71.531,-54.969],[-71.25,-55.25],[-70.438,-55.25],[-70.169,-55.331],[-70.0,-55.5],[-69.75,-55.5],[-69.5,-55.75],[-68.25,-55.75],[-68.187,-55.687],[-67.646,-55.854],[-67.5,-56.0],[-67.25,-56.0],[-67.159,-55.909],[-67.0,-55.916],[-66.541,-55.75],[-66.0,-55.455],[-65.302,-55.25],[-63.75,-54.955],[-63.5,-54.835],[-62.75,-54.349],[-61.592,-53.75],[-61.162,-53.25],[-60.848,-53.0],[-60.472,-52.5],[-60.0,-52.346],[-59.75,-52.466],[-58.75,-52.391],[-57.75,-51.869],[-57.327,-51.5],[-56.351,-50.0],[-56.075,-49.25],[-55.885,-48.5],[-55.733,-48.25],[-55.25,-47.844],[-54.25,-47.373],[-54.147,-47.25],[-54.2,-46.5],[-54.092,-46.25],[-52.5,-45.021],[-52.304,-44.75],[-52.305,-44.5],[-52.505,-44.25],[-52.433,-43.5],[-52.0,-43.248],[-50.586,-42.75],[-50.148,-42.5],[-50.0,-42.307],[-49.81,-42.25],[-49.837,-42.0],[-49.5,-41.746],[-49.25,-41.729],[-49.0,-41.549],[-48.992,-41.0],[-49.387,-40.75],[-49.25,-40.589],[-48.75,-40.644],[-48.468,-40.5],[-48.571,-40.25],[-48.597,-39.75],[-48.542,-39.5],[-48.25,-39.065],[-48.0,-38.981],[-47.75,-39.148],[-47.457,-39.0],[-47.25,-38.756],[-46.75,-38.642],[-46.526,-38.5],[-45.963,-38.0],[-45.0,-37.457],[-44.81,-37.25],[-44.387,-36.5],[-44.25,-36.404],[-43.5,-36.302],[-43.25,-36.328],[-43.078,-36.5],[-42.852,-37.0],[-42.75,-37.073],[-42.25,-36.763],[-41.815,-36.25],[-41.5,-35.984],[-41.0,-35.707],[-40.75,-35.645],[-40.5,-35.704],[-39.75,-36.228],[-39.5,-36.28],[-39.25,-36.241],[-38.25,-35.771],[-38.0,-35.914],[-37.958,-36.0],[-37.25,-36.182],[-36.5,-35.837],[-36.055,-35.5],[-35.566,-35.25],[-34.75,-35.119],[-33.75,-35.129],[-32.439,-34.75],[-31.5,-34.244],[-29.75,-33.604],[-29.604,-33.5],[-29.437,-33.25],[-29.0,-33.017],[-28.5,-32.955],[-27.75,-33.098],[-26.965,-32.75],[-26.841,-32.5],[-27.25,-31.972],[-27.516,-31.75],[-28.25,-31.403],[-28.75,-31.071],[-29.604,-30.25],[-29.712,-30.0],[-28.721,-28.25],[-28.675,-28.0],[-28.741,-27.75],[-28.9,-27.5],[-29.25,-27.187],[-29.5,-27.071],[-29.623,-26.75],[-30.25,-26.578],[-31.0,-26.635],[-31.25,-26.508],[-31.5,-26.071],[-31.75,-25.91],[-32.0,-25.888],[-32.342,-25.75],[-32.54,-25.5],[-32.55,-25.25],[-32.451,-25.0],[-32.0,-24.638],[-31.75,-24.571],[-31.25,-24.67],[-30.5,-24.581],[-30.0,-24.623],[-29.5,-24.715],[-28.25,-25.173],[-27.75,-25.089],[-26.5,-25.169],[-26.176,-25.25],[-25.75,-25.563],[-24.75,-26.089],[-24.5,-26.158],[-23.5,-26.3],[-22.75,-26.105],[-22.25,-26.069],[-21.5,-26.294],[-21.0,-26.366],[-20.5,-26.738],[-20.25,-26.831],[-19.0,-26.947],[-18.844,-27.0],[-18.556,-27.25],[-17.227,-27.75],[-16.424,-28.25],[-15.457,-28.75],[-14.5,-29.044],[-13.75,-29.547],[-13.0,-29.838],[-11.25,-30.783],[-10.188,-31.25],[-8.25,-32.415],[-7.836,-32.75],[-6.75,-33.212],[-6.35,-33.5],[-5.25,-34.078],[-5.0,-34.165],[-4.25,-34.145],[-4.0,-34.084],[-3.25,-33.652],[-2.75,-33.555],[-2.0,-33.65],[-1.25,-33.867],[0.532,-34.75],[1.5,-35.554],[2.689,-36.25],[4.25,-36.666],[4.75,-36.856],[4.995,-37.0],[5.262,-37.5],[5.542,-37.75],[6.75,-38.16],[7.51,-38.5],[7.872,-38.75],[7.952,-39.0],[8.25,-39.176],[9.0,-39.319],[9.25,-39.074],[9.5,-38.942],[10.0,-38.929],[10.089,-39.0],[10.174,-39.25],[11.0,-40.172],[11.423,-40.5],[11.911,-40.75],[12.25,-41.13],[12.44,-41.25],[12.886,-41.25],[12.75,-41.168],[12.708,-41.0],[12.501,-40.75],[12.75,-40.544],[13.0,-40.569],[13.087,-40.75],[13.026,-41.25],[13.25,-41.385],[13.5,-41.682],[14.0,-41.878],[14.5,-41.917],[14.63,-42.0],[14.764,-42.25],[15.107,-42.5],[15.384,-43.25],[15.5,-43.369],[16.584,-44.0],[17.187,-44.25],[17.5,-44.559],[18.5,-44.925],[19.0,-45.352],[19.581,-45.5],[19.805,-45.75],[20.0,-45.824],[21.25,-46.034],[22.25,-45.997],[22.75,-46.087],[23.0,-46.323],[23.5,-46.496],[23.75,-46.674],[24.5,-46.845],[25.646,-47.75],[26.189,-48.0],[26.5,-48.053],[27.187,-48.0],[27.965,-47.75],[29.75,-46.927],[30.25,-46.632],[30.592,-46.5],[31.711,-46.25],[32.349,-46.0],[32.173,-45.75],[31.5,-45.638],[31.198,-45.5],[31.0,-45.328],[30.5,-45.21],[30.0,-45.187],[29.356,-45.0],[29.672,-44.75],[31.75,-44.28],[32.0,-44.311],[32.75,-44.615],[33.25,-44.425],[34.133,-44.25],[36.0,-44.072],[37.214,-43.75],[37.26,-43.5],[37.444,-43.25],[38.18,-43.0],[38.666,-42.75],[38.862,-42.5],[39.25,-42.361],[39.339,-42.25],[39.397,-42.0],[39.3,-41.75],[38.5,-41.55],[37.694,-41.25],[37.183,-41.0],[37.202,-40.75],[37.0,-40.694],[36.5,-40.739],[36.25,-41.137],[35.75,-41.153],[34.627,-41.5],[34.296,-41.5],[34.0,-41.336],[33.115,-41.25],[33.178,-41.0],[33.25,-40.958],[33.75,-40.899],[33.845,-40.75],[33.75,-40.463],[34.0,-40.324],[34.5,-40.343],[34.876,-40.25],[34.802,-40.0],[35.267,-39.5],[35.5,-39.439],[35.965,-39.5],[36.25,-39.808],[36.646,-40.0],[37.25,-40.072],[37.5,-39.735],[37.616,-39.25],[38.25,-38.393],[38.5,-38.196],[39.0,-37.989],[39.335,-37.75],[39.789,-37.0],[39.735,-36.5],[39.966,-36.0],[39.983,-35.75],[39.75,-35.577],[39.5,-35.564],[38.0,-35.86],[37.861,-35.5],[37.866,-35.25],[37.774,-35.0],[37.25,-34.508],[36.976,-34.0],[36.826,-33.25],[36.5,-32.524],[36.0,-32.185],[35.879,-32.0],[35.632,-31.0],[35.737,-30.25],[35.387,-29.25],[35.0,-28.846],[34.807,-28.5],[34.969,-28.0],[34.98,-27.75],[34.739,-26.75],[34.5,-26.249],[34.264,-26.0],[34.154,-25.75],[34.224,-25.25],[34.75,-25.0],[35.5,-24.25],[35.5,-24.074],[35.625,-23.75],[35.515,-23.485],[35.75,-23.25],[35.75,-22.25],[35.616,-22.116],[35.603,-21.0],[35.75,-19.862],[36.048,-19.25],[37.584,-17.666],[38.457,-17.25],[39.0,-17.25],[39.28,-16.97],[40.0,-16.648],[40.5,-16.301],[40.75,-16.278],[41.0,-16.363],[41.75,-16.795],[42.25,-16.792],[42.5,-16.934],[42.911,-17.5],[43.25,-18.228],[43.316,-18.5],[43.437,-19.75],[43.408,-20.5],[43.137,-22.0],[43.163,-22.25],[43.25,-22.377],[43.25,-23.0],[43.5,-23.25],[43.5,-24.25],[43.75,-24.5],[43.75,-24.75],[44.25,-25.25],[44.5,-25.25],[45.0,-25.75],[45.5,-25.75],[45.75,-25.5],[46.0,-25.5],[46.25,-25.25],[47.0,-25.25],[47.25,-25.0],[47.25,-24.75],[47.5,-24.5],[47.5,-24.0],[47.75,-23.75],[47.75,-23.26],[48.0,-23.0],[48.0,-22.5],[48.25,-22.25],[48.25,-21.75],[48.5,-21.5],[48.5,-20.765],[48.75,-20.5],[48.75,-20.25],[49.0,-20.0],[49.0,-19.558],[49.25,-19.25],[49.25,-19.11],[49.5,-18.891],[49.75,-18.88],[50.5,-18.622],[51.0,-18.524],[52.25,-18.439],[53.0,-18.161],[53.25,-18.277],[53.75,-18.348],[54.25,-18.297],[54.75,-18.088],[55.25,-18.169],[55.75,-18.109],[57.0,-18.478],[57.593,-18.75],[57.724,-19.0],[57.665,-19.25],[57.171,-20.0],[57.25,-20.5],[57.5,-20.75],[58.0,-20.25],[57.849,-20.099],[57.958,-19.75],[57.956,-19.25],[57.857,-19.0],[59.0,-18.566],[60.75,-18.654],[61.295,-19.0],[61.75,-19.448],[62.0,-19.455],[62.25,-19.658],[62.5,-19.566],[62.776,-19.75],[63.5,-20.0],[63.555,-19.945],[64.5,-20.018],[66.25,-19.919],[66.5,-19.677],[66.75,-19.546],[67.0,-19.516],[67.435,-19.75],[67.75,-20.026],[68.5,-20.283],[69.25,-19.954],[69.721,-20.0],[69.5,-20.075],[69.25,-20.308],[69.152,-20.5],[69.032,-21.0],[69.132,-21.25],[69.447,-21.5],[70.25,-21.909],[70.5,-22.115],[71.0,-22.748],[71.25,-22.696],[71.616,-22.75],[71.765,-23.0],[71.771,-23.25],[71.649,-23.5],[72.125,-24.0],[72.75,-24.337],[73.284,-24.75],[74.547,-25.5],[74.75,-25.561],[74.975,-25.5],[75.5,-25.18],[75.868,-25.75],[76.25,-26.634],[76.5,-26.771],[77.25,-26.793],[78.259,-27.25],[78.637,-27.5],[78.722,-27.75],[78.91,-28.0],[79.25,-28.17],[80.25,-28.272],[80.5,-28.379],[81.075,-29.25],[81.5,-29.474],[82.0,-29.594],[82.237,-29.75],[82.108,-30.0],[82.132,-30.25],[82.601,-30.75],[84.75,-32.051],[85.943,-32.5],[86.368,-32.75],[87.0,-33.248],[87.75,-33.651],[88.25,-33.833],[89.0,-33.922],[89.5,-33.743],[89.75,-33.726],[90.25,-33.911],[90.75,-33.954],[91.973,-34.5],[92.25,-34.547],[92.75,-34.367],[93.0,-34.357],[93.25,-34.22],[93.5,-34.172],[93.75,-34.226],[94.5,-33.807],[94.75,-33.597],[94.928,-33.25],[94.89,-33.0],[94.5,-32.678],[94.0,-32.566],[93.0,-32.821],[92.75,-32.837],[92.438,-32.75],[92.477,-32.5],[92.351,-32.25],[92.495,-31.75],[92.463,-31.5],[91.75,-30.807],[91.097,-30.5],[91.0,-30.303],[90.403,-30.25],[90.197,-30.0],[89.75,-29.878],[89.5,-29.88],[89.25,-29.65],[89.07,-29.25],[89.243,-28.75],[88.75,-28.657],[87.872,-28.25],[87.5,-27.998],[87.25,-28.076],[87.0,-28.017],[87.081,-27.75],[87.434,-27.25],[87.488,-26.5],[87.423,-26.25],[87.25,-26.196],[87.024,-26.25],[86.25,-26.703],[86.0,-26.735],[85.776,-26.5],[85.5,-25.775],[85.25,-25.509],[85.0,-25.36],[84.559,-25.25],[84.929,-24.5],[85.068,-24.0],[85.499,-23.5],[85.566,-23.25],[85.5,-23.174],[84.75,-23.148],[84.25,-23.366],[84.0,-23.371],[82.75,-22.81],[82.25,-22.824],[82.0,-22.762],[81.737,-22.5],[81.762,-21.75],[81.705,-21.5],[81.5,-21.338],[81.25,-21.451],[81.0,-21.428],[80.942,-21.25],[81.128,-20.5],[81.25,-20.403],[81.75,-20.325],[82.75,-19.323],[83.25,-19.177],[84.25,-18.682],[84.418,-18.5],[84.271,-18.25],[83.25,-18.011],[83.0,-18.009],[82.5,-18.064],[82.19,-18.25],[82.0,-18.501],[81.75,-18.614],[81.5,-18.844],[81.0,-19.081],[80.75,-19.289],[80.37,-20.0],[80.233,-20.5],[79.0,-21.329],[78.75,-21.357],[78.25,-21.261],[78.0,-22.099],[77.75,-22.652],[77.5,-22.822],[77.25,-22.791],[77.16,-22.5],[77.137,-22.0],[77.178,-21.0],[77.275,-20.5],[77.0,-20.237],[76.5,-20.193],[76.25,-20.289],[75.75,-20.669],[75.355,-21.25],[75.0,-21.499],[74.75,-21.61],[74.5,-21.404],[74.441,-21.25],[75.063,-20.75],[75.215,-20.5],[75.265,-20.25],[75.225,-19.25],[75.117,-19.0],[75.114,-18.75],[75.0,-18.709],[74.854,-18.75],[74.901,-19.0],[74.081,-19.75],[73.212,-20.75],[73.319,-21.0],[73.316,-21.25],[72.75,-21.512],[72.537,-21.25],[72.577,-21.0],[72.52,-20.5],[72.615,-20.25],[73.595,-19.25],[73.938,-19.0],[74.125,-18.75],[74.234,-18.25],[74.134,-17.75],[74.521,-17.25],[74.494,-17.0],[74.0,-16.75],[73.5,-16.628],[72.85,-16.25],[72.616,-16.0],[72.5,-15.724],[72.62,-15.5],[72.75,-15.485],[75.5,-15.719],[76.5,-15.567],[76.75,-15.619],[77.25,-15.917],[78.0,-15.82],[78.5,-15.841],[78.812,-16.0],[78.944,-16.25],[78.941,-16.5],[78.528,-17.25],[78.48,-17.75],[78.519,-18.0],[78.653,-18.25],[79.0,-18.507],[79.25,-18.501],[79.75,-18.267],[80.5,-17.796],[81.0,-17.563],[81.75,-17.416],[82.5,-16.897],[82.75,-16.972],[83.0,-17.249],[83.25,-17.326],[83.75,-17.279],[84.25,-17.534],[84.783,-17.5],[84.978,-17.25],[84.979,-17.0],[85.117,-16.75],[85.25,-16.659],[85.5,-16.614],[86.5,-16.654],[87.0,-16.74],[88.25,-17.297],[88.75,-17.185],[89.75,-17.805],[90.0,-17.836],[90.5,-17.757],[92.0,-17.878],[92.428,-17.75],[92.599,-17.5],[92.526,-17.25],[92.697,-17.0],[92.7,-16.75],[92.139,-16.25],[91.0,-15.785],[89.75,-15.451],[89.0,-15.098],[88.5,-14.762],[88.0,-14.252],[86.879,-13.75],[86.941,-13.5],[87.295,-13.25],[87.358,-12.5],[87.519,-12.25],[87.75,-12.097],[88.5,-11.864],[89.0,-11.52],[89.25,-11.459],[90.75,-12.113],[91.252,-12.5],[91.723,-13.0],[92.022,-13.5],[92.181,-14.25],[92.504,-15.0],[92.75,-15.175],[93.25,-14.852],[93.5,-14.885],[93.823,-15.25],[93.995,-15.5],[94.137,-16.0],[93.532,-16.75],[93.485,-17.0],[93.75,-17.211],[94.0,-17.259],[94.5,-17.204],[95.0,-17.475],[96.826,-19.0],[96.951,-19.25],[96.75,-19.374],[96.127,-19.5],[95.726,-19.75],[95.625,-20.0],[95.75,-20.865],[96.0,-21.181],[96.25,-21.273],[96.75,-20.959],[97.25,-20.869],[97.75,-20.614],[98.126,-20.5],[98.5,-20.262],[98.5,-19.998],[98.35,-19.75],[98.067,-19.5],[98.484,-19.0],[98.048,-18.75],[97.907,-18.5],[98.0,-18.326],[98.25,-18.317],[98.75,-18.568],[99.0,-18.475],[99.176,-18.25],[99.208,-18.0],[99.0,-17.795],[98.75,-17.68],[98.0,-17.583],[97.25,-17.64],[96.5,-17.49],[95.5,-17.02],[95.322,-16.5],[95.5,-16.256],[95.75,-16.103],[96.0,-16.348],[96.25,-16.377],[96.361,-16.25],[95.815,-15.75],[95.888,-15.5],[96.0,-15.454],[96.5,-15.807],[96.75,-15.82],[96.785,-15.75],[96.569,-15.25],[96.0,-15.143],[95.25,-14.804],[94.0,-14.54],[93.75,-14.425],[92.923,-13.5],[92.5,-12.807],[92.023,-12.5],[92.011,-12.25],[92.089,-12.0],[92.019,-11.25],[92.052,-11.0],[92.25,-10.686],[92.5,-10.645],[92.755,-10.75],[93.25,-11.212],[93.5,-11.095],[93.75,-10.81],[94.0,-10.85],[94.136,-11.0],[94.25,-11.52],[94.474,-11.75],[94.75,-11.842],[94.888,-11.75],[94.785,-11.5],[94.803,-11.25],[95.25,-10.998],[95.565,-10.5],[95.531,-10.25],[95.399,-10.0],[95.369,-9.25],[95.436,-9.0],[95.5,-8.906],[95.75,-8.861],[96.5,-8.092],[96.694,-8.0],[96.63,-7.5],[96.75,-7.267],[97.0,-7.382],[97.5,-6.977],[98.0,-6.975],[98.75,-7.344],[99.25,-7.452],[99.5,-7.342],[99.559,-7.25],[99.745,-6.5],[99.911,-6.25],[100.0,-6.148],[100.25,-6.095],[101.0,-6.76],[101.5,-6.716],[101.75,-6.774],[102.5,-7.316],[103.0,-7.166],[103.25,-7.319],[104.0,-8.185],[104.25,-8.353],[104.5,-8.427],[104.664,-8.25],[104.733,-8.0],[104.721,-7.75],[104.844,-7.5],[105.0,-7.384],[105.5,-7.303],[106.0,-7.551],[106.615,-8.0],[107.691,-8.5],[108.005,-8.75],[107.967,-9.25],[107.5,-10.5],[107.398,-11.25],[107.296,-13.0],[107.25,-13.169],[107.0,-13.262],[106.745,-13.5],[106.571,-14.25],[106.421,-14.5],[106.366,-14.75],[106.393,-15.0],[106.5,-15.239],[106.75,-15.389],[107.001,-15.25],[107.107,-15.5],[107.5,-15.779],[107.75,-15.672],[108.0,-15.441],[108.047,-15.75],[108.381,-16.25],[108.661,-17.0],[108.75,-17.415],[109.0,-17.486],[109.06,-17.0],[108.965,-16.0],[109.076,-15.5],[109.296,-14.75],[109.971,-13.5],[110.291,-11.5],[110.75,-10.547],[111.5,-9.43],[111.75,-9.197],[112.0,-9.278],[112.25,-9.643],[112.5,-9.83],[113.0,-9.235],[113.75,-9.337],[114.11,-9.5],[114.149,-9.75],[113.805,-10.5],[113.454,-12.0],[113.267,-12.5],[113.0,-12.817],[112.442,-13.25],[112.295,-13.5],[111.75,-15.3],[110.75,-16.799],[110.597,-17.25],[110.66,-17.5],[110.89,-17.75],[111.0,-17.999],[111.5,-18.499],[111.75,-18.557],[112.0,-18.528],[112.5,-18.366],[112.632,-18.25],[112.726,-17.5],[113.0,-16.794],[113.201,-17.0],[113.205,-17.25],[113.0,-18.065],[112.803,-18.25],[112.855,-18.5],[112.645,-19.0],[112.661,-19.25],[113.0,-19.486],[113.25,-19.478],[114.0,-19.19],[114.25,-19.174],[114.354,-19.25],[114.386,-19.5],[113.983,-20.25],[113.792,-20.75],[113.404,-22.5],[113.428,-22.75],[113.25,-23.583],[112.846,-24.5],[112.75,-25.75],[113.013,-25.987],[113.25,-26.378],[113.25,-26.5],[113.515,-26.765],[113.735,-27.25],[113.813,-28.0],[113.687,-28.25],[113.733,-28.5],[114.069,-28.75],[114.5,-28.928],[114.5,-29.0],[114.753,-29.253],[114.771,-30.0],[114.863,-30.5],[115.0,-30.75],[115.25,-31.001],[115.25,-31.25],[115.503,-31.503],[115.379,-32.0],[115.432,-32.25],[115.279,-32.5],[115.073,-33.25],[114.89,-33.5],[114.919,-33.831],[114.75,-34.0],[115.25,-34.5],[115.5,-34.5],[116.0,-35.0],[116.25,-35.0],[116.5,-35.25],[118.0,-35.25],[118.25,-35.0],[118.5,-35.0],[118.85,-34.65],[119.085,-34.585],[119.25,-34.75],[119.712,-34.288],[120.0,-34.109],[120.456,-34.0],[121.815,-34.0],[122.1,-34.1],[122.25,-34.25],[122.386,-34.114],[123.004,-34.004],[123.25,-34.25],[123.5,-34.0],[123.75,-34.0],[124.25,-33.5],[124.25,-33.42],[124.5,-33.13],[124.681,-33.0],[125.088,-32.75],[125.5,-32.75],[125.75,-32.5],[127.5,-32.5],[127.75,-32.25],[128.25,-32.217],[128.783,-31.967],[130.0,-31.831],[131.0,-31.805],[131.25,-31.855],[131.472,-32.0],[131.75,-32.399],[133.25,-32.937],[133.5,-33.097],[134.083,-33.75],[134.75,-34.126],[134.812,-34.5],[135.25,-34.888],[135.74,-34.99],[136.0,-35.25],[136.047,-35.203],[136.485,-35.25],[136.607,-35.643],[136.5,-35.75],[136.5,-36.0],[136.75,-36.25],[137.0,-36.25],[137.069,-36.181],[137.5,-36.25],[138.0,-36.216],[138.156,-36.25],[138.5,-36.58],[139.0,-36.585],[139.25,-36.698],[139.5,-36.829],[139.544,-36.956],[139.5,-37.0],[140.75,-38.25],[141.25,-38.25],[141.5,-38.5],[142.5,-38.5],[142.75,-38.75],[143.25,-38.75],[143.5,-39.0],[143.621,-38.879],[144.25,-38.732],[144.688,-38.75],[144.805,-39.0],[144.499,-39.25],[144.0,-39.465],[143.75,-39.75],[143.75,-40.0],[144.0,-40.25],[144.156,-40.094],[144.25,-40.107],[145.0,-39.755],[145.25,-39.707],[145.391,-39.75],[145.312,-40.0],[144.75,-40.345],[144.636,-40.5],[144.654,-40.596],[144.5,-40.75],[144.5,-41.25],[144.75,-41.5],[144.75,-41.75],[145.25,-42.302],[145.25,-42.75],[146.25,-43.75],[146.75,-43.75],[146.905,-43.595],[147.0,-43.595],[147.095,-43.595],[147.25,-43.75],[147.5,-43.5],[147.452,-43.452],[148.25,-43.162],[148.969,-42.75],[149.312,-42.5],[149.713,-42.0],[149.743,-41.75],[148.934,-40.75],[149.25,-40.551],[149.754,-40.5],[150.5,-40.32],[152.5,-40.276],[152.75,-40.39],[153.0,-40.621],[153.344,-40.75],[153.627,-41.0],[154.0,-41.101],[154.61,-41.5],[155.25,-41.693],[156.0,-41.813],[157.0,-42.091],[158.5,-41.971],[159.0,-42.293],[159.25,-42.305],[159.34,-42.25],[159.319,-42.0],[158.93,-41.25],[158.838,-40.5],[158.632,-39.75],[158.702,-39.25],[158.657,-39.0],[158.983,-38.25],[158.98,-37.75],[158.702,-37.25],[158.5,-37.036],[158.25,-36.972],[157.94,-36.75],[157.837,-36.25],[157.831,-35.75],[157.75,-35.49],[157.5,-35.109],[156.876,-34.5],[156.75,-34.25],[156.742,-34.0],[156.823,-33.75],[157.361,-32.75],[157.5,-32.606],[157.75,-32.538],[158.0,-32.585],[158.259,-32.75],[158.5,-33.356],[159.0,-33.285],[159.26,-33.5],[159.151,-33.75],[159.123,-34.5],[159.302,-34.75],[159.75,-34.871],[160.25,-34.787],[160.5,-34.468],[160.75,-34.339],[161.25,-34.452],[162.0,-34.84],[162.75,-34.972],[163.25,-35.215],[164.0,-35.255],[165.0,-35.475],[165.5,-35.2],[165.75,-35.203],[166.0,-35.33],[167.457,-36.75],[168.218,-37.75],[168.338,-38.0],[168.415,-38.75],[168.388,-39.5],[167.588,-41.25],[167.422,-42.0],[167.602,-42.5],[167.659,-43.25],[167.786,-43.5],[167.761,-43.75],[167.365,-44.25],[166.398,-45.25],[166.25,-45.491],[165.75,-45.73],[165.0,-45.817],[164.75,-45.888],[164.604,-46.0],[164.574,-46.25],[164.738,-46.5],[165.75,-47.055],[166.137,-47.5],[166.479,-47.75],[166.457,-48.0],[166.75,-48.238],[166.849,-48.25],[166.906,-48.5],[167.0,-48.615],[167.25,-48.578],[167.459,-48.75],[167.553,-49.25],[167.532,-49.5],[167.774,-50.0],[167.272,-50.25],[166.25,-50.382],[165.923,-50.75],[166.0,-50.867],[166.25,-51.041],[166.5,-51.073],[168.0,-50.815],[169.0,-50.861],[170.25,-51.329],[171.75,-52.24],[172.25,-52.341],[173.75,-52.163],[174.75,-52.394],[175.0,-52.37],[175.5,-52.164],[176.25,-52.004],[177.25,-52.053],[178.75,-51.708],[179.75,-51.588],[179.75,-59.82],[179.25,-60.281],[178.585,-60.75],[178.75,-60.815],[178.925,-61.0],[178.794,-61.25],[178.506,-61.5],[177.75,-62.036],[176.0,-63.068],[175.25,-63.224],[174.5,-63.182],[173.488,-62.75],[172.132,-62.5],[172.628,-62.25],[172.5,-62.209],[172.0,-62.17],[171.75,-62.228],[171.144,-62.0],[169.5,-61.787],[169.25,-61.823],[168.75,-62.069],[168.5,-62.088],[168.167,-62.0],[168.0,-61.698],[167.789,-61.5],[167.5,-61.491],[167.0,-61.63],[165.75,-61.347],[165.5,-61.388],[165.25,-61.529],[164.5,-61.518],[163.75,-61.972],[162.0,-62.049],[161.47,-62.25],[160.75,-62.347],[160.5,-62.475],[159.25,-62.419],[157.5,-62.613],[157.25,-62.754],[157.0,-62.761],[155.0,-62.602],[152.75,-63.088],[151.5,-63.139],[150.999,-63.25],[150.0,-63.63],[149.0,-63.861],[147.5,-64.376],[147.0,-64.615],[146.5,-64.719],[144.75,-64.803],[141.25,-64.711],[138.241,-64.75],[135.75,-64.361]],[[159.217,-54.75],[159.0,-54.483],[158.936,-54.75],[159.0,-54.809],[159.217,-54.75]],[[169.572,-52.5],[169.25,-52.404],[169.169,-52.5],[169.25,-52.591],[169.572,-52.5]],[[166.75,-48.723],[166.733,-48.75],[166.787,-48.75],[166.75,-48.723]],[[96.481,-13.0],[96.395,-12.5],[96.5,-12.354],[96.75,-12.36],[97.203,-12.0],[97.364,-11.0],[97.521,-10.5],[97.388,-10.0],[97.226,-9.75],[97.0,-9.692],[96.75,-10.122],[95.85,-11.0],[96.025,-12.0],[96.013,-12.25],[95.798,-12.75],[95.908,-13.0],[96.25,-13.209],[96.481,-13.0]],[[98.5,-12.918],[98.75,-12.838],[98.829,-12.75],[98.832,-12.5],[98.804,-12.25],[98.669,-12.0],[98.25,-11.572],[98.162,-11.75],[98.0,-11.847],[97.807,-12.25],[98.063,-12.5],[98.25,-12.8],[98.5,-12.918]],[[78.25,-20.623],[78.339,-20.5],[78.387,-20.25],[78.25,-20.222],[78.0,-20.426],[77.946,-20.5],[78.0,-20.735],[78.25,-20.623]],[[88.0,-27.363],[88.154,-27.0],[88.199,-26.75],[88.092,-26.5],[88.0,-26.455],[87.602,-26.5],[87.565,-27.25],[87.75,-27.533],[88.0,-27.363]],[[91.25,-22.549],[91.313,-22.5],[91.425,-22.25],[91.321,-22.0],[91.503,-21.75],[91.75,-21.647],[92.5,-21.521],[92.778,-21.25],[92.763,-21.0],[92.63,-20.75],[92.7,-20.5],[92.939,-20.25],[93.463,-20.0],[94.0,-19.941],[94.239,-19.75],[94.327,-19.5],[93.935,-19.25],[93.25,-19.013],[92.75,-19.059],[91.75,-18.797],[90.0,-18.678],[89.5,-18.131],[89.0,-17.962],[88.75,-17.942],[88.546,-18.0],[88.114,-18.25],[88.084,-18.75],[87.644,-19.0],[87.514,-19.25],[87.499,-19.5],[87.302,-20.0],[86.7,-21.0],[86.75,-21.125],[87.0,-21.199],[87.5,-21.148],[87.962,-20.75],[88.844,-19.5],[89.25,-19.288],[90.0,-19.13],[90.466,-19.75],[90.59,-20.5],[90.583,-21.0],[90.713,-21.25],[90.977,-21.5],[91.1,-21.75],[91.117,-22.0],[91.0,-22.105],[90.954,-22.25],[91.0,-22.531],[91.25,-22.549]],[[35.75,-40.357],[35.925,-40.25],[35.75,-40.167],[35.5,-40.217],[35.452,-40.25],[35.5,-40.355],[35.75,-40.357]],[[38.097,-47.0],[38.347,-46.75],[38.0,-46.626],[37.75,-46.829],[37.668,-47.0],[37.75,-47.079],[38.097,-47.0]],[[41.215,-39.25],[42.0,-38.605],[42.277,-38.5],[42.25,-38.263],[41.178,-38.75],[40.801,-39.0],[40.662,-39.25],[40.75,-39.432],[41.215,-39.25]],[[42.0,-42.977],[41.978,-43.0],[42.029,-43.0],[42.0,-42.977]],[[42.722,-38.25],[42.5,-38.207],[42.257,-38.25],[42.5,-38.299],[42.722,-38.25]],[[56.0,-21.25],[55.846,-21.096],[55.864,-20.75],[55.75,-20.389],[55.654,-20.5],[55.5,-20.542],[55.25,-20.843],[55.193,-21.0],[55.25,-21.06],[55.25,-21.25],[55.5,-21.5],[55.75,-21.5],[56.0,-21.25]],[[69.3,-49.55],[69.5,-49.75],[69.656,-49.594],[70.0,-49.599],[70.332,-49.5],[70.34,-49.25],[70.175,-49.0],[70.0,-48.872],[69.5,-48.719],[69.0,-48.714],[68.75,-49.0],[68.75,-49.25],[69.0,-49.584],[69.3,-49.55]],[[100.5,-21.95],[100.787,-21.75],[100.8,-21.5],[100.652,-21.0],[100.25,-20.659],[100.0,-20.534],[99.75,-20.506],[99.5,-20.723],[99.502,-21.0],[100.25,-21.907],[100.5,-21.95]],[[102.25,-18.573],[102.75,-18.091],[102.905,-17.75],[102.75,-17.407],[102.5,-17.255],[102.25,-17.217],[101.75,-17.321],[101.5,-17.455],[101.578,-18.0],[101.5,-18.314],[101.544,-18.5],[101.75,-18.615],[102.25,-18.573]],[[103.25,-13.948],[103.534,-13.25],[103.642,-12.0],[103.577,-11.25],[103.747,-10.75],[103.768,-10.5],[102.75,-9.958],[102.227,-10.0],[101.69,-9.75],[101.0,-9.547],[100.75,-9.8],[100.414,-10.5],[100.25,-10.695],[99.974,-10.5],[99.535,-9.0],[99.393,-8.75],[99.0,-8.465],[98.0,-8.205],[97.5,-7.787],[97.25,-7.67],[97.0,-7.648],[96.78,-8.0],[97.0,-8.526],[97.25,-8.752],[97.5,-8.876],[98.0,-8.611],[98.703,-9.25],[98.141,-9.75],[98.049,-10.0],[98.165,-10.5],[98.309,-10.75],[98.5,-10.928],[99.25,-11.347],[100.051,-11.5],[100.21,-11.75],[100.163,-12.0],[100.692,-12.75],[100.551,-13.0],[100.75,-13.368],[100.858,-13.25],[100.876,-13.0],[101.034,-12.75],[101.5,-12.33],[101.75,-12.2],[102.0,-12.33],[102.25,-13.029],[103.0,-13.877],[103.25,-13.948]],[[103.75,-15.816],[103.884,-15.75],[103.801,-15.5],[103.607,-15.5],[103.5,-15.639],[103.5,-15.768],[103.75,-15.816]],[[105.111,-11.25],[105.0,-10.999],[104.817,-11.25],[105.0,-11.363],[105.111,-11.25]],[[105.795,-10.5],[105.935,-10.25],[105.959,-10.0],[105.921,-9.75],[105.75,-9.547],[105.5,-9.442],[105.25,-9.512],[105.101,-9.75],[105.363,-10.5],[105.5,-10.58],[105.795,-10.5]],[[106.0,-17.242],[106.13,-17.0],[106.125,-16.75],[106.0,-16.424],[105.75,-16.236],[105.545,-16.75],[105.615,-17.0],[105.75,-17.167],[106.0,-17.242]],[[107.25,-17.18],[107.409,-16.75],[107.42,-16.5],[107.25,-16.13],[107.0,-16.13],[106.928,-16.25],[106.898,-16.5],[107.0,-17.138],[107.25,-17.18]],[[100.534,-16.25],[100.387,-16.0],[100.25,-15.917],[100.033,-16.0],[100.25,-16.281],[100.534,-16.25]]]},"properties":{"variable":"swh","unit":"m","hvalue":3.0,"min":3.0,"max":4.0,"label":"3–4 m","color":"#34cc99","band":3}},{"type":"Feature","geometry":{"type":"Polygon","coordinates":[[[-179.25,-51.303],[-177.75,-51.453],[-177.25,-51.432],[-176.75,-51.326],[-175.0,-50.644],[-174.5,-50.244],[-174.0,-49.963],[-173.75,-49.934],[-173.25,-50.374],[-173.0,-50.411],[-172.307,-50.25],[-171.5,-50.011],[-171.21,-49.75],[-170.766,-49.5],[-168.799,-49.0],[-168.503,-48.75],[-167.75,-48.455],[-165.045,-46.75],[-164.83,-46.5],[-164.754,-46.25],[-164.837,-45.75],[-164.743,-45.5],[-163.889,-44.5],[-163.75,-44.356],[-163.0,-44.069],[-161.977,-43.5],[-161.158,-42.75],[-160.956,-42.25],[-160.509,-41.75],[-159.636,-41.0],[-159.225,-40.75],[-158.5,-40.478],[-156.955,-40.25],[-156.209,-40.0],[-155.75,-39.771],[-155.0,-39.302],[-154.39,-38.75],[-154.5,-38.648],[-155.0,-38.589],[-155.118,-38.5],[-155.074,-38.25],[-154.786,-38.0],[-154.0,-37.621],[-153.5,-37.46],[-153.25,-37.448],[-152.75,-37.572],[-151.75,-37.59],[-150.5,-37.74],[-149.0,-37.675],[-148.0,-37.906],[-147.5,-37.889],[-146.75,-37.757],[-144.75,-37.893],[-144.0,-37.883],[-143.5,-37.966],[-142.5,-37.837],[-140.75,-38.144],[-140.0,-38.183],[-139.75,-38.395],[-139.5,-38.477],[-139.25,-38.378],[-139.0,-38.368],[-138.25,-38.528],[-137.75,-38.448],[-135.75,-38.792],[-134.5,-39.175],[-133.888,-39.5],[-132.25,-40.102],[-131.25,-40.376],[-130.75,-40.589],[-130.25,-40.667],[-129.75,-40.869],[-128.5,-41.17],[-125.75,-42.53],[-125.25,-42.836],[-124.514,-43.0],[-123.838,-43.25],[-122.775,-44.0],[-122.5,-44.341],[-122.197,-44.5],[-121.54,-45.25],[-121.351,-45.5],[-121.263,-46.0],[-120.602,-47.0],[-120.435,-47.5],[-120.45,-47.75],[-120.759,-48.25],[-120.799,-48.5],[-120.702,-48.75],[-120.455,-49.0],[-120.416,-49.5],[-120.52,-49.75],[-121.465,-50.5],[-121.671,-50.75],[-121.772,-51.0],[-122.016,-51.25],[-123.505,-51.75],[-123.731,-52.0],[-123.736,-52.25],[-123.973,-52.5],[-124.388,-52.75],[-125.25,-52.998],[-125.75,-53.219],[-126.75,-53.162],[-127.25,-53.196],[-127.422,-53.25],[-127.75,-53.603],[-128.0,-53.625],[-128.75,-53.612],[-129.75,-53.478],[-130.295,-53.5],[-130.5,-53.539],[-130.83,-53.75],[-131.5,-53.787],[-131.796,-54.0],[-133.0,-54.44],[-134.0,-54.515],[-136.0,-54.865],[-136.876,-55.5],[-136.799,-55.75],[-137.48,-56.0],[-137.559,-56.25],[-137.527,-56.5],[-137.642,-56.75],[-137.61,-57.0],[-137.5,-57.157],[-137.11,-57.5],[-136.818,-58.0],[-136.4,-58.5],[-137.0,-58.94],[-137.177,-59.0],[-138.25,-59.194],[-139.375,-59.5],[-140.0,-59.584],[-143.25,-59.549],[-146.75,-58.469],[-147.364,-58.0],[-148.0,-57.683],[-148.5,-57.219],[-148.87,-57.0],[-150.5,-56.939],[-152.25,-57.198],[-152.75,-57.346],[-154.127,-58.25],[-154.75,-58.872],[-155.25,-59.185],[-155.75,-59.281],[-156.0,-59.256],[-157.731,-58.75],[-157.98,-58.5],[-157.852,-58.25],[-158.078,-58.0],[-161.0,-58.096],[-162.0,-57.909],[-162.499,-57.75],[-163.224,-57.25],[-163.6,-56.75],[-163.466,-56.25],[-163.488,-56.0],[-163.516,-55.75],[-163.75,-55.341],[-164.0,-55.247],[-165.0,-55.522],[-165.936,-55.5],[-165.603,-55.0],[-165.75,-54.779],[-166.0,-54.673],[-167.71,-55.0],[-169.25,-55.582],[-169.531,-55.75],[-170.5,-56.567],[-171.796,-57.25],[-172.919,-58.0],[-173.75,-58.796],[-174.041,-59.0],[-174.5,-59.198],[-175.0,-59.293],[-175.75,-59.331],[-176.5,-59.212],[-177.25,-58.975],[-178.25,-58.873],[-178.75,-58.926],[-179.25,-59.066],[-179.622,-59.25],[-180.0,-59.579],[-180.0,-51.527],[-179.25,-51.303]]]},"properties":{"variable":"swh","unit":"m","hvalue":3.0,"min":3.0,"max":4.0,"label":"3–4 m","color":"#34cc99","band":3}},{"type":"Feature","geometry":{"type":"Polygon","coordinates":[[[-103.114,-53.0],[-102.973,-52.5],[-102.75,-52.281],[-102.5,-52.155],[-102.0,-52.022],[-101.25,-51.938],[-101.107,-52.0],[-101.031,-52.25],[-100.811,-52.5],[-100.782,-52.75],[-100.966,-53.0],[-102.209,-53.75],[-103.0,-53.961],[-103.75,-53.899],[-104.133,-53.75],[-103.114,-53.0]]]},"properties":{"variable":"swh","unit":"m","hvalue":3.0,"min":3.0,"max":4.0,"label":"3–4 m","color":"#34cc99","band":3}},{"type":"Feature","geometry":{"type":"Polygon","coordinates":[[[-98.049,-50.5],[-98.586,-50.0],[-98.478,-49.75],[-97.785,-49.25],[-97.701,-49.0],[-97.397,-48.5],[-97.407,-48.25],[-97.5,-48.167],[-97.75,-48.036],[-98.5,-47.955],[-98.789,-47.75],[-98.5,-47.606],[-98.197,-47.5],[-96.75,-47.336],[-95.0,-46.821],[-94.25,-46.764],[-93.5,-47.012],[-92.75,-47.36],[-92.231,-47.75],[-91.899,-48.25],[-91.811,-48.75],[-91.96,-49.25],[-92.212,-49.75],[-92.5,-50.082],[-92.997,-50.5],[-93.25,-50.625],[-94.5,-50.878],[-95.25,-50.934],[-95.75,-50.932],[-96.25,-50.833],[-97.436,-50.75],[-98.049,-50.5]]]},"properties":{"variable":"swh","unit":"m","hvalue":3.0,"min":3.0,"max":4.0,"label":"3–4 m","color":"#34cc99","band":3}},{"type":"Feature","geometry":{"type":"Polygon","coordinates":[[[26.0,-46.95],[26.35,-47.0],[26.25,-47.099],[26.0,-47.104],[25.914,-47.0],[26.0,-46.95]]]},"properties":{"variable":"swh","unit":"m","hvalue":3.0,"min":3.0,"max":4.0,"label":"3–4 m","color":"#34cc99","band":3}},{"type":"Feature","geometry":{"type":"Polygon","coordinates":[[[-96.76,-46.25],[-96.714,-46.0],[-96.0,-45.476],[-95.5,-45.368],[-95.25,-45.406],[-94.75,-45.576],[-94.476,-45.75],[-94.409,-46.25],[-94.5,-46.387],[-94.75,-46.549],[-96.048,-46.5],[-96.76,-46.25]]]},"properties":{"variable":"swh","unit":"m","hvalue":3.0,"min":3.0,"max":4.0,"label":"3–4 m","color":"#34cc99","band":3}},{"type":"Feature","geometry":{"type":"Polygon","coordinates":[[[27.592,-45.75],[28.0,-45.547],[28.5,-45.539],[28.75,-45.61],[28.925,-45.75],[28.888,-46.0],[28.5,-46.156],[28.0,-46.152],[27.676,-46.0],[27.592,-45.75]]]},"properties":{"variable":"swh","unit":"m","hvalue":3.0,"min":3.0,"max":4.0,"label":"3–4 m","color":"#34cc99","band":3}},{"type":"Feature","geometry":{"type":"Polygon","coordinates":[[[-174.035,-44.25],[-175.75,-43.304],[-176.25,-43.136],[-176.75,-43.136],[-177.001,-43.25],[-177.5,-43.318],[-177.88,-43.25],[-178.44,-43.0],[-178.744,-42.75],[-179.402,-42.0],[-179.331,-41.75],[-179.643,-41.25],[-179.727,-41.0],[-179.701,-40.75],[-179.0,-39.785],[-178.75,-39.661],[-178.5,-39.711],[-178.25,-39.878],[-177.826,-40.75],[-177.5,-41.074],[-175.25,-42.557],[-173.75,-43.104],[-172.25,-43.261],[-171.25,-43.501],[-170.75,-43.41],[-170.0,-43.598],[-169.25,-43.681],[-169.125,-43.75],[-169.401,-44.0],[-170.0,-44.228],[-171.5,-44.346],[-172.5,-44.591],[-173.11,-44.5],[-174.035,-44.25]]]},"properties":{"variable":"swh","unit":"m","hvalue":3.0,"min":3.0,"max":4.0,"label":"3–4 m","color":"#34cc99","band":3}},{"type":"Feature","geometry":{"type":"Polygon","coordinates":[[[27.088,-41.0],[26.832,-40.25],[26.942,-40.0],[26.995,-39.5],[27.266,-39.25],[27.5,-38.747],[28.25,-39.222],[28.562,-39.5],[28.85,-40.0],[28.75,-40.113],[28.212,-40.0],[28.104,-40.5],[27.892,-40.75],[27.86,-41.25],[27.5,-41.584],[27.375,-41.5],[27.088,-41.0]]]},"properties":{"variable":"swh","unit":"m","hvalue":3.0,"min":3.0,"max":4.0,"label":"3–4 m","color":"#34cc99","band":3}},{"type":"Feature","geometry":{"type":"Polygon","coordinates":[[[29.623,-40.5],[30.25,-40.159],[31.0,-40.169],[31.077,-40.25],[30.913,-40.5],[30.75,-40.613],[30.25,-40.585],[30.081,-40.75],[30.049,-41.25],[30.0,-41.31],[29.624,-40.75],[29.623,-40.5]]]},"properties":{"variable":"swh","unit":"m","hvalue":3.0,"min":3.0,"max":4.0,"label":"3–4 m","color":"#34cc99","band":3}},{"type":"Feature","geometry":{"type":"Polygon","coordinates":[[[32.0,-40.713],[32.085,-40.75],[32.0,-40.844],[31.924,-40.75],[32.0,-40.713]]]},"properties":{"variable":"swh","unit":"m","hvalue":3.0,"min":3.0,"max":4.0,"label":"3–4 m","color":"#34cc99","band":3}},{"type":"Feature","geometry":{"type":"Polygon","coordinates":[[[-169.75,-40.116],[-170.435,-39.5],[-170.581,-38.75],[-170.804,-38.5],[-170.798,-38.25],[-170.61,-38.0],[-170.589,-37.5],[-170.696,-37.25],[-171.025,-37.0],[-171.4,-36.5],[-171.391,-36.25],[-171.0,-36.025],[-170.967,-35.75],[-170.835,-35.5],[-170.75,-35.466],[-170.442,-35.5],[-170.163,-35.75],[-169.611,-36.5],[-169.558,-36.75],[-169.249,-37.0],[-169.109,-37.25],[-169.114,-37.5],[-168.641,-38.0],[-168.64,-38.5],[-168.518,-38.75],[-168.098,-39.0],[-168.108,-39.75],[-168.415,-40.25],[-168.5,-40.513],[-168.75,-40.587],[-169.202,-40.5],[-169.75,-40.116]]]},"properties":{"variable":"swh","unit":"m","hvalue":3.0,"min":3.0,"max":4.0,"label":"3–4 m","color":"#34cc99","band":3}},{"type":"Feature","geometry":{"type":"Polygon","coordinates":[[[31.13,-39.0],[31.25,-38.783],[31.624,-39.25],[31.657,-39.75],[31.5,-39.999],[31.25,-40.104],[31.142,-40.0],[31.13,-39.0]]]},"properties":{"variable":"swh","unit":"m","hvalue":3.0,"min":3.0,"max":4.0,"label":"3–4 m","color":"#34cc99","band":3}},{"type":"Feature","geometry":{"type":"Polygon","coordinates":[[[32.108,-39.75],[31.923,-39.5],[32.0,-39.408],[32.5,-39.488],[33.0,-39.423],[33.206,-39.5],[33.25,-39.833],[33.4,-40.0],[33.25,-40.172],[33.0,-40.194],[32.191,-40.0],[32.108,-39.75]]]},"properties":{"variable":"swh","unit":"m","hvalue":3.0,"min":3.0,"max":4.0,"label":"3–4 m","color":"#34cc99","band":3}},{"type":"Feature","geometry":{"type":"Polygon","coordinates":[[[34.238,-38.5],[34.25,-38.476],[34.3,-38.75],[34.208,-38.75],[34.238,-38.5]]]},"properties":{"variable":"swh","unit":"m","hvalue":3.0,"min":3.0,"max":4.0,"label":"3–4 m","color":"#34cc99","band":3}},{"type":"Feature","geometry":{"type":"Polygon","coordinates":[[[-180.0,-38.125],[-180.0,-36.489],[-179.024,-35.75],[-178.741,-35.25],[-178.25,-34.976],[-177.75,-35.017],[-176.75,-35.511],[-175.95,-36.0],[-175.472,-36.5],[-174.75,-37.108],[-174.627,-37.25],[-174.438,-37.75],[-174.695,-38.0],[-175.25,-38.097],[-175.998,-38.0],[-176.742,-37.75],[-177.0,-37.762],[-177.25,-37.843],[-178.5,-38.595],[-178.75,-38.675],[-179.0,-38.677],[-179.669,-38.25],[-180.0,-38.125]]]},"properties":{"variable":"swh","unit":"m","hvalue":3.0,"min":3.0,"max":4.0,"label":"3–4 m","color":"#34cc99","band":3}},{"type":"Feature","geometry":{"type":"Polygon","coordinates":[[[28.5,-37.154],[28.25,-37.202],[27.75,-37.466],[27.5,-37.506],[27.25,-37.288],[27.221,-37.0],[27.3,-36.75],[27.045,-36.5],[27.148,-36.0],[27.13,-35.5],[27.242,-35.0],[28.419,-33.5],[28.75,-33.175],[29.25,-32.728],[29.5,-32.643],[29.75,-32.422],[30.0,-32.744],[30.25,-32.421],[30.5,-32.414],[30.732,-32.75],[30.811,-33.0],[30.776,-33.25],[31.0,-33.721],[31.5,-33.827],[32.0,-33.783],[32.163,-34.0],[32.276,-34.25],[32.267,-34.5],[32.536,-35.25],[32.639,-35.75],[32.641,-36.25],[33.419,-37.25],[33.25,-37.472],[33.0,-37.441],[32.25,-37.079],[31.75,-36.952],[31.25,-36.92],[31.097,-37.0],[31.067,-37.25],[31.329,-38.0],[31.25,-38.668],[30.0,-38.64],[29.0,-37.91],[28.5,-37.154]]]},"properties":{"variable":"swh","unit":"m","hvalue":3.0,"min":3.0,"max":4.0,"label":"3–4 m","color":"#34cc99","band":3}},{"type":"Feature","geometry":{"type":"Polygon","coordinates":[[[179.583,-37.25],[179.75,-36.834],[179.75,-37.964],[179.57,-37.5],[179.583,-37.25]]]},"properties":{"variable":"swh","unit":"m","hvalue":3.0,"min":3.0,"max":4.0,"label":"3–4 m","color":"#34cc99","band":3}},{"type":"Feature","geometry":{"type":"Polygon","coordinates":[[[153.5,-32.216],[153.5,-32.575],[153.25,-32.895],[153.25,-32.483],[153.5,-32.216]]]},"properties":{"variable":"swh","unit":"m","hvalue":3.0,"min":3.0,"max":4.0,"label":"3–4 m","color":"#34cc99","band":3}},{"type":"Feature","geometry":{"type":"Polygon","coordinates":[[[-132.0,-28.417],[-132.359,-28.0],[-132.458,-27.75],[-132.124,-27.5],[-132.108,-27.0],[-131.95,-26.75],[-131.935,-26.5],[-131.75,-26.355],[-131.5,-26.343],[-131.25,-26.483],[-131.0,-26.732],[-130.75,-27.112],[-130.0,-27.52],[-129.5,-27.958],[-129.0,-28.16],[-128.743,-28.5],[-128.25,-28.894],[-127.25,-29.201],[-126.75,-29.655],[-126.439,-29.75],[-126.25,-29.933],[-125.5,-29.981],[-124.866,-30.25],[-124.75,-30.424],[-124.444,-30.5],[-124.5,-30.666],[-124.75,-30.905],[-125.5,-30.903],[-126.0,-30.791],[-126.5,-30.446],[-126.75,-30.4],[-127.0,-30.21],[-127.251,-30.25],[-127.5,-30.756],[-128.0,-30.828],[-130.664,-29.75],[-132.0,-28.417]]]},"properties":{"variable":"swh","unit":"m","hvalue":3.0,"min":3.0,"max":4.0,"label":"3–4 m","color":"#34cc99","band":3}},{"type":"Feature","geometry":{"type":"Polygon","coordinates":[[[-123.722,-30.75],[-123.75,-30.999],[-123.798,-30.75],[-123.722,-30.75]]]},"properties":{"variable":"swh","unit":"m","hvalue":3.0,"min":3.0,"max":4.0,"label":"3–4 m","color":"#34cc99","band":3}},{"type":"Feature","geometry":{"type":"Polygon","coordinates":[[[74.174,-22.25],[74.25,-22.158],[74.5,-21.915],[74.75,-21.888],[74.815,-22.0],[74.733,-22.25],[74.5,-22.442],[74.225,-22.5],[74.174,-22.25]]]},"properties":{"variable":"swh","unit":"m","hvalue":3.0,"min":3.0,"max":4.0,"label":"3–4 m","color":"#34cc99","band":3}},{"type":"Feature","geometry":{"type":"Polygon","coordinates":[[[69.78,-20.0],[70.0,-19.976],[70.5,-20.032],[70.77,-20.25],[70.25,-20.456],[70.0,-20.486],[69.7,-20.25],[69.78,-20.0]]]},"properties":{"variable":"swh","unit":"m","hvalue":3.0,"min":3.0,"max":4.0,"label":"3–4 m","color":"#34cc99","band":3}},{"type":"Feature","geometry":{"type":"Polygon","coordinates":[[[67.5,-15.676],[67.75,-15.626],[68.234,-15.75],[68.248,-16.0],[67.817,-16.25],[67.75,-16.358],[67.5,-16.463],[67.281,-16.0],[67.5,-15.676]]]},"properties":{"variable":"swh","unit":"m","hvalue":3.0,"min":3.0,"max":4.0,"label":"3–4 m","color":"#34cc99","band":3}},{"type":"Feature","geometry":{"type":"Polygon","coordinates":[[[70.306,-16.0],[70.5,-15.851],[70.75,-15.727],[71.06,-15.75],[71.081,-16.0],[70.934,-16.25],[70.75,-16.369],[70.5,-16.43],[70.198,-16.25],[70.306,-16.0]]]},"properties":{"variable":"swh","unit":"m","hvalue":3.0,"min":3.0,"max":4.0,"label":"3–4 m","color":"#34cc99","band":3}},{"type":"Feature","geometry":{"type":"Polygon","coordinates":[[[67.801,-14.75],[67.75,-14.756],[67.75,-14.728],[67.801,-14.75]]]},"properties":{"variable":"swh","unit":"m","hvalue":3.0,"min":3.0,"max":4.0,"label":"3–4 m","color":"#34cc99","band":3}},{"type":"Feature","geometry":{"type":"Polygon","coordinates":[[[83.25,-10.746],[82.75,-10.576],[82.5,-10.313],[81.817,-10.0],[81.572,-9.75],[81.479,-9.25],[82.25,-9.089],[82.5,-9.108],[83.25,-8.803],[84.0,-8.655],[84.75,-8.774],[85.25,-8.635],[85.5,-8.465],[86.09,-8.5],[86.413,-8.75],[86.726,-9.25],[86.931,-9.75],[86.97,-10.0],[86.856,-10.25],[86.388,-10.5],[85.899,-11.0],[85.5,-11.046],[83.75,-10.768],[83.25,-10.746]]]},"properties":{"variable":"swh","unit":"m","hvalue":3.0,"min":3.0,"max":4.0,"label":"3–4 m","color":"#34cc99","band":3}},{"type":"Feature","geometry":{"type":"Polygon","coordinates":[[[116.017,-9.0],[116.0,-9.083],[115.939,-9.0],[116.017,-9.0]]]},"properties":{"variable":"swh","unit":"m","hvalue":3.0,"min":3.0,"max":4.0,"label":"3–4 m","color":"#34cc99","band":3}},{"type":"Feature","geometry":{"type":"Polygon","coordinates":[[[94.5,-7.685],[94.596,-7.75],[94.5,-7.968],[94.309,-7.75],[94.5,-7.685]]]},"properties":{"variable":"swh","unit":"m","hvalue":3.0,"min":3.0,"max":4.0,"label":"3–4 m","color":"#34cc99","band":3}},{"type":"Feature","geometry":{"type":"Polygon","coordinates":[[[94.75,-6.165],[95.0,-6.138],[95.083,-6.25],[94.75,-6.324],[94.647,-6.25],[94.75,-6.165]]]},"properties":{"variable":"swh","unit":"m","hvalue":3.0,"min":3.0,"max":4.0,"label":"3–4 m","color":"#34cc99","band":3}},{"type":"Feature","geometry":{"type":"Polygon","coordinates":[[[-159.25,13.707],[-159.977,14.0],[-160.297,14.5],[-160.75,14.897],[-161.25,15.227],[-161.75,15.192],[-162.25,15.902],[-163.0,16.442],[-163.5,16.696],[-164.327,16.75],[-164.75,17.151],[-165.0,17.295],[-165.25,17.278],[-166.0,16.858],[-167.25,16.322],[-167.5,16.562],[-167.595,16.75],[-167.643,17.0],[-167.454,17.5],[-167.603,17.75],[-168.138,18.0],[-168.25,18.25],[-168.5,18.516],[-169.25,18.547],[-169.5,18.73],[-169.75,19.326],[-170.75,19.695],[-172.0,20.452],[-172.801,20.75],[-173.0,20.864],[-173.269,21.25],[-173.547,21.5],[-175.103,22.25],[-175.307,22.5],[-175.363,23.25],[-175.25,23.449],[-175.0,23.528],[-174.75,23.522],[-174.0,23.367],[-172.75,22.686],[-172.0,22.462],[-171.649,22.0],[-171.423,21.25],[-171.0,20.828],[-170.5,20.581],[-169.75,20.396],[-169.25,20.123],[-169.0,20.183],[-168.921,20.25],[-168.853,20.5],[-168.835,21.25],[-169.39,21.75],[-169.868,22.0],[-170.122,22.25],[-169.97,22.5],[-169.698,22.75],[-169.75,23.085],[-169.866,23.25],[-170.964,23.75],[-170.75,23.786],[-170.5,23.974],[-170.369,24.25],[-170.0,24.488],[-169.398,24.75],[-169.279,25.0],[-169.374,25.25],[-169.345,25.5],[-169.404,25.75],[-169.25,25.937],[-168.75,26.148],[-168.25,26.493],[-167.5,26.523],[-167.315,26.75],[-167.246,27.0],[-167.298,27.25],[-167.152,27.75],[-167.146,28.0],[-167.268,28.25],[-166.75,28.653],[-166.5,28.634],[-166.14,28.5],[-166.056,28.25],[-166.097,27.75],[-166.0,27.59],[-165.75,27.492],[-165.25,27.633],[-165.147,27.75],[-165.123,28.0],[-165.246,28.25],[-164.975,28.5],[-164.399,28.75],[-164.0,29.057],[-163.617,29.75],[-163.824,30.25],[-163.0,30.894],[-162.75,31.278],[-162.0,31.545],[-161.0,31.737],[-160.0,31.742],[-159.25,31.92],[-159.123,32.0],[-158.998,32.25],[-158.75,32.36],[-157.75,32.399],[-157.25,32.147],[-157.0,32.16],[-156.0,31.841],[-155.0,31.726],[-153.0,30.779],[-152.5,30.709],[-150.75,29.889],[-150.5,29.69],[-150.225,29.25],[-149.684,28.75],[-148.823,27.75],[-148.687,27.5],[-148.047,27.0],[-147.838,26.75],[-147.933,26.25],[-147.864,25.75],[-147.765,25.5],[-147.227,24.75],[-147.096,24.25],[-147.172,24.0],[-147.75,23.693],[-149.5,23.583],[-150.25,23.604],[-151.0,23.879],[-151.5,23.945],[-152.167,23.75],[-152.75,23.338],[-153.0,23.251],[-153.5,23.195],[-155.0,23.423],[-155.5,23.351],[-155.75,23.197],[-155.94,23.0],[-156.04,22.75],[-156.009,22.25],[-156.165,22.0],[-157.0,21.428],[-157.116,21.25],[-156.995,21.0],[-156.25,20.5],[-156.106,20.644],[-156.0,20.627],[-155.792,20.75],[-155.75,20.842],[-155.5,20.794],[-155.478,20.75],[-155.693,20.5],[-155.99,20.25],[-156.25,19.75],[-156.054,19.554],[-156.0,19.0],[-155.75,18.75],[-155.66,18.84],[-155.5,18.842],[-154.5,19.25],[-154.0,19.24],[-153.574,19.0],[-153.524,18.75],[-153.903,18.0],[-153.921,17.25],[-154.5,16.637],[-154.965,16.25],[-155.183,16.0],[-155.299,15.75],[-155.375,15.5],[-155.117,15.0],[-154.943,14.25],[-154.918,14.0],[-155.004,13.75],[-155.5,13.507],[-156.75,13.496],[-157.0,13.424],[-157.5,13.13],[-157.75,13.078],[-158.0,13.059],[-158.515,13.25],[-159.25,13.707]],[[-157.812,21.438],[-157.654,21.5],[-157.75,21.685],[-158.25,21.75],[-158.5,21.5],[-158.25,21.25],[-158.0,21.25],[-157.812,21.438]],[[-156.75,20.75],[-157.0,21.0],[-157.25,20.75],[-157.0,20.5],[-156.75,20.75]],[[-167.822,25.0],[-168.0,25.211],[-168.25,25.206],[-168.967,25.0],[-168.0,24.767],[-167.822,25.0]],[[-166.25,23.787],[-166.299,23.75],[-166.219,23.75],[-166.25,23.787]],[[-159.25,22.0],[-159.5,22.298],[-159.75,22.25],[-160.0,22.0],[-159.75,21.75],[-159.5,21.75],[-159.25,22.0]]]},"properties":{"variable":"swh","unit":"m","hvalue":3.0,"min":3.0,"max":4.0,"label":"3–4 m","color":"#34cc99","band":3}},{"type":"Feature","geometry":{"type":"Polygon","coordinates":[[[-27.922,20.75],[-28.076,21.25],[-28.223,21.5],[-28.187,21.75],[-28.284,22.0],[-28.102,22.5],[-27.847,22.75],[-27.25,23.937],[-26.848,24.5],[-26.5,24.866],[-26.25,24.983],[-25.5,25.145],[-24.376,24.5],[-24.25,24.245],[-23.986,24.0],[-23.95,23.75],[-24.022,23.25],[-24.007,22.5],[-23.831,21.75],[-23.955,21.25],[-24.25,20.745],[-24.592,20.5],[-25.0,20.317],[-25.75,20.291],[-26.5,20.098],[-27.0,20.121],[-27.384,20.25],[-27.922,20.75]]]},"properties":{"variable":"swh","unit":"m","hvalue":3.0,"min":3.0,"max":4.0,"label":"3–4 m","color":"#34cc99","band":3}},{"type":"Feature","geometry":{"type":"Polygon","coordinates":[[[-130.0,22.426],[-130.75,22.389],[-131.0,22.457],[-132.442,23.0],[-132.948,23.25],[-133.5,23.688],[-133.61,24.25],[-133.892,24.75],[-133.962,25.0],[-133.926,25.5],[-133.638,26.0],[-133.802,26.25],[-133.588,26.5],[-133.5,26.926],[-133.295,27.25],[-132.5,27.494],[-131.75,27.837],[-130.919,28.5],[-129.0,28.89],[-127.5,28.822],[-126.75,28.883],[-125.826,28.5],[-124.75,27.71],[-124.247,26.75],[-124.08,26.0],[-124.099,25.5],[-124.443,24.75],[-125.048,24.0],[-125.148,23.5],[-125.75,22.803],[-126.5,22.394],[-127.25,22.13],[-128.756,22.0],[-130.0,22.426]],[[-126.743,25.0],[-127.0,25.004],[-126.75,24.977],[-126.743,25.0]]]},"properties":{"variable":"swh","unit":"m","hvalue":3.0,"min":3.0,"max":4.0,"label":"3–4 m","color":"#34cc99","band":3}},{"type":"Feature","geometry":{"type":"Polygon","coordinates":[[[-171.25,23.757],[-171.083,23.75],[-171.25,23.712],[-171.355,23.75],[-171.25,23.757]]]},"properties":{"variable":"swh","unit":"m","hvalue":3.0,"min":3.0,"max":4.0,"label":"3–4 m","color":"#34cc99","band":3}},{"type":"Feature","geometry":{"type":"Polygon","coordinates":[[[137.481,28.25],[137.483,28.75],[137.75,28.846],[138.0,28.811],[138.25,28.926],[138.5,28.746],[138.575,28.5],[138.804,28.25],[138.808,28.0],[138.5,27.73],[137.97,27.5],[137.481,28.25]]]},"properties":{"variable":"swh","unit":"m","hvalue":3.0,"min":3.0,"max":4.0,"label":"3–4 m","color":"#34cc99","band":3}},{"type":"Feature","geometry":{"type":"Polygon","coordinates":[[[138.351,31.25],[138.25,31.422],[137.554,31.75],[137.5,31.906],[137.482,32.0],[137.691,32.25],[138.25,32.546],[138.5,32.577],[138.782,32.5],[139.0,32.285],[139.25,32.227],[139.5,32.063],[139.734,31.75],[139.758,31.5],[139.404,31.0],[139.0,30.634],[138.75,30.473],[138.5,30.63],[138.351,31.25]]]},"properties":{"variable":"swh","unit":"m","hvalue":3.0,"min":3.0,"max":4.0,"label":"3–4 m","color":"#34cc99","band":3}},{"type":"Feature","geometry":{"type":"Polygon","coordinates":[[[133.25,31.04],[133.007,31.5],[132.904,31.75],[133.0,31.966],[133.25,32.119],[134.0,32.209],[134.5,32.132],[134.841,32.0],[134.971,31.75],[134.891,31.5],[134.702,31.25],[134.0,30.777],[133.75,30.706],[133.557,30.75],[133.25,31.04]]]},"properties":{"variable":"swh","unit":"m","hvalue":3.0,"min":3.0,"max":4.0,"label":"3–4 m","color":"#34cc99","band":3}},{"type":"Feature","geometry":{"type":"Polygon","coordinates":[[[-76.928,33.0],[-76.454,33.25],[-76.25,33.322],[-76.0,33.315],[-75.937,33.25],[-76.25,32.902],[-77.0,32.705],[-77.073,32.75],[-76.928,33.0]]]},"properties":{"variable":"swh","unit":"m","hvalue":3.0,"min":3.0,"max":4.0,"label":"3–4 m","color":"#34cc99","band":3}},{"type":"Feature","geometry":{"type":"Polygon","coordinates":[[[-48.405,36.5],[-48.25,36.614],[-47.5,36.902],[-46.75,36.939],[-46.484,36.75],[-46.649,36.5],[-46.75,36.454],[-47.5,36.309],[-48.0,36.11],[-48.25,36.091],[-48.543,36.25],[-48.405,36.5]]]},"properties":{"variable":"swh","unit":"m","hvalue":3.0,"min":3.0,"max":4.0,"label":"3–4 m","color":"#34cc99","band":3}},{"type":"Feature","geometry":{"type":"Polygon","coordinates":[[[152.122,36.75],[151.825,37.0],[151.663,37.25],[151.95,37.75],[151.75,37.809],[151.25,37.793],[150.5,37.959],[150.0,37.87],[147.75,37.126],[147.25,36.666],[147.0,36.634],[146.75,36.718],[146.687,36.75],[146.75,37.035],[146.5,37.039],[145.784,36.75],[145.47,36.5],[145.52,37.0],[145.929,37.75],[146.25,38.109],[146.515,38.25],[146.691,38.5],[146.854,39.5],[146.57,40.75],[146.171,41.25],[146.081,41.5],[146.108,42.0],[145.503,42.75],[145.711,43.0],[146.0,43.123],[146.464,43.5],[146.75,43.5],[147.0,43.75],[146.904,43.846],[146.928,44.0],[146.838,44.25],[147.1,44.5],[147.25,44.5],[147.5,44.75],[148.0,44.75],[148.5,45.25],[148.466,45.284],[148.75,45.25],[149.0,45.5],[148.927,45.573],[149.0,45.675],[149.25,45.712],[149.5,45.606],[149.631,45.619],[149.75,45.5],[150.25,46.0],[150.178,46.072],[150.5,46.186],[150.859,46.5],[151.0,46.782],[151.25,46.917],[152.0,46.813],[152.25,47.047],[153.0,47.29],[154.25,47.509],[155.515,47.5],[155.245,47.25],[155.444,47.0],[156.379,46.75],[158.268,46.0],[159.603,44.75],[160.126,44.0],[160.155,43.0],[160.107,42.75],[160.01,42.5],[159.821,42.25],[159.48,42.0],[159.472,41.75],[159.052,41.0],[159.159,40.25],[158.75,39.722],[158.25,39.446],[157.5,39.459],[157.37,39.25],[157.624,39.0],[157.788,38.5],[157.565,38.25],[157.211,38.0],[157.0,37.698],[156.596,37.5],[156.678,37.25],[156.5,37.155],[155.75,37.496],[155.5,37.525],[154.5,37.408],[154.0,37.246],[153.12,36.5],[152.75,36.29],[152.5,36.201],[152.404,36.25],[152.122,36.75]],[[156.309,37.75],[156.25,37.759],[156.25,37.736],[156.309,37.75]],[[158.082,39.75],[157.975,39.75],[158.0,39.711],[158.082,39.75]]]},"properties":{"variable":"swh","unit":"m","hvalue":3.0,"min":3.0,"max":4.0,"label":"3–4 m","color":"#34cc99","band":3}},{"type":"Feature","geometry":{"type":"Polygon","coordinates":[[[-47.25,38.114],[-46.98,38.25],[-47.097,38.5],[-47.131,39.0],[-46.924,39.25],[-46.5,39.482],[-45.75,39.746],[-44.942,39.75],[-44.831,39.5],[-45.09,39.0],[-45.5,38.62],[-45.911,38.5],[-46.126,38.25],[-45.929,38.0],[-46.5,37.309],[-46.75,37.067],[-47.0,37.041],[-47.25,37.08],[-47.583,37.75],[-47.25,38.114]],[[-46.191,38.5],[-46.363,38.5],[-46.25,38.42],[-46.191,38.5]]]},"properties":{"variable":"swh","unit":"m","hvalue":3.0,"min":3.0,"max":4.0,"label":"3–4 m","color":"#34cc99","band":3}},{"type":"Feature","geometry":{"type":"Polygon","coordinates":[[[128.516,39.5],[129.25,39.851],[129.75,39.802],[130.059,39.5],[129.511,39.25],[128.75,39.177],[128.52,39.25],[128.516,39.5]]]},"properties":{"variable":"swh","unit":"m","hvalue":3.0,"min":3.0,"max":4.0,"label":"3–4 m","color":"#34cc99","band":3}},{"type":"Feature","geometry":{"type":"Polygon","coordinates":[[[130.0,40.273],[130.034,40.25],[129.75,40.163],[129.726,40.25],[130.0,40.273]]]},"properties":{"variable":"swh","unit":"m","hvalue":3.0,"min":3.0,"max":4.0,"label":"3–4 m","color":"#34cc99","band":3}},{"type":"Feature","geometry":{"type":"Polygon","coordinates":[[[-173.116,41.75],[-172.75,41.877],[-172.25,42.212],[-170.75,43.583],[-169.75,44.049],[-169.58,44.0],[-169.439,43.75],[-169.75,43.678],[-170.227,43.0],[-170.549,42.75],[-171.0,42.086],[-171.5,41.56],[-171.75,41.462],[-172.0,41.553],[-172.25,41.527],[-172.5,41.201],[-172.75,41.066],[-173.389,41.5],[-173.116,41.75]]]},"properties":{"variable":"swh","unit":"m","hvalue":3.0,"min":3.0,"max":4.0,"label":"3–4 m","color":"#34cc99","band":3}},{"type":"Feature","geometry":{"type":"Polygon","coordinates":[[[-169.25,44.116],[-169.133,44.0],[-169.25,43.914],[-169.41,44.0],[-169.25,44.116]]]},"properties":{"variable":"swh","unit":"m","hvalue":3.0,"min":3.0,"max":4.0,"label":"3–4 m","color":"#34cc99","band":3}},{"type":"Feature","geometry":{"type":"Polygon","coordinates":[[[-7.432,47.25],[-7.226,47.5],[-7.336,47.75],[-7.288,48.0],[-6.777,48.25],[-6.25,48.327],[-5.75,48.304],[-5.25,48.048],[-4.994,47.75],[-4.968,47.25],[-5.5,46.921],[-6.0,47.013],[-7.0,46.952],[-7.389,47.0],[-7.432,47.25]]]},"properties":{"variable":"swh","unit":"m","hvalue":3.0,"min":3.0,"max":4.0,"label":"3–4 m","color":"#34cc99","band":3}},{"type":"Feature","geometry":{"type":"Polygon","coordinates":[[[-15.5,49.864],[-18.25,50.319],[-19.25,50.424],[-19.5,50.559],[-19.992,51.0],[-20.508,51.75],[-20.75,51.947],[-21.0,52.053],[-21.5,52.123],[-22.0,52.077],[-22.144,52.0],[-22.5,51.598],[-22.709,52.0],[-23.048,52.25],[-23.254,52.5],[-23.398,53.0],[-23.419,53.25],[-23.347,53.5],[-22.604,54.5],[-22.25,54.614],[-21.5,54.674],[-21.316,54.75],[-21.684,55.5],[-21.7,55.75],[-21.57,56.25],[-21.415,56.5],[-21.25,56.628],[-20.721,56.75],[-20.165,57.0],[-19.373,57.25],[-18.774,57.75],[-18.266,58.0],[-18.16,58.25],[-18.405,58.5],[-18.395,58.75],[-16.75,59.6],[-15.5,60.098],[-14.5,60.716],[-13.0,61.224],[-11.5,61.826],[-9.783,62.25],[-8.75,62.671],[-8.25,62.781],[-7.75,62.759],[-7.594,62.5],[-7.691,62.0],[-7.384,61.0],[-7.25,60.855],[-7.0,60.724],[-6.0,60.449],[-5.956,60.25],[-5.681,60.0],[-5.25,59.859],[-4.75,59.843],[-3.496,60.5],[-3.19,60.75],[-4.0,60.787],[-5.25,60.651],[-5.464,60.75],[-5.158,61.25],[-3.776,62.0],[-3.131,62.25],[-2.5,62.408],[-2.0,62.627],[-0.25,63.708],[0.25,63.677],[0.5,63.727],[1.5,64.135],[2.0,64.007],[2.75,64.043],[4.25,63.915],[4.849,63.75],[4.571,63.5],[1.334,62.75],[-0.057,62.25],[-0.544,62.0],[-0.25,61.896],[0.0,61.89],[1.25,62.028],[2.403,62.0],[1.75,61.918],[1.464,61.75],[0.25,61.621],[-0.5,61.42],[-0.75,61.416],[-1.25,61.57],[-1.75,61.404],[-2.229,61.0],[-2.0,60.898],[-1.863,60.75],[-1.786,60.5],[-1.979,60.25],[-1.647,60.0],[-1.714,59.75],[-2.25,59.678],[-3.25,59.763],[-3.5,59.665],[-3.648,59.5],[-4.5,59.402],[-4.75,59.168],[-4.793,59.0],[-4.74,58.75],[-5.0,58.75],[-5.25,58.5],[-5.25,58.38],[-5.5,58.32],[-6.0,58.505],[-6.75,58.5],[-7.25,58.0],[-7.142,57.892],[-7.5,57.5],[-7.5,57.25],[-7.399,57.149],[-7.426,57.0],[-7.25,56.807],[-6.75,56.837],[-6.483,56.75],[-6.75,56.691],[-6.862,56.5],[-6.75,56.399],[-6.5,56.378],[-6.069,56.0],[-6.5,56.0],[-6.75,55.75],[-6.5,55.5],[-6.668,55.332],[-6.823,55.323],[-7.0,55.5],[-7.75,55.5],[-8.0,55.25],[-8.5,55.25],[-9.0,54.75],[-8.75,54.5],[-10.0,54.5],[-10.25,54.25],[-10.174,54.174],[-10.212,54.0],[-10.16,53.75],[-10.25,53.5],[-9.714,53.0],[-9.675,52.825],[-10.0,52.47],[-10.601,52.0],[-10.25,51.378],[-9.832,51.0],[-9.685,50.75],[-9.522,50.0],[-10.0,49.767],[-11.0,49.55],[-11.75,49.688],[-12.5,49.66],[-13.18,49.75],[-15.5,49.864]]]},"properties":{"variable":"swh","unit":"m","hvalue":3.0,"min":3.0,"max":4.0,"label":"3–4 m","color":"#34cc99","band":3}},{"type":"Feature","geometry":{"type":"Polygon","coordinates":[[[-53.5,51.417],[-53.785,51.5],[-53.748,51.75],[-53.463,52.0],[-53.0,52.103],[-51.5,53.654],[-50.75,54.143],[-50.25,54.585],[-49.75,54.853],[-47.75,55.36],[-47.209,55.25],[-47.0,55.018],[-46.75,54.904],[-46.25,54.782],[-45.25,54.677],[-44.74,54.5],[-44.708,54.25],[-45.0,53.759],[-45.599,53.25],[-45.725,53.0],[-46.0,52.931],[-46.25,52.742],[-46.5,52.637],[-46.75,52.672],[-46.806,52.75],[-46.25,53.073],[-46.176,53.25],[-46.5,53.491],[-46.75,53.906],[-47.0,53.964],[-47.5,53.891],[-47.75,53.747],[-48.25,53.129],[-48.5,53.031],[-49.0,53.05],[-49.25,52.885],[-50.065,52.0],[-51.5,51.071],[-52.0,50.928],[-52.742,51.0],[-53.5,51.417]]]},"properties":{"variable":"swh","unit":"m","hvalue":3.0,"min":3.0,"max":4.0,"label":"3–4 m","color":"#34cc99","band":3}},{"type":"Feature","geometry":{"type":"Polygon","coordinates":[[[-166.25,52.067],[-167.064,52.5],[-167.267,52.75],[-166.8,53.0],[-165.559,53.5],[-164.007,54.0],[-163.5,54.286],[-162.25,54.333],[-160.75,54.777],[-159.985,54.75],[-159.5,54.604],[-158.75,54.627],[-158.457,54.5],[-158.559,54.25],[-159.427,53.5],[-160.25,52.339],[-160.627,52.0],[-161.0,51.798],[-164.0,51.023],[-164.5,51.048],[-165.094,51.25],[-166.25,52.067]]]},"properties":{"variable":"swh","unit":"m","hvalue":3.0,"min":3.0,"max":4.0,"label":"3–4 m","color":"#34cc99","band":3}},{"type":"Feature","geometry":{"type":"Polygon","coordinates":[[[146.75,51.804],[146.77,51.75],[146.712,51.75],[146.75,51.804]]]},"properties":{"variable":"swh","unit":"m","hvalue":3.0,"min":3.0,"max":4.0,"label":"3–4 m","color":"#34cc99","band":3}},{"type":"Feature","geometry":{"type":"Polygon","coordinates":[[[147.671,52.0],[148.0,52.437],[148.5,52.533],[148.77,52.5],[148.885,52.25],[148.653,52.0],[147.71,51.75],[147.671,52.0]]]},"properties":{"variable":"swh","unit":"m","hvalue":3.0,"min":3.0,"max":4.0,"label":"3–4 m","color":"#34cc99","band":3}},{"type":"Feature","geometry":{"type":"Polygon","coordinates":[[[-38.591,52.5],[-38.5,52.529],[-38.25,52.527],[-37.715,52.25],[-38.25,52.111],[-38.58,52.25],[-38.591,52.5]]]},"properties":{"variable":"swh","unit":"m","hvalue":3.0,"min":3.0,"max":4.0,"label":"3–4 m","color":"#34cc99","band":3}},{"type":"Feature","geometry":{"type":"Polygon","coordinates":[[[-6.25,55.5],[-6.049,55.5],[-6.369,55.369],[-6.5,55.5],[-6.25,55.5]]]},"properties":{"variable":"swh","unit":"m","hvalue":3.0,"min":3.0,"max":4.0,"label":"3–4 m","color":"#34cc99","band":3}},{"type":"Feature","geometry":{"type":"Polygon","coordinates":[[[-56.75,56.0],[-56.422,56.25],[-55.5,56.487],[-55.0,56.388],[-54.81,56.0],[-54.912,55.75],[-55.0,55.704],[-56.138,55.75],[-56.75,56.0]]]},"properties":{"variable":"swh","unit":"m","hvalue":3.0,"min":3.0,"max":4.0,"label":"3–4 m","color":"#34cc99","band":3}},{"type":"Feature","geometry":{"type":"Polygon","coordinates":[[[-5.75,60.521],[-5.648,60.5],[-5.75,60.474],[-5.919,60.5],[-5.75,60.521]]]},"properties":{"variable":"swh","unit":"m","hvalue":3.0,"min":3.0,"max":4.0,"label":"3–4 m","color":"#34cc99","band":3}},{"type":"Feature","geometry":{"type":"Polygon","coordinates":[[[-4.076,64.5],[-3.645,64.75],[-3.545,65.0],[-3.578,65.5],[-5.0,65.904],[-5.138,66.0],[-5.28,66.25],[-5.369,66.75],[-5.334,67.0],[-5.179,67.25],[-4.0,68.089],[-3.5,68.27],[-2.25,68.536],[-1.25,68.87],[-0.75,68.935],[-0.25,68.894],[0.043,68.75],[0.109,68.5],[-0.001,68.0],[0.5,67.72],[0.759,67.5],[0.828,67.25],[1.566,66.75],[1.325,66.5],[0.885,66.25],[0.718,66.0],[0.687,65.75],[0.537,65.5],[0.281,65.25],[-0.175,65.0],[-1.0,64.669],[-2.641,64.25],[-3.75,64.109],[-4.038,64.25],[-4.076,64.5]]]},"properties":{"variable":"swh","unit":"m","hvalue":3.0,"min":3.0,"max":4.0,"label":"3–4 m","color":"#34cc99","band":3}},{"type":"Feature","geometry":{"type":"Polygon","coordinates":[[[-72.927,74.75],[-72.5,74.859],[-71.75,74.829],[-71.155,74.75],[-70.611,74.5],[-71.25,74.429],[-72.067,74.5],[-72.927,74.75]]]},"properties":{"variable":"swh","unit":"m","hvalue":3.0,"min":3.0,"max":4.0,"label":"3–4 m","color":"#34cc99","band":3}},{"type":"Feature","geometry":{"type":"Polygon","coordinates":[[[132.75,-63.838],[132.0,-63.879],[130.5,-64.108],[129.0,-64.078],[128.0,-64.186],[127.25,-64.196],[126.25,-64.16],[124.0,-63.913],[121.567,-63.75],[120.5,-63.49],[120.0,-63.177],[119.524,-63.0],[119.407,-62.75],[118.75,-62.68],[118.516,-62.5],[116.5,-62.292],[114.75,-62.215],[112.881,-61.75],[111.75,-61.256],[111.25,-61.197],[108.75,-61.284],[108.5,-61.265],[108.25,-61.097],[107.25,-61.039],[106.25,-61.499],[106.0,-61.529],[104.75,-61.331],[102.5,-61.277],[102.0,-61.379],[101.89,-61.5],[100.25,-61.864],[99.728,-61.75],[99.911,-61.5],[100.0,-61.114],[100.148,-61.0],[100.0,-60.911],[99.938,-60.75],[99.5,-60.571],[98.5,-60.52],[98.0,-60.365],[96.5,-60.374],[94.0,-60.546],[93.25,-60.809],[92.924,-61.0],[92.5,-61.084],[92.25,-61.097],[92.0,-60.918],[91.75,-60.838],[91.25,-60.791],[89.644,-61.0],[88.5,-61.009],[88.25,-60.954],[88.0,-60.623],[86.564,-60.25],[86.673,-60.0],[86.635,-59.75],[86.5,-59.591],[84.5,-59.053],[83.75,-58.628],[83.5,-58.564],[81.75,-58.341],[79.256,-58.25],[77.25,-57.964],[75.0,-57.929],[74.5,-57.815],[73.903,-57.5],[73.0,-57.365],[69.5,-57.277],[67.0,-57.324],[66.25,-57.281],[65.75,-57.182],[64.75,-56.85],[63.75,-56.164],[63.25,-56.027],[62.5,-56.07],[61.0,-56.317],[60.25,-56.306],[59.423,-56.5],[59.25,-56.361],[59.125,-56.0],[58.928,-55.75],[58.5,-55.671],[57.0,-55.83],[55.75,-55.87],[55.0,-56.0],[53.5,-56.017],[51.75,-56.223],[51.653,-56.25],[51.13,-56.75],[50.25,-57.244],[45.977,-58.0],[45.25,-58.247],[44.75,-58.554],[44.0,-58.877],[43.0,-58.834],[42.0,-58.993],[41.0,-59.045],[40.0,-59.222],[39.5,-59.358],[38.25,-59.846],[36.93,-60.5],[35.83,-60.75],[33.5,-60.935],[32.75,-60.808],[31.25,-60.268],[30.5,-60.107],[30.0,-60.151],[29.75,-60.255],[28.5,-60.317],[28.0,-60.469],[27.014,-59.5],[26.208,-59.0],[25.683,-58.5],[25.368,-58.0],[24.121,-56.75],[23.425,-55.75],[23.45,-55.5],[24.164,-54.5],[24.845,-54.0],[24.976,-53.5],[24.888,-53.25],[24.163,-52.75],[24.629,-52.5],[26.0,-52.391],[26.568,-52.25],[26.5,-52.106],[26.0,-51.882],[25.95,-51.75],[26.518,-51.5],[27.25,-51.422],[27.45,-51.5],[27.5,-51.625],[27.776,-51.75],[28.5,-51.823],[28.924,-51.75],[28.892,-51.5],[28.024,-51.0],[28.016,-50.75],[28.25,-50.514],[28.5,-50.371],[29.5,-50.191],[30.0,-49.96],[30.5,-49.821],[32.5,-49.591],[33.097,-49.25],[33.5,-49.133],[34.75,-49.148],[35.25,-49.071],[35.404,-49.0],[35.265,-48.75],[35.333,-48.25],[36.75,-47.741],[37.0,-47.697],[38.5,-47.903],[39.162,-47.75],[39.522,-47.5],[39.5,-47.25],[40.369,-47.0],[40.58,-46.75],[40.859,-46.25],[41.75,-46.019],[42.25,-45.622],[43.5,-45.096],[44.0,-44.796],[44.217,-44.5],[44.25,-44.231],[45.0,-43.901],[46.647,-43.5],[47.5,-43.024],[48.5,-42.641],[48.777,-42.5],[49.554,-41.75],[49.5,-41.482],[49.25,-41.447],[48.75,-41.5],[49.0,-41.577],[49.225,-41.75],[47.5,-42.506],[46.75,-42.689],[46.438,-42.5],[46.5,-42.245],[46.069,-42.0],[46.216,-41.75],[46.0,-41.575],[45.75,-41.477],[45.509,-41.25],[45.527,-40.75],[45.25,-40.31],[44.5,-39.682],[43.983,-39.5],[43.885,-39.25],[43.958,-39.0],[44.25,-38.627],[44.5,-38.506],[44.75,-38.476],[45.5,-38.48],[45.75,-38.246],[45.976,-37.75],[46.33,-37.25],[46.724,-36.5],[46.785,-36.0],[46.684,-35.5],[46.5,-35.234],[46.25,-35.054],[44.917,-34.5],[44.605,-34.25],[44.725,-33.75],[44.619,-33.25],[44.5,-33.0],[44.0,-32.61],[43.534,-31.75],[43.285,-31.5],[42.75,-31.214],[42.5,-31.138],[42.0,-31.135],[41.839,-31.0],[41.75,-30.692],[41.326,-30.25],[41.197,-30.0],[41.464,-29.5],[41.406,-29.25],[41.25,-29.041],[41.0,-28.96],[40.75,-28.973],[40.25,-29.205],[39.75,-29.241],[39.0,-29.706],[38.75,-29.768],[38.5,-29.695],[38.373,-29.5],[38.368,-29.0],[38.729,-27.75],[37.75,-25.424],[37.5,-25.175],[37.184,-25.0],[36.828,-24.5],[36.75,-24.238],[36.6,-24.5],[36.254,-24.75],[36.0,-24.81],[35.746,-24.75],[35.621,-24.5],[35.636,-24.25],[35.891,-23.5],[36.0,-22.666],[36.25,-22.001],[36.259,-21.0],[36.373,-20.5],[36.5,-20.159],[36.75,-19.872],[37.0,-19.724],[37.5,-18.667],[37.75,-18.569],[38.0,-18.701],[38.25,-19.192],[38.75,-19.641],[39.0,-19.693],[39.75,-19.246],[40.25,-19.599],[40.5,-19.596],[41.0,-19.387],[41.25,-19.393],[41.5,-19.754],[41.798,-20.5],[42.0,-20.691],[42.75,-20.866],[43.0,-21.321],[43.039,-22.25],[43.25,-22.716],[43.25,-23.0],[43.335,-23.085],[43.5,-23.884],[43.5,-24.25],[43.75,-24.5],[43.75,-24.75],[44.25,-25.25],[44.697,-25.447],[45.0,-25.75],[45.5,-25.75],[45.75,-25.5],[46.0,-25.5],[46.25,-25.25],[47.0,-25.25],[47.25,-25.0],[47.25,-24.882],[47.5,-24.5],[47.924,-23.25],[48.084,-22.416],[48.25,-22.25],[48.25,-21.895],[48.33,-21.67],[48.5,-21.5],[48.5,-21.135],[48.75,-20.586],[49.0,-20.267],[50.25,-20.044],[52.0,-19.458],[52.25,-19.412],[52.69,-19.5],[53.25,-19.927],[53.5,-20.014],[54.0,-20.076],[54.75,-19.889],[55.0,-19.974],[55.131,-20.25],[55.162,-20.5],[55.05,-20.75],[55.061,-21.0],[55.5,-21.5],[55.75,-21.5],[56.0,-21.25],[55.949,-21.199],[56.0,-21.079],[56.5,-20.593],[57.0,-20.465],[57.312,-20.562],[57.5,-20.75],[57.701,-20.549],[58.0,-20.386],[58.5,-20.208],[58.75,-20.214],[59.5,-20.45],[62.5,-21.073],[63.75,-21.407],[64.25,-21.373],[65.0,-21.546],[65.5,-21.51],[66.5,-21.58],[66.75,-21.707],[67.02,-22.0],[67.25,-22.108],[67.5,-22.074],[67.75,-22.187],[68.032,-22.5],[68.5,-22.827],[68.75,-22.906],[69.25,-22.906],[69.5,-22.994],[70.0,-23.574],[70.25,-23.684],[70.5,-23.704],[70.75,-23.881],[70.982,-24.25],[71.093,-25.0],[71.187,-25.25],[71.342,-25.5],[71.802,-25.75],[72.0,-26.143],[72.25,-26.415],[73.406,-27.0],[74.0,-27.717],[74.689,-28.25],[76.0,-29.479],[76.762,-30.0],[77.003,-30.25],[77.126,-30.5],[78.328,-31.5],[79.252,-32.5],[81.0,-33.682],[81.594,-34.25],[82.47,-34.75],[83.0,-35.141],[83.5,-35.333],[84.25,-35.399],[84.75,-35.363],[85.25,-35.23],[86.038,-35.25],[86.394,-35.5],[87.25,-35.906],[87.738,-36.25],[88.5,-36.645],[90.25,-37.242],[91.075,-37.75],[91.75,-37.946],[92.5,-38.259],[93.25,-38.397],[94.75,-39.015],[95.75,-39.186],[96.802,-39.75],[97.443,-40.25],[97.75,-40.387],[99.25,-40.849],[100.5,-41.446],[101.75,-41.736],[102.361,-42.0],[103.75,-42.377],[105.0,-42.45],[106.25,-42.69],[107.5,-42.732],[108.25,-42.576],[108.5,-42.455],[109.293,-41.75],[109.704,-41.25],[109.95,-40.75],[110.72,-40.0],[111.0,-39.828],[111.877,-39.5],[111.947,-39.25],[111.5,-39.024],[111.25,-38.982],[109.75,-39.135],[108.444,-39.0],[108.75,-38.714],[109.25,-38.619],[109.75,-38.2],[110.534,-37.75],[110.25,-36.805],[110.0,-36.661],[109.5,-36.662],[109.0,-36.786],[107.75,-37.549],[107.0,-37.601],[106.83,-37.5],[107.25,-37.327],[107.5,-37.064],[108.037,-36.25],[109.305,-35.25],[109.508,-35.0],[109.75,-34.873],[110.25,-34.757],[110.75,-34.796],[111.25,-34.602],[112.0,-34.538],[112.5,-34.297],[113.0,-33.825],[113.685,-33.5],[114.25,-33.386],[114.437,-33.5],[114.364,-33.75],[114.625,-34.25],[114.905,-34.5],[115.5,-34.822],[116.414,-35.164],[116.5,-35.25],[118.0,-35.25],[119.0,-34.946],[120.25,-34.424],[121.25,-34.213],[123.287,-34.213],[123.5,-34.367],[123.75,-34.371],[124.5,-34.064],[124.833,-34.0],[125.75,-33.372],[126.25,-33.17],[127.0,-33.063],[128.5,-33.217],[128.75,-33.364],[129.395,-33.5],[129.581,-33.75],[129.52,-34.0],[128.962,-34.5],[128.87,-34.75],[129.0,-34.838],[129.25,-34.9],[130.0,-34.823],[130.5,-34.878],[130.554,-35.0],[131.25,-35.555],[132.25,-35.833],[133.0,-36.215],[133.651,-36.75],[134.308,-37.0],[135.0,-37.36],[135.5,-37.763],[136.25,-37.828],[137.0,-37.754],[138.75,-38.219],[139.25,-38.568],[139.5,-38.667],[140.5,-38.792],[141.25,-39.064],[142.0,-39.028],[142.25,-39.071],[143.0,-39.351],[143.5,-39.41],[143.627,-39.5],[143.75,-39.797],[143.75,-40.0],[144.0,-40.25],[144.118,-40.25],[144.5,-40.579],[144.5,-41.25],[144.75,-41.5],[144.75,-41.75],[145.084,-42.084],[145.097,-42.25],[145.25,-42.406],[145.25,-42.75],[146.25,-43.75],[146.75,-43.75],[146.832,-43.668],[147.0,-43.667],[147.168,-43.668],[147.25,-43.75],[147.43,-43.57],[147.75,-43.463],[148.25,-43.349],[149.5,-42.917],[150.0,-42.864],[151.0,-43.108],[152.5,-43.769],[153.25,-43.858],[154.0,-44.089],[155.0,-44.178],[155.5,-44.432],[156.25,-44.649],[156.437,-44.75],[156.614,-45.0],[156.682,-45.25],[156.916,-45.5],[157.354,-45.75],[157.965,-46.25],[158.224,-46.75],[158.465,-47.0],[159.789,-48.0],[161.486,-49.0],[161.702,-49.25],[162.5,-49.695],[162.75,-49.917],[163.5,-50.009],[163.75,-49.876],[163.837,-50.0],[165.25,-51.059],[165.5,-51.328],[165.75,-51.452],[166.048,-51.5],[166.338,-51.75],[166.776,-52.0],[167.546,-52.25],[169.0,-52.94],[170.41,-53.25],[171.25,-53.528],[171.653,-53.75],[171.795,-54.0],[172.0,-54.142],[172.5,-54.345],[173.25,-54.48],[173.315,-54.75],[174.0,-55.25],[174.017,-55.75],[174.246,-56.0],[175.25,-56.256],[176.0,-56.328],[176.75,-56.651],[177.75,-56.687],[178.0,-56.75],[178.109,-57.0],[178.087,-57.25],[177.977,-57.5],[178.657,-57.75],[178.64,-58.0],[178.5,-58.102],[177.587,-58.5],[176.917,-59.5],[176.453,-60.0],[176.0,-60.153],[174.75,-60.174],[174.0,-60.314],[173.5,-60.311],[172.079,-59.75],[172.211,-59.5],[172.801,-59.25],[172.547,-59.0],[171.87,-58.75],[171.122,-58.25],[171.25,-58.142],[171.718,-58.0],[171.5,-57.656],[171.162,-57.5],[171.255,-57.25],[170.942,-57.0],[170.915,-56.75],[170.75,-56.466],[169.723,-56.0],[168.0,-55.824],[166.5,-55.488],[164.5,-54.597],[163.564,-54.25],[163.659,-54.0],[163.25,-53.72],[162.5,-53.699],[161.5,-53.556],[160.25,-53.738],[159.75,-53.919],[159.238,-54.25],[159.0,-54.276],[158.773,-54.5],[158.736,-54.75],[159.0,-54.985],[159.223,-55.0],[159.708,-55.25],[159.966,-55.5],[160.056,-55.75],[160.5,-56.091],[160.898,-56.5],[161.334,-56.75],[161.486,-57.25],[161.983,-57.75],[162.115,-58.0],[162.5,-58.168],[163.25,-58.272],[163.979,-58.5],[164.142,-58.75],[164.0,-59.071],[163.52,-59.25],[163.25,-59.274],[162.0,-59.159],[161.25,-59.179],[160.0,-59.429],[159.25,-59.429],[158.792,-59.5],[158.447,-59.75],[158.521,-60.0],[157.897,-60.25],[157.75,-60.453],[157.65,-60.75],[156.25,-61.389],[155.454,-61.5],[154.75,-62.05],[154.301,-62.25],[152.5,-62.648],[151.75,-62.659],[151.25,-62.813],[149.851,-63.0],[145.5,-64.194],[144.25,-64.323],[140.25,-64.283],[138.5,-64.389],[137.25,-64.367],[135.25,-63.988],[132.75,-63.838]],[[47.734,-40.75],[47.96,-40.5],[47.75,-40.37],[47.482,-40.5],[47.294,-40.75],[47.5,-40.827],[47.734,-40.75]],[[49.833,-46.5],[49.75,-46.429],[49.653,-46.5],[49.75,-46.55],[49.833,-46.5]],[[50.87,-46.0],[50.5,-45.875],[50.279,-46.0],[50.5,-46.148],[50.87,-46.0]],[[52.511,-46.5],[52.625,-46.25],[52.5,-46.154],[52.25,-46.12],[51.796,-46.25],[51.783,-46.5],[52.0,-46.589],[52.511,-46.5]],[[69.377,-49.627],[69.5,-49.75],[69.595,-49.655],[70.25,-49.629],[70.471,-49.5],[70.61,-49.25],[70.5,-49.0],[70.25,-48.736],[69.75,-48.619],[69.0,-48.631],[68.75,-49.0],[68.75,-49.25],[69.0,-49.657],[69.377,-49.627]],[[73.648,-53.0],[73.5,-52.921],[73.378,-53.0],[73.5,-53.074],[73.648,-53.0]]]},"properties":{"variable":"swh","unit":"m","hvalue":4.0,"min":4.0,"max":5.0,"label":"4–5 m","color":"#6bff6b","band":4}},{"type":"Feature","geometry":{"type":"Polygon","coordinates":[[[-71.274,-59.5],[-71.138,-59.25],[-71.48,-59.0],[-72.025,-58.75],[-72.75,-58.659],[-73.118,-58.75],[-73.25,-58.889],[-73.503,-58.75],[-73.579,-58.5],[-72.924,-58.25],[-72.897,-58.0],[-72.779,-57.75],[-72.391,-57.5],[-72.0,-57.386],[-71.0,-56.892],[-70.44,-56.75],[-69.669,-56.25],[-68.793,-56.0],[-67.504,-55.996],[-67.0,-56.142],[-66.25,-56.131],[-64.743,-55.75],[-63.75,-55.647],[-62.0,-55.235],[-61.5,-55.226],[-61.0,-55.332],[-60.25,-55.08],[-59.598,-55.0],[-59.5,-54.823],[-59.0,-54.634],[-58.817,-54.5],[-58.692,-54.25],[-59.0,-54.131],[-59.11,-54.0],[-57.195,-52.5],[-56.959,-52.25],[-56.747,-51.75],[-54.75,-49.65],[-52.951,-48.5],[-52.75,-48.401],[-52.25,-48.347],[-52.0,-48.257],[-50.75,-47.696],[-50.25,-47.43],[-49.741,-47.0],[-49.615,-46.75],[-49.578,-46.5],[-49.848,-46.0],[-50.0,-45.5],[-49.705,-45.0],[-50.295,-44.75],[-50.25,-44.399],[-49.75,-44.465],[-49.25,-44.615],[-48.75,-44.523],[-48.036,-44.25],[-47.712,-44.0],[-47.598,-43.75],[-47.526,-43.5],[-47.796,-43.25],[-47.645,-43.0],[-46.676,-42.5],[-45.75,-41.8],[-45.445,-41.5],[-45.0,-41.254],[-44.75,-41.212],[-44.0,-41.34],[-43.75,-41.326],[-43.457,-41.25],[-42.75,-40.901],[-41.947,-40.25],[-41.926,-40.0],[-42.0,-39.929],[-42.25,-39.941],[-43.25,-40.329],[-43.5,-40.318],[-43.627,-40.25],[-43.677,-40.0],[-43.197,-39.5],[-43.0,-39.391],[-42.5,-39.403],[-42.0,-39.598],[-41.5,-39.54],[-41.0,-39.347],[-40.75,-39.345],[-40.64,-39.5],[-40.845,-40.0],[-40.75,-40.237],[-40.5,-40.285],[-40.25,-40.734],[-40.0,-40.787],[-39.5,-40.734],[-39.0,-40.811],[-38.748,-40.75],[-38.5,-40.315],[-38.363,-39.75],[-38.231,-39.5],[-37.945,-39.25],[-37.613,-38.75],[-37.5,-38.699],[-37.311,-38.75],[-37.412,-39.25],[-37.106,-39.25],[-36.25,-38.841],[-36.096,-39.0],[-35.882,-39.5],[-35.25,-39.735],[-35.0,-39.43],[-34.75,-39.428],[-34.609,-39.5],[-34.5,-39.675],[-34.0,-39.506],[-33.5,-39.205],[-33.0,-38.779],[-32.75,-38.681],[-31.5,-38.694],[-31.183,-39.0],[-31.16,-39.25],[-31.25,-39.506],[-31.0,-39.637],[-30.0,-39.414],[-29.25,-39.691],[-28.5,-39.709],[-28.0,-39.642],[-27.39,-39.75],[-27.357,-40.0],[-27.25,-40.091],[-26.407,-40.5],[-26.435,-40.75],[-26.59,-41.0],[-27.0,-41.358],[-27.612,-41.5],[-27.5,-41.628],[-27.296,-41.75],[-27.0,-41.766],[-26.25,-41.544],[-26.0,-41.613],[-25.929,-41.75],[-26.031,-42.0],[-26.006,-42.25],[-25.833,-42.5],[-25.25,-42.67],[-23.5,-42.61],[-23.131,-42.75],[-22.75,-43.085],[-22.662,-43.25],[-23.125,-44.0],[-23.098,-44.25],[-23.0,-44.381],[-22.72,-44.5],[-22.594,-44.75],[-22.533,-45.0],[-22.678,-45.25],[-23.0,-45.303],[-23.125,-45.25],[-23.331,-45.0],[-23.354,-44.75],[-23.5,-44.521],[-23.695,-44.75],[-24.129,-45.0],[-24.269,-45.25],[-24.366,-45.75],[-24.488,-46.0],[-24.25,-46.188],[-23.891,-46.25],[-23.75,-46.445],[-23.0,-46.478],[-22.25,-46.591],[-21.75,-46.559],[-21.0,-46.139],[-20.25,-46.047],[-20.0,-45.947],[-19.75,-45.717],[-18.914,-45.25],[-18.75,-45.067],[-18.5,-45.02],[-18.143,-45.25],[-18.177,-45.5],[-18.098,-46.0],[-18.168,-46.25],[-18.457,-46.5],[-19.231,-46.75],[-19.75,-47.237],[-20.0,-47.312],[-21.0,-47.072],[-21.25,-47.063],[-21.5,-47.138],[-21.842,-47.5],[-21.901,-47.75],[-22.949,-48.5],[-22.852,-48.75],[-22.46,-49.0],[-22.464,-49.25],[-22.273,-49.5],[-22.101,-50.0],[-21.784,-50.25],[-21.679,-50.5],[-21.721,-50.75],[-21.682,-51.0],[-21.817,-51.25],[-21.514,-51.5],[-21.487,-51.75],[-21.75,-51.886],[-22.0,-51.894],[-22.371,-51.75],[-21.87,-51.5],[-22.144,-51.25],[-22.011,-51.0],[-22.043,-50.75],[-22.5,-50.697],[-23.318,-51.0],[-23.271,-51.25],[-22.689,-51.75],[-23.0,-52.028],[-23.25,-52.094],[-23.75,-51.932],[-24.5,-51.856],[-25.5,-51.902],[-25.814,-52.0],[-25.955,-52.25],[-25.981,-52.5],[-26.5,-52.841],[-29.0,-52.914],[-30.0,-52.681],[-30.5,-52.655],[-30.75,-52.723],[-31.0,-52.988],[-31.25,-53.101],[-31.891,-53.25],[-34.5,-53.335],[-37.243,-53.75],[-37.75,-53.75],[-37.826,-53.826],[-38.0,-53.843],[-38.179,-54.0],[-38.0,-54.208],[-37.811,-54.25],[-37.977,-54.5],[-39.071,-55.25],[-39.352,-55.5],[-39.516,-55.75],[-39.314,-56.0],[-39.209,-56.25],[-39.364,-56.5],[-39.5,-56.58],[-40.0,-56.777],[-42.559,-57.25],[-44.25,-57.636],[-45.0,-57.719],[-45.75,-57.937],[-46.5,-57.997],[-47.75,-57.913],[-48.5,-57.931],[-49.25,-57.799],[-49.75,-57.785],[-50.75,-58.032],[-51.25,-58.048],[-51.645,-58.0],[-51.591,-57.75],[-51.75,-57.698],[-53.5,-57.529],[-54.127,-57.25],[-54.0,-57.108],[-53.609,-57.0],[-54.75,-56.96],[-55.5,-57.299],[-56.25,-57.328],[-56.673,-57.25],[-56.281,-57.0],[-56.75,-56.787],[-57.5,-56.714],[-59.25,-56.822],[-60.0,-56.755],[-60.25,-56.83],[-60.427,-57.0],[-60.926,-57.25],[-62.5,-57.451],[-63.5,-57.771],[-64.25,-57.931],[-65.04,-58.25],[-65.844,-58.75],[-67.074,-59.0],[-67.66,-59.25],[-68.0,-59.548],[-68.25,-59.473],[-68.5,-59.489],[-69.25,-59.681],[-69.75,-59.64],[-70.25,-59.75],[-70.772,-59.75],[-71.274,-59.5]],[[-61.372,-55.75],[-61.5,-55.664],[-61.75,-55.661],[-62.039,-55.75],[-61.75,-55.817],[-61.372,-55.75]],[[-34.722,-39.75],[-34.768,-39.75],[-34.75,-39.756],[-34.722,-39.75]],[[-26.623,-42.75],[-26.953,-42.75],[-26.75,-42.787],[-26.623,-42.75]],[[-24.0,-46.68],[-24.037,-46.75],[-23.983,-46.75],[-24.0,-46.68]]]},"properties":{"variable":"swh","unit":"m","hvalue":4.0,"min":4.0,"max":5.0,"label":"4–5 m","color":"#6bff6b","band":4}},{"type":"Feature","geometry":{"type":"Polygon","coordinates":[[[-143.332,-57.75],[-144.75,-57.59],[-146.0,-57.056],[-146.25,-56.888],[-146.75,-56.319],[-147.25,-55.882],[-147.75,-55.564],[-148.0,-55.503],[-149.25,-55.669],[-150.5,-55.562],[-152.5,-55.708],[-153.25,-55.89],[-153.75,-55.928],[-155.5,-55.706],[-156.75,-56.055],[-157.5,-56.065],[-157.927,-56.0],[-158.189,-55.75],[-158.25,-55.597],[-158.75,-55.259],[-158.962,-55.0],[-159.3,-54.75],[-159.44,-54.5],[-159.27,-54.25],[-159.209,-54.0],[-159.25,-53.895],[-159.5,-53.627],[-160.0,-53.49],[-160.271,-52.75],[-160.892,-52.0],[-160.805,-51.5],[-160.193,-50.75],[-160.139,-50.5],[-159.5,-50.123],[-159.16,-50.0],[-159.5,-49.921],[-160.0,-49.976],[-161.25,-50.375],[-161.5,-50.377],[-161.739,-50.25],[-161.209,-49.75],[-160.343,-48.75],[-159.466,-47.25],[-158.542,-46.25],[-156.371,-44.75],[-155.793,-44.25],[-155.382,-43.75],[-154.289,-43.0],[-153.75,-42.748],[-149.75,-41.656],[-148.75,-41.254],[-146.25,-40.939],[-145.75,-40.963],[-144.25,-41.209],[-143.25,-41.273],[-141.75,-41.646],[-139.75,-41.875],[-139.25,-41.821],[-138.75,-41.685],[-138.376,-41.5],[-138.25,-41.238],[-138.0,-41.156],[-137.563,-41.25],[-137.041,-41.5],[-135.75,-41.952],[-135.5,-42.002],[-134.5,-41.942],[-133.75,-42.077],[-132.5,-42.459],[-131.5,-42.563],[-130.613,-43.0],[-130.223,-43.5],[-129.75,-43.589],[-129.5,-43.529],[-129.25,-43.348],[-129.0,-43.396],[-128.75,-43.678],[-128.25,-44.56],[-128.042,-44.75],[-127.482,-45.0],[-127.297,-45.25],[-127.35,-45.5],[-126.49,-45.75],[-125.92,-46.25],[-125.453,-46.75],[-125.301,-47.0],[-124.945,-47.25],[-124.924,-47.5],[-125.351,-48.0],[-125.678,-48.25],[-126.0,-48.772],[-126.25,-48.95],[-126.444,-49.0],[-126.537,-49.25],[-127.5,-49.781],[-127.98,-50.25],[-128.931,-50.75],[-129.25,-50.832],[-131.5,-51.05],[-132.25,-51.18],[-134.25,-52.147],[-135.75,-52.553],[-136.019,-52.75],[-136.327,-53.25],[-136.613,-53.5],[-137.5,-54.138],[-138.75,-54.836],[-139.274,-55.25],[-139.474,-55.5],[-139.541,-55.75],[-139.994,-56.25],[-139.756,-56.75],[-139.838,-57.0],[-141.25,-57.463],[-142.165,-58.0],[-142.5,-58.051],[-142.917,-58.0],[-143.332,-57.75]]]},"properties":{"variable":"swh","unit":"m","hvalue":4.0,"min":4.0,"max":5.0,"label":"4–5 m","color":"#6bff6b","band":4}},{"type":"Feature","geometry":{"type":"Polygon","coordinates":[[[-177.228,-53.25],[-177.0,-52.966],[-176.377,-52.75],[-175.25,-52.584],[-174.5,-52.341],[-173.5,-52.294],[-171.75,-52.354],[-170.75,-52.612],[-169.865,-52.75],[-169.494,-53.0],[-169.288,-53.25],[-169.203,-53.75],[-169.75,-53.893],[-171.75,-53.917],[-174.0,-53.674],[-176.75,-53.947],[-177.054,-53.75],[-177.228,-53.25]]]},"properties":{"variable":"swh","unit":"m","hvalue":4.0,"min":4.0,"max":5.0,"label":"4–5 m","color":"#6bff6b","band":4}},{"type":"Feature","geometry":{"type":"Polygon","coordinates":[[[0.38,-51.25],[0.5,-51.053],[0.75,-51.045],[0.994,-51.5],[0.75,-51.719],[0.437,-51.5],[0.38,-51.25]]]},"properties":{"variable":"swh","unit":"m","hvalue":4.0,"min":4.0,"max":5.0,"label":"4–5 m","color":"#6bff6b","band":4}},{"type":"Feature","geometry":{"type":"Polygon","coordinates":[[[5.25,-51.159],[4.75,-51.061],[4.0,-51.268],[3.0,-51.361],[2.5,-51.36],[2.25,-51.281],[1.755,-50.75],[1.25,-50.403],[0.966,-50.0],[0.75,-49.471],[0.484,-49.25],[-0.345,-49.0],[-1.75,-48.954],[-3.0,-49.114],[-3.525,-49.25],[-3.75,-49.471],[-4.0,-49.59],[-5.0,-49.785],[-5.25,-49.771],[-5.5,-49.672],[-6.034,-49.25],[-6.5,-49.121],[-7.0,-48.863],[-8.234,-47.75],[-8.872,-46.75],[-9.699,-46.25],[-10.802,-45.25],[-10.814,-44.75],[-11.5,-44.498],[-12.75,-44.284],[-13.581,-44.0],[-13.719,-43.75],[-13.761,-43.5],[-14.5,-42.972],[-15.426,-42.0],[-15.588,-41.75],[-15.914,-41.5],[-17.5,-40.785],[-18.25,-40.734],[-18.691,-40.5],[-19.068,-40.0],[-18.893,-39.75],[-18.87,-39.5],[-18.99,-39.25],[-19.75,-39.191],[-19.972,-39.0],[-19.807,-38.75],[-19.057,-38.25],[-18.902,-38.0],[-19.38,-37.5],[-19.484,-37.25],[-19.422,-37.0],[-19.209,-36.75],[-19.142,-36.5],[-19.167,-36.25],[-18.946,-36.0],[-18.75,-35.911],[-14.75,-35.491],[-13.75,-35.152],[-13.583,-35.0],[-13.615,-34.75],[-13.75,-34.503],[-14.0,-34.342],[-14.25,-34.295],[-15.25,-34.485],[-15.5,-34.449],[-15.741,-34.25],[-15.659,-34.0],[-15.75,-33.935],[-16.25,-34.075],[-16.5,-34.074],[-16.803,-34.0],[-16.997,-33.75],[-16.731,-33.25],[-15.713,-32.75],[-15.261,-32.0],[-14.75,-31.78],[-14.412,-31.75],[-14.25,-31.831],[-14.022,-32.25],[-14.087,-32.5],[-14.377,-32.75],[-14.811,-33.0],[-15.25,-33.594],[-15.522,-33.75],[-15.5,-33.785],[-14.75,-33.637],[-14.0,-33.824],[-13.5,-33.786],[-12.25,-33.019],[-11.5,-32.864],[-11.25,-32.875],[-11.0,-32.975],[-10.617,-33.25],[-10.39,-33.5],[-10.354,-33.75],[-11.003,-34.0],[-11.25,-34.169],[-11.538,-34.5],[-12.293,-35.0],[-12.45,-35.25],[-12.25,-35.516],[-12.0,-35.534],[-11.75,-35.471],[-10.5,-34.883],[-9.949,-34.75],[-9.704,-34.5],[-9.674,-34.25],[-9.5,-34.05],[-9.0,-33.998],[-8.5,-34.082],[-7.0,-34.822],[-5.807,-35.75],[-4.94,-36.25],[-4.25,-37.02],[-3.926,-37.25],[-3.386,-37.5],[-3.01,-38.0],[-2.004,-38.5],[-1.0,-39.325],[-0.331,-39.75],[0.25,-39.986],[1.25,-40.083],[1.75,-40.226],[2.5,-40.5],[3.75,-41.149],[4.75,-41.406],[5.75,-41.814],[8.75,-42.117],[9.02,-42.25],[9.116,-42.75],[9.25,-42.824],[10.506,-43.25],[10.75,-43.491],[11.0,-43.519],[11.25,-43.412],[11.581,-43.5],[11.826,-43.75],[11.539,-44.0],[12.604,-44.25],[12.75,-44.392],[12.942,-44.75],[12.997,-45.0],[14.487,-46.0],[15.75,-46.476],[16.75,-47.054],[17.395,-47.25],[17.725,-47.5],[17.677,-48.0],[17.308,-48.25],[17.5,-48.3],[18.069,-48.75],[17.75,-49.296],[17.25,-49.928],[16.75,-50.37],[16.5,-50.456],[12.25,-50.103],[11.576,-50.25],[11.404,-50.5],[11.201,-51.0],[11.0,-51.165],[10.5,-51.329],[9.25,-51.439],[8.75,-51.683],[8.5,-51.694],[6.128,-51.5],[5.25,-51.159]],[[-11.773,-37.25],[-11.541,-37.0],[-12.0,-36.898],[-12.25,-36.908],[-12.418,-37.25],[-12.25,-37.338],[-11.773,-37.25]]]},"properties":{"variable":"swh","unit":"m","hvalue":4.0,"min":4.0,"max":5.0,"label":"4–5 m","color":"#6bff6b","band":4}},{"type":"Feature","geometry":{"type":"Polygon","coordinates":[[[-21.203,-45.0],[-20.25,-44.722],[-20.02,-44.75],[-19.938,-45.25],[-20.0,-45.306],[-20.5,-45.332],[-20.882,-45.25],[-21.203,-45.0]]]},"properties":{"variable":"swh","unit":"m","hvalue":4.0,"min":4.0,"max":5.0,"label":"4–5 m","color":"#6bff6b","band":4}},{"type":"Feature","geometry":{"type":"Polygon","coordinates":[[[6.826,-40.5],[7.672,-40.25],[8.0,-40.197],[8.116,-40.25],[8.178,-40.5],[8.0,-40.733],[7.75,-40.871],[7.0,-40.685],[6.826,-40.5]]]},"properties":{"variable":"swh","unit":"m","hvalue":4.0,"min":4.0,"max":5.0,"label":"4–5 m","color":"#6bff6b","band":4}},{"type":"Feature","geometry":{"type":"Polygon","coordinates":[[[163.942,-40.0],[163.905,-39.5],[163.947,-39.25],[164.189,-38.75],[164.696,-38.25],[165.25,-37.975],[165.5,-37.902],[166.0,-37.882],[166.33,-38.0],[166.516,-38.25],[166.607,-38.5],[166.449,-39.25],[166.229,-39.75],[165.0,-40.55],[164.75,-40.631],[164.5,-40.596],[164.012,-40.25],[163.942,-40.0]]]},"properties":{"variable":"swh","unit":"m","hvalue":4.0,"min":4.0,"max":5.0,"label":"4–5 m","color":"#6bff6b","band":4}},{"type":"Feature","geometry":{"type":"Polygon","coordinates":[[[108.0,-33.751],[108.0,-34.033],[107.75,-34.177],[107.605,-34.0],[108.0,-33.751]]]},"properties":{"variable":"swh","unit":"m","hvalue":4.0,"min":4.0,"max":5.0,"label":"4–5 m","color":"#6bff6b","band":4}},{"type":"Feature","geometry":{"type":"Polygon","coordinates":[[[106.8,-33.5],[107.0,-33.436],[107.166,-33.5],[106.75,-33.82],[106.5,-33.822],[106.444,-33.75],[106.8,-33.5]]]},"properties":{"variable":"swh","unit":"m","hvalue":4.0,"min":4.0,"max":5.0,"label":"4–5 m","color":"#6bff6b","band":4}},{"type":"Feature","geometry":{"type":"Polygon","coordinates":[[[108.5,-33.36],[108.658,-33.5],[108.25,-33.745],[108.138,-33.5],[108.5,-33.36]]]},"properties":{"variable":"swh","unit":"m","hvalue":4.0,"min":4.0,"max":5.0,"label":"4–5 m","color":"#6bff6b","band":4}},{"type":"Feature","geometry":{"type":"Polygon","coordinates":[[[105.897,-32.75],[106.25,-32.597],[106.5,-32.56],[106.607,-32.75],[106.25,-33.032],[106.0,-33.115],[105.75,-33.113],[105.646,-33.0],[105.897,-32.75]]]},"properties":{"variable":"swh","unit":"m","hvalue":4.0,"min":4.0,"max":5.0,"label":"4–5 m","color":"#6bff6b","band":4}},{"type":"Feature","geometry":{"type":"Polygon","coordinates":[[[111.61,-30.5],[111.731,-30.0],[111.701,-29.5],[111.75,-29.425],[112.0,-29.266],[112.5,-29.297],[113.0,-28.962],[113.25,-28.991],[113.572,-29.25],[113.674,-29.5],[113.25,-29.875],[112.75,-30.66],[112.5,-30.904],[112.0,-31.168],[111.75,-31.086],[111.675,-31.0],[111.61,-30.5]]]},"properties":{"variable":"swh","unit":"m","hvalue":4.0,"min":4.0,"max":5.0,"label":"4–5 m","color":"#6bff6b","band":4}},{"type":"Feature","geometry":{"type":"Polygon","coordinates":[[[109.408,-29.0],[109.619,-28.5],[110.402,-27.75],[110.476,-27.5],[110.75,-27.28],[111.0,-27.284],[111.231,-27.5],[111.286,-28.0],[110.75,-28.289],[110.293,-29.0],[110.046,-29.25],[109.75,-29.345],[109.536,-29.25],[109.408,-29.0]]]},"properties":{"variable":"swh","unit":"m","hvalue":4.0,"min":4.0,"max":5.0,"label":"4–5 m","color":"#6bff6b","band":4}},{"type":"Feature","geometry":{"type":"Polygon","coordinates":[[[-161.75,19.394],[-162.25,19.498],[-163.25,19.458],[-163.634,19.5],[-163.918,19.75],[-164.548,20.0],[-164.969,20.25],[-165.521,21.5],[-165.818,22.0],[-165.862,22.25],[-165.733,23.0],[-165.619,23.25],[-165.25,23.452],[-164.837,23.5],[-164.968,23.75],[-164.997,24.0],[-164.9,24.25],[-164.0,25.324],[-163.5,26.252],[-163.0,26.357],[-162.5,26.351],[-162.357,26.25],[-162.25,26.044],[-161.886,25.75],[-161.75,25.662],[-161.5,25.644],[-161.25,25.726],[-161.0,25.933],[-160.781,26.25],[-160.473,26.5],[-160.0,26.697],[-159.483,26.75],[-159.28,27.0],[-159.248,27.25],[-159.0,27.359],[-158.75,27.284],[-158.611,27.0],[-158.0,26.515],[-157.678,25.5],[-157.701,25.0],[-157.531,24.75],[-157.189,24.5],[-157.359,24.25],[-157.432,24.0],[-157.218,23.25],[-157.39,22.5],[-157.799,22.0],[-158.0,21.908],[-158.142,21.75],[-158.25,21.75],[-158.5,21.5],[-158.25,21.25],[-157.75,21.29],[-157.5,21.435],[-157.301,21.25],[-157.201,20.799],[-157.25,20.75],[-157.0,20.5],[-156.905,20.595],[-156.683,20.5],[-156.693,20.25],[-157.5,19.456],[-158.0,19.117],[-158.25,19.047],[-159.0,19.133],[-159.75,19.078],[-160.75,19.52],[-161.75,19.394]],[[-159.25,22.0],[-159.395,22.145],[-159.342,22.25],[-159.5,22.379],[-159.632,22.25],[-159.75,22.25],[-160.0,22.0],[-159.75,21.75],[-159.5,21.75],[-159.25,22.0]]]},"properties":{"variable":"swh","unit":"m","hvalue":4.0,"min":4.0,"max":5.0,"label":"4–5 m","color":"#6bff6b","band":4}},{"type":"Feature","geometry":{"type":"Polygon","coordinates":[[[-165.216,23.75],[-165.25,23.724],[-165.25,23.782],[-165.216,23.75]]]},"properties":{"variable":"swh","unit":"m","hvalue":4.0,"min":4.0,"max":5.0,"label":"4–5 m","color":"#6bff6b","band":4}},{"type":"Feature","geometry":{"type":"Polygon","coordinates":[[[-154.729,25.5],[-154.859,25.75],[-154.893,26.0],[-154.901,26.75],[-154.631,27.25],[-154.374,27.5],[-154.25,27.57],[-152.5,27.638],[-152.0,27.436],[-151.217,26.75],[-151.114,26.5],[-150.962,25.5],[-151.0,25.42],[-151.25,25.293],[-153.0,24.795],[-153.5,24.843],[-154.079,25.0],[-154.729,25.5]]]},"properties":{"variable":"swh","unit":"m","hvalue":4.0,"min":4.0,"max":5.0,"label":"4–5 m","color":"#6bff6b","band":4}},{"type":"Feature","geometry":{"type":"Polygon","coordinates":[[[-129.165,26.25],[-129.0,26.299],[-128.5,26.659],[-128.25,26.782],[-127.5,26.909],[-126.75,26.942],[-126.25,26.758],[-126.039,26.5],[-125.959,26.25],[-126.213,25.75],[-127.0,25.737],[-127.5,25.609],[-128.25,24.803],[-128.5,24.769],[-128.75,24.839],[-129.199,25.25],[-129.165,26.25]]]},"properties":{"variable":"swh","unit":"m","hvalue":4.0,"min":4.0,"max":5.0,"label":"4–5 m","color":"#6bff6b","band":4}},{"type":"Feature","geometry":{"type":"Polygon","coordinates":[[[-129.385,25.75],[-129.5,25.671],[-129.5,25.892],[-129.385,25.75]]]},"properties":{"variable":"swh","unit":"m","hvalue":4.0,"min":4.0,"max":5.0,"label":"4–5 m","color":"#6bff6b","band":4}},{"type":"Feature","geometry":{"type":"Polygon","coordinates":[[[150.675,40.0],[150.574,40.25],[150.559,40.5],[150.798,41.0],[150.0,42.466],[149.784,42.75],[149.25,43.21],[149.123,43.5],[149.225,44.0],[149.648,44.75],[149.622,45.25],[149.733,45.5],[150.013,45.75],[150.763,46.25],[151.25,46.462],[152.25,46.559],[153.25,46.551],[154.5,46.376],[156.141,46.0],[156.75,45.711],[157.25,45.589],[157.79,45.25],[158.196,44.5],[158.653,44.0],[158.864,43.5],[158.882,43.25],[158.418,43.0],[158.371,42.75],[158.403,42.5],[158.162,41.75],[157.915,41.25],[157.0,40.756],[156.25,40.943],[156.0,40.858],[155.292,40.5],[154.75,40.092],[153.25,39.634],[152.25,39.508],[152.0,39.535],[151.537,39.75],[150.675,40.0]]]},"properties":{"variable":"swh","unit":"m","hvalue":4.0,"min":4.0,"max":5.0,"label":"4–5 m","color":"#6bff6b","band":4}},{"type":"Feature","geometry":{"type":"Polygon","coordinates":[[[-15.629,53.0],[-16.429,53.75],[-16.41,54.0],[-16.0,54.308],[-14.972,54.75],[-14.75,55.937],[-14.568,56.25],[-14.547,56.5],[-13.737,57.5],[-13.556,58.0],[-13.309,58.25],[-12.586,59.25],[-12.25,59.595],[-11.25,59.972],[-10.75,60.052],[-10.25,60.037],[-9.5,59.853],[-8.25,59.82],[-6.75,59.321],[-6.199,58.75],[-6.499,58.5],[-6.75,58.5],[-7.0,58.337],[-7.25,58.0],[-7.214,57.964],[-7.603,57.5],[-7.541,57.25],[-7.615,56.75],[-7.5,56.643],[-7.0,56.513],[-6.75,56.278],[-6.5,56.15],[-6.409,56.0],[-6.5,56.0],[-6.75,55.75],[-6.521,55.521],[-7.75,55.5],[-7.831,55.419],[-8.5,55.25],[-9.0,54.75],[-8.939,54.689],[-9.0,54.614],[-9.645,54.5],[-10.0,54.5],[-10.142,54.358],[-10.25,54.336],[-10.344,54.25],[-10.477,54.0],[-10.5,53.798],[-10.75,53.425],[-12.25,53.21],[-13.5,53.223],[-14.25,53.123],[-14.5,53.003],[-14.75,52.765],[-14.86,52.5],[-15.0,52.399],[-15.281,52.5],[-15.629,53.0]],[[-14.333,53.75],[-14.5,53.82],[-14.5,53.73],[-14.333,53.75]]]},"properties":{"variable":"swh","unit":"m","hvalue":4.0,"min":4.0,"max":5.0,"label":"4–5 m","color":"#6bff6b","band":4}},{"type":"Feature","geometry":{"type":"Polygon","coordinates":[[[134.25,-63.55],[133.75,-63.492],[133.25,-63.553],[132.75,-63.491],[130.75,-63.639],[129.0,-63.681],[124.686,-63.5],[123.25,-63.301],[123.014,-63.25],[122.658,-63.0],[120.0,-62.348],[118.5,-62.091],[117.43,-62.0],[116.0,-61.628],[114.671,-61.0],[113.766,-60.5],[113.459,-60.25],[113.648,-60.0],[114.5,-59.735],[114.783,-59.5],[114.248,-59.25],[113.5,-59.147],[113.0,-59.116],[112.25,-59.175],[109.5,-59.601],[106.5,-59.731],[104.0,-59.913],[101.0,-59.762],[99.75,-59.844],[98.75,-59.655],[98.0,-59.775],[95.25,-59.456],[94.5,-59.238],[94.0,-58.978],[92.0,-58.455],[90.75,-58.035],[90.25,-57.965],[89.75,-58.102],[89.5,-58.093],[89.25,-58.014],[88.75,-57.661],[87.76,-57.25],[87.0,-56.83],[86.5,-56.724],[86.25,-56.571],[85.541,-55.75],[85.397,-55.25],[85.25,-55.097],[84.75,-54.815],[84.5,-54.549],[84.251,-54.0],[84.069,-53.75],[83.5,-53.437],[83.25,-52.87],[83.0,-52.585],[82.5,-52.757],[81.75,-52.685],[81.0,-53.391],[80.75,-53.76],[80.5,-54.357],[80.439,-54.75],[80.492,-55.0],[80.75,-55.342],[81.536,-56.0],[81.739,-56.25],[81.638,-56.5],[81.25,-56.699],[80.75,-56.82],[80.0,-56.847],[77.25,-56.447],[76.5,-56.159],[75.75,-55.993],[73.0,-54.7],[72.25,-54.438],[71.25,-54.283],[70.0,-54.314],[68.25,-54.197],[67.693,-54.0],[67.485,-53.75],[67.132,-53.5],[65.75,-53.084],[63.836,-52.75],[61.75,-52.74],[61.0,-52.646],[59.75,-52.71],[59.402,-52.75],[58.75,-53.028],[58.25,-53.136],[57.75,-52.984],[56.75,-52.946],[56.473,-52.75],[56.697,-52.5],[56.739,-52.25],[56.325,-51.5],[56.5,-51.407],[56.594,-51.25],[56.25,-50.992],[55.75,-50.937],[54.75,-51.032],[54.526,-51.25],[54.75,-51.488],[54.959,-51.5],[55.221,-51.75],[55.0,-51.834],[54.25,-51.934],[53.75,-52.126],[53.25,-52.228],[52.0,-52.195],[51.5,-52.404],[51.25,-52.58],[50.712,-52.75],[50.743,-53.0],[51.256,-53.5],[51.196,-53.75],[51.629,-54.25],[51.0,-54.445],[50.25,-54.466],[49.75,-54.699],[49.519,-55.0],[48.088,-55.25],[47.858,-55.5],[47.5,-55.701],[46.05,-56.25],[45.445,-56.75],[44.5,-57.125],[42.75,-57.353],[41.5,-57.746],[35.048,-59.0],[34.237,-59.25],[33.756,-59.5],[33.5,-59.521],[32.0,-59.463],[30.0,-59.573],[29.495,-59.5],[29.063,-59.25],[28.894,-58.5],[28.057,-58.0],[28.089,-57.75],[28.016,-57.5],[28.462,-56.5],[28.542,-56.25],[28.522,-56.0],[29.29,-55.5],[29.372,-55.25],[29.26,-55.0],[29.622,-54.5],[28.868,-54.25],[29.401,-54.0],[30.296,-53.75],[30.435,-53.5],[30.5,-53.212],[30.75,-53.054],[31.5,-52.782],[31.83,-52.25],[32.191,-52.0],[32.784,-51.75],[33.5,-51.341],[34.75,-51.123],[35.75,-50.753],[37.0,-50.428],[37.406,-50.25],[38.0,-49.85],[38.25,-49.781],[39.5,-49.572],[40.0,-49.584],[41.223,-49.0],[42.5,-48.576],[43.5,-48.503],[44.0,-48.573],[44.25,-48.707],[44.75,-48.657],[45.389,-48.25],[45.25,-48.186],[45.095,-48.0],[45.25,-47.758],[45.75,-47.749],[46.0,-47.643],[46.25,-47.677],[47.0,-47.438],[47.25,-47.495],[47.5,-47.465],[48.0,-47.205],[48.772,-47.25],[48.701,-47.5],[48.732,-47.75],[49.0,-47.889],[49.078,-48.0],[50.75,-48.247],[53.25,-47.871],[53.5,-47.762],[53.949,-47.75],[54.5,-47.593],[55.359,-46.75],[56.347,-46.25],[56.667,-46.0],[56.0,-45.678],[55.663,-45.25],[55.712,-45.0],[55.891,-44.75],[56.109,-44.25],[56.019,-44.0],[55.323,-43.75],[54.876,-43.5],[54.75,-43.351],[52.901,-43.0],[53.091,-42.75],[53.173,-42.5],[52.934,-42.25],[52.889,-42.0],[53.05,-41.75],[53.535,-41.5],[53.795,-41.25],[53.507,-41.0],[53.25,-40.593],[53.0,-40.431],[52.75,-40.397],[52.0,-40.426],[51.5,-40.543],[51.25,-40.48],[51.02,-40.25],[51.116,-39.5],[51.75,-38.966],[52.0,-38.972],[52.25,-39.081],[52.977,-38.75],[53.059,-38.25],[53.299,-38.0],[53.342,-37.75],[53.25,-37.563],[53.0,-37.526],[52.0,-37.845],[51.75,-37.838],[51.634,-37.75],[51.567,-37.25],[51.261,-36.75],[51.0,-36.567],[50.705,-36.5],[50.499,-36.25],[50.82,-35.75],[51.317,-34.25],[51.297,-33.75],[50.854,-32.75],[50.75,-32.568],[50.5,-32.384],[50.0,-32.396],[49.25,-32.579],[48.992,-32.5],[48.899,-32.25],[48.913,-32.0],[50.046,-29.5],[50.017,-29.25],[49.742,-28.75],[49.561,-28.5],[48.75,-28.065],[48.25,-28.06],[48.0,-28.145],[47.5,-28.504],[47.25,-28.604],[47.138,-28.5],[47.056,-28.25],[47.448,-27.5],[47.604,-26.75],[47.575,-26.5],[47.638,-26.0],[47.408,-25.75],[47.333,-25.5],[47.487,-25.0],[48.25,-23.569],[48.431,-23.5],[48.5,-23.369],[48.75,-23.712],[49.25,-23.555],[49.5,-23.988],[49.791,-23.75],[49.767,-23.5],[49.407,-23.25],[49.5,-23.0],[50.25,-22.208],[50.75,-21.413],[51.25,-21.09],[51.75,-20.987],[52.25,-20.989],[52.5,-21.029],[53.5,-21.5],[54.0,-21.458],[54.5,-21.231],[55.5,-21.562],[57.25,-21.512],[58.25,-21.662],[59.5,-21.922],[60.25,-22.161],[61.25,-22.323],[61.75,-22.132],[62.0,-22.115],[62.444,-22.25],[63.0,-22.636],[63.5,-22.806],[64.25,-23.304],[65.25,-23.118],[66.0,-23.114],[66.071,-23.25],[66.077,-23.75],[66.181,-24.0],[66.684,-24.5],[67.0,-25.025],[67.25,-25.047],[67.75,-25.332],[68.25,-25.197],[68.5,-25.213],[69.0,-25.599],[69.366,-25.75],[69.5,-25.946],[69.695,-26.5],[69.866,-26.75],[70.5,-26.989],[71.25,-27.589],[72.195,-28.0],[72.5,-28.194],[73.204,-29.0],[73.75,-29.283],[73.924,-29.5],[74.025,-29.75],[74.25,-29.914],[74.75,-30.069],[75.02,-30.25],[75.5,-30.817],[77.156,-32.25],[77.732,-33.0],[78.0,-33.25],[79.537,-34.25],[80.535,-35.5],[81.409,-36.0],[81.75,-36.309],[82.5,-36.735],[83.25,-37.373],[83.513,-37.5],[84.5,-37.761],[84.75,-37.905],[85.302,-38.5],[86.25,-39.045],[86.75,-39.258],[87.5,-39.33],[88.5,-39.134],[89.25,-39.067],[90.25,-39.141],[91.0,-39.394],[91.75,-39.817],[92.977,-40.25],[96.0,-41.564],[98.75,-43.248],[99.504,-43.5],[100.317,-44.0],[100.75,-44.153],[102.25,-44.388],[102.75,-44.555],[103.363,-45.0],[103.463,-45.25],[103.733,-45.5],[104.5,-45.577],[105.0,-45.315],[106.0,-45.008],[107.5,-45.083],[108.5,-44.903],[109.75,-44.795],[110.25,-44.632],[110.75,-44.619],[111.116,-44.5],[111.332,-44.25],[111.732,-44.0],[112.0,-43.962],[112.5,-44.079],[112.763,-44.25],[112.652,-44.5],[113.128,-44.75],[113.75,-44.771],[114.5,-44.623],[114.717,-44.5],[114.86,-44.25],[115.596,-43.75],[115.75,-43.46],[116.246,-43.0],[117.25,-42.452],[117.409,-42.25],[117.477,-42.0],[117.794,-41.75],[117.983,-41.5],[117.749,-41.25],[117.504,-40.5],[117.648,-40.25],[118.414,-39.75],[119.75,-39.018],[121.0,-38.638],[121.69,-38.5],[122.5,-37.951],[123.0,-38.136],[124.75,-37.371],[126.0,-37.203],[126.107,-37.25],[126.5,-37.692],[126.75,-37.792],[127.5,-37.957],[128.25,-37.993],[129.0,-38.224],[131.5,-38.479],[133.5,-39.18],[134.0,-39.261],[135.25,-39.618],[136.505,-40.25],[137.25,-40.379],[139.25,-40.466],[141.0,-40.66],[141.75,-40.888],[143.0,-41.115],[144.0,-41.54],[144.75,-42.111],[144.909,-42.25],[145.197,-42.75],[145.5,-43.012],[145.621,-43.25],[145.909,-43.409],[146.25,-43.75],[147.5,-43.733],[149.0,-43.508],[149.75,-43.595],[153.5,-44.94],[154.602,-45.5],[154.706,-46.0],[154.949,-46.25],[155.405,-47.0],[156.0,-47.389],[156.801,-48.25],[158.731,-49.25],[159.25,-49.583],[159.75,-49.781],[160.0,-49.993],[160.101,-50.25],[161.194,-50.75],[161.601,-51.25],[162.159,-51.5],[162.25,-51.799],[162.0,-51.945],[161.0,-51.938],[160.0,-51.627],[159.25,-51.526],[157.75,-50.924],[157.0,-50.878],[156.488,-51.0],[155.322,-51.5],[155.323,-51.75],[156.0,-52.331],[156.415,-52.5],[156.0,-52.573],[155.0,-52.555],[154.5,-52.921],[153.75,-52.922],[152.982,-53.25],[153.636,-53.75],[154.0,-53.861],[154.584,-54.25],[155.0,-54.966],[155.25,-55.169],[156.029,-55.25],[155.75,-55.33],[155.25,-55.306],[155.0,-55.559],[154.744,-56.0],[155.283,-56.5],[155.24,-56.75],[156.481,-57.0],[156.407,-57.25],[156.304,-57.5],[155.382,-57.75],[153.25,-58.052],[152.678,-58.25],[152.561,-58.5],[152.799,-58.75],[152.869,-59.0],[152.5,-59.17],[151.883,-59.25],[151.864,-59.5],[151.74,-59.75],[151.918,-60.25],[151.288,-60.75],[150.909,-61.25],[150.864,-61.5],[150.946,-61.75],[150.75,-61.959],[149.867,-62.5],[149.0,-62.676],[148.25,-62.929],[147.579,-63.25],[147.25,-63.294],[144.75,-63.411],[144.0,-63.538],[142.25,-63.581],[141.0,-63.726],[139.75,-63.758],[139.25,-63.904],[138.25,-63.959],[137.25,-64.133],[136.276,-64.0],[134.25,-63.55]],[[49.022,-25.5],[49.0,-25.486],[48.944,-25.75],[49.0,-25.781],[49.022,-25.5]],[[49.5,-25.031],[49.649,-24.75],[49.652,-24.5],[49.515,-24.25],[49.5,-24.067],[49.474,-24.25],[49.25,-24.377],[49.164,-24.5],[49.134,-24.75],[49.25,-25.271],[49.5,-25.031]],[[41.764,-50.0],[41.5,-49.956],[40.917,-50.0],[41.25,-50.076],[41.764,-50.0]],[[43.389,-49.0],[43.168,-49.0],[43.25,-49.017],[43.389,-49.0]],[[70.25,-49.71],[70.792,-49.5],[71.147,-49.25],[71.21,-49.0],[71.038,-48.75],[70.25,-48.494],[69.75,-48.453],[69.0,-48.547],[68.797,-48.75],[68.75,-49.25],[68.794,-49.5],[69.0,-49.73],[70.25,-49.71]],[[73.5,-53.205],[74.003,-53.0],[73.75,-52.844],[73.5,-52.781],[73.25,-52.84],[73.137,-53.0],[73.25,-53.127],[73.5,-53.205]]]},"properties":{"variable":"swh","unit":"m","hvalue":5.0,"min":5.0,"max":6.0,"label":"5–6 m","color":"#fee600","band":5}},{"type":"Feature","geometry":{"type":"Polygon","coordinates":[[[-144.339,-55.5],[-144.348,-55.25],[-144.25,-54.985],[-143.0,-54.87],[-142.325,-55.25],[-141.621,-55.5],[-141.536,-55.75],[-142.5,-56.433],[-143.5,-56.412],[-144.543,-56.0],[-144.339,-55.5]]]},"properties":{"variable":"swh","unit":"m","hvalue":5.0,"min":5.0,"max":6.0,"label":"5–6 m","color":"#fee600","band":5}},{"type":"Feature","geometry":{"type":"Polygon","coordinates":[[[-47.558,-55.75],[-48.0,-55.705],[-49.576,-55.75],[-51.5,-55.535],[-53.0,-55.672],[-53.834,-55.5],[-53.683,-55.25],[-53.25,-54.915],[-52.75,-54.761],[-52.25,-54.729],[-51.5,-54.573],[-50.713,-54.25],[-50.75,-54.188],[-51.0,-54.125],[-52.0,-54.268],[-52.5,-54.12],[-53.147,-53.75],[-53.908,-52.75],[-53.311,-52.0],[-53.127,-51.5],[-52.75,-50.844],[-51.996,-50.0],[-51.7,-49.75],[-50.846,-49.5],[-50.49,-49.25],[-50.186,-48.75],[-49.472,-48.25],[-49.0,-47.794],[-48.75,-47.448],[-48.25,-47.061],[-47.717,-46.75],[-47.502,-46.5],[-47.158,-46.25],[-47.137,-46.0],[-46.5,-45.99],[-46.018,-45.75],[-46.456,-45.5],[-46.435,-45.25],[-46.166,-45.0],[-45.25,-44.96],[-44.722,-44.75],[-44.434,-44.5],[-43.5,-44.157],[-42.75,-43.987],[-40.75,-43.364],[-39.5,-43.192],[-38.75,-43.212],[-38.0,-43.341],[-37.803,-43.25],[-38.073,-43.0],[-38.484,-42.75],[-38.637,-42.5],[-38.163,-42.25],[-36.75,-41.913],[-35.5,-41.512],[-35.0,-41.441],[-33.75,-41.451],[-33.507,-41.5],[-32.99,-41.75],[-32.881,-42.0],[-33.0,-42.158],[-33.75,-42.092],[-34.264,-42.25],[-33.685,-42.75],[-33.349,-43.5],[-32.975,-44.0],[-32.865,-44.25],[-31.677,-44.75],[-30.697,-45.75],[-30.069,-46.0],[-29.971,-46.25],[-29.994,-46.5],[-29.936,-46.75],[-30.0,-46.789],[-31.104,-47.0],[-31.75,-47.363],[-32.25,-47.344],[-32.75,-47.454],[-33.23,-47.75],[-32.469,-48.0],[-31.75,-48.455],[-31.25,-48.446],[-30.75,-48.603],[-30.281,-49.0],[-30.132,-49.25],[-31.25,-49.601],[-31.475,-49.75],[-31.56,-50.0],[-31.261,-50.25],[-31.5,-50.557],[-32.904,-50.75],[-32.273,-51.25],[-32.181,-51.5],[-32.75,-51.97],[-32.942,-52.25],[-33.225,-52.5],[-33.75,-52.768],[-35.25,-52.885],[-36.5,-53.276],[-38.0,-53.508],[-38.5,-53.49],[-39.25,-53.324],[-39.474,-53.25],[-39.422,-53.0],[-39.845,-53.0],[-41.229,-53.75],[-42.387,-54.25],[-42.25,-54.75],[-43.0,-55.135],[-43.164,-55.25],[-43.323,-55.5],[-43.75,-55.789],[-45.25,-56.097],[-46.0,-56.001],[-46.75,-56.228],[-47.0,-56.147],[-47.128,-56.0],[-47.558,-55.75]]]},"properties":{"variable":"swh","unit":"m","hvalue":5.0,"min":5.0,"max":6.0,"label":"5–6 m","color":"#fee600","band":5}},{"type":"Feature","geometry":{"type":"Polygon","coordinates":[[[-153.009,-54.25],[-154.477,-54.0],[-154.555,-53.75],[-154.361,-53.5],[-154.337,-53.25],[-154.847,-52.75],[-154.968,-52.25],[-155.2,-52.0],[-155.315,-51.75],[-155.5,-51.584],[-155.75,-51.52],[-156.75,-51.442],[-157.5,-51.267],[-157.75,-51.022],[-157.775,-50.75],[-157.611,-50.5],[-157.321,-50.25],[-156.167,-49.5],[-155.745,-49.0],[-155.795,-48.75],[-156.027,-48.5],[-156.104,-48.25],[-155.852,-48.0],[-155.624,-47.5],[-155.141,-47.0],[-154.75,-46.379],[-154.615,-46.25],[-153.126,-45.5],[-151.192,-44.25],[-147.5,-42.958],[-146.75,-42.761],[-146.25,-42.719],[-145.0,-42.929],[-144.0,-42.922],[-143.409,-43.25],[-141.902,-43.75],[-141.732,-44.0],[-141.389,-44.25],[-139.528,-45.25],[-137.25,-46.108],[-135.924,-47.0],[-135.41,-47.75],[-135.41,-48.0],[-135.197,-48.5],[-135.308,-48.75],[-135.237,-49.0],[-135.461,-50.0],[-135.869,-50.75],[-135.955,-51.25],[-136.112,-51.5],[-136.5,-51.834],[-136.892,-52.5],[-137.75,-53.523],[-138.25,-53.883],[-139.579,-54.5],[-140.0,-54.553],[-140.25,-54.506],[-142.75,-53.658],[-143.25,-53.601],[-143.75,-53.71],[-144.5,-53.537],[-145.205,-53.75],[-145.436,-54.0],[-145.416,-54.25],[-145.605,-54.5],[-146.25,-54.652],[-146.75,-54.626],[-147.5,-54.411],[-148.75,-54.481],[-149.5,-54.248],[-150.0,-54.361],[-150.25,-54.507],[-151.0,-54.515],[-151.5,-54.623],[-151.75,-54.639],[-152.345,-54.5],[-153.009,-54.25]]]},"properties":{"variable":"swh","unit":"m","hvalue":5.0,"min":5.0,"max":6.0,"label":"5–6 m","color":"#fee600","band":5}},{"type":"Feature","geometry":{"type":"Polygon","coordinates":[[[3.057,-49.25],[2.418,-49.0],[1.462,-48.75],[-1.0,-48.664],[-3.25,-48.687],[-4.5,-48.508],[-5.75,-48.486],[-6.425,-48.25],[-6.75,-47.979],[-7.157,-47.5],[-7.195,-47.25],[-6.939,-46.5],[-7.179,-46.25],[-7.673,-46.0],[-7.727,-45.5],[-7.914,-45.25],[-8.431,-44.75],[-9.25,-44.165],[-9.75,-43.881],[-10.81,-43.5],[-11.254,-43.25],[-11.543,-43.0],[-12.137,-42.25],[-12.597,-41.5],[-13.098,-41.0],[-13.247,-40.75],[-13.153,-40.5],[-13.146,-40.25],[-12.75,-40.161],[-11.873,-39.5],[-10.25,-39.346],[-9.722,-39.5],[-9.5,-39.664],[-9.0,-39.67],[-8.25,-39.319],[-7.5,-39.317],[-7.0,-39.238],[-6.544,-39.0],[-6.25,-38.713],[-6.0,-38.671],[-5.918,-39.0],[-5.75,-39.159],[-5.25,-38.957],[-4.75,-38.921],[-3.5,-39.321],[-2.578,-40.0],[-1.75,-40.463],[1.397,-42.5],[1.876,-42.75],[2.5,-42.934],[3.5,-43.039],[4.211,-43.25],[4.75,-43.494],[5.75,-43.644],[6.25,-43.854],[7.0,-44.411],[7.75,-45.47],[9.0,-46.114],[9.5,-46.478],[10.095,-47.25],[9.865,-47.5],[9.675,-48.0],[9.276,-48.5],[9.0,-48.786],[8.5,-49.098],[7.89,-49.75],[7.5,-49.913],[6.75,-49.929],[6.0,-50.082],[4.0,-49.797],[3.057,-49.25]],[[-9.75,-40.398],[-9.349,-40.25],[-9.5,-40.052],[-9.75,-40.006],[-10.0,-40.099],[-10.094,-40.25],[-10.0,-40.337],[-9.75,-40.398]]]},"properties":{"variable":"swh","unit":"m","hvalue":5.0,"min":5.0,"max":6.0,"label":"5–6 m","color":"#fee600","band":5}},{"type":"Feature","geometry":{"type":"Polygon","coordinates":[[[117.0,-41.931],[117.11,-42.0],[117.0,-42.078],[116.75,-42.082],[116.706,-42.0],[117.0,-41.931]]]},"properties":{"variable":"swh","unit":"m","hvalue":5.0,"min":5.0,"max":6.0,"label":"5–6 m","color":"#fee600","band":5}},{"type":"Feature","geometry":{"type":"Polygon","coordinates":[[[50.75,-39.233],[50.892,-39.5],[50.75,-39.544],[50.455,-39.5],[50.75,-39.233]]]},"properties":{"variable":"swh","unit":"m","hvalue":5.0,"min":5.0,"max":6.0,"label":"5–6 m","color":"#fee600","band":5}},{"type":"Feature","geometry":{"type":"Polygon","coordinates":[[[122.808,-37.75],[122.75,-37.924],[122.725,-37.75],[122.808,-37.75]]]},"properties":{"variable":"swh","unit":"m","hvalue":5.0,"min":5.0,"max":6.0,"label":"5–6 m","color":"#fee600","band":5}},{"type":"Feature","geometry":{"type":"Polygon","coordinates":[[[123.5,-37.374],[123.696,-37.5],[123.25,-37.607],[122.992,-37.5],[123.5,-37.374]]]},"properties":{"variable":"swh","unit":"m","hvalue":5.0,"min":5.0,"max":6.0,"label":"5–6 m","color":"#fee600","band":5}},{"type":"Feature","geometry":{"type":"Polygon","coordinates":[[[46.0,-27.832],[46.115,-28.0],[46.0,-28.168],[45.707,-28.0],[46.0,-27.832]]]},"properties":{"variable":"swh","unit":"m","hvalue":5.0,"min":5.0,"max":6.0,"label":"5–6 m","color":"#fee600","band":5}},{"type":"Feature","geometry":{"type":"Polygon","coordinates":[[[44.69,-26.5],[44.25,-26.321],[44.0,-26.294],[43.75,-26.325],[43.513,-26.5],[43.565,-26.75],[43.5,-26.785],[42.0,-26.882],[41.78,-26.5],[41.894,-26.0],[41.75,-25.789],[41.5,-25.635],[41.25,-25.608],[41.0,-25.702],[40.727,-26.0],[40.25,-26.243],[40.0,-26.166],[39.867,-25.75],[39.889,-25.5],[40.0,-25.207],[40.163,-25.0],[39.969,-24.5],[39.994,-24.0],[39.914,-23.75],[39.404,-22.75],[39.5,-22.403],[39.75,-22.163],[40.0,-22.176],[40.011,-22.25],[40.25,-22.419],[40.5,-22.37],[40.75,-22.175],[41.088,-22.75],[42.25,-23.972],[42.75,-24.293],[43.25,-24.386],[43.5,-24.54],[44.25,-25.475],[44.594,-25.75],[44.75,-25.996],[45.0,-26.124],[45.5,-26.074],[46.25,-25.661],[46.75,-25.638],[47.013,-25.75],[46.852,-26.0],[46.073,-26.75],[45.75,-27.191],[45.5,-27.278],[45.25,-27.208],[44.69,-26.5]]]},"properties":{"variable":"swh","unit":"m","hvalue":5.0,"min":5.0,"max":6.0,"label":"5–6 m","color":"#fee600","band":5}},{"type":"Feature","geometry":{"type":"Polygon","coordinates":[[[48.75,-21.415],[48.858,-21.5],[48.947,-21.75],[48.942,-22.0],[48.75,-22.408],[48.619,-22.25],[48.75,-21.415]]]},"properties":{"variable":"swh","unit":"m","hvalue":5.0,"min":5.0,"max":6.0,"label":"5–6 m","color":"#fee600","band":5}},{"type":"Feature","geometry":{"type":"Polygon","coordinates":[[[-160.75,20.836],[-161.0,20.828],[-161.5,20.601],[-161.75,20.598],[-163.0,20.764],[-163.46,21.0],[-163.626,21.25],[-163.763,21.75],[-164.019,22.25],[-164.078,22.5],[-164.095,22.75],[-163.832,23.75],[-163.5,24.089],[-162.75,24.499],[-162.5,24.384],[-162.25,24.359],[-161.702,24.5],[-161.25,24.693],[-160.5,24.815],[-160.0,24.978],[-159.5,24.823],[-159.0,24.347],[-158.5,23.595],[-158.0,23.181],[-157.893,22.75],[-158.03,22.25],[-158.5,21.5],[-158.325,21.325],[-158.75,20.725],[-159.0,20.506],[-159.25,20.439],[-159.778,20.5],[-160.75,20.836]],[[-159.25,22.0],[-159.329,22.079],[-159.235,22.25],[-159.5,22.46],[-160.0,22.0],[-159.75,21.75],[-159.5,21.75],[-159.25,22.0]]]},"properties":{"variable":"swh","unit":"m","hvalue":5.0,"min":5.0,"max":6.0,"label":"5–6 m","color":"#fee600","band":5}},{"type":"Feature","geometry":{"type":"Polygon","coordinates":[[[153.25,40.86],[153.222,41.0],[153.315,41.25],[153.251,41.5],[152.938,42.0],[152.773,42.5],[153.404,43.0],[154.209,44.25],[155.25,44.678],[155.5,44.693],[156.0,44.593],[156.25,44.715],[156.5,44.664],[156.737,44.5],[157.054,44.0],[157.072,43.5],[157.399,43.0],[157.452,42.75],[157.297,42.5],[156.75,42.182],[156.5,42.162],[156.25,42.238],[155.75,42.088],[154.919,41.5],[154.487,41.0],[154.25,40.879],[153.465,40.75],[153.25,40.86]]]},"properties":{"variable":"swh","unit":"m","hvalue":5.0,"min":5.0,"max":6.0,"label":"5–6 m","color":"#fee600","band":5}},{"type":"Feature","geometry":{"type":"Polygon","coordinates":[[[153.456,45.0],[153.583,45.0],[153.701,44.75],[153.5,44.662],[153.403,44.75],[153.456,45.0]]]},"properties":{"variable":"swh","unit":"m","hvalue":5.0,"min":5.0,"max":6.0,"label":"5–6 m","color":"#fee600","band":5}},{"type":"Feature","geometry":{"type":"Polygon","coordinates":[[[-9.0,56.139],[-9.25,56.268],[-9.453,56.5],[-9.625,57.0],[-9.342,57.75],[-9.139,58.0],[-9.0,58.077],[-8.75,58.121],[-8.365,58.0],[-8.5,57.99],[-8.719,57.75],[-8.5,57.526],[-8.0,57.483],[-7.822,57.25],[-7.763,57.0],[-7.846,56.75],[-7.557,56.5],[-7.411,56.25],[-7.5,56.074],[-7.725,56.0],[-8.178,56.0],[-9.0,56.139]]]},"properties":{"variable":"swh","unit":"m","hvalue":5.0,"min":5.0,"max":6.0,"label":"5–6 m","color":"#fee600","band":5}},{"type":"Feature","geometry":{"type":"Polygon","coordinates":[[[135.75,-63.645],[135.0,-63.502],[134.0,-63.151],[131.5,-63.189],[129.0,-62.958],[128.25,-62.836],[126.25,-62.351],[124.0,-61.997],[123.209,-61.75],[123.091,-61.5],[122.576,-61.0],[121.75,-60.675],[120.5,-60.354],[120.28,-60.25],[120.159,-60.0],[119.75,-59.681],[118.504,-59.25],[118.357,-59.0],[118.385,-58.75],[118.056,-58.5],[117.75,-58.383],[117.193,-58.25],[114.75,-57.976],[113.696,-57.75],[113.11,-57.5],[112.75,-57.25],[112.25,-57.357],[112.0,-57.346],[110.25,-56.789],[109.5,-56.71],[108.903,-56.75],[108.75,-56.656],[108.691,-56.5],[107.75,-56.208],[107.0,-56.289],[106.0,-56.214],[105.0,-56.376],[104.733,-56.5],[105.283,-56.75],[105.655,-57.0],[104.75,-57.091],[104.167,-57.25],[104.33,-57.75],[104.0,-57.872],[103.0,-58.015],[102.5,-58.022],[101.5,-58.215],[100.75,-58.026],[100.5,-58.04],[100.015,-58.5],[99.75,-58.553],[98.75,-58.598],[97.75,-58.477],[97.0,-58.716],[96.25,-58.825],[95.25,-58.795],[94.75,-58.656],[93.89,-58.25],[90.116,-56.75],[89.87,-56.5],[89.619,-56.0],[89.554,-55.75],[89.664,-55.25],[88.974,-54.25],[88.883,-53.75],[88.525,-53.5],[87.865,-53.25],[87.5,-52.917],[86.75,-52.692],[86.174,-52.25],[85.75,-52.02],[83.75,-51.088],[83.5,-51.112],[83.384,-51.5],[83.25,-51.606],[82.904,-51.75],[82.5,-51.77],[82.0,-51.65],[81.845,-51.5],[81.814,-51.25],[81.5,-51.028],[81.25,-51.06],[81.214,-51.5],[81.396,-51.75],[80.843,-52.25],[80.616,-53.0],[79.816,-54.5],[79.704,-55.25],[79.548,-55.5],[79.25,-55.562],[77.5,-55.074],[76.0,-54.468],[75.473,-54.0],[75.26,-53.25],[75.35,-53.0],[74.894,-52.25],[74.088,-52.0],[73.5,-51.646],[72.5,-51.479],[70.25,-51.445],[69.5,-51.343],[68.287,-50.75],[66.75,-50.247],[66.5,-50.223],[65.5,-50.535],[64.25,-50.686],[63.779,-50.5],[63.918,-50.25],[63.709,-50.0],[62.25,-49.639],[61.75,-49.239],[61.5,-49.168],[61.25,-49.18],[60.75,-49.325],[60.319,-49.25],[60.253,-49.0],[60.443,-48.75],[62.073,-47.75],[62.173,-47.5],[61.75,-47.526],[61.0,-47.848],[60.75,-47.855],[60.25,-47.66],[59.25,-47.651],[59.0,-47.505],[59.105,-47.25],[58.908,-47.0],[59.15,-46.0],[59.091,-45.5],[58.741,-45.25],[57.75,-44.861],[57.691,-44.75],[58.0,-44.404],[58.345,-44.25],[58.0,-44.178],[57.25,-44.204],[57.097,-44.0],[57.25,-43.72],[58.24,-43.0],[58.366,-42.75],[58.25,-42.529],[58.0,-42.411],[57.75,-42.392],[57.25,-42.035],[56.5,-42.021],[56.25,-41.952],[55.717,-41.75],[55.371,-41.5],[55.605,-41.0],[55.624,-40.75],[55.833,-40.5],[56.47,-40.0],[56.835,-39.5],[56.924,-39.25],[56.927,-39.0],[56.75,-38.87],[56.25,-38.84],[55.764,-39.25],[55.5,-39.36],[55.0,-39.293],[54.75,-39.416],[54.25,-39.319],[54.135,-39.25],[54.044,-39.0],[54.25,-38.823],[54.5,-38.77],[55.25,-38.85],[55.815,-38.5],[56.26,-38.0],[56.006,-37.5],[56.149,-37.25],[56.75,-36.874],[57.069,-36.75],[57.247,-36.5],[57.783,-36.0],[57.515,-35.75],[57.0,-35.478],[56.75,-35.25],[56.0,-34.1],[55.194,-34.0],[55.265,-33.75],[56.25,-32.417],[56.332,-31.75],[56.286,-31.5],[56.065,-31.25],[56.267,-31.0],[56.883,-30.5],[57.5,-30.103],[57.691,-29.75],[57.741,-29.25],[57.5,-28.768],[57.25,-28.684],[57.0,-28.798],[56.75,-29.287],[56.5,-29.511],[56.157,-29.25],[55.25,-28.937],[55.0,-28.765],[55.021,-28.5],[55.5,-27.633],[55.75,-27.307],[56.253,-27.0],[56.75,-26.569],[57.25,-26.24],[58.0,-26.127],[58.75,-25.6],[59.0,-25.587],[59.079,-25.75],[59.171,-26.75],[59.331,-27.25],[59.5,-27.408],[60.75,-26.919],[61.5,-26.534],[62.25,-25.757],[62.5,-25.695],[62.591,-26.0],[62.586,-26.75],[62.75,-26.886],[63.25,-26.863],[63.572,-27.0],[63.833,-27.25],[63.97,-27.5],[64.0,-27.763],[64.25,-28.04],[65.0,-28.272],[65.25,-28.2],[65.75,-27.864],[66.0,-27.847],[66.25,-28.084],[66.5,-28.066],[67.0,-27.885],[67.25,-27.904],[67.581,-28.25],[67.712,-28.5],[67.751,-28.75],[68.072,-29.25],[68.5,-29.399],[69.25,-29.448],[70.067,-29.75],[71.25,-30.454],[71.75,-30.585],[72.086,-30.75],[72.75,-31.298],[73.25,-31.434],[73.5,-31.952],[73.846,-32.25],[74.174,-32.75],[74.205,-33.25],[74.5,-33.415],[75.0,-33.408],[75.25,-33.467],[75.592,-33.75],[75.654,-34.25],[75.512,-34.75],[75.75,-34.863],[76.656,-35.0],[77.0,-35.178],[77.75,-35.257],[78.5,-35.746],[78.27,-36.25],[78.254,-36.5],[78.387,-36.75],[78.365,-37.0],[77.932,-37.5],[77.75,-37.535],[77.512,-37.75],[77.75,-37.956],[78.358,-38.0],[78.535,-38.25],[77.75,-38.525],[77.487,-38.75],[77.75,-38.943],[78.291,-39.0],[78.341,-39.25],[78.901,-39.75],[79.077,-40.25],[79.585,-40.75],[79.619,-41.0],[79.544,-41.25],[79.35,-41.5],[79.398,-41.75],[79.5,-41.812],[80.0,-42.007],[81.75,-42.244],[82.5,-42.495],[82.75,-42.488],[83.25,-42.904],[83.5,-42.97],[84.5,-43.052],[84.914,-42.75],[84.898,-42.5],[84.692,-42.25],[85.047,-42.0],[85.75,-41.68],[86.25,-41.61],[87.25,-41.921],[88.25,-42.002],[89.228,-42.25],[89.5,-43.39],[89.611,-43.25],[89.679,-43.0],[89.534,-42.75],[89.516,-42.5],[89.75,-42.42],[90.25,-42.663],[90.427,-43.0],[90.75,-43.23],[91.0,-43.343],[91.25,-43.333],[91.357,-43.25],[91.446,-43.0],[92.311,-42.75],[92.273,-42.5],[93.0,-42.222],[93.158,-42.25],[94.75,-43.257],[95.75,-43.541],[96.175,-43.75],[96.377,-44.0],[97.25,-44.673],[97.5,-44.752],[97.75,-44.952],[98.024,-45.0],[98.25,-45.121],[98.632,-45.5],[99.25,-45.91],[100.0,-46.182],[100.75,-46.328],[101.75,-47.081],[102.25,-47.601],[102.75,-47.909],[103.0,-47.928],[103.25,-47.852],[103.5,-47.921],[104.0,-47.359],[104.169,-47.5],[104.154,-47.75],[104.25,-47.938],[104.75,-47.985],[105.5,-47.89],[105.75,-47.823],[106.074,-47.5],[105.966,-47.25],[106.0,-47.079],[106.328,-47.25],[106.5,-47.443],[107.211,-47.5],[106.865,-47.75],[107.5,-47.775],[107.629,-47.5],[108.0,-47.303],[108.275,-47.25],[108.0,-47.153],[107.945,-46.75],[108.75,-46.592],[109.0,-46.654],[109.201,-47.0],[109.5,-47.244],[110.0,-47.461],[110.204,-47.25],[110.29,-47.0],[110.25,-46.845],[110.148,-46.75],[111.0,-46.657],[111.25,-46.729],[111.65,-47.25],[111.75,-47.293],[112.136,-47.25],[112.5,-47.091],[113.25,-47.016],[115.562,-47.0],[115.801,-47.25],[115.217,-47.5],[114.915,-47.75],[115.0,-48.031],[115.25,-48.189],[116.5,-48.152],[116.75,-48.281],[118.0,-48.023],[118.232,-47.5],[117.25,-47.392],[116.688,-47.25],[116.937,-47.0],[118.0,-46.708],[118.75,-46.382],[119.5,-46.154],[120.722,-46.0],[120.627,-45.75],[120.698,-45.5],[120.976,-45.0],[121.558,-44.75],[122.357,-44.0],[122.464,-43.75],[122.742,-43.5],[122.89,-43.25],[122.897,-43.0],[123.287,-42.5],[123.301,-42.25],[122.984,-42.0],[122.919,-41.75],[123.25,-41.468],[124.25,-40.872],[124.75,-40.785],[125.5,-40.838],[126.25,-40.606],[127.034,-40.25],[127.374,-40.25],[127.399,-40.5],[127.5,-40.589],[127.75,-40.624],[129.0,-40.413],[130.0,-40.331],[131.0,-40.56],[132.25,-40.616],[132.5,-40.695],[132.75,-40.928],[133.0,-41.04],[133.75,-41.259],[134.5,-41.33],[135.25,-41.578],[136.25,-41.81],[137.75,-42.396],[138.25,-42.699],[139.5,-43.046],[141.0,-43.775],[141.75,-44.226],[143.25,-44.812],[143.5,-44.98],[143.694,-45.25],[144.191,-45.5],[144.332,-45.75],[144.311,-46.0],[144.75,-46.601],[145.5,-46.901],[146.75,-47.831],[147.0,-47.923],[147.59,-48.0],[147.627,-48.25],[148.0,-48.376],[148.151,-48.5],[148.5,-48.625],[149.301,-48.75],[150.812,-49.5],[150.745,-50.0],[150.96,-50.25],[151.25,-50.366],[152.0,-50.492],[153.0,-50.395],[153.75,-50.415],[154.022,-50.5],[153.75,-50.69],[153.25,-50.595],[152.945,-50.75],[151.5,-51.212],[151.0,-51.453],[150.5,-51.522],[150.25,-51.65],[149.966,-52.0],[150.291,-52.25],[150.816,-52.5],[151.093,-52.75],[150.842,-53.0],[150.716,-53.25],[151.028,-53.5],[151.622,-53.75],[151.603,-54.0],[152.031,-54.25],[152.123,-54.5],[151.677,-54.75],[151.25,-55.14],[150.892,-55.25],[150.829,-55.5],[150.895,-55.75],[151.1,-56.0],[151.145,-56.25],[150.889,-56.5],[151.166,-56.75],[151.191,-57.0],[149.668,-57.5],[149.807,-57.75],[150.098,-58.0],[149.78,-58.5],[149.655,-59.0],[149.114,-59.75],[149.328,-60.5],[148.682,-60.75],[147.792,-61.25],[147.707,-61.5],[147.839,-62.0],[147.713,-62.25],[146.595,-62.5],[145.5,-62.88],[145.25,-62.926],[144.5,-62.865],[142.75,-63.249],[140.75,-63.401],[139.75,-63.415],[137.25,-63.828],[136.75,-63.844],[135.947,-63.75],[135.75,-63.645]],[[56.538,-37.75],[56.465,-37.75],[56.5,-37.766],[56.538,-37.75]],[[69.75,-49.834],[70.25,-49.879],[70.502,-49.75],[71.75,-49.638],[72.25,-49.433],[72.538,-49.0],[72.426,-48.75],[72.25,-48.626],[71.25,-48.258],[70.0,-48.125],[69.0,-48.343],[68.774,-48.5],[68.584,-48.75],[68.524,-49.25],[68.576,-49.5],[69.0,-49.911],[69.75,-49.834]],[[88.0,-44.298],[88.5,-44.155],[89.0,-44.098],[89.267,-44.0],[89.306,-43.75],[89.0,-43.556],[88.75,-43.628],[88.5,-43.819],[88.25,-43.869],[87.25,-43.833],[87.0,-43.898],[86.866,-44.0],[87.75,-44.323],[88.0,-44.298]],[[89.0,-46.084],[89.25,-46.075],[89.364,-46.0],[89.285,-45.75],[89.0,-45.673],[88.75,-45.679],[88.603,-45.75],[88.75,-46.01],[89.0,-46.084]],[[96.96,-51.5],[96.95,-51.0],[96.25,-50.702],[95.0,-50.867],[94.75,-50.807],[93.812,-50.25],[93.349,-49.5],[93.0,-49.261],[92.75,-49.332],[92.5,-49.579],[92.25,-49.582],[91.864,-49.75],[91.77,-50.0],[91.925,-50.25],[91.969,-50.5],[92.412,-50.75],[93.0,-50.933],[93.5,-51.346],[94.0,-51.519],[94.25,-51.481],[94.75,-51.208],[95.0,-51.181],[95.445,-51.5],[95.573,-51.75],[96.887,-51.75],[96.96,-51.5]],[[98.588,-52.0],[98.25,-51.943],[97.893,-52.0],[98.5,-52.098],[98.588,-52.0]],[[98.416,-57.0],[98.25,-56.895],[98.052,-57.0],[98.25,-57.218],[98.416,-57.0]],[[107.5,-55.724],[108.0,-55.803],[108.25,-55.782],[108.366,-55.75],[108.527,-55.5],[107.75,-55.383],[106.75,-55.345],[106.0,-55.135],[105.75,-55.161],[105.634,-55.25],[105.603,-55.5],[105.75,-55.665],[106.75,-55.785],[107.5,-55.724]],[[115.999,-49.0],[115.75,-48.738],[115.092,-49.0],[115.25,-49.07],[115.999,-49.0]],[[119.304,-47.75],[118.5,-47.62],[118.277,-47.75],[119.0,-47.815],[119.304,-47.75]],[[118.847,-48.25],[118.7,-48.25],[118.75,-48.288],[118.847,-48.25]]]},"properties":{"variable":"swh","unit":"m","hvalue":6.0,"min":6.0,"max":8.0,"label":"6–8 m","color":"#ff9600","band":6}},{"type":"Feature","geometry":{"type":"Polygon","coordinates":[[[32.5,-57.0],[32.5,-56.75],[32.75,-56.627],[33.25,-56.67],[33.371,-56.5],[32.75,-56.342],[32.642,-56.0],[32.668,-55.75],[33.609,-55.5],[33.256,-55.25],[33.122,-55.0],[34.25,-54.36],[35.062,-54.0],[35.583,-53.5],[36.75,-53.098],[38.068,-52.25],[38.75,-51.97],[39.253,-52.0],[39.591,-52.25],[40.0,-52.389],[42.0,-52.623],[42.633,-53.0],[42.448,-53.25],[42.567,-53.5],[43.25,-53.721],[43.5,-53.884],[44.072,-54.0],[44.067,-54.25],[43.898,-54.5],[43.171,-55.0],[43.113,-55.25],[43.25,-55.443],[43.75,-55.55],[44.138,-55.75],[44.189,-56.0],[43.529,-56.25],[42.0,-56.618],[41.25,-56.904],[39.5,-57.182],[35.25,-57.608],[33.0,-57.336],[32.5,-57.0]],[[33.806,-56.75],[33.639,-56.75],[33.75,-56.757],[33.806,-56.75]]]},"properties":{"variable":"swh","unit":"m","hvalue":6.0,"min":6.0,"max":8.0,"label":"6–8 m","color":"#ff9600","band":6}},{"type":"Feature","geometry":{"type":"Polygon","coordinates":[[[107.25,-56.907],[107.879,-57.0],[107.5,-57.153],[107.25,-57.149],[106.653,-57.0],[107.25,-56.907]]]},"properties":{"variable":"swh","unit":"m","hvalue":6.0,"min":6.0,"max":8.0,"label":"6–8 m","color":"#ff9600","band":6}},{"type":"Feature","geometry":{"type":"Polygon","coordinates":[[[-47.659,-53.75],[-48.054,-53.25],[-48.75,-52.98],[-49.25,-52.981],[-50.25,-53.197],[-50.5,-53.195],[-50.744,-53.0],[-50.669,-52.5],[-50.87,-52.25],[-50.965,-52.0],[-50.454,-51.5],[-50.093,-51.0],[-49.127,-50.25],[-47.25,-49.386],[-46.75,-49.043],[-46.5,-48.955],[-46.0,-49.013],[-45.25,-48.86],[-43.378,-48.25],[-43.5,-48.098],[-43.75,-47.972],[-44.5,-47.956],[-45.25,-47.849],[-45.5,-47.744],[-45.25,-47.653],[-42.864,-47.25],[-40.0,-46.449],[-39.0,-46.327],[-37.5,-46.341],[-37.257,-46.25],[-37.0,-46.023],[-36.75,-45.904],[-36.25,-45.829],[-36.0,-45.859],[-35.796,-46.0],[-35.814,-46.25],[-37.113,-47.0],[-37.0,-47.126],[-36.75,-47.199],[-36.25,-47.505],[-35.435,-47.25],[-35.25,-47.129],[-35.0,-47.097],[-34.707,-47.25],[-34.74,-47.5],[-34.673,-47.75],[-34.25,-48.196],[-34.09,-48.25],[-34.033,-48.5],[-35.278,-49.0],[-36.207,-49.75],[-36.42,-50.0],[-36.25,-50.15],[-35.5,-49.779],[-35.25,-49.79],[-34.944,-50.0],[-35.184,-50.25],[-35.26,-50.5],[-34.985,-50.75],[-35.306,-51.25],[-35.721,-51.5],[-37.09,-51.25],[-37.75,-51.054],[-38.5,-51.047],[-38.75,-51.111],[-40.237,-52.0],[-42.025,-52.75],[-42.296,-53.0],[-43.758,-53.75],[-45.25,-54.061],[-46.867,-54.0],[-47.659,-53.75]],[[-39.167,-48.5],[-39.583,-48.5],[-39.25,-48.529],[-39.167,-48.5]],[[-38.0,-49.743],[-37.25,-49.705],[-37.0,-49.627],[-36.853,-49.5],[-36.98,-49.25],[-37.25,-49.023],[-37.75,-48.847],[-38.75,-48.793],[-39.25,-48.981],[-39.115,-49.25],[-38.5,-49.685],[-38.0,-49.743]],[[-36.494,-50.5],[-36.75,-50.442],[-37.037,-50.5],[-36.75,-50.564],[-36.494,-50.5]],[[-38.714,-48.25],[-38.754,-48.25],[-38.75,-48.253],[-38.714,-48.25]]]},"properties":{"variable":"swh","unit":"m","hvalue":6.0,"min":6.0,"max":8.0,"label":"6–8 m","color":"#ff9600","band":6}},{"type":"Feature","geometry":{"type":"Polygon","coordinates":[[[-142.0,-53.189],[-143.75,-53.01],[-144.5,-53.06],[-146.25,-53.451],[-147.5,-53.593],[-148.75,-53.53],[-150.75,-53.667],[-151.25,-53.592],[-151.75,-53.427],[-152.006,-53.25],[-152.173,-53.0],[-152.281,-52.5],[-152.5,-52.0],[-152.498,-51.5],[-152.643,-51.0],[-152.615,-50.75],[-152.528,-50.5],[-152.033,-50.0],[-151.75,-49.442],[-151.25,-49.112],[-150.281,-48.75],[-150.255,-48.5],[-150.121,-48.25],[-150.139,-48.0],[-149.952,-47.75],[-149.762,-47.25],[-148.86,-46.75],[-148.845,-46.5],[-148.75,-46.411],[-148.5,-46.468],[-148.049,-46.25],[-148.0,-46.077],[-147.75,-46.22],[-147.5,-46.16],[-146.976,-45.75],[-146.5,-45.583],[-145.75,-45.573],[-145.535,-46.0],[-144.87,-46.0],[-144.434,-46.25],[-143.5,-46.288],[-142.5,-46.551],[-140.25,-46.733],[-139.75,-46.883],[-138.594,-47.5],[-138.25,-47.869],[-138.171,-48.0],[-138.201,-48.5],[-137.866,-49.5],[-137.65,-50.75],[-137.437,-51.25],[-137.622,-52.25],[-138.239,-52.75],[-138.711,-53.5],[-139.25,-53.738],[-140.25,-53.695],[-142.0,-53.189]]]},"properties":{"variable":"swh","unit":"m","hvalue":6.0,"min":6.0,"max":8.0,"label":"6–8 m","color":"#ff9600","band":6}},{"type":"Feature","geometry":{"type":"Polygon","coordinates":[[[-2.25,-48.286],[-3.0,-48.325],[-3.5,-48.17],[-4.5,-47.998],[-5.663,-47.5],[-5.895,-47.25],[-5.881,-47.0],[-5.738,-46.75],[-5.687,-46.5],[-5.826,-46.25],[-6.506,-45.75],[-6.591,-45.5],[-6.5,-45.169],[-6.195,-45.0],[-6.0,-44.777],[-5.936,-44.5],[-6.395,-44.25],[-7.18,-44.0],[-7.616,-43.75],[-7.829,-43.25],[-8.404,-42.75],[-8.427,-42.5],[-8.25,-42.274],[-8.0,-42.162],[-7.25,-42.111],[-6.25,-42.303],[-5.75,-42.316],[-5.25,-42.178],[-4.75,-41.893],[-3.5,-41.505],[-2.75,-41.421],[-2.0,-41.468],[-1.5,-41.602],[-1.0,-41.836],[1.164,-43.25],[2.0,-43.514],[4.25,-44.587],[5.0,-44.835],[5.25,-44.957],[5.5,-45.219],[5.689,-45.75],[6.372,-47.0],[6.508,-47.5],[6.366,-48.25],[6.0,-48.36],[5.75,-48.539],[5.0,-48.723],[-0.75,-48.336],[-2.25,-48.286]]]},"properties":{"variable":"swh","unit":"m","hvalue":6.0,"min":6.0,"max":8.0,"label":"6–8 m","color":"#ff9600","band":6}},{"type":"Feature","geometry":{"type":"Polygon","coordinates":[[[82.665,-40.5],[84.25,-40.225],[84.5,-40.285],[84.902,-40.5],[84.963,-40.75],[84.75,-40.862],[84.5,-40.892],[83.25,-40.83],[82.931,-40.75],[82.665,-40.5]]]},"properties":{"variable":"swh","unit":"m","hvalue":6.0,"min":6.0,"max":8.0,"label":"6–8 m","color":"#ff9600","band":6}},{"type":"Feature","geometry":{"type":"Polygon","coordinates":[[[52.768,-27.75],[52.726,-27.5],[52.744,-26.5],[53.0,-25.967],[53.5,-25.596],[53.75,-25.668],[54.217,-26.0],[54.29,-26.25],[53.75,-27.374],[53.5,-27.75],[53.25,-27.978],[52.962,-28.0],[52.768,-27.75]]]},"properties":{"variable":"swh","unit":"m","hvalue":6.0,"min":6.0,"max":8.0,"label":"6–8 m","color":"#ff9600","band":6}},{"type":"Feature","geometry":{"type":"Polygon","coordinates":[[[50.5,-25.215],[50.545,-25.25],[50.622,-25.5],[50.5,-25.642],[50.25,-25.643],[50.216,-25.5],[50.5,-25.215]]]},"properties":{"variable":"swh","unit":"m","hvalue":6.0,"min":6.0,"max":8.0,"label":"6–8 m","color":"#ff9600","band":6}},{"type":"Feature","geometry":{"type":"Polygon","coordinates":[[[-160.75,21.415],[-161.5,21.299],[-162.0,21.362],[-162.396,21.5],[-162.66,21.75],[-162.896,22.25],[-162.915,22.75],[-162.815,23.25],[-162.5,23.487],[-162.28,23.75],[-161.75,24.011],[-160.25,24.344],[-160.0,24.321],[-159.75,24.2],[-159.324,23.75],[-159.21,23.25],[-159.336,22.75],[-159.5,22.649],[-160.0,22.0],[-159.75,21.75],[-159.5,21.75],[-159.044,22.25],[-159.0,22.406],[-158.75,22.465],[-158.584,22.25],[-158.599,22.0],[-158.71,21.75],[-159.25,21.352],[-159.5,21.253],[-160.029,21.25],[-160.75,21.415]],[[-162.25,23.018],[-162.282,23.0],[-162.25,22.991],[-162.25,23.018]]]},"properties":{"variable":"swh","unit":"m","hvalue":6.0,"min":6.0,"max":8.0,"label":"6–8 m","color":"#ff9600","band":6}},{"type":"Feature","geometry":{"type":"Polygon","coordinates":[[[154.634,42.75],[154.75,42.866],[154.944,42.75],[154.726,42.5],[154.634,42.75]]]},"properties":{"variable":"swh","unit":"m","hvalue":6.0,"min":6.0,"max":8.0,"label":"6–8 m","color":"#ff9600","band":6}},{"type":"Feature","geometry":{"type":"Polygon","coordinates":[[[134.75,-60.868],[134.997,-60.75],[134.5,-60.739],[134.0,-60.901],[133.75,-60.887],[133.108,-60.5],[130.791,-60.25],[128.699,-59.75],[128.188,-59.5],[128.304,-59.25],[127.645,-59.0],[128.134,-58.75],[128.19,-58.5],[127.25,-58.336],[126.5,-58.131],[125.835,-57.75],[125.694,-57.5],[125.332,-57.25],[124.69,-57.0],[124.565,-56.5],[124.711,-56.0],[123.958,-55.75],[123.613,-55.5],[124.016,-55.0],[124.021,-54.75],[123.25,-54.446],[122.25,-54.28],[121.843,-54.0],[122.5,-53.706],[123.913,-53.25],[123.75,-53.156],[122.75,-52.937],[122.459,-52.75],[122.429,-52.5],[122.54,-52.25],[123.623,-51.25],[124.045,-51.0],[125.0,-50.648],[125.564,-50.25],[125.295,-49.75],[125.418,-49.5],[125.278,-49.25],[125.32,-49.0],[125.238,-48.75],[125.401,-48.25],[125.555,-48.0],[126.024,-47.5],[126.635,-47.0],[127.418,-46.0],[128.0,-45.419],[130.0,-44.401],[131.0,-44.019],[131.255,-44.0],[132.0,-44.216],[133.5,-43.994],[134.5,-44.216],[134.75,-44.33],[135.5,-44.923],[136.046,-45.0],[136.75,-45.387],[137.75,-45.746],[138.626,-46.25],[138.748,-46.5],[138.701,-46.75],[138.757,-47.0],[139.5,-47.581],[140.0,-47.747],[140.75,-47.811],[141.0,-47.896],[141.25,-48.126],[141.732,-48.25],[141.507,-48.75],[141.75,-48.905],[142.5,-49.114],[143.75,-49.295],[144.342,-49.5],[144.5,-49.925],[144.679,-50.0],[144.5,-50.093],[144.408,-50.25],[144.598,-50.75],[144.546,-51.0],[144.826,-51.25],[146.0,-51.414],[146.143,-51.5],[146.135,-51.75],[145.827,-52.0],[145.577,-52.5],[146.539,-53.0],[146.7,-53.25],[146.998,-53.5],[147.104,-53.75],[147.0,-53.869],[146.371,-54.0],[146.25,-54.102],[146.203,-54.25],[146.25,-54.582],[145.956,-55.0],[146.139,-55.25],[146.488,-55.5],[146.591,-56.0],[146.045,-56.25],[146.413,-56.75],[145.43,-57.25],[145.08,-57.5],[144.811,-58.0],[144.5,-58.212],[143.75,-58.528],[142.154,-59.0],[140.75,-59.157],[138.5,-59.776],[136.854,-60.0],[135.571,-60.75],[135.255,-61.0],[134.644,-61.0],[134.75,-60.868]]]},"properties":{"variable":"swh","unit":"m","hvalue":8.0,"min":8.0,"max":10.0,"label":"8–10 m","color":"#fa3c3c","band":7}},{"type":"Feature","geometry":{"type":"Polygon","coordinates":[[[92.09,-56.75],[92.037,-56.5],[92.25,-56.341],[92.5,-56.281],[93.75,-56.171],[94.75,-56.675],[95.041,-57.0],[94.97,-57.25],[94.75,-57.308],[94.0,-57.33],[92.463,-57.0],[92.09,-56.75]]]},"properties":{"variable":"swh","unit":"m","hvalue":8.0,"min":8.0,"max":10.0,"label":"8–10 m","color":"#fa3c3c","band":7}},{"type":"Feature","geometry":{"type":"Polygon","coordinates":[[[-146.915,-52.0],[-147.25,-51.878],[-148.07,-51.75],[-148.092,-51.5],[-147.871,-51.25],[-147.5,-50.991],[-146.503,-50.5],[-146.25,-50.209],[-145.25,-49.953],[-144.0,-50.109],[-143.117,-50.5],[-143.208,-50.75],[-142.479,-51.0],[-143.0,-51.046],[-143.25,-51.143],[-143.401,-51.25],[-143.494,-51.5],[-143.724,-51.75],[-143.25,-52.213],[-143.11,-52.25],[-146.0,-52.584],[-146.696,-52.5],[-146.915,-52.0]]]},"properties":{"variable":"swh","unit":"m","hvalue":8.0,"min":8.0,"max":10.0,"label":"8–10 m","color":"#fa3c3c","band":7}},{"type":"Feature","geometry":{"type":"Polygon","coordinates":[[[-141.5,-52.221],[-141.378,-52.25],[-141.5,-52.303],[-141.638,-52.25],[-141.5,-52.221]]]},"properties":{"variable":"swh","unit":"m","hvalue":8.0,"min":8.0,"max":10.0,"label":"8–10 m","color":"#fa3c3c","band":7}},{"type":"Feature","geometry":{"type":"Polygon","coordinates":[[[83.45,-48.25],[83.179,-47.75],[83.25,-47.47],[82.75,-47.553],[82.5,-47.455],[81.75,-47.484],[81.25,-47.61],[80.25,-48.024],[79.75,-48.068],[77.0,-47.937],[76.5,-47.786],[76.0,-47.473],[75.136,-47.25],[74.985,-47.0],[76.243,-46.5],[77.25,-45.849],[77.854,-45.75],[77.5,-45.496],[77.0,-45.502],[76.5,-45.411],[75.5,-45.678],[75.0,-45.884],[74.25,-46.014],[73.0,-46.013],[72.0,-46.144],[71.25,-46.06],[71.095,-46.0],[71.75,-45.659],[72.294,-45.25],[72.431,-45.0],[72.349,-44.75],[72.0,-44.543],[71.25,-44.773],[69.5,-45.018],[68.977,-45.0],[69.029,-44.5],[68.816,-44.25],[69.295,-43.75],[69.182,-43.5],[69.266,-43.25],[69.0,-43.163],[68.5,-43.237],[68.0,-43.47],[67.25,-43.665],[67.0,-43.81],[66.5,-43.886],[66.25,-43.821],[66.223,-43.75],[66.691,-43.25],[66.829,-43.0],[67.075,-42.75],[67.469,-42.5],[67.778,-41.5],[68.46,-41.25],[68.75,-41.042],[68.91,-41.0],[68.73,-40.75],[68.25,-40.511],[68.0,-40.474],[67.5,-40.553],[67.0,-40.918],[66.75,-40.999],[66.25,-40.904],[65.5,-41.079],[65.25,-41.072],[64.75,-41.004],[64.5,-40.871],[64.347,-40.5],[64.385,-40.25],[64.545,-40.0],[65.159,-39.5],[65.655,-39.0],[65.816,-38.75],[65.25,-38.371],[64.954,-38.25],[66.0,-38.094],[66.5,-37.953],[67.25,-38.055],[69.0,-37.803],[69.25,-37.815],[69.739,-38.0],[70.25,-38.571],[71.22,-39.0],[71.5,-39.054],[72.5,-39.06],[73.5,-39.489],[73.778,-39.75],[73.958,-40.25],[74.884,-40.75],[75.016,-41.0],[74.99,-41.75],[75.11,-42.5],[75.222,-42.75],[75.049,-43.25],[75.25,-43.455],[76.0,-43.398],[76.25,-43.45],[76.5,-43.657],[76.582,-43.75],[76.516,-44.0],[76.75,-44.322],[77.012,-44.5],[76.921,-44.75],[76.711,-45.0],[76.75,-45.057],[77.0,-45.194],[78.5,-45.077],[78.75,-45.129],[78.796,-45.25],[78.476,-45.75],[78.67,-46.0],[78.75,-46.229],[79.25,-46.199],[80.5,-46.346],[80.714,-46.5],[80.816,-46.75],[81.25,-46.775],[82.0,-46.676],[82.764,-47.0],[83.0,-47.239],[83.5,-47.133],[84.25,-47.238],[84.75,-47.455],[86.001,-47.75],[86.203,-48.25],[86.635,-48.75],[86.5,-48.963],[85.75,-48.707],[85.25,-48.715],[84.75,-48.848],[84.428,-48.75],[83.45,-48.25]],[[78.5,-46.202],[78.426,-46.25],[78.713,-46.25],[78.5,-46.202]]]},"properties":{"variable":"swh","unit":"m","hvalue":8.0,"min":8.0,"max":10.0,"label":"8–10 m","color":"#fa3c3c","band":7}},{"type":"Feature","geometry":{"type":"Polygon","coordinates":[[[-1.25,-47.317],[-2.0,-47.091],[-2.551,-46.75],[-3.0,-46.606],[-3.139,-46.5],[-3.303,-46.0],[-2.696,-45.75],[-2.557,-45.5],[-2.553,-45.25],[-2.5,-45.2],[-2.0,-45.164],[-1.25,-45.223],[-0.5,-45.598],[-0.318,-45.75],[-0.118,-46.25],[0.021,-46.75],[-0.031,-47.0],[-0.227,-47.25],[-0.5,-47.427],[-0.75,-47.524],[-0.918,-47.5],[-1.25,-47.317]]]},"properties":{"variable":"swh","unit":"m","hvalue":8.0,"min":8.0,"max":10.0,"label":"8–10 m","color":"#fa3c3c","band":7}},{"type":"Feature","geometry":{"type":"Polygon","coordinates":[[[2.5,-46.335],[2.964,-46.5],[2.5,-46.553],[2.325,-46.5],[2.5,-46.335]]]},"properties":{"variable":"swh","unit":"m","hvalue":8.0,"min":8.0,"max":10.0,"label":"8–10 m","color":"#fa3c3c","band":7}},{"type":"Feature","geometry":{"type":"Polygon","coordinates":[[[2.75,-45.158],[3.25,-45.188],[3.953,-45.5],[3.75,-45.656],[3.25,-45.607],[2.637,-45.25],[2.75,-45.158]]]},"properties":{"variable":"swh","unit":"m","hvalue":8.0,"min":8.0,"max":10.0,"label":"8–10 m","color":"#fa3c3c","band":7}},{"type":"Feature","geometry":{"type":"Polygon","coordinates":[[[65.37,-42.0],[65.5,-41.895],[66.0,-41.685],[66.25,-41.708],[66.09,-42.0],[65.602,-42.25],[65.299,-42.25],[65.37,-42.0]]]},"properties":{"variable":"swh","unit":"m","hvalue":8.0,"min":8.0,"max":10.0,"label":"8–10 m","color":"#fa3c3c","band":7}},{"type":"Feature","geometry":{"type":"Polygon","coordinates":[[[-161.921,22.25],[-162.063,22.5],[-161.987,23.0],[-161.75,23.285],[-161.0,23.684],[-160.5,23.771],[-160.25,23.674],[-159.856,23.25],[-159.796,23.0],[-159.894,22.5],[-160.093,22.25],[-160.5,21.949],[-161.75,22.114],[-161.921,22.25]]]},"properties":{"variable":"swh","unit":"m","hvalue":8.0,"min":8.0,"max":10.0,"label":"8–10 m","color":"#fa3c3c","band":7}},{"type":"Feature","geometry":{"type":"Polygon","coordinates":[[[133.75,-58.032],[132.5,-57.727],[130.217,-57.0],[129.018,-56.75],[128.526,-56.5],[128.67,-56.0],[128.452,-55.75],[128.809,-55.5],[128.955,-55.25],[128.965,-55.0],[128.561,-54.5],[128.688,-54.25],[129.333,-53.75],[129.537,-53.5],[129.25,-53.29],[128.5,-53.054],[127.75,-52.927],[127.5,-52.818],[127.417,-52.75],[127.352,-52.5],[127.51,-52.25],[128.527,-51.75],[128.596,-50.75],[128.515,-50.5],[128.883,-49.75],[129.4,-49.25],[129.394,-49.0],[130.378,-48.25],[130.58,-47.75],[130.75,-47.581],[131.5,-47.119],[132.0,-47.04],[133.0,-47.089],[133.595,-47.5],[134.0,-47.943],[134.25,-48.045],[134.66,-48.5],[134.754,-48.75],[135.119,-49.0],[135.5,-49.077],[136.25,-49.099],[136.887,-49.25],[137.021,-49.5],[136.856,-49.75],[137.0,-49.959],[137.75,-50.097],[137.934,-50.25],[138.058,-50.5],[138.815,-50.75],[138.994,-51.0],[139.25,-51.172],[140.0,-51.41],[140.12,-51.5],[140.333,-52.0],[141.081,-52.25],[141.566,-52.5],[141.822,-53.0],[141.647,-53.25],[141.698,-53.5],[142.175,-54.0],[142.272,-54.25],[142.5,-54.479],[142.963,-54.75],[143.031,-55.0],[142.826,-55.25],[142.76,-55.5],[142.596,-55.75],[142.255,-56.0],[141.028,-56.5],[140.0,-57.282],[137.75,-58.096],[137.0,-58.204],[135.38,-58.25],[133.75,-58.032]]]},"properties":{"variable":"swh","unit":"m","hvalue":10.0,"min":10.0,"max":13.1,"label":"10–13.1 m","color":"#c80000","band":8}},{"type":"Feature","geometry":{"type":"Polygon","coordinates":[[[-161.461,22.75],[-161.461,23.0],[-161.0,23.386],[-160.75,23.446],[-160.5,23.414],[-160.283,23.25],[-160.153,23.0],[-160.103,22.75],[-160.175,22.5],[-160.5,22.257],[-160.863,22.5],[-161.461,22.75]]]},"properties":{"variable":"swh","unit":"m","hvalue":10.0,"min":10.0,"max":13.1,"label":"10–13.1 m","color":"#c80000","band":8}}]}