{"type":"FeatureCollection","features":[{"type":"Feature","geometry":{"type":"Polygon","coordinates":[[[-149.75,-77.25],[-149.5,-77.0],[-149.25,-77.25],[-149.5,-77.25],[-149.75,-77.25]]]},"properties":{"hvalue":1.15,"color":"#E2EBF5"}},{"type":"Feature","geometry":{"type":"Polygon","coordinates":[[[-147.25,-76.75],[-147.5,-77.0],[-147.25,-77.25],[-147.75,-77.25],[-148.0,-77.0],[-148.75,-77.0],[-148.5,-76.75],[-147.25,-76.75]]]},"properties":{"hvalue":1.15,"color":"#E2EBF5"}},{"type":"Feature","geometry":{"type":"Polygon","coordinates":[[[-145.5,-77.0],[-146.75,-77.0],[-146.5,-76.75],[-145.75,-76.75],[-145.5,-77.0]]]},"properties":{"hvalue":1.15,"color":"#E2EBF5"}},{"type":"Feature","geometry":{"type":"Polygon","coordinates":[[[-125.0,-73.75],[-125.0,-73.5],[-124.75,-73.75],[-125.0,-73.75]]]},"properties":{"hvalue":1.15,"color":"#E2EBF5"}},{"type":"Feature","geometry":{"type":"Polygon","coordinates":[[[-180.0,-78.0],[-180.0,-65.464],[-179.25,-65.504],[-178.931,-65.75],[-178.5,-65.922],[-177.5,-65.863],[-176.25,-66.192],[-175.0,-66.32],[-173.5,-66.274],[-170.5,-66.356],[-166.25,-66.066],[-161.5,-66.072],[-160.0,-65.884],[-157.0,-65.216],[-155.716,-64.75],[-153.5,-63.729],[-152.244,-63.25],[-149.813,-61.75],[-148.063,-60.25],[-147.75,-60.135],[-147.0,-60.239],[-146.5,-60.498],[-145.859,-61.0],[-145.25,-61.226],[-144.0,-61.317],[-142.25,-61.834],[-141.563,-62.25],[-141.187,-62.75],[-140.593,-63.25],[-140.5,-63.514],[-138.75,-63.816],[-138.568,-64.0],[-139.014,-64.5],[-139.028,-64.75],[-138.596,-65.0],[-138.25,-65.041],[-138.0,-65.254],[-137.5,-65.306],[-137.25,-65.5],[-134.5,-65.596],[-134.099,-65.75],[-134.0,-66.074],[-131.5,-66.128],[-129.5,-66.482],[-128.5,-66.41],[-127.25,-66.502],[-126.75,-66.375],[-126.5,-66.39],[-126.0,-66.637],[-125.75,-66.66],[-123.0,-66.566],[-122.523,-67.0],[-120.5,-67.131],[-120.223,-67.25],[-120.317,-67.5],[-120.041,-67.75],[-119.5,-67.939],[-118.0,-68.146],[-117.25,-68.347],[-115.5,-68.635],[-115.0,-68.66],[-114.25,-68.614],[-113.0,-68.01],[-112.75,-67.96],[-112.0,-67.996],[-111.25,-68.136],[-110.25,-68.0],[-109.702,-67.75],[-110.172,-67.5],[-110.128,-67.25],[-109.75,-67.067],[-109.5,-67.064],[-108.0,-67.72],[-105.5,-68.131],[-104.75,-68.433],[-102.0,-68.89],[-100.25,-68.987],[-99.75,-68.815],[-99.672,-68.75],[-99.71,-68.5],[-99.366,-68.25],[-94.75,-67.906],[-92.5,-67.661],[-90.25,-67.253],[-88.395,-66.75],[-87.25,-66.671],[-86.75,-66.933],[-86.5,-66.948],[-85.524,-66.75],[-84.0,-66.768],[-83.0,-66.66],[-80.203,-65.75],[-79.831,-65.5],[-79.705,-65.25],[-79.5,-65.078],[-79.0,-64.916],[-78.25,-64.859],[-77.25,-64.961],[-76.75,-64.916],[-75.5,-64.639],[-73.5,-64.382],[-71.799,-64.0],[-69.25,-63.669],[-67.75,-63.275],[-66.0,-63.122],[-65.25,-62.848],[-63.75,-62.506],[-63.5,-62.513],[-63.439,-62.75],[-64.0,-63.14],[-64.25,-63.408],[-64.316,-63.5],[-64.321,-64.0],[-64.612,-64.25],[-64.5,-64.406],[-63.747,-64.247],[-64.25,-64.75],[-64.0,-65.0],[-64.25,-65.25],[-64.0,-65.5],[-64.5,-65.5],[-64.75,-65.75],[-64.75,-66.0],[-65.0,-65.75],[-65.25,-66.0],[-65.5,-66.0],[-65.75,-66.25],[-65.75,-66.5],[-66.25,-66.5],[-66.5,-66.75],[-66.5,-67.0],[-67.5,-67.0],[-67.75,-67.25],[-67.75,-66.75],[-68.0,-66.5],[-68.25,-66.75],[-68.5,-66.75],[-68.75,-67.0],[-68.75,-67.25],[-69.25,-67.25],[-69.5,-67.5],[-69.25,-67.75],[-69.0,-67.75],[-68.75,-68.0],[-68.5,-67.75],[-68.0,-67.75],[-67.75,-67.5],[-67.75,-67.75],[-67.5,-68.0],[-67.25,-68.0],[-67.0,-68.25],[-67.25,-68.5],[-67.25,-68.75],[-67.5,-69.0],[-67.25,-69.25],[-68.75,-69.25],[-69.0,-69.5],[-68.75,-69.75],[-68.25,-69.75],[-68.5,-70.0],[-69.25,-70.0],[-69.0,-69.75],[-69.5,-69.25],[-69.75,-69.25],[-69.75,-69.0],[-70.0,-68.75],[-72.0,-68.75],[-72.25,-69.0],[-72.25,-69.25],[-72.75,-69.25],[-73.0,-69.5],[-72.75,-69.75],[-74.5,-69.75],[-74.75,-69.5],[-75.25,-69.5],[-75.5,-69.75],[-75.75,-69.75],[-76.0,-70.0],[-75.75,-70.25],[-74.75,-70.25],[-74.5,-70.5],[-75.25,-70.5],[-75.5,-70.75],[-76.5,-70.75],[-76.75,-71.0],[-76.5,-71.25],[-74.75,-71.25],[-74.5,-71.0],[-74.25,-71.25],[-74.5,-71.5],[-75.0,-71.5],[-75.25,-71.75],[-74.75,-72.25],[-73.25,-72.25],[-73.25,-72.5],[-73.0,-72.75],[-72.5,-72.75],[-72.75,-73.0],[-74.0,-73.0],[-74.25,-72.75],[-76.0,-72.75],[-76.25,-72.5],[-77.25,-72.5],[-77.5,-72.25],[-77.75,-72.5],[-78.25,-72.5],[-78.5,-72.25],[-79.0,-72.25],[-79.25,-72.5],[-79.0,-72.75],[-79.144,-72.894],[-80.5,-72.964],[-80.675,-73.25],[-81.0,-73.25],[-81.25,-73.5],[-81.119,-73.631],[-81.75,-73.607],[-82.25,-73.737],[-82.555,-73.695],[-82.75,-73.5],[-84.8,-73.45],[-85.0,-73.25],[-85.25,-73.25],[-85.5,-73.0],[-86.0,-73.0],[-86.25,-72.75],[-88.25,-72.75],[-88.5,-72.5],[-94.0,-72.424],[-95.25,-72.234],[-95.347,-72.0],[-95.5,-71.933],[-95.75,-71.99],[-96.052,-71.948],[-96.25,-71.75],[-102.25,-71.75],[-102.5,-72.0],[-102.5,-72.25],[-103.0,-72.75],[-103.25,-72.75],[-103.5,-73.0],[-103.5,-73.25],[-103.25,-73.5],[-102.75,-73.5],[-103.0,-73.75],[-102.75,-74.0],[-102.0,-74.0],[-101.75,-74.25],[-102.0,-74.25],[-102.25,-74.5],[-102.0,-74.75],[-101.25,-74.75],[-101.5,-75.0],[-105.0,-75.0],[-105.25,-74.75],[-106.5,-74.75],[-106.75,-74.5],[-107.25,-74.5],[-107.882,-75.132],[-108.389,-75.111],[-108.5,-75.0],[-109.0,-75.0],[-109.25,-74.75],[-109.75,-74.75],[-110.5,-74.0],[-113.75,-74.0],[-114.0,-73.75],[-115.0,-73.75],[-115.25,-74.0],[-116.0,-74.0],[-116.25,-73.75],[-116.75,-73.75],[-117.0,-74.0],[-118.5,-74.0],[-118.75,-73.75],[-122.0,-73.75],[-122.25,-73.5],[-122.5,-73.5],[-122.75,-73.75],[-124.25,-73.75],[-124.0,-73.5],[-124.0,-73.25],[-124.25,-73.0],[-124.5,-73.25],[-124.75,-73.25],[-125.0,-73.0],[-125.25,-73.25],[-127.0,-73.25],[-127.25,-73.5],[-127.25,-73.75],[-127.5,-74.0],[-128.0,-74.0],[-128.25,-74.25],[-132.75,-74.25],[-133.0,-74.5],[-136.5,-74.5],[-137.0,-75.0],[-139.75,-75.0],[-140.25,-75.5],[-140.5,-75.25],[-140.75,-75.5],[-141.0,-75.25],[-141.25,-75.5],[-141.5,-75.25],[-141.75,-75.25],[-142.0,-75.5],[-142.25,-75.25],[-142.75,-75.25],[-143.0,-75.5],[-144.5,-75.5],[-144.75,-75.75],[-145.0,-75.75],[-145.25,-75.5],[-145.5,-75.75],[-146.25,-75.75],[-146.5,-76.0],[-148.5,-76.0],[-148.75,-76.25],[-149.25,-76.25],[-149.5,-76.5],[-149.25,-76.75],[-149.5,-77.0],[-150.0,-76.5],[-150.75,-76.5],[-151.0,-76.75],[-150.75,-77.0],[-151.0,-77.25],[-151.25,-77.0],[-151.5,-77.25],[-154.0,-77.25],[-154.25,-77.0],[-158.0,-77.0],[-158.25,-77.25],[-158.085,-77.415],[-158.397,-77.5],[-158.5,-77.75],[-158.25,-78.0],[-180.0,-78.0]]]},"properties":{"hvalue":1.15,"color":"#E2EBF5"}},{"type":"Feature","geometry":{"type":"Polygon","coordinates":[[[-120.973,-66.25],[-121.75,-66.372],[-121.979,-66.25],[-121.5,-65.972],[-121.0,-65.92],[-120.662,-66.0],[-120.973,-66.25]]]},"properties":{"hvalue":1.15,"color":"#E2EBF5"}},{"type":"Feature","geometry":{"type":"Polygon","coordinates":[[[-176.435,-43.815],[-176.5,-43.75],[-176.611,-43.75],[-176.5,-43.702],[-176.39,-43.75],[-176.435,-43.815]]]},"properties":{"hvalue":1.15,"color":"#E2EBF5"}},{"type":"Feature","geometry":{"type":"Polygon","coordinates":[[[-174.91,-20.5],[-174.753,-20.25],[-174.75,-19.947],[-174.7,-20.5],[-174.75,-20.553],[-174.91,-20.5]]]},"properties":{"hvalue":1.15,"color":"#E2EBF5"}},{"type":"Feature","geometry":{"type":"Polygon","coordinates":[[[-174.5,-19.695],[-174.5,-19.815],[-174.608,-19.75],[-174.5,-19.695]]]},"properties":{"hvalue":1.15,"color":"#E2EBF5"}},{"type":"Feature","geometry":{"type":"Polygon","coordinates":[[[-142.25,-17.87],[-142.119,-18.0],[-142.25,-18.1],[-142.341,-18.0],[-142.25,-17.87]]]},"properties":{"hvalue":1.15,"color":"#E2EBF5"}},{"type":"Feature","geometry":{"type":"Polygon","coordinates":[[[-141.0,-18.049],[-140.955,-17.75],[-140.75,-17.59],[-140.6,-17.75],[-140.75,-17.954],[-141.0,-18.049]]]},"properties":{"hvalue":1.15,"color":"#E2EBF5"}},{"type":"Feature","geometry":{"type":"Polygon","coordinates":[[[-149.75,-17.567],[-149.805,-17.5],[-149.75,-17.423],[-149.5,-17.388],[-149.25,-17.428],[-149.21,-17.5],[-149.75,-17.567]]]},"properties":{"hvalue":1.15,"color":"#E2EBF5"}},{"type":"Feature","geometry":{"type":"Polygon","coordinates":[[[-145.5,-17.179],[-145.415,-17.25],[-145.5,-17.298],[-145.539,-17.25],[-145.5,-17.179]]]},"properties":{"hvalue":1.15,"color":"#E2EBF5"}},{"type":"Feature","geometry":{"type":"Polygon","coordinates":[[[-179.25,-17.197],[-179.363,-17.0],[-179.25,-16.851],[-179.0,-16.813],[-178.865,-17.0],[-178.867,-17.25],[-179.0,-17.373],[-179.25,-17.197]]]},"properties":{"hvalue":1.15,"color":"#E2EBF5"}},{"type":"Feature","geometry":{"type":"Polygon","coordinates":[[[-143.008,-16.75],[-142.995,-16.75],[-143.0,-16.762],[-143.008,-16.75]]]},"properties":{"hvalue":1.15,"color":"#E2EBF5"}},{"type":"Feature","geometry":{"type":"Polygon","coordinates":[[[-180.0,-15.378],[-179.374,-16.0],[-179.623,-16.75],[-179.816,-16.934],[-180.0,-16.75],[-180.0,-15.378]]]},"properties":{"hvalue":1.15,"color":"#E2EBF5"}},{"type":"Feature","geometry":{"type":"Polygon","coordinates":[[[-145.365,-16.5],[-145.757,-16.25],[-145.75,-15.834],[-146.0,-15.861],[-146.25,-15.714],[-146.5,-15.809],[-146.807,-15.75],[-146.86,-15.5],[-146.75,-15.168],[-146.25,-15.253],[-146.0,-15.583],[-145.5,-15.316],[-145.25,-15.678],[-145.0,-15.743],[-144.75,-15.694],[-144.7,-15.75],[-144.75,-16.341],[-143.893,-16.25],[-143.0,-15.959],[-142.826,-16.0],[-143.5,-16.607],[-143.75,-16.539],[-144.0,-16.67],[-144.25,-17.053],[-144.5,-16.866],[-144.75,-16.89],[-145.0,-16.694],[-145.25,-16.905],[-145.346,-16.75],[-145.365,-16.5]]]},"properties":{"hvalue":1.15,"color":"#E2EBF5"}},{"type":"Feature","geometry":{"type":"Polygon","coordinates":[[[-142.5,-15.825],[-142.384,-16.0],[-142.5,-16.13],[-142.741,-16.0],[-142.5,-15.825]]]},"properties":{"hvalue":1.15,"color":"#E2EBF5"}},{"type":"Feature","geometry":{"type":"Polygon","coordinates":[[[-148.264,-15.75],[-148.235,-15.75],[-148.25,-15.765],[-148.264,-15.75]]]},"properties":{"hvalue":1.15,"color":"#E2EBF5"}},{"type":"Feature","geometry":{"type":"Polygon","coordinates":[[[-147.204,-15.25],[-147.5,-15.337],[-147.652,-15.25],[-147.5,-15.124],[-147.204,-15.25]]]},"properties":{"hvalue":1.15,"color":"#E2EBF5"}},{"type":"Feature","geometry":{"type":"Polygon","coordinates":[[[-148.307,-15.0],[-147.941,-15.0],[-148.25,-15.11],[-148.307,-15.0]]]},"properties":{"hvalue":1.15,"color":"#E2EBF5"}},{"type":"Feature","geometry":{"type":"Polygon","coordinates":[[[-146.5,-14.463],[-146.0,-14.332],[-145.838,-14.5],[-146.0,-14.698],[-146.25,-14.735],[-146.5,-14.614],[-146.5,-14.463]]]},"properties":{"hvalue":1.15,"color":"#E2EBF5"}},{"type":"Feature","geometry":{"type":"Polygon","coordinates":[[[-144.881,-14.5],[-145.0,-14.649],[-145.25,-14.664],[-145.357,-14.5],[-145.0,-14.363],[-144.881,-14.5]]]},"properties":{"hvalue":1.15,"color":"#E2EBF5"}},{"type":"Feature","geometry":{"type":"Polygon","coordinates":[[[-178.25,-14.186],[-178.185,-14.25],[-178.25,-14.311],[-178.322,-14.25],[-178.25,-14.186]]]},"properties":{"hvalue":1.15,"color":"#E2EBF5"}},{"type":"Feature","geometry":{"type":"Polygon","coordinates":[[[-170.75,-14.163],[-170.67,-14.25],[-170.75,-14.324],[-170.852,-14.25],[-170.75,-14.163]]]},"properties":{"hvalue":1.15,"color":"#E2EBF5"}},{"type":"Feature","geometry":{"type":"Polygon","coordinates":[[[-176.25,-13.089],[-176.113,-13.25],[-176.25,-13.393],[-176.411,-13.25],[-176.25,-13.089]]]},"properties":{"hvalue":1.15,"color":"#E2EBF5"}},{"type":"Feature","geometry":{"type":"Polygon","coordinates":[[[-179.75,-11.595],[-179.639,-11.75],[-179.75,-11.891],[-180.0,-11.779],[-179.75,-11.595]]]},"properties":{"hvalue":1.15,"color":"#E2EBF5"}},{"type":"Feature","geometry":{"type":"Polygon","coordinates":[[[-158.0,-9.013],[-158.0,-8.985],[-157.988,-9.0],[-158.0,-9.013]]]},"properties":{"hvalue":1.15,"color":"#E2EBF5"}},{"type":"Feature","geometry":{"type":"Polygon","coordinates":[[[-140.266,-8.75],[-140.222,-8.75],[-140.25,-8.78],[-140.266,-8.75]]]},"properties":{"hvalue":1.15,"color":"#E2EBF5"}},{"type":"Feature","geometry":{"type":"Polygon","coordinates":[[[-156.463,20.787],[-156.463,20.713],[-156.621,20.75],[-156.463,20.787]]]},"properties":{"hvalue":1.15,"color":"#E2EBF5"}},{"type":"Feature","geometry":{"type":"Polygon","coordinates":[[[-106.068,21.75],[-106.25,21.633],[-106.5,21.6],[-106.632,21.75],[-106.5,21.953],[-106.068,21.75]]]},"properties":{"hvalue":1.15,"color":"#E2EBF5"}},{"type":"Feature","geometry":{"type":"Polygon","coordinates":[[[-111.75,24.5],[-111.596,24.346],[-111.75,24.355],[-111.936,24.5],[-111.75,24.5]]]},"properties":{"hvalue":1.15,"color":"#E2EBF5"}},{"type":"Feature","geometry":{"type":"Polygon","coordinates":[[[-110.75,25.0],[-110.75,25.25],[-111.0,25.5],[-111.0,25.75],[-111.25,26.0],[-111.25,26.5],[-112.75,28.0],[-112.75,28.25],[-113.0,28.5],[-113.0,28.75],[-113.25,29.0],[-113.066,29.184],[-112.5,28.75],[-112.0,28.75],[-112.0,28.5],[-111.75,28.25],[-111.5,28.25],[-111.0,27.75],[-110.5,27.75],[-110.75,27.5],[-110.25,27.0],[-110.0,27.0],[-110.0,26.75],[-109.75,26.5],[-109.5,26.5],[-109.25,26.25],[-109.5,26.0],[-109.5,25.75],[-109.25,25.5],[-109.0,25.5],[-108.75,25.25],[-108.5,25.25],[-108.25,25.0],[-108.25,24.75],[-108.0,24.5],[-107.75,24.5],[-107.527,24.277],[-108.0,24.248],[-108.25,24.374],[-108.5,24.35],[-108.75,24.192],[-109.25,23.44],[-110.25,24.5],[-110.5,24.25],[-110.5,24.75],[-110.75,25.0]]]},"properties":{"hvalue":1.15,"color":"#E2EBF5"}},{"type":"Feature","geometry":{"type":"Polygon","coordinates":[[[-113.25,26.75],[-113.2,26.7],[-113.389,26.75],[-113.25,26.75]]]},"properties":{"hvalue":1.15,"color":"#E2EBF5"}},{"type":"Feature","geometry":{"type":"Polygon","coordinates":[[[-114.25,28.5],[-114.25,28.0],[-114.937,28.0],[-115.117,28.25],[-114.75,28.533],[-114.591,28.841],[-114.25,28.5]]]},"properties":{"hvalue":1.15,"color":"#E2EBF5"}},{"type":"Feature","geometry":{"type":"Polygon","coordinates":[[[-112.691,29.691],[-112.5,29.5],[-112.25,29.25],[-112.5,29.25],[-112.62,29.13],[-112.579,29.25],[-112.691,29.691]]]},"properties":{"hvalue":1.15,"color":"#E2EBF5"}},{"type":"Feature","geometry":{"type":"Polygon","coordinates":[[[-114.5,31.5],[-114.25,31.25],[-114.0,31.25],[-113.75,31.5],[-113.5,31.25],[-113.25,31.25],[-113.25,30.75],[-113.0,30.5],[-113.0,30.25],[-112.75,30.0],[-112.75,29.822],[-113.5,30.749],[-113.75,30.788],[-114.0,30.73],[-114.19,30.5],[-114.25,30.176],[-114.09,29.75],[-114.25,29.75],[-114.25,30.0],[-114.5,30.25],[-114.5,30.75],[-114.75,31.0],[-114.75,31.5],[-114.5,31.5]]]},"properties":{"hvalue":1.15,"color":"#E2EBF5"}},{"type":"Feature","geometry":{"type":"Polygon","coordinates":[[[-118.5,33.695],[-118.401,33.5],[-118.5,33.399],[-118.568,33.5],[-118.5,33.695]]]},"properties":{"hvalue":1.15,"color":"#E2EBF5"}},{"type":"Feature","geometry":{"type":"Polygon","coordinates":[[[-119.87,34.25],[-119.75,34.25],[-119.867,34.133],[-119.87,34.25]]]},"properties":{"hvalue":1.15,"color":"#E2EBF5"}},{"type":"Feature","geometry":{"type":"Polygon","coordinates":[[[-119.682,34.182],[-119.75,34.25],[-119.556,34.25],[-119.682,34.182]]]},"properties":{"hvalue":1.15,"color":"#E2EBF5"}},{"type":"Feature","geometry":{"type":"Polygon","coordinates":[[[-124.25,41.075],[-124.25,40.75],[-124.408,40.592],[-124.25,41.075]]]},"properties":{"hvalue":1.15,"color":"#E2EBF5"}},{"type":"Feature","geometry":{"type":"Polygon","coordinates":[[[-124.418,41.918],[-124.25,41.75],[-124.25,41.452],[-124.257,41.5],[-124.418,41.918]]]},"properties":{"hvalue":1.15,"color":"#E2EBF5"}},{"type":"Feature","geometry":{"type":"Polygon","coordinates":[[[-124.955,43.75],[-125.012,44.25],[-124.949,44.5],[-124.541,45.25],[-124.576,46.0],[-124.465,46.5],[-124.572,47.25],[-124.708,47.5],[-124.736,47.75],[-124.955,48.0],[-125.095,48.5],[-126.454,49.25],[-126.25,49.25],[-126.0,49.0],[-125.75,49.0],[-125.5,48.75],[-125.25,48.75],[-125.0,48.5],[-124.5,48.5],[-124.75,48.25],[-124.75,48.0],[-124.5,47.75],[-124.5,47.5],[-124.0,47.0],[-124.25,46.75],[-123.75,46.25],[-124.0,46.0],[-124.0,45.25],[-124.25,45.0],[-124.25,43.75],[-124.5,43.5],[-124.5,43.0],[-124.75,42.75],[-124.5,42.5],[-124.5,42.186],[-124.75,42.649],[-124.912,42.75],[-125.032,43.5],[-124.955,43.75]]]},"properties":{"hvalue":1.15,"color":"#E2EBF5"}},{"type":"Feature","geometry":{"type":"Polygon","coordinates":[[[-123.25,49.25],[-122.5,48.5],[-122.5,48.25],[-123.5,48.25],[-123.25,48.5],[-123.25,48.75],[-123.5,49.0],[-123.75,49.0],[-123.75,49.25],[-123.25,49.25]]]},"properties":{"hvalue":1.15,"color":"#E2EBF5"}},{"type":"Feature","geometry":{"type":"Polygon","coordinates":[[[-127.0,49.75],[-126.813,49.563],[-127.107,49.75],[-127.0,49.75]]]},"properties":{"hvalue":1.15,"color":"#E2EBF5"}},{"type":"Feature","geometry":{"type":"Polygon","coordinates":[[[-127.5,50.0],[-127.437,49.937],[-127.568,50.0],[-127.5,50.0]]]},"properties":{"hvalue":1.15,"color":"#E2EBF5"}},{"type":"Feature","geometry":{"type":"Polygon","coordinates":[[[-174.14,52.25],[-174.25,52.206],[-174.679,52.25],[-174.25,52.484],[-174.14,52.25]]]},"properties":{"hvalue":1.15,"color":"#E2EBF5"}},{"type":"Feature","geometry":{"type":"Polygon","coordinates":[[[-128.374,51.25],[-129.75,51.827],[-131.0,51.909],[-131.162,52.088],[-131.0,52.25],[-131.5,52.75],[-131.5,53.0],[-131.75,53.25],[-131.75,53.75],[-131.5,54.0],[-131.75,54.25],[-133.0,54.25],[-133.137,54.113],[-133.116,54.25],[-133.0,54.373],[-132.75,54.367],[-132.365,54.5],[-132.703,54.547],[-132.5,54.75],[-132.25,54.75],[-132.0,55.0],[-131.75,55.0],[-131.5,54.75],[-131.25,55.0],[-131.0,55.0],[-130.5,54.5],[-130.5,54.25],[-130.75,54.0],[-130.5,53.75],[-130.5,53.5],[-130.0,53.0],[-129.25,53.0],[-129.5,52.75],[-129.0,52.25],[-128.75,52.5],[-128.0,51.75],[-128.25,51.5],[-128.0,51.25],[-127.75,51.5],[-127.75,51.0],[-128.25,51.0],[-128.5,50.75],[-128.417,50.667],[-128.678,50.75],[-128.792,51.0],[-128.374,51.25]]]},"properties":{"hvalue":1.15,"color":"#E2EBF5"}},{"type":"Feature","geometry":{"type":"Polygon","coordinates":[[[-169.587,53.0],[-169.75,52.936],[-170.058,53.0],[-169.75,53.2],[-169.587,53.0]]]},"properties":{"hvalue":1.15,"color":"#E2EBF5"}},{"type":"Feature","geometry":{"type":"Polygon","coordinates":[[[-162.399,54.5],[-162.5,54.452],[-162.772,54.5],[-162.5,54.654],[-162.399,54.5]]]},"properties":{"hvalue":1.15,"color":"#E2EBF5"}},{"type":"Feature","geometry":{"type":"Polygon","coordinates":[[[-161.263,55.263],[-162.25,54.815],[-162.668,54.832],[-162.5,55.0],[-162.0,55.0],[-161.5,55.5],[-161.263,55.263]]]},"properties":{"hvalue":1.15,"color":"#E2EBF5"}},{"type":"Feature","geometry":{"type":"Polygon","coordinates":[[[-133.5,55.091],[-133.652,55.25],[-133.701,55.451],[-133.296,55.046],[-133.5,55.091]]]},"properties":{"hvalue":1.15,"color":"#E2EBF5"}},{"type":"Feature","geometry":{"type":"Polygon","coordinates":[[[-159.298,55.5],[-159.25,55.226],[-159.5,55.079],[-160.0,55.035],[-160.287,55.213],[-160.25,55.5],[-160.0,55.5],[-159.75,55.75],[-159.5,55.5],[-159.25,55.75],[-159.152,55.75],[-159.298,55.5]]]},"properties":{"hvalue":1.15,"color":"#E2EBF5"}},{"type":"Feature","geometry":{"type":"Polygon","coordinates":[[[-132.25,55.5],[-132.25,55.75],[-132.0,55.5],[-132.25,55.5]]]},"properties":{"hvalue":1.15,"color":"#E2EBF5"}},{"type":"Feature","geometry":{"type":"Polygon","coordinates":[[[-134.0,56.0],[-133.75,55.682],[-134.288,56.0],[-134.669,56.081],[-134.5,56.25],[-134.25,56.0],[-134.0,56.0]]]},"properties":{"hvalue":1.15,"color":"#E2EBF5"}},{"type":"Feature","geometry":{"type":"Polygon","coordinates":[[[-158.0,56.25],[-157.685,56.5],[-158.005,56.245],[-158.0,56.25]]]},"properties":{"hvalue":1.15,"color":"#E2EBF5"}},{"type":"Feature","geometry":{"type":"Polygon","coordinates":[[[-157.25,56.75],[-157.0,56.75],[-156.839,56.911],[-157.0,56.724],[-157.394,56.606],[-157.25,56.75]]]},"properties":{"hvalue":1.15,"color":"#E2EBF5"}},{"type":"Feature","geometry":{"type":"Polygon","coordinates":[[[-154.25,56.75],[-154.75,56.434],[-154.844,56.5],[-154.702,57.0],[-154.739,57.239],[-154.25,56.75]]]},"properties":{"hvalue":1.15,"color":"#E2EBF5"}},{"type":"Feature","geometry":{"type":"Polygon","coordinates":[[[-134.5,57.0],[-134.25,57.0],[-134.5,56.75],[-134.5,57.0]]]},"properties":{"hvalue":1.15,"color":"#E2EBF5"}},{"type":"Feature","geometry":{"type":"Polygon","coordinates":[[[-135.725,57.0],[-135.5,57.0],[-135.5,56.834],[-135.725,57.0]]]},"properties":{"hvalue":1.15,"color":"#E2EBF5"}},{"type":"Feature","geometry":{"type":"Polygon","coordinates":[[[-156.25,57.25],[-156.181,57.25],[-156.319,57.181],[-156.25,57.25]]]},"properties":{"hvalue":1.15,"color":"#E2EBF5"}},{"type":"Feature","geometry":{"type":"Polygon","coordinates":[[[-133.75,57.5],[-133.75,57.75],[-133.5,57.5],[-134.0,57.0],[-134.25,57.0],[-133.75,57.5]]]},"properties":{"hvalue":1.15,"color":"#E2EBF5"}},{"type":"Feature","geometry":{"type":"Polygon","coordinates":[[[-152.5,58.0],[-152.067,58.0],[-152.25,57.623],[-152.25,57.75],[-152.5,58.0]]]},"properties":{"hvalue":1.15,"color":"#E2EBF5"}},{"type":"Feature","geometry":{"type":"Polygon","coordinates":[[[-136.707,58.043],[-136.973,58.25],[-136.5,58.25],[-136.707,58.043]]]},"properties":{"hvalue":1.15,"color":"#E2EBF5"}},{"type":"Feature","geometry":{"type":"Polygon","coordinates":[[[-136.25,58.25],[-136.0,58.5],[-136.0,58.25],[-136.25,58.25]]]},"properties":{"hvalue":1.15,"color":"#E2EBF5"}},{"type":"Feature","geometry":{"type":"Polygon","coordinates":[[[-138.0,58.618],[-138.25,58.86],[-138.584,59.0],[-138.25,59.0],[-137.872,58.622],[-138.0,58.618]]]},"properties":{"hvalue":1.15,"color":"#E2EBF5"}},{"type":"Feature","geometry":{"type":"Polygon","coordinates":[[[-155.0,58.0],[-154.75,57.75],[-154.5,58.0],[-154.25,58.0],[-154.0,58.25],[-154.0,58.5],[-153.5,58.5],[-153.25,58.75],[-153.75,59.25],[-153.5,59.5],[-153.0,59.409],[-152.886,59.5],[-152.955,59.545],[-152.5,60.0],[-152.5,60.25],[-152.25,60.5],[-152.0,60.5],[-151.75,60.75],[-151.5,60.75],[-151.25,61.0],[-151.0,61.0],[-151.25,60.75],[-151.25,60.5],[-152.0,59.75],[-151.75,59.5],[-152.0,59.5],[-152.25,59.25],[-151.977,59.0],[-151.75,58.395],[-151.72,58.25],[-151.75,58.219],[-151.829,58.171],[-151.75,58.25],[-152.0,58.5],[-152.25,58.5],[-152.5,58.75],[-152.75,58.5],[-153.0,58.5],[-153.5,58.0],[-153.75,58.0],[-154.0,57.75],[-154.5,57.75],[-154.75,57.5],[-154.75,57.264],[-154.933,57.5],[-154.99,57.75],[-155.653,57.597],[-155.5,57.75],[-155.25,57.75],[-155.0,58.0]]]},"properties":{"hvalue":1.15,"color":"#E2EBF5"}},{"type":"Feature","geometry":{"type":"Polygon","coordinates":[[[-139.677,59.25],[-139.0,59.25],[-138.79,59.04],[-139.25,59.082],[-139.677,59.25]]]},"properties":{"hvalue":1.15,"color":"#E2EBF5"}},{"type":"Feature","geometry":{"type":"Polygon","coordinates":[[[-140.633,59.5],[-140.0,59.5],[-139.776,59.276],[-140.633,59.5]]]},"properties":{"hvalue":1.15,"color":"#E2EBF5"}},{"type":"Feature","geometry":{"type":"Polygon","coordinates":[[[-141.25,59.75],[-141.086,59.586],[-141.545,59.75],[-141.5,59.75],[-141.25,59.75]]]},"properties":{"hvalue":1.15,"color":"#E2EBF5"}},{"type":"Feature","geometry":{"type":"Polygon","coordinates":[[[-147.75,60.0],[-147.599,59.849],[-147.928,59.822],[-147.75,60.0]]]},"properties":{"hvalue":1.15,"color":"#E2EBF5"}},{"type":"Feature","geometry":{"type":"Polygon","coordinates":[[[-148.25,60.0],[-148.088,59.838],[-148.392,59.858],[-148.25,60.0]]]},"properties":{"hvalue":1.15,"color":"#E2EBF5"}},{"type":"Feature","geometry":{"type":"Polygon","coordinates":[[[-142.0,60.0],[-141.863,59.863],[-142.184,60.0],[-142.0,60.0]]]},"properties":{"hvalue":1.15,"color":"#E2EBF5"}},{"type":"Feature","geometry":{"type":"Polygon","coordinates":[[[-144.453,60.0],[-144.008,60.0],[-144.25,59.865],[-144.453,60.0]]]},"properties":{"hvalue":1.15,"color":"#E2EBF5"}},{"type":"Feature","geometry":{"type":"Polygon","coordinates":[[[-145.306,60.25],[-144.75,60.25],[-144.516,60.016],[-145.306,60.25]]]},"properties":{"hvalue":1.15,"color":"#E2EBF5"}},{"type":"Feature","geometry":{"type":"Polygon","coordinates":[[[-147.75,60.75],[-147.0,60.75],[-146.75,61.0],[-146.5,60.75],[-146.5,60.5],[-146.367,60.367],[-146.75,60.238],[-147.0,60.267],[-147.293,60.043],[-147.75,60.5],[-148.0,60.25],[-148.0,60.5],[-148.25,60.75],[-148.0,61.0],[-147.75,60.75]]]},"properties":{"hvalue":1.15,"color":"#E2EBF5"}},{"type":"Feature","geometry":{"type":"Polygon","coordinates":[[[-117.75,61.5],[-117.5,61.25],[-118.0,61.25],[-117.75,61.5]]]},"properties":{"hvalue":1.15,"color":"#E2EBF5"}},{"type":"Feature","geometry":{"type":"Polygon","coordinates":[[[-114.5,62.0],[-114.75,62.25],[-114.25,62.25],[-114.0,62.0],[-113.75,62.0],[-113.5,61.75],[-113.0,61.75],[-113.25,61.5],[-113.5,61.5],[-114.0,61.0],[-114.25,61.25],[-114.5,61.0],[-116.25,61.0],[-116.5,61.25],[-116.0,61.25],[-115.75,61.5],[-114.75,61.5],[-114.5,61.75],[-114.5,62.0]]]},"properties":{"hvalue":1.15,"color":"#E2EBF5"}},{"type":"Feature","geometry":{"type":"Polygon","coordinates":[[[-115.0,62.25],[-115.5,62.25],[-115.75,62.5],[-115.25,62.5],[-115.0,62.25]]]},"properties":{"hvalue":1.15,"color":"#E2EBF5"}},{"type":"Feature","geometry":{"type":"Polygon","coordinates":[[[-107.75,67.25],[-107.5,67.0],[-107.75,66.75],[-108.0,67.0],[-107.75,67.25]]]},"properties":{"hvalue":1.15,"color":"#E2EBF5"}},{"type":"Feature","geometry":{"type":"Polygon","coordinates":[[[-109.5,68.0],[-112.25,68.0],[-112.5,67.75],[-114.0,67.75],[-114.25,68.0],[-115.0,68.0],[-114.75,68.25],[-114.25,68.25],[-114.0,68.5],[-114.25,68.75],[-114.75,68.75],[-115.0,69.0],[-114.75,69.0],[-114.5,69.25],[-114.25,69.25],[-114.0,69.0],[-113.75,69.0],[-113.75,68.75],[-113.5,68.5],[-113.25,68.5],[-113.0,68.25],[-112.25,68.25],[-112.0,68.5],[-111.25,68.5],[-111.0,68.25],[-110.75,68.5],[-109.25,68.5],[-109.0,68.75],[-108.25,68.75],[-108.5,68.5],[-108.5,68.25],[-108.25,68.0],[-108.0,68.0],[-108.25,67.75],[-108.75,67.75],[-109.25,68.25],[-109.5,68.0]],[[-108.75,68.5],[-109.0,68.25],[-108.75,68.0],[-108.5,68.25],[-108.75,68.5]]]},"properties":{"hvalue":1.15,"color":"#E2EBF5"}},{"type":"Feature","geometry":{"type":"Polygon","coordinates":[[[-107.0,69.0],[-107.25,68.75],[-107.5,68.75],[-107.0,69.25],[-106.5,69.25],[-106.25,69.0],[-107.0,69.0]]]},"properties":{"hvalue":1.15,"color":"#E2EBF5"}},{"type":"Feature","geometry":{"type":"Polygon","coordinates":[[[-112.25,70.5],[-112.5,70.25],[-112.75,70.25],[-113.0,70.5],[-112.25,70.5]]]},"properties":{"hvalue":1.15,"color":"#E2EBF5"}},{"type":"Feature","geometry":{"type":"Polygon","coordinates":[[[-81.25,-5.25],[-81.0,-5.5],[-81.0,-5.75],[-81.226,-5.976],[-81.355,-5.5],[-81.44,-4.56],[-81.25,-4.75],[-81.25,-5.25]]]},"properties":{"hvalue":1.15,"color":"#E2EBF5"}},{"type":"Feature","geometry":{"type":"Polygon","coordinates":[[[-81.0,-1.135],[-81.0,-1.25],[-81.0,-1.476],[-81.076,-1.25],[-81.0,-1.135]]]},"properties":{"hvalue":1.15,"color":"#E2EBF5"}},{"type":"Feature","geometry":{"type":"Polygon","coordinates":[[[-91.0,0.0],[-91.25,0.25],[-91.5,0.0],[-91.5,-0.25],[-91.25,-0.5],[-91.5,-0.75],[-91.5,-0.834],[-91.686,-0.25],[-91.674,0.0],[-91.5,0.383],[-90.75,1.342],[-89.904,2.0],[-89.5,2.483],[-89.25,2.562],[-88.5,2.503],[-87.907,2.25],[-87.498,1.5],[-87.77,1.0],[-87.905,0.5],[-88.044,0.25],[-88.75,-0.438],[-89.272,-1.25],[-89.5,-1.429],[-89.75,-1.355],[-90.0,-1.128],[-90.25,-1.408],[-90.5,-1.406],[-90.647,-1.25],[-90.572,-1.0],[-90.985,-0.985],[-90.75,-0.75],[-90.75,-0.5],[-90.5,-0.25],[-90.75,0.0],[-91.0,-0.25],[-91.0,0.0]]]},"properties":{"hvalue":1.15,"color":"#E2EBF5"}},{"type":"Feature","geometry":{"type":"Polygon","coordinates":[[[-87.0,5.561],[-86.941,5.5],[-87.0,5.446],[-87.044,5.5],[-87.0,5.561]]]},"properties":{"hvalue":1.15,"color":"#E2EBF5"}},{"type":"Feature","geometry":{"type":"Polygon","coordinates":[[[-81.25,7.413],[-81.75,7.223],[-81.786,7.286],[-81.5,7.5],[-81.0,7.5],[-81.0,7.382],[-81.25,7.413]]]},"properties":{"hvalue":1.15,"color":"#E2EBF5"}},{"type":"Feature","geometry":{"type":"Polygon","coordinates":[[[-82.177,8.0],[-81.75,8.0],[-81.75,7.75],[-81.897,7.603],[-81.917,7.75],[-82.177,8.0]]]},"properties":{"hvalue":1.15,"color":"#E2EBF5"}},{"type":"Feature","geometry":{"type":"Polygon","coordinates":[[[-82.5,8.25],[-82.429,8.179],[-82.854,8.146],[-82.75,8.25],[-82.5,8.25]]]},"properties":{"hvalue":1.15,"color":"#E2EBF5"}},{"type":"Feature","geometry":{"type":"Polygon","coordinates":[[[-83.411,8.339],[-83.25,8.5],[-83.25,8.332],[-83.411,8.339]]]},"properties":{"hvalue":1.15,"color":"#E2EBF5"}},{"type":"Feature","geometry":{"type":"Polygon","coordinates":[[[-83.75,8.82],[-83.75,8.75],[-83.75,8.732],[-83.768,8.75],[-83.75,8.82]]]},"properties":{"hvalue":1.15,"color":"#E2EBF5"}},{"type":"Feature","geometry":{"type":"Polygon","coordinates":[[[-82.25,9.463],[-82.0,9.246],[-81.782,9.218],[-82.0,9.0],[-82.486,9.486],[-82.25,9.463]]]},"properties":{"hvalue":1.15,"color":"#E2EBF5"}},{"type":"Feature","geometry":{"type":"Polygon","coordinates":[[[-85.75,11.0],[-85.75,10.75],[-85.88,10.62],[-85.978,11.228],[-85.75,11.0]]]},"properties":{"hvalue":1.15,"color":"#E2EBF5"}},{"type":"Feature","geometry":{"type":"Polygon","coordinates":[[[-86.332,11.582],[-86.598,11.75],[-86.67,11.92],[-86.332,11.582]]]},"properties":{"hvalue":1.15,"color":"#E2EBF5"}},{"type":"Feature","geometry":{"type":"Polygon","coordinates":[[[-81.651,12.5],[-81.75,12.374],[-82.044,12.5],[-81.75,12.583],[-81.651,12.5]]]},"properties":{"hvalue":1.15,"color":"#E2EBF5"}},{"type":"Feature","geometry":{"type":"Polygon","coordinates":[[[-87.32,12.57],[-87.819,13.0],[-87.5,13.25],[-87.5,12.75],[-87.32,12.57]]]},"properties":{"hvalue":1.15,"color":"#E2EBF5"}},{"type":"Feature","geometry":{"type":"Polygon","coordinates":[[[-81.25,14.528],[-81.25,14.461],[-81.322,14.5],[-81.25,14.528]]]},"properties":{"hvalue":1.15,"color":"#E2EBF5"}},{"type":"Feature","geometry":{"type":"Polygon","coordinates":[[[-93.731,15.731],[-94.0,15.793],[-94.271,16.0],[-94.0,16.0],[-93.731,15.731]]]},"properties":{"hvalue":1.15,"color":"#E2EBF5"}},{"type":"Feature","geometry":{"type":"Polygon","coordinates":[[[-94.57,16.07],[-94.75,16.123],[-95.209,16.041],[-95.0,16.25],[-94.75,16.25],[-94.57,16.07]]]},"properties":{"hvalue":1.15,"color":"#E2EBF5"}},{"type":"Feature","geometry":{"type":"Polygon","coordinates":[[[-105.46,21.5],[-105.25,21.5],[-105.367,21.383],[-105.46,21.5]]]},"properties":{"hvalue":1.15,"color":"#E2EBF5"}},{"type":"Feature","geometry":{"type":"Polygon","coordinates":[[[-105.75,22.5],[-105.75,22.25],[-105.75,22.031],[-105.945,22.25],[-105.98,22.73],[-105.75,22.5]]]},"properties":{"hvalue":1.15,"color":"#E2EBF5"}},{"type":"Feature","geometry":{"type":"Polygon","coordinates":[[[-81.5,42.5],[-80.25,42.5],[-80.0,42.75],[-79.25,42.75],[-79.5,42.5],[-79.75,42.5],[-80.0,42.25],[-80.25,42.25],[-80.5,42.0],[-81.25,42.0],[-81.75,41.5],[-83.0,41.5],[-83.25,41.75],[-83.25,42.0],[-83.0,42.0],[-82.75,41.75],[-82.5,41.75],[-82.0,42.25],[-81.75,42.25],[-81.5,42.5]]]},"properties":{"hvalue":1.15,"color":"#E2EBF5"}},{"type":"Feature","geometry":{"type":"Polygon","coordinates":[[[-82.75,42.5],[-82.5,42.5],[-82.75,42.25],[-82.75,42.5]]]},"properties":{"hvalue":1.15,"color":"#E2EBF5"}},{"type":"Feature","geometry":{"type":"Polygon","coordinates":[[[-87.75,44.0],[-87.5,44.0],[-87.25,44.25],[-87.25,44.75],[-86.75,45.25],[-87.0,45.5],[-86.0,45.5],[-85.5,46.0],[-85.0,46.0],[-85.0,45.5],[-85.25,45.25],[-85.25,45.0],[-85.75,45.0],[-86.0,45.25],[-86.25,45.0],[-86.25,44.5],[-86.75,44.0],[-86.5,43.75],[-86.5,43.25],[-86.25,43.0],[-86.25,42.5],[-87.0,41.75],[-87.5,41.75],[-87.5,42.0],[-87.75,42.25],[-87.75,43.5],[-87.5,43.75],[-87.75,44.0]]]},"properties":{"hvalue":1.15,"color":"#E2EBF5"}},{"type":"Feature","geometry":{"type":"Polygon","coordinates":[[[-83.75,44.0],[-83.5,44.0],[-83.25,44.25],[-83.25,45.25],[-83.5,45.5],[-84.0,45.5],[-84.25,45.75],[-83.5,45.75],[-83.25,46.0],[-82.5,46.0],[-82.75,45.75],[-82.5,45.5],[-82.0,45.5],[-81.75,45.25],[-81.5,45.5],[-81.5,45.75],[-80.75,45.75],[-80.5,45.5],[-80.5,45.25],[-80.25,45.0],[-80.0,45.0],[-80.25,44.75],[-80.75,44.75],[-81.25,45.25],[-81.5,45.0],[-81.5,44.5],[-81.75,44.25],[-81.75,44.0],[-82.0,43.75],[-81.75,43.5],[-82.0,43.25],[-82.5,43.25],[-82.5,44.0],[-82.75,44.25],[-83.0,44.0],[-83.25,44.0],[-83.5,43.75],[-83.75,43.75],[-83.75,44.0]]]},"properties":{"hvalue":1.15,"color":"#E2EBF5"}},{"type":"Feature","geometry":{"type":"Polygon","coordinates":[[[-87.5,45.25],[-87.25,45.25],[-87.5,45.0],[-87.5,45.25]]]},"properties":{"hvalue":1.15,"color":"#E2EBF5"}},{"type":"Feature","geometry":{"type":"Polygon","coordinates":[[[-84.5,45.75],[-84.5,46.0],[-84.25,45.75],[-84.5,45.75]]]},"properties":{"hvalue":1.15,"color":"#E2EBF5"}},{"type":"Feature","geometry":{"type":"Polygon","coordinates":[[[-89.25,47.0],[-89.75,47.0],[-90.0,46.75],[-90.75,46.75],[-91.0,47.0],[-91.25,47.0],[-91.5,46.75],[-91.75,46.75],[-91.25,47.25],[-91.0,47.25],[-90.75,47.5],[-90.25,47.5],[-90.0,47.75],[-89.75,47.75],[-89.0,48.5],[-88.75,48.25],[-88.5,48.5],[-88.5,48.75],[-88.25,48.75],[-88.0,48.5],[-87.75,48.5],[-87.5,48.75],[-86.75,48.75],[-86.0,48.0],[-86.0,47.75],[-85.75,47.5],[-85.5,47.75],[-85.0,47.75],[-85.0,47.5],[-84.75,47.25],[-85.0,47.0],[-84.75,46.75],[-84.75,46.5],[-85.0,46.5],[-85.0,46.75],[-85.25,47.0],[-85.5,46.75],[-86.25,46.75],[-86.5,46.5],[-87.25,46.5],[-87.75,47.0],[-88.0,47.0],[-87.75,47.25],[-88.0,47.5],[-88.25,47.5],[-88.5,47.25],[-89.0,47.25],[-89.25,47.0]]]},"properties":{"hvalue":1.15,"color":"#E2EBF5"}},{"type":"Feature","geometry":{"type":"Polygon","coordinates":[[[-96.75,51.0],[-96.5,51.25],[-96.5,50.75],[-96.75,50.5],[-96.75,50.75],[-97.0,51.0],[-96.75,51.0]]]},"properties":{"hvalue":1.15,"color":"#E2EBF5"}},{"type":"Feature","geometry":{"type":"Polygon","coordinates":[[[-80.577,52.673],[-80.538,52.5],[-80.95,52.25],[-81.022,52.022],[-81.25,52.25],[-81.5,52.25],[-81.5,52.5],[-81.75,52.75],[-81.25,52.75],[-81.0,52.5],[-80.75,52.5],[-80.577,52.673]]]},"properties":{"hvalue":1.15,"color":"#E2EBF5"}},{"type":"Feature","geometry":{"type":"Polygon","coordinates":[[[-98.75,52.75],[-98.5,53.0],[-98.607,53.107],[-98.307,53.0],[-98.25,52.895],[-98.181,53.0],[-98.208,53.5],[-98.75,53.67],[-99.0,53.557],[-99.0,53.75],[-98.25,53.75],[-98.0,53.5],[-97.75,53.5],[-97.75,53.25],[-97.5,53.0],[-97.5,52.75],[-97.25,52.5],[-97.25,52.25],[-96.75,51.75],[-96.75,51.5],[-97.0,51.75],[-97.25,51.75],[-97.25,52.0],[-97.5,52.25],[-98.25,52.25],[-98.25,52.5],[-98.5,52.75],[-98.75,52.75]]]},"properties":{"hvalue":1.15,"color":"#E2EBF5"}},{"type":"Feature","geometry":{"type":"Polygon","coordinates":[[[-99.09,53.25],[-99.25,53.25],[-99.081,53.419],[-99.09,53.25]]]},"properties":{"hvalue":1.15,"color":"#E2EBF5"}},{"type":"Feature","geometry":{"type":"Polygon","coordinates":[[[-82.5,55.25],[-83.5,55.25],[-83.707,55.457],[-83.0,55.411],[-82.25,55.23],[-81.896,55.0],[-81.728,54.75],[-81.587,54.25],[-81.582,53.75],[-81.446,53.5],[-81.127,53.25],[-81.75,53.25],[-82.0,53.0],[-82.25,53.0],[-82.0,53.25],[-82.0,54.0],[-82.25,54.25],[-82.25,55.0],[-82.5,55.25]]]},"properties":{"hvalue":1.15,"color":"#E2EBF5"}},{"type":"Feature","geometry":{"type":"Polygon","coordinates":[[[-84.206,55.456],[-83.839,55.411],[-84.0,55.25],[-84.206,55.456]]]},"properties":{"hvalue":1.15,"color":"#E2EBF5"}},{"type":"Feature","geometry":{"type":"Polygon","coordinates":[[[-87.75,56.25],[-88.25,56.75],[-88.75,56.75],[-89.0,57.0],[-89.75,57.0],[-90.0,57.25],[-92.25,57.25],[-92.25,57.5],[-92.75,58.0],[-92.75,58.25],[-93.5,59.0],[-94.0,59.0],[-94.25,58.75],[-94.5,59.0],[-94.75,59.0],[-94.75,59.75],[-94.5,60.0],[-94.5,60.5],[-94.0,61.0],[-94.0,61.25],[-93.75,61.5],[-93.5,61.5],[-92.75,62.25],[-92.5,62.25],[-92.25,62.5],[-92.25,62.75],[-90.75,62.75],[-90.5,63.0],[-91.0,63.5],[-90.25,63.5],[-89.75,64.0],[-89.5,64.0],[-89.25,63.75],[-88.75,63.75],[-88.5,64.0],[-88.0,64.0],[-87.0,65.0],[-87.25,65.25],[-87.0,65.5],[-86.5,65.5],[-86.25,65.75],[-86.25,66.0],[-86.028,66.222],[-85.63,66.0],[-85.75,66.0],[-86.25,65.5],[-86.25,64.75],[-86.5,64.5],[-86.25,64.25],[-86.5,64.0],[-87.25,64.0],[-88.5,63.717],[-89.108,63.5],[-89.75,62.826],[-90.272,62.0],[-90.368,61.0],[-90.153,60.0],[-90.165,59.75],[-89.456,58.5],[-89.437,57.75],[-89.325,57.5],[-88.813,57.0],[-86.179,56.0],[-85.5,55.881],[-84.458,55.5],[-85.5,55.5],[-85.75,55.75],[-86.25,55.75],[-86.5,56.0],[-87.25,56.0],[-87.5,56.25],[-87.75,56.25]]]},"properties":{"hvalue":1.15,"color":"#E2EBF5"}},{"type":"Feature","geometry":{"type":"Polygon","coordinates":[[[-82.0,63.035],[-81.48,62.75],[-81.597,62.5],[-82.199,62.25],[-82.869,62.131],[-82.75,62.25],[-82.5,62.25],[-82.0,62.75],[-82.239,62.989],[-82.0,63.035]]]},"properties":{"hvalue":1.15,"color":"#E2EBF5"}},{"type":"Feature","geometry":{"type":"Polygon","coordinates":[[[-82.5,63.08],[-82.3,63.0],[-82.602,63.0],[-82.5,63.08]]]},"properties":{"hvalue":1.15,"color":"#E2EBF5"}},{"type":"Feature","geometry":{"type":"Polygon","coordinates":[[[-85.858,63.5],[-87.0,63.417],[-87.157,63.5],[-85.858,63.5]]]},"properties":{"hvalue":1.15,"color":"#E2EBF5"}},{"type":"Feature","geometry":{"type":"Polygon","coordinates":[[[-83.0,63.75],[-82.75,63.75],[-82.632,63.632],[-83.25,63.479],[-83.577,63.25],[-84.901,63.099],[-84.75,63.25],[-84.5,63.25],[-84.25,63.5],[-83.75,63.5],[-83.5,63.75],[-83.5,64.0],[-83.25,64.0],[-83.0,63.75]]]},"properties":{"hvalue":1.15,"color":"#E2EBF5"}},{"type":"Feature","geometry":{"type":"Polygon","coordinates":[[[-81.5,64.316],[-81.417,64.25],[-81.611,64.361],[-81.5,64.316]]]},"properties":{"hvalue":1.15,"color":"#E2EBF5"}},{"type":"Feature","geometry":{"type":"Polygon","coordinates":[[[-82.5,64.791],[-82.398,64.75],[-82.564,64.814],[-82.5,64.791]]]},"properties":{"hvalue":1.15,"color":"#E2EBF5"}},{"type":"Feature","geometry":{"type":"Polygon","coordinates":[[[-83.0,65.015],[-83.25,65.0],[-83.497,65.247],[-83.25,65.174],[-83.0,65.015]]]},"properties":{"hvalue":1.15,"color":"#E2EBF5"}},{"type":"Feature","geometry":{"type":"Polygon","coordinates":[[[-85.0,65.5],[-84.75,65.5],[-85.0,65.25],[-85.0,65.5]]]},"properties":{"hvalue":1.15,"color":"#E2EBF5"}},{"type":"Feature","geometry":{"type":"Polygon","coordinates":[[[-89.25,65.75],[-89.0,65.5],[-89.25,65.5],[-89.5,65.75],[-89.25,65.75]]]},"properties":{"hvalue":1.15,"color":"#E2EBF5"}},{"type":"Feature","geometry":{"type":"Polygon","coordinates":[[[-84.25,66.25],[-84.25,66.0],[-83.506,65.25],[-84.0,65.25],[-84.25,65.5],[-84.75,65.5],[-84.5,65.75],[-84.75,66.0],[-84.394,66.0],[-84.48,66.02],[-84.25,66.25]]]},"properties":{"hvalue":1.15,"color":"#E2EBF5"}},{"type":"Feature","geometry":{"type":"Polygon","coordinates":[[[-82.75,66.5],[-82.25,66.5],[-82.0,66.75],[-81.616,66.75],[-82.75,66.14],[-83.368,66.0],[-83.152,65.75],[-83.25,65.641],[-83.735,65.515],[-83.5,65.75],[-83.75,66.0],[-83.75,66.25],[-84.0,66.5],[-83.75,66.5],[-83.5,66.25],[-83.0,66.25],[-82.75,66.5]]]},"properties":{"hvalue":1.15,"color":"#E2EBF5"}},{"type":"Feature","geometry":{"type":"Polygon","coordinates":[[[-85.236,66.25],[-85.0,66.25],[-85.147,66.103],[-85.236,66.25]]]},"properties":{"hvalue":1.15,"color":"#E2EBF5"}},{"type":"Feature","geometry":{"type":"Polygon","coordinates":[[[-86.0,66.5],[-85.5,66.5],[-85.262,66.262],[-85.5,66.345],[-86.0,66.302],[-86.0,66.5]]]},"properties":{"hvalue":1.15,"color":"#E2EBF5"}},{"type":"Feature","geometry":{"type":"Polygon","coordinates":[[[-87.383,67.383],[-87.25,67.342],[-87.152,67.348],[-87.25,67.25],[-87.383,67.383]]]},"properties":{"hvalue":1.15,"color":"#E2EBF5"}},{"type":"Feature","geometry":{"type":"Polygon","coordinates":[[[-95.5,67.25],[-95.75,67.5],[-96.0,67.5],[-95.75,67.75],[-95.5,67.5],[-95.5,67.25]]]},"properties":{"hvalue":1.15,"color":"#E2EBF5"}},{"type":"Feature","geometry":{"type":"Polygon","coordinates":[[[-86.75,67.569],[-87.094,68.0],[-86.75,68.103],[-86.75,67.75],[-86.559,67.559],[-86.75,67.569]]]},"properties":{"hvalue":1.15,"color":"#E2EBF5"}},{"type":"Feature","geometry":{"type":"Polygon","coordinates":[[[-87.856,67.75],[-87.626,67.5],[-87.75,67.5],[-88.25,68.0],[-88.25,68.25],[-88.0,68.25],[-87.797,68.453],[-87.526,68.25],[-87.856,67.75]]]},"properties":{"hvalue":1.15,"color":"#E2EBF5"}},{"type":"Feature","geometry":{"type":"Polygon","coordinates":[[[-86.25,68.055],[-86.0,68.008],[-86.0,68.0],[-86.25,68.0],[-86.25,68.055]]]},"properties":{"hvalue":1.15,"color":"#E2EBF5"}},{"type":"Feature","geometry":{"type":"Polygon","coordinates":[[[-82.118,68.118],[-82.25,68.25],[-82.13,68.25],[-82.118,68.118]]]},"properties":{"hvalue":1.15,"color":"#E2EBF5"}},{"type":"Feature","geometry":{"type":"Polygon","coordinates":[[[-95.5,69.25],[-95.25,69.5],[-94.5,69.5],[-94.5,69.0],[-94.75,68.75],[-94.5,68.5],[-94.25,68.75],[-93.75,68.75],[-93.75,68.5],[-94.25,68.5],[-94.44,68.31],[-94.5,68.493],[-94.776,68.25],[-95.5,68.25],[-95.75,68.0],[-95.75,67.75],[-96.25,68.25],[-96.25,68.5],[-95.75,68.5],[-95.5,68.75],[-96.0,69.25],[-95.5,69.25]]]},"properties":{"hvalue":1.15,"color":"#E2EBF5"}},{"type":"Feature","geometry":{"type":"Polygon","coordinates":[[[-105.25,68.75],[-105.5,69.0],[-105.0,69.0],[-104.75,68.75],[-105.0,68.5],[-105.25,68.5],[-105.25,68.75]]]},"properties":{"hvalue":1.15,"color":"#E2EBF5"}},{"type":"Feature","geometry":{"type":"Polygon","coordinates":[[[-85.265,69.0],[-85.25,69.0],[-85.25,68.872],[-85.265,69.0]]]},"properties":{"hvalue":1.15,"color":"#E2EBF5"}},{"type":"Feature","geometry":{"type":"Polygon","coordinates":[[[-90.146,69.5],[-89.862,69.138],[-90.0,69.0],[-90.0,68.5],[-90.25,68.5],[-90.25,68.75],[-90.5,69.0],[-90.25,69.25],[-90.25,69.5],[-90.357,69.607],[-90.146,69.5]]]},"properties":{"hvalue":1.15,"color":"#E2EBF5"}},{"type":"Feature","geometry":{"type":"Polygon","coordinates":[[[-93.75,69.5],[-93.5,69.5],[-93.75,69.25],[-93.75,69.5]]]},"properties":{"hvalue":1.15,"color":"#E2EBF5"}},{"type":"Feature","geometry":{"type":"Polygon","coordinates":[[[-82.023,69.75],[-81.514,69.014],[-82.0,69.5],[-82.25,69.5],[-82.25,69.75],[-82.023,69.75]]]},"properties":{"hvalue":1.15,"color":"#E2EBF5"}},{"type":"Feature","geometry":{"type":"Polygon","coordinates":[[[-96.365,69.865],[-96.25,69.75],[-96.5,69.75],[-96.75,69.5],[-97.0,69.75],[-97.5,69.75],[-97.736,69.986],[-97.0,69.971],[-96.5,69.805],[-96.365,69.865]]]},"properties":{"hvalue":1.15,"color":"#E2EBF5"}},{"type":"Feature","geometry":{"type":"Polygon","coordinates":[[[-83.5,69.75],[-83.25,70.0],[-83.0,69.75],[-83.25,69.75],[-83.5,69.75]]]},"properties":{"hvalue":1.15,"color":"#E2EBF5"}},{"type":"Feature","geometry":{"type":"Polygon","coordinates":[[[-91.75,69.75],[-92.0,69.75],[-91.75,70.0],[-91.75,70.236],[-91.5,70.146],[-91.212,69.75],[-91.5,70.0],[-91.75,69.75]]]},"properties":{"hvalue":1.15,"color":"#E2EBF5"}},{"type":"Feature","geometry":{"type":"Polygon","coordinates":[[[-86.5,70.0],[-85.25,70.0],[-85.355,69.895],[-86.75,69.967],[-87.0,69.993],[-87.25,70.142],[-87.581,70.169],[-87.5,70.25],[-86.75,70.25],[-86.5,70.0]]]},"properties":{"hvalue":1.15,"color":"#E2EBF5"}},{"type":"Feature","geometry":{"type":"Polygon","coordinates":[[[-96.351,70.5],[-96.25,70.5],[-96.306,70.444],[-96.351,70.5]]]},"properties":{"hvalue":1.15,"color":"#E2EBF5"}},{"type":"Feature","geometry":{"type":"Polygon","coordinates":[[[-92.75,71.08],[-92.661,71.0],[-92.477,70.75],[-92.75,70.75],[-92.75,71.08]]]},"properties":{"hvalue":1.15,"color":"#E2EBF5"}},{"type":"Feature","geometry":{"type":"Polygon","coordinates":[[[-85.0,71.25],[-85.25,71.5],[-84.804,71.446],[-85.0,71.25]]]},"properties":{"hvalue":1.15,"color":"#E2EBF5"}},{"type":"Feature","geometry":{"type":"Polygon","coordinates":[[[-86.25,72.25],[-86.105,72.395],[-86.113,72.0],[-85.793,71.75],[-86.0,71.75],[-86.25,72.0],[-86.25,72.25]]]},"properties":{"hvalue":1.15,"color":"#E2EBF5"}},{"type":"Feature","geometry":{"type":"Polygon","coordinates":[[[-92.571,72.571],[-92.8,72.25],[-93.5,71.867],[-93.587,71.75],[-93.427,71.573],[-93.5,71.5],[-94.0,72.0],[-93.75,72.25],[-93.5,72.25],[-93.25,72.5],[-93.5,72.75],[-93.25,72.75],[-93.0,72.5],[-92.75,72.75],[-92.571,72.571]]]},"properties":{"hvalue":1.15,"color":"#E2EBF5"}},{"type":"Feature","geometry":{"type":"Polygon","coordinates":[[[-85.0,73.5],[-84.859,73.641],[-83.992,73.508],[-84.75,73.5],[-85.25,73.0],[-85.75,73.0],[-86.0,72.75],[-85.876,72.626],[-86.048,72.548],[-86.25,72.75],[-86.5,72.75],[-86.5,73.0],[-86.25,73.0],[-86.0,73.25],[-85.75,73.25],[-85.5,73.5],[-85.0,73.5]]]},"properties":{"hvalue":1.15,"color":"#E2EBF5"}},{"type":"Feature","geometry":{"type":"Polygon","coordinates":[[[-90.25,73.75],[-90.341,73.841],[-90.0,73.788],[-89.804,73.5],[-90.004,73.25],[-90.364,73.0],[-91.0,72.744],[-92.45,72.55],[-92.25,72.75],[-91.75,72.75],[-91.25,73.25],[-91.0,73.25],[-90.75,73.5],[-90.5,73.5],[-90.25,73.75]]]},"properties":{"hvalue":1.15,"color":"#E2EBF5"}},{"type":"Feature","geometry":{"type":"Polygon","coordinates":[[[-95.5,73.591],[-95.629,73.371],[-95.877,73.5],[-95.5,73.591]]]},"properties":{"hvalue":1.15,"color":"#E2EBF5"}},{"type":"Feature","geometry":{"type":"Polygon","coordinates":[[[-81.078,73.578],[-80.926,73.574],[-81.0,73.5],[-81.078,73.578]]]},"properties":{"hvalue":1.15,"color":"#E2EBF5"}},{"type":"Feature","geometry":{"type":"Polygon","coordinates":[[[-86.5,74.5],[-84.133,74.5],[-86.579,74.421],[-86.5,74.5]]]},"properties":{"hvalue":1.15,"color":"#E2EBF5"}},{"type":"Feature","geometry":{"type":"Polygon","coordinates":[[[-93.016,74.75],[-93.37,74.63],[-93.25,74.75],[-93.25,75.0],[-93.643,75.393],[-93.25,75.242],[-93.068,75.0],[-93.016,74.75]]]},"properties":{"hvalue":1.15,"color":"#E2EBF5"}},{"type":"Feature","geometry":{"type":"Polygon","coordinates":[[[-86.834,75.584],[-86.5,75.509],[-86.19,75.5],[-86.75,75.5],[-86.834,75.584]]]},"properties":{"hvalue":1.15,"color":"#E2EBF5"}},{"type":"Feature","geometry":{"type":"Polygon","coordinates":[[[-90.772,76.75],[-90.934,77.0],[-90.5,77.0],[-90.75,76.75],[-90.5,76.5],[-90.75,76.5],[-90.978,76.728],[-90.772,76.75]]]},"properties":{"hvalue":1.15,"color":"#E2EBF5"}},{"type":"Feature","geometry":{"type":"Polygon","coordinates":[[[-93.591,77.0],[-95.0,77.0],[-95.25,77.25],[-94.0,77.178],[-93.591,77.0]]]},"properties":{"hvalue":1.15,"color":"#E2EBF5"}},{"type":"Feature","geometry":{"type":"Polygon","coordinates":[[[-86.25,78.0],[-85.75,78.0],[-85.5,77.75],[-85.25,77.75],[-85.5,77.5],[-85.75,77.5],[-86.25,78.0]]]},"properties":{"hvalue":1.15,"color":"#E2EBF5"}},{"type":"Feature","geometry":{"type":"Polygon","coordinates":[[[-87.5,78.5],[-87.25,78.75],[-87.0,78.75],[-87.25,78.5],[-87.5,78.5]]]},"properties":{"hvalue":1.15,"color":"#E2EBF5"}},{"type":"Feature","geometry":{"type":"Polygon","coordinates":[[[-84.5,79.0],[-84.75,79.0],[-85.25,79.0],[-85.0,79.25],[-84.75,79.25],[-84.5,79.0]]]},"properties":{"hvalue":1.15,"color":"#E2EBF5"}},{"type":"Feature","geometry":{"type":"Polygon","coordinates":[[[-87.0,80.75],[-87.25,81.0],[-86.25,81.0],[-86.5,80.75],[-86.25,80.5],[-86.5,80.5],[-86.75,80.25],[-86.25,79.75],[-87.25,79.75],[-87.0,80.0],[-87.25,80.25],[-87.75,80.25],[-88.0,80.5],[-87.25,80.5],[-87.0,80.75]]]},"properties":{"hvalue":1.15,"color":"#E2EBF5"}},{"type":"Feature","geometry":{"type":"Polygon","coordinates":[[[-83.0,80.25],[-84.0,80.25],[-83.75,80.5],[-82.75,80.5],[-83.0,80.25]]]},"properties":{"hvalue":1.15,"color":"#E2EBF5"}},{"type":"Feature","geometry":{"type":"Polygon","coordinates":[[[-88.5,80.25],[-89.0,80.25],[-89.5,80.75],[-89.0,80.75],[-88.75,81.0],[-88.25,81.0],[-88.5,80.75],[-88.25,80.5],[-88.5,80.25]]]},"properties":{"hvalue":1.15,"color":"#E2EBF5"}},{"type":"Feature","geometry":{"type":"Polygon","coordinates":[[[-78.25,-73.214],[-78.496,-73.246],[-78.25,-73.0],[-78.0,-73.0],[-78.25,-73.214]]]},"properties":{"hvalue":1.15,"color":"#E2EBF5"}},{"type":"Feature","geometry":{"type":"Polygon","coordinates":[[[-73.25,-71.25],[-74.25,-71.25],[-74.0,-71.0],[-73.25,-71.0],[-73.25,-71.25]]]},"properties":{"hvalue":1.15,"color":"#E2EBF5"}},{"type":"Feature","geometry":{"type":"Polygon","coordinates":[[[-73.262,-53.988],[-73.0,-54.0],[-72.904,-54.096],[-73.25,-54.004],[-73.262,-53.988]]]},"properties":{"hvalue":1.15,"color":"#E2EBF5"}},{"type":"Feature","geometry":{"type":"Polygon","coordinates":[[[-73.901,-53.25],[-73.75,-53.25],[-73.803,-53.303],[-73.901,-53.25]]]},"properties":{"hvalue":1.15,"color":"#E2EBF5"}},{"type":"Feature","geometry":{"type":"Polygon","coordinates":[[[-75.307,-47.807],[-75.25,-47.715],[-75.2,-47.7],[-75.25,-47.75],[-75.307,-47.807]]]},"properties":{"hvalue":1.15,"color":"#E2EBF5"}},{"type":"Feature","geometry":{"type":"Polygon","coordinates":[[[-74.5,-47.364],[-74.5,-47.5],[-74.75,-47.75],[-74.924,-47.576],[-74.5,-47.364]]]},"properties":{"hvalue":1.15,"color":"#E2EBF5"}},{"type":"Feature","geometry":{"type":"Polygon","coordinates":[[[-74.309,-47.0],[-74.25,-47.0],[-74.319,-47.069],[-74.309,-47.0]]]},"properties":{"hvalue":1.15,"color":"#E2EBF5"}},{"type":"Feature","geometry":{"type":"Polygon","coordinates":[[[-75.0,-46.75],[-74.93,-46.82],[-75.064,-46.814],[-75.0,-46.75]]]},"properties":{"hvalue":1.15,"color":"#E2EBF5"}},{"type":"Feature","geometry":{"type":"Polygon","coordinates":[[[-74.823,-45.573],[-74.63,-45.25],[-74.5,-45.036],[-74.5,-45.25],[-74.823,-45.573]]]},"properties":{"hvalue":1.15,"color":"#E2EBF5"}},{"type":"Feature","geometry":{"type":"Polygon","coordinates":[[[-75.0,-44.75],[-74.998,-44.75],[-75.0,-44.75],[-75.0,-44.75]]]},"properties":{"hvalue":1.15,"color":"#E2EBF5"}},{"type":"Feature","geometry":{"type":"Polygon","coordinates":[[[-74.5,-44.357],[-74.5,-44.5],[-74.695,-44.695],[-74.694,-44.5],[-74.5,-44.357]]]},"properties":{"hvalue":1.15,"color":"#E2EBF5"}},{"type":"Feature","geometry":{"type":"Polygon","coordinates":[[[-73.5,-44.0],[-73.25,-44.25],[-73.5,-44.5],[-73.5,-44.25],[-73.5,-44.0]]]},"properties":{"hvalue":1.15,"color":"#E2EBF5"}},{"type":"Feature","geometry":{"type":"Polygon","coordinates":[[[-74.5,-43.381],[-74.283,-43.5],[-74.5,-43.578],[-74.667,-43.5],[-74.5,-43.381]]]},"properties":{"hvalue":1.15,"color":"#E2EBF5"}},{"type":"Feature","geometry":{"type":"Polygon","coordinates":[[[-73.5,-42.5],[-73.25,-42.25],[-73.5,-42.0],[-73.25,-42.0],[-73.0,-41.75],[-72.75,-41.75],[-73.0,-42.0],[-73.0,-42.25],[-72.75,-42.5],[-73.0,-42.75],[-73.0,-43.25],[-73.25,-43.5],[-73.0,-43.75],[-73.25,-43.75],[-73.5,-44.0],[-73.75,-43.75],[-74.0,-44.0],[-74.305,-44.055],[-74.0,-43.575],[-73.75,-43.5],[-73.25,-43.0],[-73.5,-42.75],[-73.5,-42.5]]]},"properties":{"hvalue":1.15,"color":"#E2EBF5"}},{"type":"Feature","geometry":{"type":"Polygon","coordinates":[[[-73.96,-41.75],[-73.89,-41.61],[-73.75,-41.75],[-73.96,-41.75]]]},"properties":{"hvalue":1.15,"color":"#E2EBF5"}},{"type":"Feature","geometry":{"type":"Polygon","coordinates":[[[-73.558,-38.25],[-73.5,-38.179],[-73.5,-38.25],[-73.558,-38.25]]]},"properties":{"hvalue":1.15,"color":"#E2EBF5"}},{"type":"Feature","geometry":{"type":"Polygon","coordinates":[[[-73.5,-37.0],[-73.613,-37.113],[-73.603,-37.0],[-73.0,-36.34],[-73.0,-36.5],[-73.25,-36.75],[-73.25,-37.0],[-73.5,-37.0]]]},"properties":{"hvalue":1.15,"color":"#E2EBF5"}},{"type":"Feature","geometry":{"type":"Polygon","coordinates":[[[-72.275,-35.0],[-72.25,-35.0],[-72.345,-35.095],[-72.275,-35.0]]]},"properties":{"hvalue":1.15,"color":"#E2EBF5"}},{"type":"Feature","geometry":{"type":"Polygon","coordinates":[[[-76.25,-13.5],[-76.25,-13.75],[-76.376,-13.876],[-76.346,-13.404],[-76.25,-13.5]]]},"properties":{"hvalue":1.15,"color":"#E2EBF5"}},{"type":"Feature","geometry":{"type":"Polygon","coordinates":[[[-78.548,-9.202],[-78.5,-9.25],[-78.5,-9.283],[-78.533,-9.25],[-78.548,-9.202]]]},"properties":{"hvalue":1.15,"color":"#E2EBF5"}},{"type":"Feature","geometry":{"type":"Polygon","coordinates":[[[-78.878,-8.622],[-78.75,-8.75],[-78.75,-8.867],[-78.854,-8.75],[-78.878,-8.622]]]},"properties":{"hvalue":1.15,"color":"#E2EBF5"}},{"type":"Feature","geometry":{"type":"Polygon","coordinates":[[[-79.027,-8.25],[-79.0,-8.25],[-79.0,-8.286],[-79.027,-8.25]]]},"properties":{"hvalue":1.15,"color":"#E2EBF5"}},{"type":"Feature","geometry":{"type":"Polygon","coordinates":[[[-80.0,-6.84],[-80.5,-6.49],[-80.729,-6.479],[-80.5,-6.25],[-80.0,-6.75],[-80.0,-6.84]]]},"properties":{"hvalue":1.15,"color":"#E2EBF5"}},{"type":"Feature","geometry":{"type":"Polygon","coordinates":[[[-80.0,-3.0],[-80.0,-3.25],[-80.25,-3.25],[-80.0,-3.0]]]},"properties":{"hvalue":1.15,"color":"#E2EBF5"}},{"type":"Feature","geometry":{"type":"Polygon","coordinates":[[[-81.453,-4.25],[-80.947,-2.75],[-80.98,-2.5],[-81.139,-2.25],[-81.0,-1.535],[-81.0,-1.75],[-80.75,-2.0],[-81.0,-2.25],[-80.5,-2.75],[-80.25,-2.75],[-80.5,-3.0],[-80.25,-3.25],[-81.457,-4.457],[-81.453,-4.25]]]},"properties":{"hvalue":1.15,"color":"#E2EBF5"}},{"type":"Feature","geometry":{"type":"Polygon","coordinates":[[[-80.0,0.25],[-80.5,-0.25],[-80.5,-0.5],[-80.919,-0.919],[-80.25,0.233],[-80.204,0.454],[-80.0,0.25]]]},"properties":{"hvalue":1.15,"color":"#E2EBF5"}},{"type":"Feature","geometry":{"type":"Polygon","coordinates":[[[-78.75,2.165],[-78.75,2.0],[-79.0,1.75],[-79.0,1.5],[-79.5,1.0],[-79.977,1.0],[-79.25,1.605],[-78.75,2.165]]]},"properties":{"hvalue":1.15,"color":"#E2EBF5"}},{"type":"Feature","geometry":{"type":"Polygon","coordinates":[[[-78.256,4.0],[-77.692,4.75],[-77.687,5.5],[-77.5,5.982],[-77.5,4.0],[-77.25,3.75],[-77.75,3.25],[-77.75,2.75],[-78.408,2.75],[-77.787,3.5],[-77.83,3.75],[-78.256,4.0]]]},"properties":{"hvalue":1.15,"color":"#E2EBF5"}},{"type":"Feature","geometry":{"type":"Polygon","coordinates":[[[-77.561,6.561],[-77.5,6.25],[-77.5,6.013],[-77.682,6.25],[-77.561,6.561]]]},"properties":{"hvalue":1.15,"color":"#E2EBF5"}},{"type":"Feature","geometry":{"type":"Polygon","coordinates":[[[-77.82,7.0],[-77.833,7.083],[-77.75,6.873],[-77.82,7.0]]]},"properties":{"hvalue":1.15,"color":"#E2EBF5"}},{"type":"Feature","geometry":{"type":"Polygon","coordinates":[[[-79.25,8.75],[-78.75,8.75],[-78.75,8.5],[-78.5,8.25],[-78.25,8.25],[-78.5,8.0],[-78.5,7.75],[-78.281,7.531],[-78.78,8.0],[-79.0,8.07],[-79.25,8.3],[-79.5,8.115],[-79.886,7.5],[-80.136,7.364],[-80.0,7.5],[-80.0,7.75],[-80.25,8.0],[-80.25,8.25],[-80.0,8.25],[-79.5,8.75],[-79.5,9.0],[-79.25,8.75]]]},"properties":{"hvalue":1.15,"color":"#E2EBF5"}},{"type":"Feature","geometry":{"type":"Polygon","coordinates":[[[-81.0,9.188],[-79.595,9.655],[-79.75,9.5],[-80.0,9.5],[-80.25,9.25],[-80.75,9.25],[-81.0,9.0],[-81.5,9.0],[-81.612,9.112],[-81.0,9.188]]]},"properties":{"hvalue":1.15,"color":"#E2EBF5"}},{"type":"Feature","geometry":{"type":"Polygon","coordinates":[[[-79.166,9.666],[-78.75,9.655],[-78.447,9.5],[-79.0,9.5],[-79.166,9.666]]]},"properties":{"hvalue":1.15,"color":"#E2EBF5"}},{"type":"Feature","geometry":{"type":"Polygon","coordinates":[[[-77.5,9.812],[-76.75,10.226],[-76.0,10.405],[-75.5,10.737],[-75.5,10.5],[-75.75,10.25],[-75.75,9.5],[-76.0,9.5],[-77.0,8.5],[-77.25,8.75],[-77.5,8.75],[-78.172,9.422],[-77.898,9.5],[-77.5,9.812]]]},"properties":{"hvalue":1.15,"color":"#E2EBF5"}},{"type":"Feature","geometry":{"type":"Polygon","coordinates":[[[-75.0,11.037],[-74.957,11.043],[-75.063,11.0],[-75.0,11.037]]]},"properties":{"hvalue":1.15,"color":"#E2EBF5"}},{"type":"Feature","geometry":{"type":"Polygon","coordinates":[[[-74.608,11.108],[-74.25,11.335],[-74.145,11.355],[-74.25,11.25],[-74.25,11.0],[-74.5,11.0],[-74.608,11.108]]]},"properties":{"hvalue":1.15,"color":"#E2EBF5"}},{"type":"Feature","geometry":{"type":"Polygon","coordinates":[[[-73.788,11.288],[-73.25,11.574],[-73.148,11.602],[-73.5,11.25],[-73.788,11.288]]]},"properties":{"hvalue":1.15,"color":"#E2EBF5"}},{"type":"Feature","geometry":{"type":"Polygon","coordinates":[[[-71.879,12.371],[-72.5,11.75],[-72.861,11.75],[-72.25,12.216],[-71.879,12.371]]]},"properties":{"hvalue":1.15,"color":"#E2EBF5"}},{"type":"Feature","geometry":{"type":"Polygon","coordinates":[[[-83.5,11.75],[-83.5,12.25],[-83.75,12.5],[-83.5,12.75],[-83.5,13.75],[-83.0,14.25],[-83.25,14.5],[-83.25,14.75],[-83.0,15.0],[-83.5,15.5],[-84.0,15.5],[-84.0,15.75],[-84.25,16.0],[-86.75,16.0],[-87.0,15.75],[-87.25,16.0],[-88.75,16.0],[-88.25,16.5],[-88.25,16.75],[-88.0,17.0],[-88.25,17.25],[-88.0,17.5],[-88.0,18.25],[-87.75,18.25],[-87.5,18.5],[-87.5,19.25],[-87.25,19.5],[-87.5,19.75],[-87.5,20.0],[-86.75,20.75],[-86.75,21.5],[-87.0,21.75],[-87.25,21.5],[-87.5,21.5],[-87.75,21.75],[-88.5,21.75],[-88.75,21.5],[-89.5,21.5],[-89.75,21.25],[-90.25,21.25],[-90.5,21.0],[-90.5,20.5],[-90.75,20.25],[-90.5,20.0],[-90.75,19.75],[-90.75,19.5],[-91.25,19.0],[-91.25,18.75],[-91.5,18.5],[-91.75,18.5],[-92.0,18.75],[-92.75,18.75],[-93.0,18.5],[-93.75,18.5],[-94.0,18.25],[-94.5,18.25],[-95.0,18.75],[-95.5,18.75],[-96.25,19.5],[-96.25,19.75],[-96.5,20.0],[-96.5,20.25],[-96.75,20.5],[-97.0,20.5],[-97.0,20.75],[-97.25,21.0],[-97.25,21.25],[-97.5,21.5],[-97.5,22.0],[-97.75,22.25],[-97.75,23.25],[-97.5,23.5],[-97.5,23.75],[-97.75,24.0],[-97.5,24.25],[-97.75,24.5],[-97.5,24.75],[-97.5,25.25],[-97.0,25.75],[-97.0,26.0],[-97.25,26.25],[-97.25,27.0],[-97.5,27.25],[-97.25,27.5],[-97.25,27.75],[-96.5,28.5],[-96.0,28.5],[-95.75,28.75],[-95.25,28.75],[-94.75,29.25],[-94.75,29.75],[-94.5,29.5],[-93.75,29.5],[-93.5,29.75],[-93.25,29.5],[-92.75,29.5],[-92.5,29.75],[-92.25,29.5],[-92.0,29.75],[-91.75,29.5],[-91.5,29.5],[-91.5,29.25],[-91.25,29.0],[-90.75,29.0],[-90.5,29.25],[-90.25,29.0],[-90.0,29.25],[-89.75,29.25],[-89.5,29.0],[-89.25,29.0],[-89.0,29.25],[-89.25,29.5],[-89.5,29.5],[-89.25,29.75],[-89.25,30.25],[-88.25,30.25],[-88.0,30.5],[-87.75,30.25],[-85.75,30.25],[-85.5,30.0],[-85.5,29.75],[-85.25,29.5],[-85.0,29.75],[-84.75,29.5],[-84.25,30.0],[-84.0,30.0],[-83.0,29.0],[-83.0,28.75],[-82.75,28.5],[-82.75,28.0],[-82.5,27.75],[-82.75,27.5],[-82.75,27.25],[-82.0,26.5],[-82.0,26.25],[-80.75,25.0],[-80.5,25.0],[-80.25,25.25],[-80.25,25.5],[-80.0,25.75],[-80.0,27.25],[-80.25,27.5],[-80.25,27.75],[-80.5,28.0],[-80.5,28.5],[-80.75,28.75],[-80.75,29.0],[-81.0,29.25],[-81.0,29.5],[-81.25,29.75],[-81.25,30.5],[-81.5,30.75],[-81.5,31.0],[-81.25,31.25],[-81.25,31.75],[-80.5,32.5],[-80.0,32.5],[-79.0,33.5],[-78.75,33.5],[-78.5,33.75],[-78.0,33.75],[-77.25,34.5],[-76.546,34.5],[-76.75,34.293],[-77.037,34.25],[-76.75,34.169],[-76.521,34.0],[-77.0,33.79],[-77.5,33.83],[-77.691,33.75],[-78.527,33.25],[-78.619,33.0],[-78.576,32.75],[-78.0,32.746],[-77.834,32.5],[-78.011,32.0],[-77.25,32.029],[-76.75,32.159],[-76.5,32.09],[-75.971,32.25],[-75.545,32.5],[-75.529,32.75],[-75.232,33.25],[-75.383,33.5],[-75.27,33.75],[-75.0,33.842],[-74.5,33.86],[-73.25,33.691],[-73.063,33.25],[-72.5,32.92],[-71.75,32.737],[-71.25,32.431],[-70.0,31.898],[-68.704,31.75],[-68.3,31.5],[-68.253,30.75],[-68.363,30.5],[-69.248,30.0],[-68.75,29.627],[-68.719,29.5],[-69.006,29.25],[-69.139,28.0],[-68.75,27.591],[-67.854,27.5],[-67.915,27.0],[-67.758,26.5],[-67.5,26.416],[-67.0,26.067],[-66.5,25.882],[-66.25,26.05],[-66.0,26.036],[-66.333,25.75],[-66.41,25.5],[-66.25,25.339],[-65.25,25.353],[-65.126,25.25],[-65.164,25.0],[-65.5,24.73],[-66.0,23.782],[-66.329,23.5],[-66.477,23.25],[-66.5,22.525],[-66.75,22.562],[-67.422,22.25],[-67.614,22.0],[-67.3,21.0],[-67.5,20.927],[-67.975,21.25],[-67.949,21.75],[-68.074,22.0],[-68.048,22.25],[-67.75,22.435],[-67.5,22.459],[-67.444,22.75],[-67.75,23.152],[-68.062,23.25],[-68.156,23.5],[-68.179,24.0],[-68.25,24.014],[-68.889,23.5],[-69.19,23.0],[-69.75,22.397],[-70.077,22.25],[-70.75,21.516],[-70.872,21.25],[-70.762,21.0],[-70.5,20.842],[-70.256,21.0],[-70.0,21.326],[-69.5,21.323],[-69.25,20.822],[-68.75,21.246],[-68.5,21.341],[-68.401,21.25],[-68.379,21.0],[-68.652,20.75],[-68.639,20.5],[-68.514,20.0],[-68.142,19.5],[-67.75,19.29],[-67.25,19.253],[-66.5,19.059],[-66.064,18.75],[-65.5,18.557],[-65.25,18.584],[-65.0,18.722],[-64.5,18.756],[-64.332,18.5],[-64.581,18.25],[-64.696,18.0],[-64.5,17.468],[-64.25,17.436],[-63.775,17.75],[-63.878,18.0],[-63.75,18.029],[-63.58,18.25],[-63.25,18.371],[-62.889,18.25],[-62.825,18.0],[-62.978,17.75],[-62.749,17.5],[-62.5,17.4],[-62.25,17.475],[-62.0,17.713],[-61.7,17.25],[-61.67,17.0],[-61.75,16.822],[-61.899,16.75],[-61.5,16.628],[-61.378,16.5],[-61.75,16.5],[-62.0,16.25],[-62.0,16.0],[-61.75,15.75],[-61.5,16.0],[-61.238,16.012],[-61.536,15.75],[-61.298,15.5],[-61.347,15.25],[-61.563,15.0],[-61.093,14.907],[-61.25,14.75],[-61.25,14.5],[-61.068,14.318],[-61.25,14.271],[-62.0,14.43],[-62.5,14.381],[-62.75,14.445],[-63.036,14.75],[-62.862,15.25],[-63.25,15.61],[-63.5,15.63],[-63.762,15.25],[-64.25,14.943],[-64.749,14.75],[-64.821,14.5],[-64.75,14.449],[-64.5,14.581],[-64.25,14.554],[-63.649,14.25],[-63.608,14.0],[-64.0,13.42],[-64.447,13.25],[-64.272,13.0],[-64.75,12.877],[-65.25,12.92],[-65.531,12.75],[-65.314,12.5],[-63.835,11.75],[-63.25,11.641],[-63.109,11.5],[-62.75,11.532],[-62.228,11.0],[-61.332,10.918],[-61.5,10.75],[-61.5,10.5],[-61.75,10.25],[-61.5,10.0],[-62.0,10.0],[-62.25,10.25],[-62.5,10.25],[-62.75,10.5],[-62.5,10.75],[-62.75,11.0],[-63.0,10.75],[-63.75,10.75],[-64.0,10.5],[-64.5,10.5],[-64.75,10.25],[-65.5,10.25],[-65.75,10.5],[-66.0,10.5],[-66.25,10.75],[-67.081,10.75],[-66.917,11.0],[-67.11,11.5],[-67.112,11.75],[-66.548,12.25],[-66.644,12.5],[-66.616,12.75],[-67.0,13.236],[-68.0,13.37],[-68.272,13.5],[-68.471,14.0],[-68.434,14.25],[-68.151,14.5],[-68.056,14.75],[-68.148,15.0],[-68.613,15.25],[-69.503,15.5],[-69.851,15.75],[-70.05,16.0],[-70.467,16.25],[-72.0,16.967],[-72.5,17.099],[-73.0,17.575],[-73.25,17.641],[-73.75,17.614],[-74.241,18.0],[-74.75,18.211],[-75.75,18.361],[-76.118,18.25],[-76.159,18.159],[-76.25,18.25],[-76.5,18.25],[-76.75,18.5],[-78.25,18.5],[-78.5,18.25],[-78.25,18.0],[-78.0,18.0],[-77.75,17.75],[-76.679,17.75],[-77.25,17.518],[-78.25,17.626],[-78.646,17.5],[-78.5,17.214],[-78.14,17.0],[-78.25,16.947],[-78.5,16.92],[-79.25,17.116],[-80.25,16.906],[-80.75,17.21],[-80.888,17.0],[-80.862,16.75],[-80.5,16.57],[-80.25,16.179],[-80.0,16.157],[-79.709,16.0],[-80.0,15.807],[-80.614,16.0],[-81.0,16.25],[-81.303,16.75],[-81.74,17.0],[-82.25,16.983],[-82.934,16.75],[-83.171,16.25],[-83.0,16.136],[-82.5,16.063],[-82.25,15.883],[-81.915,15.5],[-81.888,15.25],[-82.25,15.033],[-82.512,14.75],[-82.588,14.25],[-82.75,13.97],[-83.014,13.75],[-83.26,13.0],[-83.225,12.75],[-83.0,12.515],[-82.75,12.564],[-82.395,12.5],[-81.862,12.0],[-82.114,10.75],[-82.667,9.75],[-82.652,9.652],[-83.25,10.25],[-83.25,10.5],[-83.5,10.75],[-83.5,11.0],[-83.75,11.25],[-83.75,11.5],[-83.5,11.75]]]},"properties":{"hvalue":1.15,"color":"#E2EBF5"}},{"type":"Feature","geometry":{"type":"Polygon","coordinates":[[[-76.5,39.25],[-76.25,39.25],[-76.25,38.75],[-76.5,38.5],[-76.5,39.25]]]},"properties":{"hvalue":1.15,"color":"#E2EBF5"}},{"type":"Feature","geometry":{"type":"Polygon","coordinates":[[[-77.5,43.75],[-77.0,43.75],[-76.75,44.0],[-76.25,44.0],[-76.25,43.75],[-76.5,43.5],[-76.75,43.5],[-77.0,43.25],[-77.5,43.25],[-77.75,43.5],[-78.75,43.5],[-79.0,43.25],[-79.75,43.25],[-79.5,43.5],[-79.25,43.5],[-79.0,43.75],[-78.0,43.75],[-77.75,44.0],[-77.5,43.75]]]},"properties":{"hvalue":1.15,"color":"#E2EBF5"}},{"type":"Feature","geometry":{"type":"Polygon","coordinates":[[[-80.75,53.067],[-80.649,52.899],[-80.864,53.114],[-80.75,53.067]]]},"properties":{"hvalue":1.15,"color":"#E2EBF5"}},{"type":"Feature","geometry":{"type":"Polygon","coordinates":[[[-79.381,52.131],[-78.95,52.25],[-79.298,52.75],[-79.5,52.946],[-79.75,52.866],[-80.0,52.897],[-80.161,53.0],[-80.235,53.25],[-80.0,53.458],[-79.75,53.487],[-79.5,53.39],[-79.422,53.5],[-79.902,54.75],[-79.75,54.904],[-79.592,54.908],[-79.75,54.75],[-79.5,54.5],[-79.5,54.25],[-79.25,54.0],[-79.25,53.5],[-79.0,53.25],[-79.0,52.75],[-78.75,52.5],[-78.75,52.0],[-79.0,51.75],[-79.25,51.75],[-79.75,51.25],[-80.0,51.25],[-80.208,51.458],[-79.75,51.449],[-79.703,51.75],[-79.616,51.866],[-79.5,51.75],[-79.25,52.0],[-79.381,52.131]]]},"properties":{"hvalue":1.15,"color":"#E2EBF5"}},{"type":"Feature","geometry":{"type":"Polygon","coordinates":[[[-80.077,56.077],[-79.75,55.75],[-79.5,55.75],[-79.25,56.0],[-78.75,56.0],[-78.5,56.25],[-78.75,56.5],[-79.0,56.5],[-79.25,56.75],[-79.5,56.5],[-79.726,56.5],[-79.953,56.75],[-79.75,56.926],[-79.0,56.892],[-78.75,56.992],[-78.786,57.25],[-78.5,57.516],[-77.0,57.137],[-76.996,57.496],[-76.75,57.25],[-76.75,57.0],[-76.5,56.75],[-76.75,56.5],[-76.5,56.25],[-76.75,56.25],[-77.5,55.5],[-77.75,55.5],[-78.0,55.25],[-78.25,55.25],[-78.5,55.0],[-79.75,55.357],[-80.138,55.75],[-80.077,56.077]]]},"properties":{"hvalue":1.15,"color":"#E2EBF5"}},{"type":"Feature","geometry":{"type":"Polygon","coordinates":[[[-77.5,58.0],[-77.25,58.0],[-77.0,57.75],[-77.0,57.501],[-77.25,57.783],[-78.0,57.956],[-78.126,58.25],[-77.75,58.25],[-77.5,58.0]]]},"properties":{"hvalue":1.15,"color":"#E2EBF5"}},{"type":"Feature","geometry":{"type":"Polygon","coordinates":[[[-78.5,58.5],[-78.351,58.351],[-78.87,58.75],[-78.497,59.003],[-78.5,58.5]]]},"properties":{"hvalue":1.15,"color":"#E2EBF5"}},{"type":"Feature","geometry":{"type":"Polygon","coordinates":[[[-79.75,59.759],[-79.904,59.25],[-80.25,59.169],[-80.392,59.5],[-80.25,59.573],[-80.0,59.5],[-79.75,59.759]]]},"properties":{"hvalue":1.15,"color":"#E2EBF5"}},{"type":"Feature","geometry":{"type":"Polygon","coordinates":[[[-77.502,60.0],[-77.5,60.0],[-77.5,59.977],[-77.502,60.0]]]},"properties":{"hvalue":1.15,"color":"#E2EBF5"}},{"type":"Feature","geometry":{"type":"Polygon","coordinates":[[[-78.25,60.703],[-78.293,60.793],[-77.75,60.75],[-77.75,60.547],[-78.0,60.688],[-78.25,60.703]]]},"properties":{"hvalue":1.15,"color":"#E2EBF5"}},{"type":"Feature","geometry":{"type":"Polygon","coordinates":[[[-77.872,61.622],[-77.75,61.5],[-77.75,61.433],[-77.776,61.5],[-77.872,61.622]]]},"properties":{"hvalue":1.15,"color":"#E2EBF5"}},{"type":"Feature","geometry":{"type":"Polygon","coordinates":[[[-78.897,62.0],[-78.967,61.75],[-79.336,61.664],[-79.25,61.75],[-79.25,62.25],[-79.32,62.32],[-79.092,62.25],[-78.897,62.0]]]},"properties":{"hvalue":1.15,"color":"#E2EBF5"}},{"type":"Feature","geometry":{"type":"Polygon","coordinates":[[[-74.69,62.31],[-75.0,62.25],[-75.104,62.354],[-74.75,62.305],[-74.69,62.31]]]},"properties":{"hvalue":1.15,"color":"#E2EBF5"}},{"type":"Feature","geometry":{"type":"Polygon","coordinates":[[[-78.0,62.5],[-78.031,62.5],[-77.961,62.539],[-78.0,62.5]]]},"properties":{"hvalue":1.15,"color":"#E2EBF5"}},{"type":"Feature","geometry":{"type":"Polygon","coordinates":[[[-73.372,62.5],[-73.5,62.5],[-73.825,62.5],[-73.75,62.574],[-73.372,62.5]]]},"properties":{"hvalue":1.15,"color":"#E2EBF5"}},{"type":"Feature","geometry":{"type":"Polygon","coordinates":[[[-76.918,62.668],[-76.5,62.633],[-76.2,62.5],[-76.75,62.5],[-76.918,62.668]]]},"properties":{"hvalue":1.15,"color":"#E2EBF5"}},{"type":"Feature","geometry":{"type":"Polygon","coordinates":[[[-76.75,63.25],[-76.5,63.5],[-76.669,63.669],[-76.108,63.5],[-76.274,63.25],[-77.5,63.074],[-77.649,63.101],[-77.5,63.25],[-77.671,63.421],[-77.124,63.626],[-77.25,63.5],[-77.0,63.25],[-76.75,63.25]]]},"properties":{"hvalue":1.15,"color":"#E2EBF5"}},{"type":"Feature","geometry":{"type":"Polygon","coordinates":[[[-80.5,63.369],[-80.897,63.353],[-80.75,63.5],[-80.5,63.5],[-80.25,63.75],[-80.407,63.907],[-80.051,63.75],[-80.116,63.5],[-80.5,63.369]]]},"properties":{"hvalue":1.15,"color":"#E2EBF5"}},{"type":"Feature","geometry":{"type":"Polygon","coordinates":[[[-77.526,63.974],[-77.5,64.066],[-77.459,64.0],[-77.526,63.974]]]},"properties":{"hvalue":1.15,"color":"#E2EBF5"}},{"type":"Feature","geometry":{"type":"Polygon","coordinates":[[[-74.0,64.101],[-74.741,64.259],[-74.5,64.5],[-74.25,64.5],[-74.0,64.25],[-73.75,64.5],[-73.5,64.25],[-73.25,64.25],[-72.75,63.75],[-72.5,63.75],[-72.319,63.569],[-72.75,63.594],[-72.999,63.75],[-73.13,64.0],[-73.25,64.058],[-74.0,64.101]]]},"properties":{"hvalue":1.15,"color":"#E2EBF5"}},{"type":"Feature","geometry":{"type":"Polygon","coordinates":[[[-76.867,64.117],[-77.25,64.143],[-77.394,64.25],[-77.0,64.25],[-76.867,64.117]]]},"properties":{"hvalue":1.15,"color":"#E2EBF5"}},{"type":"Feature","geometry":{"type":"Polygon","coordinates":[[[-74.829,64.25],[-75.75,64.079],[-76.669,64.081],[-76.5,64.25],[-75.75,64.25],[-75.5,64.5],[-75.25,64.25],[-74.829,64.25]]]},"properties":{"hvalue":1.15,"color":"#E2EBF5"}},{"type":"Feature","geometry":{"type":"Polygon","coordinates":[[[-75.293,65.293],[-75.214,65.286],[-75.25,65.25],[-75.293,65.293]]]},"properties":{"hvalue":1.15,"color":"#E2EBF5"}},{"type":"Feature","geometry":{"type":"Polygon","coordinates":[[[-76.157,65.407],[-75.851,65.399],[-76.0,65.25],[-76.157,65.407]]]},"properties":{"hvalue":1.15,"color":"#E2EBF5"}},{"type":"Feature","geometry":{"type":"Polygon","coordinates":[[[-73.787,65.537],[-73.75,65.564],[-73.75,65.5],[-73.787,65.537]]]},"properties":{"hvalue":1.15,"color":"#E2EBF5"}},{"type":"Feature","geometry":{"type":"Polygon","coordinates":[[[-75.75,67.235],[-76.25,67.25],[-75.607,67.25],[-75.75,67.235]]]},"properties":{"hvalue":1.15,"color":"#E2EBF5"}},{"type":"Feature","geometry":{"type":"Polygon","coordinates":[[[-75.0,67.5],[-75.0,67.99],[-74.889,67.5],[-75.13,67.37],[-75.0,67.5]]]},"properties":{"hvalue":1.15,"color":"#E2EBF5"}},{"type":"Feature","geometry":{"type":"Polygon","coordinates":[[[-74.5,68.5],[-74.0,68.5],[-73.75,68.25],[-73.5,68.25],[-73.25,68.0],[-73.0,68.0],[-72.75,67.75],[-72.5,67.75],[-72.5,67.632],[-73.25,67.947],[-73.5,67.735],[-73.958,67.792],[-73.75,68.0],[-74.0,68.25],[-74.584,68.416],[-74.5,68.5]]]},"properties":{"hvalue":1.15,"color":"#E2EBF5"}},{"type":"Feature","geometry":{"type":"Polygon","coordinates":[[[-78.622,68.25],[-78.833,68.167],[-78.657,68.343],[-78.622,68.25]]]},"properties":{"hvalue":1.15,"color":"#E2EBF5"}},{"type":"Feature","geometry":{"type":"Polygon","coordinates":[[[-76.25,68.75],[-76.173,68.75],[-76.264,68.736],[-76.25,68.75]]]},"properties":{"hvalue":1.15,"color":"#E2EBF5"}},{"type":"Feature","geometry":{"type":"Polygon","coordinates":[[[-78.75,69.024],[-78.678,69.0],[-78.779,68.971],[-78.75,69.024]]]},"properties":{"hvalue":1.15,"color":"#E2EBF5"}},{"type":"Feature","geometry":{"type":"Polygon","coordinates":[[[-76.75,69.453],[-76.524,69.25],[-76.75,69.048],[-76.926,69.074],[-76.75,69.25],[-76.906,69.406],[-76.75,69.453]]]},"properties":{"hvalue":1.15,"color":"#E2EBF5"}},{"type":"Feature","geometry":{"type":"Polygon","coordinates":[[[-77.0,69.75],[-76.829,69.579],[-77.447,69.75],[-77.25,69.75],[-77.0,69.75]]]},"properties":{"hvalue":1.15,"color":"#E2EBF5"}},{"type":"Feature","geometry":{"type":"Polygon","coordinates":[[[-73.68,71.68],[-73.384,71.616],[-73.5,71.5],[-73.68,71.68]]]},"properties":{"hvalue":1.15,"color":"#E2EBF5"}},{"type":"Feature","geometry":{"type":"Polygon","coordinates":[[[-73.908,71.75],[-74.25,71.75],[-74.117,71.883],[-73.908,71.75]]]},"properties":{"hvalue":1.15,"color":"#E2EBF5"}},{"type":"Feature","geometry":{"type":"Polygon","coordinates":[[[-79.75,72.75],[-79.5,72.75],[-78.25,72.75],[-78.5,72.5],[-80.25,72.5],[-80.5,72.25],[-80.5,72.0],[-80.75,72.0],[-80.75,72.25],[-80.25,72.75],[-80.75,73.25],[-80.5,73.25],[-80.25,73.0],[-80.0,73.0],[-79.75,72.75]]]},"properties":{"hvalue":1.15,"color":"#E2EBF5"}},{"type":"Feature","geometry":{"type":"Polygon","coordinates":[[[-76.29,72.75],[-76.5,72.75],[-76.433,72.817],[-76.29,72.75]]]},"properties":{"hvalue":1.15,"color":"#E2EBF5"}},{"type":"Feature","geometry":{"type":"Polygon","coordinates":[[[-81.0,73.25],[-81.0,73.5],[-80.75,73.25],[-81.0,73.25]]]},"properties":{"hvalue":1.15,"color":"#E2EBF5"}},{"type":"Feature","geometry":{"type":"Polygon","coordinates":[[[-79.65,74.75],[-79.791,74.709],[-79.5,75.0],[-79.559,75.309],[-79.418,75.25],[-79.418,75.0],[-79.65,74.75]]]},"properties":{"hvalue":1.15,"color":"#E2EBF5"}},{"type":"Feature","geometry":{"type":"Polygon","coordinates":[[[-79.399,76.149],[-79.5,76.25],[-79.101,76.25],[-79.25,76.215],[-79.399,76.149]]]},"properties":{"hvalue":1.15,"color":"#E2EBF5"}},{"type":"Feature","geometry":{"type":"Polygon","coordinates":[[[-79.5,76.25],[-79.831,76.169],[-79.75,76.25],[-79.5,76.25]]]},"properties":{"hvalue":1.15,"color":"#E2EBF5"}},{"type":"Feature","geometry":{"type":"Polygon","coordinates":[[[-78.194,77.0],[-79.25,77.0],[-79.5,77.25],[-78.75,77.22],[-78.194,77.0]]]},"properties":{"hvalue":1.15,"color":"#E2EBF5"}},{"type":"Feature","geometry":{"type":"Polygon","coordinates":[[[-77.5,77.75],[-77.25,77.75],[-76.822,77.75],[-77.713,77.537],[-77.5,77.75]]]},"properties":{"hvalue":1.15,"color":"#E2EBF5"}},{"type":"Feature","geometry":{"type":"Polygon","coordinates":[[[-80.0,80.5],[-80.25,80.5],[-80.25,80.75],[-79.75,80.75],[-80.0,80.5]]]},"properties":{"hvalue":1.15,"color":"#E2EBF5"}},{"type":"Feature","geometry":{"type":"Polygon","coordinates":[[[-79.25,81.0],[-79.0,81.0],[-79.25,80.75],[-79.5,80.75],[-79.25,81.0]]]},"properties":{"hvalue":1.15,"color":"#E2EBF5"}},{"type":"Feature","geometry":{"type":"Polygon","coordinates":[[[-61.0,-69.5],[-61.5,-69.5],[-61.25,-69.25],[-61.0,-69.25],[-61.0,-69.5]]]},"properties":{"hvalue":1.15,"color":"#E2EBF5"}},{"type":"Feature","geometry":{"type":"Polygon","coordinates":[[[-67.25,-67.5],[-67.0,-67.5],[-67.0,-67.75],[-67.25,-67.5]]]},"properties":{"hvalue":1.15,"color":"#E2EBF5"}},{"type":"Feature","geometry":{"type":"Polygon","coordinates":[[[-63.183,-64.067],[-61.5,-63.709],[-61.25,-63.767],[-60.972,-63.722],[-61.0,-64.25],[-61.5,-64.25],[-61.75,-64.5],[-62.25,-64.5],[-62.0,-64.25],[-62.25,-64.0],[-62.5,-64.0],[-62.75,-64.25],[-62.75,-64.75],[-63.0,-64.75],[-63.0,-64.25],[-63.183,-64.067]]]},"properties":{"hvalue":1.15,"color":"#E2EBF5"}},{"type":"Feature","geometry":{"type":"Polygon","coordinates":[[[-58.0,-63.75],[-57.5,-63.75],[-57.75,-64.0],[-58.0,-63.75]]]},"properties":{"hvalue":1.15,"color":"#E2EBF5"}},{"type":"Feature","geometry":{"type":"Polygon","coordinates":[[[-59.5,-63.75],[-60.5,-63.75],[-60.603,-63.647],[-59.392,-63.642],[-59.5,-63.75]]]},"properties":{"hvalue":1.15,"color":"#E2EBF5"}},{"type":"Feature","geometry":{"type":"Polygon","coordinates":[[[-60.609,-62.5],[-60.257,-62.5],[-60.5,-62.553],[-60.609,-62.5]]]},"properties":{"hvalue":1.15,"color":"#E2EBF5"}},{"type":"Feature","geometry":{"type":"Polygon","coordinates":[[[-67.0,-55.194],[-67.0,-55.0],[-66.841,-55.159],[-67.0,-55.194]]]},"properties":{"hvalue":1.15,"color":"#E2EBF5"}},{"type":"Feature","geometry":{"type":"Polygon","coordinates":[[[-64.25,-54.723],[-64.122,-54.75],[-64.309,-54.75],[-64.25,-54.723]]]},"properties":{"hvalue":1.15,"color":"#E2EBF5"}},{"type":"Feature","geometry":{"type":"Polygon","coordinates":[[[-66.408,-54.342],[-66.25,-54.405],[-66.106,-54.5],[-66.25,-54.5],[-66.408,-54.342]]]},"properties":{"hvalue":1.15,"color":"#E2EBF5"}},{"type":"Feature","geometry":{"type":"Polygon","coordinates":[[[-66.75,-54.228],[-66.695,-54.25],[-66.787,-54.213],[-66.75,-54.228]]]},"properties":{"hvalue":1.15,"color":"#E2EBF5"}},{"type":"Feature","geometry":{"type":"Polygon","coordinates":[[[-67.25,-53.945],[-67.19,-54.0],[-67.492,-53.758],[-67.25,-53.945]]]},"properties":{"hvalue":1.15,"color":"#E2EBF5"}},{"type":"Feature","geometry":{"type":"Polygon","coordinates":[[[-69.25,-52.5],[-69.25,-52.25],[-69.0,-52.5],[-69.25,-52.5]]]},"properties":{"hvalue":1.15,"color":"#E2EBF5"}},{"type":"Feature","geometry":{"type":"Polygon","coordinates":[[[-58.5,-52.0],[-58.45,-52.0],[-58.54,-52.04],[-58.5,-52.0]]]},"properties":{"hvalue":1.15,"color":"#E2EBF5"}},{"type":"Feature","geometry":{"type":"Polygon","coordinates":[[[-68.75,-52.0],[-68.75,-51.5],[-69.0,-51.25],[-69.0,-50.5],[-68.5,-50.5],[-68.25,-50.25],[-68.0,-50.25],[-67.75,-50.0],[-67.75,-49.75],[-67.5,-49.5],[-67.5,-49.25],[-66.75,-48.5],[-66.5,-48.5],[-66.25,-48.25],[-66.0,-48.25],[-65.75,-48.0],[-65.75,-47.75],[-65.5,-47.5],[-65.5,-47.25],[-65.75,-47.0],[-66.75,-47.0],[-67.25,-46.5],[-67.5,-46.5],[-67.5,-46.25],[-67.25,-46.0],[-67.25,-45.75],[-66.75,-45.25],[-65.75,-45.25],[-65.5,-45.0],[-65.5,-44.75],[-65.25,-44.5],[-65.25,-44.25],[-65.0,-44.0],[-65.25,-43.75],[-64.75,-43.25],[-64.5,-43.25],[-64.25,-43.0],[-64.5,-42.75],[-64.25,-42.75],[-64.0,-43.0],[-63.75,-43.0],[-63.5,-42.75],[-63.5,-42.3],[-63.289,-42.75],[-63.419,-43.0],[-64.094,-43.25],[-64.189,-43.5],[-64.468,-43.75],[-64.545,-44.0],[-64.25,-44.461],[-64.0,-44.653],[-62.506,-45.25],[-62.314,-45.5],[-62.601,-46.0],[-62.377,-46.5],[-62.504,-46.75],[-63.169,-47.75],[-63.75,-48.313],[-64.0,-48.776],[-64.564,-49.25],[-64.854,-49.75],[-65.644,-50.25],[-66.805,-50.75],[-67.063,-51.0],[-67.233,-51.75],[-67.449,-52.0],[-68.31,-52.5],[-67.826,-53.0],[-67.881,-53.25],[-67.799,-53.5],[-67.503,-53.75],[-67.75,-53.75],[-68.25,-53.25],[-68.5,-53.25],[-68.25,-53.0],[-68.75,-52.5],[-68.5,-52.5],[-68.25,-52.25],[-68.5,-52.0],[-68.75,-52.0]]]},"properties":{"hvalue":1.15,"color":"#E2EBF5"}},{"type":"Feature","geometry":{"type":"Polygon","coordinates":[[[-64.0,-41.25],[-62.75,-41.25],[-62.5,-41.0],[-62.25,-41.0],[-62.0,-40.75],[-62.25,-40.5],[-62.25,-40.0],[-62.0,-39.75],[-62.0,-39.5],[-62.25,-39.25],[-62.25,-39.0],[-62.0,-39.0],[-61.75,-39.25],[-60.75,-39.25],[-60.5,-39.0],[-59.95,-39.0],[-60.595,-39.25],[-61.261,-39.75],[-61.81,-40.75],[-62.25,-41.171],[-63.0,-41.335],[-64.25,-41.334],[-64.358,-41.5],[-64.343,-41.75],[-64.213,-42.0],[-64.048,-42.048],[-64.25,-42.25],[-64.75,-42.25],[-65.0,-42.0],[-65.0,-41.0],[-64.25,-41.0],[-64.0,-41.25]]]},"properties":{"hvalue":1.15,"color":"#E2EBF5"}},{"type":"Feature","geometry":{"type":"Polygon","coordinates":[[[-57.0,-36.5],[-57.0,-36.25],[-57.25,-36.0],[-57.25,-35.75],[-57.0,-35.5],[-57.0,-35.25],[-57.25,-35.0],[-57.5,-35.0],[-57.75,-34.75],[-58.0,-34.75],[-58.25,-34.5],[-58.25,-34.25],[-58.0,-34.25],[-57.75,-34.5],[-57.25,-34.5],[-57.0,-34.75],[-56.75,-34.75],[-56.5,-35.0],[-55.21,-35.0],[-55.75,-35.7],[-56.0,-36.173],[-56.25,-36.4],[-56.536,-37.0],[-57.0,-37.588],[-57.288,-37.788],[-56.75,-37.25],[-56.75,-37.0],[-56.5,-36.75],[-56.5,-36.5],[-56.75,-36.25],[-57.0,-36.5]]]},"properties":{"hvalue":1.15,"color":"#E2EBF5"}},{"type":"Feature","geometry":{"type":"Polygon","coordinates":[[[-71.75,-33.593],[-71.75,-33.75],[-71.934,-33.934],[-71.877,-33.75],[-71.75,-33.593]]]},"properties":{"hvalue":1.15,"color":"#E2EBF5"}},{"type":"Feature","geometry":{"type":"Polygon","coordinates":[[[-71.5,-30.033],[-71.5,-30.25],[-71.69,-30.44],[-71.656,-30.25],[-71.5,-30.033]]]},"properties":{"hvalue":1.15,"color":"#E2EBF5"}},{"type":"Feature","geometry":{"type":"Polygon","coordinates":[[[-71.5,-28.875],[-71.5,-29.0],[-71.5,-29.078],[-71.562,-29.0],[-71.5,-28.875]]]},"properties":{"hvalue":1.15,"color":"#E2EBF5"}},{"type":"Feature","geometry":{"type":"Polygon","coordinates":[[[-71.25,-28.382],[-71.25,-28.5],[-71.363,-28.613],[-71.318,-28.5],[-71.25,-28.382]]]},"properties":{"hvalue":1.15,"color":"#E2EBF5"}},{"type":"Feature","geometry":{"type":"Polygon","coordinates":[[[-70.75,-26.673],[-70.75,-26.75],[-70.798,-26.798],[-70.788,-26.75],[-70.75,-26.673]]]},"properties":{"hvalue":1.15,"color":"#E2EBF5"}},{"type":"Feature","geometry":{"type":"Polygon","coordinates":[[[-70.501,-25.25],[-70.5,-25.25],[-70.501,-25.251],[-70.501,-25.25]]]},"properties":{"hvalue":1.15,"color":"#E2EBF5"}},{"type":"Feature","geometry":{"type":"Polygon","coordinates":[[[-70.527,-23.5],[-70.527,-23.473],[-70.5,-23.626],[-70.527,-23.5]]]},"properties":{"hvalue":1.15,"color":"#E2EBF5"}},{"type":"Feature","geometry":{"type":"Polygon","coordinates":[[[-70.5,-22.873],[-70.5,-23.0],[-70.58,-23.08],[-70.582,-23.0],[-70.5,-22.873]]]},"properties":{"hvalue":1.15,"color":"#E2EBF5"}},{"type":"Feature","geometry":{"type":"Polygon","coordinates":[[[-60.386,9.0],[-59.525,8.5],[-59.75,8.5],[-60.0,8.75],[-60.25,8.75],[-60.5,8.5],[-60.5,8.75],[-60.75,9.0],[-60.75,9.379],[-60.386,9.0]]]},"properties":{"hvalue":1.15,"color":"#E2EBF5"}},{"type":"Feature","geometry":{"type":"Polygon","coordinates":[[[-61.25,9.75],[-61.5,10.0],[-61.148,10.0],[-61.25,9.75]]]},"properties":{"hvalue":1.15,"color":"#E2EBF5"}},{"type":"Feature","geometry":{"type":"Polygon","coordinates":[[[-68.25,10.975],[-68.0,10.817],[-67.539,10.711],[-67.75,10.5],[-68.0,10.5],[-68.25,10.75],[-68.25,10.975]]]},"properties":{"hvalue":1.15,"color":"#E2EBF5"}},{"type":"Feature","geometry":{"type":"Polygon","coordinates":[[[-60.634,11.25],[-60.75,11.098],[-61.105,11.25],[-60.75,11.382],[-60.634,11.25]]]},"properties":{"hvalue":1.15,"color":"#E2EBF5"}},{"type":"Feature","geometry":{"type":"Polygon","coordinates":[[[-69.247,11.747],[-69.0,11.713],[-68.817,11.5],[-69.0,11.5],[-69.247,11.747]]]},"properties":{"hvalue":1.15,"color":"#E2EBF5"}},{"type":"Feature","geometry":{"type":"Polygon","coordinates":[[[-69.75,11.75],[-69.75,11.929],[-69.251,11.749],[-69.5,11.5],[-70.0,11.5],[-69.75,11.75]]]},"properties":{"hvalue":1.15,"color":"#E2EBF5"}},{"type":"Feature","geometry":{"type":"Polygon","coordinates":[[[-71.5,11.75],[-71.45,11.75],[-71.561,11.689],[-71.5,11.75]]]},"properties":{"hvalue":1.15,"color":"#E2EBF5"}},{"type":"Feature","geometry":{"type":"Polygon","coordinates":[[[-70.681,11.5],[-70.372,12.5],[-70.179,12.571],[-70.25,12.5],[-70.0,12.25],[-70.25,12.25],[-70.5,12.0],[-70.0,11.5],[-70.5,11.5],[-70.75,11.25],[-71.0,11.25],[-71.25,11.0],[-71.5,11.0],[-71.73,11.23],[-71.099,11.25],[-70.681,11.5]]]},"properties":{"hvalue":1.15,"color":"#E2EBF5"}},{"type":"Feature","geometry":{"type":"Polygon","coordinates":[[[-67.418,12.0],[-67.75,11.895],[-67.86,12.0],[-67.75,12.105],[-67.418,12.0]]]},"properties":{"hvalue":1.15,"color":"#E2EBF5"}},{"type":"Feature","geometry":{"type":"Polygon","coordinates":[[[-68.255,12.25],[-68.5,12.011],[-69.0,11.801],[-69.464,12.25],[-69.25,12.422],[-68.75,12.174],[-68.5,12.417],[-68.255,12.25]]]},"properties":{"hvalue":1.15,"color":"#E2EBF5"}},{"type":"Feature","geometry":{"type":"Polygon","coordinates":[[[-70.0,12.25],[-69.943,12.307],[-69.891,12.141],[-70.0,12.25]]]},"properties":{"hvalue":1.15,"color":"#E2EBF5"}},{"type":"Feature","geometry":{"type":"Polygon","coordinates":[[[-62.75,12.108],[-62.5,12.102],[-62.297,12.25],[-62.233,12.5],[-62.289,12.75],[-62.5,12.951],[-63.066,13.0],[-63.79,13.25],[-63.0,13.4],[-61.25,13.458],[-61.082,13.25],[-61.345,12.5],[-61.577,12.25],[-61.578,12.0],[-61.75,11.805],[-62.75,11.853],[-63.25,11.769],[-63.5,11.986],[-63.68,12.5],[-63.5,12.637],[-63.25,12.621],[-62.75,12.108]]]},"properties":{"hvalue":1.15,"color":"#E2EBF5"}},{"type":"Feature","geometry":{"type":"Polygon","coordinates":[[[-59.75,13.348],[-59.638,13.25],[-59.75,13.099],[-59.906,13.25],[-59.75,13.348]]]},"properties":{"hvalue":1.15,"color":"#E2EBF5"}},{"type":"Feature","geometry":{"type":"Polygon","coordinates":[[[-61.25,13.591],[-61.866,13.75],[-61.82,14.0],[-61.25,14.22],[-61.088,14.162],[-61.25,14.0],[-61.25,13.75],[-61.135,13.635],[-61.25,13.591]]]},"properties":{"hvalue":1.15,"color":"#E2EBF5"}},{"type":"Feature","geometry":{"type":"Polygon","coordinates":[[[-65.066,32.25],[-64.75,32.533],[-64.587,32.25],[-64.75,32.091],[-65.0,32.085],[-65.066,32.25]]]},"properties":{"hvalue":1.15,"color":"#E2EBF5"}},{"type":"Feature","geometry":{"type":"Polygon","coordinates":[[[-75.75,36.25],[-76.0,36.5],[-76.0,36.75],[-76.25,37.0],[-76.5,37.0],[-76.25,37.25],[-76.25,37.75],[-76.5,38.0],[-76.25,38.25],[-76.0,38.25],[-76.0,38.0],[-75.75,37.75],[-75.5,37.75],[-75.0,38.25],[-75.0,38.75],[-75.25,39.0],[-75.25,39.25],[-75.0,39.0],[-74.75,39.0],[-74.0,39.75],[-74.0,40.5],[-73.0,40.5],[-72.75,40.75],[-73.0,41.0],[-73.25,41.0],[-73.0,41.25],[-71.25,41.25],[-71.0,41.5],[-70.5,41.5],[-70.25,41.75],[-70.75,42.25],[-71.0,42.25],[-70.75,42.5],[-70.75,43.0],[-70.0,43.75],[-69.5,43.75],[-69.0,44.25],[-68.0,44.25],[-67.75,44.5],[-67.25,44.5],[-67.0,44.75],[-67.0,45.0],[-66.0,45.0],[-65.75,45.25],[-65.25,45.25],[-65.0,45.5],[-64.75,45.25],[-65.0,45.25],[-65.25,45.0],[-65.5,45.0],[-65.75,44.75],[-66.0,44.75],[-66.25,44.5],[-66.25,43.75],[-66.0,43.5],[-65.0,43.5],[-64.5,44.0],[-64.326,44.0],[-64.568,43.75],[-64.75,43.59],[-65.75,43.117],[-66.75,42.944],[-67.5,43.208],[-68.0,43.174],[-69.0,42.599],[-69.713,42.0],[-69.75,41.744],[-69.565,41.25],[-69.713,41.0],[-70.25,40.679],[-70.864,40.5],[-71.854,40.0],[-72.5,39.466],[-73.166,38.5],[-73.798,38.0],[-74.952,36.75],[-75.2,36.25],[-75.223,35.75],[-75.348,35.25],[-76.322,34.678],[-76.25,34.75],[-76.5,35.0],[-76.25,35.25],[-76.0,35.25],[-75.5,35.75],[-75.75,36.0],[-76.0,36.0],[-75.75,36.25]]]},"properties":{"hvalue":1.15,"color":"#E2EBF5"}},{"type":"Feature","geometry":{"type":"Polygon","coordinates":[[[-64.0,44.302],[-64.0,44.5],[-63.857,44.357],[-64.0,44.302]]]},"properties":{"hvalue":1.15,"color":"#E2EBF5"}},{"type":"Feature","geometry":{"type":"Polygon","coordinates":[[[-63.595,44.405],[-63.5,44.5],[-63.346,44.5],[-63.5,44.416],[-63.595,44.405]]]},"properties":{"hvalue":1.15,"color":"#E2EBF5"}},{"type":"Feature","geometry":{"type":"Polygon","coordinates":[[[-61.75,45.0],[-61.628,45.0],[-61.809,44.941],[-61.75,45.0]]]},"properties":{"hvalue":1.15,"color":"#E2EBF5"}},{"type":"Feature","geometry":{"type":"Polygon","coordinates":[[[-62.167,46.25],[-62.25,46.124],[-62.304,46.304],[-62.167,46.25]]]},"properties":{"hvalue":1.15,"color":"#E2EBF5"}},{"type":"Feature","geometry":{"type":"Polygon","coordinates":[[[-63.521,46.0],[-63.75,46.0],[-64.0,46.25],[-63.75,46.5],[-63.75,46.25],[-63.521,46.0]]]},"properties":{"hvalue":1.15,"color":"#E2EBF5"}},{"type":"Feature","geometry":{"type":"Polygon","coordinates":[[[-64.328,46.578],[-64.25,46.5],[-64.0,46.25],[-64.268,46.268],[-64.384,46.5],[-64.328,46.578]]]},"properties":{"hvalue":1.15,"color":"#E2EBF5"}},{"type":"Feature","geometry":{"type":"Polygon","coordinates":[[[-63.75,46.609],[-63.644,46.606],[-63.75,46.5],[-63.75,46.609]]]},"properties":{"hvalue":1.15,"color":"#E2EBF5"}},{"type":"Feature","geometry":{"type":"Polygon","coordinates":[[[-57.43,47.5],[-56.0,47.5],[-55.75,47.25],[-56.0,47.0],[-55.869,46.869],[-56.5,46.9],[-56.656,47.0],[-56.75,47.275],[-57.43,47.5]]]},"properties":{"hvalue":1.15,"color":"#E2EBF5"}},{"type":"Feature","geometry":{"type":"Polygon","coordinates":[[[-65.0,47.25],[-64.95,47.3],[-64.964,47.214],[-65.0,47.25]]]},"properties":{"hvalue":1.15,"color":"#E2EBF5"}},{"type":"Feature","geometry":{"type":"Polygon","coordinates":[[[-65.25,48.0],[-65.074,47.926],[-65.25,47.75],[-65.5,47.75],[-65.75,48.0],[-65.25,48.0]]]},"properties":{"hvalue":1.15,"color":"#E2EBF5"}},{"type":"Feature","geometry":{"type":"Polygon","coordinates":[[[-59.195,48.5],[-58.707,48.707],[-58.5,48.5],[-58.75,48.5],[-59.0,48.25],[-59.161,48.25],[-59.195,48.5]]]},"properties":{"hvalue":1.15,"color":"#E2EBF5"}},{"type":"Feature","geometry":{"type":"Polygon","coordinates":[[[-58.346,49.25],[-58.25,49.356],[-58.25,49.25],[-58.346,49.25]]]},"properties":{"hvalue":1.15,"color":"#E2EBF5"}},{"type":"Feature","geometry":{"type":"Polygon","coordinates":[[[-67.5,49.25],[-66.75,50.0],[-66.25,50.0],[-66.0,50.25],[-63.75,50.25],[-63.522,50.022],[-64.0,50.0],[-64.25,49.75],[-64.0,49.5],[-63.75,49.5],[-63.5,49.25],[-63.25,49.25],[-63.001,49.001],[-64.0,49.017],[-64.175,48.675],[-64.25,48.75],[-64.25,49.0],[-64.5,49.25],[-65.25,49.25],[-65.5,49.5],[-65.75,49.25],[-66.75,49.25],[-67.0,49.0],[-67.75,49.0],[-68.0,48.75],[-68.25,48.75],[-68.5,48.5],[-69.0,48.5],[-69.0,48.75],[-68.75,48.75],[-68.5,49.0],[-68.25,49.0],[-68.0,49.25],[-67.5,49.25]]]},"properties":{"hvalue":1.15,"color":"#E2EBF5"}},{"type":"Feature","geometry":{"type":"Polygon","coordinates":[[[-62.042,50.042],[-63.189,50.061],[-63.0,50.25],[-62.25,50.25],[-62.042,50.042]]]},"properties":{"hvalue":1.15,"color":"#E2EBF5"}},{"type":"Feature","geometry":{"type":"Polygon","coordinates":[[[-60.0,50.25],[-59.875,50.25],[-60.074,50.176],[-60.0,50.25]]]},"properties":{"hvalue":1.15,"color":"#E2EBF5"}},{"type":"Feature","geometry":{"type":"Polygon","coordinates":[[[-59.5,50.5],[-59.415,50.5],[-59.614,50.386],[-59.5,50.5]]]},"properties":{"hvalue":1.15,"color":"#E2EBF5"}},{"type":"Feature","geometry":{"type":"Polygon","coordinates":[[[-58.907,50.843],[-58.75,51.0],[-58.631,51.0],[-58.75,50.941],[-58.907,50.843]]]},"properties":{"hvalue":1.15,"color":"#E2EBF5"}},{"type":"Feature","geometry":{"type":"Polygon","coordinates":[[[-58.0,51.25],[-57.75,51.25],[-57.253,51.25],[-58.115,51.135],[-58.0,51.25]]]},"properties":{"hvalue":1.15,"color":"#E2EBF5"}},{"type":"Feature","geometry":{"type":"Polygon","coordinates":[[[-57.163,51.0],[-56.75,51.5],[-56.508,51.5],[-57.0,51.0],[-57.163,51.0]]]},"properties":{"hvalue":1.15,"color":"#E2EBF5"}},{"type":"Feature","geometry":{"type":"Polygon","coordinates":[[[-59.75,53.75],[-59.5,53.75],[-59.75,53.5],[-60.0,53.5],[-59.75,53.75]]]},"properties":{"hvalue":1.15,"color":"#E2EBF5"}},{"type":"Feature","geometry":{"type":"Polygon","coordinates":[[[-63.0,58.5],[-62.826,58.674],[-62.75,58.651],[-62.337,58.25],[-62.5,58.25],[-62.75,58.5],[-63.0,58.5]]]},"properties":{"hvalue":1.15,"color":"#E2EBF5"}},{"type":"Feature","geometry":{"type":"Polygon","coordinates":[[[-56.75,54.0],[-57.25,54.0],[-57.5,54.25],[-57.25,54.25],[-57.0,54.5],[-57.25,54.75],[-57.75,54.75],[-58.0,55.0],[-58.75,55.0],[-59.0,55.25],[-60.0,55.25],[-60.25,55.5],[-60.0,55.75],[-60.25,56.0],[-60.5,55.75],[-61.0,56.25],[-61.25,56.25],[-61.25,57.25],[-61.5,57.5],[-61.5,57.75],[-61.75,58.0],[-62.0,58.0],[-62.153,58.153],[-61.656,58.0],[-61.393,57.75],[-61.0,57.711],[-60.713,57.75],[-59.654,58.25],[-59.208,58.5],[-58.778,59.0],[-58.854,59.5],[-59.25,59.753],[-59.5,59.882],[-60.0,59.975],[-60.25,60.124],[-61.0,60.229],[-61.777,60.5],[-62.25,60.828],[-63.25,60.988],[-63.75,60.964],[-64.0,60.909],[-64.065,60.75],[-63.546,60.25],[-63.023,59.023],[-63.5,59.5],[-63.75,59.5],[-64.0,59.75],[-64.0,60.0],[-64.5,60.5],[-64.75,60.5],[-65.5,59.75],[-65.5,59.5],[-66.0,59.0],[-66.25,59.0],[-66.75,58.5],[-68.0,58.5],[-68.5,59.0],[-69.0,59.0],[-69.5,59.5],[-69.75,59.5],[-69.5,59.75],[-69.75,60.0],[-69.5,60.25],[-69.5,60.75],[-69.25,61.0],[-69.5,61.25],[-69.75,61.0],[-70.0,61.0],[-70.25,61.25],[-71.5,61.25],[-71.5,61.5],[-71.75,61.75],[-72.0,61.75],[-72.25,62.0],[-72.5,62.0],[-72.75,62.25],[-73.0,62.25],[-73.221,62.471],[-71.25,62.253],[-71.0,62.277],[-70.793,62.5],[-71.128,62.75],[-71.0,62.75],[-70.75,62.5],[-70.5,62.5],[-70.25,62.75],[-69.75,62.75],[-69.25,62.25],[-68.5,62.25],[-68.25,62.0],[-66.75,62.0],[-66.5,61.75],[-66.0,61.75],[-65.75,62.0],[-65.75,62.25],[-66.0,62.5],[-66.25,62.5],[-66.5,62.75],[-66.75,62.75],[-67.0,63.0],[-67.5,63.0],[-67.75,63.25],[-67.5,63.5],[-67.25,63.25],[-67.0,63.25],[-66.75,63.0],[-66.5,63.0],[-66.25,62.75],[-65.5,62.75],[-65.25,62.5],[-64.75,63.0],[-64.75,63.25],[-64.25,63.25],[-64.0,63.5],[-64.0,63.75],[-64.25,64.0],[-64.75,64.0],[-64.75,64.25],[-65.25,64.75],[-65.5,64.75],[-65.75,65.0],[-66.5,65.0],[-67.25,65.75],[-67.0,66.0],[-67.25,66.25],[-67.0,66.5],[-66.5,66.0],[-66.0,66.0],[-65.75,65.75],[-65.5,65.75],[-64.75,65.0],[-64.0,65.0],[-63.75,64.75],[-63.5,64.75],[-63.25,65.0],[-63.25,65.5],[-62.75,65.5],[-62.5,65.75],[-62.25,65.75],[-62.0,66.0],[-62.0,66.25],[-61.5,66.25],[-61.25,66.5],[-61.25,66.75],[-61.5,67.0],[-62.0,67.0],[-62.25,67.25],[-62.5,67.0],[-63.0,67.5],[-63.5,67.5],[-63.75,67.75],[-64.25,67.75],[-64.5,68.0],[-64.75,68.0],[-65.0,68.25],[-65.25,68.0],[-66.25,68.0],[-66.75,68.5],[-67.25,68.5],[-67.5,68.75],[-68.0,68.75],[-67.75,69.0],[-66.75,69.0],[-66.5,69.25],[-66.701,69.451],[-66.25,69.277],[-65.5,69.198],[-65.159,69.0],[-64.5,68.821],[-64.25,68.68],[-63.0,68.539],[-62.5,68.402],[-62.0,68.147],[-61.0,68.016],[-60.485,67.75],[-60.113,67.5],[-59.9,67.25],[-59.876,67.0],[-59.996,66.75],[-61.268,66.25],[-61.965,65.5],[-61.75,65.168],[-61.5,65.001],[-58.5,65.307],[-57.0,65.749],[-56.5,65.799],[-56.0,65.709],[-54.75,65.204],[-53.75,65.089],[-53.423,65.25],[-53.281,65.781],[-53.25,65.5],[-53.0,65.25],[-52.75,65.5],[-52.25,65.0],[-52.25,64.25],[-52.0,64.0],[-51.75,64.25],[-51.75,63.75],[-51.0,63.0],[-50.75,63.0],[-50.5,62.75],[-50.5,62.5],[-50.25,62.25],[-50.0,62.25],[-49.0,61.25],[-48.75,61.25],[-48.0,60.5],[-47.75,60.5],[-47.5,60.75],[-46.75,60.75],[-46.5,60.5],[-45.75,60.5],[-45.25,60.0],[-45.0,60.0],[-44.834,59.834],[-45.25,59.876],[-46.5,60.26],[-48.0,60.428],[-48.154,60.25],[-48.105,60.0],[-47.754,59.5],[-47.926,59.25],[-48.49,59.0],[-48.802,58.75],[-48.923,58.25],[-48.806,57.75],[-47.828,56.5],[-47.745,56.25],[-48.0,56.026],[-49.5,55.262],[-52.25,54.454],[-52.75,54.175],[-53.5,53.909],[-55.25,53.682],[-55.5,53.514],[-55.75,52.813],[-55.75,53.5],[-56.0,53.75],[-56.5,53.75],[-56.75,54.0]]]},"properties":{"hvalue":1.15,"color":"#E2EBF5"}},{"type":"Feature","geometry":{"type":"Polygon","coordinates":[[[-71.629,63.129],[-72.176,63.5],[-72.0,63.75],[-71.75,63.5],[-71.5,63.5],[-71.75,63.25],[-71.629,63.129]]]},"properties":{"hvalue":1.15,"color":"#E2EBF5"}},{"type":"Feature","geometry":{"type":"Polygon","coordinates":[[[-68.5,63.5],[-68.5,63.75],[-68.25,63.5],[-68.5,63.5]]]},"properties":{"hvalue":1.15,"color":"#E2EBF5"}},{"type":"Feature","geometry":{"type":"Polygon","coordinates":[[[-66.798,69.5],[-67.25,69.5],[-67.084,69.666],[-66.798,69.5]]]},"properties":{"hvalue":1.15,"color":"#E2EBF5"}},{"type":"Feature","geometry":{"type":"Polygon","coordinates":[[[-67.471,70.221],[-67.116,70.0],[-67.106,69.856],[-67.471,70.221]]]},"properties":{"hvalue":1.15,"color":"#E2EBF5"}},{"type":"Feature","geometry":{"type":"Polygon","coordinates":[[[-69.0,70.25],[-68.5,70.25],[-68.75,70.0],[-69.0,70.25]]]},"properties":{"hvalue":1.15,"color":"#E2EBF5"}},{"type":"Feature","geometry":{"type":"Polygon","coordinates":[[[-67.911,70.5],[-68.25,70.5],[-68.402,70.652],[-68.25,70.627],[-67.911,70.5]]]},"properties":{"hvalue":1.15,"color":"#E2EBF5"}},{"type":"Feature","geometry":{"type":"Polygon","coordinates":[[[-69.0,70.768],[-68.905,70.75],[-69.019,70.769],[-69.0,70.768]]]},"properties":{"hvalue":1.15,"color":"#E2EBF5"}},{"type":"Feature","geometry":{"type":"Polygon","coordinates":[[[-69.371,70.879],[-69.5,70.75],[-69.75,70.75],[-69.908,70.908],[-69.371,70.879]]]},"properties":{"hvalue":1.15,"color":"#E2EBF5"}},{"type":"Feature","geometry":{"type":"Polygon","coordinates":[[[-70.539,71.039],[-70.29,70.96],[-70.5,70.75],[-70.539,71.039]]]},"properties":{"hvalue":1.15,"color":"#E2EBF5"}},{"type":"Feature","geometry":{"type":"Polygon","coordinates":[[[-56.515,74.0],[-56.5,74.0],[-56.523,73.977],[-56.515,74.0]]]},"properties":{"hvalue":1.15,"color":"#E2EBF5"}},{"type":"Feature","geometry":{"type":"Polygon","coordinates":[[[-69.25,76.392],[-70.0,76.48],[-70.251,76.75],[-69.75,76.75],[-69.5,76.5],[-69.25,76.5],[-69.25,76.392]]]},"properties":{"hvalue":1.15,"color":"#E2EBF5"}},{"type":"Feature","geometry":{"type":"Polygon","coordinates":[[[-70.25,77.5],[-69.5,77.5],[-69.25,77.25],[-70.0,77.25],[-70.25,77.5]]]},"properties":{"hvalue":1.15,"color":"#E2EBF5"}},{"type":"Feature","geometry":{"type":"Polygon","coordinates":[[[-72.25,77.466],[-73.0,77.983],[-72.914,78.164],[-72.75,78.0],[-72.5,78.0],[-72.25,77.75],[-71.5,77.75],[-71.25,77.5],[-71.0,77.75],[-70.75,77.5],[-70.25,77.5],[-70.5,77.25],[-71.0,77.25],[-71.169,77.081],[-72.25,77.466]]]},"properties":{"hvalue":1.15,"color":"#E2EBF5"}},{"type":"Feature","geometry":{"type":"Polygon","coordinates":[[[-74.5,79.0],[-75.75,79.0],[-76.0,79.25],[-74.0,79.25],[-73.75,79.5],[-73.5,79.5],[-73.25,79.75],[-73.0,79.75],[-72.75,79.5],[-71.25,79.5],[-71.0,79.75],[-70.75,79.75],[-70.5,80.0],[-70.25,80.0],[-70.0,80.25],[-69.0,80.25],[-68.5,80.75],[-66.75,80.75],[-67.0,80.5],[-67.5,80.5],[-67.75,80.25],[-67.5,80.0],[-66.25,80.0],[-66.0,79.75],[-65.75,79.75],[-65.5,80.0],[-65.0,80.0],[-65.25,79.75],[-65.25,79.5],[-65.5,79.5],[-65.75,79.25],[-69.0,79.25],[-69.25,79.0],[-69.75,79.0],[-70.0,78.75],[-72.5,78.75],[-72.83,78.42],[-73.75,78.425],[-75.593,78.157],[-75.5,78.25],[-75.75,78.5],[-74.5,78.5],[-74.25,78.75],[-74.5,79.0]]]},"properties":{"hvalue":1.15,"color":"#E2EBF5"}},{"type":"Feature","geometry":{"type":"Polygon","coordinates":[[[-65.0,81.25],[-64.5,81.25],[-64.25,81.5],[-64.5,81.75],[-62.25,81.75],[-62.0,82.0],[-61.5,82.0],[-61.75,81.75],[-61.75,81.5],[-62.0,81.25],[-64.25,81.25],[-64.5,81.0],[-65.75,81.0],[-66.0,80.75],[-66.5,80.75],[-66.25,81.0],[-66.0,81.0],[-65.75,81.25],[-66.0,81.5],[-65.25,81.5],[-65.0,81.25]]]},"properties":{"hvalue":1.15,"color":"#E2EBF5"}},{"type":"Feature","geometry":{"type":"Polygon","coordinates":[[[-36.66,-54.09],[-36.266,-54.25],[-36.5,-54.25],[-36.66,-54.09]]]},"properties":{"hvalue":1.15,"color":"#E2EBF5"}},{"type":"Feature","geometry":{"type":"Polygon","coordinates":[[[-37.25,-54.0],[-37.25,-53.992],[-37.193,-54.0],[-37.25,-54.0]]]},"properties":{"hvalue":1.15,"color":"#E2EBF5"}},{"type":"Feature","geometry":{"type":"Polygon","coordinates":[[[-53.5,-33.25],[-53.5,-33.0],[-53.25,-32.75],[-53.0,-32.75],[-53.5,-33.25]]]},"properties":{"hvalue":1.15,"color":"#E2EBF5"}},{"type":"Feature","geometry":{"type":"Polygon","coordinates":[[[-52.5,-33.0],[-52.353,-32.853],[-52.5,-33.113],[-52.5,-33.0]]]},"properties":{"hvalue":1.15,"color":"#E2EBF5"}},{"type":"Feature","geometry":{"type":"Polygon","coordinates":[[[-53.0,-32.75],[-52.75,-32.5],[-52.75,-32.75],[-53.0,-32.75]]]},"properties":{"hvalue":1.15,"color":"#E2EBF5"}},{"type":"Feature","geometry":{"type":"Polygon","coordinates":[[[-52.25,-32.5],[-52.236,-32.486],[-52.25,-32.52],[-52.25,-32.5]]]},"properties":{"hvalue":1.15,"color":"#E2EBF5"}},{"type":"Feature","geometry":{"type":"Polygon","coordinates":[[[-51.75,-31.75],[-51.61,-31.89],[-51.819,-31.931],[-52.0,-31.75],[-51.75,-31.5],[-51.75,-31.75]]]},"properties":{"hvalue":1.15,"color":"#E2EBF5"}},{"type":"Feature","geometry":{"type":"Polygon","coordinates":[[[-50.75,-30.5],[-50.594,-30.656],[-50.624,-30.876],[-51.0,-30.5],[-50.75,-30.5]]]},"properties":{"hvalue":1.15,"color":"#E2EBF5"}},{"type":"Feature","geometry":{"type":"Polygon","coordinates":[[[-48.5,-27.25],[-48.5,-26.776],[-48.371,-27.379],[-48.5,-27.25]]]},"properties":{"hvalue":1.15,"color":"#E2EBF5"}},{"type":"Feature","geometry":{"type":"Polygon","coordinates":[[[-45.22,-23.75],[-45.276,-23.776],[-45.209,-23.709],[-45.22,-23.75]]]},"properties":{"hvalue":1.15,"color":"#E2EBF5"}},{"type":"Feature","geometry":{"type":"Polygon","coordinates":[[[-44.0,-23.0],[-43.895,-23.0],[-44.052,-23.052],[-44.0,-23.0]]]},"properties":{"hvalue":1.15,"color":"#E2EBF5"}},{"type":"Feature","geometry":{"type":"Polygon","coordinates":[[[-40.876,-21.376],[-40.937,-21.75],[-40.958,-21.792],[-41.0,-21.5],[-40.876,-21.376]]]},"properties":{"hvalue":1.15,"color":"#E2EBF5"}},{"type":"Feature","geometry":{"type":"Polygon","coordinates":[[[-30.0,-20.716],[-31.75,-20.19],[-32.0,-20.288],[-32.262,-20.25],[-33.75,-19.327],[-35.119,-18.75],[-35.75,-18.348],[-37.546,-17.5],[-38.25,-16.865],[-38.75,-16.647],[-39.0,-16.62],[-39.0,-16.25],[-38.75,-16.0],[-38.75,-15.25],[-39.0,-15.0],[-39.0,-14.5],[-38.75,-14.25],[-38.75,-13.25],[-38.5,-13.0],[-38.25,-13.0],[-37.5,-12.25],[-37.5,-11.75],[-37.262,-11.512],[-37.321,-11.75],[-37.25,-12.302],[-37.0,-12.224],[-36.25,-12.319],[-35.888,-12.5],[-36.185,-12.75],[-36.5,-12.815],[-36.83,-13.0],[-36.889,-13.25],[-36.75,-13.284],[-36.028,-13.25],[-36.07,-13.0],[-35.75,-12.686],[-35.25,-12.666],[-34.5,-12.829],[-33.0,-12.69],[-32.0,-12.353],[-31.5,-12.014],[-31.25,-11.983],[-30.5,-12.236],[-30.376,-12.5],[-30.438,-12.75],[-30.284,-13.0],[-29.25,-13.866],[-28.25,-14.371],[-28.11,-14.5],[-27.999,-15.0],[-27.784,-15.25],[-26.666,-16.0],[-26.299,-16.75],[-26.306,-17.0],[-26.47,-17.25],[-26.309,-18.0],[-25.998,-18.5],[-26.017,-18.75],[-26.206,-19.0],[-26.249,-19.25],[-26.034,-19.5],[-25.5,-19.866],[-24.301,-20.0],[-23.976,-20.25],[-24.25,-20.435],[-24.75,-20.374],[-25.75,-20.477],[-27.5,-20.815],[-30.0,-20.716]]]},"properties":{"hvalue":1.15,"color":"#E2EBF5"}},{"type":"Feature","geometry":{"type":"Polygon","coordinates":[[[-35.75,-9.75],[-35.0,-9.0],[-35.0,-8.75],[-34.829,-8.579],[-35.058,-9.5],[-36.25,-10.629],[-36.81,-11.0],[-37.25,-11.493],[-37.25,-11.25],[-36.75,-10.75],[-36.5,-10.75],[-35.75,-10.0],[-35.75,-9.75]]]},"properties":{"hvalue":1.15,"color":"#E2EBF5"}},{"type":"Feature","geometry":{"type":"Polygon","coordinates":[[[-34.617,-7.0],[-34.582,-7.5],[-34.75,-8.219],[-34.75,-6.609],[-34.617,-7.0]]]},"properties":{"hvalue":1.15,"color":"#E2EBF5"}},{"type":"Feature","geometry":{"type":"Polygon","coordinates":[[[-35.0,-6.25],[-35.0,-5.842],[-34.893,-6.0],[-34.816,-6.434],[-35.0,-6.25]]]},"properties":{"hvalue":1.15,"color":"#E2EBF5"}},{"type":"Feature","geometry":{"type":"Polygon","coordinates":[[[-34.75,-3.7],[-34.714,-3.75],[-34.75,-3.782],[-34.79,-3.75],[-34.75,-3.7]]]},"properties":{"hvalue":1.15,"color":"#E2EBF5"}},{"type":"Feature","geometry":{"type":"Polygon","coordinates":[[[-42.473,-2.527],[-42.016,-2.516],[-42.25,-2.75],[-42.473,-2.527]]]},"properties":{"hvalue":1.15,"color":"#E2EBF5"}},{"type":"Feature","geometry":{"type":"Polygon","coordinates":[[[-42.75,-2.443],[-42.662,-2.5],[-42.814,-2.436],[-42.75,-2.443]]]},"properties":{"hvalue":1.15,"color":"#E2EBF5"}},{"type":"Feature","geometry":{"type":"Polygon","coordinates":[[[-38.25,-1.627],[-39.0,-1.53],[-39.234,-1.25],[-38.75,-1.09],[-38.25,-1.126],[-38.032,-1.25],[-38.103,-1.5],[-38.25,-1.627]]]},"properties":{"hvalue":1.15,"color":"#E2EBF5"}},{"type":"Feature","geometry":{"type":"Polygon","coordinates":[[[-48.75,-1.25],[-48.5,-1.0],[-48.5,-1.25],[-48.75,-1.25]]]},"properties":{"hvalue":1.15,"color":"#E2EBF5"}},{"type":"Feature","geometry":{"type":"Polygon","coordinates":[[[-51.0,0.0],[-50.75,0.0],[-50.75,-0.25],[-51.0,0.0]]]},"properties":{"hvalue":1.15,"color":"#E2EBF5"}},{"type":"Feature","geometry":{"type":"Polygon","coordinates":[[[-38.25,-0.002],[-38.049,0.25],[-37.75,0.304],[-37.659,0.25],[-37.725,0.0],[-38.25,-0.002]]]},"properties":{"hvalue":1.15,"color":"#E2EBF5"}},{"type":"Feature","geometry":{"type":"Polygon","coordinates":[[[-37.0,-4.75],[-37.25,-4.75],[-38.5,-3.5],[-38.75,-3.5],[-39.25,-3.0],[-39.5,-3.0],[-39.75,-2.75],[-41.75,-2.75],[-41.974,-2.526],[-40.443,-2.25],[-41.0,-1.922],[-41.75,-1.812],[-42.539,-1.5],[-43.25,-0.964],[-44.0,-0.582],[-44.25,-0.593],[-44.448,-0.75],[-44.429,-1.0],[-44.223,-1.25],[-44.237,-2.0],[-44.0,-2.118],[-43.75,-2.065],[-43.355,-2.25],[-43.75,-2.25],[-44.0,-2.5],[-44.25,-2.25],[-44.25,-2.0],[-45.0,-1.25],[-45.25,-1.5],[-45.75,-1.0],[-46.0,-1.0],[-46.25,-0.75],[-47.0,-0.75],[-47.25,-0.5],[-48.0,-0.5],[-48.25,-0.75],[-48.25,-0.5],[-48.75,0.0],[-49.25,0.0],[-49.75,0.5],[-50.0,0.5],[-50.0,0.75],[-49.75,1.0],[-49.75,1.75],[-50.0,2.0],[-50.5,2.0],[-50.5,2.25],[-50.75,2.5],[-50.75,3.0],[-51.0,3.25],[-51.0,4.0],[-51.5,4.5],[-51.75,4.5],[-52.75,5.5],[-53.0,5.5],[-53.25,5.75],[-53.75,5.75],[-54.0,6.0],[-57.0,6.0],[-58.0,7.0],[-58.25,7.0],[-58.25,7.25],[-59.348,8.348],[-58.75,7.958],[-58.25,7.449],[-57.379,6.75],[-57.0,6.488],[-56.75,6.414],[-55.5,6.529],[-54.5,6.507],[-53.5,6.644],[-52.75,6.585],[-52.25,6.72],[-51.74,7.0],[-51.25,7.071],[-51.03,7.0],[-50.319,6.5],[-49.689,5.75],[-49.5,5.627],[-48.25,5.398],[-47.0,4.748],[-46.25,4.646],[-45.75,4.718],[-45.0,4.527],[-44.75,4.614],[-44.25,5.124],[-43.75,5.258],[-42.75,5.045],[-42.5,4.764],[-41.75,4.629],[-40.75,4.281],[-40.169,3.75],[-40.0,3.151],[-40.0,2.769],[-40.268,2.75],[-40.0,2.744],[-39.783,2.0],[-39.736,1.75],[-39.945,1.25],[-39.86,1.0],[-39.096,0.5],[-38.75,0.069],[-38.594,0.0],[-38.69,-0.25],[-39.0,-0.434],[-40.093,-0.75],[-40.103,-1.25],[-40.014,-1.5],[-39.0,-1.939],[-38.5,-1.937],[-38.264,-2.25],[-38.198,-2.5],[-38.284,-3.0],[-38.614,-3.25],[-38.5,-3.389],[-37.099,-4.5],[-35.5,-4.819],[-35.267,-5.0],[-35.11,-5.25],[-35.024,-5.726],[-35.25,-5.5],[-35.25,-5.25],[-35.5,-5.0],[-36.75,-5.0],[-37.0,-4.75]]]},"properties":{"hvalue":1.15,"color":"#E2EBF5"}},{"type":"Feature","geometry":{"type":"Polygon","coordinates":[[[-17.719,2.5],[-18.0,2.674],[-18.75,2.44],[-18.94,2.5],[-19.198,2.75],[-19.492,3.5],[-19.451,4.25],[-19.256,5.0],[-19.314,5.25],[-19.75,5.682],[-20.25,5.888],[-20.5,5.907],[-21.5,5.578],[-22.011,5.25],[-22.205,5.0],[-22.283,4.5],[-22.474,4.0],[-22.75,3.585],[-23.0,3.415],[-23.305,3.5],[-23.5,4.396],[-23.75,4.387],[-24.25,3.957],[-24.5,3.899],[-24.75,3.978],[-25.0,4.238],[-25.25,4.329],[-25.75,4.247],[-26.0,4.332],[-26.25,4.245],[-26.5,4.373],[-26.614,4.5],[-26.519,5.0],[-26.667,5.5],[-26.75,5.675],[-27.0,5.851],[-27.25,5.638],[-27.432,4.75],[-28.0,4.422],[-28.247,5.5],[-28.175,6.75],[-28.333,7.25],[-28.5,7.513],[-28.899,7.25],[-29.051,6.75],[-29.25,6.456],[-29.5,6.461],[-29.75,6.61],[-29.835,6.5],[-29.753,6.0],[-29.457,5.25],[-29.438,5.0],[-29.5,4.916],[-29.75,4.933],[-30.5,5.418],[-30.75,5.468],[-31.0,5.367],[-31.869,4.75],[-31.957,4.5],[-31.832,3.75],[-32.0,3.581],[-32.25,3.4],[-32.5,3.353],[-33.0,3.462],[-33.25,3.382],[-33.75,3.023],[-34.25,2.467],[-34.75,2.17],[-35.25,2.038],[-35.75,2.091],[-36.0,1.885],[-36.5,2.143],[-36.75,2.049],[-37.0,2.145],[-37.056,2.25],[-36.764,2.75],[-37.023,3.25],[-36.843,3.5],[-36.511,3.75],[-36.166,4.25],[-35.672,4.5],[-35.386,4.75],[-35.0,5.573],[-34.724,5.75],[-34.633,6.0],[-35.083,6.5],[-35.25,6.598],[-35.649,6.5],[-35.75,6.189],[-35.943,6.0],[-36.412,5.75],[-36.703,5.25],[-37.562,4.5],[-37.733,4.0],[-38.0,3.643],[-38.489,3.25],[-38.75,3.305],[-38.872,3.5],[-38.865,3.75],[-39.562,4.75],[-39.5,4.927],[-39.25,5.085],[-38.25,4.92],[-38.225,5.0],[-38.79,6.5],[-38.677,7.0],[-38.5,7.203],[-37.638,7.25],[-37.25,7.53],[-36.269,8.0],[-36.5,8.175],[-36.555,8.5],[-35.693,8.75],[-35.105,9.25],[-35.638,9.75],[-35.253,10.0],[-34.75,10.015],[-34.0,9.81],[-33.5,10.02],[-32.25,9.988],[-30.927,10.5],[-30.5,10.583],[-29.25,10.547],[-28.5,10.379],[-28.0,10.041],[-27.25,9.692],[-26.75,9.482],[-26.25,9.385],[-25.25,8.862],[-24.0,8.389],[-23.5,8.42],[-23.099,8.75],[-23.0,8.96],[-22.5,9.133],[-22.0,9.429],[-21.75,9.479],[-21.0,9.335],[-20.75,9.357],[-20.726,9.75],[-20.887,10.25],[-21.5,11.189],[-22.035,11.5],[-22.119,11.75],[-21.75,12.305],[-21.5,12.283],[-21.0,11.862],[-20.5,11.871],[-19.75,12.373],[-19.0,11.842],[-18.75,11.881],[-18.625,12.0],[-18.333,13.25],[-18.367,13.75],[-18.582,14.5],[-18.443,15.0],[-18.045,15.75],[-17.306,16.25],[-17.0,16.781],[-16.75,17.1],[-16.5,17.252],[-16.25,17.706],[-16.25,17.25],[-16.5,17.0],[-16.5,16.5],[-16.75,16.25],[-16.5,16.0],[-16.75,15.75],[-16.75,15.5],[-17.5,14.75],[-17.0,14.25],[-17.0,14.0],[-16.75,13.75],[-16.75,13.5],[-17.0,13.25],[-16.75,13.0],[-17.0,12.75],[-17.0,12.5],[-16.25,11.75],[-16.5,11.5],[-16.25,11.25],[-16.0,11.25],[-15.75,11.5],[-16.0,11.75],[-15.75,11.75],[-15.5,11.5],[-15.5,11.25],[-15.0,10.75],[-14.75,10.75],[-14.75,10.5],[-14.0,9.75],[-13.75,9.75],[-13.75,9.5],[-13.5,9.25],[-13.5,9.0],[-13.25,8.75],[-13.25,8.25],[-13.0,8.0],[-13.0,7.75],[-12.5,7.25],[-12.25,7.25],[-12.0,7.0],[-11.75,7.0],[-11.5,6.75],[-11.25,6.75],[-10.5,6.0],[-10.25,6.0],[-9.0,4.75],[-8.75,4.75],[-8.5,4.5],[-8.25,4.5],[-8.096,4.346],[-8.25,4.275],[-8.607,4.5],[-9.0,4.568],[-9.25,4.767],[-9.5,4.77],[-9.75,4.677],[-9.917,4.5],[-9.916,4.25],[-10.0,4.177],[-10.5,4.202],[-10.922,3.25],[-11.294,3.0],[-11.337,2.75],[-11.5,2.558],[-11.75,1.85],[-12.0,1.747],[-12.25,1.908],[-12.75,2.523],[-13.5,2.862],[-13.75,3.322],[-14.25,3.708],[-15.0,3.535],[-15.197,3.75],[-16.25,4.023],[-16.75,3.976],[-17.25,3.762],[-17.349,3.5],[-17.643,3.25],[-17.74,3.0],[-17.358,2.75],[-17.0,2.736],[-16.229,2.25],[-16.172,2.0],[-16.25,1.869],[-16.5,1.648],[-17.0,1.903],[-17.5,1.846],[-17.75,1.926],[-17.853,2.0],[-17.887,2.25],[-17.719,2.5]]]},"properties":{"hvalue":1.15,"color":"#E2EBF5"}},{"type":"Feature","geometry":{"type":"Polygon","coordinates":[[[-25.75,13.023],[-24.987,14.75],[-25.0,15.13],[-25.259,15.5],[-25.403,16.0],[-25.366,16.866],[-25.25,16.75],[-25.0,17.002],[-24.5,16.556],[-24.25,16.613],[-24.112,16.5],[-24.208,16.0],[-24.0,15.73],[-23.25,15.785],[-23.0,16.167],[-22.75,16.163],[-22.639,16.0],[-22.75,15.759],[-23.044,15.5],[-23.077,14.75],[-23.015,13.75],[-22.72,12.75],[-22.783,12.25],[-22.908,12.0],[-23.25,11.913],[-24.0,11.885],[-24.75,11.626],[-25.0,11.635],[-25.25,11.777],[-25.581,12.25],[-25.783,12.75],[-25.75,13.023]]]},"properties":{"hvalue":1.15,"color":"#E2EBF5"}},{"type":"Feature","geometry":{"type":"Polygon","coordinates":[[[-23.075,16.5],[-22.944,16.5],[-23.0,16.379],[-23.075,16.5]]]},"properties":{"hvalue":1.15,"color":"#E2EBF5"}},{"type":"Feature","geometry":{"type":"Polygon","coordinates":[[[-17.073,19.75],[-17.131,20.0],[-17.116,21.116],[-17.0,21.0],[-16.75,21.0],[-16.75,20.75],[-16.25,20.25],[-16.25,20.0],[-16.5,19.75],[-16.5,19.25],[-16.25,19.0],[-16.25,18.065],[-16.391,18.5],[-17.073,19.75]]]},"properties":{"hvalue":1.15,"color":"#E2EBF5"}},{"type":"Feature","geometry":{"type":"Polygon","coordinates":[[[-16.0,23.558],[-16.0,23.5],[-16.042,23.458],[-16.034,23.5],[-16.0,23.558]]]},"properties":{"hvalue":1.15,"color":"#E2EBF5"}},{"type":"Feature","geometry":{"type":"Polygon","coordinates":[[[-15.867,27.867],[-15.75,27.75],[-15.5,27.75],[-15.368,27.882],[-15.5,27.603],[-15.75,27.524],[-15.867,27.867]]]},"properties":{"hvalue":1.15,"color":"#E2EBF5"}},{"type":"Feature","geometry":{"type":"Polygon","coordinates":[[[-14.25,28.169],[-14.0,28.0],[-13.75,28.25],[-13.75,28.5],[-13.885,28.635],[-13.878,28.878],[-13.75,28.75],[-13.5,28.75],[-13.371,28.879],[-13.329,28.25],[-13.25,28.026],[-13.1,27.9],[-13.5,27.5],[-13.5,27.0],[-13.877,26.623],[-13.821,27.0],[-13.884,27.25],[-14.25,27.646],[-14.414,28.0],[-14.25,28.169]]]},"properties":{"hvalue":1.15,"color":"#E2EBF5"}},{"type":"Feature","geometry":{"type":"Polygon","coordinates":[[[-12.983,27.983],[-12.518,27.982],[-12.75,27.75],[-12.983,27.983]]]},"properties":{"hvalue":1.15,"color":"#E2EBF5"}},{"type":"Feature","geometry":{"type":"Polygon","coordinates":[[[-17.354,28.0],[-17.25,28.125],[-17.138,28.0],[-17.25,27.852],[-17.354,28.0]]]},"properties":{"hvalue":1.15,"color":"#E2EBF5"}},{"type":"Feature","geometry":{"type":"Polygon","coordinates":[[[-16.75,27.893],[-16.85,28.1],[-16.75,28.0],[-16.501,28.0],[-16.75,27.893]]]},"properties":{"hvalue":1.15,"color":"#E2EBF5"}},{"type":"Feature","geometry":{"type":"Polygon","coordinates":[[[-12.25,28.158],[-12.094,28.156],[-12.25,28.0],[-12.464,28.0],[-12.25,28.158]]]},"properties":{"hvalue":1.15,"color":"#E2EBF5"}},{"type":"Feature","geometry":{"type":"Polygon","coordinates":[[[-16.25,28.205],[-16.498,28.002],[-16.194,28.306],[-16.25,28.205]]]},"properties":{"hvalue":1.15,"color":"#E2EBF5"}},{"type":"Feature","geometry":{"type":"Polygon","coordinates":[[[-10.272,29.25],[-10.25,29.274],[-10.25,29.25],[-10.272,29.25]]]},"properties":{"hvalue":1.15,"color":"#E2EBF5"}},{"type":"Feature","geometry":{"type":"Polygon","coordinates":[[[-9.85,29.9],[-9.92,30.5],[-9.907,30.657],[-9.75,30.5],[-9.75,30.0],[-9.85,29.9]]]},"properties":{"hvalue":1.15,"color":"#E2EBF5"}},{"type":"Feature","geometry":{"type":"Polygon","coordinates":[[[-9.341,32.341],[-9.25,32.25],[-9.364,32.136],[-9.351,32.25],[-9.341,32.341]]]},"properties":{"hvalue":1.15,"color":"#E2EBF5"}},{"type":"Feature","geometry":{"type":"Polygon","coordinates":[[[-6.763,35.25],[-6.967,36.0],[-7.251,36.25],[-8.75,36.858],[-8.885,37.0],[-8.862,37.112],[-8.75,37.0],[-8.25,37.0],[-8.0,36.75],[-7.75,37.0],[-6.75,37.0],[-6.25,36.5],[-6.25,36.25],[-6.0,36.0],[-5.75,36.0],[-6.25,35.5],[-6.25,35.0],[-6.75,34.5],[-6.75,34.25],[-7.037,34.0],[-6.785,34.75],[-6.763,35.25]]]},"properties":{"hvalue":1.15,"color":"#E2EBF5"}},{"type":"Feature","geometry":{"type":"Polygon","coordinates":[[[-26.008,35.25],[-25.21,36.0],[-25.153,36.25],[-25.461,36.75],[-25.895,37.75],[-25.75,37.968],[-25.5,38.097],[-25.25,38.07],[-25.0,37.871],[-24.9,37.5],[-24.75,37.24],[-24.486,37.0],[-24.444,36.75],[-24.25,36.534],[-23.25,35.982],[-22.662,35.5],[-22.376,35.0],[-22.367,34.75],[-22.558,34.25],[-22.738,34.0],[-23.25,33.704],[-24.0,33.616],[-25.0,33.702],[-25.75,33.664],[-25.953,33.75],[-26.465,34.25],[-26.466,34.5],[-26.008,35.25]]]},"properties":{"hvalue":1.15,"color":"#E2EBF5"}},{"type":"Feature","geometry":{"type":"Polygon","coordinates":[[[-27.75,38.495],[-28.0,38.349],[-28.42,38.33],[-28.25,38.5],[-28.449,38.699],[-28.0,38.954],[-27.75,38.953],[-27.559,38.75],[-27.75,38.495]]]},"properties":{"hvalue":1.15,"color":"#E2EBF5"}},{"type":"Feature","geometry":{"type":"Polygon","coordinates":[[[-27.0,38.556],[-27.222,38.528],[-27.0,38.75],[-27.25,39.0],[-27.392,38.858],[-27.405,39.0],[-27.0,39.067],[-26.898,39.0],[-26.829,38.75],[-27.0,38.556]]]},"properties":{"hvalue":1.15,"color":"#E2EBF5"}},{"type":"Feature","geometry":{"type":"Polygon","coordinates":[[[-9.0,42.431],[-9.067,42.5],[-9.087,42.75],[-9.0,42.75],[-9.0,42.431]]]},"properties":{"hvalue":1.15,"color":"#E2EBF5"}},{"type":"Feature","geometry":{"type":"Polygon","coordinates":[[[-3.703,43.547],[-5.0,43.5],[-5.091,43.591],[-3.703,43.547]]]},"properties":{"hvalue":1.15,"color":"#E2EBF5"}},{"type":"Feature","geometry":{"type":"Polygon","coordinates":[[[-7.796,43.75],[-7.5,43.817],[-7.141,43.75],[-7.25,43.75],[-7.796,43.75]]]},"properties":{"hvalue":1.15,"color":"#E2EBF5"}},{"type":"Feature","geometry":{"type":"Polygon","coordinates":[[[-53.75,46.75],[-53.941,46.809],[-53.75,47.0],[-53.75,46.75]]]},"properties":{"hvalue":1.15,"color":"#E2EBF5"}},{"type":"Feature","geometry":{"type":"Polygon","coordinates":[[[-54.25,46.859],[-54.5,47.047],[-54.856,47.144],[-54.75,47.25],[-54.25,47.25],[-54.25,47.0],[-54.089,46.839],[-54.25,46.859]]]},"properties":{"hvalue":1.15,"color":"#E2EBF5"}},{"type":"Feature","geometry":{"type":"Polygon","coordinates":[[[-53.0,47.692],[-52.88,47.62],[-53.0,47.5],[-53.0,47.692]]]},"properties":{"hvalue":1.15,"color":"#E2EBF5"}},{"type":"Feature","geometry":{"type":"Polygon","coordinates":[[[-3.644,47.644],[-3.75,47.662],[-4.03,47.75],[-3.75,47.75],[-3.644,47.644]]]},"properties":{"hvalue":1.15,"color":"#E2EBF5"}},{"type":"Feature","geometry":{"type":"Polygon","coordinates":[[[-53.5,47.75],[-53.75,47.75],[-53.5,48.0],[-53.5,47.75]]]},"properties":{"hvalue":1.15,"color":"#E2EBF5"}},{"type":"Feature","geometry":{"type":"Polygon","coordinates":[[[-53.5,48.187],[-53.405,48.095],[-53.5,48.0],[-53.5,48.187]]]},"properties":{"hvalue":1.15,"color":"#E2EBF5"}},{"type":"Feature","geometry":{"type":"Polygon","coordinates":[[[-4.097,48.75],[-3.612,48.888],[-3.75,48.75],[-4.097,48.75]]]},"properties":{"hvalue":1.15,"color":"#E2EBF5"}},{"type":"Feature","geometry":{"type":"Polygon","coordinates":[[[-53.73,49.0],[-53.665,48.75],[-53.75,48.75],[-53.73,49.0]]]},"properties":{"hvalue":1.15,"color":"#E2EBF5"}},{"type":"Feature","geometry":{"type":"Polygon","coordinates":[[[-55.5,49.505],[-55.5,49.5],[-55.507,49.507],[-55.5,49.505]]]},"properties":{"hvalue":1.15,"color":"#E2EBF5"}},{"type":"Feature","geometry":{"type":"Polygon","coordinates":[[[-55.07,49.57],[-54.913,49.587],[-55.0,49.5],[-55.07,49.57]]]},"properties":{"hvalue":1.15,"color":"#E2EBF5"}},{"type":"Feature","geometry":{"type":"Polygon","coordinates":[[[-54.082,49.5],[-54.5,49.5],[-54.636,49.636],[-54.25,49.635],[-54.082,49.5]]]},"properties":{"hvalue":1.15,"color":"#E2EBF5"}},{"type":"Feature","geometry":{"type":"Polygon","coordinates":[[[-3.797,50.047],[-5.056,49.944],[-4.75,50.25],[-4.0,50.25],[-3.797,50.047]]]},"properties":{"hvalue":1.15,"color":"#E2EBF5"}},{"type":"Feature","geometry":{"type":"Polygon","coordinates":[[[-10.0,52.302],[-10.0,52.25],[-10.093,52.157],[-10.085,52.25],[-10.0,52.302]]]},"properties":{"hvalue":1.15,"color":"#E2EBF5"}},{"type":"Feature","geometry":{"type":"Polygon","coordinates":[[[-10.05,54.0],[-10.0,54.0],[-10.0,53.868],[-10.05,54.0]]]},"properties":{"hvalue":1.15,"color":"#E2EBF5"}},{"type":"Feature","geometry":{"type":"Polygon","coordinates":[[[-5.75,54.0],[-5.5,54.25],[-5.5,54.5],[-6.326,55.326],[-5.75,55.354],[-5.637,55.5],[-5.843,55.657],[-5.75,55.75],[-5.25,55.25],[-5.0,55.5],[-4.75,55.5],[-5.25,55.0],[-5.0,54.75],[-4.75,54.75],[-4.7,54.7],[-5.0,54.649],[-5.173,54.5],[-5.291,54.25],[-5.25,54.194],[-5.0,54.104],[-4.966,54.25],[-4.59,54.41],[-4.75,54.25],[-4.513,54.013],[-4.577,54.0],[-4.5,53.809],[-4.034,54.0],[-4.475,54.025],[-4.25,54.25],[-4.368,54.368],[-4.243,54.75],[-4.058,54.5],[-4.107,54.25],[-4.0,54.011],[-3.735,54.0],[-3.487,54.237],[-3.25,54.0],[-3.0,54.0],[-3.25,53.75],[-3.25,53.5],[-4.5,53.5],[-4.75,53.25],[-4.25,52.75],[-4.25,52.5],[-4.5,52.25],[-4.69,52.25],[-4.745,52.5],[-5.25,52.573],[-5.75,52.447],[-6.336,52.164],[-6.25,52.25],[-6.25,52.5],[-6.0,52.75],[-6.0,53.5],[-6.25,53.75],[-6.0,54.0],[-5.75,54.0]]]},"properties":{"hvalue":1.15,"color":"#E2EBF5"}},{"type":"Feature","geometry":{"type":"Polygon","coordinates":[[[-6.75,55.304],[-6.69,55.31],[-6.75,55.25],[-6.75,55.304]]]},"properties":{"hvalue":1.15,"color":"#E2EBF5"}},{"type":"Feature","geometry":{"type":"Polygon","coordinates":[[[-5.75,55.75],[-5.867,56.0],[-5.75,56.14],[-5.75,56.0],[-5.75,55.75]]]},"properties":{"hvalue":1.15,"color":"#E2EBF5"}},{"type":"Feature","geometry":{"type":"Polygon","coordinates":[[[-6.194,57.694],[-5.759,57.741],[-6.0,57.5],[-6.194,57.694]]]},"properties":{"hvalue":1.15,"color":"#E2EBF5"}},{"type":"Feature","geometry":{"type":"Polygon","coordinates":[[[-6.75,62.0],[-6.731,62.0],[-6.75,61.985],[-6.75,62.0]]]},"properties":{"hvalue":1.15,"color":"#E2EBF5"}},{"type":"Feature","geometry":{"type":"Polygon","coordinates":[[[-20.875,63.75],[-20.75,63.75],[-20.713,63.713],[-20.75,63.716],[-20.875,63.75]]]},"properties":{"hvalue":1.15,"color":"#E2EBF5"}},{"type":"Feature","geometry":{"type":"Polygon","coordinates":[[[-40.5,65.0],[-40.25,64.75],[-40.5,64.75],[-40.75,65.0],[-40.5,65.0]]]},"properties":{"hvalue":1.15,"color":"#E2EBF5"}},{"type":"Feature","geometry":{"type":"Polygon","coordinates":[[[-14.726,65.75],[-14.75,65.75],[-14.704,65.796],[-14.726,65.75]]]},"properties":{"hvalue":1.15,"color":"#E2EBF5"}},{"type":"Feature","geometry":{"type":"Polygon","coordinates":[[[-15.103,66.397],[-15.25,66.25],[-15.5,66.25],[-15.664,66.414],[-15.103,66.397]]]},"properties":{"hvalue":1.15,"color":"#E2EBF5"}},{"type":"Feature","geometry":{"type":"Polygon","coordinates":[[[-53.5,66.712],[-53.5,66.5],[-53.587,66.413],[-53.558,66.5],[-53.5,66.712]]]},"properties":{"hvalue":1.15,"color":"#E2EBF5"}},{"type":"Feature","geometry":{"type":"Polygon","coordinates":[[[-53.25,68.618],[-53.0,68.739],[-53.0,68.25],[-53.459,68.25],[-53.25,68.618]]]},"properties":{"hvalue":1.15,"color":"#E2EBF5"}},{"type":"Feature","geometry":{"type":"Polygon","coordinates":[[[-52.0,70.0],[-51.25,70.0],[-51.5,69.75],[-51.25,69.5],[-51.0,69.5],[-51.25,69.25],[-51.25,68.75],[-52.25,68.75],[-52.499,68.999],[-52.146,69.25],[-52.217,69.283],[-51.75,69.75],[-52.0,70.0]]]},"properties":{"hvalue":1.15,"color":"#E2EBF5"}},{"type":"Feature","geometry":{"type":"Polygon","coordinates":[[[-54.0,69.5],[-53.947,69.447],[-54.229,69.5],[-54.0,69.5]]]},"properties":{"hvalue":1.15,"color":"#E2EBF5"}},{"type":"Feature","geometry":{"type":"Polygon","coordinates":[[[-50.75,70.0],[-50.5,70.0],[-50.5,69.75],[-50.75,70.0]]]},"properties":{"hvalue":1.15,"color":"#E2EBF5"}},{"type":"Feature","geometry":{"type":"Polygon","coordinates":[[[-54.937,70.0],[-54.887,70.137],[-54.75,70.0],[-54.937,70.0]]]},"properties":{"hvalue":1.15,"color":"#E2EBF5"}},{"type":"Feature","geometry":{"type":"Polygon","coordinates":[[[-55.0,70.492],[-54.796,70.75],[-54.641,70.859],[-54.75,70.75],[-54.5,70.5],[-54.75,70.5],[-54.887,70.363],[-55.0,70.492]]]},"properties":{"hvalue":1.15,"color":"#E2EBF5"}},{"type":"Feature","geometry":{"type":"Polygon","coordinates":[[[-51.75,70.75],[-51.5,71.0],[-51.5,70.75],[-51.25,70.5],[-51.75,70.5],[-52.0,70.75],[-52.75,70.75],[-53.0,71.0],[-52.0,71.0],[-51.75,70.75]]]},"properties":{"hvalue":1.15,"color":"#E2EBF5"}},{"type":"Feature","geometry":{"type":"Polygon","coordinates":[[[-8.026,70.974],[-7.991,71.0],[-8.0,70.978],[-8.026,70.974]]]},"properties":{"hvalue":1.15,"color":"#E2EBF5"}},{"type":"Feature","geometry":{"type":"Polygon","coordinates":[[[-53.25,71.5],[-53.5,71.25],[-53.25,71.0],[-53.5,70.75],[-53.75,71.0],[-54.419,71.0],[-54.485,71.25],[-54.0,71.25],[-53.5,71.75],[-53.25,71.5]]]},"properties":{"hvalue":1.15,"color":"#E2EBF5"}},{"type":"Feature","geometry":{"type":"Polygon","coordinates":[[[-55.75,72.381],[-55.75,72.25],[-55.75,72.089],[-55.927,72.25],[-55.75,72.381]]]},"properties":{"hvalue":1.15,"color":"#E2EBF5"}},{"type":"Feature","geometry":{"type":"Polygon","coordinates":[[[-56.0,72.838],[-56.275,73.25],[-56.294,73.5],[-56.0,73.5],[-56.25,73.25],[-56.0,73.0],[-56.0,72.838]]]},"properties":{"hvalue":1.15,"color":"#E2EBF5"}},{"type":"Feature","geometry":{"type":"Polygon","coordinates":[[[18.0,-32.572],[18.25,-32.409],[18.25,-32.5],[17.877,-32.873],[17.866,-32.75],[18.0,-32.572]]]},"properties":{"hvalue":1.15,"color":"#E2EBF5"}},{"type":"Feature","geometry":{"type":"Polygon","coordinates":[[[32.75,-26.0],[32.894,-25.856],[32.885,-26.135],[32.75,-26.0]]]},"properties":{"hvalue":1.15,"color":"#E2EBF5"}},{"type":"Feature","geometry":{"type":"Polygon","coordinates":[[[14.5,-22.5],[14.5,-22.75],[14.378,-22.872],[14.346,-22.346],[14.5,-22.5]]]},"properties":{"hvalue":1.15,"color":"#E2EBF5"}},{"type":"Feature","geometry":{"type":"Polygon","coordinates":[[[35.0,-19.75],[35.25,-19.75],[35.561,-19.439],[35.318,-20.0],[35.286,-20.75],[35.45,-21.7],[35.25,-21.5],[35.25,-21.0],[35.0,-20.75],[35.0,-20.5],[34.75,-20.25],[35.0,-20.0],[35.0,-19.75]]]},"properties":{"hvalue":1.15,"color":"#E2EBF5"}},{"type":"Feature","geometry":{"type":"Polygon","coordinates":[[[11.647,-17.397],[11.75,-17.5],[11.661,-17.589],[11.657,-17.5],[11.647,-17.397]]]},"properties":{"hvalue":1.15,"color":"#E2EBF5"}},{"type":"Feature","geometry":{"type":"Polygon","coordinates":[[[11.548,-16.5],[11.558,-14.0],[11.83,-12.25],[11.806,-10.5],[12.008,-9.25],[12.061,-8.25],[12.275,-7.25],[12.222,-7.0],[12.055,-6.75],[11.794,-5.044],[12.0,-5.25],[12.0,-5.75],[12.25,-6.0],[12.25,-6.5],[12.75,-7.0],[12.75,-7.5],[13.0,-7.75],[13.0,-8.0],[13.25,-8.25],[13.25,-8.75],[13.0,-9.0],[13.0,-9.75],[13.25,-10.0],[13.25,-10.25],[13.75,-10.75],[13.75,-12.0],[13.5,-12.25],[13.5,-12.5],[13.25,-12.5],[12.5,-13.25],[12.5,-13.75],[12.25,-14.0],[12.25,-14.75],[12.0,-15.0],[12.0,-15.5],[11.75,-15.75],[11.75,-17.0],[11.63,-17.12],[11.548,-16.5]]]},"properties":{"hvalue":1.15,"color":"#E2EBF5"}},{"type":"Feature","geometry":{"type":"Polygon","coordinates":[[[11.551,-4.5],[11.75,-4.5],[11.75,-4.739],[11.551,-4.5]]]},"properties":{"hvalue":1.15,"color":"#E2EBF5"}},{"type":"Feature","geometry":{"type":"Polygon","coordinates":[[[10.886,-3.75],[11.0,-3.75],[11.0,-3.913],[10.886,-3.75]]]},"properties":{"hvalue":1.15,"color":"#E2EBF5"}},{"type":"Feature","geometry":{"type":"Polygon","coordinates":[[[9.966,-2.75],[10.0,-2.75],[10.0,-2.79],[9.966,-2.75]]]},"properties":{"hvalue":1.15,"color":"#E2EBF5"}},{"type":"Feature","geometry":{"type":"Polygon","coordinates":[[[31.75,-2.5],[31.75,-2.25],[32.0,-2.5],[31.75,-2.5]]]},"properties":{"hvalue":1.15,"color":"#E2EBF5"}},{"type":"Feature","geometry":{"type":"Polygon","coordinates":[[[33.5,-2.25],[33.25,-2.5],[33.0,-2.25],[33.25,-2.0],[33.5,-2.25]]]},"properties":{"hvalue":1.15,"color":"#E2EBF5"}},{"type":"Feature","geometry":{"type":"Polygon","coordinates":[[[32.0,-1.25],[32.0,-0.5],[32.5,0.0],[33.0,0.0],[33.25,0.25],[33.5,0.0],[34.0,0.0],[34.25,-0.25],[34.0,-0.5],[34.0,-1.0],[33.5,-1.5],[33.5,-1.75],[33.25,-2.0],[33.0,-1.75],[32.75,-2.0],[33.0,-2.25],[32.75,-2.5],[32.5,-2.25],[32.25,-2.25],[32.0,-2.0],[31.75,-2.25],[31.75,-1.5],[32.0,-1.25]]]},"properties":{"hvalue":1.15,"color":"#E2EBF5"}},{"type":"Feature","geometry":{"type":"Polygon","coordinates":[[[6.406,0.406],[6.5,0.771],[6.75,0.644],[6.832,0.5],[6.833,0.417],[6.75,0.5],[6.5,0.5],[6.406,0.406]]]},"properties":{"hvalue":1.15,"color":"#E2EBF5"}},{"type":"Feature","geometry":{"type":"Polygon","coordinates":[[[8.95,1.25],[8.966,1.75],[8.757,3.007],[9.0,3.25],[9.0,3.5],[8.75,3.75],[8.326,3.326],[8.25,4.026],[8.0,4.226],[7.77,4.25],[8.0,4.25],[8.25,4.5],[8.75,4.5],[8.75,4.25],[9.25,3.75],[9.5,4.0],[9.5,3.5],[9.75,3.25],[9.75,2.0],[9.5,1.75],[9.5,1.5],[9.25,1.25],[9.5,1.0],[9.5,0.75],[9.25,0.5],[9.5,0.25],[9.25,0.0],[9.25,-0.25],[8.75,-0.75],[8.75,-0.955],[8.606,-0.75],[8.614,-0.5],[8.95,1.25]]]},"properties":{"hvalue":1.15,"color":"#E2EBF5"}},{"type":"Feature","geometry":{"type":"Polygon","coordinates":[[[7.5,1.886],[7.549,1.75],[7.5,1.699],[7.417,1.75],[7.5,1.886]]]},"properties":{"hvalue":1.15,"color":"#E2EBF5"}},{"type":"Feature","geometry":{"type":"Polygon","coordinates":[[[-7.632,3.75],[-7.379,4.0],[-7.643,4.25],[-7.25,4.25],[-7.0,4.5],[-6.75,4.5],[-6.5,4.75],[-6.0,4.75],[-5.75,5.0],[-4.25,5.0],[-4.0,5.25],[-3.75,5.0],[-3.0,5.0],[-2.75,4.75],[-2.5,5.0],[-2.25,4.75],[-1.75,4.75],[-1.5,5.0],[-1.0,5.0],[-0.75,5.25],[-0.25,5.25],[0.25,5.75],[0.75,5.75],[1.0,6.0],[1.587,6.0],[1.216,5.75],[1.195,5.5],[1.366,5.0],[1.266,4.5],[1.0,4.132],[0.75,3.961],[0.5,3.92],[-2.0,4.206],[-2.5,3.915],[-3.25,4.103],[-3.5,4.091],[-3.801,4.0],[-4.0,3.843],[-4.75,3.678],[-4.966,3.5],[-5.104,3.25],[-5.178,2.75],[-5.336,2.5],[-5.75,2.278],[-6.25,2.271],[-6.5,2.344],[-6.75,2.577],[-7.25,2.702],[-7.304,3.0],[-7.625,3.25],[-7.682,3.5],[-7.632,3.75]]]},"properties":{"hvalue":1.15,"color":"#E2EBF5"}},{"type":"Feature","geometry":{"type":"Polygon","coordinates":[[[4.5,5.187],[4.0,5.082],[3.344,6.0],[3.0,6.128],[2.5,6.208],[1.786,6.036],[2.0,6.25],[3.25,6.25],[3.5,6.5],[3.75,6.25],[4.5,6.25],[5.0,5.75],[5.0,5.5],[5.25,5.25],[5.25,5.0],[5.5,4.75],[5.5,4.5],[5.75,4.25],[7.738,4.25],[7.25,4.061],[6.0,4.065],[5.377,4.5],[4.75,5.081],[4.5,5.187]]]},"properties":{"hvalue":1.15,"color":"#E2EBF5"}},{"type":"Feature","geometry":{"type":"Polygon","coordinates":[[[33.0,29.0],[32.891,28.859],[32.75,29.0],[32.75,29.25],[33.0,29.0]]]},"properties":{"hvalue":1.15,"color":"#E2EBF5"}},{"type":"Feature","geometry":{"type":"Polygon","coordinates":[[[30.5,36.25],[30.75,36.5],[30.75,36.75],[31.25,36.75],[31.5,36.5],[31.75,36.5],[32.25,36.0],[32.5,36.0],[32.75,35.75],[33.0,36.0],[33.75,36.0],[34.25,36.5],[34.5,36.5],[34.75,36.75],[35.0,36.75],[35.25,36.5],[35.5,36.5],[35.75,36.75],[36.0,36.75],[36.0,36.5],[35.75,36.25],[35.75,34.5],[35.5,34.25],[35.5,34.0],[35.25,33.75],[35.25,33.5],[35.0,33.25],[35.0,32.75],[34.75,32.5],[34.75,32.0],[34.0,31.25],[32.0,31.25],[31.75,31.5],[31.5,31.5],[31.25,31.75],[31.0,31.5],[30.75,31.75],[30.5,31.5],[30.0,31.5],[29.5,31.0],[28.75,31.0],[28.5,31.25],[27.5,31.25],[27.25,31.5],[27.0,31.5],[26.75,31.75],[26.5,31.5],[26.25,31.75],[25.75,31.75],[25.5,31.5],[25.0,32.0],[24.25,32.0],[24.0,32.25],[23.5,32.25],[22.75,33.0],[21.5,33.0],[21.25,32.75],[20.75,32.75],[20.5,32.5],[20.25,32.5],[20.0,32.25],[20.0,32.0],[19.75,31.75],[19.75,31.5],[20.0,31.25],[20.0,30.75],[19.75,30.75],[19.5,30.5],[19.25,30.5],[19.0,30.25],[18.5,30.75],[18.25,30.75],[18.0,31.0],[17.75,31.0],[17.5,31.25],[16.0,31.25],[15.5,31.75],[15.5,32.25],[15.25,32.5],[14.75,32.5],[14.5,32.75],[14.0,32.75],[13.75,33.0],[12.0,33.0],[11.75,33.25],[11.25,33.25],[11.25,33.75],[11.0,34.0],[10.75,33.75],[10.75,33.5],[10.25,34.0],[10.25,34.25],[10.5,34.5],[10.75,34.5],[11.0,34.75],[11.0,35.0],[11.25,35.25],[11.25,35.5],[10.5,36.25],[10.75,36.25],[11.0,36.5],[11.0,36.75],[11.25,37.0],[11.0,37.25],[10.75,37.0],[10.25,37.0],[10.25,37.25],[10.0,37.5],[9.25,37.5],[8.75,37.0],[7.75,37.0],[7.5,37.25],[7.25,37.25],[7.0,37.0],[6.75,37.0],[6.5,37.25],[6.25,37.25],[6.0,37.0],[5.5,37.0],[5.25,36.75],[5.0,37.0],[3.0,37.0],[2.75,36.75],[1.5,36.75],[1.25,36.5],[0.75,36.5],[0.5,36.25],[0.25,36.25],[0.0,36.0],[-0.5,36.0],[-0.75,35.75],[-1.0,35.75],[-1.25,35.5],[-1.5,35.5],[-1.75,35.25],[-2.75,35.25],[-3.0,35.5],[-3.25,35.25],[-4.75,35.25],[-5.0,35.5],[-5.25,35.5],[-5.25,35.75],[-5.5,36.0],[-5.25,36.25],[-4.75,36.25],[-4.5,36.5],[-4.25,36.5],[-4.0,36.75],[-3.75,36.75],[-3.5,36.5],[-3.25,36.75],[-3.0,36.75],[-2.75,36.5],[-2.5,36.75],[-2.0,36.75],[-1.25,37.5],[-1.0,37.5],[-0.5,38.0],[-0.5,38.25],[-0.25,38.25],[0.25,38.75],[-0.25,39.25],[-0.25,39.5],[0.75,40.5],[0.75,40.75],[1.0,41.0],[1.75,41.0],[2.0,41.25],[2.25,41.25],[2.5,41.5],[2.75,41.5],[3.25,42.0],[3.25,42.75],[3.0,43.0],[3.25,43.0],[3.5,43.25],[3.75,43.25],[4.0,43.5],[4.25,43.25],[5.25,43.25],[5.5,43.0],[6.5,43.0],[7.0,43.5],[7.5,43.5],[7.75,43.75],[8.25,43.75],[8.5,44.0],[8.5,44.25],[9.25,44.25],[9.5,44.0],[10.0,44.0],[10.25,43.75],[10.25,43.5],[10.5,43.25],[10.0,42.75],[10.25,42.5],[10.5,42.75],[10.75,42.75],[11.25,42.25],[11.5,42.25],[12.0,41.75],[12.25,41.75],[12.75,41.25],[13.25,41.25],[13.5,41.0],[13.75,41.0],[14.0,40.75],[14.25,40.75],[14.5,40.5],[14.75,40.5],[14.75,40.25],[15.0,40.0],[15.25,40.0],[15.5,39.75],[15.75,39.75],[15.75,39.5],[16.0,39.25],[16.0,38.75],[15.75,38.5],[15.75,38.25],[15.5,38.0],[15.75,37.75],[16.0,37.75],[16.25,38.0],[16.25,38.25],[16.5,38.25],[16.75,38.5],[16.75,38.75],[17.0,38.75],[17.25,39.0],[17.25,39.25],[16.75,39.75],[16.5,39.75],[16.75,40.0],[16.75,40.25],[17.75,40.25],[18.25,39.75],[18.5,40.0],[18.5,40.25],[18.0,40.75],[17.75,40.75],[17.5,41.0],[17.25,41.0],[17.0,41.25],[16.75,41.25],[16.5,41.5],[16.0,41.5],[16.25,41.75],[16.0,42.0],[15.0,42.0],[14.75,42.25],[14.5,42.25],[14.0,42.75],[14.0,43.25],[13.5,43.75],[13.25,43.75],[13.0,44.0],[12.75,44.0],[12.25,44.5],[12.5,44.75],[12.5,45.25],[13.0,45.75],[13.5,45.75],[13.5,45.0],[13.75,44.75],[14.0,44.75],[14.25,45.0],[14.25,44.75],[14.5,44.5],[14.75,44.75],[14.75,44.5],[15.75,43.5],[16.0,43.5],[16.5,43.0],[16.75,43.0],[17.0,43.25],[17.0,43.0],[17.25,42.75],[17.5,42.75],[17.75,42.5],[18.25,42.5],[18.5,42.25],[18.75,42.25],[19.25,41.75],[19.5,41.75],[19.5,41.25],[19.25,41.0],[19.25,40.75],[19.5,40.5],[19.25,40.25],[19.5,40.0],[19.75,40.0],[19.5,39.75],[19.75,39.5],[20.0,39.5],[20.5,39.0],[20.75,39.0],[20.5,38.75],[20.75,38.5],[21.0,38.5],[21.25,38.25],[21.5,38.25],[21.25,38.0],[21.25,37.75],[21.5,37.5],[21.5,37.0],[21.75,36.75],[22.0,36.75],[22.25,36.75],[22.5,36.75],[22.75,36.75],[23.0,36.5],[23.25,36.75],[23.0,37.0],[23.0,37.25],[23.5,37.25],[23.75,37.5],[23.5,37.75],[23.75,37.75],[24.0,37.5],[24.25,37.75],[24.25,38.0],[24.5,37.75],[24.75,38.0],[24.0,38.75],[23.75,38.75],[23.25,39.25],[23.0,39.0],[23.0,39.25],[23.25,39.5],[22.75,40.0],[22.75,40.5],[23.5,39.75],[23.75,40.0],[23.5,40.25],[23.75,40.25],[24.25,40.75],[24.5,40.75],[24.75,40.75],[25.0,40.75],[25.25,40.75],[25.5,40.75],[26.0,40.75],[26.25,40.5],[26.0,40.25],[26.0,39.5],[25.75,39.25],[26.0,39.0],[26.25,39.0],[26.5,38.75],[26.25,38.5],[26.0,38.75],[25.75,38.5],[25.75,38.25],[26.0,38.0],[26.25,38.25],[26.5,38.0],[26.75,38.0],[27.0,38.0],[27.25,37.75],[27.25,37.5],[27.5,37.25],[27.25,37.0],[27.25,36.75],[27.5,36.5],[27.75,36.75],[28.0,36.5],[28.25,36.5],[28.5,36.75],[28.75,36.5],[29.0,36.5],[29.5,36.0],[30.0,36.0],[30.25,36.25],[30.5,36.25]],[[15.25,38.25],[14.0,38.25],[13.75,38.0],[13.5,38.25],[12.75,38.25],[12.25,37.75],[12.5,37.5],[13.0,37.5],[13.25,37.25],[13.5,37.25],[13.75,37.0],[14.25,37.0],[14.75,36.5],[15.0,36.5],[15.5,37.0],[15.25,37.25],[15.25,37.75],[15.5,38.0],[15.25,38.25]],[[22.25,36.5],[22.5,36.25],[22.75,36.5],[22.5,36.75],[22.25,36.5]],[[22.75,36.25],[23.0,36.0],[23.25,36.25],[23.0,36.5],[22.75,36.25]],[[25.25,40.5],[25.5,40.25],[25.75,40.5],[25.5,40.75],[25.25,40.5]],[[26.5,37.75],[26.75,37.5],[27.0,37.75],[26.75,38.0],[26.5,37.75]],[[27.0,37.25],[26.75,37.0],[27.0,36.75],[27.25,37.0],[27.0,37.25]],[[27.75,36.25],[28.0,36.0],[28.25,36.25],[28.0,36.5],[27.75,36.25]]]},"properties":{"hvalue":1.15,"color":"#E2EBF5"}},{"type":"Feature","geometry":{"type":"Polygon","coordinates":[[[26.75,39.0],[26.75,38.75],[26.75,38.5],[26.5,38.75],[26.75,39.0]]]},"properties":{"hvalue":1.15,"color":"#E2EBF5"}},{"type":"Feature","geometry":{"type":"Polygon","coordinates":[[[23.0,38.75],[23.0,39.0],[23.25,38.75],[23.0,38.75]]]},"properties":{"hvalue":1.15,"color":"#E2EBF5"}},{"type":"Feature","geometry":{"type":"Polygon","coordinates":[[[26.5,39.5],[26.75,39.5],[26.5,39.25],[26.5,39.5]]]},"properties":{"hvalue":1.15,"color":"#E2EBF5"}},{"type":"Feature","geometry":{"type":"Polygon","coordinates":[[[28.75,40.5],[28.25,40.5],[27.25,40.5],[27.5,40.75],[28.0,40.75],[28.25,41.0],[28.5,40.75],[29.0,40.75],[28.75,40.5]]]},"properties":{"hvalue":1.15,"color":"#E2EBF5"}},{"type":"Feature","geometry":{"type":"Polygon","coordinates":[[[35.25,42.0],[35.153,42.097],[35.355,42.0],[35.516,41.75],[35.25,41.75],[35.25,42.0]]]},"properties":{"hvalue":1.15,"color":"#E2EBF5"}},{"type":"Feature","geometry":{"type":"Polygon","coordinates":[[[34.032,42.0],[33.047,42.0],[33.5,42.152],[34.032,42.0]]]},"properties":{"hvalue":1.15,"color":"#E2EBF5"}},{"type":"Feature","geometry":{"type":"Polygon","coordinates":[[[-3.25,43.536],[-3.134,43.5],[-3.25,43.5],[-3.25,43.536]]]},"properties":{"hvalue":1.15,"color":"#E2EBF5"}},{"type":"Feature","geometry":{"type":"Polygon","coordinates":[[[28.0,43.0],[28.25,43.25],[28.5,43.25],[28.75,43.5],[28.75,44.5],[29.0,44.75],[29.5,44.75],[29.75,45.0],[29.75,45.5],[30.0,45.75],[30.25,45.75],[30.75,46.25],[30.75,46.5],[32.25,46.5],[32.0,46.25],[32.25,46.0],[33.25,46.0],[33.0,45.75],[32.75,45.75],[32.5,45.5],[32.75,45.25],[33.0,45.25],[33.25,45.0],[33.5,45.0],[33.5,44.75],[33.259,44.509],[33.0,44.717],[32.25,44.931],[31.25,44.631],[30.752,44.25],[30.126,43.5],[29.429,42.25],[29.75,42.019],[30.25,41.943],[32.0,41.79],[32.687,41.937],[32.5,41.75],[32.0,41.75],[31.75,41.5],[31.5,41.5],[31.25,41.25],[29.25,41.25],[29.0,41.5],[28.25,41.5],[28.25,41.75],[28.0,42.0],[28.0,42.25],[27.75,42.5],[28.0,42.75],[28.0,43.0]]]},"properties":{"hvalue":1.15,"color":"#E2EBF5"}},{"type":"Feature","geometry":{"type":"Polygon","coordinates":[[[14.25,45.25],[14.5,45.25],[14.25,45.0],[14.25,45.25]]]},"properties":{"hvalue":1.15,"color":"#E2EBF5"}},{"type":"Feature","geometry":{"type":"Polygon","coordinates":[[[-1.25,45.75],[-1.0,45.5],[-1.213,45.287],[-1.25,45.608],[-1.67,46.25],[-1.25,46.25],[-1.25,45.75]]]},"properties":{"hvalue":1.15,"color":"#E2EBF5"}},{"type":"Feature","geometry":{"type":"Polygon","coordinates":[[[-2.75,47.5],[-2.25,47.0],[-2.0,47.0],[-2.0,46.576],[-2.25,46.72],[-2.5,47.166],[-3.0,47.281],[-3.174,47.5],[-2.75,47.5]]]},"properties":{"hvalue":1.15,"color":"#E2EBF5"}},{"type":"Feature","geometry":{"type":"Polygon","coordinates":[[[-3.869,51.369],[-3.75,51.425],[-3.75,51.25],[-3.869,51.369]]]},"properties":{"hvalue":1.15,"color":"#E2EBF5"}},{"type":"Feature","geometry":{"type":"Polygon","coordinates":[[[-2.5,49.612],[-2.0,49.744],[-1.75,49.967],[-1.565,50.0],[-2.0,50.077],[-3.716,50.034],[-3.5,50.25],[-3.5,50.5],[-1.25,50.5],[-1.0,50.75],[1.0,50.75],[1.5,51.25],[1.25,51.5],[1.0,51.5],[1.75,52.25],[1.75,52.75],[1.5,53.0],[0.25,53.0],[0.5,53.25],[0.25,53.5],[0.25,53.75],[0.0,54.0],[-0.25,54.0],[0.0,54.25],[-0.25,54.5],[-0.5,54.5],[-0.75,54.75],[-1.0,54.75],[-1.5,55.25],[-1.5,55.5],[-2.0,56.0],[-2.25,56.0],[-2.5,56.25],[-2.5,56.5],[-2.0,57.0],[-2.0,57.25],[-1.75,57.5],[-2.0,57.75],[-3.75,57.75],[-3.75,58.0],[-3.5,58.0],[-3.0,58.5],[-3.25,58.75],[-3.0,58.75],[-2.75,59.0],[-2.909,59.159],[-2.888,59.25],[-2.75,59.301],[-2.312,59.25],[-2.331,59.0],[-2.736,58.5],[-2.729,58.25],[-1.5,58.163],[-1.215,58.0],[-1.417,57.5],[-1.872,56.75],[-1.75,56.537],[-0.75,56.331],[0.75,55.653],[1.75,55.507],[1.969,55.25],[2.25,55.12],[2.75,55.094],[4.0,55.584],[5.0,55.434],[5.75,55.183],[6.5,55.195],[7.25,55.436],[7.944,56.0],[8.021,56.229],[8.25,56.0],[8.0,55.75],[8.5,55.25],[8.5,55.0],[8.75,54.75],[8.75,54.5],[9.0,54.25],[9.0,54.0],[8.75,54.0],[8.25,53.5],[8.0,53.75],[7.25,53.75],[7.0,53.5],[7.0,53.25],[6.75,53.5],[5.75,53.5],[5.5,53.25],[5.5,53.0],[5.25,53.25],[5.0,53.25],[4.25,52.5],[4.25,52.25],[4.0,52.0],[4.0,51.75],[3.75,51.75],[3.5,51.5],[3.25,51.5],[3.0,51.25],[2.25,51.25],[2.0,51.0],[1.75,51.0],[1.5,50.75],[1.5,50.5],[1.25,50.25],[1.25,50.0],[0.5,50.0],[0.0,49.5],[-1.25,49.5],[-1.5,49.75],[-1.75,49.75],[-2.0,49.5],[-1.75,49.25],[-1.75,48.75],[-2.75,48.75],[-2.954,48.954],[-2.25,49.13],[-2.25,49.302],[-2.5,49.373],[-2.598,49.5],[-2.5,49.612]]]},"properties":{"hvalue":1.15,"color":"#E2EBF5"}},{"type":"Feature","geometry":{"type":"Polygon","coordinates":[[[-3.694,54.556],[-3.815,54.75],[-3.5,54.75],[-3.694,54.556]]]},"properties":{"hvalue":1.15,"color":"#E2EBF5"}},{"type":"Feature","geometry":{"type":"Polygon","coordinates":[[[9.25,57.25],[9.0,57.0],[8.752,57.248],[9.674,57.674],[9.5,57.5],[9.5,57.25],[9.25,57.25]]]},"properties":{"hvalue":1.15,"color":"#E2EBF5"}},{"type":"Feature","geometry":{"type":"Polygon","coordinates":[[[23.25,58.75],[23.5,58.75],[23.5,58.5],[23.25,58.75]]]},"properties":{"hvalue":1.15,"color":"#E2EBF5"}},{"type":"Feature","geometry":{"type":"Polygon","coordinates":[[[-3.25,58.75],[-3.328,58.75],[-3.281,58.781],[-3.25,58.75]]]},"properties":{"hvalue":1.15,"color":"#E2EBF5"}},{"type":"Feature","geometry":{"type":"Polygon","coordinates":[[[23.0,59.0],[23.25,58.75],[22.75,58.75],[23.0,59.0]]]},"properties":{"hvalue":1.15,"color":"#E2EBF5"}},{"type":"Feature","geometry":{"type":"Polygon","coordinates":[[[10.931,59.0],[11.0,59.0],[11.0,58.906],[10.931,59.0]]]},"properties":{"hvalue":1.15,"color":"#E2EBF5"}},{"type":"Feature","geometry":{"type":"Polygon","coordinates":[[[5.75,59.25],[5.492,58.992],[5.388,59.138],[5.5,59.25],[5.75,59.25]]]},"properties":{"hvalue":1.15,"color":"#E2EBF5"}},{"type":"Feature","geometry":{"type":"Polygon","coordinates":[[[10.5,59.25],[10.611,59.139],[10.41,59.16],[10.5,59.25]]]},"properties":{"hvalue":1.15,"color":"#E2EBF5"}},{"type":"Feature","geometry":{"type":"Polygon","coordinates":[[[18.25,59.0],[18.5,59.0],[19.25,59.75],[18.5,60.5],[18.25,60.5],[18.0,60.75],[17.5,60.75],[17.25,61.0],[17.25,61.5],[17.5,61.75],[17.5,62.25],[17.75,62.25],[18.5,63.0],[19.0,63.0],[19.25,63.25],[19.5,63.25],[19.75,63.5],[20.25,63.5],[20.5,63.75],[20.75,63.75],[21.5,64.5],[21.25,64.75],[21.75,65.25],[22.0,65.25],[22.5,65.75],[22.75,65.75],[23.0,65.5],[23.25,65.5],[23.5,65.75],[24.25,65.75],[24.5,65.5],[25.25,65.5],[25.25,65.0],[25.0,65.0],[24.75,65.25],[24.5,65.0],[24.5,64.75],[24.25,64.75],[23.75,64.25],[23.5,64.25],[23.25,64.0],[22.75,64.0],[22.25,63.5],[21.75,63.5],[21.5,63.25],[21.25,63.5],[21.0,63.25],[21.25,63.0],[21.0,62.75],[21.0,62.5],[21.25,62.25],[21.25,62.0],[21.5,61.75],[21.5,61.5],[21.0,61.0],[21.5,60.5],[21.75,60.5],[22.5,59.75],[22.75,60.0],[23.0,59.75],[24.0,59.75],[24.25,60.0],[26.0,60.0],[26.25,60.25],[27.0,60.25],[27.25,60.5],[27.5,60.25],[27.75,60.5],[28.5,60.5],[28.5,60.25],[28.75,60.0],[28.5,60.0],[28.0,59.5],[27.0,59.5],[26.75,59.75],[25.5,59.75],[25.25,59.5],[23.75,59.5],[23.5,59.25],[23.25,59.25],[23.0,59.0],[22.75,59.25],[22.5,59.0],[22.75,58.75],[22.25,58.75],[22.0,58.5],[22.0,58.25],[22.25,58.0],[22.5,58.0],[22.75,58.25],[23.25,58.25],[23.5,58.5],[23.75,58.25],[24.5,58.25],[24.25,58.0],[24.25,57.25],[24.0,57.25],[23.75,57.0],[23.5,57.25],[23.25,57.25],[22.75,57.75],[21.75,57.75],[21.25,57.25],[21.25,57.0],[21.0,56.75],[21.0,55.75],[21.25,55.5],[21.0,55.25],[21.25,55.0],[20.0,55.0],[19.75,54.75],[19.75,54.5],[18.75,54.5],[18.25,55.0],[17.75,55.0],[17.5,54.75],[16.75,54.75],[16.5,54.5],[16.25,54.5],[16.0,54.25],[15.0,54.25],[14.5,53.75],[14.25,53.75],[13.75,54.25],[13.5,54.25],[13.75,54.5],[13.5,54.75],[13.25,54.5],[12.25,54.5],[12.0,54.25],[11.75,54.25],[11.5,54.0],[11.0,54.0],[11.0,54.25],[10.75,54.5],[10.25,54.5],[10.25,54.75],[10.0,55.0],[10.25,55.0],[10.5,54.75],[10.75,55.0],[10.75,55.25],[10.25,55.75],[10.0,55.75],[10.25,56.0],[10.75,56.0],[11.0,56.25],[11.0,56.5],[10.75,56.75],[10.5,56.75],[10.5,57.0],[10.75,57.25],[10.75,57.5],[10.5,57.75],[9.809,57.75],[10.0,57.879],[10.5,57.963],[10.75,57.833],[11.25,57.81],[11.359,58.141],[11.75,57.75],[11.75,57.5],[12.75,56.5],[12.75,56.0],[12.5,56.25],[12.0,56.25],[11.75,56.0],[11.75,55.75],[11.5,56.0],[11.0,55.5],[11.5,55.0],[11.25,54.75],[11.5,54.5],[11.75,54.5],[12.5,55.25],[12.5,55.5],[12.75,55.75],[13.25,55.25],[14.25,55.25],[14.5,55.5],[14.25,55.75],[14.5,56.0],[16.0,56.0],[16.25,56.25],[16.25,56.5],[16.5,56.25],[16.75,56.5],[16.75,56.75],[16.5,57.0],[16.75,57.25],[16.75,57.75],[17.0,58.0],[17.0,58.5],[17.25,58.5],[17.5,58.75],[18.0,58.75],[18.25,59.0]],[[17.0,57.0],[17.25,57.25],[17.0,57.5],[16.75,57.25],[17.0,57.0]]]},"properties":{"hvalue":1.15,"color":"#E2EBF5"}},{"type":"Feature","geometry":{"type":"Polygon","coordinates":[[[31.882,60.368],[32.37,60.25],[32.0,60.25],[31.882,60.368]]]},"properties":{"hvalue":1.15,"color":"#E2EBF5"}},{"type":"Feature","geometry":{"type":"Polygon","coordinates":[[[-0.875,60.5],[-1.0,60.253],[-1.0,60.625],[-0.875,60.5]]]},"properties":{"hvalue":1.15,"color":"#E2EBF5"}},{"type":"Feature","geometry":{"type":"Polygon","coordinates":[[[31.75,61.25],[32.0,61.0],[32.5,61.0],[32.75,60.75],[32.683,60.683],[32.25,60.912],[31.75,60.92],[31.351,60.75],[31.329,60.5],[31.592,60.342],[31.5,60.25],[31.0,60.25],[30.75,60.5],[30.75,60.75],[30.25,61.25],[30.5,61.5],[31.25,61.5],[31.5,61.25],[31.75,61.25]]]},"properties":{"hvalue":1.15,"color":"#E2EBF5"}},{"type":"Feature","geometry":{"type":"Polygon","coordinates":[[[35.75,61.0],[35.5,61.0],[35.716,61.216],[35.869,61.119],[35.75,61.0]]]},"properties":{"hvalue":1.15,"color":"#E2EBF5"}},{"type":"Feature","geometry":{"type":"Polygon","coordinates":[[[5.0,61.5],[5.0,60.75],[4.837,60.587],[4.688,61.0],[4.823,61.677],[5.0,61.5]]]},"properties":{"hvalue":1.15,"color":"#E2EBF5"}},{"type":"Feature","geometry":{"type":"Polygon","coordinates":[[[35.75,62.0],[36.151,61.599],[35.75,61.769],[35.494,61.75],[35.18,61.57],[35.0,61.75],[34.5,61.75],[34.75,62.0],[35.0,62.0],[35.25,61.75],[35.75,62.25],[35.75,62.0]]]},"properties":{"hvalue":1.15,"color":"#E2EBF5"}},{"type":"Feature","geometry":{"type":"Polygon","coordinates":[[[5.25,62.314],[5.741,62.491],[5.5,62.25],[5.25,62.25],[5.154,62.154],[5.25,62.314]]]},"properties":{"hvalue":1.15,"color":"#E2EBF5"}},{"type":"Feature","geometry":{"type":"Polygon","coordinates":[[[6.5,62.75],[6.25,62.5],[5.763,62.5],[6.5,62.825],[6.925,62.925],[6.75,62.75],[6.5,62.75]]]},"properties":{"hvalue":1.15,"color":"#E2EBF5"}},{"type":"Feature","geometry":{"type":"Polygon","coordinates":[[[7.662,63.162],[7.5,63.0],[7.132,63.0],[7.5,63.132],[7.662,63.162]]]},"properties":{"hvalue":1.15,"color":"#E2EBF5"}},{"type":"Feature","geometry":{"type":"Polygon","coordinates":[[[8.0,63.25],[7.888,63.25],[8.515,63.765],[8.5,63.75],[8.0,63.25]]]},"properties":{"hvalue":1.15,"color":"#E2EBF5"}},{"type":"Feature","geometry":{"type":"Polygon","coordinates":[[[8.872,63.878],[10.697,64.697],[10.25,64.25],[10.0,64.25],[9.5,63.75],[9.0,63.75],[8.872,63.878]]]},"properties":{"hvalue":1.15,"color":"#E2EBF5"}},{"type":"Feature","geometry":{"type":"Polygon","coordinates":[[[34.879,65.25],[35.157,65.0],[35.25,64.778],[35.75,64.643],[35.92,64.33],[35.75,64.5],[35.0,64.5],[35.0,65.0],[34.75,65.25],[34.989,65.489],[34.879,65.25]]]},"properties":{"hvalue":1.15,"color":"#E2EBF5"}},{"type":"Feature","geometry":{"type":"Polygon","coordinates":[[[11.75,65.25],[11.25,64.75],[10.791,64.75],[10.79,65.0],[11.0,65.161],[11.64,65.25],[12.0,65.472],[12.0,65.25],[11.75,65.25]]]},"properties":{"hvalue":1.15,"color":"#E2EBF5"}},{"type":"Feature","geometry":{"type":"Polygon","coordinates":[[[33.75,66.5],[35.0,66.5],[35.25,66.25],[36.75,66.25],[36.984,66.016],[35.339,66.0],[35.25,65.97],[35.0,65.524],[35.0,65.75],[34.5,66.25],[34.0,66.25],[33.75,66.5]]]},"properties":{"hvalue":1.15,"color":"#E2EBF5"}},{"type":"Feature","geometry":{"type":"Polygon","coordinates":[[[33.25,66.75],[33.5,66.75],[33.75,66.5],[33.5,66.5],[33.25,66.75]]]},"properties":{"hvalue":1.15,"color":"#E2EBF5"}},{"type":"Feature","geometry":{"type":"Polygon","coordinates":[[[12.921,67.0],[13.531,67.25],[13.403,67.5],[12.75,67.59],[12.642,67.75],[12.765,67.985],[13.0,67.75],[13.25,68.0],[13.0,68.25],[12.831,68.081],[13.0,68.319],[13.332,68.5],[13.48,68.75],[13.5,69.348],[13.467,69.5],[12.837,69.75],[12.837,70.0],[12.15,70.5],[12.064,70.75],[12.108,71.0],[12.303,71.25],[13.0,71.348],[13.25,71.252],[13.489,71.0],[13.986,70.75],[14.25,70.505],[14.242,70.25],[14.423,70.0],[14.75,69.884],[15.25,69.85],[17.75,70.069],[19.25,70.475],[21.25,70.684],[22.0,70.925],[22.75,71.045],[25.415,71.165],[25.25,71.0],[24.5,71.0],[24.25,70.75],[23.5,70.75],[23.25,71.0],[22.75,70.5],[21.5,70.5],[21.25,70.25],[21.25,70.0],[21.0,70.25],[20.75,70.25],[20.5,70.0],[20.5,69.75],[20.25,69.75],[19.75,70.25],[19.0,70.25],[18.75,70.0],[18.5,70.0],[18.25,69.75],[18.25,69.5],[18.0,69.75],[17.5,69.75],[17.0,69.25],[17.25,69.0],[17.0,69.0],[16.75,68.75],[16.5,69.0],[16.0,69.0],[15.75,69.25],[15.5,69.0],[15.25,69.25],[15.0,69.25],[14.5,68.75],[14.5,68.5],[14.75,68.25],[15.0,68.5],[15.25,68.5],[15.5,68.25],[15.25,68.0],[15.0,68.0],[14.75,67.75],[14.75,67.5],[14.5,67.5],[14.0,67.0],[13.75,67.25],[13.25,66.75],[13.0,66.75],[12.75,66.5],[13.0,66.25],[12.75,66.25],[12.5,66.0],[12.5,65.75],[12.25,65.75],[12.015,65.515],[11.856,65.75],[12.0,65.816],[12.279,66.25],[12.257,66.5],[12.921,67.0]]]},"properties":{"hvalue":1.15,"color":"#E2EBF5"}},{"type":"Feature","geometry":{"type":"Polygon","coordinates":[[[31.571,69.821],[31.5,69.75],[31.162,69.75],[31.25,69.757],[31.571,69.821]]]},"properties":{"hvalue":1.15,"color":"#E2EBF5"}},{"type":"Feature","geometry":{"type":"Polygon","coordinates":[[[-20.75,83.0],[-24.5,83.0],[-24.75,83.25],[-25.5,83.25],[-25.75,83.5],[-26.25,83.5],[-26.5,83.75],[-39.25,83.75],[-39.5,83.5],[-41.75,83.5],[-42.0,83.25],[-47.0,83.25],[-47.5,82.75],[-48.25,82.75],[-48.5,83.0],[-49.0,83.0],[-49.25,82.75],[-49.75,82.75],[-50.0,82.5],[-51.75,82.5],[-52.0,82.25],[-51.75,82.0],[-52.0,82.0],[-52.25,82.25],[-53.0,82.25],[-53.25,82.5],[-53.5,82.25],[-53.75,82.25],[-54.0,82.5],[-54.25,82.25],[-54.0,82.0],[-54.25,81.75],[-54.5,82.0],[-54.5,82.25],[-54.75,82.5],[-55.75,82.5],[-56.0,82.25],[-56.25,82.5],[-56.5,82.5],[-56.75,82.25],[-59.75,82.25],[-60.0,82.0],[-61.5,82.0],[-61.25,82.25],[-61.5,82.5],[-62.0,82.5],[-62.25,82.75],[-63.5,82.75],[-63.75,83.0],[-66.0,83.0],[-66.25,82.75],[-66.5,82.75],[-66.75,83.0],[-68.75,83.0],[-69.0,83.25],[-73.0,83.25],[-73.25,83.0],[-74.0,83.0],[-74.25,83.25],[-77.5,83.25],[-77.75,83.0],[-81.0,83.0],[-81.25,82.75],[-82.25,82.75],[-82.5,82.5],[-82.25,82.25],[-82.75,82.25],[-83.0,82.5],[-85.5,82.5],[-85.75,82.25],[-86.0,82.25],[-86.25,82.5],[-86.5,82.25],[-88.75,82.25],[-89.0,82.0],[-91.5,82.0],[-92.0,81.5],[-91.75,81.25],[-91.25,81.25],[-91.0,81.5],[-90.5,81.5],[-90.25,81.25],[-89.75,81.25],[-89.75,81.0],[-89.5,80.75],[-89.75,80.5],[-90.25,80.5],[-90.5,80.75],[-90.75,80.75],[-91.0,81.0],[-91.75,81.0],[-92.0,81.25],[-92.25,81.25],[-92.5,81.5],[-94.25,81.5],[-94.5,81.25],[-95.0,81.25],[-95.25,81.0],[-95.0,80.75],[-96.0,80.75],[-96.25,80.5],[-96.0,80.25],[-96.25,80.25],[-96.5,80.0],[-96.5,79.75],[-96.25,79.5],[-95.5,79.5],[-95.25,79.25],[-94.0,79.25],[-94.25,79.0],[-94.0,78.75],[-93.75,78.75],[-93.5,78.5],[-92.5,78.5],[-92.5,78.25],[-92.25,78.0],[-89.75,78.0],[-89.5,78.25],[-89.25,78.25],[-89.0,78.0],[-88.75,78.0],[-88.5,78.25],[-88.5,78.5],[-87.5,78.5],[-87.75,78.25],[-87.5,78.0],[-88.0,78.0],[-88.25,77.75],[-87.75,77.25],[-88.75,77.25],[-89.0,77.0],[-89.25,77.0],[-89.5,76.75],[-89.0,76.25],[-81.5,76.25],[-81.385,76.135],[-82.153,76.0],[-83.76,76.0],[-85.5,76.106],[-87.75,76.077],[-88.25,75.915],[-88.501,75.75],[-88.75,75.75],[-89.0,75.5],[-89.5,76.0],[-89.25,76.25],[-90.0,77.0],[-89.5,77.5],[-89.75,77.75],[-91.25,77.75],[-91.5,77.5],[-91.014,77.014],[-92.033,77.25],[-93.73,77.27],[-93.25,77.75],[-93.5,78.0],[-93.75,77.75],[-94.0,78.0],[-94.25,77.75],[-94.5,78.0],[-94.75,77.75],[-94.75,78.0],[-95.25,78.5],[-96.0,78.5],[-96.25,78.75],[-97.25,78.75],[-97.5,79.0],[-98.0,79.0],[-98.5,78.5],[-98.0,78.0],[-97.75,78.25],[-97.25,77.75],[-96.25,77.75],[-96.25,77.5],[-96.0,77.25],[-96.25,77.25],[-96.75,76.75],[-96.25,76.25],[-93.0,76.25],[-92.887,76.137],[-94.121,76.0],[-93.99,75.75],[-94.03,75.53],[-94.25,75.75],[-94.978,75.75],[-94.995,76.0],[-95.25,76.071],[-95.482,76.0],[-95.483,75.75],[-95.75,75.5],[-96.0,75.5],[-96.5,75.0],[-96.25,74.75],[-95.25,74.75],[-95.0,74.5],[-94.717,74.5],[-95.25,74.387],[-95.75,74.613],[-96.25,74.674],[-96.5,74.848],[-97.424,74.75],[-96.997,74.5],[-97.5,74.387],[-97.75,74.569],[-98.25,74.609],[-98.5,74.752],[-99.235,74.765],[-99.0,75.0],[-98.0,75.0],[-97.5,75.5],[-97.5,75.75],[-97.75,76.0],[-97.75,76.25],[-98.25,76.75],[-99.0,76.75],[-99.25,76.5],[-99.5,76.75],[-100.25,76.75],[-100.5,77.0],[-100.75,77.0],[-101.0,76.75],[-101.0,76.5],[-101.75,76.5],[-102.0,76.25],[-102.0,76.0],[-102.25,76.25],[-102.75,76.25],[-103.0,76.5],[-103.5,76.5],[-103.75,76.75],[-104.5,76.75],[-104.75,76.5],[-104.5,76.25],[-103.75,76.25],[-103.75,76.0],[-103.5,75.75],[-102.5,75.75],[-102.75,75.5],[-102.5,75.25],[-102.25,75.5],[-100.25,75.5],[-100.5,75.25],[-100.25,75.0],[-99.5,75.0],[-99.268,74.768],[-100.5,74.764],[-100.864,74.5],[-100.38,74.25],[-99.25,74.156],[-98.75,74.301],[-98.293,74.25],[-98.5,74.25],[-98.75,74.0],[-98.75,73.75],[-99.25,73.75],[-99.5,74.0],[-100.75,74.0],[-101.0,73.75],[-101.25,73.75],[-101.5,73.5],[-101.25,73.25],[-100.5,73.25],[-100.25,73.0],[-100.5,73.0],[-100.75,72.75],[-101.25,72.75],[-101.5,73.0],[-101.75,73.0],[-102.0,73.25],[-102.5,73.25],[-103.0,72.75],[-102.75,72.5],[-102.0,72.5],[-101.75,72.25],[-101.0,72.25],[-100.75,72.0],[-100.5,72.0],[-100.25,71.75],[-99.75,71.75],[-99.25,71.25],[-98.5,71.25],[-98.25,71.5],[-97.0,71.5],[-96.75,71.75],[-96.5,71.75],[-96.25,72.0],[-96.25,72.5],[-96.5,72.75],[-96.25,73.0],[-96.5,73.25],[-97.0,73.25],[-97.25,73.0],[-97.5,73.0],[-97.75,73.25],[-97.5,73.25],[-97.0,73.75],[-97.25,74.0],[-97.5,74.0],[-97.686,74.186],[-97.25,74.136],[-96.25,73.77],[-96.183,73.25],[-95.75,73.183],[-95.75,72.75],[-95.5,72.5],[-95.25,72.5],[-95.25,72.0],[-95.5,71.75],[-95.75,71.75],[-96.0,71.5],[-96.25,71.5],[-96.5,71.25],[-96.5,71.0],[-96.687,70.813],[-97.5,70.902],[-98.699,70.75],[-98.394,70.25],[-98.022,69.978],[-98.25,69.75],[-98.5,69.75],[-98.75,69.5],[-98.75,69.25],[-99.25,69.25],[-99.5,69.0],[-99.25,68.75],[-98.5,68.75],[-98.25,68.5],[-98.75,68.0],[-101.25,68.0],[-101.5,67.75],[-101.75,68.0],[-103.0,68.0],[-103.25,68.25],[-104.25,68.25],[-104.25,68.5],[-104.5,68.75],[-102.25,68.75],[-102.0,68.5],[-101.75,68.5],[-101.5,68.75],[-101.75,69.0],[-102.0,69.0],[-101.75,69.25],[-102.0,69.5],[-102.75,69.5],[-102.5,69.75],[-102.0,69.75],[-101.75,69.5],[-101.5,69.5],[-101.25,69.25],[-100.5,70.0],[-100.75,70.25],[-101.5,70.25],[-101.75,70.5],[-102.5,70.5],[-102.75,70.75],[-103.75,70.75],[-104.0,71.0],[-104.5,71.0],[-104.25,71.25],[-104.25,71.75],[-105.25,72.75],[-105.0,73.0],[-104.75,73.0],[-104.25,73.5],[-104.5,73.75],[-106.75,73.75],[-107.0,73.5],[-107.25,73.5],[-107.5,73.25],[-107.75,73.5],[-108.25,73.0],[-108.25,72.75],[-107.75,72.25],[-107.75,71.75],[-108.0,71.75],[-108.25,72.0],[-108.5,72.0],[-108.25,72.25],[-108.75,72.75],[-109.0,72.75],[-109.25,73.0],[-109.75,73.0],[-110.0,72.75],[-110.0,72.5],[-110.25,72.75],[-110.75,72.75],[-111.0,72.5],[-111.5,72.5],[-111.25,72.75],[-111.5,73.0],[-113.5,73.0],[-113.75,72.75],[-114.0,72.75],[-113.75,73.0],[-113.75,73.25],[-114.0,73.5],[-115.0,73.5],[-115.25,73.25],[-115.5,73.25],[-115.25,73.5],[-115.5,73.75],[-115.75,73.75],[-116.0,74.0],[-116.5,74.0],[-116.75,74.25],[-120.0,74.25],[-120.25,74.5],[-120.75,74.5],[-121.0,74.75],[-122.0,74.75],[-122.25,74.5],[-124.5,74.5],[-124.75,74.25],[-124.25,73.75],[-124.0,73.75],[-124.25,73.5],[-124.5,73.5],[-124.75,73.25],[-124.75,73.0],[-125.0,73.0],[-125.25,72.75],[-125.25,72.5],[-125.5,72.5],[-126.0,72.0],[-125.75,71.75],[-124.5,71.75],[-124.25,71.5],[-124.0,71.5],[-123.75,71.25],[-123.5,71.25],[-123.25,71.0],[-122.5,71.0],[-122.25,71.25],[-120.75,71.25],[-120.5,71.5],[-120.5,71.75],[-120.25,72.0],[-120.0,72.0],[-119.75,72.25],[-119.5,72.25],[-119.25,72.5],[-118.75,72.5],[-118.5,72.75],[-118.25,72.75],[-118.5,72.5],[-118.25,72.25],[-118.75,72.25],[-119.25,71.75],[-119.0,71.5],[-118.25,71.5],[-118.0,71.25],[-118.25,71.25],[-118.5,71.0],[-118.0,70.5],[-115.25,70.5],[-115.5,70.25],[-117.0,70.25],[-117.5,69.75],[-117.25,69.5],[-116.75,69.5],[-116.5,69.25],[-115.5,69.25],[-115.25,69.0],[-117.75,69.0],[-118.0,69.25],[-118.5,69.25],[-118.75,69.5],[-119.0,69.25],[-119.25,69.5],[-120.5,69.5],[-120.75,69.75],[-121.5,69.75],[-121.75,70.0],[-123.0,70.0],[-123.5,69.5],[-124.5,69.5],[-124.25,69.75],[-124.25,70.0],[-124.5,70.25],[-125.0,70.25],[-125.5,69.75],[-125.5,69.5],[-126.25,69.5],[-126.5,69.75],[-126.75,69.75],[-126.75,70.0],[-127.25,70.5],[-127.75,70.5],[-128.0,70.75],[-128.25,70.5],[-128.25,70.25],[-128.75,69.75],[-129.0,70.0],[-129.5,70.0],[-129.75,70.25],[-130.75,70.25],[-131.0,70.0],[-131.75,70.0],[-132.0,69.75],[-133.0,69.75],[-133.25,69.5],[-133.75,69.5],[-134.0,69.75],[-134.5,69.75],[-134.75,69.5],[-135.0,69.5],[-135.25,69.75],[-135.5,69.5],[-135.75,69.5],[-136.0,69.25],[-136.0,69.0],[-137.25,69.0],[-137.5,69.25],[-138.5,69.25],[-138.75,69.5],[-139.0,69.5],[-139.25,69.75],[-141.5,69.75],[-141.75,70.0],[-142.25,70.0],[-142.5,70.25],[-144.5,70.25],[-144.75,70.0],[-145.0,70.25],[-147.75,70.25],[-148.0,70.5],[-149.0,70.5],[-149.25,70.75],[-149.75,70.75],[-150.0,70.5],[-150.5,70.5],[-150.75,70.75],[-151.0,70.5],[-151.75,70.5],[-152.0,70.75],[-152.25,70.75],[-152.5,71.0],[-154.5,71.0],[-154.75,71.25],[-155.25,71.25],[-155.5,71.0],[-155.75,71.0],[-156.0,71.25],[-156.25,71.25],[-156.5,71.5],[-156.75,71.5],[-157.25,71.0],[-157.5,71.25],[-157.75,71.0],[-159.75,71.0],[-160.0,70.75],[-160.25,70.75],[-160.5,70.5],[-161.0,70.5],[-161.25,70.25],[-162.25,70.25],[-162.5,70.0],[-162.75,70.0],[-163.5,69.25],[-164.0,69.25],[-164.25,69.0],[-166.0,69.0],[-166.25,68.75],[-166.25,68.25],[-166.0,68.0],[-165.5,68.0],[-165.25,67.75],[-164.5,67.75],[-164.25,67.5],[-164.0,67.5],[-163.5,67.0],[-162.75,67.0],[-162.25,66.5],[-162.0,66.75],[-162.0,66.5],[-161.75,66.25],[-163.75,66.25],[-163.75,66.5],[-164.0,66.75],[-164.5,66.75],[-164.75,66.5],[-165.75,66.5],[-166.0,66.25],[-166.75,66.25],[-167.0,66.0],[-167.25,66.0],[-167.75,65.5],[-167.5,65.25],[-166.5,65.25],[-166.75,65.0],[-166.25,64.5],[-165.5,64.5],[-165.25,64.25],[-164.75,64.25],[-164.5,64.5],[-163.5,64.5],[-163.25,64.25],[-163.0,64.5],[-162.75,64.25],[-162.5,64.25],[-162.25,64.5],[-162.0,64.5],[-161.75,64.75],[-161.25,64.75],[-161.5,64.5],[-161.0,64.0],[-161.0,63.75],[-161.25,63.5],[-162.5,63.5],[-162.75,63.25],[-164.5,63.25],[-165.5,62.25],[-165.75,62.25],[-166.25,61.75],[-165.5,61.0],[-165.25,61.0],[-165.0,60.75],[-165.25,60.5],[-165.0,60.25],[-164.75,60.25],[-164.5,60.0],[-164.25,60.0],[-164.0,59.75],[-162.75,59.75],[-162.5,60.0],[-162.25,60.0],[-162.0,59.75],[-162.0,59.25],[-161.75,59.0],[-162.0,58.75],[-161.75,58.5],[-161.5,58.5],[-161.25,58.75],[-159.5,58.75],[-159.0,58.25],[-158.75,58.5],[-158.75,58.75],[-158.5,58.75],[-158.25,58.5],[-157.75,58.5],[-157.5,58.75],[-157.25,58.75],[-157.5,58.5],[-157.5,58.25],[-157.75,58.0],[-157.75,57.5],[-158.25,57.5],[-158.75,57.0],[-158.997,57.0],[-158.542,57.25],[-158.75,57.337],[-159.082,57.25],[-159.002,56.998],[-159.25,56.75],[-159.75,56.75],[-160.0,56.5],[-160.25,56.5],[-160.75,56.0],[-161.75,56.0],[-162.0,55.75],[-162.25,55.75],[-162.5,55.5],[-162.75,55.5],[-163.0,55.25],[-163.0,55.0],[-162.818,54.818],[-163.0,54.727],[-163.5,55.25],[-163.75,55.25],[-164.0,55.0],[-164.5,55.0],[-165.0,54.5],[-164.797,54.25],[-165.0,54.148],[-165.75,54.082],[-166.103,53.853],[-166.25,54.0],[-166.75,54.0],[-167.25,53.5],[-167.139,53.389],[-167.63,53.38],[-168.0,53.75],[-168.5,53.25],[-168.366,53.116],[-168.612,53.112],[-168.75,53.25],[-168.971,52.971],[-169.082,53.0],[-168.844,53.5],[-168.314,54.0],[-168.0,54.088],[-167.769,54.25],[-168.391,55.0],[-168.394,55.25],[-168.0,55.334],[-167.788,55.25],[-167.277,54.5],[-167.0,54.415],[-166.75,54.391],[-166.5,54.827],[-166.0,54.806],[-165.856,55.0],[-165.934,55.25],[-166.232,55.5],[-166.089,56.0],[-166.145,56.5],[-166.5,56.876],[-167.112,57.25],[-168.0,57.617],[-169.75,57.776],[-170.0,57.636],[-170.075,57.5],[-169.75,57.323],[-169.318,57.25],[-169.254,56.75],[-169.429,56.5],[-170.066,56.25],[-170.451,55.75],[-171.0,55.417],[-172.0,55.238],[-172.5,55.387],[-172.75,55.588],[-172.799,55.75],[-172.623,56.25],[-172.936,56.75],[-172.146,57.25],[-171.75,57.235],[-170.75,57.398],[-170.444,57.5],[-170.268,57.75],[-170.512,58.5],[-170.834,59.0],[-171.56,59.75],[-171.593,60.0],[-172.0,60.233],[-172.981,60.269],[-172.75,60.5],[-173.0,60.75],[-173.25,60.5],[-173.141,60.391],[-173.25,60.425],[-173.815,61.0],[-174.5,61.364],[-176.0,61.763],[-177.25,61.736],[-177.75,61.893],[-177.931,62.0],[-178.041,62.25],[-178.0,62.372],[-177.942,62.5],[-177.557,62.75],[-177.343,63.0],[-177.816,63.25],[-179.0,63.52],[-179.25,63.433],[-179.5,63.214],[-180.0,63.118],[-180.0,65.0],[-179.75,65.0],[-179.25,65.5],[-179.75,66.0],[-179.5,66.0],[-179.25,66.25],[-178.25,65.25],[-177.5,65.25],[-177.25,65.5],[-176.5,65.5],[-176.25,65.25],[-176.0,65.25],[-176.0,65.0],[-175.75,64.75],[-175.5,64.75],[-175.25,64.5],[-174.0,64.5],[-173.75,64.25],[-172.5,64.25],[-172.0,64.75],[-172.0,65.0],[-172.25,65.25],[-172.0,65.5],[-170.75,65.5],[-170.0,66.25],[-170.25,66.5],[-170.75,66.5],[-171.0,66.75],[-171.25,66.75],[-171.5,67.0],[-172.25,67.0],[-172.5,67.25],[-174.0,67.25],[-174.25,67.0],[-174.0,66.75],[-174.0,66.5],[-174.5,66.5],[-174.75,66.75],[-174.75,67.25],[-175.25,67.75],[-175.5,67.75],[-175.75,68.0],[-176.5,68.0],[-176.75,68.25],[-177.25,68.25],[-177.5,68.5],[-178.5,68.5],[-179.0,69.0],[-180.0,69.0],[-180.0,71.0],[-179.75,70.75],[-178.75,70.75],[-178.5,71.0],[-178.25,70.75],[-178.0,70.75],[-177.5,71.25],[-177.75,71.5],[-178.25,71.5],[-178.5,71.75],[-179.75,71.75],[-180.0,71.5],[-180.0,86.75],[179.75,86.75],[179.75,71.5],[179.25,71.5],[179.0,71.25],[178.75,71.25],[178.5,71.0],[178.75,70.75],[179.75,70.75],[179.75,69.25],[179.5,69.5],[179.25,69.25],[179.0,69.5],[178.25,69.5],[178.0,69.75],[176.5,69.75],[176.25,70.0],[172.25,70.0],[172.0,70.25],[170.75,70.25],[170.5,70.0],[170.5,69.5],[170.75,69.25],[170.75,69.0],[169.5,69.0],[169.25,69.25],[168.5,69.25],[168.5,69.5],[169.25,69.5],[169.5,69.75],[169.25,70.0],[168.75,70.0],[168.5,70.25],[168.25,70.0],[168.0,70.0],[167.75,69.75],[167.25,69.75],[167.0,69.5],[166.5,69.5],[166.25,69.75],[162.0,69.75],[161.75,69.5],[161.5,69.75],[161.25,69.5],[161.0,69.75],[160.0,69.75],[160.0,70.25],[160.25,70.5],[160.0,70.75],[159.5,70.75],[159.25,71.0],[158.75,71.0],[158.5,71.25],[158.25,71.0],[158.0,71.0],[157.75,71.25],[155.25,71.25],[155.0,71.0],[154.75,71.25],[154.5,71.0],[152.0,71.0],[151.5,71.5],[150.75,71.5],[150.5,71.75],[150.0,71.75],[150.25,72.0],[150.0,72.25],[149.25,72.25],[149.0,72.5],[145.75,72.5],[145.5,72.75],[142.25,72.75],[142.0,73.0],[142.25,73.25],[142.5,73.0],[143.25,73.0],[143.75,73.5],[143.5,73.75],[142.75,73.75],[142.5,74.0],[141.25,74.0],[141.0,74.25],[140.25,74.25],[140.0,74.0],[140.25,73.75],[140.75,73.75],[140.5,73.5],[140.75,73.25],[141.5,73.25],[141.75,73.0],[141.0,73.0],[140.5,72.5],[139.25,72.5],[139.0,72.25],[139.25,72.0],[139.5,72.0],[139.75,71.75],[139.5,71.5],[139.25,71.5],[139.0,71.75],[137.0,71.75],[136.75,71.5],[136.5,71.75],[135.0,71.75],[134.75,71.5],[133.5,71.5],[133.25,71.75],[133.0,71.75],[132.75,72.0],[132.5,72.0],[132.25,71.75],[132.25,71.5],[131.75,71.0],[131.5,71.0],[131.25,70.75],[131.0,70.75],[130.75,71.0],[130.5,71.0],[130.25,71.25],[129.75,71.25],[129.5,71.5],[129.5,71.75],[129.25,72.0],[129.5,72.25],[129.25,72.5],[129.5,72.75],[129.5,73.0],[129.25,73.25],[128.75,73.25],[128.5,73.5],[126.5,73.5],[126.25,73.75],[126.0,73.75],[125.75,73.5],[125.5,73.75],[123.5,73.75],[123.25,73.5],[123.25,73.0],[120.25,73.0],[120.0,73.25],[118.75,73.25],[119.0,73.5],[118.75,73.75],[113.75,73.75],[113.5,73.5],[113.25,73.5],[113.5,73.75],[113.25,74.0],[113.5,74.0],[113.75,74.25],[113.25,74.75],[112.75,74.75],[113.0,75.0],[113.75,75.0],[114.0,75.25],[113.75,75.5],[113.75,76.0],[113.5,76.25],[112.75,76.25],[113.0,76.5],[112.75,76.75],[111.25,76.75],[111.0,77.0],[110.5,77.0],[110.25,76.75],[107.75,76.75],[107.5,76.5],[107.0,76.5],[107.0,77.0],[106.75,77.25],[106.0,77.25],[106.25,77.5],[106.0,77.75],[102.75,77.75],[102.5,77.5],[102.0,77.5],[101.75,77.25],[101.25,77.25],[100.75,76.75],[100.75,76.5],[99.75,76.5],[99.5,76.25],[98.0,76.25],[97.75,76.0],[97.5,76.0],[97.25,76.25],[97.0,76.25],[96.75,76.5],[95.25,76.5],[95.0,76.25],[93.5,76.25],[93.25,76.0],[93.0,76.25],[92.75,76.0],[92.5,76.0],[92.25,75.75],[90.0,75.75],[89.75,75.5],[88.75,75.5],[88.5,75.25],[88.0,75.25],[87.75,75.0],[87.0,75.0],[86.75,74.75],[86.5,75.0],[86.25,75.0],[86.0,74.75],[85.75,74.75],[85.5,75.0],[85.25,74.75],[85.25,74.5],[85.5,74.25],[86.0,74.25],[86.25,74.0],[85.5,74.0],[85.25,73.75],[85.0,73.75],[84.75,74.0],[84.5,73.75],[80.5,73.75],[80.25,73.5],[80.5,73.25],[80.5,73.0],[80.75,72.75],[80.75,72.5],[81.0,72.25],[82.0,72.25],[82.0,72.0],[81.0,72.0],[80.75,72.25],[80.25,72.25],[80.0,72.5],[79.75,72.5],[79.5,72.5],[79.25,72.5],[78.5,72.5],[78.25,72.75],[77.5,72.75],[77.25,72.5],[77.75,72.0],[77.0,72.0],[76.75,72.25],[76.5,72.0],[75.75,72.0],[75.5,72.25],[75.75,72.5],[75.25,73.0],[74.75,72.5],[75.0,72.25],[74.75,72.25],[74.5,72.0],[72.5,72.0],[72.75,72.25],[72.75,72.75],[72.5,73.0],[71.5,73.0],[71.75,73.25],[71.5,73.5],[70.25,73.5],[70.0,73.25],[70.25,73.0],[69.0,73.0],[68.75,72.75],[68.75,72.25],[68.25,71.75],[68.0,71.75],[67.75,71.5],[67.0,71.5],[66.5,71.0],[66.75,70.75],[67.0,70.75],[67.0,70.0],[66.75,70.0],[66.5,69.75],[66.75,69.5],[67.0,69.5],[67.25,69.25],[67.5,69.5],[67.75,69.5],[68.5,68.75],[68.75,68.75],[68.5,68.5],[68.0,68.5],[67.75,68.75],[67.5,68.75],[67.25,69.0],[66.25,69.0],[66.0,69.25],[65.0,69.25],[64.75,69.5],[64.5,69.5],[64.25,69.75],[61.5,69.75],[61.25,70.0],[61.0,70.0],[60.75,69.75],[60.25,70.25],[59.75,70.25],[59.576,70.424],[60.111,70.5],[60.687,70.75],[61.75,71.421],[62.785,72.25],[63.754,72.75],[65.328,73.25],[69.5,74.378],[73.113,75.0],[75.75,75.322],[79.5,75.587],[84.75,75.78],[87.347,76.0],[83.75,76.554],[81.118,76.75],[80.783,77.0],[79.0,77.233],[76.75,77.192],[74.5,77.265],[72.25,77.186],[70.0,76.893],[69.5,76.797],[68.703,76.453],[69.0,76.75],[68.75,77.0],[66.25,77.0],[66.0,76.75],[65.5,76.75],[65.25,76.5],[63.25,76.5],[63.0,76.25],[62.5,76.25],[62.25,76.5],[61.0,76.5],[60.75,76.25],[60.75,76.0],[60.5,76.25],[60.25,76.25],[60.0,76.0],[58.939,76.0],[59.25,76.169],[60.0,76.38],[61.0,76.569],[65.772,77.0],[64.5,77.244],[62.25,77.29],[58.5,76.949],[55.5,76.849],[52.75,76.637],[49.5,76.163],[43.579,75.5],[39.25,74.639],[36.75,74.223],[32.512,73.75],[29.5,73.676],[27.787,74.0],[27.464,74.25],[27.592,74.5],[27.531,74.75],[27.74,75.0],[29.5,76.049],[29.75,76.149],[30.58,76.25],[30.825,76.5],[30.722,76.75],[31.5,76.853],[32.75,77.16],[33.024,77.25],[33.5,77.602],[34.64,78.0],[34.24,78.25],[32.5,78.44],[28.25,78.176],[27.5,78.075],[26.495,77.75],[26.0,77.304],[25.5,77.162],[22.0,76.896],[20.0,77.12],[19.0,77.14],[18.25,77.048],[17.75,76.922],[17.507,76.75],[16.92,76.67],[17.0,76.75],[17.25,76.75],[17.75,77.25],[18.0,77.25],[18.5,77.75],[18.25,78.0],[19.0,78.0],[19.25,78.25],[19.5,78.25],[19.75,78.5],[20.0,78.5],[20.25,78.25],[20.75,78.25],[21.0,78.0],[21.25,78.0],[21.25,77.75],[21.0,77.5],[21.25,77.25],[22.0,77.25],[22.25,77.5],[22.5,77.5],[22.75,77.25],[23.25,77.25],[23.5,77.5],[24.0,77.5],[24.25,77.75],[24.0,78.0],[23.5,78.0],[23.25,78.25],[22.0,78.25],[22.25,78.5],[22.0,78.75],[21.75,78.75],[21.5,79.0],[20.5,79.0],[20.25,79.25],[23.0,79.25],[23.25,79.0],[24.25,79.0],[24.5,79.25],[25.75,79.25],[26.0,79.5],[26.5,79.5],[26.75,79.75],[27.0,79.75],[27.25,80.0],[27.0,80.25],[25.0,80.25],[24.75,80.5],[23.75,80.5],[23.5,80.25],[23.0,80.25],[22.75,80.5],[22.5,80.5],[22.25,80.25],[21.25,80.25],[21.0,80.5],[19.25,80.5],[19.0,80.25],[18.5,80.25],[18.25,80.0],[18.5,79.75],[17.75,79.75],[17.5,80.0],[16.75,80.0],[16.5,80.25],[16.25,80.0],[16.0,80.0],[15.75,79.75],[15.75,79.5],[15.5,79.5],[15.25,79.75],[14.25,79.75],[14.0,80.0],[11.084,80.0],[11.14,80.25],[10.75,80.37],[9.5,80.337],[7.0,80.181],[3.0,79.721],[-1.5,78.657],[-2.0,78.401],[-4.0,77.831],[-4.75,77.433],[-5.75,77.084],[-7.25,77.082],[-7.75,77.213],[-8.75,77.1],[-9.074,77.0],[-9.322,76.75],[-11.509,75.25],[-11.983,75.0],[-13.25,74.583],[-14.756,74.25],[-15.153,74.0],[-15.587,73.5],[-16.398,73.0],[-16.477,72.25],[-16.299,72.0],[-15.725,71.75],[-14.834,71.5],[-12.664,71.0],[-10.678,70.25],[-10.656,70.0],[-10.25,69.837],[-9.25,69.735],[-8.0,69.794],[-6.75,69.746],[-5.75,69.872],[-3.75,69.931],[-1.25,70.334],[0.25,70.174],[1.25,69.845],[1.857,69.75],[1.774,69.5],[1.5,69.37],[0.75,69.273],[0.453,69.0],[0.372,68.75],[-0.087,68.5],[-1.016,68.25],[-2.5,68.032],[-6.0,67.889],[-7.0,67.747],[-9.75,67.623],[-10.408,67.5],[-10.75,67.504],[-11.097,67.75],[-11.5,67.853],[-12.5,67.843],[-13.75,67.363],[-15.5,67.067],[-16.453,66.75],[-16.25,66.708],[-16.069,66.5],[-16.25,66.5],[-16.5,66.75],[-16.75,66.5],[-16.5,66.25],[-19.25,66.25],[-19.5,66.0],[-19.75,66.0],[-20.0,66.25],[-20.25,66.25],[-20.5,66.0],[-20.5,65.75],[-21.0,65.75],[-21.25,65.5],[-21.25,66.0],[-21.5,66.25],[-21.75,66.25],[-22.0,66.5],[-22.75,66.5],[-23.0,66.25],[-23.0,66.0],[-23.25,66.25],[-23.75,66.25],[-24.25,65.75],[-24.25,65.5],[-24.0,65.25],[-23.75,65.25],[-23.5,65.5],[-22.5,65.5],[-22.5,65.25],[-22.75,65.25],[-23.0,65.0],[-22.75,64.75],[-22.5,64.75],[-22.25,64.5],[-22.0,64.5],[-21.75,64.25],[-22.25,64.25],[-22.363,64.137],[-22.339,64.25],[-22.5,64.408],[-22.75,64.491],[-23.735,64.515],[-23.5,64.75],[-23.75,65.0],[-24.0,64.75],[-23.777,64.527],[-24.615,64.75],[-24.537,65.25],[-24.75,65.562],[-26.5,65.357],[-27.0,65.195],[-28.685,64.25],[-30.646,63.75],[-32.147,63.0],[-32.451,62.75],[-32.784,61.75],[-32.964,61.5],[-33.5,61.184],[-34.5,61.003],[-37.25,61.286],[-38.75,61.3],[-39.5,61.145],[-43.049,59.951],[-43.0,60.25],[-42.75,60.25],[-42.5,60.5],[-42.5,60.75],[-42.25,61.0],[-42.5,61.25],[-42.0,61.75],[-42.0,62.0],[-42.25,62.25],[-41.75,62.75],[-41.5,62.75],[-41.25,63.0],[-41.25,63.25],[-41.0,63.25],[-40.5,63.75],[-40.5,64.25],[-40.25,64.25],[-40.0,64.5],[-40.25,64.75],[-40.0,65.0],[-39.75,65.0],[-39.5,65.25],[-39.75,65.5],[-39.5,65.5],[-39.25,65.25],[-39.0,65.5],[-37.0,65.5],[-36.75,65.75],[-36.25,65.75],[-36.0,66.0],[-35.25,66.0],[-35.0,66.25],[-34.75,66.25],[-34.5,66.5],[-34.0,66.5],[-33.0,67.5],[-32.75,67.5],[-32.5,67.75],[-32.25,67.75],[-32.0,68.0],[-30.0,68.0],[-29.75,68.25],[-29.5,68.0],[-29.25,68.25],[-27.75,68.25],[-27.5,68.5],[-26.25,68.5],[-26.0,68.75],[-25.75,68.75],[-25.5,69.0],[-24.75,69.0],[-24.5,69.25],[-24.0,69.25],[-23.75,69.5],[-23.0,69.5],[-22.75,69.75],[-22.25,69.75],[-21.5,70.5],[-21.75,70.75],[-21.75,71.25],[-21.5,71.5],[-22.0,72.0],[-21.75,72.25],[-21.75,72.5],[-22.0,72.75],[-22.0,73.25],[-20.75,73.25],[-20.25,73.75],[-20.5,74.0],[-19.75,74.0],[-19.5,74.25],[-19.0,74.25],[-18.75,74.5],[-19.0,74.75],[-19.75,74.75],[-20.25,75.25],[-20.0,75.25],[-19.75,75.0],[-19.25,75.5],[-19.25,75.75],[-19.5,76.0],[-19.75,76.0],[-20.25,76.5],[-20.75,76.5],[-21.0,76.75],[-19.0,76.75],[-19.25,76.5],[-19.0,76.25],[-18.75,76.25],[-18.5,76.5],[-18.75,76.75],[-18.5,76.75],[-18.0,77.25],[-18.25,77.5],[-19.25,77.5],[-19.0,77.75],[-19.25,78.0],[-19.0,78.25],[-19.25,78.5],[-19.5,78.5],[-19.75,78.25],[-19.5,78.0],[-20.75,78.0],[-21.0,78.25],[-21.25,78.25],[-21.0,78.5],[-21.0,78.75],[-20.75,78.75],[-20.5,78.5],[-19.75,78.5],[-19.5,78.75],[-19.25,78.75],[-19.0,79.0],[-19.0,79.25],[-19.25,79.5],[-17.25,79.5],[-17.0,79.75],[-17.25,80.0],[-16.25,80.0],[-16.0,80.25],[-16.25,80.5],[-14.25,80.5],[-14.0,80.75],[-13.5,80.75],[-13.25,81.0],[-12.25,81.0],[-11.75,81.5],[-12.0,81.75],[-13.5,81.75],[-13.75,82.0],[-14.0,82.0],[-14.25,81.75],[-15.75,81.75],[-16.0,82.0],[-16.25,82.0],[-16.5,81.75],[-16.75,81.75],[-17.0,81.5],[-19.0,81.5],[-19.25,81.75],[-20.25,81.75],[-20.0,82.0],[-20.0,82.25],[-20.25,82.5],[-20.5,82.5],[-20.5,82.75],[-20.75,83.0]],[[79.5,72.75],[79.0,73.25],[78.75,73.0],[79.25,72.5],[79.5,72.75]],[[-19.25,81.75],[-18.75,81.75],[-18.5,82.0],[-18.75,82.25],[-19.25,82.25],[-19.5,82.0],[-19.25,81.75]]]},"properties":{"hvalue":1.15,"color":"#E2EBF5"}},{"type":"Feature","geometry":{"type":"Polygon","coordinates":[[[25.25,70.5],[25.5,70.5],[25.25,70.25],[25.25,70.5]]]},"properties":{"hvalue":1.15,"color":"#E2EBF5"}},{"type":"Feature","geometry":{"type":"Polygon","coordinates":[[[26.141,71.109],[27.382,71.132],[26.75,70.5],[26.75,70.75],[26.5,71.0],[26.25,71.0],[26.141,71.109]]]},"properties":{"hvalue":1.15,"color":"#E2EBF5"}},{"type":"Feature","geometry":{"type":"Polygon","coordinates":[[[28.25,70.75],[28.27,70.98],[28.5,70.75],[28.25,70.75]]]},"properties":{"hvalue":1.15,"color":"#E2EBF5"}},{"type":"Feature","geometry":{"type":"Polygon","coordinates":[[[25.75,70.75],[25.75,71.0],[26.0,70.75],[25.75,70.75]]]},"properties":{"hvalue":1.15,"color":"#E2EBF5"}},{"type":"Feature","geometry":{"type":"Polygon","coordinates":[[[25.582,71.168],[25.913,71.163],[25.75,71.0],[25.582,71.168]]]},"properties":{"hvalue":1.15,"color":"#E2EBF5"}},{"type":"Feature","geometry":{"type":"Polygon","coordinates":[[[20.134,74.5],[19.25,74.352],[18.871,74.5],[19.25,74.645],[20.134,74.5]]]},"properties":{"hvalue":1.15,"color":"#E2EBF5"}},{"type":"Feature","geometry":{"type":"Polygon","coordinates":[[[26.5,77.069],[28.5,77.118],[30.186,76.75],[29.75,76.678],[29.0,76.351],[28.5,76.299],[25.25,76.306],[24.801,76.5],[25.0,76.732],[25.25,76.852],[26.5,77.069]]]},"properties":{"hvalue":1.15,"color":"#E2EBF5"}},{"type":"Feature","geometry":{"type":"Polygon","coordinates":[[[15.25,78.25],[15.0,78.25],[14.5,78.25],[14.75,78.5],[15.0,78.5],[15.25,78.25]]]},"properties":{"hvalue":1.15,"color":"#E2EBF5"}},{"type":"Feature","geometry":{"type":"Polygon","coordinates":[[[12.556,78.444],[11.414,78.414],[11.5,78.5],[11.5,78.75],[11.25,79.0],[11.75,79.0],[11.75,78.75],[12.0,78.5],[12.5,78.5],[12.556,78.444]]]},"properties":{"hvalue":1.15,"color":"#E2EBF5"}},{"type":"Feature","geometry":{"type":"Polygon","coordinates":[[[11.206,79.0],[11.233,79.017],[11.25,79.0],[11.206,79.0]]]},"properties":{"hvalue":1.15,"color":"#E2EBF5"}},{"type":"Feature","geometry":{"type":"Polygon","coordinates":[[[20.25,79.25],[19.25,79.25],[18.75,79.25],[19.0,79.5],[20.0,79.5],[20.25,79.25]]]},"properties":{"hvalue":1.15,"color":"#E2EBF5"}},{"type":"Feature","geometry":{"type":"Polygon","coordinates":[[[-46.75,-77.75],[-47.0,-77.5],[-47.25,-77.75],[-47.75,-77.25],[-48.5,-77.25],[-48.75,-77.0],[-49.25,-77.0],[-49.5,-76.75],[-51.0,-76.75],[-51.25,-76.5],[-52.0,-76.5],[-52.25,-76.25],[-52.5,-76.25],[-52.75,-76.5],[-53.0,-76.5],[-53.5,-76.0],[-53.75,-76.0],[-54.0,-75.75],[-54.25,-76.0],[-54.5,-75.75],[-55.75,-75.75],[-56.0,-75.5],[-57.25,-75.5],[-57.5,-75.25],[-58.5,-75.25],[-58.75,-75.0],[-59.5,-75.0],[-59.75,-74.75],[-60.0,-74.75],[-59.75,-74.5],[-60.0,-74.25],[-59.75,-74.0],[-59.75,-73.75],[-60.0,-73.5],[-59.75,-73.25],[-59.75,-72.5],[-60.25,-72.0],[-60.0,-71.75],[-60.25,-71.5],[-60.5,-71.5],[-60.5,-70.75],[-60.25,-70.5],[-60.5,-70.25],[-60.0,-70.25],[-59.75,-70.0],[-59.75,-69.75],[-60.0,-69.5],[-59.75,-69.25],[-59.0,-69.25],[-58.75,-69.0],[-59.0,-68.75],[-59.0,-68.5],[-59.5,-68.0],[-59.75,-68.25],[-60.0,-68.25],[-60.0,-68.0],[-59.75,-67.75],[-60.0,-67.5],[-60.0,-67.0],[-60.25,-66.75],[-60.25,-66.0],[-60.5,-65.75],[-60.75,-65.75],[-61.0,-65.5],[-61.75,-65.5],[-61.75,-65.25],[-60.25,-65.25],[-60.0,-65.0],[-60.25,-64.75],[-60.0,-64.75],[-59.75,-64.5],[-59.5,-64.75],[-59.25,-64.5],[-59.0,-64.5],[-58.75,-64.75],[-58.5,-64.5],[-58.75,-64.25],[-58.5,-64.0],[-58.0,-64.5],[-57.75,-64.5],[-57.5,-64.75],[-57.25,-64.75],[-57.0,-64.5],[-57.0,-64.25],[-57.5,-63.75],[-57.0,-63.75],[-56.75,-63.5],[-57.0,-63.25],[-56.5,-63.066],[-56.5,-63.25],[-56.0,-63.75],[-55.75,-63.5],[-55.25,-63.5],[-55.0,-63.25],[-55.123,-63.127],[-54.994,-63.0],[-55.02,-62.75],[-55.314,-62.5],[-55.208,-62.25],[-53.25,-61.671],[-53.0,-61.535],[-52.0,-61.414],[-50.0,-60.979],[-48.406,-60.5],[-44.25,-60.013],[-43.469,-59.75],[-42.75,-59.67],[-41.0,-58.917],[-39.75,-58.746],[-38.25,-58.661],[-36.0,-58.092],[-32.5,-57.537],[-31.25,-57.49],[-30.5,-57.316],[-30.291,-57.25],[-30.056,-57.0],[-30.002,-56.75],[-29.25,-55.486],[-28.758,-55.25],[-28.5,-55.232],[-27.75,-55.236],[-26.75,-55.485],[-26.0,-56.125],[-25.25,-56.37],[-24.853,-56.75],[-24.5,-56.907],[-23.25,-56.989],[-22.75,-57.27],[-22.25,-57.337],[-21.791,-57.25],[-21.182,-57.0],[-20.25,-57.222],[-19.25,-57.677],[-18.5,-57.857],[-17.25,-57.901],[-16.0,-58.175],[-13.75,-58.347],[-12.0,-58.237],[-11.25,-58.115],[-10.0,-57.7],[-8.5,-57.66],[-7.0,-57.418],[-3.25,-57.503],[-1.5,-57.399],[-0.5,-57.528],[0.5,-57.286],[1.0,-57.265],[1.75,-57.041],[3.25,-57.416],[4.75,-57.522],[7.25,-57.314],[8.75,-57.309],[10.25,-57.141],[11.5,-56.894],[12.25,-56.887],[12.75,-56.989],[13.5,-57.453],[14.0,-57.638],[15.0,-57.849],[16.25,-57.994],[17.0,-58.191],[18.25,-58.301],[21.0,-58.957],[21.75,-59.498],[23.5,-60.321],[24.25,-60.409],[25.25,-60.306],[25.5,-60.353],[26.75,-60.972],[27.25,-61.437],[28.0,-61.406],[29.0,-61.117],[30.75,-60.906],[31.369,-61.0],[32.75,-61.419],[34.5,-61.589],[37.0,-61.499],[38.0,-61.54],[39.5,-61.932],[49.5,-63.04],[56.5,-63.125],[59.0,-62.95],[62.5,-62.492],[66.5,-62.2],[67.5,-62.061],[69.25,-61.431],[71.5,-61.239],[73.088,-60.5],[74.0,-60.234],[74.75,-60.179],[78.0,-60.27],[80.25,-59.911],[81.25,-59.836],[83.0,-60.117],[84.505,-60.25],[85.0,-60.416],[85.5,-60.888],[86.75,-61.613],[89.0,-62.177],[91.0,-62.53],[92.5,-62.661],[97.752,-62.75],[100.75,-63.114],[103.0,-63.246],[108.96,-64.25],[111.25,-64.81],[112.5,-64.944],[116.0,-64.855],[121.75,-65.082],[124.75,-64.653],[128.25,-64.68],[130.5,-64.544],[131.908,-64.25],[133.25,-64.129],[135.0,-64.199],[137.25,-64.622],[138.0,-64.652],[143.25,-63.957],[147.25,-63.68],[148.105,-63.5],[151.0,-63.188],[153.0,-63.19],[155.0,-62.818],[155.5,-62.821],[157.0,-63.036],[158.25,-62.815],[161.75,-63.018],[163.25,-62.98],[165.0,-63.154],[165.505,-63.25],[167.25,-63.946],[168.0,-64.057],[169.25,-63.919],[170.25,-63.978],[170.75,-63.929],[171.0,-63.548],[171.25,-63.445],[173.515,-63.5],[174.876,-64.25],[176.901,-64.5],[177.644,-64.75],[177.75,-65.017],[179.0,-65.214],[179.75,-65.437],[179.75,-78.0],[176.75,-78.0],[176.75,-77.75],[176.25,-77.25],[167.25,-77.25],[167.0,-77.0],[166.75,-77.0],[166.25,-77.5],[166.75,-78.0],[165.0,-78.0],[164.75,-77.75],[164.5,-77.75],[164.25,-77.5],[164.0,-77.5],[163.75,-77.25],[163.5,-77.25],[163.25,-77.0],[163.25,-76.75],[163.0,-76.5],[163.25,-76.25],[163.0,-76.0],[163.0,-75.75],[163.25,-75.5],[164.0,-75.5],[164.25,-75.25],[164.25,-75.0],[164.5,-74.75],[165.25,-74.75],[165.5,-74.5],[165.25,-74.25],[165.5,-74.0],[166.0,-74.0],[166.25,-73.75],[167.25,-73.75],[167.5,-73.5],[168.0,-73.5],[168.25,-73.25],[168.5,-73.5],[168.75,-73.25],[169.0,-73.5],[169.25,-73.25],[169.5,-73.25],[170.25,-72.5],[170.0,-72.25],[170.25,-72.0],[170.5,-72.0],[170.75,-71.75],[170.75,-71.5],[170.5,-71.25],[170.25,-71.5],[169.75,-71.5],[169.5,-71.25],[168.75,-71.25],[168.5,-71.0],[168.0,-71.0],[167.75,-70.75],[166.75,-70.75],[166.5,-70.5],[164.5,-70.5],[164.25,-70.25],[164.0,-70.5],[163.0,-70.5],[162.75,-70.25],[162.0,-70.25],[161.75,-70.5],[161.5,-70.5],[161.25,-70.25],[161.0,-70.25],[160.75,-70.0],[160.25,-70.0],[160.25,-69.75],[160.0,-69.5],[159.5,-69.5],[159.25,-69.25],[158.5,-69.25],[158.25,-69.0],[156.0,-69.0],[155.75,-68.75],[154.75,-68.75],[154.75,-68.5],[154.5,-68.25],[153.5,-68.25],[153.25,-68.5],[151.25,-68.5],[151.0,-68.25],[147.5,-68.25],[147.0,-67.75],[146.75,-67.75],[146.5,-67.5],[146.25,-67.5],[146.5,-67.25],[146.0,-66.75],[145.25,-66.75],[145.0,-67.0],[145.0,-67.25],[144.5,-67.25],[144.25,-67.0],[143.898,-67.0],[143.849,-66.75],[143.5,-66.625],[143.0,-66.618],[142.682,-66.75],[141.388,-66.75],[141.25,-66.652],[141.139,-66.75],[140.75,-66.75],[140.5,-66.5],[138.0,-66.5],[137.75,-66.25],[135.75,-66.25],[135.5,-66.0],[132.926,-66.0],[132.5,-65.94],[132.361,-66.0],[130.5,-66.0],[129.847,-66.403],[129.364,-66.5],[129.282,-66.75],[129.5,-66.872],[129.75,-66.595],[129.75,-66.75],[129.5,-67.0],[128.25,-67.0],[128.0,-66.75],[127.5,-66.75],[127.5,-66.5],[127.25,-66.25],[125.75,-66.25],[125.621,-66.379],[125.0,-66.449],[125.0,-66.25],[124.75,-66.0],[124.25,-66.5],[123.75,-66.5],[123.626,-66.624],[122.958,-66.75],[122.593,-66.75],[122.25,-66.5],[121.5,-66.5],[121.25,-66.75],[120.25,-66.692],[119.983,-66.75],[116.5,-66.75],[116.25,-66.5],[115.0,-66.5],[114.75,-66.25],[114.5,-66.25],[114.25,-66.0],[114.0,-66.0],[113.75,-65.75],[112.862,-65.75],[112.75,-65.627],[112.5,-65.594],[111.5,-65.75],[111.25,-66.0],[110.75,-66.0],[110.25,-66.5],[108.5,-66.452],[108.38,-66.5],[108.729,-66.75],[108.5,-66.75],[108.25,-66.5],[107.133,-66.5],[107.0,-66.341],[106.75,-66.25],[105.75,-66.25],[105.5,-66.0],[105.0,-66.0],[105.25,-65.75],[105.0,-65.5],[103.5,-65.5],[103.5,-65.25],[103.25,-65.0],[103.0,-65.0],[102.75,-65.25],[103.0,-65.5],[102.5,-65.5],[102.25,-65.75],[102.0,-65.75],[101.75,-65.5],[101.25,-65.5],[101.0,-65.25],[100.5,-65.25],[100.25,-65.5],[99.75,-65.5],[99.5,-65.75],[99.25,-65.75],[99.0,-65.5],[98.0,-65.5],[97.75,-65.25],[97.25,-65.25],[97.0,-65.0],[96.5,-65.0],[96.25,-64.75],[95.75,-64.75],[95.25,-65.25],[95.25,-65.5],[95.5,-65.75],[95.5,-66.0],[95.0,-66.0],[94.75,-66.25],[94.75,-66.5],[90.5,-66.5],[90.25,-66.75],[89.0,-66.75],[88.75,-66.5],[87.75,-66.5],[87.5,-66.25],[85.5,-66.25],[85.25,-66.5],[84.0,-66.5],[83.75,-66.75],[83.75,-67.0],[83.25,-67.0],[83.0,-67.25],[81.25,-67.25],[81.0,-67.5],[81.25,-67.75],[80.0,-67.75],[79.75,-68.0],[79.0,-68.0],[78.75,-68.25],[78.25,-68.25],[77.75,-68.75],[77.75,-69.0],[77.0,-69.0],[76.75,-69.25],[76.0,-69.25],[75.75,-69.5],[74.25,-69.5],[74.25,-69.25],[74.0,-69.0],[73.75,-69.0],[73.5,-68.75],[73.0,-68.75],[72.75,-68.5],[71.75,-68.5],[71.75,-68.25],[71.25,-67.75],[66.0,-67.75],[65.75,-67.5],[64.25,-67.5],[64.0,-67.25],[63.25,-67.25],[63.0,-67.5],[61.75,-67.5],[61.5,-67.25],[59.25,-67.25],[59.0,-67.0],[57.25,-67.0],[57.0,-66.75],[57.25,-66.5],[57.0,-66.25],[56.25,-66.25],[56.0,-66.0],[55.75,-66.0],[55.5,-65.75],[52.0,-65.75],[51.75,-66.0],[51.0,-66.0],[50.75,-66.25],[50.5,-66.25],[50.25,-66.5],[50.25,-67.0],[49.75,-67.0],[49.5,-66.75],[48.75,-66.75],[48.5,-67.0],[48.5,-67.25],[48.25,-67.5],[47.75,-67.5],[47.5,-67.25],[46.25,-67.25],[46.0,-67.5],[45.0,-67.5],[44.75,-67.75],[44.0,-67.75],[43.75,-68.0],[42.75,-68.0],[42.5,-68.25],[41.5,-68.25],[41.25,-68.5],[41.0,-68.5],[40.655,-68.75],[40.5,-68.75],[40.25,-68.5],[40.0,-68.75],[39.75,-68.75],[39.5,-69.0],[39.5,-69.5],[39.0,-69.5],[38.75,-69.75],[38.5,-69.75],[38.25,-69.5],[36.75,-69.5],[36.75,-69.25],[36.5,-69.0],[36.25,-69.25],[36.0,-69.0],[35.0,-69.0],[34.75,-68.75],[34.5,-68.75],[34.25,-68.5],[33.0,-68.5],[32.5,-69.0],[30.5,-69.0],[30.25,-69.25],[30.0,-69.0],[29.75,-69.0],[29.25,-69.5],[27.0,-69.5],[26.75,-69.75],[26.5,-69.75],[26.25,-70.0],[25.0,-70.0],[24.75,-70.25],[24.0,-70.25],[23.75,-70.0],[21.5,-70.0],[21.25,-69.75],[18.25,-69.75],[18.0,-69.5],[13.25,-69.5],[12.75,-70.0],[12.5,-70.0],[12.25,-69.75],[12.0,-69.75],[11.75,-70.0],[11.5,-70.0],[11.25,-69.75],[11.0,-70.0],[10.5,-70.0],[10.25,-69.75],[9.963,-70.0],[9.0,-70.0],[8.75,-69.75],[8.0,-69.75],[7.75,-70.0],[7.0,-70.0],[6.75,-69.75],[6.5,-70.0],[2.0,-70.0],[1.75,-69.75],[1.5,-70.0],[1.25,-70.0],[1.0,-69.75],[0.75,-69.75],[0.5,-69.5],[-1.25,-69.5],[-1.5,-69.75],[-1.5,-70.0],[-2.5,-70.0],[-2.75,-70.25],[-7.0,-70.25],[-7.25,-70.5],[-9.75,-70.5],[-10.0,-70.75],[-10.25,-70.75],[-10.5,-71.0],[-11.0,-71.0],[-11.25,-70.75],[-11.5,-71.0],[-11.5,-71.25],[-12.25,-71.25],[-12.5,-71.5],[-12.5,-71.75],[-13.5,-71.75],[-13.75,-72.0],[-15.0,-72.0],[-15.25,-72.25],[-17.25,-72.25],[-17.5,-72.5],[-19.0,-72.5],[-19.25,-72.75],[-19.75,-72.75],[-20.25,-73.25],[-20.5,-73.0],[-20.75,-73.25],[-20.75,-73.5],[-21.25,-74.0],[-21.75,-74.0],[-22.0,-74.25],[-22.5,-74.25],[-22.75,-74.0],[-25.0,-74.0],[-25.25,-74.25],[-25.0,-74.5],[-25.25,-74.75],[-25.0,-75.0],[-25.25,-75.25],[-26.25,-75.25],[-26.75,-75.75],[-26.5,-76.0],[-27.5,-76.0],[-27.75,-76.25],[-29.5,-76.25],[-29.75,-76.5],[-30.5,-76.5],[-30.75,-76.75],[-31.5,-76.75],[-31.75,-77.0],[-33.0,-77.0],[-33.25,-77.25],[-34.25,-77.25],[-34.5,-77.5],[-35.0,-77.5],[-35.25,-77.75],[-35.5,-77.75],[-35.75,-78.0],[-44.25,-78.0],[-44.5,-77.75],[-46.75,-77.75]]]},"properties":{"hvalue":1.15,"color":"#E2EBF5"}},{"type":"Feature","geometry":{"type":"Polygon","coordinates":[[[43.624,-21.25],[43.75,-21.071],[43.75,-21.25],[43.624,-21.25]]]},"properties":{"hvalue":1.15,"color":"#E2EBF5"}},{"type":"Feature","geometry":{"type":"Polygon","coordinates":[[[44.105,-20.395],[44.303,-19.803],[44.5,-20.0],[44.105,-20.395]]]},"properties":{"hvalue":1.15,"color":"#E2EBF5"}},{"type":"Feature","geometry":{"type":"Polygon","coordinates":[[[43.925,-17.925],[44.0,-18.0],[44.0,-18.36],[43.946,-18.25],[43.925,-17.925]]]},"properties":{"hvalue":1.15,"color":"#E2EBF5"}},{"type":"Feature","geometry":{"type":"Polygon","coordinates":[[[49.5,-17.504],[49.5,-17.25],[49.94,-16.81],[49.857,-17.0],[49.558,-17.25],[49.5,-17.504]]]},"properties":{"hvalue":1.15,"color":"#E2EBF5"}},{"type":"Feature","geometry":{"type":"Polygon","coordinates":[[[49.988,-16.0],[49.867,-16.117],[49.75,-16.0],[49.75,-15.75],[49.988,-16.0]]]},"properties":{"hvalue":1.15,"color":"#E2EBF5"}},{"type":"Feature","geometry":{"type":"Polygon","coordinates":[[[40.75,-15.0],[40.831,-14.919],[40.75,-15.092],[40.75,-15.0]]]},"properties":{"hvalue":1.15,"color":"#E2EBF5"}},{"type":"Feature","geometry":{"type":"Polygon","coordinates":[[[40.75,-14.25],[40.75,-14.121],[40.796,-14.296],[40.75,-14.25]]]},"properties":{"hvalue":1.15,"color":"#E2EBF5"}},{"type":"Feature","geometry":{"type":"Polygon","coordinates":[[[43.931,-16.25],[44.286,-14.0],[43.25,-13.529],[43.058,-13.0],[42.25,-12.515],[41.979,-12.25],[41.847,-12.0],[41.837,-11.75],[42.241,-11.25],[42.618,-11.0],[42.5,-10.779],[41.75,-10.409],[41.5,-10.375],[41.24,-10.5],[41.0,-10.872],[41.0,-11.076],[41.25,-11.471],[41.646,-11.75],[41.683,-12.0],[41.196,-12.5],[40.75,-13.753],[40.75,-13.25],[40.5,-13.0],[40.75,-12.75],[40.75,-12.0],[40.5,-11.75],[40.75,-11.5],[40.5,-11.25],[40.75,-11.0],[40.75,-10.75],[40.0,-10.0],[40.0,-9.75],[39.75,-9.5],[39.75,-9.323],[40.5,-9.596],[40.722,-9.75],[41.0,-10.125],[41.5,-10.162],[42.0,-9.852],[43.25,-9.668],[43.75,-9.423],[44.25,-9.414],[44.368,-9.5],[44.577,-10.25],[45.5,-10.816],[47.445,-11.25],[47.75,-11.421],[49.166,-11.834],[49.0,-12.0],[49.0,-12.25],[48.75,-12.25],[48.5,-12.5],[48.75,-12.75],[48.75,-13.25],[48.25,-13.75],[48.0,-13.5],[47.75,-13.75],[47.75,-14.25],[47.5,-14.5],[47.5,-15.0],[47.25,-15.0],[47.0,-15.25],[46.5,-15.25],[46.25,-15.5],[46.25,-15.75],[45.25,-15.75],[45.0,-16.0],[44.5,-16.0],[44.25,-16.25],[44.25,-16.75],[44.0,-17.0],[44.0,-17.25],[43.871,-17.379],[43.931,-16.25]]]},"properties":{"hvalue":1.15,"color":"#E2EBF5"}},{"type":"Feature","geometry":{"type":"Polygon","coordinates":[[[49.75,-12.75],[49.75,-12.636],[49.863,-12.863],[49.75,-12.75]]]},"properties":{"hvalue":1.15,"color":"#E2EBF5"}},{"type":"Feature","geometry":{"type":"Polygon","coordinates":[[[46.282,-9.25],[46.312,-9.5],[46.25,-9.567],[46.135,-9.5],[46.131,-9.25],[46.282,-9.25]]]},"properties":{"hvalue":1.15,"color":"#E2EBF5"}},{"type":"Feature","geometry":{"type":"Polygon","coordinates":[[[39.5,-8.75],[39.5,-8.0],[39.686,-8.186],[39.626,-8.25],[39.668,-8.5],[39.537,-8.75],[39.753,-9.0],[39.75,-9.003],[39.5,-8.75]]]},"properties":{"hvalue":1.15,"color":"#E2EBF5"}},{"type":"Feature","geometry":{"type":"Polygon","coordinates":[[[39.75,-7.75],[39.5,-8.0],[39.5,-7.25],[39.559,-7.191],[39.956,-7.75],[39.947,-7.947],[39.75,-7.75]]]},"properties":{"hvalue":1.15,"color":"#E2EBF5"}},{"type":"Feature","geometry":{"type":"Polygon","coordinates":[[[39.338,-6.588],[39.25,-6.5],[39.329,-6.5],[39.338,-6.588]]]},"properties":{"hvalue":1.15,"color":"#E2EBF5"}},{"type":"Feature","geometry":{"type":"Polygon","coordinates":[[[39.5,-5.0],[39.5,-5.25],[39.657,-5.407],[39.13,-5.5],[39.25,-5.558],[39.375,-5.875],[39.25,-5.75],[39.0,-6.0],[39.0,-5.5],[39.25,-5.25],[39.25,-4.75],[39.682,-4.818],[39.5,-5.0]]]},"properties":{"hvalue":1.15,"color":"#E2EBF5"}},{"type":"Feature","geometry":{"type":"Polygon","coordinates":[[[71.615,-5.25],[71.75,-5.078],[71.935,-5.25],[71.75,-5.371],[71.615,-5.25]]]},"properties":{"hvalue":1.15,"color":"#E2EBF5"}},{"type":"Feature","geometry":{"type":"Polygon","coordinates":[[[55.75,-4.091],[55.833,-4.25],[55.75,-4.346],[55.514,-4.25],[55.75,-4.091]]]},"properties":{"hvalue":1.15,"color":"#E2EBF5"}},{"type":"Feature","geometry":{"type":"Polygon","coordinates":[[[41.25,-2.0],[41.28,-2.0],[41.177,-2.073],[41.25,-2.0]]]},"properties":{"hvalue":1.15,"color":"#E2EBF5"}},{"type":"Feature","geometry":{"type":"Polygon","coordinates":[[[73.0,1.605],[73.341,1.25],[73.653,0.5],[73.25,0.172],[72.818,0.5],[72.521,1.25],[72.599,1.5],[72.75,1.62],[73.0,1.605]]]},"properties":{"hvalue":1.15,"color":"#E2EBF5"}},{"type":"Feature","geometry":{"type":"Polygon","coordinates":[[[72.159,2.75],[71.091,4.0],[70.5,5.535],[69.719,7.0],[69.491,7.75],[69.492,8.75],[69.75,8.824],[70.0,8.504],[70.25,8.738],[70.75,9.478],[71.0,9.627],[71.25,9.575],[71.5,9.399],[71.857,9.0],[72.239,8.25],[73.0,7.741],[73.208,7.5],[73.651,6.75],[73.879,6.0],[73.86,5.5],[73.738,5.0],[73.798,4.5],[73.711,4.25],[73.696,3.0],[73.48,2.75],[73.646,2.0],[73.5,1.842],[73.25,1.783],[73.0,1.911],[72.75,2.251],[72.159,2.75]]]},"properties":{"hvalue":1.15,"color":"#E2EBF5"}},{"type":"Feature","geometry":{"type":"Polygon","coordinates":[[[72.975,8.5],[73.008,8.5],[73.0,8.425],[72.975,8.5]]]},"properties":{"hvalue":1.15,"color":"#E2EBF5"}},{"type":"Feature","geometry":{"type":"Polygon","coordinates":[[[78.25,8.75],[78.348,8.848],[78.25,8.657],[78.25,8.75]]]},"properties":{"hvalue":1.15,"color":"#E2EBF5"}},{"type":"Feature","geometry":{"type":"Polygon","coordinates":[[[72.158,10.25],[72.25,10.336],[72.303,10.25],[72.25,10.19],[72.158,10.25]]]},"properties":{"hvalue":1.15,"color":"#E2EBF5"}},{"type":"Feature","geometry":{"type":"Polygon","coordinates":[[[51.3,10.5],[51.199,10.449],[51.25,10.57],[51.3,10.5]]]},"properties":{"hvalue":1.15,"color":"#E2EBF5"}},{"type":"Feature","geometry":{"type":"Polygon","coordinates":[[[72.25,11.344],[72.43,11.0],[72.25,10.835],[72.061,11.0],[72.14,11.25],[72.25,11.344]]]},"properties":{"hvalue":1.15,"color":"#E2EBF5"}},{"type":"Feature","geometry":{"type":"Polygon","coordinates":[[[73.0,11.613],[73.083,11.5],[73.0,11.44],[72.915,11.5],[73.0,11.613]]]},"properties":{"hvalue":1.15,"color":"#E2EBF5"}},{"type":"Feature","geometry":{"type":"Polygon","coordinates":[[[79.555,9.0],[78.86,9.11],[79.0,9.25],[79.0,9.5],[79.25,9.75],[79.25,10.0],[79.5,10.25],[79.75,10.25],[80.0,10.5],[80.0,12.0],[80.25,12.25],[80.25,12.75],[80.5,13.0],[80.5,13.25],[80.25,13.5],[80.5,13.75],[80.25,14.0],[80.25,15.5],[80.5,15.75],[81.0,15.75],[81.5,16.25],[81.888,16.25],[81.753,16.0],[81.691,15.5],[81.605,13.75],[81.182,12.25],[81.001,11.25],[81.171,10.75],[81.75,9.858],[81.885,9.5],[81.896,7.604],[81.75,7.75],[81.75,8.0],[81.25,8.5],[81.25,9.0],[80.25,10.0],[80.0,10.0],[79.75,9.75],[80.0,9.5],[80.25,9.5],[80.0,9.25],[80.0,9.0],[79.75,8.75],[79.75,7.022],[79.511,8.0],[79.644,8.75],[79.555,9.0]]]},"properties":{"hvalue":1.15,"color":"#E2EBF5"}},{"type":"Feature","geometry":{"type":"Polygon","coordinates":[[[76.25,9.159],[74.826,11.75],[74.75,12.285],[73.8,14.95],[74.25,14.5],[74.25,14.25],[74.5,14.0],[74.5,13.5],[74.75,13.25],[74.75,12.75],[75.0,12.5],[75.0,12.25],[75.25,12.0],[75.25,11.75],[75.75,11.25],[75.75,10.75],[76.0,10.5],[76.0,10.0],[76.25,9.75],[76.25,9.159]]]},"properties":{"hvalue":1.15,"color":"#E2EBF5"}},{"type":"Feature","geometry":{"type":"Polygon","coordinates":[[[43.5,12.5],[44.5,12.5],[44.75,12.75],[45.0,12.75],[45.25,13.0],[45.5,13.0],[45.75,13.25],[46.75,13.25],[47.0,13.5],[47.25,13.5],[47.5,13.75],[47.75,13.75],[48.0,14.0],[48.25,13.75],[48.5,13.75],[49.003,14.253],[49.373,13.75],[49.25,13.651],[48.394,13.5],[48.233,13.25],[49.25,12.672],[50.5,12.445],[51.09,12.0],[50.75,12.0],[50.5,11.75],[50.0,11.75],[49.75,11.5],[49.25,11.5],[49.0,11.25],[48.75,11.5],[48.5,11.5],[48.25,11.25],[47.25,11.25],[47.0,11.0],[46.75,11.0],[46.5,10.75],[46.25,11.0],[46.0,10.75],[45.75,11.0],[45.5,10.75],[45.25,10.75],[45.0,10.5],[44.25,10.5],[43.75,11.0],[43.75,11.25],[43.5,11.5],[43.25,11.5],[43.0,11.75],[43.25,11.75],[43.5,12.0],[43.5,12.5]]]},"properties":{"hvalue":1.15,"color":"#E2EBF5"}},{"type":"Feature","geometry":{"type":"Polygon","coordinates":[[[54.25,12.75],[53.5,12.75],[53.497,12.747],[53.5,12.754],[54.0,12.981],[54.25,12.984],[54.403,12.75],[54.347,12.653],[54.25,12.75]]]},"properties":{"hvalue":1.15,"color":"#E2EBF5"}},{"type":"Feature","geometry":{"type":"Polygon","coordinates":[[[73.75,15.5],[73.75,15.25],[73.75,15.078],[73.507,15.743],[73.75,15.5]]]},"properties":{"hvalue":1.15,"color":"#E2EBF5"}},{"type":"Feature","geometry":{"type":"Polygon","coordinates":[[[73.341,16.159],[73.5,16.0],[73.5,15.763],[73.357,16.0],[73.341,16.159]]]},"properties":{"hvalue":1.15,"color":"#E2EBF5"}},{"type":"Feature","geometry":{"type":"Polygon","coordinates":[[[73.096,17.154],[73.25,17.0],[73.25,16.787],[73.114,17.0],[73.096,17.154]]]},"properties":{"hvalue":1.15,"color":"#E2EBF5"}},{"type":"Feature","geometry":{"type":"Polygon","coordinates":[[[55.25,17.5],[55.32,17.57],[55.25,17.373],[55.25,17.5]]]},"properties":{"hvalue":1.15,"color":"#E2EBF5"}},{"type":"Feature","geometry":{"type":"Polygon","coordinates":[[[73.0,17.708],[72.798,18.25],[72.788,18.462],[73.0,18.25],[73.0,17.708]]]},"properties":{"hvalue":1.15,"color":"#E2EBF5"}},{"type":"Feature","geometry":{"type":"Polygon","coordinates":[[[72.75,18.631],[72.617,19.0],[72.541,19.459],[72.75,19.25],[72.75,18.631]]]},"properties":{"hvalue":1.15,"color":"#E2EBF5"}},{"type":"Feature","geometry":{"type":"Polygon","coordinates":[[[57.781,19.219],[57.75,19.75],[57.872,19.872],[57.781,19.219]]]},"properties":{"hvalue":1.15,"color":"#E2EBF5"}},{"type":"Feature","geometry":{"type":"Polygon","coordinates":[[[39.0,17.5],[38.75,17.75],[38.75,18.0],[38.5,18.25],[38.25,18.25],[37.5,19.0],[37.5,19.25],[37.25,19.5],[37.5,19.75],[37.25,20.0],[37.25,21.25],[37.0,21.5],[37.0,22.0],[36.25,22.75],[36.0,22.75],[35.75,23.0],[35.75,23.25],[35.5,23.5],[35.5,23.75],[35.75,24.0],[35.25,24.5],[35.25,24.75],[35.0,25.0],[35.0,25.174],[35.132,25.0],[35.5,24.324],[36.562,23.5],[36.975,22.75],[37.258,22.5],[38.0,22.304],[38.25,22.367],[38.384,22.75],[38.176,23.25],[37.969,23.5],[37.75,23.619],[37.0,23.734],[36.75,23.925],[36.652,24.75],[36.553,25.0],[36.25,25.377],[35.5,26.002],[35.25,26.119],[35.0,25.999],[34.908,25.75],[34.897,25.353],[34.75,25.5],[34.75,25.75],[34.25,26.25],[34.25,26.5],[34.0,26.75],[34.0,27.25],[33.75,27.5],[33.75,27.75],[33.215,28.285],[33.213,28.537],[34.0,27.75],[34.25,27.75],[34.5,28.0],[34.5,28.25],[34.75,28.0],[35.0,28.0],[35.75,27.25],[35.75,27.0],[36.25,26.5],[36.25,26.25],[36.5,26.0],[36.5,25.75],[36.75,25.5],[37.0,25.5],[37.0,24.75],[37.5,24.25],[37.75,24.25],[38.75,23.25],[38.75,23.0],[39.0,22.75],[39.0,22.25],[38.75,22.0],[39.0,21.75],[39.0,21.25],[39.25,21.0],[39.25,20.75],[39.75,20.25],[40.0,20.25],[41.0,19.25],[41.0,18.75],[41.25,18.5],[41.25,18.25],[42.5,17.0],[42.5,16.5],[42.75,16.25],[42.75,16.0],[42.5,15.75],[42.75,15.5],[42.5,15.25],[42.75,15.0],[42.75,14.75],[43.0,14.5],[43.0,14.0],[43.25,13.75],[43.0,13.5],[43.0,13.25],[43.25,13.0],[43.25,12.75],[43.0,13.0],[42.75,13.0],[42.5,13.25],[42.5,13.5],[42.0,14.0],[41.75,14.0],[41.5,14.25],[41.5,14.5],[41.25,14.75],[41.0,14.75],[40.75,15.0],[40.5,15.0],[40.0,15.5],[39.75,15.25],[39.75,15.5],[39.5,15.75],[39.5,16.0],[39.25,16.25],[39.25,17.0],[39.0,17.25],[39.0,17.5]],[[40.25,15.75],[40.0,16.0],[39.75,15.75],[40.0,15.5],[40.25,15.75]]]},"properties":{"hvalue":1.15,"color":"#E2EBF5"}},{"type":"Feature","geometry":{"type":"Polygon","coordinates":[[[58.947,20.947],[58.941,20.75],[58.865,20.385],[58.75,20.5],[58.75,20.75],[58.947,20.947]]]},"properties":{"hvalue":1.15,"color":"#E2EBF5"}},{"type":"Feature","geometry":{"type":"Polygon","coordinates":[[[71.546,20.75],[71.126,20.626],[71.25,20.75],[71.5,20.75],[71.75,21.0],[72.0,21.0],[72.25,21.25],[72.25,21.75],[72.5,22.0],[72.5,21.25],[72.75,21.0],[72.75,20.25],[72.5,20.0],[72.5,19.778],[72.403,20.25],[72.058,20.75],[71.546,20.75]]]},"properties":{"hvalue":1.15,"color":"#E2EBF5"}},{"type":"Feature","geometry":{"type":"Polygon","coordinates":[[[69.023,22.5],[69.239,22.75],[70.0,22.75],[69.75,22.5],[69.023,22.5]]]},"properties":{"hvalue":1.15,"color":"#E2EBF5"}},{"type":"Feature","geometry":{"type":"Polygon","coordinates":[[[68.5,23.148],[68.0,23.625],[67.752,23.75],[68.0,23.75],[68.65,23.1],[68.5,23.148]]]},"properties":{"hvalue":1.15,"color":"#E2EBF5"}},{"type":"Feature","geometry":{"type":"Polygon","coordinates":[[[67.25,24.25],[67.5,24.0],[67.749,23.751],[67.5,23.878],[67.148,24.25],[67.182,24.5],[66.955,24.75],[67.25,24.5],[67.25,24.25]]]},"properties":{"hvalue":1.15,"color":"#E2EBF5"}},{"type":"Feature","geometry":{"type":"Polygon","coordinates":[[[63.5,25.25],[63.515,25.25],[63.494,25.244],[63.5,25.25]]]},"properties":{"hvalue":1.15,"color":"#E2EBF5"}},{"type":"Feature","geometry":{"type":"Polygon","coordinates":[[[64.75,25.25],[64.756,25.25],[64.747,25.247],[64.75,25.25]]]},"properties":{"hvalue":1.15,"color":"#E2EBF5"}},{"type":"Feature","geometry":{"type":"Polygon","coordinates":[[[66.5,25.313],[66.079,25.329],[66.25,25.5],[66.5,25.5],[66.5,25.313]]]},"properties":{"hvalue":1.15,"color":"#E2EBF5"}},{"type":"Feature","geometry":{"type":"Polygon","coordinates":[[[57.75,24.0],[57.25,24.0],[56.5,24.75],[56.5,26.0],[56.25,26.25],[55.75,25.75],[55.5,25.75],[55.25,25.5],[55.25,25.25],[55.0,25.0],[54.75,25.0],[54.5,24.75],[54.5,24.5],[54.25,24.5],[54.0,24.25],[52.5,24.25],[52.25,24.0],[52.0,24.0],[51.5,24.5],[51.75,24.75],[51.75,25.25],[51.5,25.5],[51.75,25.75],[51.25,26.25],[50.75,25.75],[50.75,25.5],[50.5,25.5],[50.25,25.75],[50.25,26.75],[50.0,27.0],[49.75,27.0],[48.75,28.0],[48.75,28.25],[48.5,28.5],[48.5,28.75],[48.25,29.0],[48.25,29.25],[48.0,29.5],[48.25,29.5],[49.0,30.25],[49.25,30.0],[50.0,30.0],[50.5,29.5],[50.5,29.25],[51.0,28.75],[51.0,28.5],[51.25,28.25],[51.25,28.0],[51.5,27.75],[52.0,27.75],[52.25,27.5],[52.5,27.5],[53.0,27.0],[53.25,27.0],[53.75,26.5],[54.5,26.5],[54.75,26.25],[55.25,26.75],[55.5,26.75],[55.75,26.5],[56.0,26.5],[56.25,26.75],[56.0,27.0],[56.75,27.0],[56.75,26.75],[57.0,26.5],[57.0,26.0],[57.25,25.75],[57.5,25.75],[57.75,25.5],[58.75,25.5],[59.0,25.25],[59.55,25.25],[59.498,25.0],[59.865,22.385],[58.5,23.75],[58.0,23.75],[57.75,24.0]]]},"properties":{"hvalue":1.15,"color":"#E2EBF5"}},{"type":"Feature","geometry":{"type":"Polygon","coordinates":[[[49.0,38.0],[49.0,39.25],[49.5,39.75],[49.5,40.0],[49.75,40.25],[50.0,40.25],[50.25,40.5],[50.191,40.559],[50.5,40.456],[50.599,40.5],[50.837,41.0],[50.853,41.25],[50.513,42.0],[50.575,43.25],[50.502,44.25],[50.75,44.25],[50.75,44.0],[51.25,43.5],[51.25,43.25],[51.5,43.0],[51.75,43.0],[52.0,42.75],[52.5,42.75],[52.5,42.5],[52.25,42.25],[52.25,42.0],[52.5,41.75],[52.5,41.5],[52.75,41.25],[52.75,40.0],[53.0,39.75],[53.25,39.75],[53.0,39.5],[53.25,39.25],[53.5,39.25],[53.75,39.0],[53.75,37.5],[54.0,37.25],[54.0,37.0],[53.0,37.0],[52.75,36.75],[51.25,36.75],[51.0,37.0],[50.75,37.0],[50.5,37.25],[50.25,37.25],[50.0,37.5],[49.25,37.5],[49.25,37.75],[49.0,38.0]]]},"properties":{"hvalue":1.15,"color":"#E2EBF5"}},{"type":"Feature","geometry":{"type":"Polygon","coordinates":[[[36.128,41.622],[36.359,41.5],[36.25,41.5],[36.128,41.622]]]},"properties":{"hvalue":1.15,"color":"#E2EBF5"}},{"type":"Feature","geometry":{"type":"Polygon","coordinates":[[[47.25,45.25],[47.75,45.75],[48.5,45.75],[48.75,46.0],[49.0,46.0],[49.25,46.25],[49.25,46.5],[50.75,46.5],[51.0,46.75],[53.0,46.75],[52.75,46.5],[53.0,46.25],[52.75,46.0],[52.75,45.5],[52.0,45.5],[51.75,45.25],[51.5,45.5],[51.0,45.0],[51.25,44.75],[51.0,44.5],[50.75,44.75],[50.5,44.75],[50.395,44.645],[50.277,44.75],[50.0,44.783],[49.793,45.0],[49.75,45.156],[49.5,45.201],[49.0,45.103],[48.0,44.418],[47.925,44.25],[47.987,44.0],[47.75,43.554],[47.75,43.75],[47.0,44.5],[47.25,44.75],[47.25,45.25]]]},"properties":{"hvalue":1.15,"color":"#E2EBF5"}},{"type":"Feature","geometry":{"type":"Polygon","coordinates":[[[34.25,44.5],[34.5,44.5],[34.75,44.75],[35.25,44.75],[35.5,45.0],[36.25,45.0],[36.5,45.25],[36.25,45.5],[35.25,45.5],[34.75,46.0],[35.0,46.25],[35.5,46.25],[35.75,46.5],[36.5,46.5],[36.75,46.75],[37.25,46.75],[37.5,47.0],[38.5,47.0],[38.25,46.75],[38.0,46.75],[37.75,46.5],[38.0,46.25],[38.25,46.25],[37.75,45.75],[37.75,45.25],[37.5,45.25],[37.25,45.0],[37.25,44.792],[36.75,44.694],[36.577,44.5],[36.46,44.0],[36.25,43.659],[36.0,43.533],[35.75,43.524],[35.0,43.634],[34.5,43.824],[34.351,44.0],[33.687,44.25],[34.0,44.25],[34.25,44.5]]]},"properties":{"hvalue":1.15,"color":"#E2EBF5"}},{"type":"Feature","geometry":{"type":"Polygon","coordinates":[[[36.446,61.25],[36.375,61.375],[36.5,61.25],[36.446,61.25]]]},"properties":{"hvalue":1.15,"color":"#E2EBF5"}},{"type":"Feature","geometry":{"type":"Polygon","coordinates":[[[36.25,64.01],[36.263,64.0],[36.214,64.036],[36.25,64.01]]]},"properties":{"hvalue":1.15,"color":"#E2EBF5"}},{"type":"Feature","geometry":{"type":"Polygon","coordinates":[[[37.388,64.25],[38.0,64.25],[38.0,64.0],[37.809,64.0],[37.388,64.25]]]},"properties":{"hvalue":1.15,"color":"#E2EBF5"}},{"type":"Feature","geometry":{"type":"Polygon","coordinates":[[[36.5,64.75],[36.523,64.727],[36.518,64.768],[36.5,64.75]]]},"properties":{"hvalue":1.15,"color":"#E2EBF5"}},{"type":"Feature","geometry":{"type":"Polygon","coordinates":[[[38.5,64.755],[38.25,64.75],[38.164,64.836],[38.25,64.829],[38.5,64.755]]]},"properties":{"hvalue":1.15,"color":"#E2EBF5"}},{"type":"Feature","geometry":{"type":"Polygon","coordinates":[[[40.084,65.0],[40.25,65.0],[40.25,64.75],[40.046,64.75],[40.084,65.0]]]},"properties":{"hvalue":1.15,"color":"#E2EBF5"}},{"type":"Feature","geometry":{"type":"Polygon","coordinates":[[[35.906,64.906],[36.036,65.0],[36.0,64.949],[35.906,64.906]]]},"properties":{"hvalue":1.15,"color":"#E2EBF5"}},{"type":"Feature","geometry":{"type":"Polygon","coordinates":[[[37.144,66.0],[39.75,66.0],[40.0,66.25],[40.233,66.25],[40.0,66.066],[39.5,65.869],[39.0,65.781],[38.0,65.808],[37.144,66.0]]]},"properties":{"hvalue":1.15,"color":"#E2EBF5"}},{"type":"Feature","geometry":{"type":"Polygon","coordinates":[[[44.153,67.0],[44.25,67.0],[44.25,66.895],[44.153,67.0]]]},"properties":{"hvalue":1.15,"color":"#E2EBF5"}},{"type":"Feature","geometry":{"type":"Polygon","coordinates":[[[47.251,67.0],[47.5,67.161],[47.737,67.5],[47.762,67.512],[47.75,67.25],[47.5,67.0],[47.251,67.0]]]},"properties":{"hvalue":1.15,"color":"#E2EBF5"}},{"type":"Feature","geometry":{"type":"Polygon","coordinates":[[[46.429,67.75],[45.923,67.25],[46.031,67.0],[45.75,67.0],[45.5,67.25],[45.25,67.25],[45.25,67.5],[45.5,67.5],[45.75,67.75],[46.25,67.75],[46.403,67.903],[46.429,67.75]]]},"properties":{"hvalue":1.15,"color":"#E2EBF5"}},{"type":"Feature","geometry":{"type":"Polygon","coordinates":[[[44.01,68.25],[44.25,68.25],[44.136,68.136],[44.01,68.25]]]},"properties":{"hvalue":1.15,"color":"#E2EBF5"}},{"type":"Feature","geometry":{"type":"Polygon","coordinates":[[[49.75,68.75],[50.089,69.089],[50.209,69.0],[50.045,68.75],[50.25,68.507],[50.734,68.484],[50.5,68.25],[50.0,68.25],[49.75,68.0],[49.192,68.0],[49.158,68.25],[48.774,68.524],[49.0,68.75],[49.75,68.75]]]},"properties":{"hvalue":1.15,"color":"#E2EBF5"}},{"type":"Feature","geometry":{"type":"Polygon","coordinates":[[[51.75,68.5],[50.856,68.5],[51.903,68.653],[51.75,68.5]]]},"properties":{"hvalue":1.15,"color":"#E2EBF5"}},{"type":"Feature","geometry":{"type":"Polygon","coordinates":[[[52.039,68.711],[52.352,68.75],[52.589,68.839],[52.5,68.75],[52.5,68.5],[52.25,68.5],[52.039,68.711]]]},"properties":{"hvalue":1.15,"color":"#E2EBF5"}},{"type":"Feature","geometry":{"type":"Polygon","coordinates":[[[53.473,69.0],[55.5,69.699],[55.789,70.0],[55.685,70.25],[54.899,70.5],[57.25,70.5],[57.405,70.655],[58.0,70.403],[58.721,70.471],[58.5,70.25],[58.5,70.0],[58.75,69.75],[59.5,69.75],[59.75,69.5],[60.25,69.5],[60.75,69.0],[60.5,68.75],[60.0,68.75],[59.75,68.5],[59.25,68.5],[59.5,68.75],[59.25,69.0],[57.75,69.0],[57.5,68.75],[55.5,68.75],[55.25,68.5],[55.0,68.5],[54.75,68.25],[54.5,68.5],[54.25,68.5],[54.0,68.25],[53.75,68.25],[54.0,68.5],[54.0,68.75],[53.75,69.0],[53.473,69.0]]]},"properties":{"hvalue":1.15,"color":"#E2EBF5"}},{"type":"Feature","geometry":{"type":"Polygon","coordinates":[[[53.75,71.0],[53.75,70.75],[53.902,70.598],[52.619,71.0],[52.75,71.0],[53.0,71.25],[53.25,71.25],[53.5,71.0],[53.75,71.0]]]},"properties":{"hvalue":1.15,"color":"#E2EBF5"}},{"type":"Feature","geometry":{"type":"Polygon","coordinates":[[[52.25,71.25],[52.4,71.1],[52.071,71.25],[52.25,71.25]]]},"properties":{"hvalue":1.15,"color":"#E2EBF5"}},{"type":"Feature","geometry":{"type":"Polygon","coordinates":[[[53.633,73.75],[53.917,73.917],[53.75,73.75],[54.0,73.5],[53.75,73.5],[53.585,73.335],[53.633,73.75]]]},"properties":{"hvalue":1.15,"color":"#E2EBF5"}},{"type":"Feature","geometry":{"type":"Polygon","coordinates":[[[57.804,73.946],[57.75,74.0],[57.944,74.0],[57.804,73.946]]]},"properties":{"hvalue":1.15,"color":"#E2EBF5"}},{"type":"Feature","geometry":{"type":"Polygon","coordinates":[[[59.25,74.5],[59.36,74.5],[59.194,74.444],[59.25,74.5]]]},"properties":{"hvalue":1.15,"color":"#E2EBF5"}},{"type":"Feature","geometry":{"type":"Polygon","coordinates":[[[55.033,74.5],[56.0,75.18],[56.946,75.446],[56.75,75.25],[56.5,75.25],[56.25,75.0],[56.25,74.75],[56.0,74.75],[55.75,74.5],[55.5,74.5],[55.25,74.25],[54.75,74.25],[54.5,74.0],[54.142,74.0],[55.033,74.5]]]},"properties":{"hvalue":1.15,"color":"#E2EBF5"}},{"type":"Feature","geometry":{"type":"Polygon","coordinates":[[[57.25,75.507],[57.5,75.597],[57.927,75.677],[57.75,75.5],[57.25,75.507]]]},"properties":{"hvalue":1.15,"color":"#E2EBF5"}},{"type":"Feature","geometry":{"type":"Polygon","coordinates":[[[82.5,75.997],[82.5,76.001],[82.504,76.0],[82.5,75.997]]]},"properties":{"hvalue":1.15,"color":"#E2EBF5"}},{"type":"Feature","geometry":{"type":"Polygon","coordinates":[[[109.25,-66.546],[109.439,-66.561],[109.25,-66.75],[109.099,-66.75],[109.25,-66.546]]]},"properties":{"hvalue":1.15,"color":"#E2EBF5"}},{"type":"Feature","geometry":{"type":"Polygon","coordinates":[[[115.279,-33.5],[115.5,-33.383],[115.5,-33.5],[115.279,-33.5]]]},"properties":{"hvalue":1.15,"color":"#E2EBF5"}},{"type":"Feature","geometry":{"type":"Polygon","coordinates":[[[115.75,-32.065],[115.75,-32.25],[115.75,-32.476],[115.662,-32.25],[115.75,-32.065]]]},"properties":{"hvalue":1.15,"color":"#E2EBF5"}},{"type":"Feature","geometry":{"type":"Polygon","coordinates":[[[114.0,-25.75],[114.0,-26.25],[113.75,-26.5],[113.5,-26.25],[113.444,-26.306],[113.207,-26.0],[113.25,-25.75],[113.124,-25.624],[113.542,-25.25],[113.559,-25.059],[113.75,-25.25],[113.75,-25.5],[114.0,-25.75]],[[113.5,-26.0],[113.75,-25.75],[113.5,-25.5],[113.25,-25.75],[113.5,-26.0]]]},"properties":{"hvalue":1.15,"color":"#E2EBF5"}},{"type":"Feature","geometry":{"type":"Polygon","coordinates":[[[113.479,-24.75],[113.5,-24.75],[113.5,-24.82],[113.479,-24.75]]]},"properties":{"hvalue":1.15,"color":"#E2EBF5"}},{"type":"Feature","geometry":{"type":"Polygon","coordinates":[[[122.0,-13.842],[122.097,-14.0],[122.0,-14.044],[121.956,-14.0],[122.0,-13.842]]]},"properties":{"hvalue":1.15,"color":"#E2EBF5"}},{"type":"Feature","geometry":{"type":"Polygon","coordinates":[[[122.25,-13.629],[122.439,-13.75],[122.25,-13.829],[122.11,-13.75],[122.25,-13.629]]]},"properties":{"hvalue":1.15,"color":"#E2EBF5"}},{"type":"Feature","geometry":{"type":"Polygon","coordinates":[[[114.633,-8.633],[114.5,-8.5],[114.712,-8.5],[114.633,-8.633]]]},"properties":{"hvalue":1.15,"color":"#E2EBF5"}},{"type":"Feature","geometry":{"type":"Polygon","coordinates":[[[106.428,-7.072],[106.411,-7.0],[106.5,-7.0],[106.428,-7.072]]]},"properties":{"hvalue":1.15,"color":"#E2EBF5"}},{"type":"Feature","geometry":{"type":"Polygon","coordinates":[[[105.75,-6.0],[105.75,-6.5],[105.5,-6.75],[105.589,-6.839],[105.25,-6.767],[105.172,-6.5],[105.306,-6.0],[105.139,-5.861],[105.25,-5.75],[105.5,-5.75],[105.75,-6.0]]]},"properties":{"hvalue":1.15,"color":"#E2EBF5"}},{"type":"Feature","geometry":{"type":"Polygon","coordinates":[[[104.75,-5.75],[104.795,-5.795],[104.72,-5.78],[104.75,-5.75]]]},"properties":{"hvalue":1.15,"color":"#E2EBF5"}},{"type":"Feature","geometry":{"type":"Polygon","coordinates":[[[100.342,-2.842],[100.18,-2.75],[100.25,-2.621],[100.328,-2.75],[100.342,-2.842]]]},"properties":{"hvalue":1.15,"color":"#E2EBF5"}},{"type":"Feature","geometry":{"type":"Polygon","coordinates":[[[100.0,-2.43],[100.1,-2.5],[100.0,-2.549],[100.0,-2.43]]]},"properties":{"hvalue":1.15,"color":"#E2EBF5"}},{"type":"Feature","geometry":{"type":"Polygon","coordinates":[[[105.5,-2.25],[105.75,-2.25],[105.75,-2.5],[105.5,-2.25]]]},"properties":{"hvalue":1.15,"color":"#E2EBF5"}},{"type":"Feature","geometry":{"type":"Polygon","coordinates":[[[99.75,-2.037],[99.865,-2.25],[99.75,-2.308],[99.693,-2.25],[99.75,-2.037]]]},"properties":{"hvalue":1.15,"color":"#E2EBF5"}},{"type":"Feature","geometry":{"type":"Polygon","coordinates":[[[105.0,-2.25],[105.0,-2.0],[105.25,-2.25],[105.0,-2.25]]]},"properties":{"hvalue":1.15,"color":"#E2EBF5"}},{"type":"Feature","geometry":{"type":"Polygon","coordinates":[[[99.25,-1.5],[99.25,-1.301],[99.309,-1.559],[99.25,-1.5]]]},"properties":{"hvalue":1.15,"color":"#E2EBF5"}},{"type":"Feature","geometry":{"type":"Polygon","coordinates":[[[99.225,-1.225],[98.72,-0.78],[98.75,-0.632],[99.0,-0.528],[99.138,-0.75],[99.225,-1.225]]]},"properties":{"hvalue":1.15,"color":"#E2EBF5"}},{"type":"Feature","geometry":{"type":"Polygon","coordinates":[[[98.685,-0.315],[98.671,-0.5],[98.5,-0.573],[98.43,-0.43],[98.5,-0.5],[98.685,-0.315]]]},"properties":{"hvalue":1.15,"color":"#E2EBF5"}},{"type":"Feature","geometry":{"type":"Polygon","coordinates":[[[99.622,-0.25],[99.5,0.0],[99.948,-0.448],[99.622,-0.25]]]},"properties":{"hvalue":1.15,"color":"#E2EBF5"}},{"type":"Feature","geometry":{"type":"Polygon","coordinates":[[[98.034,1.0],[97.5,1.5],[97.262,1.262],[97.124,1.5],[97.177,2.073],[97.25,2.0],[97.5,2.25],[97.25,2.5],[97.131,2.381],[97.133,2.75],[97.0,3.238],[96.75,3.183],[96.65,2.5],[96.5,2.401],[96.408,2.408],[96.5,2.5],[96.0,3.0],[95.731,2.75],[95.677,3.0],[95.748,4.252],[96.0,4.0],[96.25,4.0],[96.25,3.75],[96.5,3.5],[97.0,3.5],[97.0,3.25],[97.5,2.75],[97.5,2.5],[98.0,2.0],[98.25,2.0],[98.5,1.75],[98.5,1.5],[98.75,1.25],[98.75,1.0],[99.0,0.75],[99.0,0.25],[99.157,0.093],[98.75,-0.033],[98.722,-0.222],[98.5,0.0],[98.369,-0.131],[98.25,-0.083],[98.183,0.0],[98.369,0.75],[98.366,1.0],[98.25,1.277],[98.034,1.0]]]},"properties":{"hvalue":1.15,"color":"#E2EBF5"}},{"type":"Feature","geometry":{"type":"Polygon","coordinates":[[[93.5,8.25],[93.36,8.11],[93.25,8.143],[93.167,8.25],[93.18,8.5],[93.5,9.107],[93.75,9.187],[94.0,8.936],[94.187,8.25],[94.189,7.25],[94.0,6.932],[93.75,7.25],[93.593,7.093],[93.64,7.89],[93.75,8.0],[93.5,8.25]]]},"properties":{"hvalue":1.15,"color":"#E2EBF5"}},{"type":"Feature","geometry":{"type":"Polygon","coordinates":[[[92.75,9.275],[92.792,9.25],[92.75,9.235],[92.75,9.275]]]},"properties":{"hvalue":1.15,"color":"#E2EBF5"}},{"type":"Feature","geometry":{"type":"Polygon","coordinates":[[[92.802,10.75],[92.713,10.713],[92.75,10.75],[92.5,11.025],[92.75,10.877],[92.802,10.75]]]},"properties":{"hvalue":1.15,"color":"#E2EBF5"}},{"type":"Feature","geometry":{"type":"Polygon","coordinates":[[[114.25,10.996],[114.25,11.004],[114.279,11.0],[114.25,10.996]]]},"properties":{"hvalue":1.15,"color":"#E2EBF5"}},{"type":"Feature","geometry":{"type":"Polygon","coordinates":[[[98.5,11.25],[98.5,11.5],[98.75,11.25],[98.5,11.25]]]},"properties":{"hvalue":1.15,"color":"#E2EBF5"}},{"type":"Feature","geometry":{"type":"Polygon","coordinates":[[[116.916,11.75],[116.75,11.611],[116.484,11.75],[116.75,11.794],[116.916,11.75]]]},"properties":{"hvalue":1.15,"color":"#E2EBF5"}},{"type":"Feature","geometry":{"type":"Polygon","coordinates":[[[109.25,11.75],[109.485,11.985],[109.25,11.605],[109.25,11.75]]]},"properties":{"hvalue":1.15,"color":"#E2EBF5"}},{"type":"Feature","geometry":{"type":"Polygon","coordinates":[[[125.642,12.108],[125.25,12.5],[125.081,12.669],[125.398,12.5],[125.642,12.108]]]},"properties":{"hvalue":1.15,"color":"#E2EBF5"}},{"type":"Feature","geometry":{"type":"Polygon","coordinates":[[[93.0,12.75],[92.75,13.0],[92.601,12.851],[92.6,13.0],[92.75,13.366],[92.75,13.25],[93.0,13.0],[93.25,13.25],[93.25,13.5],[93.0,13.75],[92.788,13.538],[93.171,14.25],[93.5,14.433],[93.75,14.451],[94.0,14.432],[94.5,14.204],[94.654,14.0],[94.442,12.75],[94.25,12.587],[94.0,12.188],[93.75,12.338],[93.202,11.5],[92.75,11.258],[92.5,11.487],[92.522,11.728],[92.75,11.5],[93.25,12.0],[93.0,12.25],[93.0,12.75]]]},"properties":{"hvalue":1.15,"color":"#E2EBF5"}},{"type":"Feature","geometry":{"type":"Polygon","coordinates":[[[121.25,13.5],[120.75,13.5],[120.5,13.253],[120.296,13.5],[120.5,13.75],[120.288,13.962],[120.5,14.001],[120.75,13.75],[121.0,13.75],[121.25,13.5]]]},"properties":{"hvalue":1.15,"color":"#E2EBF5"}},{"type":"Feature","geometry":{"type":"Polygon","coordinates":[[[124.114,14.114],[124.0,14.0],[124.0,13.75],[123.75,14.0],[123.5,14.0],[123.25,13.75],[123.25,14.0],[122.819,14.431],[123.0,14.451],[123.25,14.275],[123.75,14.129],[124.114,14.114]]]},"properties":{"hvalue":1.15,"color":"#E2EBF5"}},{"type":"Feature","geometry":{"type":"Polygon","coordinates":[[[120.75,14.5],[120.75,14.75],[121.0,14.5],[120.75,14.5]]]},"properties":{"hvalue":1.15,"color":"#E2EBF5"}},{"type":"Feature","geometry":{"type":"Polygon","coordinates":[[[120.239,14.75],[120.25,14.75],[120.25,14.738],[120.239,14.75]]]},"properties":{"hvalue":1.15,"color":"#E2EBF5"}},{"type":"Feature","geometry":{"type":"Polygon","coordinates":[[[117.75,15.267],[117.789,15.25],[117.75,15.234],[117.75,15.267]]]},"properties":{"hvalue":1.15,"color":"#E2EBF5"}},{"type":"Feature","geometry":{"type":"Polygon","coordinates":[[[94.25,16.997],[94.25,16.75],[94.146,16.646],[94.134,16.75],[94.25,16.997]]]},"properties":{"hvalue":1.15,"color":"#E2EBF5"}},{"type":"Feature","geometry":{"type":"Polygon","coordinates":[[[120.114,17.75],[120.5,18.349],[120.5,18.0],[120.25,17.75],[120.25,16.25],[120.0,16.25],[119.778,16.028],[119.757,16.25],[120.009,16.75],[120.043,17.5],[120.114,17.75]]]},"properties":{"hvalue":1.15,"color":"#E2EBF5"}},{"type":"Feature","geometry":{"type":"Polygon","coordinates":[[[84.0,18.25],[84.155,18.25],[83.81,18.06],[84.0,18.25]]]},"properties":{"hvalue":1.15,"color":"#E2EBF5"}},{"type":"Feature","geometry":{"type":"Polygon","coordinates":[[[109.25,14.25],[109.25,14.75],[109.0,15.0],[109.0,15.25],[108.5,15.75],[108.5,16.0],[108.0,16.5],[107.75,16.5],[106.5,17.75],[106.5,18.0],[106.0,18.5],[106.0,18.75],[105.75,19.0],[106.0,19.25],[106.0,19.75],[106.75,20.5],[107.0,20.5],[107.25,20.75],[107.5,20.75],[107.75,21.0],[107.75,21.25],[108.0,21.5],[109.0,21.5],[109.25,21.25],[109.5,21.25],[109.75,21.5],[109.75,21.25],[109.5,21.0],[109.75,20.75],[109.75,20.5],[110.0,20.25],[110.0,20.0],[109.25,20.0],[108.5,19.25],[108.5,18.5],[108.75,18.25],[109.25,18.25],[109.5,18.0],[109.75,18.25],[110.0,18.25],[110.75,19.0],[110.75,19.25],[111.25,19.75],[110.75,20.25],[110.5,20.25],[110.75,20.5],[110.25,21.0],[110.5,21.0],[110.75,21.25],[111.25,21.25],[111.5,21.5],[111.75,21.5],[112.0,21.75],[112.25,21.5],[112.5,21.75],[113.0,21.75],[113.25,22.0],[113.5,22.0],[113.75,22.25],[114.0,22.0],[114.25,22.0],[114.5,22.25],[114.5,22.5],[114.75,22.75],[115.0,22.5],[115.25,22.75],[115.5,22.5],[115.75,22.75],[116.5,22.75],[116.75,23.0],[116.75,23.25],[117.0,23.5],[117.5,23.5],[118.25,24.25],[118.25,24.5],[118.5,24.5],[118.75,24.75],[119.0,24.75],[119.5,25.25],[119.75,25.25],[119.822,25.322],[119.245,24.5],[118.931,23.75],[119.0,23.671],[119.25,23.712],[119.5,23.934],[120.25,24.195],[120.5,24.428],[120.5,24.25],[120.0,23.75],[120.0,22.75],[120.5,22.25],[120.5,22.0],[120.685,21.815],[120.5,21.721],[119.75,21.74],[119.27,21.5],[119.131,21.0],[119.113,20.25],[118.956,19.75],[119.129,19.25],[119.132,19.0],[119.0,18.78],[118.25,18.464],[117.992,18.0],[117.735,17.75],[116.75,17.214],[116.25,16.826],[115.75,16.22],[115.5,16.044],[114.25,15.436],[114.0,15.545],[113.75,15.371],[113.25,15.322],[112.446,15.0],[112.295,14.75],[112.224,13.75],[112.086,13.25],[111.75,12.767],[111.5,12.624],[111.25,12.623],[110.75,12.882],[110.5,12.903],[109.75,12.488],[109.5,12.037],[109.5,13.5],[109.25,13.75],[109.5,14.0],[109.25,14.25]]]},"properties":{"hvalue":1.15,"color":"#E2EBF5"}},{"type":"Feature","geometry":{"type":"Polygon","coordinates":[[[121.89,18.5],[121.5,18.5],[121.25,18.75],[120.845,18.75],[121.25,18.979],[121.75,18.83],[121.89,18.5]]]},"properties":{"hvalue":1.15,"color":"#E2EBF5"}},{"type":"Feature","geometry":{"type":"Polygon","coordinates":[[[121.5,19.349],[121.613,19.25],[121.5,19.101],[121.379,19.25],[121.5,19.349]]]},"properties":{"hvalue":1.15,"color":"#E2EBF5"}},{"type":"Feature","geometry":{"type":"Polygon","coordinates":[[[93.25,18.877],[92.75,19.271],[92.0,18.584],[91.75,18.454],[91.653,18.5],[91.5,18.594],[91.25,18.945],[91.0,19.45],[90.879,20.0],[90.274,20.75],[90.258,21.0],[90.217,20.75],[89.75,20.393],[89.5,20.356],[89.429,20.5],[89.499,21.0],[89.421,21.25],[89.25,21.264],[87.938,21.0],[87.0,20.102],[85.75,19.401],[85.25,19.311],[84.5,18.609],[84.5,18.75],[85.25,19.5],[85.75,19.5],[86.0,19.75],[86.25,19.75],[87.0,20.5],[87.0,21.25],[87.25,21.5],[87.75,21.5],[88.0,21.75],[88.25,21.5],[89.25,21.5],[89.5,21.75],[90.5,21.75],[91.0,22.25],[91.0,22.5],[91.25,22.5],[91.5,22.25],[91.75,22.25],[91.75,21.5],[92.0,21.25],[92.0,21.0],[93.0,20.0],[93.25,20.0],[93.25,19.75],[93.5,19.5],[93.75,19.5],[93.5,19.25],[93.5,19.0],[93.75,18.75],[94.0,19.0],[94.0,18.75],[94.25,18.5],[94.25,18.25],[94.5,18.0],[94.25,17.75],[94.5,17.5],[94.262,17.262],[93.72,17.75],[93.55,18.5],[93.25,18.877]]]},"properties":{"hvalue":1.15,"color":"#E2EBF5"}},{"type":"Feature","geometry":{"type":"Polygon","coordinates":[[[121.193,22.693],[121.16,22.5],[121.0,22.23],[121.0,22.5],[121.193,22.693]]]},"properties":{"hvalue":1.15,"color":"#E2EBF5"}},{"type":"Feature","geometry":{"type":"Polygon","coordinates":[[[124.0,24.25],[124.072,24.25],[123.838,24.088],[124.0,24.25]]]},"properties":{"hvalue":1.15,"color":"#E2EBF5"}},{"type":"Feature","geometry":{"type":"Polygon","coordinates":[[[125.245,24.75],[125.256,24.75],[125.25,24.741],[125.245,24.75]]]},"properties":{"hvalue":1.15,"color":"#E2EBF5"}},{"type":"Feature","geometry":{"type":"Polygon","coordinates":[[[120.89,24.89],[120.988,25.0],[121.009,25.009],[121.0,25.0],[120.89,24.89]]]},"properties":{"hvalue":1.15,"color":"#E2EBF5"}},{"type":"Feature","geometry":{"type":"Polygon","coordinates":[[[121.0,30.5],[121.25,30.5],[121.0,30.25],[120.75,30.25],[121.0,30.5]]]},"properties":{"hvalue":1.15,"color":"#E2EBF5"}},{"type":"Feature","geometry":{"type":"Polygon","coordinates":[[[120.0,31.25],[120.25,31.25],[120.25,31.0],[120.0,31.25]]]},"properties":{"hvalue":1.15,"color":"#E2EBF5"}},{"type":"Feature","geometry":{"type":"Polygon","coordinates":[[[120.75,27.75],[121.0,27.75],[121.75,28.5],[121.75,29.0],[122.0,29.25],[122.0,29.75],[121.25,30.5],[121.5,30.75],[121.75,30.75],[122.0,31.0],[122.0,32.0],[121.75,32.25],[121.5,32.25],[121.0,32.75],[121.0,33.0],[120.5,33.5],[120.5,34.25],[120.25,34.5],[119.75,34.5],[119.5,34.75],[119.25,34.75],[119.25,35.0],[120.25,36.0],[120.5,36.0],[121.0,36.5],[121.25,36.5],[121.5,36.75],[122.25,36.75],[122.75,37.25],[122.5,37.5],[121.5,37.5],[121.25,37.75],[121.0,37.75],[120.75,38.0],[120.25,37.5],[120.0,37.5],[119.75,37.25],[119.0,37.25],[119.0,37.75],[118.5,38.25],[118.0,38.25],[117.75,38.5],[117.75,39.0],[118.669,39.0],[118.558,38.75],[119.0,38.502],[120.5,38.408],[120.878,38.5],[121.061,38.689],[121.25,38.5],[121.75,39.0],[122.0,39.0],[122.25,39.25],[122.5,39.25],[122.75,39.5],[123.0,39.5],[123.25,39.75],[124.5,39.75],[124.75,39.5],[125.25,39.5],[125.25,39.25],[125.0,39.0],[125.0,38.75],[124.75,38.5],[124.75,38.25],[125.25,37.75],[126.0,37.75],[126.25,37.5],[126.5,37.5],[126.5,37.0],[126.25,37.0],[126.0,36.75],[126.5,36.25],[126.5,35.5],[126.25,35.25],[126.25,34.75],[126.0,34.5],[126.25,34.25],[127.25,34.25],[127.5,34.5],[127.5,34.75],[127.75,34.5],[127.942,34.5],[127.25,34.044],[126.75,33.856],[125.961,33.75],[126.422,33.672],[126.25,33.5],[126.25,33.25],[126.377,33.123],[126.25,33.105],[125.453,33.25],[125.593,33.75],[125.25,33.807],[125.0,33.954],[124.5,34.615],[123.5,34.845],[122.5,34.212],[122.303,34.0],[122.279,33.75],[121.992,33.5],[122.064,33.0],[121.911,32.5],[122.156,32.0],[122.379,31.0],[122.5,30.858],[122.793,30.75],[122.549,30.5],[122.5,30.169],[122.25,30.5],[122.0,30.25],[122.0,30.0],[122.25,29.75],[122.439,29.939],[122.406,29.75],[121.991,29.0],[121.859,28.5],[121.745,28.25],[121.267,27.75],[121.164,27.5],[120.0,25.939],[119.889,25.611],[119.75,25.75],[119.75,26.25],[120.75,27.25],[120.75,27.75]]]},"properties":{"hvalue":1.15,"color":"#E2EBF5"}},{"type":"Feature","geometry":{"type":"Polygon","coordinates":[[[121.416,39.25],[121.411,39.339],[121.5,39.25],[121.416,39.25]]]},"properties":{"hvalue":1.15,"color":"#E2EBF5"}},{"type":"Feature","geometry":{"type":"Polygon","coordinates":[[[119.25,39.366],[119.25,39.5],[119.481,39.731],[119.372,39.5],[119.25,39.366]]]},"properties":{"hvalue":1.15,"color":"#E2EBF5"}},{"type":"Feature","geometry":{"type":"Polygon","coordinates":[[[119.75,40.0],[119.887,40.0],[119.522,39.772],[119.75,40.0]]]},"properties":{"hvalue":1.15,"color":"#E2EBF5"}},{"type":"Feature","geometry":{"type":"Polygon","coordinates":[[[121.0,40.75],[121.75,40.75],[122.0,40.5],[122.25,40.5],[121.968,40.218],[121.75,40.483],[121.25,40.646],[121.0,40.651],[120.75,40.418],[121.0,40.75]]]},"properties":{"hvalue":1.15,"color":"#E2EBF5"}},{"type":"Feature","geometry":{"type":"Polygon","coordinates":[[[106.25,73.25],[106.5,73.25],[106.25,73.0],[106.0,73.0],[106.25,73.25]]]},"properties":{"hvalue":1.15,"color":"#E2EBF5"}},{"type":"Feature","geometry":{"type":"Polygon","coordinates":[[[108.0,73.5],[108.5,73.5],[108.25,73.25],[108.0,73.5]]]},"properties":{"hvalue":1.15,"color":"#E2EBF5"}},{"type":"Feature","geometry":{"type":"Polygon","coordinates":[[[107.25,73.5],[107.5,73.5],[108.0,73.5],[107.75,73.25],[107.0,73.25],[107.25,73.5]]]},"properties":{"hvalue":1.15,"color":"#E2EBF5"}},{"type":"Feature","geometry":{"type":"Polygon","coordinates":[[[109.75,73.5],[109.0,73.5],[108.5,73.5],[109.0,74.0],[109.75,74.0],[109.5,73.75],[109.75,73.5]]]},"properties":{"hvalue":1.15,"color":"#E2EBF5"}},{"type":"Feature","geometry":{"type":"Polygon","coordinates":[[[112.75,73.75],[111.75,73.75],[111.75,74.0],[113.0,74.0],[112.75,73.75]]]},"properties":{"hvalue":1.15,"color":"#E2EBF5"}},{"type":"Feature","geometry":{"type":"Polygon","coordinates":[[[111.25,74.25],[111.0,74.0],[110.75,74.0],[110.5,73.75],[110.5,74.0],[110.25,74.25],[110.5,74.25],[110.75,74.5],[111.75,74.5],[111.5,74.25],[111.25,74.25]]]},"properties":{"hvalue":1.15,"color":"#E2EBF5"}},{"type":"Feature","geometry":{"type":"Polygon","coordinates":[[[147.0,-43.5],[147.002,-43.502],[146.998,-43.502],[147.0,-43.5]]]},"properties":{"hvalue":1.15,"color":"#E2EBF5"}},{"type":"Feature","geometry":{"type":"Polygon","coordinates":[[[147.986,-43.0],[147.332,-43.332],[147.25,-43.25],[147.5,-43.0],[147.75,-43.0],[148.197,-42.553],[147.986,-43.0]]]},"properties":{"hvalue":1.15,"color":"#E2EBF5"}},{"type":"Feature","geometry":{"type":"Polygon","coordinates":[[[148.437,-41.813],[148.361,-42.25],[148.25,-42.457],[148.25,-42.0],[148.437,-41.813]]]},"properties":{"hvalue":1.15,"color":"#E2EBF5"}},{"type":"Feature","geometry":{"type":"Polygon","coordinates":[[[148.321,-40.679],[148.345,-40.845],[148.25,-40.75],[148.321,-40.679]]]},"properties":{"hvalue":1.15,"color":"#E2EBF5"}},{"type":"Feature","geometry":{"type":"Polygon","coordinates":[[[145.75,-40.75],[145.0,-40.75],[144.785,-40.535],[145.0,-40.375],[145.25,-40.36],[146.25,-40.531],[146.75,-40.537],[147.5,-40.159],[147.773,-39.75],[148.0,-39.605],[148.261,-39.75],[148.39,-40.0],[148.422,-40.422],[148.25,-40.25],[148.0,-40.5],[148.25,-40.75],[147.0,-40.75],[146.75,-41.0],[146.0,-41.0],[145.75,-40.75]]]},"properties":{"hvalue":1.15,"color":"#E2EBF5"}},{"type":"Feature","geometry":{"type":"Polygon","coordinates":[[[144.32,-39.75],[144.25,-39.815],[144.207,-39.707],[144.25,-39.693],[144.32,-39.75]]]},"properties":{"hvalue":1.15,"color":"#E2EBF5"}},{"type":"Feature","geometry":{"type":"Polygon","coordinates":[[[147.75,-38.0],[147.963,-38.0],[147.25,-38.638],[146.698,-39.0],[146.5,-39.082],[146.123,-38.877],[146.25,-38.75],[147.0,-38.75],[147.75,-38.0]]]},"properties":{"hvalue":1.15,"color":"#E2EBF5"}},{"type":"Feature","geometry":{"type":"Polygon","coordinates":[[[144.75,-38.0],[145.0,-38.0],[145.0,-38.25],[144.882,-38.368],[144.629,-38.371],[144.75,-38.25],[144.75,-38.0]]]},"properties":{"hvalue":1.15,"color":"#E2EBF5"}},{"type":"Feature","geometry":{"type":"Polygon","coordinates":[[[150.0,-36.75],[150.01,-37.0],[150.007,-37.007],[150.0,-36.75]]]},"properties":{"hvalue":1.15,"color":"#E2EBF5"}},{"type":"Feature","geometry":{"type":"Polygon","coordinates":[[[139.474,-36.0],[139.5,-36.0],[139.5,-36.025],[139.474,-36.0]]]},"properties":{"hvalue":1.15,"color":"#E2EBF5"}},{"type":"Feature","geometry":{"type":"Polygon","coordinates":[[[137.75,-35.92],[137.75,-35.75],[137.901,-35.901],[137.75,-35.92]]]},"properties":{"hvalue":1.15,"color":"#E2EBF5"}},{"type":"Feature","geometry":{"type":"Polygon","coordinates":[[[138.75,-35.511],[138.75,-35.5],[138.762,-35.512],[138.75,-35.511]]]},"properties":{"hvalue":1.15,"color":"#E2EBF5"}},{"type":"Feature","geometry":{"type":"Polygon","coordinates":[[[137.75,-35.25],[138.0,-35.0],[138.0,-34.5],[138.5,-35.0],[138.25,-35.25],[138.25,-35.5],[138.407,-35.657],[138.176,-35.676],[138.0,-35.5],[137.75,-35.75],[137.5,-35.5],[137.139,-35.5],[137.0,-35.42],[136.814,-35.064],[137.0,-35.25],[137.75,-35.25]]]},"properties":{"hvalue":1.15,"color":"#E2EBF5"}},{"type":"Feature","geometry":{"type":"Polygon","coordinates":[[[135.25,-34.63],[135.119,-34.5],[135.25,-34.304],[135.25,-34.5],[135.383,-34.633],[135.25,-34.63]]]},"properties":{"hvalue":1.15,"color":"#E2EBF5"}},{"type":"Feature","geometry":{"type":"Polygon","coordinates":[[[137.5,-33.25],[137.75,-33.0],[137.75,-33.75],[137.25,-34.25],[137.25,-34.75],[137.0,-34.75],[136.857,-34.893],[136.75,-34.819],[136.5,-34.833],[136.217,-34.967],[136.0,-34.75],[136.25,-34.5],[136.25,-34.25],[136.5,-34.25],[137.0,-33.75],[137.25,-33.75],[137.5,-33.5],[137.5,-33.25]]]},"properties":{"hvalue":1.15,"color":"#E2EBF5"}},{"type":"Feature","geometry":{"type":"Polygon","coordinates":[[[133.863,-32.5],[134.0,-32.5],[134.0,-32.63],[133.863,-32.5]]]},"properties":{"hvalue":1.15,"color":"#E2EBF5"}},{"type":"Feature","geometry":{"type":"Polygon","coordinates":[[[133.5,-32.25],[133.575,-32.325],[133.356,-32.25],[133.5,-32.25]]]},"properties":{"hvalue":1.15,"color":"#E2EBF5"}},{"type":"Feature","geometry":{"type":"Polygon","coordinates":[[[148.25,-17.496],[148.25,-17.504],[148.242,-17.5],[148.25,-17.496]]]},"properties":{"hvalue":1.15,"color":"#E2EBF5"}},{"type":"Feature","geometry":{"type":"Polygon","coordinates":[[[150.25,-6.25],[150.957,-6.25],[151.084,-6.5],[151.402,-8.5],[151.246,-9.0],[151.383,-9.883],[151.25,-9.75],[151.0,-9.75],[150.75,-10.0],[151.0,-10.25],[151.25,-10.25],[151.407,-10.093],[151.5,-10.205],[152.0,-9.931],[152.25,-10.048],[152.362,-10.25],[153.0,-10.582],[153.5,-11.062],[154.0,-11.099],[154.167,-11.25],[153.75,-11.527],[153.5,-11.25],[153.25,-11.5],[153.323,-11.573],[153.25,-11.575],[152.5,-11.223],[151.5,-11.173],[150.5,-10.983],[149.5,-10.914],[149.242,-11.0],[149.082,-11.25],[149.118,-11.5],[149.282,-11.75],[149.122,-12.25],[148.886,-12.5],[147.688,-13.25],[147.5,-13.548],[146.778,-14.25],[146.645,-14.5],[146.25,-14.838],[146.014,-15.25],[146.272,-16.25],[146.484,-16.5],[146.525,-16.75],[146.786,-17.25],[147.0,-17.499],[147.382,-17.75],[147.466,-18.25],[147.914,-18.75],[148.271,-19.0],[148.5,-19.309],[149.0,-19.177],[149.5,-19.452],[149.75,-19.391],[150.25,-19.814],[150.75,-20.014],[151.0,-20.252],[151.25,-20.285],[151.616,-20.25],[151.75,-19.915],[151.99,-19.75],[152.75,-19.655],[154.5,-19.07],[155.25,-18.74],[155.75,-18.696],[156.5,-18.97],[157.0,-19.033],[158.0,-18.82],[159.0,-18.774],[159.25,-19.117],[159.78,-19.0],[160.0,-18.817],[160.25,-19.428],[160.5,-19.441],[160.75,-19.769],[161.25,-19.823],[161.5,-20.014],[161.56,-20.25],[162.0,-20.719],[162.3,-20.5],[162.467,-20.75],[162.5,-21.212],[163.25,-21.439],[163.446,-21.75],[163.43,-22.5],[162.853,-23.5],[162.5,-24.296],[162.0,-24.469],[161.0,-24.58],[160.0,-24.583],[154.75,-23.642],[153.0,-23.551],[152.219,-23.75],[152.275,-24.0],[153.25,-24.553],[153.38,-24.75],[153.385,-24.885],[153.25,-24.75],[153.0,-25.0],[152.75,-25.0],[151.75,-24.0],[151.5,-24.0],[151.5,-23.75],[151.25,-23.5],[151.0,-23.5],[151.0,-22.75],[150.75,-22.5],[150.5,-22.5],[150.0,-22.0],[149.75,-22.25],[149.75,-22.0],[149.5,-21.75],[149.5,-21.5],[149.25,-21.25],[149.25,-21.0],[149.0,-20.75],[149.0,-20.5],[149.25,-20.25],[149.0,-20.0],[148.25,-20.0],[148.0,-19.75],[147.75,-19.75],[147.75,-19.5],[147.5,-19.25],[147.0,-19.25],[146.75,-19.0],[146.5,-19.0],[146.5,-18.5],[146.25,-18.25],[146.25,-17.5],[146.0,-17.25],[146.0,-17.0],[145.5,-16.5],[145.5,-15.0],[145.25,-14.75],[145.0,-14.75],[144.75,-14.5],[144.75,-14.25],[144.5,-14.0],[144.25,-14.25],[143.75,-14.25],[143.75,-13.5],[143.5,-13.25],[143.75,-13.0],[143.5,-12.75],[143.5,-12.5],[143.25,-12.25],[143.25,-12.0],[143.0,-11.75],[143.0,-11.0],[142.5,-10.5],[142.25,-10.5],[142.0,-10.75],[142.0,-11.75],[141.5,-12.25],[141.5,-12.5],[141.75,-12.75],[141.5,-13.0],[141.5,-15.25],[141.25,-15.5],[141.25,-16.5],[140.75,-17.0],[140.75,-17.5],[140.5,-17.75],[140.25,-17.75],[140.0,-17.5],[139.5,-17.5],[139.25,-17.25],[139.25,-17.0],[139.0,-16.75],[138.5,-16.75],[138.25,-16.5],[138.0,-16.5],[137.5,-16.0],[137.25,-16.0],[137.25,-15.75],[137.0,-15.5],[136.25,-15.5],[135.5,-14.75],[136.0,-14.25],[136.0,-14.0],[136.0,-13.75],[136.0,-13.5],[136.25,-13.25],[136.5,-13.25],[136.75,-13.0],[136.75,-12.75],[137.0,-12.5],[137.0,-12.25],[136.75,-12.0],[136.5,-12.0],[136.25,-12.25],[135.75,-11.75],[135.5,-12.0],[135.0,-12.0],[134.75,-11.75],[134.5,-12.0],[134.25,-12.0],[133.75,-11.5],[133.5,-11.75],[133.0,-11.25],[132.5,-11.75],[132.5,-12.0],[132.25,-12.0],[132.0,-12.25],[131.5,-12.25],[131.25,-12.0],[131.0,-12.25],[130.75,-12.25],[130.0,-13.0],[130.0,-13.5],[129.25,-14.25],[129.25,-14.5],[129.5,-14.75],[129.5,-15.0],[129.25,-15.0],[129.0,-14.75],[128.5,-14.75],[128.25,-15.0],[128.25,-14.75],[127.25,-13.75],[127.0,-13.75],[126.75,-14.0],[126.25,-14.0],[126.0,-14.25],[126.0,-14.5],[125.75,-14.25],[125.5,-14.5],[125.25,-14.5],[125.0,-14.75],[125.25,-15.0],[124.5,-15.0],[124.25,-15.25],[124.25,-15.75],[124.5,-16.0],[124.25,-16.25],[124.0,-16.0],[123.5,-16.0],[123.25,-16.25],[123.5,-16.5],[123.5,-16.75],[123.75,-17.0],[123.5,-17.25],[123.25,-17.0],[123.25,-16.5],[123.0,-16.25],[122.0,-17.25],[122.0,-17.75],[122.25,-18.0],[121.5,-18.75],[121.5,-19.0],[120.75,-19.75],[119.75,-19.75],[119.5,-20.0],[119.25,-19.75],[118.75,-20.25],[118.0,-20.25],[117.75,-20.5],[116.75,-20.5],[116.5,-20.75],[116.25,-20.75],[115.5,-21.5],[115.0,-21.5],[114.25,-22.25],[114.25,-22.0],[114.184,-21.934],[114.232,-21.75],[115.25,-21.066],[115.458,-20.5],[115.75,-20.191],[117.75,-19.142],[119.5,-18.448],[120.687,-18.25],[121.25,-17.974],[121.526,-17.75],[121.69,-17.5],[121.675,-16.75],[121.774,-16.5],[122.758,-15.5],[123.5,-14.543],[123.613,-14.25],[123.594,-14.0],[123.25,-13.681],[123.0,-13.575],[122.5,-13.603],[122.456,-13.5],[122.691,-13.25],[122.745,-13.0],[122.691,-12.25],[122.788,-11.75],[122.886,-11.5],[123.367,-11.0],[123.327,-10.923],[123.5,-10.75],[123.25,-10.5],[123.0,-10.75],[123.235,-10.985],[122.75,-10.887],[122.597,-10.75],[123.029,-10.25],[123.25,-9.86],[123.25,-9.676],[123.0,-9.679],[122.719,-10.0],[122.5,-10.084],[122.238,-10.5],[122.0,-10.707],[121.75,-10.719],[121.515,-10.5],[122.218,-9.75],[122.33,-9.5],[122.25,-9.296],[122.0,-9.269],[121.75,-9.382],[120.983,-9.983],[120.5,-9.5],[120.25,-9.5],[120.0,-9.25],[119.108,-9.25],[119.284,-9.0],[119.25,-8.756],[118.918,-8.832],[119.25,-8.5],[119.0,-8.25],[118.25,-8.25],[118.0,-8.0],[117.5,-8.0],[117.25,-8.25],[117.0,-8.25],[116.75,-8.5],[116.75,-8.25],[116.5,-8.0],[115.945,-8.555],[115.75,-8.516],[115.75,-8.25],[115.5,-8.0],[114.5,-8.0],[114.5,-7.75],[114.25,-7.5],[113.0,-7.5],[113.0,-7.25],[114.0,-7.25],[114.25,-7.0],[114.0,-6.75],[112.0,-6.75],[111.75,-6.5],[111.25,-6.5],[111.0,-6.25],[110.75,-6.25],[110.5,-6.5],[110.5,-6.75],[108.75,-6.75],[108.75,-6.5],[108.5,-6.25],[107.5,-6.25],[107.5,-6.0],[107.25,-5.75],[107.0,-6.0],[106.25,-6.0],[106.0,-5.75],[106.0,-3.5],[106.25,-3.25],[106.25,-3.0],[106.5,-3.25],[106.75,-3.25],[107.0,-3.0],[106.25,-2.25],[106.25,-1.75],[106.0,-1.5],[105.5,-1.5],[105.0,-2.0],[104.5,-1.5],[104.5,-1.25],[104.0,-0.75],[103.5,-0.75],[103.75,-0.5],[103.75,-0.25],[104.0,0.0],[103.5,0.5],[103.75,0.75],[103.5,1.0],[103.25,0.75],[103.25,1.0],[103.0,1.25],[102.5,1.25],[102.5,1.5],[102.25,1.75],[102.0,1.5],[101.75,1.75],[102.0,2.0],[101.75,2.25],[101.25,2.25],[101.0,2.5],[100.75,2.25],[100.5,2.25],[100.5,2.5],[99.25,3.75],[98.75,3.75],[98.75,4.0],[98.0,4.75],[98.0,5.0],[97.75,5.25],[97.25,5.25],[97.0,5.5],[96.75,5.5],[96.5,5.25],[96.25,5.5],[96.0,5.5],[95.75,5.75],[95.25,5.75],[95.081,5.581],[94.991,5.75],[95.125,7.25],[95.25,7.83],[95.5,8.474],[96.928,9.75],[97.5,10.403],[97.696,10.75],[97.74,11.25],[97.37,11.75],[97.418,12.0],[97.298,12.25],[97.496,12.75],[97.517,13.0],[97.443,14.0],[97.0,14.795],[96.25,15.273],[95.0,15.375],[94.5,15.525],[94.25,15.704],[94.233,15.767],[94.75,15.75],[95.0,15.5],[95.25,15.75],[95.5,15.75],[95.75,16.0],[96.0,16.0],[96.25,16.25],[96.5,16.25],[97.0,16.75],[97.0,17.0],[97.25,16.75],[97.25,16.25],[97.5,16.0],[97.5,15.25],[97.75,15.0],[97.75,14.5],[98.0,14.25],[98.0,13.75],[98.25,13.5],[98.25,13.25],[98.5,13.0],[98.5,12.25],[98.25,12.0],[98.25,11.75],[98.0,11.5],[98.0,11.25],[98.25,11.0],[98.0,10.75],[98.25,10.5],[98.25,10.25],[98.0,10.0],[98.25,9.75],[98.5,10.0],[98.5,9.5],[98.25,9.25],[98.25,8.75],[98.0,8.5],[98.5,8.0],[98.75,8.0],[99.5,7.25],[99.5,7.0],[100.0,6.5],[100.0,6.25],[100.25,6.0],[100.25,5.0],[100.5,4.75],[100.5,4.0],[101.25,3.25],[101.25,2.75],[101.5,2.5],[101.75,2.5],[102.25,2.0],[102.5,2.0],[103.0,1.5],[103.25,1.5],[103.5,1.25],[104.0,1.25],[103.75,1.0],[104.25,0.5],[104.75,1.0],[104.5,1.25],[104.25,1.25],[104.5,1.5],[104.25,1.75],[104.25,2.0],[104.0,2.25],[104.0,2.5],[103.5,3.0],[103.5,5.0],[101.5,7.0],[100.75,7.0],[100.75,7.25],[100.5,7.5],[100.25,7.5],[100.5,7.75],[100.5,8.25],[100.0,8.75],[100.0,9.25],[100.25,9.5],[100.0,9.75],[99.75,9.5],[99.5,9.5],[99.25,9.25],[99.25,10.5],[99.75,11.0],[99.75,11.5],[100.0,11.75],[100.0,12.0],[100.25,12.25],[100.0,12.5],[100.0,12.75],[100.25,13.0],[100.0,13.25],[100.75,13.25],[100.75,12.75],[101.0,12.5],[102.0,12.5],[102.5,12.0],[102.75,12.0],[102.75,11.75],[103.0,11.5],[103.0,10.75],[103.25,10.5],[103.5,10.75],[103.5,10.5],[104.0,10.0],[104.25,10.25],[104.0,10.5],[104.25,10.5],[104.75,10.0],[105.0,10.0],[104.75,9.75],[104.75,8.75],[105.0,8.5],[105.75,9.25],[106.0,9.25],[106.25,9.5],[106.5,9.5],[106.75,9.75],[106.5,10.0],[106.75,10.25],[107.5,10.25],[107.75,10.5],[108.0,10.5],[108.5,11.0],[108.721,11.0],[108.496,10.75],[108.489,10.25],[108.25,10.111],[108.0,10.197],[107.725,10.0],[107.538,9.5],[107.75,9.232],[108.25,9.341],[108.75,8.868],[109.25,8.613],[109.75,8.513],[112.0,8.602],[112.75,8.843],[113.5,8.892],[113.75,9.084],[114.322,9.25],[114.672,9.5],[114.724,9.75],[114.61,10.0],[114.75,10.122],[115.0,10.109],[115.264,10.5],[115.157,10.75],[114.75,10.789],[114.539,11.0],[114.75,11.154],[115.569,11.25],[115.25,11.336],[114.75,11.322],[114.558,11.5],[114.75,11.657],[115.25,11.653],[115.75,11.756],[116.75,11.278],[117.0,11.288],[118.0,11.057],[118.75,11.084],[119.65,11.75],[119.729,12.25],[120.206,12.75],[120.507,13.243],[120.75,13.0],[120.75,12.5],[121.25,12.0],[121.5,12.25],[121.5,12.5],[121.75,12.75],[121.5,13.0],[121.5,13.25],[121.25,13.5],[121.5,13.75],[121.75,13.75],[122.0,14.0],[121.75,14.25],[121.75,14.75],[122.0,14.5],[122.25,14.75],[122.25,15.0],[122.0,15.25],[121.75,15.0],[121.5,15.25],[121.75,15.5],[121.75,16.0],[122.0,16.0],[122.5,16.5],[122.5,17.25],[122.25,17.5],[122.25,18.0],[122.365,18.115],[122.631,16.75],[122.458,15.75],[122.273,15.25],[122.474,15.0],[122.482,14.482],[122.25,14.25],[122.25,14.0],[121.75,13.5],[121.75,13.25],[122.0,13.0],[122.25,13.25],[122.5,13.0],[122.75,13.25],[122.75,13.75],[123.25,13.25],[123.25,13.0],[123.5,12.75],[123.25,12.5],[123.25,12.25],[123.75,11.75],[124.0,11.75],[124.25,12.0],[124.0,12.25],[124.0,12.5],[124.25,12.75],[124.25,13.25],[124.0,13.5],[123.75,13.5],[124.0,13.75],[124.25,13.5],[124.5,13.75],[124.5,13.899],[124.608,13.75],[124.599,13.25],[124.714,12.75],[124.5,12.75],[124.25,12.5],[124.25,12.25],[124.75,11.75],[124.75,11.5],[124.5,11.75],[124.25,11.5],[124.25,11.25],[124.0,11.5],[123.75,11.5],[123.5,11.25],[123.75,11.0],[123.75,10.75],[123.5,11.0],[123.0,11.0],[123.25,11.25],[122.75,11.75],[122.5,11.75],[122.25,12.0],[122.0,12.0],[121.75,11.75],[122.0,11.5],[122.0,11.0],[121.75,10.75],[121.75,10.5],[122.0,10.25],[122.25,10.5],[122.5,10.25],[122.75,10.5],[122.75,10.25],[122.25,9.75],[123.0,9.0],[123.25,9.0],[123.5,9.25],[123.25,9.5],[123.25,10.0],[123.5,9.75],[124.25,10.5],[124.25,11.0],[124.5,10.75],[124.75,10.75],[124.75,10.5],[124.5,10.25],[124.25,10.25],[123.75,9.75],[124.0,9.5],[124.5,9.5],[124.75,9.75],[124.75,10.0],[125.25,10.5],[125.25,11.0],[125.5,11.0],[125.75,11.25],[125.75,11.5],[125.5,11.75],[125.725,11.975],[126.25,11.149],[126.5,11.222],[126.75,11.091],[127.25,10.631],[128.0,10.457],[128.133,10.25],[128.078,9.75],[128.25,9.261],[128.5,9.408],[128.75,9.44],[129.25,9.286],[129.435,9.0],[129.588,8.5],[129.75,8.296],[130.0,8.159],[130.5,8.28],[132.25,9.129],[133.247,9.5],[134.064,10.0],[134.5,10.415],[135.25,10.918],[135.94,11.25],[138.25,11.588],[139.5,11.922],[140.5,12.306],[141.25,12.394],[141.75,12.353],[142.5,12.642],[143.25,12.593],[143.59,12.5],[143.903,12.25],[143.929,12.0],[143.798,11.5],[143.869,11.25],[144.375,10.75],[144.559,10.25],[144.783,10.0],[144.777,9.5],[144.952,9.25],[145.25,9.211],[145.5,8.718],[146.167,8.5],[146.434,8.0],[146.302,7.75],[146.5,7.476],[146.75,7.318],[147.105,7.25],[146.0,7.138],[145.933,7.0],[146.0,6.709],[146.5,6.646],[146.75,6.515],[146.774,6.25],[147.0,6.179],[147.25,6.206],[147.5,6.415],[148.0,6.472],[148.188,6.75],[148.352,7.25],[148.25,7.39],[148.0,7.196],[147.758,7.25],[147.828,7.5],[147.558,7.75],[147.75,7.974],[148.25,7.876],[148.323,8.5],[148.839,8.75],[148.681,9.75],[149.168,10.25],[149.26,10.5],[149.5,10.798],[149.75,10.935],[150.25,11.024],[150.75,10.994],[151.5,10.649],[152.25,10.479],[152.75,10.203],[153.25,10.214],[153.332,10.25],[153.36,10.5],[153.25,10.62],[153.0,10.555],[152.688,10.75],[153.25,10.839],[154.25,11.663],[154.495,11.75],[154.75,11.644],[155.25,11.653],[155.564,11.5],[156.084,11.0],[155.986,10.5],[156.427,9.75],[157.0,9.492],[157.5,9.393],[158.75,9.461],[159.073,9.25],[159.137,8.75],[159.75,8.384],[161.075,8.0],[161.153,7.75],[160.672,7.5],[160.708,7.0],[160.594,6.5],[160.75,6.474],[160.934,6.25],[160.75,6.097],[160.528,6.25],[160.5,6.411],[160.0,6.387],[159.212,6.0],[158.587,5.25],[156.75,4.229],[155.75,4.133],[155.0,4.27],[154.055,4.75],[153.862,5.0],[153.5,5.146],[153.0,5.565],[152.5,5.677],[152.25,5.678],[152.078,5.5],[151.707,4.75],[151.5,4.629],[151.25,4.636],[150.75,4.821],[150.5,4.788],[150.393,4.75],[150.25,4.496],[149.75,4.456],[149.441,4.25],[149.5,3.935],[150.0,3.578],[150.5,3.51],[151.0,3.109],[151.5,3.03],[151.921,2.75],[152.127,2.5],[152.207,2.25],[152.097,2.0],[151.798,1.75],[151.642,1.5],[151.75,1.29],[152.03,1.25],[152.043,0.75],[151.332,0.25],[151.25,-0.023],[151.75,-0.189],[152.0,-0.126],[152.5,0.261],[152.75,0.279],[154.26,-0.75],[154.5,-1.028],[155.028,-1.25],[155.0,-1.618],[154.75,-2.08],[154.25,-2.357],[153.67,-3.0],[153.549,-3.75],[153.242,-4.242],[152.0,-3.0],[151.75,-3.0],[151.5,-2.75],[151.25,-3.0],[151.75,-3.5],[152.0,-3.5],[152.5,-4.0],[152.48,-4.48],[152.25,-4.25],[152.0,-4.25],[151.75,-4.0],[151.5,-4.25],[151.5,-4.75],[151.25,-4.75],[151.0,-5.0],[151.0,-5.25],[150.5,-5.25],[150.25,-5.5],[150.25,-5.25],[150.0,-5.0],[149.5,-5.5],[149.25,-5.5],[149.0,-5.25],[148.5,-5.25],[148.25,-5.5],[148.25,-5.75],[148.5,-6.0],[148.75,-6.0],[149.0,-6.25],[149.5,-6.25],[149.75,-6.5],[150.0,-6.5],[150.25,-6.25]],[[142.5,-10.25],[142.25,-10.0],[142.0,-10.25],[142.25,-10.5],[142.5,-10.25]],[[136.0,-13.75],[136.75,-14.5],[137.0,-14.25],[136.75,-14.0],[136.75,-13.75],[136.5,-13.5],[136.25,-13.5],[136.0,-13.75]],[[119.25,-8.5],[119.75,-9.0],[122.25,-9.0],[122.5,-8.75],[123.0,-8.75],[123.25,-8.5],[123.5,-8.75],[124.0,-8.25],[123.75,-8.0],[123.0,-8.0],[122.75,-8.25],[122.5,-8.25],[122.25,-8.5],[122.0,-8.25],[121.75,-8.5],[121.25,-8.5],[121.0,-8.25],[120.0,-8.25],[119.75,-8.5],[119.5,-8.25],[119.25,-8.5]],[[124.25,-8.5],[125.0,-8.5],[125.25,-8.25],[125.0,-8.0],[124.25,-8.0],[124.0,-8.25],[124.25,-8.5]],[[99.75,6.5],[99.5,6.25],[99.75,6.0],[100.0,6.25],[99.75,6.5]],[[123.0,13.25],[122.75,13.0],[123.0,12.75],[123.25,13.0],[123.0,13.25]],[[122.25,12.25],[122.25,12.5],[122.0,12.75],[121.75,12.5],[121.75,12.25],[122.0,12.0],[122.25,12.25]],[[122.5,12.25],[122.75,12.5],[122.5,12.75],[122.25,12.5],[122.5,12.25]],[[148.0,-5.5],[147.75,-5.75],[148.0,-6.0],[148.25,-5.75],[148.0,-5.5]]]},"properties":{"hvalue":1.15,"color":"#E2EBF5"}},{"type":"Feature","geometry":{"type":"Polygon","coordinates":[[[147.25,8.055],[147.401,8.0],[147.25,7.849],[147.069,8.0],[147.25,8.055]]]},"properties":{"hvalue":1.15,"color":"#E2EBF5"}},{"type":"Feature","geometry":{"type":"Polygon","coordinates":[[[146.537,8.0],[146.75,8.14],[146.919,8.0],[146.75,7.963],[146.537,8.0]]]},"properties":{"hvalue":1.15,"color":"#E2EBF5"}},{"type":"Feature","geometry":{"type":"Polygon","coordinates":[[[148.25,9.031],[148.319,9.0],[148.25,8.975],[148.25,9.031]]]},"properties":{"hvalue":1.15,"color":"#E2EBF5"}},{"type":"Feature","geometry":{"type":"Polygon","coordinates":[[[144.439,13.0],[144.518,13.482],[144.75,13.25],[145.0,13.5],[144.796,13.704],[146.468,13.5],[146.795,13.25],[146.5,12.813],[146.25,12.712],[144.5,12.901],[144.439,13.0]]]},"properties":{"hvalue":1.15,"color":"#E2EBF5"}},{"type":"Feature","geometry":{"type":"Polygon","coordinates":[[[147.355,14.25],[147.75,14.042],[148.065,13.75],[147.918,13.5],[148.227,13.25],[148.0,13.219],[147.5,13.345],[147.322,13.75],[147.325,14.0],[147.165,14.25],[147.355,14.25]]]},"properties":{"hvalue":1.15,"color":"#E2EBF5"}},{"type":"Feature","geometry":{"type":"Polygon","coordinates":[[[146.0,15.331],[146.831,15.0],[146.801,14.75],[146.5,14.647],[145.75,14.77],[145.523,15.0],[145.75,15.327],[146.0,15.331]]]},"properties":{"hvalue":1.15,"color":"#E2EBF5"}},{"type":"Feature","geometry":{"type":"Polygon","coordinates":[[[129.916,32.0],[129.477,33.023],[129.75,32.75],[130.0,32.75],[130.25,32.5],[130.5,32.75],[130.5,32.5],[130.0,32.0],[130.0,31.75],[130.25,31.5],[130.25,31.25],[130.5,31.0],[130.75,31.25],[130.845,31.155],[130.5,30.979],[130.25,30.948],[130.0,31.014],[129.795,31.25],[129.733,31.75],[129.916,32.0]]]},"properties":{"hvalue":1.15,"color":"#E2EBF5"}},{"type":"Feature","geometry":{"type":"Polygon","coordinates":[[[132.0,33.75],[132.5,34.25],[132.75,34.0],[132.25,33.5],[132.264,32.986],[132.0,32.932],[131.75,33.25],[131.75,33.5],[131.5,33.75],[131.25,33.75],[131.5,34.0],[131.75,34.0],[132.0,33.75]]]},"properties":{"hvalue":1.15,"color":"#E2EBF5"}},{"type":"Feature","geometry":{"type":"Polygon","coordinates":[[[135.0,34.0],[135.07,33.93],[134.767,34.017],[135.0,34.25],[135.0,34.0]]]},"properties":{"hvalue":1.15,"color":"#E2EBF5"}},{"type":"Feature","geometry":{"type":"Polygon","coordinates":[[[133.75,34.25],[133.5,34.0],[133.25,34.0],[133.0,34.25],[133.75,34.25]]]},"properties":{"hvalue":1.15,"color":"#E2EBF5"}},{"type":"Feature","geometry":{"type":"Polygon","coordinates":[[[134.75,34.5],[135.25,34.5],[135.0,34.25],[134.75,34.5]]]},"properties":{"hvalue":1.15,"color":"#E2EBF5"}},{"type":"Feature","geometry":{"type":"Polygon","coordinates":[[[134.5,34.75],[134.75,34.5],[134.5,34.25],[134.25,34.5],[134.5,34.75]]]},"properties":{"hvalue":1.15,"color":"#E2EBF5"}},{"type":"Feature","geometry":{"type":"Polygon","coordinates":[[[128.052,34.552],[128.5,35.0],[128.977,35.0],[128.5,34.618],[128.052,34.552]]]},"properties":{"hvalue":1.15,"color":"#E2EBF5"}},{"type":"Feature","geometry":{"type":"Polygon","coordinates":[[[136.75,34.75],[136.75,35.0],[137.0,34.75],[137.25,34.75],[137.332,34.668],[136.841,34.659],[136.75,34.75]]]},"properties":{"hvalue":1.15,"color":"#E2EBF5"}},{"type":"Feature","geometry":{"type":"Polygon","coordinates":[[[138.634,35.0],[138.75,35.0],[138.75,34.839],[138.634,35.0]]]},"properties":{"hvalue":1.15,"color":"#E2EBF5"}},{"type":"Feature","geometry":{"type":"Polygon","coordinates":[[[139.75,35.5],[140.0,35.5],[139.75,35.183],[139.596,35.346],[139.75,35.5]]]},"properties":{"hvalue":1.15,"color":"#E2EBF5"}},{"type":"Feature","geometry":{"type":"Polygon","coordinates":[[[133.482,35.732],[133.25,35.5],[132.891,35.5],[133.0,35.672],[133.482,35.732]]]},"properties":{"hvalue":1.15,"color":"#E2EBF5"}},{"type":"Feature","geometry":{"type":"Polygon","coordinates":[[[133.0,36.129],[133.25,36.0],[133.309,36.059],[133.351,36.0],[133.25,35.847],[133.0,35.784],[132.863,36.0],[133.0,36.129]]]},"properties":{"hvalue":1.15,"color":"#E2EBF5"}},{"type":"Feature","geometry":{"type":"Polygon","coordinates":[[[127.5,39.75],[128.25,39.75],[128.75,40.25],[129.0,40.25],[130.0,41.25],[129.75,41.5],[130.5,42.25],[130.75,42.25],[131.0,42.5],[131.25,42.5],[132.0,43.25],[132.5,42.75],[133.0,42.75],[133.204,42.546],[132.534,42.5],[132.0,42.318],[131.882,42.25],[131.571,41.75],[131.0,41.452],[130.792,41.25],[130.722,41.0],[130.333,40.75],[130.132,40.25],[128.96,39.25],[129.225,38.75],[128.75,38.604],[128.562,38.438],[127.75,39.25],[127.5,39.25],[127.75,39.5],[127.5,39.75]]]},"properties":{"hvalue":1.15,"color":"#E2EBF5"}},{"type":"Feature","geometry":{"type":"Polygon","coordinates":[[[141.25,41.0],[141.0,41.0],[141.25,41.25],[141.062,41.438],[141.25,41.397],[141.358,41.25],[141.359,40.891],[141.25,41.0]]]},"properties":{"hvalue":1.15,"color":"#E2EBF5"}},{"type":"Feature","geometry":{"type":"Polygon","coordinates":[[[140.867,42.383],[140.5,42.301],[140.5,42.5],[140.75,42.5],[140.867,42.383]]]},"properties":{"hvalue":1.15,"color":"#E2EBF5"}},{"type":"Feature","geometry":{"type":"Polygon","coordinates":[[[142.0,42.5],[142.104,42.396],[141.864,42.5],[142.0,42.5]]]},"properties":{"hvalue":1.15,"color":"#E2EBF5"}},{"type":"Feature","geometry":{"type":"Polygon","coordinates":[[[144.25,43.0],[144.263,42.987],[144.231,42.981],[144.25,43.0]]]},"properties":{"hvalue":1.15,"color":"#E2EBF5"}},{"type":"Feature","geometry":{"type":"Polygon","coordinates":[[[143.0,44.75],[142.75,44.75],[142.5,45.0],[142.5,45.25],[142.25,45.5],[141.75,45.5],[141.5,45.25],[141.5,44.75],[141.75,44.5],[141.5,44.25],[141.5,44.0],[141.25,43.75],[141.25,43.25],[140.75,43.25],[140.5,43.5],[140.25,43.25],[140.25,43.0],[139.75,42.5],[139.75,42.25],[140.0,42.0],[140.0,41.75],[139.75,41.5],[140.0,41.25],[140.25,41.25],[140.75,41.75],[140.855,41.5],[140.75,41.5],[139.75,40.5],[139.75,40.25],[140.0,40.0],[140.0,39.5],[139.75,39.25],[139.75,38.75],[139.25,38.25],[139.25,38.0],[139.0,38.0],[138.25,37.25],[138.0,37.25],[137.75,37.0],[137.25,37.0],[137.25,37.25],[137.0,37.5],[136.75,37.5],[136.5,37.25],[136.5,36.5],[136.25,36.5],[135.75,36.0],[136.0,35.75],[135.75,35.5],[135.5,35.5],[135.5,35.75],[135.25,36.0],[135.0,35.75],[134.25,35.75],[134.0,35.5],[133.813,35.687],[134.25,35.86],[134.5,36.137],[134.814,37.0],[134.719,37.5],[134.914,37.75],[135.5,38.072],[136.0,38.483],[136.75,38.835],[137.5,39.587],[137.75,40.273],[138.0,40.4],[139.0,40.402],[139.5,40.526],[139.831,40.75],[139.979,41.25],[139.75,41.329],[139.359,41.75],[139.41,42.0],[138.948,42.25],[138.803,42.75],[138.28,43.25],[138.13,43.75],[138.18,44.0],[138.0,44.239],[137.0,44.291],[135.766,44.016],[137.0,45.25],[137.25,45.25],[138.5,46.5],[138.5,46.75],[138.598,46.848],[138.75,46.432],[139.25,46.183],[139.5,46.147],[140.0,46.432],[140.45,47.0],[140.75,47.092],[141.5,47.014],[141.75,47.356],[141.75,47.25],[142.0,47.0],[141.75,46.75],[141.75,46.0],[142.0,45.75],[142.5,46.25],[142.5,46.5],[143.25,46.5],[143.5,46.25],[143.75,46.5],[143.25,47.0],[143.25,47.25],[143.0,47.5],[142.75,47.5],[142.75,48.5],[143.0,48.75],[143.0,49.0],[143.25,49.25],[144.0,49.25],[144.25,49.0],[144.5,49.25],[144.25,49.5],[144.25,49.75],[144.0,50.0],[144.0,50.25],[143.75,50.5],[143.75,51.0],[143.5,51.25],[143.5,51.529],[144.002,51.0],[144.314,50.0],[144.623,49.25],[144.802,49.0],[144.75,48.743],[144.25,48.906],[143.946,48.75],[144.0,48.545],[144.265,48.25],[144.087,47.0],[143.932,46.5],[143.641,46.0],[143.658,45.0],[143.75,44.843],[144.0,44.858],[144.5,45.162],[144.75,45.13],[145.25,44.777],[145.5,44.771],[145.75,44.916],[146.0,44.909],[146.111,44.75],[146.5,44.516],[146.75,44.476],[147.014,45.0],[147.102,45.5],[147.25,45.732],[147.75,45.959],[148.25,45.569],[148.5,46.046],[148.75,46.023],[149.0,45.826],[149.25,45.948],[149.75,46.637],[150.25,47.083],[150.38,47.0],[150.5,46.746],[150.75,46.878],[151.0,46.724],[151.25,46.714],[151.5,46.84],[152.25,47.479],[152.688,47.5],[152.808,47.75],[153.0,47.844],[153.136,47.75],[153.0,47.529],[152.827,47.5],[153.0,47.192],[153.75,46.86],[154.75,46.868],[155.25,46.7],[155.75,46.414],[155.89,46.25],[155.93,46.0],[155.326,45.25],[154.969,44.5],[154.25,43.835],[153.0,43.688],[151.75,43.676],[150.25,43.987],[150.0,43.896],[149.323,43.25],[149.0,43.146],[148.75,43.146],[148.593,43.25],[148.484,43.5],[147.5,43.959],[147.25,44.218],[147.0,44.211],[146.857,43.893],[146.75,44.0],[146.526,43.724],[146.25,43.654],[146.0,43.417],[145.75,43.369],[145.407,43.157],[145.5,43.25],[145.25,43.5],[145.25,43.75],[145.25,44.0],[145.0,44.25],[144.75,44.0],[144.5,44.0],[144.25,44.25],[143.75,44.25],[143.5,44.5],[143.25,44.5],[143.0,44.75]],[[145.5,43.5],[146.0,44.0],[146.25,44.0],[146.5,44.25],[146.25,44.5],[146.0,44.5],[145.25,43.75],[145.5,43.5]]]},"properties":{"hvalue":1.15,"color":"#E2EBF5"}},{"type":"Feature","geometry":{"type":"Polygon","coordinates":[[[139.346,47.5],[139.25,47.426],[139.108,47.358],[139.329,47.579],[139.346,47.5]]]},"properties":{"hvalue":1.15,"color":"#E2EBF5"}},{"type":"Feature","geometry":{"type":"Polygon","coordinates":[[[142.003,48.0],[142.038,48.212],[142.25,48.0],[141.764,47.514],[141.814,47.75],[142.003,48.0]]]},"properties":{"hvalue":1.15,"color":"#E2EBF5"}},{"type":"Feature","geometry":{"type":"Polygon","coordinates":[[[140.0,48.248],[139.994,48.244],[140.003,48.253],[140.0,48.248]]]},"properties":{"hvalue":1.15,"color":"#E2EBF5"}},{"type":"Feature","geometry":{"type":"Polygon","coordinates":[[[141.922,48.578],[142.0,48.5],[142.0,48.349],[141.93,48.5],[141.922,48.578]]]},"properties":{"hvalue":1.15,"color":"#E2EBF5"}},{"type":"Feature","geometry":{"type":"Polygon","coordinates":[[[140.25,48.75],[140.304,48.804],[140.25,48.651],[140.25,48.75]]]},"properties":{"hvalue":1.15,"color":"#E2EBF5"}},{"type":"Feature","geometry":{"type":"Polygon","coordinates":[[[141.983,49.0],[142.0,49.0],[141.972,48.972],[141.983,49.0]]]},"properties":{"hvalue":1.15,"color":"#E2EBF5"}},{"type":"Feature","geometry":{"type":"Polygon","coordinates":[[[140.5,49.75],[140.578,49.828],[140.5,49.566],[140.5,49.75]]]},"properties":{"hvalue":1.15,"color":"#E2EBF5"}},{"type":"Feature","geometry":{"type":"Polygon","coordinates":[[[140.517,50.25],[140.5,50.25],[140.5,50.275],[140.517,50.25]]]},"properties":{"hvalue":1.15,"color":"#E2EBF5"}},{"type":"Feature","geometry":{"type":"Polygon","coordinates":[[[142.0,51.343],[141.5,51.711],[141.116,51.616],[141.5,52.0],[142.0,51.5],[142.0,51.343]]]},"properties":{"hvalue":1.15,"color":"#E2EBF5"}},{"type":"Feature","geometry":{"type":"Polygon","coordinates":[[[143.0,53.75],[143.0,54.25],[142.798,54.452],[143.26,54.5],[144.405,55.75],[146.0,56.141],[146.551,56.5],[146.678,56.75],[146.71,57.0],[146.343,57.5],[146.0,57.82],[143.75,59.003],[143.0,59.028],[142.278,58.75],[142.19,58.5],[141.598,58.25],[141.241,58.0],[141.361,57.5],[139.75,56.704],[139.596,56.5],[139.728,56.0],[139.717,55.75],[140.038,55.0],[139.901,54.75],[139.941,54.5],[140.199,54.25],[140.551,54.0],[141.0,53.878],[142.0,53.835],[142.162,54.0],[142.241,54.25],[142.26,54.26],[142.5,54.0],[142.5,53.5],[142.25,53.75],[141.75,53.25],[141.75,52.5],[141.5,52.25],[141.25,52.5],[141.25,52.75],[141.0,53.0],[141.25,53.0],[141.5,53.25],[141.25,53.5],[141.0,53.5],[140.75,53.75],[140.5,53.75],[140.0,54.25],[139.0,54.25],[138.75,54.5],[138.5,54.25],[138.75,54.0],[138.5,54.0],[138.25,53.75],[137.75,53.75],[137.5,54.0],[137.75,54.25],[137.5,54.5],[137.0,54.0],[137.0,54.5],[136.75,54.75],[135.5,54.75],[135.5,55.0],[136.0,55.0],[136.5,55.5],[136.75,55.5],[137.0,55.75],[137.25,55.75],[137.5,56.0],[137.75,56.0],[138.75,57.0],[139.25,57.0],[139.5,57.25],[139.75,57.25],[140.25,57.75],[140.5,57.75],[140.75,58.0],[140.75,58.25],[141.25,58.25],[141.5,58.5],[141.75,58.5],[142.25,59.0],[142.5,59.0],[142.75,59.25],[145.75,59.25],[146.0,59.0],[146.25,59.0],[146.5,59.25],[149.25,59.25],[149.75,59.75],[150.0,59.5],[150.5,59.5],[150.75,59.25],[151.0,59.5],[151.5,59.5],[151.75,59.25],[151.25,59.25],[151.0,59.0],[151.25,58.75],[152.75,58.75],[153.0,59.0],[153.703,59.0],[153.333,58.75],[153.42,58.5],[153.337,58.25],[152.942,57.75],[152.886,57.5],[153.349,56.5],[153.365,55.75],[153.25,55.236],[153.005,54.75],[152.75,54.509],[151.375,53.75],[150.106,53.25],[148.432,52.75],[147.25,52.487],[146.25,52.542],[145.75,52.933],[144.0,52.77],[143.5,52.488],[143.271,51.979],[143.25,52.25],[143.5,52.5],[143.5,52.75],[143.25,53.0],[143.25,53.5],[143.0,53.75]]]},"properties":{"hvalue":1.15,"color":"#E2EBF5"}},{"type":"Feature","geometry":{"type":"Polygon","coordinates":[[[167.25,-77.75],[167.5,-77.75],[168.0,-77.75],[167.75,-78.0],[167.0,-78.0],[167.25,-77.75]]]},"properties":{"hvalue":1.15,"color":"#E2EBF5"}},{"type":"Feature","geometry":{"type":"Polygon","coordinates":[[[166.207,-50.75],[166.31,-50.75],[166.25,-50.788],[166.207,-50.75]]]},"properties":{"hvalue":1.15,"color":"#E2EBF5"}},{"type":"Feature","geometry":{"type":"Polygon","coordinates":[[[168.801,-46.75],[168.218,-47.032],[167.811,-46.561],[168.0,-46.5],[168.25,-46.75],[168.801,-46.75]]]},"properties":{"hvalue":1.15,"color":"#E2EBF5"}},{"type":"Feature","geometry":{"type":"Polygon","coordinates":[[[170.25,-46.106],[170.25,-46.0],[170.409,-46.0],[170.25,-46.106]]]},"properties":{"hvalue":1.15,"color":"#E2EBF5"}},{"type":"Feature","geometry":{"type":"Polygon","coordinates":[[[170.75,-45.5],[171.0,-45.25],[171.163,-45.087],[170.75,-45.677],[170.75,-45.5]]]},"properties":{"hvalue":1.15,"color":"#E2EBF5"}},{"type":"Feature","geometry":{"type":"Polygon","coordinates":[[[167.5,-44.71],[167.547,-44.703],[167.453,-44.75],[167.5,-44.71]]]},"properties":{"hvalue":1.15,"color":"#E2EBF5"}},{"type":"Feature","geometry":{"type":"Polygon","coordinates":[[[171.494,-44.5],[171.25,-44.958],[171.25,-44.5],[171.5,-44.25],[171.835,-44.25],[171.494,-44.5]]]},"properties":{"hvalue":1.15,"color":"#E2EBF5"}},{"type":"Feature","geometry":{"type":"Polygon","coordinates":[[[172.5,-43.75],[172.728,-43.978],[172.117,-44.133],[172.25,-44.0],[172.5,-43.75]]]},"properties":{"hvalue":1.15,"color":"#E2EBF5"}},{"type":"Feature","geometry":{"type":"Polygon","coordinates":[[[173.679,-42.571],[173.217,-43.717],[172.75,-43.25],[173.25,-43.25],[173.5,-43.0],[173.5,-42.75],[173.679,-42.571]]]},"properties":{"hvalue":1.15,"color":"#E2EBF5"}},{"type":"Feature","geometry":{"type":"Polygon","coordinates":[[[173.75,-42.442],[173.75,-42.25],[173.868,-42.25],[173.75,-42.442]]]},"properties":{"hvalue":1.15,"color":"#E2EBF5"}},{"type":"Feature","geometry":{"type":"Polygon","coordinates":[[[175.25,-41.5],[175.309,-41.559],[175.126,-41.5],[175.25,-41.5]]]},"properties":{"hvalue":1.15,"color":"#E2EBF5"}},{"type":"Feature","geometry":{"type":"Polygon","coordinates":[[[174.542,-41.292],[174.25,-41.572],[174.25,-41.5],[174.5,-41.25],[174.542,-41.292]]]},"properties":{"hvalue":1.15,"color":"#E2EBF5"}},{"type":"Feature","geometry":{"type":"Polygon","coordinates":[[[174.25,-40.56],[174.795,-40.25],[174.857,-40.0],[175.0,-40.0],[175.25,-40.25],[175.0,-40.5],[175.0,-40.75],[174.5,-41.25],[174.0,-40.75],[173.75,-41.0],[173.5,-41.0],[173.25,-41.25],[172.642,-40.642],[172.75,-40.55],[173.25,-40.655],[174.25,-40.56]]]},"properties":{"hvalue":1.15,"color":"#E2EBF5"}},{"type":"Feature","geometry":{"type":"Polygon","coordinates":[[[177.25,-37.944],[177.25,-38.0],[177.193,-37.943],[177.25,-37.944]]]},"properties":{"hvalue":1.15,"color":"#E2EBF5"}},{"type":"Feature","geometry":{"type":"Polygon","coordinates":[[[176.315,-37.5],[176.0,-37.5],[176.0,-37.0],[175.5,-36.5],[175.612,-36.388],[175.665,-36.5],[176.046,-36.75],[176.315,-37.5]]]},"properties":{"hvalue":1.15,"color":"#E2EBF5"}},{"type":"Feature","geometry":{"type":"Polygon","coordinates":[[[175.307,-36.193],[175.25,-36.25],[175.5,-36.5],[175.25,-36.75],[175.0,-36.75],[174.75,-36.5],[174.75,-35.758],[175.0,-36.118],[175.307,-36.193]]]},"properties":{"hvalue":1.15,"color":"#E2EBF5"}},{"type":"Feature","geometry":{"type":"Polygon","coordinates":[[[174.5,-35.5],[174.5,-35.429],[174.733,-35.733],[174.5,-35.5]]]},"properties":{"hvalue":1.15,"color":"#E2EBF5"}},{"type":"Feature","geometry":{"type":"Polygon","coordinates":[[[173.26,-34.76],[173.601,-34.899],[173.5,-35.0],[173.26,-34.76]]]},"properties":{"hvalue":1.15,"color":"#E2EBF5"}},{"type":"Feature","geometry":{"type":"Polygon","coordinates":[[[152.5,-32.25],[152.613,-32.137],[152.5,-32.358],[152.5,-32.25]]]},"properties":{"hvalue":1.15,"color":"#E2EBF5"}},{"type":"Feature","geometry":{"type":"Polygon","coordinates":[[[153.47,-27.28],[153.25,-27.5],[153.25,-26.274],[153.438,-27.0],[153.47,-27.28]]]},"properties":{"hvalue":1.15,"color":"#E2EBF5"}},{"type":"Feature","geometry":{"type":"Polygon","coordinates":[[[153.25,-25.25],[153.27,-25.23],[153.25,-25.301],[153.25,-25.25]]]},"properties":{"hvalue":1.15,"color":"#E2EBF5"}},{"type":"Feature","geometry":{"type":"Polygon","coordinates":[[[164.372,-20.872],[164.147,-20.75],[164.067,-20.567],[164.372,-20.872]]]},"properties":{"hvalue":1.15,"color":"#E2EBF5"}},{"type":"Feature","geometry":{"type":"Polygon","coordinates":[[[166.5,-22.5],[167.0,-22.5],[167.25,-22.25],[167.0,-22.0],[166.75,-22.0],[166.0,-21.25],[165.75,-21.25],[165.0,-20.5],[164.75,-20.5],[164.25,-20.0],[164.0,-20.25],[164.0,-20.48],[163.405,-19.75],[163.192,-19.0],[163.243,-18.75],[163.5,-18.47],[164.25,-18.304],[164.75,-18.286],[165.25,-18.038],[165.5,-18.03],[166.0,-18.317],[166.5,-18.936],[167.5,-19.074],[168.25,-18.994],[168.407,-18.75],[169.0,-18.56],[169.172,-18.578],[169.0,-18.75],[169.222,-18.972],[169.085,-19.0],[169.5,-19.192],[169.601,-19.5],[169.392,-19.608],[169.5,-19.5],[169.25,-19.25],[169.0,-19.5],[169.07,-19.57],[168.403,-19.75],[168.411,-20.25],[168.148,-20.75],[168.188,-21.25],[168.116,-21.366],[168.0,-21.25],[167.75,-21.5],[167.953,-21.703],[167.658,-22.0],[167.664,-22.5],[167.5,-22.648],[167.25,-22.512],[167.0,-22.817],[166.75,-22.759],[166.5,-22.661],[165.811,-22.0],[166.0,-22.0],[166.5,-22.5]]]},"properties":{"hvalue":1.15,"color":"#E2EBF5"}},{"type":"Feature","geometry":{"type":"Polygon","coordinates":[[[151.472,-19.5],[151.548,-19.5],[151.5,-19.55],[151.472,-19.5]]]},"properties":{"hvalue":1.15,"color":"#E2EBF5"}},{"type":"Feature","geometry":{"type":"Polygon","coordinates":[[[151.743,-19.25],[151.754,-19.25],[151.75,-19.278],[151.743,-19.25]]]},"properties":{"hvalue":1.15,"color":"#E2EBF5"}},{"type":"Feature","geometry":{"type":"Polygon","coordinates":[[[178.064,-18.936],[178.25,-18.683],[178.539,-18.5],[178.628,-18.75],[178.5,-18.966],[178.25,-18.75],[178.064,-18.936]]]},"properties":{"hvalue":1.15,"color":"#E2EBF5"}},{"type":"Feature","geometry":{"type":"Polygon","coordinates":[[[168.0,-16.75],[168.25,-17.0],[168.357,-16.893],[168.536,-17.0],[168.318,-17.25],[168.493,-17.493],[168.25,-17.25],[168.0,-17.5],[168.383,-17.883],[167.647,-17.75],[167.514,-17.5],[167.8,-17.0],[167.536,-16.75],[167.75,-16.75],[168.0,-16.5],[168.0,-16.75]]]},"properties":{"hvalue":1.15,"color":"#E2EBF5"}},{"type":"Feature","geometry":{"type":"Polygon","coordinates":[[[177.265,-17.735],[177.145,-17.0],[177.89,-16.0],[178.5,-15.421],[179.0,-15.095],[179.5,-15.085],[179.75,-15.192],[179.75,-16.0],[179.5,-16.25],[179.0,-16.25],[178.75,-16.5],[178.5,-16.5],[178.25,-16.75],[178.75,-17.25],[179.25,-16.75],[179.5,-17.0],[179.75,-16.75],[179.75,-17.126],[179.52,-17.5],[179.497,-17.75],[179.25,-17.981],[179.0,-17.888],[178.75,-18.17],[178.606,-18.144],[178.75,-18.0],[178.75,-17.75],[178.25,-17.25],[177.75,-17.25],[177.265,-17.735]]]},"properties":{"hvalue":1.15,"color":"#E2EBF5"}},{"type":"Feature","geometry":{"type":"Polygon","coordinates":[[[167.25,-16.5],[167.488,-16.738],[167.25,-16.675],[167.088,-16.5],[166.766,-15.75],[167.25,-15.75],[167.0,-16.0],[167.25,-16.25],[167.25,-16.5]]]},"properties":{"hvalue":1.15,"color":"#E2EBF5"}},{"type":"Feature","geometry":{"type":"Polygon","coordinates":[[[166.5,-15.321],[166.352,-14.75],[166.5,-14.548],[166.638,-14.5],[166.66,-14.25],[166.5,-14.0],[165.898,-13.5],[165.795,-13.25],[166.5,-13.05],[166.756,-13.25],[167.25,-13.37],[167.603,-13.75],[167.352,-14.0],[167.402,-14.098],[167.25,-14.25],[167.447,-14.447],[167.361,-14.5],[167.34,-14.75],[167.75,-14.857],[168.0,-14.834],[168.141,-15.0],[168.143,-15.857],[167.75,-16.25],[167.25,-15.75],[167.5,-15.5],[166.75,-14.75],[166.5,-15.0],[166.5,-15.321]]]},"properties":{"hvalue":1.15,"color":"#E2EBF5"}},{"type":"Feature","geometry":{"type":"Polygon","coordinates":[[[159.958,-12.25],[160.062,-12.25],[160.0,-12.291],[159.958,-12.25]]]},"properties":{"hvalue":1.15,"color":"#E2EBF5"}},{"type":"Feature","geometry":{"type":"Polygon","coordinates":[[[160.0,-11.192],[160.25,-11.239],[160.5,-11.52],[160.658,-11.75],[160.5,-11.909],[160.25,-11.872],[160.084,-11.75],[160.25,-11.5],[160.0,-11.25],[159.907,-11.343],[159.75,-11.351],[159.708,-11.25],[160.0,-11.192]]]},"properties":{"hvalue":1.15,"color":"#E2EBF5"}},{"type":"Feature","geometry":{"type":"Polygon","coordinates":[[[166.5,-11.139],[166.603,-11.25],[166.5,-11.358],[166.364,-11.25],[166.5,-11.139]]]},"properties":{"hvalue":1.15,"color":"#E2EBF5"}},{"type":"Feature","geometry":{"type":"Polygon","coordinates":[[[165.75,-10.75],[165.878,-10.878],[165.587,-10.75],[165.75,-10.503],[165.996,-10.504],[165.75,-10.75]]]},"properties":{"hvalue":1.15,"color":"#E2EBF5"}},{"type":"Feature","geometry":{"type":"Polygon","coordinates":[[[165.75,-10.204],[166.25,-10.066],[166.382,-10.25],[166.25,-10.404],[166.0,-10.489],[165.75,-10.468],[165.75,-10.204]]]},"properties":{"hvalue":1.15,"color":"#E2EBF5"}},{"type":"Feature","geometry":{"type":"Polygon","coordinates":[[[162.0,-10.25],[161.5,-10.25],[161.296,-10.454],[161.053,-10.25],[161.25,-9.96],[161.5,-9.825],[162.0,-10.25]]]},"properties":{"hvalue":1.15,"color":"#E2EBF5"}},{"type":"Feature","geometry":{"type":"Polygon","coordinates":[[[161.25,-9.5],[161.47,-9.72],[161.25,-9.677],[161.073,-9.5],[161.25,-9.5]]]},"properties":{"hvalue":1.15,"color":"#E2EBF5"}},{"type":"Feature","geometry":{"type":"Polygon","coordinates":[[[153.5,-9.197],[153.529,-9.25],[153.5,-9.279],[153.445,-9.25],[153.5,-9.197]]]},"properties":{"hvalue":1.15,"color":"#E2EBF5"}},{"type":"Feature","geometry":{"type":"Polygon","coordinates":[[[153.156,-9.0],[153.0,-9.107],[153.0,-9.0],[152.75,-8.75],[152.5,-9.0],[152.5,-9.205],[152.25,-9.104],[152.0,-9.418],[151.901,-9.25],[152.0,-8.93],[152.5,-8.683],[152.75,-8.656],[153.0,-8.791],[153.156,-9.0]]]},"properties":{"hvalue":1.15,"color":"#E2EBF5"}},{"type":"Feature","geometry":{"type":"Polygon","coordinates":[[[161.0,-8.75],[161.0,-8.581],[161.178,-8.928],[161.0,-8.75]]]},"properties":{"hvalue":1.15,"color":"#E2EBF5"}},{"type":"Feature","geometry":{"type":"Polygon","coordinates":[[[159.453,-9.25],[158.983,-9.0],[159.042,-8.75],[158.945,-8.5],[158.633,-8.0],[158.355,-7.75],[158.0,-7.744],[158.019,-8.0],[158.237,-8.5],[158.0,-8.716],[157.782,-8.718],[158.0,-8.5],[158.0,-8.25],[157.75,-8.0],[157.25,-8.0],[156.75,-7.5],[156.5,-7.75],[157.25,-8.5],[157.5,-8.5],[157.668,-8.668],[157.25,-8.659],[156.75,-8.071],[156.5,-8.213],[156.25,-7.586],[156.0,-7.35],[155.75,-7.253],[155.5,-7.357],[155.329,-7.25],[154.859,-6.5],[154.551,-5.75],[154.563,-5.563],[154.75,-5.75],[154.75,-6.0],[155.0,-6.25],[155.0,-6.5],[155.5,-7.0],[155.75,-7.0],[156.0,-6.75],[156.0,-6.5],[155.0,-5.5],[155.0,-5.25],[154.75,-5.0],[154.545,-5.205],[154.54,-5.0],[154.75,-4.801],[155.25,-4.709],[155.75,-4.037],[156.0,-3.935],[158.5,-3.415],[158.75,-3.435],[159.0,-3.594],[159.505,-4.5],[159.128,-4.75],[159.381,-5.25],[159.25,-5.459],[158.728,-5.5],[158.877,-5.75],[159.278,-6.0],[159.25,-6.195],[159.0,-6.18],[158.923,-6.25],[159.085,-6.5],[160.451,-7.75],[160.509,-8.0],[160.832,-8.332],[160.75,-8.25],[160.5,-8.5],[160.5,-8.708],[160.25,-8.439],[160.0,-8.474],[160.0,-8.25],[159.75,-8.0],[159.5,-8.0],[159.25,-7.75],[159.0,-7.75],[158.75,-7.5],[158.5,-7.75],[159.0,-8.25],[159.25,-8.25],[159.75,-8.75],[159.992,-8.508],[160.5,-9.138],[160.604,-9.0],[160.55,-8.8],[160.75,-9.0],[160.75,-9.139],[160.605,-9.25],[160.867,-9.5],[160.837,-9.587],[160.5,-9.25],[159.75,-9.25],[159.557,-9.443],[159.453,-9.25]]]},"properties":{"hvalue":1.15,"color":"#E2EBF5"}},{"type":"Feature","geometry":{"type":"Polygon","coordinates":[[[152.135,-5.135],[152.0,-5.0],[152.17,-5.0],[152.135,-5.135]]]},"properties":{"hvalue":1.15,"color":"#E2EBF5"}},{"type":"Feature","geometry":{"type":"Polygon","coordinates":[[[154.25,-4.354],[154.352,-4.5],[154.25,-4.588],[154.182,-4.5],[154.25,-4.354]]]},"properties":{"hvalue":1.15,"color":"#E2EBF5"}},{"type":"Feature","geometry":{"type":"Polygon","coordinates":[[[153.75,-3.928],[153.773,-4.0],[153.75,-4.02],[153.693,-4.0],[153.75,-3.928]]]},"properties":{"hvalue":1.15,"color":"#E2EBF5"}},{"type":"Feature","geometry":{"type":"Polygon","coordinates":[[[154.5,-2.842],[154.602,-3.0],[154.5,-3.055],[154.442,-3.0],[154.5,-2.842]]]},"properties":{"hvalue":1.15,"color":"#E2EBF5"}},{"type":"Feature","geometry":{"type":"Polygon","coordinates":[[[173.461,0.25],[173.548,0.25],[173.5,0.219],[173.461,0.25]]]},"properties":{"hvalue":1.15,"color":"#E2EBF5"}},{"type":"Feature","geometry":{"type":"Polygon","coordinates":[[[173.0,1.051],[173.04,1.0],[173.0,0.965],[172.961,1.0],[173.0,1.051]]]},"properties":{"hvalue":1.15,"color":"#E2EBF5"}},{"type":"Feature","geometry":{"type":"Polygon","coordinates":[[[173.25,2.04],[173.25,1.937],[173.057,2.0],[173.25,2.04]]]},"properties":{"hvalue":1.15,"color":"#E2EBF5"}},{"type":"Feature","geometry":{"type":"Polygon","coordinates":[[[172.75,3.197],[172.75,3.301],[172.87,3.25],[172.75,3.197]]]},"properties":{"hvalue":1.15,"color":"#E2EBF5"}},{"type":"Feature","geometry":{"type":"Polygon","coordinates":[[[169.34,6.25],[169.5,6.462],[169.692,6.25],[169.782,6.0],[169.5,5.922],[169.398,6.0],[169.34,6.25]]]},"properties":{"hvalue":1.15,"color":"#E2EBF5"}},{"type":"Feature","geometry":{"type":"Polygon","coordinates":[[[171.75,7.102],[171.791,7.0],[171.75,6.962],[171.669,7.0],[171.75,7.102]]]},"properties":{"hvalue":1.15,"color":"#E2EBF5"}},{"type":"Feature","geometry":{"type":"Polygon","coordinates":[[[171.156,8.5],[171.209,8.25],[171.0,8.129],[170.79,8.25],[170.755,8.5],[170.477,8.75],[171.0,8.984],[171.231,8.75],[171.156,8.5]]]},"properties":{"hvalue":1.15,"color":"#E2EBF5"}},{"type":"Feature","geometry":{"type":"Polygon","coordinates":[[[165.525,8.0],[164.929,8.5],[164.95,8.75],[165.25,9.271],[164.373,9.75],[164.152,10.0],[164.91,10.5],[164.673,10.75],[164.777,11.5],[165.25,11.858],[166.0,11.521],[166.5,11.642],[167.0,11.648],[167.556,11.25],[167.5,10.968],[167.1,10.75],[167.085,10.5],[167.75,10.257],[168.75,10.199],[169.0,10.303],[169.5,10.302],[169.75,10.391],[169.988,10.25],[169.75,10.071],[169.5,10.138],[169.332,9.75],[169.5,9.532],[170.0,9.697],[170.288,9.5],[170.0,8.848],[169.598,8.75],[169.456,8.5],[169.5,8.25],[169.253,7.75],[169.25,7.5],[168.75,7.126],[165.879,7.25],[165.529,7.5],[165.459,7.75],[165.525,8.0]]]},"properties":{"hvalue":1.15,"color":"#E2EBF5"}},{"type":"Feature","geometry":{"type":"Polygon","coordinates":[[[160.75,9.8],[161.0,9.948],[161.355,9.75],[161.0,9.536],[160.75,9.659],[160.75,9.8]]]},"properties":{"hvalue":1.15,"color":"#E2EBF5"}},{"type":"Feature","geometry":{"type":"Polygon","coordinates":[[[169.149,11.25],[169.75,11.362],[169.866,11.25],[169.75,11.111],[169.5,11.092],[169.149,11.25]]]},"properties":{"hvalue":1.15,"color":"#E2EBF5"}},{"type":"Feature","geometry":{"type":"Polygon","coordinates":[[[162.399,11.5],[162.36,11.25],[162.25,11.187],[162.158,11.25],[162.079,11.5],[162.25,11.651],[162.399,11.5]]]},"properties":{"hvalue":1.15,"color":"#E2EBF5"}},{"type":"Feature","geometry":{"type":"Polygon","coordinates":[[[169.953,12.25],[170.025,12.25],[170.0,12.217],[169.953,12.25]]]},"properties":{"hvalue":1.15,"color":"#E2EBF5"}},{"type":"Feature","geometry":{"type":"Polygon","coordinates":[[[157.695,12.75],[157.805,12.75],[157.75,12.708],[157.695,12.75]]]},"properties":{"hvalue":1.15,"color":"#E2EBF5"}},{"type":"Feature","geometry":{"type":"Polygon","coordinates":[[[151.25,48.023],[151.224,47.75],[150.5,47.117],[150.415,47.25],[150.602,47.75],[151.0,48.041],[151.25,48.023]]]},"properties":{"hvalue":1.15,"color":"#E2EBF5"}},{"type":"Feature","geometry":{"type":"Polygon","coordinates":[[[154.419,48.75],[154.25,48.676],[154.0,48.739],[154.0,48.923],[154.419,48.75]]]},"properties":{"hvalue":1.15,"color":"#E2EBF5"}},{"type":"Feature","geometry":{"type":"Polygon","coordinates":[[[154.695,50.25],[154.75,50.439],[155.147,50.75],[155.183,51.0],[155.5,51.093],[155.75,51.448],[155.839,52.25],[155.746,52.75],[155.816,53.0],[156.0,53.197],[156.0,52.75],[156.25,52.5],[156.25,51.5],[156.5,51.25],[156.5,51.0],[156.75,50.75],[157.0,51.0],[157.25,51.0],[157.75,51.5],[158.0,51.5],[158.5,52.0],[158.5,52.25],[158.75,52.5],[158.75,52.75],[159.0,53.0],[159.75,53.0],[160.0,53.25],[160.0,53.75],[160.75,54.5],[161.0,54.5],[161.25,54.25],[161.5,54.25],[161.75,54.5],[161.858,54.5],[161.75,54.322],[160.75,53.88],[160.25,53.329],[160.0,52.878],[159.5,52.5],[158.942,52.25],[158.75,51.983],[158.121,51.5],[158.003,51.25],[158.202,51.0],[158.0,50.702],[156.25,50.253],[156.024,49.75],[155.805,49.5],[155.5,49.461],[154.75,49.046],[154.5,49.147],[154.442,49.25],[154.487,49.5],[154.398,49.75],[154.5,49.817],[154.75,49.678],[154.936,49.75],[154.962,50.0],[154.695,50.25]]]},"properties":{"hvalue":1.15,"color":"#E2EBF5"}},{"type":"Feature","geometry":{"type":"Polygon","coordinates":[[[173.25,52.945],[173.64,52.5],[173.5,52.396],[172.75,52.679],[172.565,52.935],[172.75,52.75],[173.0,52.964],[173.25,52.945]]]},"properties":{"hvalue":1.15,"color":"#E2EBF5"}},{"type":"Feature","geometry":{"type":"Polygon","coordinates":[[[155.977,53.773],[156.0,53.5],[156.0,53.375],[155.977,53.773]]]},"properties":{"hvalue":1.15,"color":"#E2EBF5"}},{"type":"Feature","geometry":{"type":"Polygon","coordinates":[[[167.75,55.046],[168.155,54.5],[168.0,54.318],[167.5,54.258],[167.289,54.5],[167.107,55.0],[167.5,55.183],[167.75,55.046]]]},"properties":{"hvalue":1.15,"color":"#E2EBF5"}},{"type":"Feature","geometry":{"type":"Polygon","coordinates":[[[163.25,56.0],[163.5,56.325],[163.575,56.25],[163.442,56.0],[162.5,55.632],[162.25,55.363],[162.105,54.895],[162.0,55.0],[162.0,55.25],[161.75,55.5],[162.5,56.25],[162.75,56.0],[163.25,56.0]]]},"properties":{"hvalue":1.15,"color":"#E2EBF5"}},{"type":"Feature","geometry":{"type":"Polygon","coordinates":[[[164.051,52.5],[164.401,53.5],[165.142,54.5],[165.308,55.0],[165.33,55.75],[165.632,56.25],[165.476,56.5],[165.173,56.75],[164.5,57.082],[164.0,57.086],[163.75,56.982],[163.5,56.76],[163.475,56.525],[163.25,56.75],[162.75,56.75],[163.0,57.0],[163.0,57.25],[163.5,57.75],[163.25,58.0],[162.0,58.0],[162.25,58.25],[162.25,58.5],[162.5,58.5],[162.75,58.75],[163.0,58.75],[163.25,59.0],[163.25,59.5],[163.5,59.75],[163.75,59.75],[164.0,60.0],[164.5,60.0],[164.75,59.75],[165.25,59.75],[165.75,60.25],[166.25,60.25],[166.0,60.0],[166.25,59.75],[166.5,59.75],[167.0,60.25],[167.75,60.25],[168.0,60.5],[169.5,60.5],[170.25,59.75],[171.0,60.5],[171.5,60.5],[171.75,60.75],[172.25,60.75],[172.5,61.0],[172.75,61.0],[173.0,61.25],[173.25,61.25],[173.5,61.5],[174.0,61.5],[174.25,61.75],[175.0,61.75],[175.25,62.0],[176.0,62.0],[176.25,62.25],[176.75,62.25],[177.0,62.5],[178.25,62.5],[178.5,62.25],[179.181,62.25],[179.0,62.167],[176.0,61.824],[173.5,61.061],[172.888,60.75],[172.5,60.222],[171.92,59.75],[171.726,59.5],[171.5,59.34],[170.643,59.0],[170.417,58.75],[170.0,57.841],[169.75,57.672],[169.5,57.627],[168.75,57.826],[168.25,57.866],[167.75,57.764],[166.272,57.25],[166.108,57.0],[166.21,56.75],[166.836,56.25],[166.979,55.75],[166.964,55.5],[167.086,55.25],[166.916,55.0],[166.817,54.933],[166.75,55.0],[166.5,54.75],[166.724,54.526],[166.63,54.5],[166.333,54.0],[166.319,53.75],[166.412,53.5],[166.316,53.25],[165.3,52.5],[164.5,51.433],[164.0,51.263],[163.75,51.334],[163.627,51.5],[163.671,52.0],[163.78,52.25],[164.051,52.5]]]},"properties":{"hvalue":1.15,"color":"#E2EBF5"}},{"type":"Feature","geometry":{"type":"Polygon","coordinates":[[[156.5,57.011],[156.551,57.051],[156.486,57.0],[156.5,57.011]]]},"properties":{"hvalue":1.15,"color":"#E2EBF5"}},{"type":"Feature","geometry":{"type":"Polygon","coordinates":[[[155.0,60.25],[155.199,60.25],[155.637,59.5],[155.459,59.291],[155.25,59.5],[154.75,59.5],[154.5,59.75],[154.25,59.5],[154.25,59.75],[154.5,60.0],[154.75,60.0],[155.0,60.25]]]},"properties":{"hvalue":1.15,"color":"#E2EBF5"}},{"type":"Feature","geometry":{"type":"Polygon","coordinates":[[[158.506,58.5],[158.95,60.0],[158.5,60.892],[157.911,61.25],[157.0,61.326],[156.694,61.194],[156.75,61.5],[157.25,61.5],[157.5,61.75],[157.75,61.75],[158.0,61.5],[158.25,61.75],[159.25,61.75],[159.5,61.5],[159.75,61.5],[160.0,61.75],[160.25,61.75],[159.75,61.25],[159.75,61.0],[160.25,60.5],[160.75,60.5],[161.25,61.0],[161.5,61.0],[161.75,61.25],[162.0,61.25],[162.25,61.5],[163.0,61.5],[163.25,61.75],[163.25,62.25],[163.5,62.5],[164.25,62.5],[164.0,62.25],[164.0,61.75],[163.75,61.5],[163.75,61.25],[163.5,61.0],[163.25,61.0],[163.0,60.75],[162.5,60.75],[162.25,60.5],[162.0,60.5],[161.5,60.0],[161.25,60.0],[161.0,59.75],[160.75,59.75],[160.5,59.5],[160.25,59.5],[160.0,59.25],[159.75,59.25],[159.5,59.0],[159.5,58.75],[159.25,58.75],[159.0,58.5],[158.75,58.5],[158.25,58.0],[158.0,58.0],[157.819,58.181],[158.506,58.5]]]},"properties":{"hvalue":1.15,"color":"#E2EBF5"}},{"type":"Feature","geometry":{"type":"Polygon","coordinates":[[[179.569,62.5],[179.354,62.354],[179.683,62.683],[179.569,62.5]]]},"properties":{"hvalue":1.15,"color":"#E2EBF5"}},{"type":"Feature","geometry":{"type":"Polygon","coordinates":[[[177.75,64.25],[177.5,64.5],[179.25,64.5],[179.5,64.75],[179.75,64.75],[179.744,62.756],[179.0,63.5],[178.75,63.5],[178.75,63.75],[178.25,64.25],[177.75,64.25]]]},"properties":{"hvalue":1.15,"color":"#E2EBF5"}},{"type":"Feature","geometry":{"type":"Polygon","coordinates":[[[-159.0,-78.0],[-159.0,-77.985],[-158.928,-78.0],[-159.0,-78.0]]]},"properties":{"hvalue":1.2,"color":"#a7c2e0"}},{"type":"Feature","geometry":{"type":"Polygon","coordinates":[[[-158.085,-77.415],[-158.0,-77.5],[-158.25,-77.5],[-158.457,-77.707],[-158.397,-77.5],[-158.085,-77.415]]]},"properties":{"hvalue":1.2,"color":"#a7c2e0"}},{"type":"Feature","geometry":{"type":"Polygon","coordinates":[[[-176.652,-43.902],[-176.85,-43.75],[-176.75,-43.591],[-176.12,-43.5],[-175.983,-43.75],[-176.119,-44.0],[-175.997,-44.25],[-176.259,-44.25],[-176.306,-44.056],[-176.25,-44.0],[-176.435,-43.815],[-176.39,-43.75],[-176.611,-43.75],[-176.531,-43.781],[-176.652,-43.902]]]},"properties":{"hvalue":1.2,"color":"#a7c2e0"}},{"type":"Feature","geometry":{"type":"Polygon","coordinates":[[[-139.0,-41.485],[-140.307,-41.0],[-141.0,-40.437],[-141.751,-40.25],[-143.25,-39.71],[-144.75,-38.942],[-145.25,-38.799],[-146.0,-38.729],[-146.264,-38.5],[-146.315,-38.0],[-146.5,-37.701],[-146.75,-37.55],[-147.5,-37.567],[-148.0,-37.667],[-148.5,-37.342],[-149.0,-37.352],[-149.433,-37.25],[-150.0,-36.862],[-150.75,-36.173],[-151.25,-35.923],[-151.75,-35.883],[-152.25,-35.706],[-153.25,-35.861],[-154.25,-35.443],[-154.75,-35.333],[-155.25,-35.531],[-155.75,-35.499],[-156.5,-35.636],[-157.0,-35.592],[-158.5,-35.235],[-159.25,-35.314],[-160.0,-35.208],[-160.5,-35.308],[-160.75,-35.261],[-161.5,-34.888],[-162.5,-34.82],[-163.5,-35.105],[-164.5,-35.181],[-166.0,-35.424],[-166.75,-35.1],[-168.25,-34.753],[-168.75,-34.463],[-169.735,-34.25],[-170.08,-34.0],[-171.446,-34.0],[-171.929,-33.75],[-172.545,-33.25],[-173.25,-33.214],[-173.75,-33.057],[-175.0,-33.498],[-175.25,-33.441],[-175.5,-33.246],[-176.75,-32.619],[-177.0,-32.41],[-177.25,-32.35],[-177.75,-31.838],[-178.0,-31.708],[-178.882,-31.0],[-179.25,-30.589],[-179.5,-30.457],[-179.913,-30.0],[-180.0,-29.733],[-180.0,-26.1],[-176.5,-25.088],[-176.25,-25.114],[-175.75,-25.776],[-175.25,-25.646],[-175.0,-25.494],[-174.5,-24.975],[-173.5,-24.441],[-172.513,-23.75],[-172.384,-23.5],[-172.636,-23.25],[-172.632,-23.0],[-172.191,-22.75],[-172.0,-22.44],[-171.75,-22.271],[-171.25,-22.164],[-169.71,-21.5],[-169.5,-21.153],[-169.25,-20.393],[-169.0,-20.102],[-168.25,-19.811],[-167.75,-19.721],[-167.5,-19.768],[-167.0,-19.946],[-166.338,-20.5],[-166.179,-20.75],[-166.25,-21.0],[-166.886,-21.75],[-168.994,-23.0],[-169.25,-23.46],[-170.301,-24.5],[-170.352,-24.75],[-170.068,-25.5],[-169.818,-25.75],[-168.5,-26.448],[-168.026,-26.75],[-167.823,-27.0],[-167.0,-27.208],[-165.75,-26.909],[-164.961,-26.5],[-164.5,-26.089],[-164.0,-25.966],[-163.75,-25.82],[-163.382,-25.25],[-163.25,-25.204],[-162.243,-26.0],[-161.5,-26.197],[-160.25,-26.169],[-160.123,-26.25],[-159.958,-26.75],[-159.5,-27.068],[-159.25,-27.133],[-158.5,-27.014],[-157.75,-27.149],[-157.5,-27.132],[-157.0,-26.911],[-156.75,-26.92],[-156.486,-27.0],[-156.544,-27.5],[-156.25,-27.692],[-155.5,-27.776],[-155.0,-27.701],[-154.224,-27.5],[-153.701,-27.0],[-153.662,-26.75],[-153.75,-26.686],[-154.499,-26.5],[-154.808,-26.25],[-153.517,-25.25],[-153.584,-25.0],[-153.25,-24.569],[-153.0,-24.466],[-152.408,-25.0],[-152.392,-25.25],[-152.25,-25.376],[-151.5,-25.395],[-151.414,-25.5],[-151.361,-26.0],[-151.25,-26.093],[-151.0,-26.09],[-150.5,-25.898],[-149.25,-25.808],[-148.492,-26.25],[-147.5,-26.601],[-146.789,-27.0],[-146.818,-27.25],[-147.0,-27.544],[-147.5,-27.926],[-147.75,-27.999],[-149.0,-27.963],[-149.5,-28.108],[-150.75,-28.147],[-151.75,-28.349],[-153.0,-27.887],[-153.5,-27.916],[-153.591,-28.0],[-152.75,-28.748],[-151.25,-29.225],[-150.0,-29.319],[-148.75,-28.953],[-148.5,-28.59],[-147.879,-28.25],[-147.75,-28.012],[-147.704,-28.25],[-147.477,-28.5],[-147.848,-29.0],[-147.5,-29.167],[-146.5,-29.128],[-146.335,-29.0],[-146.218,-28.5],[-145.0,-27.959],[-144.75,-27.79],[-144.592,-27.5],[-144.25,-27.17],[-142.794,-26.25],[-142.5,-26.203],[-141.75,-26.331],[-141.332,-26.5],[-141.129,-26.75],[-140.978,-27.0],[-140.917,-27.5],[-140.75,-27.706],[-139.75,-28.056],[-139.0,-28.043],[-138.5,-28.126],[-137.75,-28.08],[-137.5,-28.172],[-137.332,-28.25],[-137.182,-28.5],[-137.169,-29.25],[-135.75,-29.713],[-135.5,-30.06],[-135.25,-30.16],[-134.5,-30.158],[-132.5,-29.598],[-132.25,-29.685],[-131.654,-30.25],[-130.75,-30.582],[-130.609,-30.75],[-130.585,-31.0],[-131.094,-31.75],[-131.0,-31.827],[-130.5,-31.881],[-130.0,-31.698],[-129.5,-31.981],[-128.486,-32.0],[-128.322,-32.25],[-128.2,-32.75],[-128.316,-33.0],[-129.011,-33.5],[-129.483,-34.0],[-129.703,-34.5],[-129.64,-35.0],[-129.51,-35.25],[-129.25,-35.5],[-127.683,-35.75],[-127.672,-36.0],[-127.342,-36.25],[-127.095,-37.75],[-126.75,-37.917],[-126.0,-37.885],[-125.751,-38.0],[-125.5,-38.44],[-124.909,-39.0],[-125.013,-39.25],[-126.5,-40.099],[-127.25,-39.664],[-127.5,-39.404],[-128.0,-39.261],[-128.165,-39.5],[-128.056,-40.5],[-128.104,-40.75],[-128.5,-40.889],[-129.5,-40.822],[-129.75,-40.994],[-130.5,-41.016],[-131.0,-40.854],[-131.25,-40.894],[-131.471,-41.0],[-131.592,-41.5],[-131.75,-41.666],[-135.0,-41.484],[-136.25,-41.584],[-137.5,-41.471],[-139.0,-41.485]]]},"properties":{"hvalue":1.2,"color":"#a7c2e0"}},{"type":"Feature","geometry":{"type":"Polygon","coordinates":[[[-146.25,-26.931],[-146.021,-27.0],[-146.25,-27.087],[-146.437,-27.0],[-146.25,-26.931]]]},"properties":{"hvalue":1.2,"color":"#a7c2e0"}},{"type":"Feature","geometry":{"type":"Polygon","coordinates":[[[-179.121,-23.75],[-179.0,-23.61],[-178.889,-23.75],[-179.0,-23.841],[-179.121,-23.75]]]},"properties":{"hvalue":1.2,"color":"#a7c2e0"}},{"type":"Feature","geometry":{"type":"Polygon","coordinates":[[[-178.875,-23.5],[-178.75,-23.364],[-178.625,-23.5],[-178.75,-23.596],[-178.875,-23.5]]]},"properties":{"hvalue":1.2,"color":"#a7c2e0"}},{"type":"Feature","geometry":{"type":"Polygon","coordinates":[[[-149.619,-23.25],[-149.5,-23.119],[-149.394,-23.25],[-149.5,-23.342],[-149.619,-23.25]]]},"properties":{"hvalue":1.2,"color":"#a7c2e0"}},{"type":"Feature","geometry":{"type":"Polygon","coordinates":[[[-152.547,-22.5],[-153.0,-22.784],[-153.25,-22.764],[-153.342,-22.5],[-153.25,-22.274],[-152.75,-22.102],[-152.5,-22.123],[-152.394,-22.25],[-152.547,-22.5]]]},"properties":{"hvalue":1.2,"color":"#a7c2e0"}},{"type":"Feature","geometry":{"type":"Polygon","coordinates":[[[-159.659,-21.091],[-159.75,-21.0],[-159.963,-21.213],[-159.75,-20.757],[-159.63,-21.0],[-159.659,-21.091]]]},"properties":{"hvalue":1.2,"color":"#a7c2e0"}},{"type":"Feature","geometry":{"type":"Polygon","coordinates":[[[-178.575,-20.5],[-178.5,-20.387],[-178.475,-20.5],[-178.575,-20.5]]]},"properties":{"hvalue":1.2,"color":"#a7c2e0"}},{"type":"Feature","geometry":{"type":"Polygon","coordinates":[[[-178.25,-19.59],[-177.957,-19.5],[-178.008,-19.75],[-178.25,-19.955],[-178.403,-19.75],[-178.25,-19.59]]]},"properties":{"hvalue":1.2,"color":"#a7c2e0"}},{"type":"Feature","geometry":{"type":"Polygon","coordinates":[[[-170.25,-18.957],[-170.0,-18.773],[-169.75,-18.852],[-169.631,-19.0],[-170.0,-19.224],[-170.25,-19.064],[-170.25,-18.957]]]},"properties":{"hvalue":1.2,"color":"#a7c2e0"}},{"type":"Feature","geometry":{"type":"Polygon","coordinates":[[[-162.72,-18.75],[-162.0,-18.47],[-161.792,-18.75],[-162.0,-19.114],[-162.25,-19.272],[-163.75,-19.433],[-164.0,-19.294],[-163.857,-19.0],[-163.75,-18.943],[-162.72,-18.75]]]},"properties":{"hvalue":1.2,"color":"#a7c2e0"}},{"type":"Feature","geometry":{"type":"Polygon","coordinates":[[[-162.5,-16.891],[-162.0,-16.684],[-161.75,-16.683],[-161.618,-16.75],[-161.48,-17.0],[-161.75,-17.197],[-161.81,-17.5],[-162.0,-17.678],[-162.75,-17.569],[-163.0,-17.801],[-163.034,-18.0],[-163.25,-18.21],[-163.464,-18.0],[-163.25,-17.572],[-163.0,-17.248],[-162.5,-16.891]]]},"properties":{"hvalue":1.2,"color":"#a7c2e0"}},{"type":"Feature","geometry":{"type":"Polygon","coordinates":[[[-136.846,-25.75],[-137.0,-25.478],[-137.47,-25.75],[-137.75,-25.795],[-138.5,-25.298],[-140.0,-25.515],[-141.0,-25.185],[-141.75,-25.086],[-141.864,-25.0],[-142.083,-24.25],[-142.25,-23.989],[-142.5,-23.958],[-143.25,-24.285],[-144.25,-24.327],[-144.484,-24.25],[-144.53,-24.0],[-144.75,-23.642],[-144.929,-23.5],[-145.25,-23.433],[-146.25,-23.438],[-147.145,-23.25],[-147.604,-23.0],[-148.0,-22.589],[-148.25,-22.489],[-149.5,-22.256],[-150.0,-22.273],[-150.75,-22.082],[-151.0,-22.11],[-151.25,-22.338],[-151.39,-22.25],[-151.413,-22.0],[-151.286,-21.5],[-151.322,-21.25],[-151.485,-21.0],[-152.238,-20.5],[-153.0,-20.258],[-154.25,-20.075],[-154.733,-20.25],[-154.68,-20.5],[-154.494,-20.75],[-154.25,-21.02],[-153.805,-21.25],[-153.684,-21.5],[-153.725,-22.0],[-154.0,-22.052],[-154.25,-21.73],[-154.75,-21.952],[-155.145,-21.75],[-155.223,-21.5],[-155.75,-21.244],[-156.068,-20.75],[-156.226,-20.25],[-156.75,-20.012],[-157.25,-20.204],[-157.75,-20.136],[-158.25,-20.213],[-159.25,-20.164],[-159.5,-20.246],[-159.75,-20.459],[-159.972,-20.25],[-160.122,-19.75],[-160.51,-19.25],[-160.518,-19.0],[-159.75,-18.001],[-159.349,-17.75],[-159.402,-17.25],[-159.535,-17.0],[-159.314,-16.5],[-159.424,-16.25],[-159.75,-16.215],[-160.053,-16.0],[-160.113,-15.75],[-159.934,-15.5],[-159.896,-15.25],[-160.094,-15.0],[-160.75,-14.607],[-161.138,-14.5],[-161.394,-14.0],[-161.956,-13.75],[-162.193,-13.5],[-162.064,-13.25],[-162.118,-13.0],[-162.5,-12.852],[-162.75,-12.923],[-163.25,-13.497],[-163.75,-13.404],[-164.081,-13.25],[-163.446,-13.0],[-163.386,-11.75],[-163.0,-11.415],[-162.5,-11.316],[-161.75,-11.321],[-161.5,-11.186],[-161.304,-11.0],[-161.218,-10.75],[-161.487,-10.5],[-161.0,-10.021],[-160.771,-10.25],[-160.75,-10.804],[-159.75,-10.459],[-158.25,-10.291],[-158.0,-10.282],[-157.0,-10.501],[-156.428,-10.75],[-155.872,-11.25],[-155.853,-11.75],[-156.19,-12.25],[-156.496,-12.5],[-156.592,-13.0],[-156.317,-13.25],[-156.0,-13.407],[-155.75,-13.386],[-155.61,-13.25],[-155.636,-12.75],[-155.444,-12.75],[-155.126,-13.0],[-155.001,-13.25],[-154.75,-13.473],[-154.5,-13.557],[-154.291,-13.75],[-154.28,-14.0],[-154.459,-14.25],[-154.0,-14.536],[-153.5,-15.069],[-152.683,-15.75],[-152.5,-15.839],[-152.0,-15.737],[-151.25,-15.16],[-150.0,-15.246],[-149.75,-15.176],[-149.0,-14.774],[-148.717,-14.5],[-148.044,-13.5],[-146.0,-11.095],[-145.864,-10.25],[-145.704,-10.0],[-145.272,-9.75],[-145.122,-9.5],[-144.905,-9.0],[-144.795,-8.5],[-144.48,-8.0],[-144.458,-7.75],[-144.0,-7.337],[-143.156,-7.0],[-142.987,-6.75],[-143.031,-6.25],[-142.75,-6.123],[-142.41,-5.75],[-142.199,-5.25],[-142.0,-4.988],[-141.25,-4.433],[-139.0,-3.96],[-138.5,-3.971],[-138.0,-3.746],[-137.5,-3.892],[-137.25,-3.788],[-136.75,-4.472],[-135.75,-5.126],[-135.54,-6.0],[-135.75,-6.694],[-136.208,-7.25],[-136.256,-7.5],[-136.133,-7.75],[-136.177,-8.25],[-136.378,-8.75],[-136.5,-9.63],[-137.497,-11.0],[-137.583,-11.25],[-137.612,-11.5],[-137.498,-11.75],[-137.6,-12.0],[-137.6,-12.5],[-137.556,-13.0],[-137.451,-13.25],[-137.658,-13.5],[-137.659,-13.75],[-137.25,-14.049],[-137.0,-14.5],[-136.953,-14.75],[-137.0,-15.018],[-137.622,-15.5],[-137.31,-16.0],[-137.307,-16.25],[-137.693,-17.25],[-137.687,-18.0],[-137.5,-18.094],[-137.25,-18.079],[-137.0,-17.78],[-136.75,-17.711],[-136.559,-18.0],[-136.724,-18.25],[-136.5,-18.305],[-136.25,-18.086],[-136.086,-18.25],[-136.083,-18.5],[-136.25,-18.676],[-136.5,-18.703],[-137.5,-18.619],[-137.75,-18.663],[-138.75,-19.447],[-139.0,-19.395],[-139.25,-19.454],[-139.5,-19.371],[-139.75,-19.429],[-140.332,-19.75],[-140.594,-20.0],[-140.757,-20.25],[-140.778,-20.5],[-140.75,-20.766],[-140.5,-20.622],[-140.25,-20.635],[-139.73,-21.0],[-139.863,-21.5],[-139.5,-21.902],[-139.25,-21.982],[-139.198,-21.75],[-138.75,-21.266],[-138.608,-21.25],[-138.75,-21.187],[-138.971,-20.75],[-138.75,-20.7],[-138.25,-20.324],[-138.136,-20.5],[-138.262,-20.75],[-138.5,-20.986],[-138.606,-21.0],[-138.324,-21.5],[-138.5,-21.886],[-138.745,-22.0],[-138.58,-22.25],[-138.75,-22.431],[-139.0,-22.336],[-139.293,-22.75],[-139.196,-23.0],[-139.0,-23.214],[-138.75,-23.35],[-138.25,-23.423],[-138.0,-23.402],[-137.75,-23.21],[-137.717,-23.0],[-137.5,-22.847],[-137.25,-23.087],[-137.189,-22.75],[-137.0,-22.643],[-136.766,-22.75],[-136.806,-23.0],[-137.452,-23.5],[-137.25,-23.713],[-136.75,-23.803],[-136.035,-23.5],[-135.75,-23.21],[-135.25,-23.003],[-135.0,-22.575],[-134.5,-22.071],[-133.895,-22.0],[-133.75,-22.035],[-133.536,-22.25],[-133.595,-23.0],[-133.741,-23.25],[-134.0,-23.559],[-134.25,-23.706],[-134.5,-23.574],[-134.956,-24.0],[-135.045,-24.25],[-134.931,-24.5],[-134.264,-24.75],[-134.14,-25.0],[-134.343,-25.25],[-134.415,-25.5],[-134.315,-25.75],[-134.399,-26.0],[-134.613,-26.25],[-135.25,-26.796],[-136.0,-27.042],[-136.5,-27.071],[-136.737,-27.0],[-136.838,-26.75],[-137.084,-26.5],[-137.073,-26.25],[-136.846,-25.75]]]},"properties":{"hvalue":1.2,"color":"#a7c2e0"}},{"type":"Feature","geometry":{"type":"Polygon","coordinates":[[[-148.639,-12.0],[-148.5,-11.893],[-148.385,-12.0],[-148.5,-12.138],[-148.639,-12.0]]]},"properties":{"hvalue":1.2,"color":"#a7c2e0"}},{"type":"Feature","geometry":{"type":"Polygon","coordinates":[[[-165.75,-10.011],[-165.658,-10.75],[-165.846,-11.0],[-165.857,-11.25],[-165.75,-11.39],[-165.5,-11.308],[-165.355,-11.5],[-165.5,-11.65],[-166.244,-11.5],[-166.162,-11.0],[-166.212,-10.75],[-165.75,-10.011]]]},"properties":{"hvalue":1.2,"color":"#a7c2e0"}},{"type":"Feature","geometry":{"type":"Polygon","coordinates":[[[-176.5,-19.636],[-176.0,-19.258],[-175.813,-19.0],[-175.839,-18.75],[-175.758,-18.5],[-175.835,-18.25],[-176.0,-18.018],[-176.25,-17.862],[-176.5,-17.872],[-177.25,-18.453],[-177.75,-18.626],[-178.25,-19.133],[-178.5,-19.209],[-179.0,-19.086],[-179.25,-18.837],[-179.75,-19.137],[-180.0,-19.195],[-180.0,-17.25],[-179.623,-16.75],[-179.374,-16.0],[-180.0,-15.378],[-180.0,-11.779],[-179.75,-11.891],[-179.639,-11.75],[-179.75,-11.595],[-180.0,-11.719],[-180.0,-4.283],[-179.75,-4.108],[-179.0,-3.988],[-178.745,-4.0],[-178.265,-4.25],[-178.251,-4.5],[-178.4,-4.75],[-178.25,-4.936],[-177.75,-4.791],[-177.5,-4.835],[-177.25,-4.964],[-177.005,-5.25],[-177.25,-5.481],[-177.5,-5.528],[-177.613,-5.75],[-177.553,-6.0],[-177.25,-6.147],[-177.0,-6.118],[-176.75,-5.657],[-176.0,-5.399],[-175.5,-5.085],[-175.427,-4.75],[-175.75,-4.285],[-176.0,-4.169],[-176.75,-4.27],[-177.0,-4.456],[-177.25,-4.466],[-177.457,-4.25],[-177.354,-4.0],[-177.105,-3.75],[-177.508,-3.25],[-177.514,-2.75],[-177.805,-2.0],[-178.25,-1.718],[-178.5,-1.621],[-178.891,-2.0],[-179.25,-2.087],[-180.0,-1.98],[-180.0,-0.304],[-179.25,0.245],[-178.75,0.363],[-178.5,0.397],[-178.25,0.09],[-178.0,0.049],[-177.5,0.191],[-176.75,0.888],[-176.5,0.824],[-176.018,0.5],[-175.966,0.25],[-176.356,-0.25],[-176.25,-0.496],[-176.0,-0.561],[-174.5,-0.351],[-173.75,0.022],[-172.5,0.345],[-172.205,0.25],[-171.5,-0.503],[-170.75,-0.138],[-170.25,-0.143],[-170.0,-0.255],[-169.25,-0.899],[-169.0,-0.897],[-168.5,-0.725],[-167.75,-0.344],[-167.25,-0.338],[-166.352,-0.5],[-166.144,-0.75],[-165.79,-1.5],[-165.649,-2.75],[-165.738,-4.0],[-165.554,-5.0],[-165.254,-5.75],[-165.229,-6.0],[-165.611,-7.25],[-165.425,-8.0],[-165.5,-8.373],[-165.75,-8.055],[-166.0,-7.953],[-166.25,-7.979],[-167.0,-7.567],[-167.25,-7.637],[-168.0,-8.136],[-168.5,-7.939],[-170.25,-7.902],[-170.5,-7.786],[-170.75,-7.543],[-171.25,-7.444],[-171.431,-7.25],[-171.663,-6.75],[-171.801,-6.0],[-172.25,-5.718],[-173.414,-6.0],[-173.258,-6.25],[-173.5,-6.544],[-174.25,-6.978],[-174.681,-7.0],[-175.251,-7.25],[-175.161,-7.5],[-174.712,-8.0],[-174.657,-8.25],[-174.71,-8.75],[-174.5,-8.936],[-173.762,-9.25],[-173.527,-9.75],[-172.75,-10.713],[-172.0,-11.238],[-170.799,-12.5],[-170.59,-12.75],[-170.593,-13.25],[-170.227,-14.0],[-170.0,-14.08],[-169.5,-14.0],[-169.314,-14.25],[-169.5,-14.456],[-170.25,-14.401],[-170.5,-14.468],[-171.0,-15.084],[-171.501,-15.25],[-171.747,-15.5],[-172.162,-16.25],[-172.179,-16.75],[-172.25,-16.811],[-172.5,-16.934],[-172.75,-16.951],[-173.25,-16.825],[-173.75,-16.883],[-174.048,-17.25],[-174.391,-17.5],[-174.498,-17.75],[-174.032,-18.0],[-173.689,-18.5],[-174.051,-19.25],[-174.007,-19.75],[-174.25,-19.984],[-174.334,-20.25],[-174.75,-20.872],[-174.822,-21.25],[-175.0,-21.488],[-175.75,-21.444],[-176.204,-21.25],[-176.223,-20.75],[-176.423,-20.5],[-176.642,-20.0],[-176.5,-19.636]]]},"properties":{"hvalue":1.2,"color":"#a7c2e0"}},{"type":"Feature","geometry":{"type":"Polygon","coordinates":[[[-162.25,-9.475],[-162.25,-9.544],[-162.326,-9.5],[-162.25,-9.475]]]},"properties":{"hvalue":1.2,"color":"#a7c2e0"}},{"type":"Feature","geometry":{"type":"Polygon","coordinates":[[[-171.25,-9.17],[-171.18,-9.5],[-171.25,-9.588],[-171.425,-9.5],[-171.489,-9.25],[-171.25,-9.17]]]},"properties":{"hvalue":1.2,"color":"#a7c2e0"}},{"type":"Feature","geometry":{"type":"Polygon","coordinates":[[[-172.0,-9.441],[-172.312,-9.25],[-172.183,-9.0],[-172.0,-8.882],[-171.508,-9.25],[-172.0,-9.441]]]},"properties":{"hvalue":1.2,"color":"#a7c2e0"}},{"type":"Feature","geometry":{"type":"Polygon","coordinates":[[[-158.359,-9.0],[-158.0,-8.69],[-157.799,-9.0],[-158.0,-9.22],[-158.359,-9.0]]]},"properties":{"hvalue":1.2,"color":"#a7c2e0"}},{"type":"Feature","geometry":{"type":"Polygon","coordinates":[[[-172.348,-8.5],[-172.5,-8.667],[-172.785,-8.5],[-172.5,-8.338],[-172.348,-8.5]]]},"properties":{"hvalue":1.2,"color":"#a7c2e0"}},{"type":"Feature","geometry":{"type":"Polygon","coordinates":[[[-164.305,-4.75],[-164.5,-5.094],[-164.75,-5.073],[-164.997,-4.75],[-164.968,-4.5],[-164.75,-4.208],[-164.5,-4.193],[-164.326,-4.5],[-164.305,-4.75]]]},"properties":{"hvalue":1.2,"color":"#a7c2e0"}},{"type":"Feature","geometry":{"type":"Polygon","coordinates":[[[-155.043,-4.0],[-154.972,-4.0],[-155.0,-4.031],[-155.043,-4.0]]]},"properties":{"hvalue":1.2,"color":"#a7c2e0"}},{"type":"Feature","geometry":{"type":"Polygon","coordinates":[[[-157.5,1.75],[-157.439,1.689],[-157.577,1.75],[-157.705,2.0],[-157.25,2.362],[-157.152,2.25],[-157.118,1.868],[-157.25,2.0],[-157.5,1.75]]]},"properties":{"hvalue":1.2,"color":"#a7c2e0"}},{"type":"Feature","geometry":{"type":"Polygon","coordinates":[[[-159.329,4.0],[-159.25,4.116],[-159.183,4.0],[-159.25,3.912],[-159.329,4.0]]]},"properties":{"hvalue":1.2,"color":"#a7c2e0"}},{"type":"Feature","geometry":{"type":"Polygon","coordinates":[[[-155.381,19.119],[-155.25,19.25],[-155.132,19.25],[-155.25,19.17],[-155.381,19.119]]]},"properties":{"hvalue":1.2,"color":"#a7c2e0"}},{"type":"Feature","geometry":{"type":"Polygon","coordinates":[[[-155.85,20.15],[-156.25,19.75],[-156.0,19.5],[-156.0,19.171],[-156.458,19.5],[-156.489,19.75],[-156.328,20.0],[-156.0,20.197],[-155.85,20.15]]]},"properties":{"hvalue":1.2,"color":"#a7c2e0"}},{"type":"Feature","geometry":{"type":"Polygon","coordinates":[[[-155.23,20.0],[-155.207,19.957],[-155.26,20.01],[-155.23,20.0]]]},"properties":{"hvalue":1.2,"color":"#a7c2e0"}},{"type":"Feature","geometry":{"type":"Polygon","coordinates":[[[-157.0,21.123],[-156.351,20.899],[-156.621,20.75],[-156.35,20.6],[-156.909,20.591],[-156.75,20.75],[-157.0,21.0],[-157.237,20.763],[-157.398,21.0],[-157.0,21.123]]]},"properties":{"hvalue":1.2,"color":"#a7c2e0"}},{"type":"Feature","geometry":{"type":"Polygon","coordinates":[[[-158.412,21.25],[-158.38,21.38],[-158.25,21.25],[-158.0,21.25],[-157.923,21.327],[-157.815,21.25],[-158.0,21.111],[-158.25,21.13],[-158.412,21.25]]]},"properties":{"hvalue":1.2,"color":"#a7c2e0"}},{"type":"Feature","geometry":{"type":"Polygon","coordinates":[[[-159.5,22.25],[-159.75,22.25],[-160.0,22.0],[-159.939,21.939],[-160.25,21.918],[-160.311,22.0],[-160.0,22.074],[-159.78,22.25],[-159.5,22.348],[-159.414,22.164],[-159.5,22.25]]]},"properties":{"hvalue":1.2,"color":"#a7c2e0"}},{"type":"Feature","geometry":{"type":"Polygon","coordinates":[[[-174.2,26.0],[-174.0,26.122],[-173.882,26.0],[-174.0,25.895],[-174.2,26.0]]]},"properties":{"hvalue":1.2,"color":"#a7c2e0"}},{"type":"Feature","geometry":{"type":"Polygon","coordinates":[[[-176.566,27.0],[-176.46,27.0],[-176.5,26.963],[-176.566,27.0]]]},"properties":{"hvalue":1.2,"color":"#a7c2e0"}},{"type":"Feature","geometry":{"type":"Polygon","coordinates":[[[-175.871,28.0],[-176.0,27.741],[-176.191,28.0],[-176.0,28.099],[-175.871,28.0]]]},"properties":{"hvalue":1.2,"color":"#a7c2e0"}},{"type":"Feature","geometry":{"type":"Polygon","coordinates":[[[-177.5,28.481],[-177.298,28.25],[-177.5,28.058],[-177.938,28.25],[-177.75,28.464],[-177.5,28.481]]]},"properties":{"hvalue":1.2,"color":"#a7c2e0"}},{"type":"Feature","geometry":{"type":"Polygon","coordinates":[[[-180.0,29.285],[-180.0,37.648],[-179.75,37.48],[-179.5,37.445],[-178.75,37.483],[-178.0,37.631],[-176.75,38.03],[-176.25,38.039],[-175.0,38.558],[-174.5,38.615],[-174.0,38.53],[-173.302,39.0],[-173.231,39.25],[-173.0,39.54],[-172.75,39.499],[-172.5,39.056],[-171.915,38.5],[-172.0,38.351],[-172.25,38.377],[-172.5,38.004],[-173.0,38.131],[-173.412,38.0],[-173.592,37.75],[-173.605,37.5],[-173.5,37.381],[-173.25,37.439],[-172.716,37.75],[-172.5,37.989],[-172.0,37.408],[-171.75,37.49],[-171.442,37.75],[-171.33,38.0],[-171.38,38.25],[-171.265,38.5],[-170.952,38.75],[-169.75,39.187],[-169.325,39.0],[-169.138,38.75],[-169.164,38.5],[-168.636,37.75],[-168.613,37.5],[-168.829,37.0],[-168.566,36.0],[-168.8,35.75],[-169.0,35.252],[-169.587,35.5],[-170.0,36.061],[-171.0,36.359],[-172.0,36.816],[-172.5,36.654],[-172.634,36.5],[-172.5,36.334],[-172.25,36.273],[-172.0,36.073],[-170.25,35.813],[-169.779,35.5],[-170.25,35.295],[-171.453,35.25],[-171.29,35.0],[-170.981,34.75],[-170.945,34.5],[-170.969,34.25],[-171.298,33.75],[-172.684,33.0],[-173.432,32.25],[-173.75,32.055],[-174.75,31.72],[-175.687,31.25],[-175.95,31.0],[-176.383,30.25],[-176.75,29.963],[-177.202,29.75],[-178.0,29.61],[-178.519,29.25],[-178.677,29.0],[-178.1,28.5],[-178.25,28.308],[-178.87,28.5],[-179.0,28.9],[-179.25,29.091],[-180.0,29.285]]]},"properties":{"hvalue":1.2,"color":"#a7c2e0"}},{"type":"Feature","geometry":{"type":"Polygon","coordinates":[[[-167.639,37.5],[-167.5,37.608],[-166.891,37.5],[-167.25,37.425],[-167.639,37.5]]]},"properties":{"hvalue":1.2,"color":"#a7c2e0"}},{"type":"Feature","geometry":{"type":"Polygon","coordinates":[[[-168.917,39.75],[-168.25,39.978],[-167.648,39.75],[-168.096,39.25],[-167.843,38.75],[-168.0,38.69],[-168.25,38.735],[-168.986,39.0],[-169.112,39.5],[-168.917,39.75]]]},"properties":{"hvalue":1.2,"color":"#a7c2e0"}},{"type":"Feature","geometry":{"type":"Polygon","coordinates":[[[-177.758,51.758],[-177.74,51.75],[-177.757,51.743],[-177.758,51.758]]]},"properties":{"hvalue":1.2,"color":"#a7c2e0"}},{"type":"Feature","geometry":{"type":"Polygon","coordinates":[[[-167.803,53.053],[-168.5,52.826],[-168.683,52.817],[-168.5,53.0],[-168.612,53.112],[-168.366,53.116],[-168.25,53.0],[-168.0,53.25],[-167.803,53.053]]]},"properties":{"hvalue":1.2,"color":"#a7c2e0"}},{"type":"Feature","geometry":{"type":"Polygon","coordinates":[[[-167.011,53.261],[-167.656,53.094],[-167.5,53.25],[-167.63,53.38],[-167.139,53.389],[-167.011,53.261]]]},"properties":{"hvalue":1.2,"color":"#a7c2e0"}},{"type":"Feature","geometry":{"type":"Polygon","coordinates":[[[-165.75,54.082],[-165.0,54.148],[-164.797,54.25],[-164.821,54.321],[-164.75,54.25],[-164.5,54.25],[-164.25,54.5],[-163.25,54.5],[-162.818,54.818],[-162.75,54.75],[-162.668,54.832],[-162.25,54.815],[-161.263,55.263],[-161.0,55.25],[-160.767,55.017],[-161.0,54.977],[-162.5,54.313],[-162.75,54.311],[-163.25,54.487],[-163.5,54.471],[-166.686,53.314],[-166.5,53.5],[-166.25,53.5],[-166.0,53.75],[-166.103,53.853],[-165.75,54.082]]]},"properties":{"hvalue":1.2,"color":"#a7c2e0"}},{"type":"Feature","geometry":{"type":"Polygon","coordinates":[[[-155.597,56.0],[-155.5,56.141],[-155.405,56.0],[-155.5,55.968],[-155.597,56.0]]]},"properties":{"hvalue":1.2,"color":"#a7c2e0"}},{"type":"Feature","geometry":{"type":"Polygon","coordinates":[[[-159.243,55.25],[-159.298,55.5],[-159.152,55.75],[-158.75,55.75],[-158.5,56.0],[-158.25,56.0],[-157.685,56.5],[-157.5,56.5],[-157.394,56.606],[-157.0,56.724],[-156.75,57.0],[-156.5,57.0],[-156.319,57.181],[-156.0,57.25],[-155.653,57.597],[-155.019,57.75],[-154.739,57.239],[-154.702,57.0],[-154.844,56.5],[-154.75,56.434],[-154.5,56.573],[-154.356,56.356],[-154.75,56.287],[-155.25,56.359],[-155.75,56.535],[-156.0,56.483],[-156.5,56.161],[-156.75,56.095],[-157.25,56.169],[-158.0,55.865],[-159.25,54.868],[-160.0,54.852],[-160.48,55.02],[-160.287,55.213],[-160.0,55.035],[-159.75,55.029],[-159.5,55.079],[-159.243,55.25]]]},"properties":{"hvalue":1.2,"color":"#a7c2e0"}},{"type":"Feature","geometry":{"type":"Polygon","coordinates":[[[-170.166,57.0],[-169.893,57.0],[-170.0,56.902],[-170.166,57.0]]]},"properties":{"hvalue":1.2,"color":"#a7c2e0"}},{"type":"Feature","geometry":{"type":"Polygon","coordinates":[[[-159.026,57.0],[-159.082,57.25],[-158.75,57.337],[-158.542,57.25],[-159.026,57.0]]]},"properties":{"hvalue":1.2,"color":"#a7c2e0"}},{"type":"Feature","geometry":{"type":"Polygon","coordinates":[[[-175.602,53.25],[-175.154,53.75],[-175.25,53.824],[-175.75,53.896],[-176.5,53.863],[-177.0,54.121],[-178.5,53.884],[-179.0,53.895],[-180.0,53.675],[-180.0,63.118],[-179.5,63.214],[-179.087,63.5],[-178.75,63.502],[-177.816,63.25],[-177.343,63.0],[-177.557,62.75],[-177.942,62.5],[-178.0,62.372],[-178.041,62.25],[-177.931,62.0],[-177.75,61.893],[-177.25,61.736],[-176.0,61.763],[-174.5,61.364],[-173.815,61.0],[-173.382,60.5],[-173.0,60.25],[-172.0,60.233],[-171.593,60.0],[-171.56,59.75],[-170.834,59.0],[-170.512,58.5],[-170.268,57.75],[-170.444,57.5],[-170.75,57.398],[-171.75,57.235],[-172.146,57.25],[-172.936,56.75],[-172.623,56.25],[-172.799,55.75],[-172.711,55.5],[-172.25,55.273],[-172.0,55.238],[-171.0,55.417],[-170.451,55.75],[-170.066,56.25],[-169.5,56.444],[-169.254,56.75],[-169.318,57.25],[-169.75,57.323],[-170.075,57.5],[-170.0,57.636],[-169.75,57.776],[-168.0,57.617],[-167.0,57.193],[-166.5,56.876],[-166.145,56.5],[-166.089,56.0],[-166.232,55.5],[-165.934,55.25],[-165.856,55.0],[-166.0,54.806],[-166.5,54.827],[-166.75,54.391],[-167.0,54.415],[-167.277,54.5],[-167.788,55.25],[-168.0,55.334],[-168.394,55.25],[-168.391,55.0],[-167.769,54.25],[-168.0,54.088],[-168.314,54.0],[-168.844,53.5],[-169.082,53.0],[-168.789,52.789],[-169.5,52.789],[-170.75,52.623],[-171.023,52.75],[-171.25,52.983],[-171.5,53.053],[-172.0,52.926],[-172.171,52.75],[-172.25,52.488],[-172.54,52.46],[-172.5,52.686],[-172.389,52.75],[-172.5,52.891],[-172.75,52.919],[-173.097,52.5],[-173.087,52.25],[-173.5,52.217],[-174.0,52.296],[-174.25,52.158],[-174.75,52.199],[-174.983,52.25],[-175.0,52.511],[-175.25,52.515],[-175.75,51.992],[-176.0,52.25],[-176.25,52.0],[-176.188,51.938],[-176.469,52.0],[-175.602,53.25]]]},"properties":{"hvalue":1.2,"color":"#a7c2e0"}},{"type":"Feature","geometry":{"type":"Polygon","coordinates":[[[-153.25,59.5],[-152.955,59.545],[-152.886,59.5],[-153.0,59.409],[-153.25,59.5]]]},"properties":{"hvalue":1.2,"color":"#a7c2e0"}},{"type":"Feature","geometry":{"type":"Polygon","coordinates":[[[-108.389,-75.111],[-107.882,-75.132],[-108.0,-75.25],[-108.25,-75.25],[-108.389,-75.111]]]},"properties":{"hvalue":1.2,"color":"#a7c2e0"}},{"type":"Feature","geometry":{"type":"Polygon","coordinates":[[[-95.347,-72.0],[-95.25,-72.234],[-94.0,-72.424],[-91.743,-72.5],[-94.178,-72.5],[-94.75,-72.37],[-95.413,-72.413],[-95.25,-72.25],[-95.5,-72.0],[-96.0,-72.0],[-96.052,-71.948],[-95.75,-71.99],[-95.5,-71.933],[-95.347,-72.0]]]},"properties":{"hvalue":1.2,"color":"#a7c2e0"}},{"type":"Feature","geometry":{"type":"Polygon","coordinates":[[[-102.0,-68.89],[-104.75,-68.433],[-105.5,-68.131],[-108.0,-67.72],[-109.5,-67.064],[-109.75,-67.067],[-110.128,-67.25],[-110.172,-67.5],[-109.702,-67.75],[-110.5,-68.07],[-111.25,-68.136],[-112.0,-67.996],[-112.75,-67.96],[-113.0,-68.01],[-114.25,-68.614],[-115.5,-68.635],[-117.25,-68.347],[-118.0,-68.146],[-119.5,-67.939],[-120.041,-67.75],[-120.317,-67.5],[-120.223,-67.25],[-120.5,-67.131],[-122.523,-67.0],[-123.0,-66.566],[-125.75,-66.66],[-126.0,-66.637],[-126.5,-66.39],[-126.75,-66.375],[-127.25,-66.502],[-128.5,-66.41],[-129.5,-66.482],[-131.5,-66.128],[-134.0,-66.074],[-134.099,-65.75],[-134.5,-65.596],[-137.25,-65.5],[-137.5,-65.306],[-138.0,-65.254],[-138.25,-65.041],[-138.596,-65.0],[-139.028,-64.75],[-139.014,-64.5],[-138.568,-64.0],[-138.75,-63.816],[-140.5,-63.514],[-140.593,-63.25],[-141.187,-62.75],[-141.563,-62.25],[-142.25,-61.834],[-144.0,-61.317],[-145.25,-61.226],[-145.859,-61.0],[-146.5,-60.498],[-146.977,-60.25],[-147.5,-60.138],[-148.0,-60.206],[-149.813,-61.75],[-152.25,-63.253],[-153.5,-63.729],[-155.716,-64.75],[-157.0,-65.216],[-157.75,-65.433],[-160.25,-65.921],[-162.0,-66.089],[-167.25,-66.103],[-170.75,-66.363],[-175.5,-66.294],[-176.25,-66.192],[-177.5,-65.863],[-178.5,-65.922],[-178.931,-65.75],[-179.25,-65.504],[-180.0,-65.464],[-180.0,-64.76],[-179.75,-64.843],[-179.0,-64.813],[-178.75,-64.893],[-178.0,-65.424],[-177.0,-65.556],[-176.0,-65.846],[-174.75,-65.962],[-173.5,-65.846],[-172.0,-65.96],[-170.5,-65.956],[-168.0,-65.643],[-163.0,-65.658],[-160.5,-65.38],[-159.25,-65.101],[-157.75,-64.911],[-157.25,-64.681],[-156.729,-64.25],[-155.5,-63.75],[-154.552,-63.25],[-153.23,-62.75],[-152.927,-62.5],[-152.75,-62.201],[-152.295,-61.75],[-151.164,-61.25],[-151.0,-60.95],[-150.162,-60.25],[-149.985,-60.0],[-149.241,-59.75],[-149.121,-59.5],[-149.288,-59.25],[-149.25,-59.115],[-149.07,-59.0],[-148.0,-58.931],[-147.75,-58.992],[-148.167,-59.25],[-148.082,-59.5],[-147.5,-59.766],[-146.5,-59.82],[-145.25,-59.551],[-142.0,-58.04],[-141.355,-57.5],[-140.908,-57.25],[-138.963,-56.75],[-138.463,-56.0],[-137.75,-55.723],[-136.75,-55.475],[-135.75,-55.452],[-134.5,-55.134],[-133.25,-55.097],[-132.992,-55.0],[-133.412,-54.75],[-133.0,-54.606],[-131.25,-54.547],[-129.75,-54.776],[-128.004,-54.5],[-126.847,-54.0],[-125.25,-52.93],[-123.296,-52.0],[-123.27,-51.5],[-123.0,-51.377],[-122.75,-51.373],[-122.437,-51.5],[-122.455,-51.75],[-122.937,-52.0],[-122.671,-52.25],[-122.25,-52.342],[-121.608,-53.0],[-121.518,-53.5],[-121.218,-54.25],[-121.275,-54.75],[-121.133,-55.0],[-120.5,-55.24],[-120.0,-55.279],[-119.0,-54.746],[-118.5,-54.566],[-117.316,-54.25],[-116.997,-54.25],[-116.836,-54.5],[-116.839,-55.0],[-116.336,-55.5],[-116.344,-55.75],[-116.668,-56.5],[-116.322,-56.75],[-115.5,-56.835],[-115.197,-57.0],[-115.47,-57.5],[-115.295,-58.25],[-114.858,-59.5],[-114.5,-59.864],[-113.461,-60.5],[-112.889,-60.75],[-111.135,-61.25],[-108.0,-61.966],[-104.25,-62.428],[-101.75,-62.248],[-98.25,-62.491],[-98.0,-62.447],[-97.799,-62.25],[-97.25,-61.958],[-96.25,-61.907],[-95.5,-61.46],[-95.0,-61.472],[-94.75,-61.578],[-94.575,-61.75],[-94.851,-62.0],[-96.25,-62.073],[-96.474,-62.25],[-96.221,-62.5],[-95.5,-62.69],[-95.054,-63.0],[-96.25,-63.357],[-98.0,-63.29],[-98.578,-63.5],[-98.733,-63.75],[-98.623,-64.0],[-98.014,-64.5],[-98.25,-64.658],[-98.5,-64.712],[-99.35,-64.75],[-99.0,-64.881],[-98.946,-65.0],[-99.147,-65.25],[-99.524,-65.5],[-99.341,-65.75],[-99.271,-66.0],[-99.508,-66.25],[-100.324,-66.75],[-98.75,-67.339],[-95.75,-67.301],[-95.5,-67.177],[-95.0,-67.152],[-94.0,-67.167],[-93.25,-67.292],[-92.0,-66.945],[-91.0,-66.82],[-90.5,-66.6],[-88.25,-66.372],[-87.5,-66.222],[-87.0,-66.331],[-86.5,-66.717],[-86.25,-66.577],[-85.25,-66.514],[-84.0,-66.586],[-83.0,-66.337],[-82.0,-65.941],[-80.75,-65.358],[-79.98,-64.75],[-79.371,-64.5],[-78.25,-64.421],[-77.25,-64.678],[-76.75,-64.606],[-76.25,-64.431],[-74.75,-64.308],[-73.674,-64.0],[-71.5,-63.562],[-70.0,-63.419],[-69.441,-63.25],[-68.5,-62.815],[-68.25,-62.782],[-67.25,-62.907],[-66.664,-62.75],[-65.911,-62.25],[-64.75,-62.1],[-63.0,-61.693],[-62.5,-61.706],[-62.11,-62.0],[-62.824,-62.75],[-62.638,-63.0],[-62.75,-63.094],[-63.0,-62.897],[-63.288,-63.0],[-63.501,-63.25],[-63.315,-63.5],[-62.75,-63.486],[-62.0,-63.22],[-61.235,-63.25],[-61.486,-63.5],[-60.762,-63.512],[-60.972,-63.722],[-61.75,-63.736],[-63.0,-64.05],[-63.5,-64.0],[-63.753,-64.25],[-64.5,-64.406],[-64.612,-64.25],[-64.321,-64.0],[-64.316,-63.5],[-64.0,-63.14],[-63.439,-62.75],[-63.5,-62.513],[-63.75,-62.506],[-65.25,-62.848],[-66.0,-63.122],[-67.75,-63.275],[-69.25,-63.669],[-71.799,-64.0],[-73.5,-64.382],[-75.5,-64.639],[-76.75,-64.916],[-77.25,-64.961],[-78.25,-64.859],[-79.25,-64.968],[-79.5,-65.078],[-79.705,-65.25],[-79.831,-65.5],[-80.203,-65.75],[-81.115,-66.0],[-82.25,-66.458],[-83.25,-66.701],[-84.0,-66.768],[-85.524,-66.75],[-86.5,-66.948],[-86.75,-66.933],[-87.25,-66.671],[-88.395,-66.75],[-90.25,-67.253],[-92.5,-67.661],[-94.75,-67.906],[-99.366,-68.25],[-99.71,-68.5],[-99.672,-68.75],[-99.75,-68.815],[-100.25,-68.987],[-102.0,-68.89]]]},"properties":{"hvalue":1.2,"color":"#a7c2e0"}},{"type":"Feature","geometry":{"type":"Polygon","coordinates":[[[-125.386,-40.25],[-124.968,-40.5],[-125.087,-40.75],[-125.75,-40.842],[-126.447,-40.5],[-126.25,-40.027],[-125.386,-40.25]]]},"properties":{"hvalue":1.2,"color":"#a7c2e0"}},{"type":"Feature","geometry":{"type":"Polygon","coordinates":[[[-124.25,-35.946],[-124.75,-36.156],[-125.25,-36.209],[-125.455,-36.0],[-125.25,-35.757],[-125.0,-35.612],[-124.5,-35.547],[-124.073,-35.75],[-124.25,-35.946]]]},"properties":{"hvalue":1.2,"color":"#a7c2e0"}},{"type":"Feature","geometry":{"type":"Polygon","coordinates":[[[-126.75,-34.049],[-125.5,-33.932],[-125.181,-34.0],[-125.25,-34.268],[-126.25,-34.772],[-126.775,-34.75],[-127.154,-34.25],[-126.75,-34.049]]]},"properties":{"hvalue":1.2,"color":"#a7c2e0"}},{"type":"Feature","geometry":{"type":"Polygon","coordinates":[[[-129.759,-31.5],[-129.743,-31.5],[-129.75,-31.515],[-129.759,-31.5]]]},"properties":{"hvalue":1.2,"color":"#a7c2e0"}},{"type":"Feature","geometry":{"type":"Polygon","coordinates":[[[-133.25,-26.923],[-133.196,-27.0],[-133.25,-27.106],[-133.322,-27.0],[-133.25,-26.923]]]},"properties":{"hvalue":1.2,"color":"#a7c2e0"}},{"type":"Feature","geometry":{"type":"Polygon","coordinates":[[[-109.25,-26.889],[-108.954,-27.0],[-109.25,-27.113],[-109.351,-27.0],[-109.25,-26.889]]]},"properties":{"hvalue":1.2,"color":"#a7c2e0"}},{"type":"Feature","geometry":{"type":"Polygon","coordinates":[[[-130.573,-26.25],[-130.5,-25.962],[-130.25,-25.894],[-130.157,-26.0],[-130.358,-26.25],[-130.5,-26.309],[-130.573,-26.25]]]},"properties":{"hvalue":1.2,"color":"#a7c2e0"}},{"type":"Feature","geometry":{"type":"Polygon","coordinates":[[[-91.605,-26.0],[-91.5,-25.897],[-91.405,-26.0],[-91.5,-26.076],[-91.605,-26.0]]]},"properties":{"hvalue":1.2,"color":"#a7c2e0"}},{"type":"Feature","geometry":{"type":"Polygon","coordinates":[[[-91.0,-25.882],[-91.243,-25.75],[-90.5,-25.441],[-90.346,-25.5],[-90.5,-25.583],[-90.559,-25.75],[-91.0,-25.882]]]},"properties":{"hvalue":1.2,"color":"#a7c2e0"}},{"type":"Feature","geometry":{"type":"Polygon","coordinates":[[[-130.007,-24.75],[-129.75,-24.691],[-129.674,-24.75],[-129.785,-25.0],[-130.0,-25.179],[-130.159,-25.0],[-130.007,-24.75]]]},"properties":{"hvalue":1.2,"color":"#a7c2e0"}},{"type":"Feature","geometry":{"type":"Polygon","coordinates":[[[-128.356,-24.25],[-128.25,-24.113],[-128.107,-24.25],[-128.25,-24.346],[-128.356,-24.25]]]},"properties":{"hvalue":1.2,"color":"#a7c2e0"}},{"type":"Feature","geometry":{"type":"Polygon","coordinates":[[[-133.423,-23.75],[-133.25,-23.586],[-133.084,-23.75],[-133.25,-23.906],[-133.423,-23.75]]]},"properties":{"hvalue":1.2,"color":"#a7c2e0"}},{"type":"Feature","geometry":{"type":"Polygon","coordinates":[[[-136.25,-21.855],[-136.091,-22.0],[-136.25,-22.136],[-136.419,-22.0],[-136.25,-21.855]]]},"properties":{"hvalue":1.2,"color":"#a7c2e0"}},{"type":"Feature","geometry":{"type":"Polygon","coordinates":[[[-135.145,-21.25],[-135.5,-21.687],[-135.75,-21.645],[-135.856,-21.5],[-135.5,-21.081],[-135.25,-20.981],[-135.145,-21.25]]]},"properties":{"hvalue":1.2,"color":"#a7c2e0"}},{"type":"Feature","geometry":{"type":"Polygon","coordinates":[[[-135.981,-20.75],[-136.13,-21.25],[-136.5,-21.651],[-136.75,-21.648],[-136.957,-21.5],[-136.87,-21.25],[-136.5,-20.792],[-136.25,-20.612],[-135.981,-20.75]]]},"properties":{"hvalue":1.2,"color":"#a7c2e0"}},{"type":"Feature","geometry":{"type":"Polygon","coordinates":[[[-87.222,-20.5],[-87.0,-20.694],[-86.83,-21.0],[-86.856,-21.25],[-87.0,-21.434],[-87.5,-21.32],[-87.903,-21.0],[-87.924,-20.75],[-87.75,-20.436],[-87.222,-20.5]]]},"properties":{"hvalue":1.2,"color":"#a7c2e0"}},{"type":"Feature","geometry":{"type":"Polygon","coordinates":[[[-91.25,-18.668],[-90.897,-19.0],[-90.901,-19.25],[-91.0,-19.46],[-91.256,-19.5],[-91.605,-19.75],[-92.0,-19.855],[-92.0,-19.595],[-91.52,-18.75],[-91.25,-18.668]]]},"properties":{"hvalue":1.2,"color":"#a7c2e0"}},{"type":"Feature","geometry":{"type":"Polygon","coordinates":[[[-88.012,-50.0],[-88.05,-49.5],[-88.184,-49.25],[-87.701,-48.5],[-87.823,-48.25],[-88.307,-47.75],[-88.388,-47.25],[-89.0,-46.327],[-89.173,-45.75],[-89.059,-45.5],[-89.082,-45.25],[-88.919,-45.0],[-89.0,-44.8],[-90.386,-44.0],[-90.525,-43.75],[-90.53,-43.5],[-91.25,-43.305],[-91.77,-43.0],[-91.929,-42.75],[-91.934,-42.25],[-91.69,-41.25],[-91.549,-41.0],[-91.624,-40.75],[-92.5,-40.687],[-93.725,-40.25],[-93.776,-39.75],[-94.523,-39.0],[-94.483,-38.75],[-94.316,-38.5],[-93.259,-37.75],[-93.304,-37.5],[-93.75,-37.396],[-95.25,-37.633],[-95.55,-37.5],[-95.855,-37.0],[-95.776,-36.75],[-95.125,-36.25],[-94.918,-36.0],[-94.969,-35.75],[-94.851,-35.25],[-94.063,-34.75],[-94.25,-34.683],[-94.7,-34.75],[-95.25,-35.22],[-95.5,-35.302],[-95.603,-35.25],[-95.696,-35.0],[-95.473,-34.5],[-95.081,-34.0],[-94.503,-32.75],[-93.75,-32.096],[-93.25,-31.821],[-91.75,-31.689],[-91.614,-31.5],[-92.017,-31.0],[-92.037,-30.75],[-92.294,-30.25],[-92.118,-29.5],[-91.374,-29.0],[-92.75,-28.568],[-93.043,-28.25],[-92.995,-28.0],[-92.0,-27.355],[-91.5,-27.303],[-91.0,-27.666],[-89.75,-27.873],[-89.25,-28.118],[-88.5,-28.137],[-87.75,-28.322],[-87.5,-28.18],[-87.38,-28.25],[-87.25,-28.676],[-87.0,-28.737],[-86.518,-28.5],[-86.531,-28.25],[-86.397,-28.0],[-86.105,-27.75],[-85.974,-27.5],[-86.092,-27.0],[-85.777,-26.5],[-85.5,-26.312],[-85.0,-26.2],[-84.318,-26.25],[-84.0,-26.566],[-83.75,-26.686],[-83.25,-27.288],[-83.0,-27.373],[-82.75,-27.348],[-82.559,-27.25],[-82.382,-27.0],[-82.372,-26.5],[-82.5,-26.397],[-82.75,-26.499],[-83.0,-26.446],[-83.054,-26.25],[-82.795,-25.75],[-82.5,-25.419],[-82.444,-25.0],[-82.25,-24.672],[-82.0,-24.549],[-81.5,-24.53],[-81.0,-24.248],[-80.673,-24.25],[-80.343,-24.5],[-80.156,-25.0],[-79.828,-25.25],[-79.0,-25.376],[-78.0,-23.605],[-77.5,-23.319],[-77.25,-23.326],[-77.135,-23.5],[-77.187,-24.0],[-77.362,-25.0],[-77.643,-25.5],[-77.75,-26.278],[-78.0,-26.252],[-78.5,-25.734],[-78.75,-25.683],[-79.5,-26.372],[-79.946,-26.5],[-79.645,-27.0],[-79.25,-27.265],[-78.75,-28.382],[-78.25,-28.686],[-78.0,-29.097],[-78.066,-30.0],[-78.5,-30.901],[-78.75,-31.107],[-79.0,-31.14],[-79.25,-31.067],[-79.5,-30.876],[-79.731,-31.0],[-79.0,-32.363],[-78.75,-32.648],[-78.0,-32.823],[-77.844,-33.0],[-77.916,-33.25],[-78.176,-33.5],[-78.75,-33.735],[-79.0,-33.736],[-79.5,-33.367],[-79.75,-33.406],[-80.5,-33.918],[-81.143,-34.0],[-81.628,-34.5],[-81.719,-34.75],[-80.75,-35.108],[-80.25,-35.61],[-79.997,-36.25],[-80.18,-36.75],[-80.0,-36.916],[-79.865,-37.0],[-79.5,-37.035],[-78.75,-36.69],[-78.199,-37.0],[-78.228,-37.25],[-78.455,-37.75],[-78.534,-38.25],[-78.25,-38.505],[-78.106,-38.75],[-78.128,-39.25],[-78.0,-39.326],[-77.75,-39.278],[-77.25,-39.005],[-76.75,-38.863],[-76.5,-38.629],[-76.296,-38.0],[-76.75,-37.568],[-76.93,-37.25],[-77.656,-36.75],[-77.114,-35.75],[-76.525,-35.0],[-76.25,-34.518],[-76.332,-33.75],[-76.128,-32.75],[-76.348,-31.75],[-76.342,-31.0],[-76.641,-30.25],[-76.75,-29.584],[-77.0,-29.106],[-77.5,-28.702],[-77.609,-28.5],[-77.577,-28.0],[-77.468,-27.5],[-77.25,-27.265],[-77.0,-27.291],[-76.881,-27.5],[-76.753,-28.25],[-76.5,-28.368],[-75.104,-27.5],[-74.936,-27.25],[-74.75,-26.595],[-74.454,-26.25],[-74.361,-26.0],[-74.358,-25.5],[-74.185,-25.0],[-74.25,-24.806],[-74.5,-24.813],[-75.0,-25.117],[-75.25,-25.091],[-75.439,-25.0],[-75.503,-24.75],[-75.787,-24.5],[-75.839,-24.25],[-75.75,-23.913],[-75.453,-23.5],[-75.376,-22.75],[-75.25,-22.618],[-74.75,-22.591],[-74.634,-22.5],[-74.298,-22.0],[-74.103,-21.5],[-73.972,-20.75],[-74.165,-19.75],[-74.25,-19.593],[-74.75,-19.554],[-75.0,-19.644],[-75.267,-20.0],[-75.512,-21.0],[-75.75,-21.422],[-76.0,-21.549],[-76.094,-21.25],[-76.058,-20.5],[-76.593,-19.75],[-76.808,-19.25],[-77.088,-18.5],[-77.114,-17.75],[-77.25,-17.531],[-77.5,-17.345],[-77.582,-17.75],[-77.589,-18.75],[-77.75,-19.079],[-78.25,-18.701],[-78.826,-18.0],[-79.051,-17.25],[-79.162,-16.5],[-79.25,-16.396],[-79.667,-16.0],[-80.25,-15.254],[-81.0,-15.137],[-81.143,-15.0],[-81.617,-14.25],[-81.773,-13.5],[-82.0,-13.328],[-82.75,-13.23],[-83.001,-13.5],[-83.75,-13.877],[-84.497,-14.75],[-84.75,-14.882],[-85.158,-14.75],[-85.25,-14.499],[-85.5,-14.301],[-85.75,-14.314],[-85.84,-14.5],[-85.835,-14.75],[-86.0,-14.907],[-86.75,-15.101],[-87.25,-15.32],[-87.5,-15.249],[-87.75,-16.23],[-88.0,-16.381],[-88.24,-16.25],[-88.378,-15.75],[-88.545,-15.5],[-89.0,-15.119],[-89.5,-14.934],[-89.75,-14.928],[-90.0,-15.126],[-90.065,-15.5],[-90.026,-16.0],[-90.322,-16.25],[-90.75,-16.389],[-91.25,-16.403],[-91.598,-16.25],[-91.958,-16.0],[-92.25,-15.653],[-92.75,-15.648],[-93.25,-15.541],[-93.422,-15.75],[-93.538,-16.25],[-93.29,-16.75],[-92.511,-17.75],[-92.432,-18.0],[-92.5,-18.144],[-92.75,-18.249],[-93.25,-18.137],[-94.0,-17.709],[-94.75,-17.695],[-95.5,-18.252],[-96.0,-18.458],[-96.155,-18.75],[-95.723,-19.0],[-95.594,-19.25],[-95.596,-19.5],[-96.0,-20.086],[-96.296,-20.25],[-96.376,-20.5],[-96.267,-20.75],[-96.401,-21.0],[-96.75,-21.147],[-97.75,-21.086],[-98.25,-21.272],[-99.021,-21.25],[-99.334,-21.0],[-99.019,-20.5],[-99.014,-20.25],[-99.25,-20.063],[-99.5,-20.019],[-99.75,-20.052],[-100.75,-20.516],[-101.0,-20.56],[-101.5,-20.431],[-102.09,-20.0],[-102.75,-19.241],[-103.097,-18.5],[-103.25,-18.335],[-104.255,-17.5],[-104.458,-17.25],[-104.759,-16.5],[-104.432,-16.0],[-103.75,-15.913],[-103.25,-15.692],[-102.44,-15.5],[-102.634,-15.0],[-102.821,-14.75],[-102.831,-14.25],[-102.75,-14.059],[-102.5,-13.995],[-102.283,-14.25],[-102.183,-14.75],[-102.38,-15.0],[-102.0,-15.478],[-101.75,-15.451],[-101.149,-14.75],[-101.089,-14.5],[-101.241,-14.0],[-101.029,-13.75],[-101.392,-13.0],[-101.75,-12.837],[-102.624,-12.75],[-102.65,-12.5],[-102.792,-12.25],[-103.072,-12.0],[-103.0,-11.54],[-102.683,-11.5],[-102.57,-11.25],[-102.569,-10.75],[-102.277,-10.25],[-102.289,-10.0],[-102.5,-9.826],[-102.75,-9.94],[-103.0,-9.801],[-103.631,-10.0],[-103.5,-10.318],[-103.181,-10.5],[-103.134,-10.75],[-103.617,-12.0],[-104.0,-12.112],[-104.5,-11.99],[-104.75,-11.797],[-105.472,-10.75],[-106.0,-10.462],[-106.25,-10.224],[-106.5,-10.114],[-107.5,-9.958],[-107.75,-9.571],[-108.0,-9.396],[-109.0,-9.068],[-109.056,-9.0],[-108.959,-8.5],[-108.796,-8.25],[-108.25,-7.627],[-107.771,-7.25],[-107.718,-7.0],[-107.949,-6.75],[-107.5,-5.726],[-107.75,-5.466],[-108.25,-5.391],[-108.5,-5.223],[-109.25,-4.988],[-109.534,-4.75],[-109.587,-4.5],[-109.546,-4.0],[-109.414,-3.75],[-109.438,-3.5],[-109.772,-3.25],[-110.25,-2.991],[-111.0,-3.038],[-111.25,-3.16],[-111.474,-3.0],[-111.82,-2.0],[-111.371,-1.25],[-111.5,-0.75],[-111.75,-0.494],[-112.25,-0.317],[-112.5,-0.324],[-113.0,0.394],[-113.574,0.5],[-113.497,0.75],[-113.0,0.971],[-112.917,1.25],[-113.0,1.348],[-113.25,1.334],[-113.75,1.088],[-114.0,1.099],[-114.249,1.25],[-114.302,1.5],[-114.281,1.75],[-114.12,2.0],[-113.452,2.5],[-113.25,2.762],[-113.0,2.56],[-112.75,2.172],[-112.0,2.571],[-110.25,4.067],[-110.0,3.717],[-109.5,4.027],[-109.25,3.97],[-109.0,3.681],[-108.75,3.586],[-108.204,3.75],[-108.454,4.0],[-108.5,4.186],[-108.75,4.13],[-108.84,4.25],[-108.25,4.329],[-108.16,5.0],[-107.75,5.104],[-107.5,5.058],[-106.99,5.25],[-106.548,5.75],[-106.43,6.0],[-106.427,6.25],[-106.75,6.371],[-107.0,6.302],[-107.25,6.098],[-107.651,6.0],[-108.75,5.088],[-110.75,4.831],[-112.47,4.25],[-113.0,3.913],[-113.25,3.905],[-113.469,4.0],[-113.584,4.5],[-114.0,4.608],[-114.25,4.579],[-114.5,4.714],[-114.737,5.0],[-115.853,7.5],[-116.312,8.25],[-116.427,8.75],[-116.303,9.5],[-116.365,10.25],[-116.5,10.484],[-116.75,10.696],[-117.25,10.756],[-117.5,10.988],[-117.75,11.442],[-117.905,12.0],[-117.929,14.0],[-117.677,14.5],[-117.5,14.649],[-117.25,14.701],[-116.779,14.5],[-116.25,13.818],[-116.0,13.657],[-115.5,13.565],[-115.25,13.657],[-114.995,14.0],[-114.993,14.25],[-115.202,14.75],[-115.7,15.5],[-115.992,16.25],[-115.946,16.5],[-115.38,17.0],[-115.231,17.25],[-115.191,17.5],[-115.368,18.5],[-115.204,18.75],[-114.516,19.25],[-114.603,19.75],[-114.307,20.0],[-114.0,20.12],[-113.75,20.143],[-113.5,19.984],[-113.0,19.854],[-112.5,19.874],[-112.313,20.0],[-112.983,20.25],[-113.75,20.362],[-113.848,20.5],[-114.872,21.0],[-115.227,21.25],[-115.0,21.688],[-114.848,21.75],[-114.75,21.913],[-114.644,21.75],[-114.25,21.67],[-113.776,21.75],[-113.873,22.0],[-114.0,22.069],[-114.25,22.135],[-114.75,22.049],[-114.923,22.25],[-114.882,22.5],[-114.5,22.7],[-114.192,22.75],[-114.403,23.0],[-114.359,23.5],[-114.714,24.0],[-114.527,24.25],[-114.0,24.592],[-113.5,24.546],[-113.237,24.75],[-112.94,25.25],[-112.971,25.75],[-113.186,26.0],[-113.5,26.196],[-114.041,26.791],[-113.2,26.7],[-112.5,26.0],[-112.25,26.0],[-112.25,24.75],[-112.0,24.5],[-111.596,24.346],[-111.25,24.0],[-111.0,24.0],[-110.25,23.25],[-110.25,23.0],[-110.0,22.75],[-109.75,22.75],[-109.25,23.25],[-109.25,23.44],[-108.75,24.192],[-108.5,24.35],[-108.25,24.374],[-108.0,24.248],[-107.527,24.277],[-105.98,22.73],[-105.945,22.25],[-105.75,22.031],[-105.75,21.75],[-105.367,21.383],[-105.5,21.25],[-105.5,21.0],[-105.75,20.75],[-105.75,20.0],[-105.0,19.25],[-104.75,19.25],[-104.25,18.75],[-104.0,18.75],[-103.25,18.0],[-102.5,18.0],[-102.25,17.75],[-101.75,17.75],[-101.0,17.0],[-100.25,17.0],[-99.75,16.5],[-98.75,16.5],[-98.75,16.25],[-98.5,16.0],[-98.0,16.0],[-97.75,15.75],[-97.25,15.75],[-97.0,15.5],[-96.25,15.5],[-96.0,15.75],[-95.5,15.75],[-95.209,16.041],[-95.0,16.104],[-94.75,16.123],[-94.5,16.0],[-94.271,16.0],[-94.0,15.793],[-93.731,15.731],[-93.25,15.25],[-93.0,15.25],[-91.5,13.75],[-90.25,13.75],[-89.75,13.25],[-89.0,13.25],[-88.75,13.0],[-87.819,13.0],[-86.67,11.92],[-86.598,11.75],[-85.978,11.228],[-85.88,10.62],[-86.0,10.5],[-86.0,10.25],[-85.25,9.5],[-85.0,9.5],[-84.75,9.75],[-84.75,9.5],[-84.5,9.25],[-84.0,9.25],[-83.75,9.0],[-83.75,8.5],[-83.5,8.25],[-83.411,8.339],[-83.25,8.332],[-83.0,8.0],[-82.854,8.146],[-82.429,8.179],[-81.917,7.75],[-81.897,7.603],[-82.0,7.5],[-81.75,7.223],[-81.25,7.413],[-81.0,7.382],[-81.0,7.25],[-80.75,7.0],[-80.5,7.25],[-80.25,7.25],[-79.886,7.5],[-79.5,8.115],[-79.25,8.3],[-79.0,8.07],[-78.78,8.0],[-77.833,7.083],[-77.75,6.75],[-77.561,6.561],[-77.682,6.25],[-77.5,5.982],[-77.687,5.5],[-77.692,4.75],[-78.256,4.0],[-77.83,3.75],[-77.787,3.5],[-78.408,2.75],[-78.5,2.75],[-78.75,2.5],[-78.75,2.165],[-79.0,1.865],[-80.25,0.75],[-80.25,0.233],[-81.0,-1.0],[-81.076,-1.25],[-81.0,-1.535],[-81.139,-2.25],[-80.98,-2.5],[-80.947,-2.75],[-81.5,-4.5],[-81.44,-4.56],[-81.355,-5.5],[-81.25,-6.0],[-80.75,-6.5],[-80.5,-6.49],[-80.0,-6.84],[-80.0,-7.0],[-79.75,-7.25],[-79.75,-7.5],[-79.5,-7.75],[-79.5,-8.0],[-79.25,-8.25],[-79.0,-8.286],[-79.0,-8.5],[-78.75,-8.867],[-78.75,-9.0],[-78.5,-9.283],[-78.5,-9.75],[-78.25,-10.0],[-78.25,-10.25],[-78.0,-10.5],[-78.0,-10.75],[-77.75,-11.0],[-77.75,-11.25],[-77.25,-11.75],[-77.25,-12.0],[-77.0,-12.25],[-77.0,-12.5],[-76.75,-12.75],[-76.75,-13.0],[-76.346,-13.404],[-76.376,-13.876],[-76.5,-14.0],[-76.0,-14.5],[-76.0,-14.75],[-75.5,-15.25],[-75.25,-15.25],[-74.5,-16.0],[-74.25,-16.0],[-74.0,-16.25],[-73.75,-16.25],[-73.5,-16.5],[-73.25,-16.5],[-73.0,-16.75],[-72.5,-16.75],[-72.0,-17.25],[-71.75,-17.25],[-71.5,-17.5],[-71.5,-17.75],[-71.25,-18.0],[-71.0,-18.0],[-70.5,-18.5],[-70.5,-19.25],[-70.25,-19.5],[-70.25,-22.25],[-70.5,-22.5],[-70.5,-22.873],[-70.75,-23.25],[-70.527,-23.473],[-70.5,-23.626],[-70.5,-24.0],[-70.75,-24.25],[-70.75,-24.75],[-70.5,-25.0],[-70.5,-25.248],[-70.75,-25.5],[-70.75,-26.673],[-71.0,-27.0],[-71.0,-27.5],[-71.25,-27.75],[-71.25,-28.382],[-71.5,-28.75],[-71.562,-29.0],[-71.5,-29.078],[-71.5,-30.033],[-71.75,-30.5],[-71.75,-31.75],[-71.5,-32.0],[-71.75,-32.25],[-71.5,-32.5],[-71.75,-32.75],[-71.75,-33.593],[-72.0,-34.0],[-72.0,-34.25],[-72.25,-34.5],[-72.25,-34.967],[-72.75,-35.5],[-72.75,-35.75],[-73.0,-36.0],[-73.0,-36.34],[-73.75,-37.25],[-73.75,-37.75],[-73.5,-38.0],[-73.538,-38.288],[-73.75,-38.5],[-73.5,-38.75],[-73.5,-39.0],[-73.25,-39.25],[-73.5,-39.5],[-73.5,-39.75],[-74.0,-40.25],[-74.0,-41.5],[-73.89,-41.61],[-74.25,-42.0],[-74.25,-42.75],[-74.5,-43.0],[-74.5,-43.25],[-74.25,-43.5],[-73.841,-43.5],[-74.0,-43.575],[-74.5,-44.25],[-74.5,-44.357],[-74.694,-44.5],[-74.75,-44.75],[-74.5,-45.036],[-74.823,-45.573],[-75.25,-46.0],[-75.25,-46.25],[-75.712,-46.712],[-75.74,-46.5],[-75.23,-45.5],[-74.999,-45.25],[-75.38,-44.75],[-74.935,-44.0],[-74.95,-43.75],[-75.166,-43.5],[-75.0,-42.885],[-75.25,-42.839],[-76.0,-43.294],[-76.75,-43.469],[-77.0,-43.622],[-78.25,-45.397],[-79.013,-46.25],[-78.879,-46.5],[-78.122,-46.75],[-77.894,-47.0],[-78.013,-47.25],[-79.0,-47.649],[-79.5,-47.68],[-79.904,-47.5],[-80.0,-46.738],[-80.25,-46.605],[-80.75,-46.503],[-81.5,-46.545],[-82.036,-46.75],[-82.165,-47.0],[-82.108,-47.25],[-82.25,-47.58],[-83.0,-48.394],[-84.289,-49.0],[-85.25,-49.186],[-85.75,-49.393],[-85.976,-49.75],[-85.845,-50.0],[-85.822,-50.25],[-86.0,-50.731],[-86.5,-50.843],[-87.0,-50.646],[-87.5,-50.591],[-88.012,-50.0]]]},"properties":{"hvalue":1.2,"color":"#a7c2e0"}},{"type":"Feature","geometry":{"type":"Polygon","coordinates":[[[-117.25,-3.717],[-117.31,-3.5],[-117.25,-3.469],[-116.0,-3.217],[-115.25,-3.233],[-114.757,-3.75],[-114.71,-4.0],[-114.857,-4.25],[-115.25,-4.339],[-116.25,-4.136],[-116.75,-3.578],[-117.0,-3.564],[-117.25,-3.717]]]},"properties":{"hvalue":1.2,"color":"#a7c2e0"}},{"type":"Feature","geometry":{"type":"Polygon","coordinates":[[[-134.025,2.5],[-134.25,2.336],[-134.466,2.75],[-134.233,3.75],[-134.0,4.182],[-133.5,3.93],[-133.25,3.978],[-133.0,4.266],[-132.75,4.409],[-132.0,4.567],[-131.75,4.774],[-131.25,5.432],[-130.75,5.69],[-130.25,5.844],[-129.75,5.788],[-129.137,5.25],[-128.75,4.587],[-128.5,4.374],[-128.0,4.245],[-127.75,4.275],[-127.491,4.5],[-127.424,5.5],[-127.31,5.75],[-126.5,6.416],[-126.25,6.512],[-126.0,6.498],[-124.672,6.0],[-124.652,5.75],[-125.039,5.25],[-126.75,3.658],[-127.0,3.568],[-127.5,3.816],[-127.75,3.808],[-128.25,3.401],[-128.75,3.321],[-129.75,3.473],[-130.75,3.281],[-131.385,3.0],[-131.95,2.5],[-132.076,2.25],[-131.984,2.0],[-132.25,1.893],[-132.962,2.0],[-133.34,2.5],[-133.5,2.587],[-134.025,2.5]]]},"properties":{"hvalue":1.2,"color":"#a7c2e0"}},{"type":"Feature","geometry":{"type":"Polygon","coordinates":[[[-123.295,4.0],[-123.578,5.0],[-123.75,5.153],[-124.069,5.25],[-124.166,6.0],[-124.061,6.25],[-123.75,6.406],[-123.5,6.347],[-122.5,5.402],[-122.25,5.407],[-122.0,5.555],[-121.25,6.277],[-121.0,6.709],[-120.823,7.25],[-120.825,8.0],[-120.5,8.624],[-120.175,8.5],[-119.923,7.75],[-119.0,6.691],[-118.121,6.0],[-117.882,5.5],[-118.0,5.355],[-118.5,5.215],[-119.0,4.855],[-120.0,3.336],[-120.25,3.23],[-121.0,3.272],[-121.5,3.714],[-121.75,3.73],[-122.75,3.081],[-123.295,4.0]]]},"properties":{"hvalue":1.2,"color":"#a7c2e0"}},{"type":"Feature","geometry":{"type":"Polygon","coordinates":[[[-115.75,18.772],[-115.803,18.5],[-116.0,18.298],[-116.25,18.166],[-116.438,18.25],[-116.501,18.5],[-116.25,18.996],[-116.0,19.039],[-115.75,18.772]]]},"properties":{"hvalue":1.2,"color":"#a7c2e0"}},{"type":"Feature","geometry":{"type":"Polygon","coordinates":[[[-115.0,25.148],[-115.3,25.25],[-115.135,25.5],[-115.0,25.583],[-114.643,25.5],[-114.759,25.25],[-115.0,25.148]]]},"properties":{"hvalue":1.2,"color":"#a7c2e0"}},{"type":"Feature","geometry":{"type":"Polygon","coordinates":[[[-114.606,27.25],[-114.751,27.5],[-114.75,27.5],[-114.307,27.057],[-114.606,27.25]]]},"properties":{"hvalue":1.2,"color":"#a7c2e0"}},{"type":"Feature","geometry":{"type":"Polygon","coordinates":[[[-115.407,29.25],[-115.835,29.75],[-115.997,30.247],[-115.75,30.0],[-115.75,29.75],[-115.5,29.5],[-115.25,29.5],[-114.591,28.841],[-114.75,28.533],[-115.117,28.25],[-114.937,28.0],[-115.223,27.777],[-115.425,28.0],[-115.483,28.25],[-115.528,28.5],[-115.394,29.0],[-115.407,29.25]]]},"properties":{"hvalue":1.2,"color":"#a7c2e0"}},{"type":"Feature","geometry":{"type":"Polygon","coordinates":[[[-118.13,29.13],[-118.25,29.25],[-118.369,29.131],[-118.381,29.25],[-118.25,29.454],[-118.079,29.25],[-118.13,29.13]]]},"properties":{"hvalue":1.2,"color":"#a7c2e0"}},{"type":"Feature","geometry":{"type":"Polygon","coordinates":[[[-114.09,29.75],[-114.25,30.176],[-114.19,30.5],[-113.95,30.75],[-113.5,30.749],[-112.75,29.822],[-112.579,29.25],[-112.75,29.0],[-112.673,28.923],[-113.066,29.184],[-113.0,29.25],[-113.5,29.75],[-113.75,29.5],[-114.0,29.75],[-114.09,29.75]]]},"properties":{"hvalue":1.2,"color":"#a7c2e0"}},{"type":"Feature","geometry":{"type":"Polygon","coordinates":[[[-116.306,30.75],[-116.336,30.836],[-116.25,30.681],[-116.306,30.75]]]},"properties":{"hvalue":1.2,"color":"#a7c2e0"}},{"type":"Feature","geometry":{"type":"Polygon","coordinates":[[[-116.515,31.25],[-116.532,31.282],[-116.5,31.223],[-116.515,31.25]]]},"properties":{"hvalue":1.2,"color":"#a7c2e0"}},{"type":"Feature","geometry":{"type":"Polygon","coordinates":[[[-116.926,31.926],[-116.75,31.75],[-116.75,31.547],[-116.903,31.75],[-116.926,31.926]]]},"properties":{"hvalue":1.2,"color":"#a7c2e0"}},{"type":"Feature","geometry":{"type":"Polygon","coordinates":[[[-118.0,33.099],[-118.5,32.798],[-118.717,33.0],[-119.0,33.664],[-119.25,33.493],[-119.352,33.25],[-119.5,33.14],[-119.617,33.25],[-119.75,33.736],[-120.25,33.89],[-120.375,34.0],[-121.273,35.523],[-121.0,35.5],[-121.0,35.25],[-120.75,35.0],[-120.75,34.75],[-120.25,34.25],[-119.87,34.25],[-119.867,34.133],[-120.0,34.0],[-119.75,33.75],[-119.5,34.0],[-119.682,34.182],[-119.5,34.25],[-119.25,34.0],[-118.5,34.0],[-118.5,33.75],[-118.25,33.5],[-117.75,33.5],[-117.25,33.0],[-117.25,32.5],[-117.0,32.194],[-117.796,33.0],[-118.0,33.099]]]},"properties":{"hvalue":1.2,"color":"#a7c2e0"}},{"type":"Feature","geometry":{"type":"Polygon","coordinates":[[[-141.75,32.959],[-142.75,32.956],[-143.75,33.099],[-145.0,33.619],[-146.25,33.885],[-147.0,33.917],[-147.75,33.841],[-148.5,33.626],[-149.0,33.585],[-150.5,33.983],[-150.75,33.904],[-151.5,33.881],[-152.5,34.169],[-153.5,34.692],[-154.141,34.75],[-153.877,35.0],[-154.0,35.19],[-154.145,35.25],[-154.75,35.051],[-155.0,35.078],[-157.75,35.758],[-158.5,35.732],[-159.75,35.39],[-160.25,35.419],[-161.0,35.843],[-161.989,36.25],[-163.108,37.0],[-163.272,37.25],[-163.315,37.5],[-163.0,37.853],[-162.0,37.677],[-161.5,37.688],[-161.352,37.75],[-161.161,38.25],[-160.5,38.556],[-160.0,38.64],[-159.25,38.502],[-159.0,38.562],[-158.25,39.438],[-158.0,39.54],[-157.0,39.596],[-156.365,40.0],[-156.0,40.366],[-155.273,40.75],[-155.017,41.0],[-154.926,41.25],[-153.733,41.75],[-153.311,42.25],[-152.5,42.788],[-152.024,43.25],[-151.966,43.5],[-152.056,43.75],[-151.933,44.0],[-151.25,44.292],[-151.0,44.488],[-150.715,45.25],[-149.796,45.75],[-149.487,46.25],[-148.663,47.0],[-148.25,47.693],[-147.764,48.25],[-147.771,48.5],[-147.63,48.75],[-147.205,49.0],[-146.826,49.5],[-146.5,49.719],[-145.606,50.0],[-145.403,50.25],[-144.21,50.75],[-143.535,51.75],[-143.476,52.0],[-142.5,53.365],[-142.279,53.5],[-142.625,53.75],[-142.728,54.0],[-142.575,54.25],[-142.25,54.565],[-141.649,54.75],[-141.367,55.0],[-141.321,55.5],[-141.414,55.75],[-141.628,56.0],[-142.25,56.46],[-143.25,56.943],[-143.389,57.25],[-143.759,57.5],[-144.5,57.659],[-145.75,57.609],[-146.5,57.891],[-147.25,57.93],[-147.339,58.0],[-147.355,58.25],[-147.5,58.423],[-147.75,58.548],[-148.25,58.475],[-149.25,57.96],[-150.0,57.816],[-151.75,57.236],[-152.8,57.0],[-154.052,56.448],[-153.5,57.0],[-153.0,57.0],[-152.75,57.25],[-152.5,57.25],[-152.25,57.5],[-152.067,58.0],[-151.72,58.25],[-151.977,59.0],[-151.0,59.0],[-150.75,59.25],[-150.25,59.25],[-150.0,59.5],[-149.75,59.5],[-149.5,59.75],[-148.5,59.75],[-148.392,59.858],[-148.088,59.838],[-148.0,59.75],[-147.928,59.822],[-147.599,59.849],[-147.5,59.75],[-147.25,60.0],[-147.293,60.043],[-147.0,60.267],[-146.75,60.238],[-146.367,60.367],[-146.25,60.25],[-145.306,60.25],[-144.453,60.0],[-144.25,59.865],[-144.008,60.0],[-142.184,60.0],[-141.75,59.75],[-141.545,59.75],[-141.0,59.5],[-140.633,59.5],[-139.25,59.082],[-138.584,59.0],[-138.25,58.86],[-138.0,58.618],[-137.872,58.622],[-137.75,58.5],[-137.5,58.5],[-137.25,58.25],[-136.973,58.25],[-136.75,58.138],[-136.75,58.0],[-136.25,57.5],[-136.0,57.5],[-136.0,57.25],[-135.5,56.834],[-135.5,56.75],[-135.25,56.5],[-135.0,56.5],[-135.0,56.25],[-134.75,56.0],[-134.669,56.081],[-134.5,56.066],[-133.795,55.75],[-133.652,55.25],[-133.5,55.091],[-133.296,55.046],[-132.75,54.5],[-132.365,54.5],[-132.75,54.367],[-133.0,54.373],[-133.25,54.0],[-133.25,53.75],[-132.0,52.5],[-131.75,52.5],[-131.75,52.25],[-131.5,52.0],[-131.25,52.0],[-131.162,52.088],[-131.0,51.909],[-129.5,51.778],[-128.5,51.33],[-128.374,51.25],[-128.792,51.0],[-128.678,50.75],[-128.417,50.667],[-127.75,50.0],[-127.437,49.937],[-127.25,49.75],[-127.107,49.75],[-126.813,49.563],[-126.25,49.094],[-125.095,48.5],[-124.955,48.0],[-124.736,47.75],[-124.484,46.75],[-124.475,46.25],[-124.576,46.0],[-124.517,45.5],[-124.634,45.0],[-124.949,44.5],[-125.012,44.25],[-124.955,43.75],[-125.032,43.5],[-124.912,42.75],[-124.75,42.649],[-124.526,42.25],[-124.5,42.0],[-124.257,41.5],[-124.261,41.0],[-124.5,40.5],[-124.5,40.25],[-124.0,39.75],[-124.0,39.25],[-123.75,39.0],[-123.75,38.75],[-122.75,37.75],[-122.75,37.5],[-122.0,36.75],[-122.0,36.275],[-122.219,36.5],[-123.351,38.25],[-123.838,38.75],[-124.75,39.967],[-125.0,40.043],[-125.75,39.766],[-125.975,39.5],[-126.056,39.25],[-126.0,38.971],[-126.28,38.25],[-125.918,37.25],[-125.984,36.75],[-125.922,36.5],[-126.0,36.465],[-126.25,36.65],[-127.5,37.208],[-127.75,37.135],[-127.781,37.0],[-127.687,36.5],[-127.75,35.867],[-127.876,35.75],[-128.75,35.458],[-129.0,35.462],[-129.5,35.729],[-130.0,35.767],[-130.75,35.75],[-131.5,35.563],[-132.75,36.025],[-132.814,36.0],[-132.795,35.75],[-132.229,35.25],[-132.161,35.0],[-132.5,34.834],[-132.75,34.826],[-133.75,35.055],[-134.25,35.015],[-134.018,34.25],[-134.059,33.75],[-134.25,33.484],[-134.75,33.216],[-135.25,33.189],[-136.75,33.466],[-138.25,34.025],[-138.5,34.042],[-138.75,33.432],[-139.0,33.25],[-139.75,33.152],[-139.992,33.0],[-140.034,32.75],[-140.25,32.658],[-140.5,32.634],[-140.75,32.718],[-141.25,33.058],[-141.75,32.959]]]},"properties":{"hvalue":1.2,"color":"#a7c2e0"}},{"type":"Feature","geometry":{"type":"Polygon","coordinates":[[[-98.75,53.67],[-98.208,53.5],[-98.181,53.0],[-98.25,52.895],[-98.307,53.0],[-98.607,53.107],[-98.75,53.25],[-99.09,53.25],[-99.0,53.557],[-98.75,53.67]]]},"properties":{"hvalue":1.2,"color":"#a7c2e0"}},{"type":"Feature","geometry":{"type":"Polygon","coordinates":[[[-94.44,68.31],[-94.5,68.25],[-94.776,68.25],[-94.5,68.493],[-94.44,68.31]]]},"properties":{"hvalue":1.2,"color":"#a7c2e0"}},{"type":"Feature","geometry":{"type":"Polygon","coordinates":[[[-88.433,69.183],[-88.25,69.149],[-88.014,69.0],[-88.25,69.0],[-88.433,69.183]]]},"properties":{"hvalue":1.2,"color":"#a7c2e0"}},{"type":"Feature","geometry":{"type":"Polygon","coordinates":[[[-98.699,70.75],[-97.25,70.909],[-96.687,70.813],[-96.75,70.75],[-96.5,70.5],[-96.306,70.444],[-96.5,70.25],[-96.5,70.0],[-96.365,69.865],[-96.5,69.805],[-97.0,69.971],[-98.129,70.0],[-98.598,70.5],[-98.699,70.75]]]},"properties":{"hvalue":1.2,"color":"#a7c2e0"}},{"type":"Feature","geometry":{"type":"Polygon","coordinates":[[[-91.25,69.773],[-91.5,70.146],[-91.75,70.236],[-92.25,70.75],[-92.477,70.75],[-92.75,71.08],[-92.75,71.25],[-93.25,71.75],[-93.427,71.573],[-93.587,71.75],[-93.343,72.0],[-92.8,72.25],[-92.571,72.571],[-92.5,72.5],[-90.978,72.75],[-90.25,73.069],[-89.804,73.5],[-90.0,73.788],[-90.341,73.841],[-90.5,74.0],[-90.75,74.0],[-90.947,74.197],[-90.0,74.168],[-88.75,73.537],[-88.51,73.5],[-89.0,73.5],[-90.0,72.5],[-90.0,71.5],[-89.75,71.25],[-89.25,71.25],[-89.5,71.0],[-89.0,70.5],[-88.75,70.5],[-88.5,70.25],[-88.0,70.25],[-87.75,70.0],[-87.581,70.169],[-87.25,70.142],[-87.0,69.993],[-85.355,69.895],[-85.569,69.681],[-87.0,69.801],[-88.5,70.115],[-89.15,70.5],[-89.75,71.178],[-90.147,71.5],[-90.25,71.837],[-90.5,72.003],[-92.0,71.553],[-92.078,71.5],[-91.998,71.25],[-91.216,70.5],[-90.068,70.0],[-89.277,69.5],[-88.639,69.25],[-89.75,69.25],[-89.862,69.138],[-90.146,69.5],[-90.5,69.75],[-91.25,69.773]]]},"properties":{"hvalue":1.2,"color":"#a7c2e0"}},{"type":"Feature","geometry":{"type":"Polygon","coordinates":[[[-114.25,74.324],[-112.0,74.25],[-111.947,74.303],[-110.59,74.25],[-111.25,74.139],[-111.5,73.886],[-111.75,73.853],[-113.997,74.0],[-114.356,74.25],[-114.25,74.324]]]},"properties":{"hvalue":1.2,"color":"#a7c2e0"}},{"type":"Feature","geometry":{"type":"Polygon","coordinates":[[[-108.607,74.25],[-107.25,74.431],[-106.764,74.25],[-106.587,74.0],[-107.876,74.0],[-108.607,74.25]]]},"properties":{"hvalue":1.2,"color":"#a7c2e0"}},{"type":"Feature","geometry":{"type":"Polygon","coordinates":[[[-114.789,74.5],[-114.413,74.5],[-114.5,74.379],[-114.789,74.5]]]},"properties":{"hvalue":1.2,"color":"#a7c2e0"}},{"type":"Feature","geometry":{"type":"Polygon","coordinates":[[[-96.25,73.77],[-97.75,74.25],[-98.75,74.301],[-99.25,74.156],[-100.38,74.25],[-100.864,74.5],[-100.5,74.764],[-98.75,74.764],[-98.494,74.75],[-98.25,74.609],[-97.75,74.569],[-97.5,74.387],[-97.25,74.399],[-96.997,74.5],[-97.424,74.75],[-96.5,74.848],[-96.25,74.674],[-95.75,74.613],[-95.25,74.387],[-94.717,74.5],[-93.5,74.5],[-93.37,74.63],[-93.016,74.75],[-93.068,75.0],[-93.264,75.25],[-93.5,75.315],[-93.75,75.5],[-94.0,75.5],[-93.99,75.75],[-94.121,76.0],[-93.0,76.143],[-92.887,76.137],[-92.75,76.0],[-92.5,76.0],[-92.25,75.75],[-92.5,75.5],[-92.5,75.25],[-91.75,74.5],[-88.5,74.5],[-88.332,74.332],[-90.25,74.391],[-91.905,74.25],[-95.0,74.25],[-95.5,73.75],[-95.5,73.591],[-95.877,73.5],[-95.629,73.371],[-95.75,73.183],[-96.183,73.25],[-96.25,73.77]]]},"properties":{"hvalue":1.2,"color":"#a7c2e0"}},{"type":"Feature","geometry":{"type":"Polygon","coordinates":[[[-95.483,75.75],[-95.482,76.0],[-95.25,76.071],[-94.995,76.0],[-94.978,75.75],[-95.483,75.75]]]},"properties":{"hvalue":1.2,"color":"#a7c2e0"}},{"type":"Feature","geometry":{"type":"Polygon","coordinates":[[[-93.0,77.0],[-93.591,77.0],[-94.0,77.178],[-95.019,77.25],[-92.0,77.246],[-90.934,77.0],[-90.772,76.75],[-92.75,76.75],[-93.0,77.0]]]},"properties":{"hvalue":1.2,"color":"#a7c2e0"}},{"type":"Feature","geometry":{"type":"Polygon","coordinates":[[[-81.019,-73.731],[-82.5,-73.75],[-82.555,-73.695],[-82.25,-73.737],[-81.75,-73.607],[-81.119,-73.631],[-81.019,-73.731]]]},"properties":{"hvalue":1.2,"color":"#a7c2e0"}},{"type":"Feature","geometry":{"type":"Polygon","coordinates":[[[-84.0,-73.5],[-84.8,-73.45],[-83.992,-73.5],[-84.0,-73.5]]]},"properties":{"hvalue":1.2,"color":"#a7c2e0"}},{"type":"Feature","geometry":{"type":"Polygon","coordinates":[[[-78.25,-73.214],[-78.25,-73.25],[-78.5,-73.25],[-78.25,-73.214]]]},"properties":{"hvalue":1.2,"color":"#a7c2e0"}},{"type":"Feature","geometry":{"type":"Polygon","coordinates":[[[-79.144,-72.894],[-79.25,-73.0],[-80.0,-73.0],[-80.25,-73.25],[-80.675,-73.25],[-80.5,-72.964],[-79.144,-72.894]]]},"properties":{"hvalue":1.2,"color":"#a7c2e0"}},{"type":"Feature","geometry":{"type":"Polygon","coordinates":[[[-72.754,-54.246],[-73.25,-54.093],[-73.513,-53.75],[-73.25,-54.004],[-72.904,-54.096],[-72.754,-54.246]]]},"properties":{"hvalue":1.2,"color":"#a7c2e0"}},{"type":"Feature","geometry":{"type":"Polygon","coordinates":[[[-73.803,-53.303],[-73.914,-53.414],[-74.163,-53.25],[-73.901,-53.25],[-73.803,-53.303]]]},"properties":{"hvalue":1.2,"color":"#a7c2e0"}},{"type":"Feature","geometry":{"type":"Polygon","coordinates":[[[-75.031,-52.25],[-75.041,-52.209],[-75.0,-52.25],[-75.031,-52.25]]]},"properties":{"hvalue":1.2,"color":"#a7c2e0"}},{"type":"Feature","geometry":{"type":"Polygon","coordinates":[[[-75.25,-51.058],[-75.25,-51.25],[-75.25,-51.61],[-75.362,-51.5],[-75.25,-51.058]]]},"properties":{"hvalue":1.2,"color":"#a7c2e0"}},{"type":"Feature","geometry":{"type":"Polygon","coordinates":[[[-75.497,-50.503],[-75.25,-50.75],[-75.25,-50.987],[-75.546,-50.75],[-75.497,-50.503]]]},"properties":{"hvalue":1.2,"color":"#a7c2e0"}},{"type":"Feature","geometry":{"type":"Polygon","coordinates":[[[-75.5,-50.0],[-75.5,-50.49],[-75.63,-50.25],[-75.594,-50.0],[-75.752,-49.75],[-75.736,-49.264],[-75.5,-49.5],[-75.75,-49.75],[-75.5,-50.0]]]},"properties":{"hvalue":1.2,"color":"#a7c2e0"}},{"type":"Feature","geometry":{"type":"Polygon","coordinates":[[[-75.321,-47.5],[-75.035,-47.25],[-75.351,-47.0],[-75.25,-47.0],[-75.064,-46.814],[-74.93,-46.82],[-74.75,-47.0],[-74.309,-47.0],[-74.5,-47.25],[-74.5,-47.364],[-74.75,-47.535],[-74.924,-47.576],[-75.0,-47.5],[-75.5,-48.0],[-75.5,-48.25],[-75.75,-48.5],[-75.75,-49.202],[-75.821,-49.0],[-75.763,-48.25],[-75.68,-48.0],[-75.321,-47.5]]]},"properties":{"hvalue":1.2,"color":"#a7c2e0"}},{"type":"Feature","geometry":{"type":"Polygon","coordinates":[[[-86.75,-25.259],[-86.25,-25.107],[-85.818,-25.25],[-86.0,-25.537],[-86.25,-25.688],[-86.615,-25.75],[-86.75,-25.864],[-87.25,-25.638],[-87.321,-25.5],[-87.093,-25.25],[-86.75,-25.259]]]},"properties":{"hvalue":1.2,"color":"#a7c2e0"}},{"type":"Feature","geometry":{"type":"Polygon","coordinates":[[[-81.07,-21.75],[-81.013,-22.0],[-81.25,-22.197],[-81.5,-22.133],[-81.696,-22.0],[-81.726,-21.5],[-81.5,-21.37],[-81.07,-21.75]]]},"properties":{"hvalue":1.2,"color":"#a7c2e0"}},{"type":"Feature","geometry":{"type":"Polygon","coordinates":[[[-84.25,-17.74],[-84.145,-17.75],[-84.06,-18.0],[-84.25,-18.116],[-84.469,-18.0],[-84.25,-17.74]]]},"properties":{"hvalue":1.2,"color":"#a7c2e0"}},{"type":"Feature","geometry":{"type":"Polygon","coordinates":[[[-86.093,-16.0],[-86.004,-16.25],[-86.25,-16.324],[-86.342,-16.25],[-86.25,-15.853],[-86.093,-16.0]]]},"properties":{"hvalue":1.2,"color":"#a7c2e0"}},{"type":"Feature","geometry":{"type":"Polygon","coordinates":[[[-85.75,-15.276],[-85.5,-14.981],[-85.4,-15.0],[-85.327,-15.25],[-85.5,-15.326],[-85.75,-15.276]]]},"properties":{"hvalue":1.2,"color":"#a7c2e0"}},{"type":"Feature","geometry":{"type":"Polygon","coordinates":[[[-82.345,10.25],[-81.975,11.25],[-82.011,11.5],[-81.862,12.0],[-82.395,12.5],[-82.75,12.564],[-83.0,12.515],[-83.225,12.75],[-83.26,13.0],[-83.014,13.75],[-82.75,13.97],[-82.588,14.25],[-82.512,14.75],[-82.25,15.033],[-81.888,15.25],[-81.915,15.5],[-82.25,15.883],[-82.5,16.063],[-83.0,16.136],[-83.171,16.25],[-82.934,16.75],[-82.25,16.983],[-81.74,17.0],[-81.303,16.75],[-81.0,16.25],[-80.614,16.0],[-80.0,15.807],[-79.709,16.0],[-80.0,16.157],[-80.25,16.179],[-80.5,16.57],[-80.862,16.75],[-80.888,17.0],[-80.75,17.21],[-80.25,16.906],[-79.25,17.116],[-78.5,16.92],[-78.25,16.947],[-78.14,17.0],[-78.5,17.214],[-78.646,17.5],[-78.25,17.626],[-77.25,17.518],[-76.679,17.75],[-76.25,17.75],[-76.0,18.0],[-76.159,18.159],[-76.118,18.25],[-75.75,18.361],[-74.75,18.211],[-74.241,18.0],[-73.75,17.614],[-73.25,17.641],[-73.0,17.575],[-72.5,17.099],[-72.0,16.967],[-70.467,16.25],[-70.05,16.0],[-69.851,15.75],[-69.503,15.5],[-68.613,15.25],[-68.148,15.0],[-68.056,14.75],[-68.151,14.5],[-68.434,14.25],[-68.471,14.0],[-68.272,13.5],[-68.0,13.37],[-67.0,13.236],[-66.616,12.75],[-66.644,12.5],[-66.548,12.25],[-67.112,11.75],[-67.11,11.5],[-66.917,11.0],[-67.081,10.75],[-67.539,10.711],[-68.0,10.817],[-68.25,10.975],[-68.25,11.25],[-68.5,11.5],[-68.817,11.5],[-69.0,11.713],[-69.75,11.929],[-69.943,12.307],[-69.75,12.5],[-70.0,12.75],[-70.372,12.5],[-70.421,12.25],[-70.589,12.0],[-70.681,11.5],[-71.099,11.25],[-71.75,11.25],[-71.75,11.5],[-71.45,11.75],[-71.25,11.75],[-71.0,12.0],[-71.0,12.25],[-71.25,12.5],[-71.75,12.5],[-72.861,11.75],[-73.0,11.75],[-73.148,11.602],[-73.75,11.303],[-74.0,11.5],[-74.5,11.124],[-74.608,11.108],[-74.75,11.25],[-74.957,11.043],[-75.25,11.0],[-75.75,10.537],[-77.0,10.115],[-77.898,9.5],[-78.172,9.422],[-78.75,9.655],[-79.5,9.75],[-79.595,9.655],[-81.0,9.188],[-81.612,9.112],[-81.75,9.25],[-82.0,9.246],[-82.25,9.463],[-82.486,9.486],[-82.652,9.652],[-82.667,9.75],[-82.345,10.25]]]},"properties":{"hvalue":1.2,"color":"#a7c2e0"}},{"type":"Feature","geometry":{"type":"Polygon","coordinates":[[[-87.145,17.25],[-86.535,17.0],[-87.142,16.5],[-87.156,16.25],[-87.5,16.164],[-87.877,16.25],[-87.817,16.75],[-87.5,17.176],[-87.145,17.25]]]},"properties":{"hvalue":1.2,"color":"#a7c2e0"}},{"type":"Feature","geometry":{"type":"Polygon","coordinates":[[[-68.036,24.25],[-67.925,24.25],[-68.0,24.118],[-68.036,24.25]]]},"properties":{"hvalue":1.2,"color":"#a7c2e0"}},{"type":"Feature","geometry":{"type":"Polygon","coordinates":[[[-76.669,64.081],[-75.5,64.104],[-74.741,64.259],[-74.0,64.101],[-73.25,64.058],[-73.13,64.0],[-72.999,63.75],[-72.75,63.594],[-72.319,63.569],[-72.25,63.5],[-72.196,63.554],[-71.25,62.75],[-71.128,62.75],[-70.793,62.5],[-71.0,62.277],[-71.25,62.253],[-72.75,62.392],[-73.5,62.574],[-74.5,62.5],[-74.75,62.305],[-75.104,62.354],[-75.25,62.5],[-76.2,62.5],[-76.5,62.633],[-76.918,62.668],[-77.0,62.75],[-77.75,62.75],[-78.25,62.25],[-78.25,62.0],[-77.75,61.433],[-77.75,61.25],[-77.951,61.25],[-78.0,61.405],[-78.25,61.47],[-79.5,61.368],[-79.923,61.5],[-79.5,61.5],[-79.336,61.664],[-78.967,61.75],[-78.897,62.0],[-79.092,62.25],[-79.32,62.32],[-79.5,62.5],[-80.0,62.5],[-80.5,62.0],[-80.082,61.582],[-80.5,61.893],[-82.5,61.828],[-83.525,62.0],[-83.0,62.0],[-82.869,62.131],[-82.0,62.315],[-81.597,62.5],[-81.5,62.691],[-81.5,62.777],[-81.75,62.95],[-82.5,63.08],[-82.602,63.0],[-83.5,63.0],[-83.742,62.758],[-85.25,62.764],[-85.75,62.487],[-86.664,62.5],[-86.878,62.25],[-87.563,62.0],[-87.75,61.762],[-87.832,61.5],[-87.857,61.25],[-87.72,60.5],[-87.569,60.25],[-86.862,59.75],[-86.685,59.5],[-86.5,58.989],[-85.937,58.5],[-85.0,57.8],[-84.25,57.422],[-81.733,56.75],[-81.0,56.783],[-79.998,57.498],[-79.75,57.25],[-79.5,57.5],[-79.75,57.75],[-79.981,57.519],[-79.75,57.832],[-79.418,58.0],[-79.51,58.25],[-79.752,58.5],[-80.5,58.81],[-80.67,59.0],[-80.667,59.5],[-80.5,59.678],[-80.168,59.832],[-80.25,59.75],[-80.035,59.535],[-80.25,59.573],[-80.392,59.5],[-80.25,59.169],[-79.904,59.25],[-79.727,59.75],[-79.911,59.911],[-79.75,59.946],[-78.25,59.587],[-77.953,59.75],[-77.77,60.0],[-77.976,60.5],[-78.435,60.565],[-78.293,60.707],[-78.0,60.688],[-77.75,60.547],[-77.75,60.25],[-77.503,60.003],[-77.5,59.75],[-77.75,59.75],[-78.497,59.003],[-78.87,58.75],[-78.5,58.408],[-78.126,58.25],[-78.0,57.956],[-77.25,57.783],[-76.996,57.496],[-77.0,57.137],[-78.566,57.5],[-78.786,57.25],[-78.735,57.0],[-79.0,56.892],[-79.75,56.926],[-79.953,56.75],[-79.726,56.5],[-80.0,56.5],[-80.25,56.25],[-80.077,56.077],[-80.138,55.75],[-79.75,55.357],[-79.0,55.171],[-78.647,55.0],[-79.5,55.0],[-79.592,54.908],[-79.75,54.904],[-79.902,54.75],[-79.422,53.5],[-79.5,53.39],[-79.75,53.487],[-80.0,53.458],[-80.235,53.25],[-80.161,53.0],[-79.75,52.866],[-79.5,52.946],[-78.95,52.25],[-79.25,52.121],[-79.381,52.131],[-79.5,52.25],[-79.75,52.0],[-79.616,51.866],[-79.75,51.449],[-80.208,51.458],[-80.75,52.0],[-81.022,52.022],[-80.95,52.25],[-80.538,52.5],[-80.577,52.673],[-80.5,52.75],[-80.75,53.067],[-81.0,53.25],[-81.127,53.25],[-81.5,53.574],[-81.728,54.75],[-82.0,55.078],[-82.25,55.23],[-83.0,55.411],[-83.75,55.5],[-83.839,55.411],[-84.206,55.456],[-85.5,55.881],[-86.0,55.939],[-88.813,57.0],[-89.325,57.5],[-89.437,57.75],[-89.456,58.5],[-90.165,59.75],[-90.153,60.0],[-90.368,61.0],[-90.272,62.0],[-89.75,62.826],[-89.108,63.5],[-88.5,63.717],[-87.288,63.962],[-87.5,63.75],[-87.25,63.5],[-86.75,63.406],[-85.75,63.5],[-85.75,63.25],[-85.5,63.0],[-85.0,63.0],[-84.901,63.099],[-83.577,63.25],[-83.25,63.479],[-82.632,63.632],[-82.5,63.5],[-81.5,63.5],[-81.25,63.25],[-80.25,63.425],[-80.116,63.5],[-80.051,63.75],[-80.407,63.907],[-80.75,64.25],[-81.417,64.25],[-82.0,64.75],[-82.564,64.814],[-82.75,65.0],[-82.978,65.0],[-83.506,65.25],[-83.812,65.5],[-83.25,65.641],[-83.152,65.75],[-83.368,66.0],[-82.75,66.14],[-81.616,66.75],[-81.5,66.75],[-81.25,67.0],[-81.25,67.25],[-81.055,67.445],[-80.844,67.25],[-80.737,67.0],[-80.805,66.75],[-81.0,66.375],[-81.5,65.998],[-81.678,65.75],[-81.707,65.5],[-81.5,65.142],[-81.0,64.821],[-80.684,64.5],[-80.321,64.25],[-79.5,64.021],[-78.75,63.919],[-78.25,63.949],[-78.106,64.25],[-78.25,64.435],[-78.271,64.5],[-78.25,64.522],[-78.0,64.25],[-77.75,64.25],[-77.394,64.25],[-77.25,64.143],[-76.867,64.117],[-76.75,64.0],[-76.669,64.081]],[[-78.0,64.0],[-77.75,63.75],[-77.459,64.0],[-77.75,64.25],[-78.0,64.0]]]},"properties":{"hvalue":1.2,"color":"#a7c2e0"}},{"type":"Feature","geometry":{"type":"Polygon","coordinates":[[[-78.438,60.938],[-78.196,60.946],[-78.052,60.802],[-78.293,60.793],[-78.438,60.938]]]},"properties":{"hvalue":1.2,"color":"#a7c2e0"}},{"type":"Feature","geometry":{"type":"Polygon","coordinates":[[[-83.944,62.5],[-83.75,62.745],[-83.75,62.5],[-83.995,62.255],[-83.944,62.5]]]},"properties":{"hvalue":1.2,"color":"#a7c2e0"}},{"type":"Feature","geometry":{"type":"Polygon","coordinates":[[[-87.0,64.032],[-86.941,64.0],[-87.109,64.0],[-87.0,64.032]]]},"properties":{"hvalue":1.2,"color":"#a7c2e0"}},{"type":"Feature","geometry":{"type":"Polygon","coordinates":[[[-73.787,65.537],[-74.0,65.75],[-73.75,65.75],[-73.787,65.537]]]},"properties":{"hvalue":1.2,"color":"#a7c2e0"}},{"type":"Feature","geometry":{"type":"Polygon","coordinates":[[[-77.5,65.652],[-75.5,66.042],[-74.713,65.75],[-74.29,65.71],[-74.5,65.5],[-75.0,65.5],[-75.214,65.286],[-75.5,65.5],[-75.75,65.5],[-75.851,65.399],[-76.157,65.407],[-76.25,65.5],[-77.25,65.5],[-77.5,65.25],[-77.843,65.25],[-77.5,65.652]]]},"properties":{"hvalue":1.2,"color":"#a7c2e0"}},{"type":"Feature","geometry":{"type":"Polygon","coordinates":[[[-84.394,66.0],[-84.5,65.965],[-84.663,66.0],[-84.48,66.02],[-84.394,66.0]]]},"properties":{"hvalue":1.2,"color":"#a7c2e0"}},{"type":"Feature","geometry":{"type":"Polygon","coordinates":[[[-85.25,66.0],[-85.63,66.0],[-86.028,66.222],[-86.0,66.302],[-85.5,66.345],[-85.236,66.25],[-85.147,66.103],[-85.25,66.0]]]},"properties":{"hvalue":1.2,"color":"#a7c2e0"}},{"type":"Feature","geometry":{"type":"Polygon","coordinates":[[[-74.469,66.031],[-74.47,66.25],[-74.25,66.4],[-74.083,66.417],[-74.469,66.031]]]},"properties":{"hvalue":1.2,"color":"#a7c2e0"}},{"type":"Feature","geometry":{"type":"Polygon","coordinates":[[[-74.5,67.036],[-76.431,67.069],[-76.283,67.217],[-75.25,67.25],[-75.0,67.415],[-74.889,67.5],[-75.0,68.0],[-74.75,67.75],[-73.958,67.792],[-73.5,67.735],[-73.25,67.947],[-72.5,67.632],[-72.5,67.25],[-73.0,66.75],[-73.489,66.75],[-74.5,67.036]]]},"properties":{"hvalue":1.2,"color":"#a7c2e0"}},{"type":"Feature","geometry":{"type":"Polygon","coordinates":[[[-76.993,67.243],[-77.25,67.456],[-77.281,67.531],[-76.993,67.243]]]},"properties":{"hvalue":1.2,"color":"#a7c2e0"}},{"type":"Feature","geometry":{"type":"Polygon","coordinates":[[[-75.25,68.25],[-75.0,68.25],[-74.75,68.25],[-75.0,68.0],[-75.25,68.25]]]},"properties":{"hvalue":1.2,"color":"#a7c2e0"}},{"type":"Feature","geometry":{"type":"Polygon","coordinates":[[[-86.268,68.268],[-86.0,68.199],[-86.0,68.008],[-86.25,68.055],[-86.268,68.268]]]},"properties":{"hvalue":1.2,"color":"#a7c2e0"}},{"type":"Feature","geometry":{"type":"Polygon","coordinates":[[[-87.797,68.453],[-87.75,68.75],[-87.991,68.991],[-86.612,68.388],[-86.75,68.25],[-86.75,68.103],[-87.094,68.0],[-86.75,67.569],[-86.5,67.5],[-87.0,67.5],[-87.25,67.342],[-87.626,67.5],[-87.856,67.75],[-87.526,68.25],[-87.797,68.453]]]},"properties":{"hvalue":1.2,"color":"#a7c2e0"}},{"type":"Feature","geometry":{"type":"Polygon","coordinates":[[[-76.833,68.25],[-76.75,68.291],[-76.699,68.301],[-76.75,68.25],[-76.833,68.25]]]},"properties":{"hvalue":1.2,"color":"#a7c2e0"}},{"type":"Feature","geometry":{"type":"Polygon","coordinates":[[[-78.345,68.5],[-78.341,68.25],[-78.5,68.087],[-78.999,68.001],[-78.622,68.25],[-78.657,68.343],[-78.5,68.5],[-78.603,68.603],[-78.345,68.5]]]},"properties":{"hvalue":1.2,"color":"#a7c2e0"}},{"type":"Feature","geometry":{"type":"Polygon","coordinates":[[[-74.584,68.416],[-74.25,68.347],[-74.071,68.25],[-74.75,68.25],[-74.584,68.416]]]},"properties":{"hvalue":1.2,"color":"#a7c2e0"}},{"type":"Feature","geometry":{"type":"Polygon","coordinates":[[[-75.5,68.5],[-75.75,68.529],[-76.417,68.583],[-76.173,68.75],[-75.25,68.75],[-75.5,68.5]]]},"properties":{"hvalue":1.2,"color":"#a7c2e0"}},{"type":"Feature","geometry":{"type":"Polygon","coordinates":[[[-81.25,68.75],[-82.023,69.75],[-81.25,69.75],[-81.05,69.55],[-81.114,69.25],[-81.036,68.75],[-81.119,68.5],[-81.596,68.25],[-81.763,68.0],[-81.682,67.75],[-81.75,67.75],[-82.118,68.118],[-82.13,68.25],[-81.75,68.25],[-81.25,68.75]]]},"properties":{"hvalue":1.2,"color":"#a7c2e0"}},{"type":"Feature","geometry":{"type":"Polygon","coordinates":[[[-85.423,68.75],[-85.449,69.199],[-85.265,69.015],[-85.25,68.75],[-85.423,68.75]]]},"properties":{"hvalue":1.2,"color":"#a7c2e0"}},{"type":"Feature","geometry":{"type":"Polygon","coordinates":[[[-78.623,69.123],[-78.5,69.0],[-78.25,69.25],[-78.5,69.5],[-78.633,69.367],[-79.0,69.54],[-80.0,69.372],[-80.25,69.411],[-80.5,69.584],[-80.944,69.556],[-80.75,69.75],[-81.0,70.0],[-80.0,70.0],[-79.5,69.5],[-79.25,69.75],[-78.75,69.75],[-78.5,70.0],[-78.75,70.25],[-78.5,70.25],[-78.25,70.0],[-77.75,70.0],[-77.5,69.75],[-77.0,69.636],[-76.75,69.5],[-76.5,69.5],[-76.25,69.25],[-76.715,68.785],[-77.415,69.0],[-77.75,69.34],[-78.142,69.0],[-78.5,68.842],[-78.949,68.801],[-78.678,69.0],[-78.905,69.155],[-78.623,69.123]]]},"properties":{"hvalue":1.2,"color":"#a7c2e0"}},{"type":"Feature","geometry":{"type":"Polygon","coordinates":[[[-84.804,71.446],[-85.206,71.5],[-84.75,71.5],[-84.804,71.446]]]},"properties":{"hvalue":1.2,"color":"#a7c2e0"}},{"type":"Feature","geometry":{"type":"Polygon","coordinates":[[[-74.75,72.25],[-75.154,72.654],[-73.569,72.0],[-72.589,71.75],[-73.25,71.75],[-73.384,71.616],[-73.908,71.75],[-74.117,71.883],[-74.0,72.0],[-74.25,72.25],[-74.75,72.25]]]},"properties":{"hvalue":1.2,"color":"#a7c2e0"}},{"type":"Feature","geometry":{"type":"Polygon","coordinates":[[[-85.5,72.25],[-85.75,72.0],[-85.5,71.75],[-85.793,71.75],[-86.113,72.0],[-86.105,72.395],[-86.0,72.5],[-86.048,72.548],[-85.876,72.626],[-85.5,72.25]]]},"properties":{"hvalue":1.2,"color":"#a7c2e0"}},{"type":"Feature","geometry":{"type":"Polygon","coordinates":[[[-76.679,73.429],[-75.696,73.0],[-75.413,72.75],[-76.29,72.75],[-76.433,72.817],[-76.25,73.0],[-76.679,73.429]]]},"properties":{"hvalue":1.2,"color":"#a7c2e0"}},{"type":"Feature","geometry":{"type":"Polygon","coordinates":[[[-77.25,73.558],[-76.934,73.5],[-77.306,73.556],[-77.25,73.558]]]},"properties":{"hvalue":1.2,"color":"#a7c2e0"}},{"type":"Feature","geometry":{"type":"Polygon","coordinates":[[[-80.816,73.684],[-80.926,73.574],[-81.078,73.578],[-81.193,73.693],[-80.816,73.684]]]},"properties":{"hvalue":1.2,"color":"#a7c2e0"}},{"type":"Feature","geometry":{"type":"Polygon","coordinates":[[[-83.992,73.508],[-84.859,73.641],[-84.75,73.75],[-84.892,73.892],[-83.802,73.698],[-83.992,73.508]]]},"properties":{"hvalue":1.2,"color":"#a7c2e0"}},{"type":"Feature","geometry":{"type":"Polygon","coordinates":[[[-86.579,74.421],[-82.25,74.5],[-82.128,74.378],[-86.744,74.256],[-86.579,74.421]]]},"properties":{"hvalue":1.2,"color":"#a7c2e0"}},{"type":"Feature","geometry":{"type":"Polygon","coordinates":[[[-80.0,74.5],[-79.418,75.0],[-79.418,75.25],[-79.927,75.677],[-79.5,75.598],[-78.644,75.25],[-78.291,75.0],[-78.217,74.75],[-78.25,74.456],[-78.5,74.291],[-78.75,74.256],[-81.891,74.359],[-81.75,74.5],[-80.0,74.5]]]},"properties":{"hvalue":1.2,"color":"#a7c2e0"}},{"type":"Feature","geometry":{"type":"Polygon","coordinates":[[[-88.501,75.75],[-88.25,75.915],[-87.5,76.093],[-85.25,76.1],[-83.76,76.0],[-84.0,76.0],[-84.25,75.75],[-85.75,75.75],[-86.0,75.5],[-86.834,75.584],[-87.0,75.75],[-88.501,75.75]]]},"properties":{"hvalue":1.2,"color":"#a7c2e0"}},{"type":"Feature","geometry":{"type":"Polygon","coordinates":[[[-79.638,75.888],[-80.0,75.874],[-80.257,75.75],[-81.0,75.75],[-81.25,76.0],[-80.0,76.0],[-79.831,76.169],[-79.565,76.185],[-79.75,76.0],[-79.638,75.888]]]},"properties":{"hvalue":1.2,"color":"#a7c2e0"}},{"type":"Feature","geometry":{"type":"Polygon","coordinates":[[[-81.25,76.0],[-81.75,76.0],[-82.153,76.0],[-81.385,76.135],[-81.25,76.0]]]},"properties":{"hvalue":1.2,"color":"#a7c2e0"}},{"type":"Feature","geometry":{"type":"Polygon","coordinates":[[[-78.25,76.25],[-78.0,76.5],[-77.75,76.5],[-77.5,76.75],[-77.75,77.0],[-78.194,77.0],[-78.5,77.169],[-79.264,77.25],[-78.0,77.25],[-77.713,77.537],[-76.822,77.75],[-76.0,77.75],[-75.593,78.157],[-73.5,78.439],[-72.83,78.42],[-73.0,78.25],[-72.914,78.164],[-73.0,77.983],[-72.323,77.5],[-71.169,77.081],[-71.25,77.0],[-71.0,76.75],[-70.251,76.75],[-70.0,76.48],[-69.25,76.392],[-69.25,76.281],[-70.0,76.336],[-71.75,76.8],[-72.753,77.25],[-73.612,77.5],[-73.788,77.75],[-73.743,78.0],[-74.25,78.065],[-75.0,78.002],[-75.75,77.832],[-76.31,77.5],[-76.776,77.0],[-76.921,76.0],[-77.0,75.956],[-77.75,75.833],[-79.41,75.84],[-79.25,76.0],[-79.399,76.149],[-79.25,76.215],[-78.25,76.25]]]},"properties":{"hvalue":1.2,"color":"#a7c2e0"}},{"type":"Feature","geometry":{"type":"Polygon","coordinates":[[[-58.23,-63.25],[-58.0,-63.069],[-57.75,-63.06],[-57.5,-63.102],[-57.276,-63.25],[-58.23,-63.25]]]},"properties":{"hvalue":1.2,"color":"#a7c2e0"}},{"type":"Feature","geometry":{"type":"Polygon","coordinates":[[[-56.376,-62.876],[-56.5,-63.066],[-56.75,-63.189],[-57.232,-63.25],[-57.0,-63.073],[-56.75,-63.075],[-56.376,-62.876]]]},"properties":{"hvalue":1.2,"color":"#a7c2e0"}},{"type":"Feature","geometry":{"type":"Polygon","coordinates":[[[-60.5,-63.197],[-61.204,-62.954],[-61.0,-62.75],[-61.2,-62.55],[-60.75,-62.294],[-60.06,-62.31],[-60.25,-62.5],[-60.0,-62.75],[-59.75,-62.75],[-59.5,-62.436],[-59.151,-63.0],[-58.285,-63.25],[-58.5,-63.25],[-58.75,-63.5],[-59.5,-63.466],[-59.539,-63.5],[-59.256,-63.506],[-59.392,-63.642],[-60.603,-63.647],[-60.742,-63.508],[-59.756,-63.25],[-60.0,-63.171],[-60.5,-63.197]]]},"properties":{"hvalue":1.2,"color":"#a7c2e0"}},{"type":"Feature","geometry":{"type":"Polygon","coordinates":[[[-68.05,-55.55],[-67.75,-55.25],[-67.5,-55.5],[-68.05,-55.55]]]},"properties":{"hvalue":1.2,"color":"#a7c2e0"}},{"type":"Feature","geometry":{"type":"Polygon","coordinates":[[[-67.206,-55.456],[-67.0,-55.194],[-66.841,-55.159],[-66.642,-55.25],[-67.206,-55.456]]]},"properties":{"hvalue":1.2,"color":"#a7c2e0"}},{"type":"Feature","geometry":{"type":"Polygon","coordinates":[[[-64.545,-54.75],[-64.25,-54.612],[-64.0,-54.636],[-63.9,-54.75],[-64.25,-54.828],[-64.545,-54.75]]]},"properties":{"hvalue":1.2,"color":"#a7c2e0"}},{"type":"Feature","geometry":{"type":"Polygon","coordinates":[[[-59.5,-52.321],[-59.78,-52.25],[-58.896,-52.25],[-59.5,-52.321]]]},"properties":{"hvalue":1.2,"color":"#a7c2e0"}},{"type":"Feature","geometry":{"type":"Polygon","coordinates":[[[-57.905,-51.345],[-57.585,-51.5],[-57.75,-51.723],[-58.25,-52.032],[-58.732,-52.232],[-58.54,-52.04],[-58.25,-52.0],[-57.75,-51.5],[-57.905,-51.345]]]},"properties":{"hvalue":1.2,"color":"#a7c2e0"}},{"type":"Feature","geometry":{"type":"Polygon","coordinates":[[[-60.5,-51.073],[-59.75,-51.092],[-58.609,-51.25],[-60.5,-51.25],[-60.75,-51.5],[-60.75,-51.75],[-61.0,-51.75],[-61.093,-51.843],[-61.314,-51.75],[-60.766,-51.5],[-60.678,-51.25],[-60.5,-51.073]]]},"properties":{"hvalue":1.2,"color":"#a7c2e0"}},{"type":"Feature","geometry":{"type":"Polygon","coordinates":[[[-61.077,-51.0],[-61.0,-50.953],[-60.839,-51.0],[-61.0,-51.045],[-61.077,-51.0]]]},"properties":{"hvalue":1.2,"color":"#a7c2e0"}},{"type":"Feature","geometry":{"type":"Polygon","coordinates":[[[-67.19,-54.0],[-67.799,-53.5],[-67.881,-53.25],[-67.826,-53.0],[-68.31,-52.5],[-67.449,-52.0],[-67.233,-51.75],[-67.063,-51.0],[-66.805,-50.75],[-65.644,-50.25],[-64.854,-49.75],[-64.564,-49.25],[-64.0,-48.776],[-63.75,-48.313],[-63.169,-47.75],[-62.377,-46.5],[-62.601,-46.0],[-62.314,-45.5],[-62.506,-45.25],[-64.0,-44.653],[-64.25,-44.461],[-64.545,-44.0],[-64.468,-43.75],[-64.189,-43.5],[-64.094,-43.25],[-63.5,-43.055],[-63.289,-42.75],[-63.5,-42.25],[-63.75,-42.0],[-64.048,-42.048],[-64.25,-41.948],[-64.358,-41.5],[-64.25,-41.334],[-63.0,-41.335],[-62.25,-41.171],[-61.81,-40.75],[-61.261,-39.75],[-60.595,-39.25],[-59.95,-39.0],[-59.5,-39.0],[-59.25,-38.75],[-58.5,-38.75],[-58.25,-38.5],[-58.0,-38.5],[-56.917,-37.5],[-56.536,-37.0],[-56.25,-36.4],[-56.0,-36.173],[-55.25,-35.02],[-54.5,-35.0],[-54.25,-34.75],[-54.0,-34.75],[-53.5,-34.25],[-53.5,-34.0],[-53.0,-33.5],[-52.75,-33.5],[-52.5,-33.25],[-52.5,-33.113],[-52.25,-32.75],[-52.236,-32.486],[-51.75,-32.0],[-51.819,-31.931],[-51.61,-31.89],[-51.5,-32.0],[-50.759,-31.259],[-51.161,-31.75],[-52.458,-33.75],[-53.396,-34.75],[-53.394,-35.0],[-54.139,-35.75],[-54.25,-36.473],[-54.369,-36.75],[-54.278,-37.25],[-54.322,-38.5],[-54.25,-39.0],[-54.396,-39.5],[-56.097,-41.0],[-57.16,-42.5],[-57.24,-43.25],[-57.448,-43.75],[-57.47,-44.0],[-57.38,-45.0],[-57.146,-45.5],[-56.926,-45.75],[-56.853,-46.25],[-56.889,-46.5],[-57.336,-47.0],[-57.515,-47.5],[-58.043,-48.0],[-58.75,-48.419],[-61.25,-48.961],[-61.75,-49.165],[-63.069,-50.25],[-64.75,-51.107],[-66.5,-52.288],[-66.651,-52.5],[-66.577,-52.75],[-66.938,-53.5],[-66.831,-53.75],[-65.517,-54.5],[-66.106,-54.5],[-66.5,-54.25],[-66.787,-54.213],[-67.0,-54.0],[-67.19,-54.0]]]},"properties":{"hvalue":1.2,"color":"#a7c2e0"}},{"type":"Feature","geometry":{"type":"Polygon","coordinates":[[[-50.0,-29.75],[-48.5,-28.25],[-48.5,-28.0],[-48.25,-27.75],[-48.25,-27.5],[-48.371,-27.379],[-48.5,-26.776],[-48.5,-26.0],[-48.25,-25.75],[-48.25,-25.5],[-47.5,-24.75],[-47.306,-24.75],[-48.0,-25.477],[-48.112,-25.75],[-48.185,-26.25],[-48.012,-27.25],[-48.555,-28.5],[-48.861,-28.75],[-49.75,-29.831],[-50.118,-30.5],[-50.513,-30.987],[-50.624,-30.876],[-50.594,-30.656],[-50.5,-30.75],[-50.0,-30.25],[-50.0,-29.75]]]},"properties":{"hvalue":1.2,"color":"#a7c2e0"}},{"type":"Feature","geometry":{"type":"Polygon","coordinates":[[[-46.952,-24.452],[-46.75,-24.25],[-46.662,-24.25],[-46.75,-24.326],[-46.952,-24.452]]]},"properties":{"hvalue":1.2,"color":"#a7c2e0"}},{"type":"Feature","geometry":{"type":"Polygon","coordinates":[[[-45.059,-23.75],[-45.25,-23.905],[-45.413,-23.913],[-44.979,-23.5],[-45.059,-23.75]]]},"properties":{"hvalue":1.2,"color":"#a7c2e0"}},{"type":"Feature","geometry":{"type":"Polygon","coordinates":[[[-44.5,-23.25],[-44.441,-23.25],[-44.575,-23.325],[-44.5,-23.25]]]},"properties":{"hvalue":1.2,"color":"#a7c2e0"}},{"type":"Feature","geometry":{"type":"Polygon","coordinates":[[[-44.163,-23.163],[-43.895,-23.0],[-43.702,-23.048],[-44.163,-23.163]]]},"properties":{"hvalue":1.2,"color":"#a7c2e0"}},{"type":"Feature","geometry":{"type":"Polygon","coordinates":[[[-41.75,-22.783],[-41.75,-22.5],[-41.433,-22.25],[-41.626,-22.5],[-41.75,-22.783]]]},"properties":{"hvalue":1.2,"color":"#a7c2e0"}},{"type":"Feature","geometry":{"type":"Polygon","coordinates":[[[-40.75,-21.0],[-40.152,-20.402],[-40.421,-21.0],[-40.542,-21.5],[-40.816,-21.934],[-40.958,-21.792],[-40.876,-21.376],[-40.75,-21.25],[-40.75,-21.0]]]},"properties":{"hvalue":1.2,"color":"#a7c2e0"}},{"type":"Feature","geometry":{"type":"Polygon","coordinates":[[[-43.355,-2.25],[-43.75,-2.065],[-44.0,-2.118],[-44.237,-2.0],[-44.223,-1.25],[-44.429,-1.0],[-44.448,-0.75],[-44.25,-0.593],[-44.0,-0.582],[-43.5,-0.824],[-42.75,-1.369],[-42.25,-1.632],[-41.75,-1.812],[-41.0,-1.922],[-40.443,-2.25],[-41.714,-2.5],[-42.473,-2.527],[-42.814,-2.436],[-43.0,-2.25],[-43.355,-2.25]]]},"properties":{"hvalue":1.2,"color":"#a7c2e0"}},{"type":"Feature","geometry":{"type":"Polygon","coordinates":[[[-40.568,-1.5],[-40.75,-1.549],[-41.136,-1.5],[-41.0,-1.373],[-40.75,-1.375],[-40.568,-1.5]]]},"properties":{"hvalue":1.2,"color":"#a7c2e0"}},{"type":"Feature","geometry":{"type":"Polygon","coordinates":[[[-43.235,-0.5],[-45.204,1.0],[-45.0,1.238],[-44.0,1.34],[-43.25,1.127],[-42.5,0.777],[-42.212,0.5],[-41.987,-0.25],[-42.471,-0.75],[-42.75,-0.729],[-43.235,-0.5]]]},"properties":{"hvalue":1.2,"color":"#a7c2e0"}},{"type":"Feature","geometry":{"type":"Polygon","coordinates":[[[-66.192,13.25],[-66.0,13.351],[-65.881,13.25],[-66.0,13.169],[-66.192,13.25]]]},"properties":{"hvalue":1.2,"color":"#a7c2e0"}},{"type":"Feature","geometry":{"type":"Polygon","coordinates":[[[-66.267,13.5],[-66.223,13.5],[-66.25,13.408],[-66.267,13.5]]]},"properties":{"hvalue":1.2,"color":"#a7c2e0"}},{"type":"Feature","geometry":{"type":"Polygon","coordinates":[[[-63.278,16.25],[-63.461,16.0],[-63.5,15.966],[-63.617,16.25],[-63.5,16.301],[-63.278,16.25]]]},"properties":{"hvalue":1.2,"color":"#a7c2e0"}},{"type":"Feature","geometry":{"type":"Polygon","coordinates":[[[-66.783,25.25],[-66.998,24.75],[-67.307,24.5],[-67.75,24.342],[-67.857,24.5],[-67.49,25.25],[-67.25,25.43],[-67.0,25.275],[-66.783,25.25]]]},"properties":{"hvalue":1.2,"color":"#a7c2e0"}},{"type":"Feature","geometry":{"type":"Polygon","coordinates":[[[-62.0,34.183],[-62.0,34.505],[-61.75,34.369],[-61.698,34.25],[-62.0,34.183]]]},"properties":{"hvalue":1.2,"color":"#a7c2e0"}},{"type":"Feature","geometry":{"type":"Polygon","coordinates":[[[-61.393,35.5],[-61.195,35.5],[-61.25,35.421],[-61.393,35.5]]]},"properties":{"hvalue":1.2,"color":"#a7c2e0"}},{"type":"Feature","geometry":{"type":"Polygon","coordinates":[[[-60.25,36.947],[-58.75,36.67],[-58.0,36.376],[-57.821,36.25],[-57.643,35.75],[-57.855,35.5],[-58.75,35.149],[-59.25,35.066],[-59.75,35.195],[-59.89,35.5],[-59.887,35.75],[-60.438,36.75],[-60.25,36.947]]]},"properties":{"hvalue":1.2,"color":"#a7c2e0"}},{"type":"Feature","geometry":{"type":"Polygon","coordinates":[[[-54.75,38.935],[-54.516,38.75],[-55.25,38.228],[-55.5,38.179],[-55.75,38.289],[-55.946,38.5],[-55.938,38.75],[-55.75,38.855],[-55.25,38.956],[-54.75,38.935]]]},"properties":{"hvalue":1.2,"color":"#a7c2e0"}},{"type":"Feature","geometry":{"type":"Polygon","coordinates":[[[-59.649,43.75],[-60.0,43.632],[-60.254,43.75],[-60.342,44.0],[-60.0,44.194],[-59.75,44.201],[-59.391,44.0],[-59.649,43.75]]]},"properties":{"hvalue":1.2,"color":"#a7c2e0"}},{"type":"Feature","geometry":{"type":"Polygon","coordinates":[[[-63.521,46.0],[-63.508,46.008],[-63.5,46.0],[-63.521,46.0]]]},"properties":{"hvalue":1.2,"color":"#a7c2e0"}},{"type":"Feature","geometry":{"type":"Polygon","coordinates":[[[-62.467,46.467],[-61.5,46.415],[-61.151,46.75],[-60.843,46.907],[-61.5,46.25],[-61.5,46.0],[-61.75,45.75],[-62.0,46.0],[-62.25,46.0],[-62.167,46.25],[-62.467,46.467]]]},"properties":{"hvalue":1.2,"color":"#a7c2e0"}},{"type":"Feature","geometry":{"type":"Polygon","coordinates":[[[-64.384,46.5],[-64.268,46.268],[-64.75,46.75],[-64.75,46.974],[-64.424,46.826],[-64.5,46.75],[-64.328,46.578],[-64.384,46.5]]]},"properties":{"hvalue":1.2,"color":"#a7c2e0"}},{"type":"Feature","geometry":{"type":"Polygon","coordinates":[[[-63.75,46.609],[-63.75,46.686],[-63.57,46.68],[-63.644,46.606],[-63.75,46.609]]]},"properties":{"hvalue":1.2,"color":"#a7c2e0"}},{"type":"Feature","geometry":{"type":"Polygon","coordinates":[[[-61.423,47.5],[-61.75,46.986],[-62.0,46.913],[-62.164,47.25],[-61.75,47.601],[-61.5,47.618],[-61.423,47.5]]]},"properties":{"hvalue":1.2,"color":"#a7c2e0"}},{"type":"Feature","geometry":{"type":"Polygon","coordinates":[[[-64.75,48.25],[-64.398,48.25],[-64.439,47.75],[-64.75,47.369],[-64.762,47.012],[-64.969,47.25],[-64.5,47.75],[-64.75,48.0],[-65.0,48.0],[-64.75,48.25]]]},"properties":{"hvalue":1.2,"color":"#a7c2e0"}},{"type":"Feature","geometry":{"type":"Polygon","coordinates":[[[-52.803,47.75],[-52.88,47.62],[-53.0,47.692],[-53.0,47.905],[-52.803,47.75]]]},"properties":{"hvalue":1.2,"color":"#a7c2e0"}},{"type":"Feature","geometry":{"type":"Polygon","coordinates":[[[-65.074,47.926],[-65.209,48.0],[-65.0,48.0],[-65.074,47.926]]]},"properties":{"hvalue":1.2,"color":"#a7c2e0"}},{"type":"Feature","geometry":{"type":"Polygon","coordinates":[[[-53.405,48.095],[-53.5,48.25],[-53.25,48.25],[-53.405,48.095]]]},"properties":{"hvalue":1.2,"color":"#a7c2e0"}},{"type":"Feature","geometry":{"type":"Polygon","coordinates":[[[-53.164,48.164],[-53.25,48.25],[-53.203,48.297],[-53.16,48.25],[-53.164,48.164]]]},"properties":{"hvalue":1.2,"color":"#a7c2e0"}},{"type":"Feature","geometry":{"type":"Polygon","coordinates":[[[-64.0,49.017],[-61.871,49.0],[-62.0,48.912],[-64.013,48.513],[-64.175,48.675],[-64.0,49.017]]]},"properties":{"hvalue":1.2,"color":"#a7c2e0"}},{"type":"Feature","geometry":{"type":"Polygon","coordinates":[[[-53.727,49.023],[-53.573,49.177],[-53.512,48.75],[-53.665,48.75],[-53.727,49.023]]]},"properties":{"hvalue":1.2,"color":"#a7c2e0"}},{"type":"Feature","geometry":{"type":"Polygon","coordinates":[[[-53.879,49.5],[-54.25,49.635],[-54.636,49.636],[-54.746,49.746],[-54.25,49.812],[-53.879,49.5]]]},"properties":{"hvalue":1.2,"color":"#a7c2e0"}},{"type":"Feature","geometry":{"type":"Polygon","coordinates":[[[-55.195,49.695],[-54.756,49.744],[-55.0,49.575],[-55.195,49.695]]]},"properties":{"hvalue":1.2,"color":"#a7c2e0"}},{"type":"Feature","geometry":{"type":"Polygon","coordinates":[[[-55.324,49.676],[-55.507,49.507],[-55.75,49.75],[-55.783,50.033],[-55.72,49.75],[-55.324,49.676]]]},"properties":{"hvalue":1.2,"color":"#a7c2e0"}},{"type":"Feature","geometry":{"type":"Polygon","coordinates":[[[-63.189,50.061],[-62.0,50.0],[-60.344,50.0],[-60.75,49.894],[-62.19,49.75],[-62.407,49.657],[-62.5,49.75],[-63.0,49.75],[-63.25,50.0],[-63.189,50.061]]]},"properties":{"hvalue":1.2,"color":"#a7c2e0"}},{"type":"Feature","geometry":{"type":"Polygon","coordinates":[[[-63.75,50.0],[-63.522,50.022],[-63.5,50.0],[-63.75,50.0]]]},"properties":{"hvalue":1.2,"color":"#a7c2e0"}},{"type":"Feature","geometry":{"type":"Polygon","coordinates":[[[-55.75,50.677],[-56.0,50.692],[-56.0,50.75],[-55.75,51.0],[-55.75,51.25],[-55.529,51.471],[-55.706,51.0],[-55.629,50.75],[-55.75,50.677]]]},"properties":{"hvalue":1.2,"color":"#a7c2e0"}},{"type":"Feature","geometry":{"type":"Polygon","coordinates":[[[-56.507,51.493],[-56.508,51.5],[-56.5,51.5],[-56.507,51.493]]]},"properties":{"hvalue":1.2,"color":"#a7c2e0"}},{"type":"Feature","geometry":{"type":"Polygon","coordinates":[[[-58.639,57.0],[-58.687,57.25],[-58.415,58.0],[-57.75,58.911],[-57.0,59.428],[-56.5,59.512],[-56.0,59.432],[-55.181,59.0],[-54.988,58.75],[-53.789,58.5],[-53.75,58.386],[-53.737,58.25],[-53.878,58.0],[-54.451,57.25],[-56.0,55.9],[-57.25,55.906],[-57.729,56.0],[-58.639,57.0]]]},"properties":{"hvalue":1.2,"color":"#a7c2e0"}},{"type":"Feature","geometry":{"type":"Polygon","coordinates":[[[-62.337,58.25],[-62.826,58.674],[-62.75,58.75],[-63.023,59.023],[-63.546,60.25],[-64.065,60.75],[-64.0,60.909],[-63.25,60.988],[-62.25,60.828],[-61.777,60.5],[-61.0,60.229],[-60.25,60.124],[-60.0,59.975],[-59.5,59.882],[-58.854,59.5],[-58.78,59.25],[-58.778,59.0],[-59.208,58.5],[-60.75,57.743],[-61.393,57.75],[-61.656,58.0],[-62.337,58.25]]]},"properties":{"hvalue":1.2,"color":"#a7c2e0"}},{"type":"Feature","geometry":{"type":"Polygon","coordinates":[[[-61.47,61.75],[-61.388,61.5],[-61.75,61.062],[-62.0,61.003],[-62.25,61.244],[-62.155,61.5],[-62.271,61.75],[-61.47,61.75]]]},"properties":{"hvalue":1.2,"color":"#a7c2e0"}},{"type":"Feature","geometry":{"type":"Polygon","coordinates":[[[-53.752,67.5],[-53.75,67.515],[-53.752,67.498],[-53.752,67.5]]]},"properties":{"hvalue":1.2,"color":"#a7c2e0"}},{"type":"Feature","geometry":{"type":"Polygon","coordinates":[[[-53.25,69.25],[-52.146,69.25],[-52.497,69.0],[-52.75,69.0],[-53.0,68.739],[-53.25,68.618],[-53.459,68.25],[-53.75,68.0],[-53.75,67.899],[-53.758,68.25],[-53.458,68.75],[-53.461,69.039],[-53.25,69.25]]]},"properties":{"hvalue":1.2,"color":"#a7c2e0"}},{"type":"Feature","geometry":{"type":"Polygon","coordinates":[[[-61.965,65.5],[-61.25,66.259],[-59.996,66.75],[-59.876,67.0],[-59.9,67.25],[-60.113,67.5],[-61.0,68.016],[-62.0,68.147],[-62.5,68.402],[-63.0,68.539],[-64.25,68.68],[-64.5,68.821],[-65.159,69.0],[-65.5,69.198],[-66.25,69.277],[-67.084,69.666],[-67.0,69.75],[-67.106,69.856],[-67.116,70.0],[-67.75,70.5],[-68.402,70.652],[-68.5,70.75],[-69.019,70.769],[-69.25,71.0],[-69.371,70.879],[-69.908,70.908],[-70.0,71.0],[-70.29,70.96],[-70.539,71.039],[-70.75,71.25],[-71.0,71.25],[-71.25,71.5],[-71.5,71.5],[-71.653,71.653],[-70.5,71.489],[-68.75,71.488],[-66.75,71.337],[-65.953,71.0],[-65.759,70.75],[-65.712,70.25],[-64.602,70.0],[-61.75,70.19],[-60.75,70.362],[-59.0,70.513],[-58.095,70.75],[-57.625,71.0],[-57.047,71.75],[-57.041,72.0],[-56.893,72.25],[-56.5,72.606],[-56.438,72.75],[-56.715,73.25],[-57.198,73.75],[-57.172,74.0],[-57.34,74.34],[-57.25,74.25],[-56.75,74.25],[-56.515,74.0],[-56.75,73.75],[-56.5,73.5],[-56.294,73.5],[-56.275,73.25],[-56.0,72.75],[-55.75,72.5],[-55.75,72.381],[-55.927,72.25],[-55.75,72.089],[-55.75,71.75],[-55.25,71.25],[-54.485,71.25],[-54.419,71.0],[-54.75,70.791],[-55.0,70.513],[-54.887,70.363],[-55.0,70.25],[-54.887,70.137],[-54.937,70.0],[-55.25,69.75],[-55.0,69.5],[-53.947,69.447],[-53.752,69.252],[-54.75,69.189],[-55.532,69.0],[-56.445,68.5],[-56.696,68.25],[-56.796,68.0],[-56.578,67.75],[-55.494,67.0],[-54.25,66.307],[-54.0,66.304],[-53.75,66.457],[-53.749,66.999],[-53.5,66.712],[-53.587,66.413],[-53.75,66.25],[-53.281,65.781],[-53.423,65.25],[-53.75,65.089],[-54.5,65.148],[-56.125,65.75],[-56.5,65.799],[-57.0,65.749],[-58.5,65.307],[-61.495,65.0],[-61.75,65.168],[-61.965,65.5]]]},"properties":{"hvalue":1.2,"color":"#a7c2e0"}},{"type":"Feature","geometry":{"type":"Polygon","coordinates":[[[-59.0,75.526],[-59.615,75.75],[-59.0,75.75],[-58.75,75.5],[-58.5,75.5],[-58.0,75.0],[-57.75,75.0],[-57.5,74.75],[-57.25,74.75],[-57.469,74.531],[-58.0,74.66],[-58.522,75.25],[-59.0,75.526]]]},"properties":{"hvalue":1.2,"color":"#a7c2e0"}},{"type":"Feature","geometry":{"type":"Polygon","coordinates":[[[-60.059,75.809],[-61.365,76.0],[-60.25,76.0],[-60.059,75.809]]]},"properties":{"hvalue":1.2,"color":"#a7c2e0"}},{"type":"Feature","geometry":{"type":"Polygon","coordinates":[[[-65.25,76.0],[-64.962,76.0],[-65.31,75.94],[-65.25,76.0]]]},"properties":{"hvalue":1.2,"color":"#a7c2e0"}},{"type":"Feature","geometry":{"type":"Polygon","coordinates":[[[-64.25,76.25],[-64.101,76.101],[-64.656,76.094],[-64.5,76.25],[-64.25,76.25]]]},"properties":{"hvalue":1.2,"color":"#a7c2e0"}},{"type":"Feature","geometry":{"type":"Polygon","coordinates":[[[-63.604,76.146],[-63.5,76.25],[-63.0,76.25],[-62.882,76.132],[-63.604,76.146]]]},"properties":{"hvalue":1.2,"color":"#a7c2e0"}},{"type":"Feature","geometry":{"type":"Polygon","coordinates":[[[10.0,-69.978],[10.022,-69.978],[9.963,-70.0],[10.0,-69.978]]]},"properties":{"hvalue":1.2,"color":"#a7c2e0"}},{"type":"Feature","geometry":{"type":"Polygon","coordinates":[[[-36.75,-54.0],[-37.257,-53.993],[-37.371,-53.879],[-36.75,-53.89],[-36.0,-54.031],[-35.454,-54.25],[-35.228,-54.5],[-35.415,-54.75],[-35.879,-54.879],[-35.75,-54.75],[-35.75,-54.5],[-36.0,-54.25],[-36.266,-54.25],[-36.75,-54.0]]]},"properties":{"hvalue":1.2,"color":"#a7c2e0"}},{"type":"Feature","geometry":{"type":"Polygon","coordinates":[[[-19.949,-49.25],[-20.835,-48.75],[-20.876,-48.5],[-20.5,-48.053],[-20.25,-48.013],[-19.25,-48.17],[-18.5,-48.077],[-17.25,-48.5],[-16.969,-48.75],[-17.25,-49.311],[-17.5,-49.499],[-17.75,-49.559],[-19.0,-49.495],[-19.949,-49.25]]]},"properties":{"hvalue":1.2,"color":"#a7c2e0"}},{"type":"Feature","geometry":{"type":"Polygon","coordinates":[[[8.75,-42.483],[7.895,-41.75],[8.25,-41.424],[8.5,-41.317],[9.0,-41.641],[9.75,-41.711],[10.594,-42.0],[11.236,-42.5],[11.2,-42.75],[11.0,-43.0],[10.75,-43.126],[9.5,-43.04],[8.939,-42.75],[8.75,-42.483]]]},"properties":{"hvalue":1.2,"color":"#a7c2e0"}},{"type":"Feature","geometry":{"type":"Polygon","coordinates":[[[5.75,-40.209],[6.293,-39.5],[5.822,-39.25],[6.182,-39.0],[8.0,-38.926],[8.347,-39.0],[8.545,-39.25],[8.5,-39.56],[7.559,-40.5],[7.692,-40.75],[7.5,-40.986],[6.75,-41.302],[6.5,-41.353],[6.153,-41.0],[5.747,-40.5],[5.75,-40.209]]]},"properties":{"hvalue":1.2,"color":"#a7c2e0"}},{"type":"Feature","geometry":{"type":"Polygon","coordinates":[[[-2.243,-32.5],[-2.0,-32.289],[-1.75,-32.303],[-1.558,-32.5],[-1.698,-32.75],[-2.0,-32.806],[-2.219,-32.75],[-2.243,-32.5]]]},"properties":{"hvalue":1.2,"color":"#a7c2e0"}},{"type":"Feature","geometry":{"type":"Polygon","coordinates":[[[-3.297,-28.25],[-2.0,-28.017],[-1.5,-28.098],[-1.25,-28.275],[-0.975,-28.75],[-1.25,-28.956],[-1.75,-28.945],[-3.179,-28.5],[-3.297,-28.25]]]},"properties":{"hvalue":1.2,"color":"#a7c2e0"}},{"type":"Feature","geometry":{"type":"Polygon","coordinates":[[[-38.728,-17.75],[-38.75,-18.018],[-39.0,-17.97],[-39.5,-18.244],[-39.5,-18.0],[-39.25,-18.0],[-39.0,-17.75],[-39.0,-17.269],[-38.728,-17.75]]]},"properties":{"hvalue":1.2,"color":"#a7c2e0"}},{"type":"Feature","geometry":{"type":"Polygon","coordinates":[[[-5.75,-16.101],[-6.052,-15.75],[-6.0,-15.673],[-5.75,-15.681],[-5.668,-15.75],[-5.641,-16.0],[-5.75,-16.101]]]},"properties":{"hvalue":1.2,"color":"#a7c2e0"}},{"type":"Feature","geometry":{"type":"Polygon","coordinates":[[[-6.828,-15.5],[-7.0,-15.627],[-7.294,-15.5],[-7.25,-15.372],[-7.0,-15.333],[-6.828,-15.5]]]},"properties":{"hvalue":1.2,"color":"#a7c2e0"}},{"type":"Feature","geometry":{"type":"Polygon","coordinates":[[[5.72,-14.5],[5.518,-13.0],[5.231,-12.0],[5.5,-11.741],[5.764,-12.0],[6.127,-13.5],[6.66,-15.0],[6.672,-15.25],[6.5,-15.531],[6.25,-15.35],[5.72,-14.5]]]},"properties":{"hvalue":1.2,"color":"#a7c2e0"}},{"type":"Feature","geometry":{"type":"Polygon","coordinates":[[[-0.812,-11.0],[-0.75,-10.552],[-0.5,-10.58],[-0.319,-10.75],[-0.274,-11.0],[-0.5,-11.163],[-0.812,-11.0]]]},"properties":{"hvalue":1.2,"color":"#a7c2e0"}},{"type":"Feature","geometry":{"type":"Polygon","coordinates":[[[-30.0,6.665],[-30.384,7.0],[-30.25,7.124],[-29.948,7.0],[-29.89,6.75],[-30.0,6.665]]]},"properties":{"hvalue":1.2,"color":"#a7c2e0"}},{"type":"Feature","geometry":{"type":"Polygon","coordinates":[[[-36.205,8.0],[-36.0,8.048],[-35.766,8.0],[-36.0,7.986],[-36.205,8.0]]]},"properties":{"hvalue":1.2,"color":"#a7c2e0"}},{"type":"Feature","geometry":{"type":"Polygon","coordinates":[[[-61.298,15.5],[-61.536,15.75],[-61.0,16.25],[-61.25,16.5],[-61.899,16.75],[-61.75,16.822],[-61.67,17.0],[-61.7,17.25],[-62.0,17.713],[-62.25,17.475],[-62.5,17.4],[-62.75,17.501],[-62.978,17.75],[-62.825,18.0],[-62.889,18.25],[-63.0,18.338],[-63.25,18.371],[-63.58,18.25],[-63.75,18.029],[-63.878,18.0],[-63.775,17.75],[-64.25,17.436],[-64.5,17.468],[-64.696,18.0],[-64.581,18.25],[-64.332,18.5],[-64.5,18.756],[-65.0,18.722],[-65.25,18.584],[-65.5,18.557],[-66.064,18.75],[-66.5,19.059],[-67.25,19.253],[-67.75,19.29],[-68.142,19.5],[-68.514,20.0],[-68.639,20.5],[-68.652,20.75],[-68.379,21.0],[-68.401,21.25],[-68.5,21.341],[-68.75,21.246],[-69.25,20.822],[-69.5,21.323],[-70.0,21.326],[-70.256,21.0],[-70.5,20.842],[-70.762,21.0],[-70.872,21.25],[-70.75,21.516],[-70.077,22.25],[-69.75,22.397],[-69.19,23.0],[-68.889,23.5],[-68.25,24.014],[-68.179,24.0],[-68.156,23.5],[-68.062,23.25],[-67.75,23.152],[-67.444,22.75],[-67.5,22.459],[-67.75,22.435],[-68.048,22.25],[-68.074,22.0],[-67.949,21.75],[-67.975,21.25],[-67.5,20.927],[-67.3,21.0],[-67.614,22.0],[-67.422,22.25],[-66.75,22.562],[-66.5,22.525],[-66.477,23.25],[-66.329,23.5],[-66.0,23.782],[-65.5,24.73],[-65.164,25.0],[-65.126,25.25],[-65.25,25.353],[-66.25,25.339],[-66.41,25.5],[-66.333,25.75],[-66.0,26.036],[-66.25,26.05],[-66.5,25.882],[-67.0,26.067],[-67.5,26.416],[-67.758,26.5],[-67.915,27.0],[-67.854,27.5],[-68.75,27.591],[-69.139,28.0],[-69.006,29.25],[-68.719,29.5],[-68.75,29.627],[-69.248,30.0],[-68.363,30.5],[-68.253,30.75],[-68.3,31.5],[-68.704,31.75],[-70.0,31.898],[-71.25,32.431],[-71.75,32.737],[-72.663,33.0],[-73.063,33.25],[-73.25,33.691],[-74.25,33.845],[-75.0,33.842],[-75.27,33.75],[-75.383,33.5],[-75.232,33.25],[-75.529,32.75],[-75.545,32.5],[-76.0,32.235],[-76.5,32.09],[-76.75,32.159],[-77.25,32.029],[-78.011,32.0],[-77.834,32.5],[-78.0,32.746],[-78.576,32.75],[-78.619,33.0],[-78.527,33.25],[-77.691,33.75],[-77.5,33.83],[-77.0,33.79],[-76.521,34.0],[-76.75,34.169],[-77.037,34.25],[-76.75,34.293],[-76.232,34.75],[-75.348,35.25],[-75.223,35.75],[-75.2,36.25],[-74.764,37.0],[-73.798,38.0],[-73.166,38.5],[-72.5,39.466],[-72.0,39.909],[-70.864,40.5],[-70.25,40.679],[-69.713,41.0],[-69.565,41.25],[-69.75,41.744],[-69.713,42.0],[-69.0,42.599],[-68.0,43.174],[-67.5,43.208],[-66.75,42.944],[-65.75,43.117],[-64.75,43.59],[-64.0,44.302],[-63.857,44.357],[-63.75,44.25],[-63.595,44.405],[-63.346,44.5],[-62.75,44.5],[-62.5,44.75],[-62.0,44.75],[-61.809,44.941],[-61.25,45.0],[-60.75,45.5],[-60.5,45.5],[-60.25,45.75],[-60.0,45.75],[-59.75,46.0],[-60.061,46.311],[-59.5,46.073],[-59.25,46.065],[-58.0,46.6],[-57.801,46.75],[-59.25,47.349],[-59.591,47.75],[-59.431,48.5],[-59.078,48.75],[-58.95,49.0],[-58.28,49.75],[-57.73,50.75],[-58.0,50.822],[-58.474,50.75],[-59.75,50.127],[-60.233,50.017],[-60.074,50.176],[-59.75,50.25],[-59.415,50.5],[-59.25,50.5],[-58.907,50.843],[-58.631,51.0],[-58.25,51.0],[-58.115,51.135],[-57.0,51.25],[-56.919,51.331],[-57.163,51.0],[-57.25,51.0],[-57.5,50.75],[-57.5,50.5],[-57.75,50.25],[-57.75,50.0],[-58.25,49.5],[-58.25,49.356],[-58.346,49.25],[-58.5,49.25],[-58.75,49.0],[-58.707,48.707],[-59.195,48.5],[-59.161,48.25],[-59.25,48.25],[-59.5,48.0],[-59.5,47.75],[-59.25,47.5],[-57.25,47.481],[-56.715,47.25],[-56.656,47.0],[-56.5,46.9],[-55.869,46.869],[-55.75,46.75],[-55.25,46.75],[-54.856,47.144],[-54.75,47.136],[-54.0,46.75],[-53.941,46.809],[-53.739,46.739],[-53.526,46.526],[-55.0,46.507],[-56.0,46.302],[-56.294,46.0],[-56.02,45.5],[-56.742,45.25],[-57.25,45.247],[-58.25,45.427],[-59.0,45.402],[-59.25,45.342],[-60.21,44.75],[-60.345,44.5],[-60.5,44.439],[-60.75,44.504],[-62.0,44.473],[-62.923,44.25],[-63.321,44.0],[-64.464,42.75],[-64.586,42.25],[-65.643,41.0],[-66.0,40.789],[-67.0,40.455],[-67.151,40.25],[-67.105,40.0],[-67.593,39.5],[-67.7,39.25],[-67.25,38.92],[-67.184,38.75],[-67.345,38.0],[-68.125,36.75],[-67.967,36.5],[-67.816,35.75],[-67.5,35.469],[-67.25,35.437],[-66.5,35.808],[-66.187,35.75],[-66.07,35.25],[-66.235,35.0],[-66.341,34.25],[-66.25,34.088],[-66.0,33.99],[-65.743,34.5],[-65.802,35.25],[-65.571,35.5],[-65.0,35.565],[-64.5,35.846],[-64.25,35.732],[-63.756,34.25],[-63.233,33.75],[-62.973,33.25],[-62.483,33.0],[-62.625,32.5],[-63.129,32.0],[-63.147,30.5],[-63.017,30.25],[-63.5,30.073],[-63.513,30.0],[-62.75,29.401],[-62.0,29.627],[-61.75,29.551],[-59.0,29.645],[-58.0,30.053],[-57.055,30.25],[-56.25,30.59],[-55.5,30.728],[-54.097,31.5],[-52.762,31.75],[-52.377,32.25],[-51.731,32.75],[-51.0,33.073],[-49.0,33.661],[-48.25,34.154],[-47.523,34.5],[-47.321,35.25],[-47.422,35.75],[-47.0,35.859],[-46.25,36.499],[-45.661,37.75],[-45.597,38.0],[-45.673,38.25],[-46.041,38.5],[-45.775,38.75],[-45.0,39.053],[-44.635,39.5],[-44.641,39.75],[-45.203,40.0],[-45.221,40.25],[-44.719,40.75],[-45.0,40.804],[-45.285,41.0],[-45.373,42.0],[-45.155,42.5],[-45.361,42.75],[-45.234,43.0],[-44.75,43.097],[-44.562,43.25],[-44.562,43.5],[-44.161,44.25],[-44.0,44.423],[-43.75,44.515],[-42.75,44.421],[-41.25,44.768],[-40.0,44.71],[-39.0,44.176],[-38.879,44.0],[-38.88,43.75],[-39.304,43.25],[-38.635,42.75],[-38.25,42.199],[-38.0,42.0],[-37.911,42.25],[-38.032,43.25],[-37.768,43.5],[-37.25,43.694],[-36.25,44.536],[-35.0,44.795],[-35.027,45.25],[-35.833,46.0],[-35.938,46.25],[-35.918,46.75],[-36.229,47.25],[-36.144,47.75],[-35.25,48.156],[-34.5,48.32],[-33.25,48.346],[-32.75,48.636],[-31.5,48.65],[-30.75,48.473],[-29.75,48.939],[-27.25,48.988],[-26.0,49.154],[-24.5,48.914],[-23.75,48.974],[-22.25,48.746],[-19.75,48.676],[-19.39,48.5],[-19.427,48.25],[-19.25,48.069],[-19.0,47.853],[-18.75,47.768],[-17.75,47.86],[-16.556,47.75],[-16.25,47.644],[-16.007,47.5],[-15.862,47.25],[-15.561,47.0],[-15.241,46.5],[-15.21,46.25],[-15.5,46.06],[-16.25,45.645],[-16.75,45.546],[-17.5,45.795],[-17.983,46.5],[-18.5,46.829],[-19.5,46.907],[-20.75,46.81],[-23.0,46.379],[-24.75,45.808],[-28.0,45.049],[-28.845,44.5],[-28.992,44.25],[-28.768,44.0],[-28.0,43.861],[-27.904,44.0],[-27.25,44.07],[-27.011,44.25],[-26.698,44.25],[-27.25,43.665],[-27.5,43.655],[-27.75,43.782],[-28.478,43.5],[-28.845,43.25],[-29.228,42.75],[-29.205,42.5],[-28.75,42.125],[-27.25,42.007],[-26.145,42.25],[-25.329,42.75],[-24.0,43.041],[-23.0,43.409],[-22.5,43.448],[-22.0,43.357],[-21.5,43.426],[-21.0,43.641],[-20.477,44.0],[-19.75,44.248],[-19.0,44.238],[-18.5,44.329],[-18.0,44.206],[-17.0,44.305],[-16.5,44.433],[-16.108,44.25],[-15.0,43.995],[-14.75,44.009],[-13.0,44.441],[-9.25,45.829],[-8.0,46.081],[-6.25,46.237],[-5.5,46.39],[-5.193,46.5],[-5.403,46.75],[-6.142,47.0],[-6.811,47.5],[-5.75,47.975],[-5.422,48.25],[-4.832,49.25],[-4.833,49.5],[-5.246,49.754],[-5.056,49.944],[-3.0,50.062],[-2.0,50.077],[-1.565,50.0],[-1.75,49.967],[-2.0,49.744],[-2.5,49.612],[-2.598,49.5],[-2.5,49.373],[-2.25,49.302],[-2.25,49.13],[-2.954,48.954],[-3.5,49.0],[-3.612,48.888],[-4.097,48.75],[-4.75,48.75],[-5.0,48.5],[-4.25,47.75],[-3.644,47.644],[-3.5,47.5],[-3.174,47.5],[-3.0,47.281],[-2.5,47.166],[-2.25,46.72],[-2.0,46.576],[-2.0,46.5],[-1.5,46.052],[-1.25,45.608],[-1.25,44.5],[-1.5,44.25],[-1.5,43.75],[-1.75,43.5],[-3.134,43.5],[-3.284,43.534],[-3.5,43.75],[-3.703,43.547],[-4.0,43.512],[-5.091,43.591],[-5.25,43.75],[-7.141,43.75],[-7.5,43.817],[-8.25,43.75],[-8.5,43.5],[-8.75,43.5],[-9.0,43.25],[-9.25,43.25],[-9.5,43.0],[-9.25,42.75],[-9.087,42.75],[-9.0,42.431],[-9.0,41.5],[-8.75,41.25],[-8.75,40.75],[-9.0,40.5],[-9.0,40.0],[-9.25,39.75],[-9.25,39.5],[-9.5,39.25],[-9.5,39.0],[-9.75,38.75],[-9.5,38.5],[-9.25,38.5],[-9.0,38.25],[-9.0,37.25],[-8.75,36.858],[-7.251,36.25],[-6.967,36.0],[-6.783,35.5],[-6.846,34.5],[-7.037,34.0],[-7.25,34.0],[-7.5,33.75],[-7.75,33.75],[-8.0,33.5],[-8.5,33.5],[-8.75,33.25],[-8.75,33.0],[-9.0,33.0],[-9.5,32.5],[-9.341,32.341],[-9.364,32.136],[-9.75,31.75],[-9.75,31.5],[-10.0,31.25],[-10.0,30.75],[-9.907,30.657],[-9.85,29.9],[-10.25,29.5],[-10.272,29.25],[-10.5,29.25],[-10.75,29.0],[-11.0,29.0],[-11.5,28.5],[-11.75,28.5],[-12.094,28.156],[-12.25,28.158],[-12.518,27.982],[-13.0,28.0],[-13.1,27.9],[-13.25,28.026],[-13.329,28.25],[-13.371,28.879],[-13.25,29.0],[-13.5,29.25],[-13.75,29.25],[-14.0,29.0],[-13.878,28.878],[-13.885,28.635],[-14.0,28.75],[-14.25,28.5],[-14.25,28.25],[-14.162,28.162],[-14.25,28.169],[-14.414,28.0],[-14.25,27.646],[-13.884,27.25],[-13.821,27.0],[-13.877,26.623],[-14.0,26.5],[-14.25,26.5],[-14.5,26.25],[-14.5,26.0],[-15.0,25.5],[-15.0,24.75],[-16.0,23.75],[-16.042,23.458],[-16.25,23.25],[-16.25,23.0],[-16.5,22.75],[-16.5,22.5],[-16.953,22.047],[-16.68,22.5],[-16.436,23.5],[-15.705,25.0],[-15.479,26.25],[-15.75,26.695],[-16.13,27.0],[-16.139,27.5],[-16.25,27.696],[-16.5,27.084],[-17.0,26.957],[-17.25,27.042],[-17.5,27.002],[-17.75,27.458],[-18.0,27.27],[-18.25,27.2],[-18.364,27.5],[-18.197,27.697],[-18.0,27.5],[-17.772,27.728],[-17.75,27.537],[-17.65,28.0],[-17.75,28.124],[-18.0,28.067],[-18.25,28.129],[-18.351,28.25],[-18.351,28.5],[-18.0,29.195],[-17.75,29.3],[-17.25,29.321],[-17.0,29.251],[-16.5,28.937],[-16.0,29.242],[-15.75,29.226],[-15.25,29.644],[-14.75,29.751],[-14.5,29.906],[-14.226,30.25],[-13.904,31.0],[-13.75,31.152],[-13.5,31.236],[-13.0,31.236],[-12.75,31.358],[-12.473,32.25],[-11.94,32.75],[-11.75,33.116],[-11.077,33.75],[-10.5,34.438],[-9.246,35.25],[-8.741,36.25],[-9.222,37.0],[-9.412,38.0],[-9.969,39.0],[-10.0,39.193],[-10.5,39.131],[-10.802,39.0],[-11.0,38.752],[-10.978,38.5],[-11.142,38.25],[-12.25,37.593],[-13.75,36.933],[-14.5,36.423],[-15.25,36.077],[-15.75,35.442],[-16.418,35.0],[-16.548,34.75],[-16.563,34.5],[-16.75,34.346],[-17.25,34.303],[-17.75,33.923],[-18.25,33.804],[-18.75,33.55],[-20.25,32.536],[-21.5,31.432],[-22.25,31.154],[-23.0,30.668],[-23.999,30.25],[-24.75,29.667],[-25.25,29.381],[-26.25,29.181],[-27.5,28.186],[-28.75,27.832],[-30.002,26.75],[-31.34,26.25],[-31.637,26.0],[-32.0,25.488],[-32.5,24.98],[-34.25,24.147],[-34.928,23.5],[-35.09,23.0],[-35.056,22.5],[-35.25,22.033],[-35.5,21.741],[-36.0,21.326],[-36.75,20.917],[-37.25,20.794],[-37.75,20.556],[-38.0,20.556],[-38.25,20.41],[-39.25,19.454],[-39.5,19.302],[-40.0,19.17],[-40.5,19.252],[-41.25,19.169],[-42.25,19.602],[-43.75,19.838],[-44.0,19.773],[-45.167,19.25],[-45.466,19.0],[-45.75,18.59],[-46.5,18.501],[-46.75,18.762],[-47.246,18.5],[-46.75,18.362],[-46.5,18.498],[-46.25,18.434],[-46.121,18.0],[-45.75,17.947],[-45.588,17.75],[-45.75,17.647],[-46.0,17.589],[-46.25,17.419],[-46.5,17.418],[-47.379,17.75],[-47.297,18.0],[-47.406,18.25],[-47.5,18.307],[-47.729,18.25],[-48.25,17.881],[-48.75,17.93],[-49.0,17.8],[-49.081,17.5],[-49.057,17.0],[-49.25,16.715],[-49.5,16.732],[-49.75,16.859],[-49.86,17.0],[-49.866,17.25],[-50.077,17.5],[-50.051,17.75],[-50.25,17.961],[-50.534,18.0],[-50.322,18.25],[-50.0,18.373],[-49.875,18.75],[-50.0,18.874],[-50.5,19.08],[-51.0,19.04],[-51.117,19.0],[-51.286,18.75],[-51.251,18.5],[-51.0,18.049],[-50.901,18.0],[-50.99,17.5],[-51.186,17.25],[-51.678,17.0],[-52.334,16.5],[-52.491,16.25],[-52.0,15.891],[-51.75,15.996],[-51.339,16.0],[-51.0,15.864],[-50.5,15.505],[-50.0,15.46],[-49.531,15.25],[-49.301,14.75],[-48.75,14.536],[-48.673,14.75],[-48.765,15.0],[-48.709,15.25],[-48.25,15.345],[-47.978,15.25],[-47.75,14.967],[-47.5,14.96],[-47.419,15.0],[-47.26,15.5],[-47.0,15.609],[-46.864,15.5],[-46.743,15.0],[-45.75,14.009],[-45.0,13.643],[-44.5,13.597],[-43.75,13.885],[-43.25,13.877],[-43.0,13.96],[-42.653,14.25],[-42.066,15.0],[-41.611,15.75],[-41.491,16.25],[-41.25,16.705],[-41.0,16.699],[-40.5,17.052],[-40.0,16.727],[-39.75,16.461],[-39.0,16.229],[-38.75,16.276],[-38.762,16.0],[-38.5,15.949],[-38.25,15.555],[-38.1,15.5],[-37.0,15.58],[-36.5,15.444],[-36.0,15.131],[-35.0,15.125],[-34.75,15.021],[-34.0,14.99],[-33.75,14.896],[-33.452,14.75],[-33.436,14.0],[-33.0,13.752],[-32.384,14.25],[-32.228,14.5],[-32.139,15.0],[-31.75,15.344],[-31.25,15.605],[-30.25,15.937],[-28.25,17.018],[-27.25,17.274],[-24.75,18.701],[-23.5,18.945],[-22.75,18.884],[-21.75,19.022],[-21.25,18.969],[-20.75,18.81],[-20.0,18.778],[-19.0,18.899],[-18.5,19.043],[-18.23,19.25],[-17.75,19.899],[-17.25,20.946],[-17.233,21.233],[-17.116,21.116],[-17.131,20.0],[-17.073,19.75],[-16.391,18.5],[-16.25,18.065],[-16.25,17.706],[-16.5,17.252],[-16.75,17.1],[-17.0,16.781],[-17.306,16.25],[-18.045,15.75],[-18.443,15.0],[-18.582,14.5],[-18.367,13.75],[-18.333,13.25],[-18.625,12.0],[-18.75,11.881],[-19.0,11.842],[-19.75,12.373],[-20.5,11.871],[-21.0,11.862],[-21.5,12.283],[-21.75,12.305],[-22.119,11.75],[-22.035,11.5],[-21.5,11.189],[-20.887,10.25],[-20.726,9.75],[-20.75,9.357],[-21.0,9.335],[-21.75,9.479],[-22.0,9.429],[-22.5,9.133],[-23.0,8.96],[-23.099,8.75],[-23.5,8.42],[-24.0,8.389],[-25.25,8.862],[-26.25,9.385],[-26.75,9.482],[-27.25,9.692],[-28.0,10.041],[-28.5,10.379],[-29.25,10.547],[-30.5,10.583],[-30.927,10.5],[-32.25,9.988],[-33.5,10.02],[-34.0,9.81],[-34.75,10.015],[-35.253,10.0],[-35.638,9.75],[-35.105,9.25],[-35.693,8.75],[-36.555,8.5],[-36.5,8.175],[-36.269,8.0],[-37.25,7.53],[-37.638,7.25],[-38.5,7.203],[-38.677,7.0],[-38.79,6.5],[-38.225,5.0],[-38.25,4.92],[-39.25,5.085],[-39.5,4.927],[-39.562,4.75],[-38.865,3.75],[-38.872,3.5],[-38.75,3.305],[-38.5,3.246],[-38.25,3.399],[-37.75,3.97],[-37.562,4.5],[-36.703,5.25],[-36.412,5.75],[-35.943,6.0],[-35.75,6.189],[-35.649,6.5],[-35.25,6.598],[-34.802,6.25],[-34.633,6.0],[-34.724,5.75],[-35.0,5.573],[-35.386,4.75],[-35.672,4.5],[-36.166,4.25],[-36.511,3.75],[-37.0,3.286],[-37.0,3.158],[-36.764,2.75],[-37.056,2.25],[-37.0,2.145],[-36.75,2.049],[-36.5,2.143],[-36.0,1.885],[-35.75,2.091],[-35.25,2.038],[-34.75,2.17],[-34.25,2.467],[-33.75,3.023],[-33.25,3.382],[-33.0,3.462],[-32.5,3.353],[-32.25,3.4],[-32.0,3.581],[-31.832,3.75],[-31.957,4.5],[-31.869,4.75],[-31.0,5.367],[-30.75,5.468],[-30.5,5.418],[-29.75,4.933],[-29.5,4.916],[-29.438,5.0],[-29.457,5.25],[-29.753,6.0],[-29.835,6.5],[-29.75,6.61],[-29.5,6.461],[-29.25,6.456],[-29.051,6.75],[-28.899,7.25],[-28.5,7.513],[-28.333,7.25],[-28.175,6.75],[-28.247,5.5],[-28.0,4.422],[-27.432,4.75],[-27.25,5.638],[-27.0,5.851],[-26.75,5.675],[-26.667,5.5],[-26.519,5.0],[-26.614,4.5],[-26.5,4.373],[-26.25,4.245],[-26.0,4.332],[-25.75,4.247],[-25.25,4.329],[-25.0,4.238],[-24.75,3.978],[-24.5,3.899],[-24.25,3.957],[-23.75,4.387],[-23.5,4.396],[-23.305,3.5],[-23.0,3.415],[-22.75,3.585],[-22.474,4.0],[-22.283,4.5],[-22.205,5.0],[-22.011,5.25],[-21.5,5.578],[-20.5,5.907],[-20.25,5.888],[-19.75,5.682],[-19.314,5.25],[-19.256,5.0],[-19.451,4.25],[-19.492,3.5],[-19.198,2.75],[-18.94,2.5],[-18.75,2.44],[-18.0,2.674],[-17.719,2.5],[-17.887,2.25],[-17.853,2.0],[-17.75,1.926],[-17.5,1.846],[-17.0,1.903],[-16.5,1.648],[-16.172,2.0],[-16.229,2.25],[-17.0,2.736],[-17.358,2.75],[-17.74,3.0],[-17.643,3.25],[-17.349,3.5],[-17.25,3.762],[-16.75,3.976],[-16.25,4.023],[-15.197,3.75],[-15.0,3.535],[-14.25,3.708],[-13.75,3.322],[-13.5,2.862],[-12.75,2.523],[-12.25,1.908],[-12.0,1.747],[-11.75,1.85],[-11.5,2.558],[-11.337,2.75],[-11.294,3.0],[-10.922,3.25],[-10.5,4.202],[-10.0,4.177],[-9.916,4.25],[-9.917,4.5],[-9.75,4.677],[-9.25,4.767],[-9.0,4.568],[-8.607,4.5],[-8.25,4.275],[-8.096,4.346],[-8.0,4.25],[-7.643,4.25],[-7.379,4.0],[-7.632,3.75],[-7.682,3.5],[-7.625,3.25],[-7.304,3.0],[-7.25,2.702],[-6.75,2.577],[-6.5,2.344],[-6.25,2.271],[-5.75,2.278],[-5.336,2.5],[-5.178,2.75],[-5.104,3.25],[-4.966,3.5],[-4.75,3.678],[-4.0,3.843],[-3.801,4.0],[-3.5,4.091],[-3.25,4.103],[-2.5,3.915],[-2.0,4.206],[0.5,3.92],[0.75,3.961],[1.109,4.25],[1.359,4.75],[1.366,5.0],[1.195,5.5],[1.216,5.75],[1.587,6.0],[2.5,6.208],[3.344,6.0],[4.0,5.082],[4.5,5.187],[4.75,5.081],[5.377,4.5],[6.0,4.065],[7.25,4.061],[7.5,4.206],[8.0,4.226],[8.259,4.0],[8.326,3.326],[8.25,3.25],[8.5,3.0],[8.757,3.007],[8.966,1.75],[8.95,1.25],[8.614,-0.5],[8.606,-0.75],[8.75,-0.955],[8.75,-1.25],[9.0,-1.5],[9.0,-1.75],[9.5,-2.25],[9.5,-2.5],[9.75,-2.75],[9.966,-2.75],[10.0,-3.0],[10.25,-3.25],[10.5,-3.25],[10.5,-3.5],[10.75,-3.75],[10.886,-3.75],[11.0,-4.0],[11.75,-4.739],[11.868,-5.75],[11.986,-6.0],[12.001,-6.5],[12.275,-7.25],[12.061,-8.25],[12.008,-9.25],[11.806,-10.5],[11.83,-12.25],[11.547,-14.25],[11.548,-16.5],[11.63,-17.12],[11.5,-17.25],[11.647,-17.397],[11.661,-17.589],[11.5,-17.75],[11.75,-18.0],[11.75,-18.25],[12.25,-18.75],[12.25,-19.0],[12.75,-19.5],[12.75,-19.75],[13.0,-20.0],[13.0,-20.25],[13.25,-20.5],[13.25,-21.0],[13.75,-21.5],[13.75,-21.75],[14.346,-22.346],[14.378,-22.872],[14.25,-23.0],[14.25,-24.0],[14.5,-24.25],[14.5,-24.75],[14.75,-25.0],[14.75,-26.25],[15.0,-26.5],[15.0,-26.75],[15.25,-27.0],[15.25,-27.5],[15.5,-27.75],[15.5,-28.0],[16.0,-28.5],[16.25,-28.5],[16.5,-28.75],[16.5,-29.0],[17.0,-29.5],[17.0,-30.154],[16.75,-29.671],[16.056,-29.0],[15.75,-28.424],[15.291,-28.0],[14.75,-26.787],[14.333,-26.25],[14.134,-25.5],[13.78,-25.0],[13.514,-24.25],[12.75,-23.096],[12.5,-22.883],[12.0,-22.648],[10.75,-22.25],[9.942,-21.5],[9.216,-20.25],[8.809,-17.5],[8.492,-16.5],[8.104,-16.0],[7.852,-15.5],[7.521,-14.25],[7.633,-13.0],[7.546,-11.5],[6.948,-8.25],[6.809,-6.25],[6.58,-5.5],[6.25,-4.899],[6.0,-4.673],[5.75,-4.781],[5.672,-5.0],[5.629,-5.5],[5.756,-7.25],[5.34,-8.75],[5.25,-8.889],[5.0,-8.732],[4.25,-7.703],[4.0,-7.584],[3.75,-7.718],[3.645,-8.25],[3.814,-9.0],[3.75,-9.273],[3.5,-9.529],[3.25,-9.412],[3.071,-9.5],[2.904,-9.75],[2.5,-9.974],[2.25,-10.622],[2.096,-10.75],[2.0,-10.784],[1.579,-10.5],[1.0,-9.671],[0.75,-9.622],[0.739,-9.75],[0.5,-9.968],[0.157,-9.75],[0.0,-9.474],[-0.25,-9.363],[-0.5,-9.384],[-1.25,-9.074],[-1.75,-9.094],[-2.0,-9.023],[-2.346,-8.75],[-3.25,-7.737],[-5.5,-6.874],[-6.0,-6.478],[-6.591,-6.25],[-6.827,-6.0],[-7.25,-5.94],[-7.976,-6.25],[-8.055,-6.5],[-7.609,-6.75],[-7.676,-7.0],[-8.0,-7.058],[-9.242,-7.75],[-10.0,-7.872],[-10.5,-8.317],[-10.812,-8.75],[-11.25,-8.899],[-11.75,-8.891],[-12.25,-8.986],[-12.75,-8.856],[-13.0,-8.965],[-13.197,-9.25],[-13.75,-9.56],[-14.25,-10.011],[-14.75,-10.197],[-15.0,-10.179],[-15.25,-10.261],[-15.416,-10.5],[-15.218,-10.75],[-15.189,-11.0],[-15.264,-11.25],[-15.523,-11.5],[-15.694,-12.0],[-15.749,-12.5],[-16.019,-13.0],[-16.065,-13.5],[-15.5,-14.558],[-15.0,-14.72],[-14.5,-14.411],[-14.25,-14.427],[-14.155,-14.5],[-14.5,-14.976],[-14.5,-15.286],[-14.25,-15.431],[-14.0,-15.435],[-13.5,-15.271],[-13.0,-15.332],[-12.5,-15.71],[-12.406,-16.0],[-12.209,-16.25],[-11.498,-16.75],[-11.355,-17.0],[-11.252,-17.25],[-11.537,-17.5],[-11.639,-18.0],[-11.908,-18.5],[-11.857,-18.75],[-11.23,-19.5],[-10.75,-20.335],[-10.219,-20.75],[-9.884,-21.25],[-9.835,-21.5],[-9.95,-22.0],[-9.485,-22.5],[-9.573,-22.75],[-9.75,-22.8],[-9.955,-23.0],[-8.997,-23.5],[-9.025,-23.75],[-9.25,-24.03],[-9.5,-24.145],[-10.173,-24.25],[-9.999,-24.5],[-9.118,-25.25],[-8.639,-26.0],[-8.0,-26.548],[-5.75,-27.37],[-4.766,-28.0],[-4.765,-28.25],[-5.248,-28.5],[-5.398,-28.75],[-5.198,-29.0],[-3.75,-29.319],[-2.539,-30.0],[-1.5,-30.284],[-1.046,-30.25],[-0.99,-30.0],[-1.438,-29.5],[-1.25,-29.413],[-0.5,-29.44],[-0.25,-29.528],[0.0,-29.736],[0.5,-29.772],[1.088,-30.25],[1.513,-30.75],[1.813,-31.5],[1.861,-31.75],[1.75,-31.812],[1.25,-32.014],[0.0,-32.22],[-0.5,-32.215],[-0.582,-32.25],[-0.513,-32.5],[-1.0,-32.759],[-1.448,-32.5],[-1.493,-32.25],[-1.038,-32.0],[-3.25,-31.462],[-4.632,-31.25],[-6.0,-30.632],[-6.25,-30.581],[-6.5,-30.638],[-6.75,-30.805],[-7.5,-30.616],[-8.5,-30.047],[-10.0,-28.899],[-10.38,-28.75],[-11.169,-28.25],[-12.5,-27.819],[-14.0,-26.971],[-16.25,-26.278],[-17.5,-25.582],[-18.25,-25.311],[-19.25,-25.239],[-19.75,-25.302],[-20.75,-25.123],[-22.5,-24.465],[-24.0,-24.595],[-25.5,-24.261],[-26.0,-24.278],[-26.25,-24.401],[-26.5,-24.601],[-26.75,-25.109],[-27.0,-25.232],[-27.25,-25.214],[-28.0,-25.122],[-29.5,-24.417],[-30.75,-24.128],[-32.594,-22.75],[-33.266,-21.5],[-34.472,-20.25],[-35.0,-19.932],[-35.459,-19.5],[-37.0,-18.431],[-37.819,-17.75],[-38.75,-17.219],[-39.0,-17.228],[-39.0,-16.62],[-38.75,-16.647],[-38.25,-16.865],[-37.546,-17.5],[-35.75,-18.348],[-35.119,-18.75],[-33.75,-19.327],[-32.25,-20.256],[-32.0,-20.288],[-31.75,-20.19],[-30.5,-20.628],[-30.0,-20.716],[-27.5,-20.815],[-25.75,-20.477],[-24.75,-20.374],[-24.25,-20.435],[-23.976,-20.25],[-24.301,-20.0],[-25.5,-19.866],[-26.034,-19.5],[-26.249,-19.25],[-26.206,-19.0],[-26.017,-18.75],[-25.998,-18.5],[-26.309,-18.0],[-26.47,-17.25],[-26.306,-17.0],[-26.299,-16.75],[-26.666,-16.0],[-27.784,-15.25],[-27.999,-15.0],[-28.11,-14.5],[-28.25,-14.371],[-29.25,-13.866],[-30.284,-13.0],[-30.438,-12.75],[-30.376,-12.5],[-30.5,-12.236],[-31.25,-11.983],[-31.5,-12.014],[-32.0,-12.353],[-33.0,-12.69],[-34.5,-12.829],[-35.25,-12.666],[-35.75,-12.686],[-36.07,-13.0],[-36.028,-13.25],[-36.5,-13.304],[-36.889,-13.25],[-36.75,-12.933],[-36.185,-12.75],[-35.888,-12.5],[-36.25,-12.319],[-37.0,-12.224],[-37.25,-12.302],[-37.321,-11.75],[-37.262,-11.512],[-36.81,-11.0],[-36.25,-10.629],[-35.058,-9.5],[-34.829,-8.579],[-34.75,-8.5],[-34.582,-7.5],[-34.617,-7.0],[-34.893,-6.0],[-35.0,-5.842],[-35.11,-5.25],[-35.267,-5.0],[-35.5,-4.819],[-37.0,-4.54],[-37.449,-4.25],[-38.614,-3.25],[-38.284,-3.0],[-38.198,-2.5],[-38.264,-2.25],[-38.5,-1.937],[-39.0,-1.939],[-40.014,-1.5],[-40.103,-1.25],[-40.093,-0.75],[-39.0,-0.434],[-38.69,-0.25],[-38.594,0.0],[-38.75,0.069],[-39.096,0.5],[-39.86,1.0],[-39.945,1.25],[-39.736,1.75],[-39.783,2.0],[-40.0,2.744],[-40.268,2.75],[-40.0,2.769],[-40.0,3.151],[-40.169,3.75],[-40.75,4.281],[-41.75,4.629],[-42.5,4.764],[-42.75,5.045],[-43.75,5.258],[-44.25,5.124],[-44.75,4.614],[-45.0,4.527],[-45.75,4.718],[-46.25,4.646],[-47.009,4.75],[-48.25,5.398],[-49.5,5.627],[-49.689,5.75],[-50.319,6.5],[-51.03,7.0],[-51.25,7.071],[-51.74,7.0],[-52.25,6.72],[-52.75,6.585],[-53.5,6.644],[-54.5,6.507],[-55.75,6.518],[-56.5,6.416],[-57.0,6.488],[-58.25,7.449],[-59.0,8.149],[-59.75,8.674],[-60.386,9.0],[-61.0,9.75],[-61.198,9.75],[-61.148,10.0],[-61.0,10.0],[-60.75,10.25],[-61.0,10.5],[-60.75,10.75],[-61.0,11.0],[-61.5,10.909],[-62.228,11.0],[-62.75,11.532],[-63.109,11.5],[-63.25,11.641],[-63.835,11.75],[-65.314,12.5],[-65.531,12.75],[-65.25,12.92],[-64.75,12.877],[-64.272,13.0],[-64.447,13.25],[-64.0,13.42],[-63.608,14.0],[-63.649,14.25],[-64.25,14.554],[-64.5,14.581],[-64.75,14.449],[-64.821,14.5],[-64.749,14.75],[-64.25,14.943],[-63.762,15.25],[-63.5,15.63],[-63.25,15.61],[-62.862,15.25],[-63.036,14.75],[-62.75,14.445],[-62.5,14.381],[-62.0,14.43],[-61.5,14.299],[-61.068,14.318],[-61.0,14.25],[-60.75,14.5],[-60.75,14.75],[-61.0,15.0],[-61.093,14.907],[-61.563,15.0],[-61.347,15.25],[-61.298,15.5]],[[-61.088,14.162],[-61.25,14.22],[-61.75,14.041],[-61.866,13.75],[-61.5,13.617],[-61.135,13.635],[-61.0,13.5],[-60.75,13.75],[-60.75,14.0],[-61.0,14.25],[-61.088,14.162]]]},"properties":{"hvalue":1.2,"color":"#a7c2e0"}},{"type":"Feature","geometry":{"type":"Polygon","coordinates":[[[-17.0,21.974],[-17.0,21.5],[-17.214,21.286],[-17.178,21.75],[-17.0,21.974]]]},"properties":{"hvalue":1.2,"color":"#a7c2e0"}},{"type":"Feature","geometry":{"type":"Polygon","coordinates":[[[-16.0,30.158],[-15.75,30.0],[-16.0,29.664],[-16.2,30.0],[-16.0,30.158]]]},"properties":{"hvalue":1.2,"color":"#a7c2e0"}},{"type":"Feature","geometry":{"type":"Polygon","coordinates":[[[-18.682,30.25],[-18.5,30.491],[-18.25,30.5],[-18.0,30.377],[-17.924,30.25],[-18.0,30.087],[-18.25,30.048],[-18.5,30.106],[-18.682,30.25]]]},"properties":{"hvalue":1.2,"color":"#a7c2e0"}},{"type":"Feature","geometry":{"type":"Polygon","coordinates":[[[-17.749,32.25],[-17.263,33.25],[-17.0,33.37],[-16.706,33.25],[-16.25,33.222],[-15.916,33.0],[-15.886,32.75],[-16.087,32.25],[-16.5,32.072],[-16.75,32.216],[-17.456,31.75],[-17.75,31.228],[-18.0,31.091],[-18.25,31.105],[-18.257,31.25],[-17.915,31.75],[-17.749,32.25]]]},"properties":{"hvalue":1.2,"color":"#a7c2e0"}},{"type":"Feature","geometry":{"type":"Polygon","coordinates":[[[-34.533,49.25],[-34.5,49.504],[-34.021,49.25],[-34.25,49.07],[-34.533,49.25]]]},"properties":{"hvalue":1.2,"color":"#a7c2e0"}},{"type":"Feature","geometry":{"type":"Polygon","coordinates":[[[-5.5,50.0],[-5.258,49.758],[-6.25,49.885],[-6.354,50.0],[-6.25,50.107],[-5.75,50.19],[-5.5,50.406],[-5.284,50.466],[-5.5,50.25],[-5.5,50.0]]]},"properties":{"hvalue":1.2,"color":"#a7c2e0"}},{"type":"Feature","geometry":{"type":"Polygon","coordinates":[[[-4.0,51.5],[-3.75,51.5],[-3.75,51.425],[-3.869,51.369],[-4.0,51.5]]]},"properties":{"hvalue":1.2,"color":"#a7c2e0"}},{"type":"Feature","geometry":{"type":"Polygon","coordinates":[[[-9.0,51.5],[-8.751,51.5],[-9.065,51.435],[-9.0,51.5]]]},"properties":{"hvalue":1.2,"color":"#a7c2e0"}},{"type":"Feature","geometry":{"type":"Polygon","coordinates":[[[-4.841,51.25],[-6.0,51.672],[-7.0,51.735],[-8.47,51.53],[-8.25,51.75],[-7.75,51.75],[-7.5,52.0],[-6.5,52.0],[-6.336,52.164],[-5.75,52.447],[-5.0,52.571],[-4.745,52.5],[-4.69,52.25],[-5.0,52.25],[-5.25,52.0],[-5.25,51.75],[-5.0,51.5],[-4.0,51.5],[-4.75,50.75],[-4.888,50.75],[-4.742,51.0],[-4.841,51.25]]]},"properties":{"hvalue":1.2,"color":"#a7c2e0"}},{"type":"Feature","geometry":{"type":"Polygon","coordinates":[[[-10.25,52.0],[-10.217,51.717],[-10.277,51.75],[-10.245,52.25],[-10.0,52.399],[-10.0,52.302],[-10.25,52.0]]]},"properties":{"hvalue":1.2,"color":"#a7c2e0"}},{"type":"Feature","geometry":{"type":"Polygon","coordinates":[[[-9.75,53.217],[-9.75,53.25],[-9.685,53.185],[-9.75,53.217]]]},"properties":{"hvalue":1.2,"color":"#a7c2e0"}},{"type":"Feature","geometry":{"type":"Polygon","coordinates":[[[-5.0,53.693],[-5.0,53.81],[-4.75,53.827],[-4.559,53.75],[-4.75,53.433],[-5.0,53.693]]]},"properties":{"hvalue":1.2,"color":"#a7c2e0"}},{"type":"Feature","geometry":{"type":"Polygon","coordinates":[[[-10.071,53.679],[-10.123,54.123],[-10.0,53.868],[-10.071,53.679]]]},"properties":{"hvalue":1.2,"color":"#a7c2e0"}},{"type":"Feature","geometry":{"type":"Polygon","coordinates":[[[-4.577,54.0],[-4.25,54.045],[-4.034,54.0],[-4.5,53.809],[-4.577,54.0]]]},"properties":{"hvalue":1.2,"color":"#a7c2e0"}},{"type":"Feature","geometry":{"type":"Polygon","coordinates":[[[-3.694,54.556],[-3.75,54.5],[-3.5,54.199],[-3.735,54.0],[-4.0,54.011],[-4.107,54.25],[-4.058,54.5],[-4.243,54.75],[-3.815,54.75],[-3.694,54.556]]]},"properties":{"hvalue":1.2,"color":"#a7c2e0"}},{"type":"Feature","geometry":{"type":"Polygon","coordinates":[[[-5.0,54.649],[-4.75,54.721],[-4.5,54.5],[-4.966,54.25],[-5.0,54.104],[-5.291,54.25],[-5.173,54.5],[-5.0,54.649]]]},"properties":{"hvalue":1.2,"color":"#a7c2e0"}},{"type":"Feature","geometry":{"type":"Polygon","coordinates":[[[-4.5,54.5],[-4.255,54.745],[-4.368,54.368],[-4.5,54.5]]]},"properties":{"hvalue":1.2,"color":"#a7c2e0"}},{"type":"Feature","geometry":{"type":"Polygon","coordinates":[[[-8.0,55.268],[-7.979,55.271],[-8.029,55.25],[-8.0,55.268]]]},"properties":{"hvalue":1.2,"color":"#a7c2e0"}},{"type":"Feature","geometry":{"type":"Polygon","coordinates":[[[-6.919,55.419],[-6.54,55.46],[-6.69,55.31],[-6.798,55.298],[-6.919,55.419]]]},"properties":{"hvalue":1.2,"color":"#a7c2e0"}},{"type":"Feature","geometry":{"type":"Polygon","coordinates":[[[-5.75,55.354],[-6.326,55.326],[-6.463,55.463],[-6.0,55.5],[-5.843,55.657],[-5.637,55.5],[-5.75,55.354]]]},"properties":{"hvalue":1.2,"color":"#a7c2e0"}},{"type":"Feature","geometry":{"type":"Polygon","coordinates":[[[-5.839,55.839],[-6.079,56.0],[-5.96,56.25],[-5.75,56.25],[-5.867,56.0],[-5.839,55.839]]]},"properties":{"hvalue":1.2,"color":"#a7c2e0"}},{"type":"Feature","geometry":{"type":"Polygon","coordinates":[[[-6.275,56.75],[-6.25,56.75],[-6.285,56.715],[-6.275,56.75]]]},"properties":{"hvalue":1.2,"color":"#a7c2e0"}},{"type":"Feature","geometry":{"type":"Polygon","coordinates":[[[-7.055,57.805],[-6.5,57.75],[-6.75,57.5],[-6.579,57.329],[-6.75,57.348],[-7.13,57.12],[-7.0,57.25],[-7.0,57.5],[-7.254,57.75],[-7.055,57.805]]]},"properties":{"hvalue":1.2,"color":"#a7c2e0"}},{"type":"Feature","geometry":{"type":"Polygon","coordinates":[[[-6.316,58.5],[-5.889,58.5],[-5.75,58.198],[-5.5,58.24],[-5.25,58.424],[-5.25,58.25],[-5.759,57.741],[-6.194,57.694],[-6.5,57.75],[-6.0,58.25],[-6.316,58.5]]]},"properties":{"hvalue":1.2,"color":"#a7c2e0"}},{"type":"Feature","geometry":{"type":"Polygon","coordinates":[[[-55.75,52.75],[-55.5,53.514],[-55.25,53.682],[-53.5,53.909],[-52.75,54.175],[-52.25,54.454],[-49.531,55.25],[-48.0,56.026],[-47.75,56.244],[-47.828,56.5],[-48.806,57.75],[-48.923,58.25],[-48.802,58.75],[-48.49,59.0],[-47.926,59.25],[-47.754,59.5],[-48.105,60.0],[-48.154,60.25],[-48.0,60.428],[-47.75,60.45],[-46.45,60.25],[-45.25,59.876],[-44.834,59.834],[-44.75,59.75],[-43.25,59.75],[-43.049,59.951],[-39.5,61.145],[-38.75,61.3],[-37.25,61.286],[-34.5,61.003],[-33.75,61.115],[-33.313,61.25],[-32.964,61.5],[-32.784,61.75],[-32.451,62.75],[-31.5,63.351],[-30.5,63.803],[-28.685,64.25],[-26.882,65.25],[-25.0,65.557],[-24.75,65.562],[-24.537,65.25],[-24.615,64.75],[-23.75,64.5],[-22.75,64.491],[-22.5,64.408],[-22.339,64.25],[-22.5,64.0],[-22.25,63.75],[-20.875,63.75],[-20.713,63.713],[-20.5,63.5],[-19.75,63.5],[-19.658,63.408],[-21.75,63.452],[-22.5,63.589],[-23.0,63.888],[-23.25,63.936],[-24.75,63.785],[-26.5,63.448],[-27.044,63.25],[-28.75,62.401],[-29.334,62.0],[-29.672,61.25],[-30.258,60.25],[-30.401,59.75],[-30.414,59.25],[-30.661,58.75],[-31.0,58.392],[-31.75,58.063],[-32.75,58.094],[-34.0,58.355],[-35.38,59.0],[-35.5,59.271],[-36.25,59.481],[-37.0,59.533],[-38.0,59.523],[-40.529,59.25],[-41.25,59.02],[-42.0,59.241],[-42.75,59.57],[-43.25,59.598],[-43.719,59.5],[-44.562,58.75],[-44.979,58.5],[-44.967,58.25],[-44.357,57.5],[-43.624,57.0],[-42.75,56.695],[-41.0,56.345],[-39.5,55.898],[-38.75,55.592],[-37.0,55.471],[-36.5,55.502],[-34.25,55.916],[-33.5,56.159],[-33.0,56.231],[-32.25,56.15],[-32.108,56.0],[-32.304,55.75],[-32.25,55.615],[-32.141,55.5],[-31.75,55.389],[-31.5,55.152],[-31.427,55.0],[-31.536,54.0],[-31.75,53.852],[-32.75,53.592],[-34.0,53.682],[-34.5,53.561],[-35.28,53.25],[-36.097,52.5],[-36.5,52.268],[-37.75,52.208],[-38.0,52.123],[-38.5,51.721],[-38.75,51.636],[-40.25,52.08],[-41.0,52.099],[-42.75,52.427],[-44.0,52.764],[-46.25,53.075],[-48.0,53.147],[-49.0,53.067],[-49.75,53.098],[-51.0,52.943],[-52.25,52.619],[-54.569,52.25],[-55.0,52.106],[-55.516,51.516],[-55.75,51.75],[-56.0,51.75],[-55.5,52.25],[-55.5,52.5],[-55.75,52.75]]]},"properties":{"hvalue":1.2,"color":"#a7c2e0"}},{"type":"Feature","geometry":{"type":"Polygon","coordinates":[[[-3.281,58.781],[-3.75,58.75],[-4.284,58.75],[-3.483,58.983],[-3.281,58.781]]]},"properties":{"hvalue":1.2,"color":"#a7c2e0"}},{"type":"Feature","geometry":{"type":"Polygon","coordinates":[[[-6.5,62.558],[-6.207,62.5],[-6.213,62.25],[-6.5,61.838],[-6.743,61.743],[-6.847,61.903],[-6.756,61.994],[-6.5,62.0],[-6.25,62.25],[-6.5,62.5],[-6.677,62.5],[-6.5,62.558]]]},"properties":{"hvalue":1.2,"color":"#a7c2e0"}},{"type":"Feature","geometry":{"type":"Polygon","coordinates":[[[12.5,78.44],[12.75,78.25],[13.0,78.25],[13.209,78.041],[12.25,78.082],[12.0,78.119],[11.825,78.25],[11.28,78.28],[11.414,78.414],[12.5,78.44]]]},"properties":{"hvalue":1.2,"color":"#a7c2e0"}},{"type":"Feature","geometry":{"type":"Polygon","coordinates":[[[19.75,-69.749],[19.752,-69.75],[19.749,-69.75],[19.75,-69.749]]]},"properties":{"hvalue":1.2,"color":"#a7c2e0"}},{"type":"Feature","geometry":{"type":"Polygon","coordinates":[[[40.655,-68.75],[40.75,-68.663],[40.837,-68.663],[40.75,-68.75],[40.655,-68.75]]]},"properties":{"hvalue":1.2,"color":"#a7c2e0"}},{"type":"Feature","geometry":{"type":"Polygon","coordinates":[[[177.644,-64.75],[176.5,-64.418],[174.876,-64.25],[173.75,-63.575],[173.5,-63.499],[171.25,-63.445],[171.0,-63.548],[170.75,-63.929],[170.25,-63.978],[169.25,-63.919],[168.0,-64.057],[167.25,-63.946],[165.5,-63.248],[163.553,-63.0],[161.75,-63.018],[158.25,-62.815],[156.75,-63.036],[155.25,-62.8],[153.0,-63.19],[151.0,-63.188],[148.105,-63.5],[147.25,-63.68],[143.25,-63.957],[138.0,-64.652],[137.25,-64.622],[135.0,-64.199],[133.25,-64.129],[131.908,-64.25],[130.5,-64.544],[128.25,-64.68],[124.75,-64.653],[121.75,-65.082],[116.0,-64.855],[112.5,-64.944],[111.25,-64.81],[108.96,-64.25],[103.0,-63.246],[100.75,-63.114],[97.752,-62.75],[92.5,-62.661],[91.0,-62.53],[89.0,-62.177],[86.75,-61.613],[85.5,-60.888],[85.0,-60.416],[84.505,-60.25],[83.0,-60.117],[81.25,-59.836],[80.25,-59.911],[78.0,-60.27],[74.75,-60.179],[74.0,-60.234],[73.088,-60.5],[71.5,-61.239],[69.25,-61.431],[67.5,-62.061],[66.5,-62.2],[62.5,-62.492],[59.0,-62.95],[56.5,-63.125],[49.5,-63.04],[39.5,-61.932],[38.0,-61.54],[37.0,-61.499],[34.5,-61.589],[32.75,-61.419],[31.369,-61.0],[30.75,-60.906],[29.0,-61.117],[28.0,-61.406],[27.25,-61.437],[26.75,-60.972],[25.5,-60.353],[25.25,-60.306],[24.25,-60.409],[23.5,-60.321],[21.75,-59.498],[21.0,-58.957],[18.25,-58.301],[17.0,-58.191],[16.25,-57.994],[15.0,-57.849],[14.0,-57.638],[13.5,-57.453],[12.75,-56.989],[12.25,-56.887],[11.5,-56.894],[10.25,-57.141],[8.75,-57.309],[7.25,-57.314],[4.75,-57.522],[3.25,-57.416],[1.75,-57.041],[1.0,-57.265],[0.5,-57.286],[-0.5,-57.528],[-1.5,-57.399],[-3.25,-57.503],[-7.0,-57.418],[-8.5,-57.66],[-10.0,-57.7],[-11.25,-58.115],[-12.0,-58.237],[-13.75,-58.347],[-16.0,-58.175],[-17.25,-57.901],[-18.5,-57.857],[-19.25,-57.677],[-20.25,-57.222],[-21.182,-57.0],[-21.791,-57.25],[-22.25,-57.337],[-22.75,-57.27],[-23.25,-56.989],[-24.5,-56.907],[-24.853,-56.75],[-25.25,-56.37],[-26.0,-56.125],[-26.75,-55.485],[-27.75,-55.236],[-28.758,-55.25],[-29.25,-55.486],[-30.002,-56.75],[-30.056,-57.0],[-30.291,-57.25],[-30.75,-57.39],[-31.5,-57.519],[-32.5,-57.537],[-36.0,-58.092],[-38.25,-58.661],[-39.75,-58.746],[-41.0,-58.917],[-42.75,-59.67],[-43.469,-59.75],[-44.25,-60.013],[-48.406,-60.5],[-50.0,-60.979],[-52.0,-61.414],[-53.0,-61.535],[-53.25,-61.671],[-55.208,-62.25],[-55.314,-62.5],[-55.02,-62.75],[-55.0,-62.933],[-55.123,-63.127],[-55.25,-62.889],[-55.795,-63.0],[-56.039,-62.961],[-56.006,-62.75],[-55.687,-62.5],[-55.75,-62.229],[-54.25,-61.768],[-53.5,-61.398],[-52.664,-61.25],[-51.25,-60.727],[-51.0,-60.776],[-48.75,-60.316],[-47.75,-60.258],[-46.75,-59.966],[-46.139,-60.0],[-45.75,-59.847],[-43.814,-59.5],[-42.939,-59.25],[-41.25,-58.557],[-40.25,-58.513],[-39.75,-58.328],[-38.5,-58.291],[-38.25,-58.133],[-37.75,-58.076],[-37.25,-57.739],[-37.0,-57.685],[-34.5,-57.541],[-33.25,-57.33],[-31.455,-57.25],[-31.0,-56.95],[-30.526,-56.5],[-30.437,-56.25],[-30.605,-55.25],[-30.207,-55.0],[-29.5,-54.72],[-29.0,-54.771],[-27.0,-54.701],[-26.5,-54.742],[-25.849,-55.0],[-25.573,-55.25],[-25.473,-55.75],[-24.467,-56.5],[-23.25,-56.639],[-22.25,-56.964],[-22.0,-56.923],[-21.75,-56.685],[-21.25,-56.602],[-19.75,-56.901],[-19.535,-57.0],[-19.25,-57.335],[-18.75,-57.51],[-17.25,-57.622],[-16.0,-57.91],[-14.75,-57.788],[-13.75,-57.98],[-13.0,-57.999],[-10.0,-57.358],[-8.5,-57.387],[-7.0,-56.918],[-5.5,-56.783],[-4.25,-56.939],[-1.0,-57.057],[1.5,-56.586],[2.25,-56.679],[3.25,-57.062],[4.25,-57.141],[6.0,-56.907],[8.75,-56.821],[11.0,-56.349],[12.25,-56.365],[13.0,-56.584],[13.5,-57.058],[14.25,-57.379],[16.0,-57.622],[17.0,-57.874],[18.25,-57.958],[20.0,-58.206],[21.412,-58.75],[21.822,-59.25],[23.0,-59.746],[23.5,-60.104],[24.0,-60.17],[25.25,-59.882],[25.75,-59.965],[26.25,-60.404],[27.064,-60.75],[27.116,-61.0],[27.25,-61.184],[27.75,-61.126],[28.444,-60.75],[28.75,-60.673],[30.25,-60.498],[30.75,-60.525],[31.661,-60.75],[32.5,-61.135],[34.5,-61.27],[39.0,-60.824],[39.25,-60.868],[39.667,-61.25],[39.75,-61.438],[40.0,-61.533],[45.868,-62.0],[48.5,-62.363],[50.25,-62.471],[51.5,-62.43],[53.25,-62.164],[55.5,-62.237],[56.75,-62.122],[58.0,-62.112],[60.864,-61.75],[64.0,-61.669],[64.5,-61.691],[64.75,-61.793],[65.714,-61.75],[66.537,-61.5],[67.0,-60.964],[67.5,-60.715],[69.5,-60.539],[70.75,-60.572],[71.205,-60.5],[71.75,-60.143],[72.632,-60.0],[73.0,-59.84],[73.5,-59.279],[73.75,-59.171],[74.25,-59.379],[75.5,-59.56],[78.0,-59.775],[81.25,-59.189],[82.75,-59.443],[84.25,-59.506],[85.5,-59.891],[86.0,-60.418],[86.523,-60.75],[87.75,-60.969],[88.25,-61.333],[88.75,-61.528],[90.25,-61.717],[91.25,-61.993],[92.25,-62.041],[94.5,-61.957],[97.75,-62.068],[98.75,-62.176],[100.5,-62.562],[103.5,-62.586],[106.0,-63.036],[108.0,-63.303],[112.0,-64.063],[113.25,-64.168],[115.25,-64.083],[116.25,-64.122],[119.25,-64.581],[120.75,-64.728],[122.25,-64.691],[124.5,-64.406],[128.25,-64.462],[130.5,-64.296],[131.25,-64.192],[131.919,-64.0],[133.0,-63.89],[134.75,-63.951],[137.25,-64.448],[138.0,-64.465],[138.5,-64.407],[138.942,-64.25],[140.0,-64.162],[140.5,-63.921],[144.25,-63.316],[145.25,-63.437],[147.5,-63.393],[147.75,-63.347],[148.75,-62.876],[150.25,-62.879],[151.0,-62.815],[151.5,-62.67],[151.75,-62.774],[152.75,-62.771],[153.5,-62.583],[154.5,-62.536],[155.0,-62.392],[157.0,-62.712],[158.25,-62.506],[160.0,-62.652],[163.0,-62.731],[165.25,-62.881],[165.5,-62.908],[166.788,-63.5],[167.0,-63.534],[167.25,-63.771],[168.25,-63.808],[168.95,-63.75],[169.25,-63.612],[170.0,-63.636],[170.25,-63.424],[171.0,-63.06],[171.75,-63.114],[172.5,-63.041],[173.919,-62.25],[175.25,-62.141],[176.04,-62.25],[175.861,-62.5],[176.28,-62.75],[179.236,-64.0],[179.75,-64.536],[179.75,-65.437],[179.0,-65.214],[177.75,-65.017],[177.644,-64.75]]]},"properties":{"hvalue":1.2,"color":"#a7c2e0"}},{"type":"Feature","geometry":{"type":"Polygon","coordinates":[[[68.999,-49.499],[69.25,-49.5],[69.341,-49.591],[69.25,-49.591],[68.999,-49.499]]]},"properties":{"hvalue":1.2,"color":"#a7c2e0"}},{"type":"Feature","geometry":{"type":"Polygon","coordinates":[[[69.75,-49.415],[70.023,-49.5],[69.657,-49.593],[69.75,-49.5],[69.243,-48.993],[69.75,-49.415]]]},"properties":{"hvalue":1.2,"color":"#a7c2e0"}},{"type":"Feature","geometry":{"type":"Polygon","coordinates":[[[12.082,-44.0],[12.75,-43.803],[13.0,-43.802],[14.25,-44.181],[14.513,-44.5],[14.25,-44.754],[13.523,-44.75],[12.992,-44.5],[12.75,-44.178],[12.082,-44.0]]]},"properties":{"hvalue":1.2,"color":"#a7c2e0"}},{"type":"Feature","geometry":{"type":"Polygon","coordinates":[[[18.875,-34.375],[18.5,-34.388],[18.345,-34.25],[18.24,-34.0],[18.25,-33.894],[18.25,-34.0],[18.5,-34.25],[18.75,-34.25],[18.875,-34.375]]]},"properties":{"hvalue":1.2,"color":"#a7c2e0"}},{"type":"Feature","geometry":{"type":"Polygon","coordinates":[[[18.25,-33.703],[18.014,-33.264],[18.25,-33.5],[18.25,-33.703]]]},"properties":{"hvalue":1.2,"color":"#a7c2e0"}},{"type":"Feature","geometry":{"type":"Polygon","coordinates":[[[17.553,-31.25],[17.082,-30.332],[17.5,-30.75],[17.5,-31.0],[18.0,-31.5],[18.0,-31.75],[18.25,-32.0],[18.25,-32.409],[18.0,-32.572],[17.767,-32.983],[17.734,-32.25],[17.553,-31.25]]]},"properties":{"hvalue":1.2,"color":"#a7c2e0"}},{"type":"Feature","geometry":{"type":"Polygon","coordinates":[[[33.238,-25.512],[33.192,-26.25],[33.0,-26.756],[33.0,-26.25],[32.885,-26.135],[32.894,-25.856],[33.238,-25.512]]]},"properties":{"hvalue":1.2,"color":"#a7c2e0"}},{"type":"Feature","geometry":{"type":"Polygon","coordinates":[[[35.5,-23.923],[35.5,-23.66],[35.553,-23.75],[35.5,-23.923]]]},"properties":{"hvalue":1.2,"color":"#a7c2e0"}},{"type":"Feature","geometry":{"type":"Polygon","coordinates":[[[43.25,-21.866],[43.25,-22.25],[43.25,-22.284],[43.2,-22.0],[43.25,-21.866]]]},"properties":{"hvalue":1.2,"color":"#a7c2e0"}},{"type":"Feature","geometry":{"type":"Polygon","coordinates":[[[48.25,-21.942],[48.25,-21.75],[48.361,-21.639],[48.349,-21.75],[48.25,-21.942]]]},"properties":{"hvalue":1.2,"color":"#a7c2e0"}},{"type":"Feature","geometry":{"type":"Polygon","coordinates":[[[48.5,-20.75],[48.671,-20.579],[48.5,-21.085],[48.5,-21.0],[48.5,-20.75]]]},"properties":{"hvalue":1.2,"color":"#a7c2e0"}},{"type":"Feature","geometry":{"type":"Polygon","coordinates":[[[55.955,-20.5],[55.855,-21.105],[55.5,-20.75],[55.25,-21.046],[55.209,-21.0],[55.5,-20.399],[55.75,-20.183],[55.955,-20.5]]]},"properties":{"hvalue":1.2,"color":"#a7c2e0"}},{"type":"Feature","geometry":{"type":"Polygon","coordinates":[[[57.314,-20.186],[57.5,-19.723],[57.75,-19.52],[57.852,-19.75],[57.804,-20.054],[57.5,-20.0],[57.314,-20.186]]]},"properties":{"hvalue":1.2,"color":"#a7c2e0"}},{"type":"Feature","geometry":{"type":"Polygon","coordinates":[[[35.312,-21.0],[35.318,-20.0],[35.561,-19.439],[36.0,-19.0],[36.25,-19.0],[36.5,-18.75],[37.25,-18.0],[37.25,-17.75],[37.5,-17.75],[37.75,-17.5],[38.0,-17.5],[38.25,-17.25],[38.554,-17.25],[37.688,-17.75],[37.267,-18.25],[37.0,-18.939],[36.743,-19.25],[36.499,-19.75],[35.653,-22.153],[35.5,-22.0],[35.312,-21.0]]]},"properties":{"hvalue":1.2,"color":"#a7c2e0"}},{"type":"Feature","geometry":{"type":"Polygon","coordinates":[[[63.561,-19.5],[63.5,-19.5],[63.403,-19.597],[63.5,-19.344],[63.561,-19.5]]]},"properties":{"hvalue":1.2,"color":"#a7c2e0"}},{"type":"Feature","geometry":{"type":"Polygon","coordinates":[[[40.651,-15.599],[40.0,-16.464],[39.75,-16.664],[39.516,-16.734],[40.651,-15.599]]]},"properties":{"hvalue":1.2,"color":"#a7c2e0"}},{"type":"Feature","geometry":{"type":"Polygon","coordinates":[[[43.989,-19.5],[43.969,-18.75],[43.684,-18.25],[43.25,-16.718],[43.0,-16.754],[42.801,-17.0],[42.722,-17.0],[42.631,-16.75],[42.644,-16.25],[42.5,-15.824],[42.25,-15.532],[41.75,-15.23],[41.5,-14.562],[41.25,-14.549],[40.951,-15.25],[40.75,-15.473],[40.75,-15.092],[41.0,-14.75],[41.0,-14.5],[40.796,-14.296],[40.75,-14.121],[40.75,-13.753],[41.196,-12.5],[41.683,-12.0],[41.646,-11.75],[41.25,-11.471],[41.0,-11.076],[41.0,-10.872],[41.24,-10.5],[41.5,-10.375],[41.75,-10.409],[42.5,-10.779],[42.618,-11.0],[42.241,-11.25],[41.837,-11.75],[41.847,-12.0],[41.979,-12.25],[42.25,-12.515],[43.058,-13.0],[43.25,-13.529],[44.286,-14.0],[44.25,-14.612],[43.931,-16.25],[43.871,-17.379],[43.75,-17.5],[43.75,-17.75],[43.925,-17.925],[44.0,-19.0],[44.25,-19.25],[44.303,-19.803],[44.105,-20.395],[43.75,-20.75],[43.75,-21.071],[43.624,-21.25],[43.421,-21.329],[43.75,-20.464],[43.989,-19.5]]]},"properties":{"hvalue":1.2,"color":"#a7c2e0"}},{"type":"Feature","geometry":{"type":"Polygon","coordinates":[[[70.111,-9.75],[70.295,-10.0],[70.345,-10.25],[70.25,-10.292],[69.579,-10.25],[69.169,-10.0],[69.329,-9.75],[69.5,-9.676],[69.75,-9.618],[70.111,-9.75]]]},"properties":{"hvalue":1.2,"color":"#a7c2e0"}},{"type":"Feature","geometry":{"type":"Polygon","coordinates":[[[49.5,-18.5],[49.558,-17.25],[49.857,-17.0],[50.0,-16.75],[50.0,-16.25],[49.867,-16.117],[49.996,-15.996],[50.25,-16.0],[50.5,-15.75],[50.5,-15.0],[50.25,-14.75],[50.25,-13.5],[50.0,-13.25],[50.0,-13.0],[49.863,-12.863],[49.75,-12.5],[49.5,-12.25],[49.5,-12.0],[49.25,-11.75],[49.166,-11.834],[48.728,-11.75],[47.445,-11.25],[45.5,-10.816],[44.577,-10.25],[44.368,-9.5],[44.25,-9.414],[43.75,-9.423],[43.25,-9.668],[42.0,-9.852],[41.5,-10.162],[41.0,-10.125],[40.722,-9.75],[40.5,-9.596],[39.75,-9.323],[39.753,-9.0],[39.537,-8.75],[39.668,-8.5],[39.626,-8.25],[39.686,-8.186],[39.75,-8.25],[40.0,-8.0],[39.956,-7.75],[39.566,-7.25],[39.75,-7.0],[39.329,-6.5],[39.5,-6.5],[39.75,-6.25],[39.375,-5.875],[39.25,-5.558],[39.13,-5.5],[39.657,-5.407],[39.75,-5.5],[40.0,-5.25],[40.0,-5.0],[39.75,-4.75],[39.682,-4.818],[39.506,-4.744],[39.75,-4.5],[39.75,-4.25],[40.0,-4.0],[40.0,-3.5],[40.25,-3.25],[40.25,-2.75],[40.5,-2.75],[41.177,-2.073],[41.5,-2.0],[41.75,-1.75],[41.75,-1.5],[42.0,-1.25],[42.0,-1.0],[42.25,-1.0],[42.5,-0.75],[42.5,-0.5],[44.25,1.25],[44.5,1.25],[45.0,1.75],[45.25,1.75],[45.75,2.25],[46.0,2.25],[48.0,4.25],[48.0,4.5],[48.5,5.0],[48.5,5.25],[49.0,5.75],[49.0,6.0],[49.25,6.25],[49.25,6.5],[49.5,6.75],[49.5,7.0],[49.75,7.25],[49.75,7.5],[50.0,7.75],[50.0,8.0],[50.5,8.5],[50.5,8.75],[50.75,9.0],[50.75,9.25],[51.0,9.5],[51.0,10.25],[51.3,10.5],[51.25,11.5],[51.376,11.626],[51.292,11.25],[51.546,10.5],[51.199,10.25],[51.25,10.16],[51.5,10.075],[52.0,10.311],[52.146,10.25],[52.231,9.75],[52.358,9.5],[54.25,7.087],[55.0,6.682],[55.084,6.75],[55.09,7.5],[54.343,10.0],[54.0,10.517],[53.137,11.25],[52.995,11.5],[53.256,11.75],[53.211,12.0],[53.0,12.07],[52.876,12.25],[53.0,12.585],[53.25,12.778],[54.11,14.0],[54.2,14.25],[54.25,15.001],[54.181,15.25],[53.895,15.5],[53.861,15.75],[53.75,15.876],[53.5,15.897],[52.75,16.215],[52.5,16.158],[52.384,15.75],[52.1,15.6],[52.25,15.75],[52.25,16.0],[52.75,16.5],[53.5,16.5],[53.75,16.75],[54.0,16.75],[54.25,17.0],[54.5,17.0],[54.75,16.75],[55.25,17.25],[55.32,17.57],[55.47,17.72],[55.5,17.177],[55.75,17.259],[55.967,17.75],[56.25,17.75],[56.75,18.25],[56.75,18.5],[57.0,18.75],[57.688,18.75],[57.439,18.5],[57.0,17.8],[56.472,17.5],[56.25,17.285],[56.077,17.25],[56.25,17.166],[56.357,17.0],[56.75,16.137],[57.0,16.166],[57.5,16.565],[58.75,16.948],[59.25,16.593],[59.5,16.512],[60.0,16.814],[60.013,17.5],[60.245,18.25],[60.446,18.5],[61.0,18.822],[62.0,18.884],[62.25,18.765],[62.021,18.25],[62.052,18.0],[62.5,17.741],[63.0,17.761],[63.5,17.942],[64.0,18.291],[66.5,18.975],[66.75,19.112],[67.25,19.582],[67.43,20.0],[67.481,20.75],[67.635,21.25],[67.754,22.25],[67.692,22.5],[67.278,23.0],[67.232,23.25],[67.066,23.5],[66.25,23.927],[65.944,24.5],[65.5,24.717],[64.75,24.853],[61.979,24.75],[61.633,24.5],[60.906,23.25],[60.75,23.109],[60.438,23.0],[60.0,22.593],[59.982,22.268],[59.865,22.385],[59.498,25.0],[59.55,25.25],[60.5,25.25],[60.75,25.0],[63.25,25.0],[63.515,25.25],[64.25,25.25],[64.5,25.0],[64.756,25.25],[66.5,25.313],[66.5,25.0],[66.75,24.75],[67.0,24.706],[67.182,24.5],[67.148,24.25],[67.5,23.878],[68.0,23.625],[69.0,22.75],[69.239,22.75],[68.75,22.25],[70.25,20.75],[70.5,20.75],[70.75,20.5],[71.0,20.5],[71.126,20.626],[71.546,20.75],[72.058,20.75],[72.403,20.25],[72.617,19.0],[72.86,18.0],[73.0,17.708],[73.0,17.25],[73.25,16.787],[73.25,16.25],[74.0,14.494],[74.534,12.75],[74.761,12.25],[74.826,11.75],[75.69,10.25],[75.884,9.75],[76.25,9.159],[76.25,9.0],[77.25,8.0],[77.75,8.0],[78.25,8.5],[78.25,8.657],[78.5,9.0],[78.75,9.0],[78.86,9.11],[79.555,9.0],[79.644,8.75],[79.511,8.0],[79.75,7.022],[79.75,6.5],[80.0,6.25],[80.0,6.0],[80.25,5.75],[80.75,5.75],[81.0,6.0],[81.25,6.0],[82.0,6.75],[82.0,7.5],[81.896,7.604],[81.885,9.5],[81.75,9.858],[81.171,10.75],[81.001,11.25],[81.182,12.25],[81.605,13.75],[81.753,16.0],[81.888,16.25],[82.0,16.25],[82.5,16.75],[82.5,17.0],[82.75,17.25],[83.0,17.25],[83.81,18.06],[84.25,18.25],[84.5,18.5],[84.5,18.609],[85.163,19.25],[85.5,19.403],[85.75,19.401],[86.5,19.769],[87.0,20.102],[87.938,21.0],[89.421,21.25],[89.499,21.0],[89.429,20.5],[89.5,20.356],[89.75,20.393],[90.217,20.75],[90.258,21.0],[90.274,20.75],[90.879,20.0],[91.0,19.45],[91.25,18.945],[91.5,18.594],[91.75,18.454],[92.0,18.584],[92.707,19.25],[93.0,19.129],[93.55,18.5],[93.72,17.75],[94.25,17.331],[94.25,16.997],[94.146,16.646],[94.0,16.5],[94.0,16.0],[94.25,15.704],[94.5,15.525],[95.0,15.375],[96.25,15.273],[97.034,14.75],[97.337,14.25],[97.489,13.75],[97.496,12.75],[97.298,12.25],[97.418,12.0],[97.37,11.75],[97.74,11.25],[97.696,10.75],[97.5,10.403],[97.0,9.824],[95.516,8.5],[95.167,7.5],[95.05,6.5],[94.991,5.75],[95.081,5.581],[95.0,5.5],[95.0,5.25],[95.5,4.75],[95.5,4.5],[95.749,4.25],[95.677,3.0],[95.731,2.75],[96.0,2.5],[95.75,2.526],[95.5,2.803],[94.5,3.452],[94.0,3.591],[93.75,3.75],[93.465,4.25],[93.272,6.0],[92.89,6.5],[92.696,7.0],[92.5,7.181],[92.25,7.116],[92.022,6.75],[91.887,4.75],[91.75,4.072],[91.25,3.955],[90.75,4.673],[90.5,4.879],[90.25,4.759],[90.102,3.75],[89.829,3.0],[89.657,2.75],[89.25,2.464],[88.5,2.221],[88.25,2.212],[88.0,2.265],[87.5,2.639],[87.25,2.609],[86.75,2.138],[85.75,1.724],[85.5,1.673],[85.25,1.718],[85.0,1.894],[84.75,1.863],[84.52,1.0],[84.25,0.744],[83.5,0.756],[83.345,0.5],[83.25,0.469],[82.75,0.397],[82.25,0.436],[81.25,-0.003],[80.25,-0.091],[79.5,-0.587],[79.044,-1.0],[78.732,-1.5],[78.25,-1.729],[77.25,-1.902],[76.813,-2.25],[76.5,-2.699],[75.25,-2.583],[75.0,-2.625],[74.25,-2.967],[74.474,-3.5],[74.58,-4.0],[74.65,-5.0],[74.497,-5.25],[73.802,-5.75],[73.0,-5.914],[72.75,-6.128],[72.326,-6.75],[72.5,-6.85],[72.656,-7.25],[72.5,-7.415],[71.75,-7.403],[71.654,-7.5],[71.612,-8.0],[71.441,-8.25],[70.75,-8.467],[70.0,-8.323],[69.314,-7.75],[68.719,-7.0],[68.736,-6.5],[69.142,-5.75],[68.971,-5.0],[69.06,-4.0],[68.615,-3.25],[69.323,-3.0],[69.25,-2.731],[68.75,-2.653],[68.5,-2.706],[68.0,-3.186],[67.25,-3.114],[66.5,-3.182],[66.376,-3.25],[66.0,-3.803],[65.25,-3.883],[64.965,-4.0],[64.72,-4.25],[64.458,-5.0],[64.25,-5.253],[63.75,-5.36],[63.0,-5.212],[62.964,-5.25],[63.342,-5.75],[63.599,-6.5],[63.5,-6.781],[63.0,-7.114],[62.912,-7.25],[62.79,-8.5],[63.015,-9.0],[63.75,-9.586],[64.25,-9.701],[65.25,-9.681],[65.75,-9.903],[65.906,-10.0],[66.298,-10.75],[66.621,-11.0],[67.5,-10.979],[68.25,-11.27],[69.299,-11.5],[70.268,-12.25],[70.423,-12.5],[70.378,-13.0],[70.0,-13.133],[69.5,-13.02],[68.978,-12.75],[68.0,-12.615],[67.75,-12.638],[67.572,-12.75],[67.25,-13.252],[66.25,-12.639],[66.0,-12.584],[65.275,-12.75],[65.157,-13.0],[65.302,-13.25],[65.0,-13.358],[63.25,-13.116],[63.0,-13.13],[62.782,-13.25],[63.038,-13.75],[63.245,-14.0],[63.5,-14.158],[66.0,-14.823],[66.499,-15.0],[66.744,-15.25],[65.975,-15.75],[66.466,-16.25],[66.453,-16.5],[66.25,-17.044],[65.75,-17.308],[64.25,-17.531],[63.5,-17.555],[63.27,-17.75],[64.0,-17.944],[64.598,-18.25],[64.242,-18.5],[63.75,-18.63],[63.25,-18.303],[63.0,-18.293],[62.0,-18.6],[60.75,-17.986],[60.0,-17.776],[59.0,-17.857],[58.267,-18.25],[58.003,-18.5],[57.75,-18.556],[57.135,-18.0],[56.5,-17.65],[55.996,-17.25],[55.5,-17.024],[55.26,-17.0],[55.429,-16.75],[55.0,-16.604],[54.75,-16.758],[55.0,-16.97],[55.223,-17.0],[54.0,-17.029],[53.75,-16.95],[53.25,-16.541],[52.75,-16.45],[51.363,-16.75],[51.222,-17.0],[51.375,-17.25],[51.407,-17.5],[51.037,-18.25],[50.5,-18.742],[49.75,-19.203],[49.25,-19.272],[49.194,-19.5],[49.0,-19.723],[49.0,-19.5],[49.25,-19.25],[49.25,-18.75],[49.5,-18.5]]]},"properties":{"hvalue":1.2,"color":"#a7c2e0"}},{"type":"Feature","geometry":{"type":"Polygon","coordinates":[[[51.893,12.5],[52.0,12.649],[52.25,12.605],[52.413,12.25],[52.25,12.095],[52.0,12.157],[51.893,12.5]]]},"properties":{"hvalue":1.2,"color":"#a7c2e0"}},{"type":"Feature","geometry":{"type":"Polygon","coordinates":[[[50.25,12.526],[49.25,12.672],[48.233,13.25],[48.394,13.5],[49.25,13.651],[49.373,13.75],[49.003,14.253],[49.25,14.5],[49.5,14.5],[49.75,14.75],[50.25,14.75],[50.5,15.0],[51.219,15.0],[51.195,14.0],[51.072,13.25],[51.189,12.25],[51.456,11.794],[50.75,12.308],[50.25,12.526]]]},"properties":{"hvalue":1.2,"color":"#a7c2e0"}},{"type":"Feature","geometry":{"type":"Polygon","coordinates":[[[58.0,20.25],[58.5,20.25],[58.75,20.0],[59.0,20.25],[58.865,20.385],[58.947,20.947],[59.5,21.5],[59.5,21.75],[59.895,22.145],[60.026,21.5],[59.486,20.5],[59.75,20.321],[60.25,20.438],[60.397,20.0],[60.254,19.75],[59.0,19.597],[57.863,18.863],[58.0,19.0],[57.781,19.219],[57.872,19.872],[58.0,20.0],[58.0,20.25]]]},"properties":{"hvalue":1.2,"color":"#a7c2e0"}},{"type":"Feature","geometry":{"type":"Polygon","coordinates":[[[36.5,23.534],[35.5,24.324],[34.897,25.353],[34.908,25.75],[35.002,26.0],[35.25,26.119],[35.5,26.002],[36.25,25.377],[36.553,25.0],[36.652,24.75],[36.75,23.925],[37.0,23.734],[37.5,23.685],[37.969,23.5],[38.304,23.0],[38.384,22.75],[38.346,22.5],[38.25,22.367],[38.0,22.304],[37.258,22.5],[36.975,22.75],[36.5,23.534]]]},"properties":{"hvalue":1.2,"color":"#a7c2e0"}},{"type":"Feature","geometry":{"type":"Polygon","coordinates":[[[33.213,28.537],[33.215,28.285],[33.0,28.5],[33.0,28.75],[33.213,28.537]]]},"properties":{"hvalue":1.2,"color":"#a7c2e0"}},{"type":"Feature","geometry":{"type":"Polygon","coordinates":[[[33.0,28.75],[32.891,28.859],[33.0,28.992],[33.0,28.75]]]},"properties":{"hvalue":1.2,"color":"#a7c2e0"}},{"type":"Feature","geometry":{"type":"Polygon","coordinates":[[[27.0,34.565],[27.236,34.25],[27.319,34.0],[27.25,33.938],[27.0,33.826],[26.5,33.906],[26.347,34.0],[26.213,34.25],[26.5,34.894],[27.0,34.565]]]},"properties":{"hvalue":1.2,"color":"#a7c2e0"}},{"type":"Feature","geometry":{"type":"Polygon","coordinates":[[[23.1,35.0],[22.5,34.673],[22.222,34.75],[22.534,35.0],[23.0,35.14],[23.1,35.0]]]},"properties":{"hvalue":1.2,"color":"#a7c2e0"}},{"type":"Feature","geometry":{"type":"Polygon","coordinates":[[[29.963,35.75],[30.25,35.703],[30.587,35.5],[30.8,35.25],[30.893,34.75],[30.631,34.5],[30.185,34.5],[29.679,34.75],[29.557,35.0],[29.62,35.25],[29.709,35.5],[29.963,35.75]]]},"properties":{"hvalue":1.2,"color":"#a7c2e0"}},{"type":"Feature","geometry":{"type":"Polygon","coordinates":[[[27.25,36.307],[27.457,36.0],[27.25,35.961],[26.75,35.315],[26.5,35.258],[26.221,35.5],[26.953,36.25],[27.0,36.381],[27.25,36.307]]]},"properties":{"hvalue":1.2,"color":"#a7c2e0"}},{"type":"Feature","geometry":{"type":"Polygon","coordinates":[[[49.25,41.249],[49.5,40.956],[49.742,40.75],[49.5,40.75],[49.25,41.0],[49.25,41.249]]]},"properties":{"hvalue":1.2,"color":"#a7c2e0"}},{"type":"Feature","geometry":{"type":"Polygon","coordinates":[[[50.0,41.887],[50.118,42.75],[49.989,43.5],[50.024,44.25],[49.75,44.534],[49.5,44.607],[49.25,44.559],[48.5,44.021],[47.801,43.0],[47.86,42.64],[47.75,42.75],[47.75,43.554],[47.987,44.0],[47.925,44.25],[48.0,44.418],[48.792,45.0],[49.25,45.179],[49.75,45.156],[49.793,45.0],[50.0,44.783],[50.277,44.75],[50.395,44.645],[50.25,44.5],[50.502,44.25],[50.575,43.25],[50.513,42.0],[50.853,41.25],[50.837,41.0],[50.599,40.5],[50.5,40.456],[50.191,40.559],[50.0,40.75],[49.789,40.75],[49.776,41.25],[50.0,41.887]]]},"properties":{"hvalue":1.2,"color":"#a7c2e0"}},{"type":"Feature","geometry":{"type":"Polygon","coordinates":[[[36.359,41.5],[36.0,41.75],[35.516,41.75],[35.355,42.0],[35.0,42.25],[34.75,42.0],[34.032,42.0],[33.5,42.152],[32.0,41.79],[29.814,42.0],[29.429,42.25],[30.126,43.5],[30.75,44.248],[31.033,44.5],[31.521,44.75],[32.25,44.931],[32.5,44.895],[33.0,44.717],[33.5,44.25],[33.687,44.25],[34.351,44.0],[34.5,43.824],[34.75,43.705],[35.75,43.524],[36.0,43.533],[36.331,43.75],[36.577,44.5],[36.75,44.694],[37.25,44.792],[37.5,44.5],[38.0,44.5],[38.25,44.25],[38.75,44.25],[39.5,43.5],[39.75,43.5],[40.0,43.25],[40.25,43.25],[40.488,43.012],[40.43,43.0],[40.524,42.75],[41.0,42.547],[41.074,42.75],[41.25,42.75],[41.25,42.521],[41.13,42.5],[41.25,42.343],[41.329,42.421],[41.5,42.25],[41.5,42.0],[41.75,41.75],[41.5,41.5],[41.25,41.5],[41.0,41.25],[40.5,41.25],[40.25,41.0],[39.75,41.0],[39.5,41.25],[39.0,41.25],[38.75,41.0],[38.0,41.0],[37.75,41.25],[37.25,41.25],[37.0,41.5],[36.359,41.5]]]},"properties":{"hvalue":1.2,"color":"#a7c2e0"}},{"type":"Feature","geometry":{"type":"Polygon","coordinates":[[[32.683,60.683],[32.5,60.5],[32.5,60.25],[31.882,60.368],[31.75,60.5],[31.592,60.342],[31.329,60.5],[31.351,60.75],[31.75,60.92],[32.25,60.912],[32.683,60.683]]]},"properties":{"hvalue":1.2,"color":"#a7c2e0"}},{"type":"Feature","geometry":{"type":"Polygon","coordinates":[[[35.75,61.769],[36.151,61.599],[36.446,61.25],[36.0,61.25],[35.869,61.119],[35.5,61.5],[35.25,61.5],[35.18,61.57],[35.494,61.75],[35.75,61.769]]]},"properties":{"hvalue":1.2,"color":"#a7c2e0"}},{"type":"Feature","geometry":{"type":"Polygon","coordinates":[[[35.25,64.778],[34.879,65.25],[35.095,65.75],[35.339,66.0],[36.984,66.016],[38.0,65.808],[39.0,65.781],[39.5,65.869],[40.0,66.066],[40.233,66.25],[40.5,66.25],[41.0,66.75],[41.208,66.75],[40.25,65.75],[39.75,65.75],[39.5,65.5],[40.0,65.0],[40.084,65.0],[40.046,64.75],[38.508,64.75],[38.164,64.836],[38.0,65.0],[37.75,65.0],[37.5,65.25],[37.0,65.25],[36.481,64.75],[37.0,64.25],[37.388,64.25],[37.809,64.0],[36.263,64.0],[35.92,64.33],[35.75,64.643],[35.25,64.778]]]},"properties":{"hvalue":1.2,"color":"#a7c2e0"}},{"type":"Feature","geometry":{"type":"Polygon","coordinates":[[[42.65,66.6],[42.75,66.781],[43.168,66.5],[42.75,66.5],[42.65,66.6]]]},"properties":{"hvalue":1.2,"color":"#a7c2e0"}},{"type":"Feature","geometry":{"type":"Polygon","coordinates":[[[44.0,67.0],[44.153,67.0],[44.25,66.895],[44.25,66.5],[44.0,66.25],[43.75,66.25],[43.608,66.392],[44.007,66.5],[43.971,66.75],[43.808,67.0],[43.812,67.188],[44.0,67.0]]]},"properties":{"hvalue":1.2,"color":"#a7c2e0"}},{"type":"Feature","geometry":{"type":"Polygon","coordinates":[[[1.0,55.598],[-0.75,56.331],[-1.75,56.537],[-1.872,56.75],[-1.417,57.5],[-1.215,58.0],[-1.5,58.163],[-2.729,58.25],[-2.736,58.5],[-2.331,59.0],[-2.312,59.25],[-2.75,59.301],[-2.888,59.25],[-2.909,59.159],[-3.0,59.25],[-3.18,59.25],[-2.75,59.431],[-2.0,59.457],[-1.5,59.614],[-0.301,59.75],[-1.25,59.809],[-1.406,60.0],[-1.25,60.0],[-0.875,60.5],[-1.0,60.625],[-1.045,60.545],[-1.201,60.701],[-1.0,60.869],[2.75,61.02],[3.5,61.197],[4.0,61.447],[4.25,61.66],[5.0,62.563],[5.5,62.978],[6.0,63.181],[7.692,63.5],[9.111,64.25],[9.333,64.5],[9.465,65.0],[8.75,65.64],[8.25,65.883],[6.75,66.305],[5.678,66.5],[4.75,66.864],[3.75,67.083],[3.433,67.25],[2.5,67.364],[1.0,67.377],[-0.25,67.288],[-3.25,66.857],[-5.25,66.682],[-10.0,66.536],[-12.5,66.195],[-13.25,66.025],[-13.896,65.75],[-14.726,65.75],[-14.5,66.0],[-15.0,66.5],[-15.103,66.397],[-15.664,66.414],[-15.75,66.5],[-16.069,66.5],[-16.25,66.708],[-16.453,66.75],[-15.5,67.067],[-13.75,67.363],[-12.75,67.776],[-12.25,67.872],[-11.5,67.853],[-11.097,67.75],[-10.75,67.504],[-10.5,67.495],[-9.75,67.623],[-7.0,67.747],[-5.0,67.95],[-2.5,68.032],[-1.75,68.129],[-0.087,68.5],[0.372,68.75],[0.453,69.0],[0.75,69.273],[1.5,69.37],[1.774,69.5],[1.857,69.75],[1.25,69.845],[0.25,70.174],[-1.25,70.334],[-3.75,69.931],[-5.75,69.872],[-6.75,69.746],[-8.0,69.794],[-9.25,69.735],[-10.25,69.837],[-10.656,70.0],[-10.678,70.25],[-12.664,71.0],[-14.834,71.5],[-15.725,71.75],[-16.299,72.0],[-16.477,72.25],[-16.398,73.0],[-15.587,73.5],[-15.153,74.0],[-14.756,74.25],[-13.25,74.583],[-11.983,75.0],[-11.509,75.25],[-9.322,76.75],[-9.074,77.0],[-8.75,77.1],[-7.75,77.213],[-7.25,77.082],[-5.75,77.084],[-4.75,77.433],[-4.0,77.831],[-2.0,78.401],[-1.5,78.657],[3.0,79.721],[7.0,80.181],[9.25,80.325],[10.75,80.37],[11.14,80.25],[11.084,80.0],[10.75,80.0],[10.5,79.75],[11.233,79.017],[11.0,79.0],[10.75,78.75],[10.75,78.65],[10.5,78.696],[10.166,79.0],[10.271,79.25],[10.152,79.5],[9.75,79.633],[8.75,79.549],[7.571,79.25],[6.399,78.75],[5.5,78.18],[3.336,77.5],[2.961,77.25],[2.527,76.75],[1.924,76.25],[1.796,76.0],[1.798,75.25],[2.01,74.75],[1.604,74.0],[1.621,73.75],[1.928,73.5],[2.25,73.392],[3.75,73.344],[4.186,73.25],[5.008,72.75],[6.5,72.074],[6.885,71.75],[6.963,71.5],[6.888,71.25],[6.97,71.0],[6.835,70.75],[7.0,70.493],[7.5,70.529],[7.998,70.75],[7.909,71.0],[7.66,71.25],[8.0,71.488],[8.75,71.664],[8.964,72.0],[8.975,72.25],[9.229,72.5],[10.22,73.0],[11.75,73.625],[15.028,74.5],[15.463,74.75],[17.25,75.415],[17.921,75.75],[18.169,76.25],[16.5,76.334],[16.0,76.649],[15.69,76.75],[15.439,77.0],[15.75,76.75],[16.0,76.75],[16.25,76.5],[16.75,76.5],[16.92,76.67],[17.507,76.75],[17.75,76.922],[19.0,77.14],[20.0,77.12],[22.0,76.896],[25.0,77.118],[26.0,77.304],[26.495,77.75],[27.75,78.124],[32.0,78.447],[34.0,78.293],[34.24,78.25],[34.64,78.0],[33.5,77.602],[33.024,77.25],[32.75,77.16],[31.5,76.853],[30.722,76.75],[30.825,76.5],[30.58,76.25],[29.75,76.149],[29.5,76.049],[27.74,75.0],[27.531,74.75],[27.592,74.5],[27.464,74.25],[27.787,74.0],[29.75,73.664],[32.512,73.75],[36.75,74.223],[39.25,74.639],[43.579,75.5],[49.5,76.163],[53.25,76.685],[55.5,76.849],[58.5,76.949],[62.75,77.306],[64.75,77.223],[65.772,77.0],[61.25,76.595],[60.25,76.439],[59.25,76.169],[58.939,76.0],[58.5,76.0],[58.25,75.75],[57.0,75.5],[56.0,75.18],[55.666,75.0],[55.0,74.479],[54.142,74.0],[53.75,73.864],[53.633,73.75],[53.585,73.335],[53.5,73.25],[53.25,73.25],[53.0,73.0],[52.5,73.0],[52.25,72.75],[52.5,72.5],[52.25,72.25],[51.5,72.25],[51.25,72.0],[51.25,71.75],[51.5,71.5],[51.75,71.5],[52.0,71.25],[52.5,71.0],[53.902,70.598],[54.0,70.5],[54.899,70.5],[55.5,70.32],[55.685,70.25],[55.789,70.0],[55.5,69.699],[54.437,69.25],[53.473,69.0],[52.75,69.0],[52.589,68.839],[52.352,68.75],[52.0,68.75],[51.903,68.653],[50.734,68.484],[50.25,68.507],[50.045,68.75],[50.209,69.0],[50.089,69.089],[50.226,69.226],[51.0,69.036],[51.5,69.112],[52.0,69.388],[52.478,70.0],[52.479,70.25],[52.226,70.5],[51.5,70.816],[51.326,71.0],[51.05,71.75],[51.158,72.0],[51.413,72.25],[51.897,73.0],[51.665,73.5],[51.688,73.75],[52.44,74.5],[52.458,74.75],[52.848,75.0],[52.75,75.062],[52.5,75.121],[51.0,74.923],[49.0,74.848],[45.0,74.333],[42.0,73.689],[39.25,73.196],[36.196,72.25],[35.656,72.0],[30.253,70.75],[29.5,70.75],[29.25,71.0],[28.75,71.0],[28.5,71.25],[28.25,71.0],[28.0,71.25],[27.5,71.25],[27.382,71.132],[26.75,71.079],[26.141,71.109],[26.0,71.25],[25.913,71.163],[25.582,71.168],[25.5,71.25],[25.415,71.165],[22.75,71.045],[22.0,70.925],[21.25,70.684],[19.25,70.475],[17.75,70.069],[15.25,69.85],[14.75,69.884],[14.423,70.0],[14.242,70.25],[14.25,70.505],[13.986,70.75],[13.489,71.0],[13.25,71.252],[13.0,71.348],[12.303,71.25],[12.108,71.0],[12.064,70.75],[12.15,70.5],[12.837,70.0],[12.837,69.75],[13.467,69.5],[13.51,69.25],[13.48,68.75],[13.332,68.5],[12.932,68.25],[12.642,67.75],[12.75,67.59],[13.403,67.5],[13.531,67.25],[12.921,67.0],[12.257,66.5],[12.279,66.25],[12.0,65.816],[11.856,65.75],[12.0,65.472],[11.64,65.25],[11.0,65.161],[10.79,65.0],[10.791,64.75],[9.885,64.25],[9.25,64.074],[8.872,63.878],[8.75,64.0],[7.888,63.25],[6.5,62.825],[5.25,62.314],[4.75,61.75],[4.829,61.5],[4.689,61.25],[4.688,61.0],[4.837,60.587],[4.75,60.5],[4.75,60.25],[5.0,60.0],[5.0,59.25],[5.25,59.0],[5.388,59.138],[5.492,58.992],[5.25,58.75],[5.75,58.25],[6.25,58.25],[6.5,58.0],[7.0,58.0],[7.25,57.75],[7.5,57.75],[7.75,58.0],[8.25,58.0],[8.5,58.25],[9.0,58.25],[9.5,58.75],[10.0,58.75],[10.41,59.16],[10.5,59.162],[10.75,59.0],[10.931,59.0],[11.0,58.75],[11.25,58.5],[11.25,58.25],[11.359,58.141],[11.25,57.81],[10.75,57.833],[10.5,57.963],[10.25,57.971],[9.386,57.5],[8.761,57.25],[8.5,57.25],[8.0,56.75],[8.021,56.229],[7.944,56.0],[7.25,55.436],[6.75,55.237],[6.0,55.145],[5.0,55.434],[4.0,55.584],[3.0,55.173],[2.5,55.06],[1.969,55.25],[1.75,55.507],[1.0,55.598]]]},"properties":{"hvalue":1.2,"color":"#a7c2e0"}},{"type":"Feature","geometry":{"type":"Polygon","coordinates":[[[43.566,68.566],[43.5,68.5],[43.75,68.25],[44.01,68.25],[44.136,68.136],[44.0,68.0],[44.0,67.5],[43.793,67.293],[43.699,67.5],[43.813,67.75],[43.755,68.0],[43.372,68.5],[43.566,68.566]]]},"properties":{"hvalue":1.2,"color":"#a7c2e0"}},{"type":"Feature","geometry":{"type":"Polygon","coordinates":[[[46.75,67.938],[47.0,67.58],[47.25,67.533],[47.846,67.75],[48.18,68.0],[48.25,68.189],[48.249,68.5],[48.151,68.75],[48.25,68.914],[48.25,68.75],[48.5,68.5],[48.855,68.5],[49.158,68.25],[49.192,68.0],[48.75,68.0],[48.5,67.75],[48.0,67.75],[47.5,67.161],[47.251,67.0],[46.031,67.0],[45.923,67.25],[46.429,67.75],[46.403,67.903],[46.5,68.104],[46.75,67.938]]]},"properties":{"hvalue":1.2,"color":"#a7c2e0"}},{"type":"Feature","geometry":{"type":"Polygon","coordinates":[[[35.0,69.25],[35.0,69.262],[35.032,69.25],[35.0,69.25]]]},"properties":{"hvalue":1.2,"color":"#a7c2e0"}},{"type":"Feature","geometry":{"type":"Polygon","coordinates":[[[32.936,69.686],[33.0,69.5],[32.75,69.5],[32.936,69.686]]]},"properties":{"hvalue":1.2,"color":"#a7c2e0"}},{"type":"Feature","geometry":{"type":"Polygon","coordinates":[[[31.157,70.0],[31.794,70.0],[31.571,69.821],[31.162,69.75],[31.0,69.75],[30.75,70.0],[31.0,70.25],[31.0,70.462],[31.197,70.25],[31.157,70.0]]]},"properties":{"hvalue":1.2,"color":"#a7c2e0"}},{"type":"Feature","geometry":{"type":"Polygon","coordinates":[[[28.25,70.983],[28.25,71.0],[28.27,70.98],[28.25,70.983]]]},"properties":{"hvalue":1.2,"color":"#a7c2e0"}},{"type":"Feature","geometry":{"type":"Polygon","coordinates":[[[57.245,71.0],[56.75,71.0],[56.736,71.014],[57.0,71.037],[57.245,71.0]]]},"properties":{"hvalue":1.2,"color":"#a7c2e0"}},{"type":"Feature","geometry":{"type":"Polygon","coordinates":[[[57.25,73.47],[57.25,73.5],[57.309,73.5],[57.25,73.47]]]},"properties":{"hvalue":1.2,"color":"#a7c2e0"}},{"type":"Feature","geometry":{"type":"Polygon","coordinates":[[[57.922,73.828],[57.804,73.946],[58.348,74.0],[58.25,73.951],[57.922,73.828]]]},"properties":{"hvalue":1.2,"color":"#a7c2e0"}},{"type":"Feature","geometry":{"type":"Polygon","coordinates":[[[58.629,74.129],[58.75,74.25],[58.894,74.25],[58.75,74.172],[58.629,74.129]]]},"properties":{"hvalue":1.2,"color":"#a7c2e0"}},{"type":"Feature","geometry":{"type":"Polygon","coordinates":[[[59.032,74.282],[59.36,74.5],[59.671,74.5],[59.5,74.387],[59.032,74.282]]]},"properties":{"hvalue":1.2,"color":"#a7c2e0"}},{"type":"Feature","geometry":{"type":"Polygon","coordinates":[[[62.75,75.5],[63.165,75.5],[62.668,75.418],[62.75,75.5]]]},"properties":{"hvalue":1.2,"color":"#a7c2e0"}},{"type":"Feature","geometry":{"type":"Polygon","coordinates":[[[64.75,75.75],[65.052,75.75],[64.678,75.678],[64.75,75.75]]]},"properties":{"hvalue":1.2,"color":"#a7c2e0"}},{"type":"Feature","geometry":{"type":"Polygon","coordinates":[[[13.75,77.343],[13.298,77.75],[13.471,78.0],[13.75,77.75],[14.0,77.75],[14.0,77.287],[13.75,77.343]]]},"properties":{"hvalue":1.2,"color":"#a7c2e0"}},{"type":"Feature","geometry":{"type":"Polygon","coordinates":[[[46.15,80.6],[46.327,80.577],[46.25,80.5],[46.15,80.6]]]},"properties":{"hvalue":1.2,"color":"#a7c2e0"}},{"type":"Feature","geometry":{"type":"Polygon","coordinates":[[[41.25,78.987],[38.591,79.75],[38.61,80.0],[40.06,80.25],[40.912,80.5],[40.934,80.75],[41.251,81.0],[42.252,81.5],[43.599,82.0],[43.638,82.25],[44.063,82.5],[44.635,82.75],[45.75,82.996],[49.25,83.393],[50.889,83.5],[50.728,83.75],[52.0,83.764],[52.909,83.75],[52.731,83.5],[57.375,83.25],[57.483,83.0],[55.981,82.5],[54.112,82.25],[53.5,82.094],[52.5,81.647],[52.0,81.521],[50.5,81.425],[47.901,81.0],[46.75,81.0],[46.0,80.917],[45.233,80.75],[45.627,80.627],[45.5,80.5],[45.75,80.25],[46.0,80.25],[46.25,80.5],[46.5,80.25],[46.75,80.25],[47.0,80.0],[48.75,80.0],[48.841,80.091],[50.351,79.75],[49.5,79.454],[47.0,79.044],[44.25,78.816],[41.25,78.987]]]},"properties":{"hvalue":1.2,"color":"#a7c2e0"}},{"type":"Feature","geometry":{"type":"Polygon","coordinates":[[[80.25,-67.736],[80.713,-67.75],[80.216,-67.75],[80.25,-67.736]]]},"properties":{"hvalue":1.2,"color":"#a7c2e0"}},{"type":"Feature","geometry":{"type":"Polygon","coordinates":[[[119.983,-66.75],[120.25,-66.692],[120.534,-66.75],[120.5,-66.75],[119.983,-66.75]]]},"properties":{"hvalue":1.2,"color":"#a7c2e0"}},{"type":"Feature","geometry":{"type":"Polygon","coordinates":[[[122.5,-66.68],[122.593,-66.75],[122.43,-66.68],[122.5,-66.68]]]},"properties":{"hvalue":1.2,"color":"#a7c2e0"}},{"type":"Feature","geometry":{"type":"Polygon","coordinates":[[[123.52,-66.73],[122.958,-66.75],[123.626,-66.624],[123.52,-66.73]]]},"properties":{"hvalue":1.2,"color":"#a7c2e0"}},{"type":"Feature","geometry":{"type":"Polygon","coordinates":[[[109.591,-66.5],[109.25,-66.546],[109.099,-66.75],[108.729,-66.75],[108.38,-66.5],[108.75,-66.442],[109.591,-66.5]]]},"properties":{"hvalue":1.2,"color":"#a7c2e0"}},{"type":"Feature","geometry":{"type":"Polygon","coordinates":[[[125.505,-66.495],[125.0,-66.5],[125.0,-66.449],[125.621,-66.379],[125.505,-66.495]]]},"properties":{"hvalue":1.2,"color":"#a7c2e0"}},{"type":"Feature","geometry":{"type":"Polygon","coordinates":[[[107.0,-66.341],[107.133,-66.5],[106.964,-66.464],[106.824,-66.324],[107.0,-66.341]]]},"properties":{"hvalue":1.2,"color":"#a7c2e0"}},{"type":"Feature","geometry":{"type":"Polygon","coordinates":[[[112.862,-65.75],[112.0,-65.75],[111.61,-65.75],[112.5,-65.594],[112.75,-65.627],[112.862,-65.75]]]},"properties":{"hvalue":1.2,"color":"#a7c2e0"}},{"type":"Feature","geometry":{"type":"Polygon","coordinates":[[[122.5,-34.0],[122.595,-34.0],[122.463,-34.037],[122.5,-34.0]]]},"properties":{"hvalue":1.2,"color":"#a7c2e0"}},{"type":"Feature","geometry":{"type":"Polygon","coordinates":[[[115.135,-33.615],[115.108,-33.5],[115.5,-33.198],[115.5,-33.383],[115.135,-33.615]]]},"properties":{"hvalue":1.2,"color":"#a7c2e0"}},{"type":"Feature","geometry":{"type":"Polygon","coordinates":[[[124.5,-33.0],[124.62,-33.0],[124.25,-33.381],[124.25,-33.25],[124.5,-33.0]]]},"properties":{"hvalue":1.2,"color":"#a7c2e0"}},{"type":"Feature","geometry":{"type":"Polygon","coordinates":[[[125.0,-32.759],[125.0,-32.75],[125.01,-32.75],[125.0,-32.759]]]},"properties":{"hvalue":1.2,"color":"#a7c2e0"}},{"type":"Feature","geometry":{"type":"Polygon","coordinates":[[[115.633,-32.617],[115.597,-32.25],[115.75,-31.799],[115.75,-32.065],[115.662,-32.25],[115.75,-32.5],[115.633,-32.617]]]},"properties":{"hvalue":1.2,"color":"#a7c2e0"}},{"type":"Feature","geometry":{"type":"Polygon","coordinates":[[[114.986,-30.0],[115.0,-30.0],[115.0,-30.032],[114.986,-30.0]]]},"properties":{"hvalue":1.2,"color":"#a7c2e0"}},{"type":"Feature","geometry":{"type":"Polygon","coordinates":[[[113.444,-26.306],[113.386,-26.364],[113.374,-26.25],[113.144,-26.0],[113.221,-25.779],[113.207,-26.0],[113.444,-26.306]]]},"properties":{"hvalue":1.2,"color":"#a7c2e0"}},{"type":"Feature","geometry":{"type":"Polygon","coordinates":[[[113.479,-24.75],[113.542,-25.25],[113.124,-25.624],[113.0,-25.5],[112.952,-25.548],[113.168,-25.25],[113.25,-24.708],[113.359,-24.609],[113.479,-24.75]]]},"properties":{"hvalue":1.2,"color":"#a7c2e0"}},{"type":"Feature","geometry":{"type":"Polygon","coordinates":[[[114.753,-21.0],[115.5,-19.831],[117.125,-18.25],[117.838,-17.25],[118.302,-16.75],[118.812,-15.75],[119.294,-14.25],[119.184,-13.75],[118.75,-13.414],[118.679,-13.25],[118.682,-13.0],[119.004,-12.0],[119.0,-11.138],[118.75,-11.119],[118.25,-11.404],[117.75,-11.562],[117.25,-11.874],[116.75,-12.01],[115.5,-11.808],[115.0,-12.049],[114.75,-11.333],[114.715,-11.5],[114.25,-11.939],[114.143,-11.75],[114.16,-11.25],[114.5,-10.204],[114.75,-9.993],[115.75,-9.687],[116.002,-9.5],[116.156,-9.25],[116.178,-9.0],[116.5,-9.0],[116.75,-9.25],[117.5,-9.25],[117.75,-9.0],[118.75,-9.0],[118.918,-8.832],[119.25,-8.756],[119.284,-9.0],[119.108,-9.25],[119.0,-9.25],[118.75,-9.5],[119.25,-10.0],[119.75,-10.0],[120.25,-10.5],[120.5,-10.5],[121.25,-9.733],[122.0,-9.269],[122.25,-9.296],[122.33,-9.5],[122.218,-9.75],[121.515,-10.5],[121.75,-10.719],[122.0,-10.707],[122.238,-10.5],[122.5,-10.084],[122.719,-10.0],[123.0,-9.679],[123.25,-9.676],[123.25,-9.86],[123.029,-10.25],[122.597,-10.75],[123.0,-10.97],[123.25,-11.0],[123.327,-10.923],[123.367,-11.0],[122.886,-11.5],[122.788,-11.75],[122.691,-12.25],[122.745,-13.0],[122.691,-13.25],[122.456,-13.5],[122.5,-13.603],[123.0,-13.575],[123.25,-13.681],[123.594,-14.0],[123.613,-14.25],[123.5,-14.543],[122.758,-15.5],[121.774,-16.5],[121.675,-16.75],[121.69,-17.5],[121.526,-17.75],[120.75,-18.225],[119.75,-18.379],[119.25,-18.535],[117.0,-19.481],[116.25,-19.895],[115.75,-20.191],[115.458,-20.5],[115.25,-21.066],[114.25,-21.729],[114.184,-21.934],[114.09,-21.75],[114.753,-21.0]]]},"properties":{"hvalue":1.2,"color":"#a7c2e0"}},{"type":"Feature","geometry":{"type":"Polygon","coordinates":[[[115.513,-8.987],[115.75,-8.75],[115.887,-8.887],[115.75,-8.921],[115.513,-8.987]]]},"properties":{"hvalue":1.2,"color":"#a7c2e0"}},{"type":"Feature","geometry":{"type":"Polygon","coordinates":[[[114.75,-8.5],[115.0,-8.5],[115.0,-8.75],[115.244,-8.994],[114.5,-9.021],[114.25,-8.937],[114.142,-8.75],[114.25,-8.75],[114.5,-9.0],[114.75,-8.75],[114.633,-8.633],[114.75,-8.5]]]},"properties":{"hvalue":1.2,"color":"#a7c2e0"}},{"type":"Feature","geometry":{"type":"Polygon","coordinates":[[[115.75,-8.75],[115.75,-8.516],[115.945,-8.555],[115.75,-8.75]]]},"properties":{"hvalue":1.2,"color":"#a7c2e0"}},{"type":"Feature","geometry":{"type":"Polygon","coordinates":[[[113.25,-8.65],[113.0,-8.517],[112.75,-8.65],[112.023,-8.5],[113.5,-8.5],[113.601,-8.601],[113.25,-8.65]]]},"properties":{"hvalue":1.2,"color":"#a7c2e0"}},{"type":"Feature","geometry":{"type":"Polygon","coordinates":[[[111.25,-8.5],[111.988,-8.5],[111.25,-8.782],[110.902,-8.5],[110.399,-8.25],[111.0,-8.25],[111.25,-8.5]]]},"properties":{"hvalue":1.2,"color":"#a7c2e0"}},{"type":"Feature","geometry":{"type":"Polygon","coordinates":[[[109.5,-8.0],[110.0,-8.0],[110.222,-8.222],[108.69,-7.81],[108.75,-7.75],[109.25,-7.75],[109.5,-8.0]]]},"properties":{"hvalue":1.2,"color":"#a7c2e0"}},{"type":"Feature","geometry":{"type":"Polygon","coordinates":[[[108.0,-7.758],[108.0,-7.75],[108.01,-7.76],[108.0,-7.758]]]},"properties":{"hvalue":1.2,"color":"#a7c2e0"}},{"type":"Feature","geometry":{"type":"Polygon","coordinates":[[[116.104,-7.5],[116.0,-8.145],[115.75,-8.214],[115.457,-7.75],[115.467,-7.5],[115.75,-7.291],[116.0,-7.339],[116.104,-7.5]]]},"properties":{"hvalue":1.2,"color":"#a7c2e0"}},{"type":"Feature","geometry":{"type":"Polygon","coordinates":[[[107.25,-7.5],[107.266,-7.516],[107.228,-7.5],[107.25,-7.5]]]},"properties":{"hvalue":1.2,"color":"#a7c2e0"}},{"type":"Feature","geometry":{"type":"Polygon","coordinates":[[[106.411,-7.0],[106.297,-7.203],[106.248,-7.0],[106.411,-7.0]]]},"properties":{"hvalue":1.2,"color":"#a7c2e0"}},{"type":"Feature","geometry":{"type":"Polygon","coordinates":[[[104.75,-5.787],[105.0,-6.0],[105.139,-5.861],[105.306,-6.0],[105.172,-6.5],[105.232,-6.75],[105.589,-6.839],[105.693,-6.943],[105.25,-6.912],[105.083,-6.75],[105.0,-6.267],[104.86,-6.0],[104.563,-5.937],[104.75,-5.787]]]},"properties":{"hvalue":1.2,"color":"#a7c2e0"}},{"type":"Feature","geometry":{"type":"Polygon","coordinates":[[[101.997,-5.25],[102.186,-5.0],[102.25,-4.925],[102.389,-5.25],[102.25,-5.399],[101.997,-5.25]]]},"properties":{"hvalue":1.2,"color":"#a7c2e0"}},{"type":"Feature","geometry":{"type":"Polygon","coordinates":[[[103.75,-5.017],[103.732,-5.0],[103.75,-5.0],[103.75,-5.017]]]},"properties":{"hvalue":1.2,"color":"#a7c2e0"}},{"type":"Feature","geometry":{"type":"Polygon","coordinates":[[[116.0,-4.261],[116.25,-4.228],[116.5,-4.021],[116.75,-3.964],[117.0,-4.11],[117.25,-4.177],[117.5,-4.141],[117.677,-4.25],[117.535,-4.75],[117.25,-5.278],[117.0,-5.597],[116.75,-5.761],[116.25,-5.285],[115.756,-5.0],[115.962,-4.75],[115.895,-4.5],[116.0,-4.261]]]},"properties":{"hvalue":1.2,"color":"#a7c2e0"}},{"type":"Feature","geometry":{"type":"Polygon","coordinates":[[[102.932,-4.5],[103.0,-4.5],[103.07,-4.57],[103.0,-4.538],[102.932,-4.5]]]},"properties":{"hvalue":1.2,"color":"#a7c2e0"}},{"type":"Feature","geometry":{"type":"Polygon","coordinates":[[[102.25,-3.75],[102.25,-4.0],[102.313,-4.063],[102.25,-4.059],[102.059,-3.75],[102.25,-3.75]]]},"properties":{"hvalue":1.2,"color":"#a7c2e0"}},{"type":"Feature","geometry":{"type":"Polygon","coordinates":[[[108.137,-4.0],[108.079,-3.75],[108.548,-3.5],[108.685,-3.25],[108.75,-2.748],[109.0,-2.475],[109.475,-3.0],[110.25,-3.47],[111.25,-3.404],[111.75,-3.74],[112.5,-3.851],[113.0,-3.826],[113.5,-4.145],[114.0,-3.994],[114.299,-4.25],[114.25,-4.498],[114.0,-4.55],[113.75,-4.429],[113.5,-4.571],[113.25,-4.582],[111.75,-4.531],[111.0,-4.427],[110.0,-4.563],[109.25,-4.432],[108.137,-4.0]]]},"properties":{"hvalue":1.2,"color":"#a7c2e0"}},{"type":"Feature","geometry":{"type":"Polygon","coordinates":[[[107.75,-1.781],[107.834,-2.0],[107.5,-2.133],[107.122,-1.75],[107.25,-1.521],[107.5,-1.492],[107.75,-1.781]]]},"properties":{"hvalue":1.2,"color":"#a7c2e0"}},{"type":"Feature","geometry":{"type":"Polygon","coordinates":[[[98.696,-1.5],[98.673,-1.423],[98.75,-1.562],[98.696,-1.5]]]},"properties":{"hvalue":1.2,"color":"#a7c2e0"}},{"type":"Feature","geometry":{"type":"Polygon","coordinates":[[[100.066,-2.934],[99.806,-2.5],[99.345,-2.0],[99.5,-1.75],[99.309,-1.559],[99.138,-0.75],[99.0,-0.528],[98.75,-0.632],[98.72,-0.78],[98.511,-0.989],[98.031,0.0],[98.0,0.266],[97.75,0.258],[97.518,0.732],[97.75,0.5],[98.0,0.75],[98.0,0.984],[98.25,1.277],[98.366,1.0],[98.369,0.75],[98.183,0.0],[98.369,-0.131],[98.25,-0.25],[98.5,-0.573],[98.671,-0.5],[98.8,0.0],[99.157,0.093],[99.25,0.0],[99.5,-0.004],[99.622,-0.25],[100.0,-0.5],[100.0,-0.75],[100.25,-1.0],[100.25,-1.25],[100.5,-1.5],[100.5,-1.75],[100.75,-2.0],[100.75,-2.25],[101.0,-2.5],[101.0,-2.591],[100.75,-2.407],[100.686,-2.5],[100.588,-3.25],[100.5,-3.327],[100.347,-3.153],[100.5,-3.0],[100.25,-2.621],[100.207,-2.793],[100.066,-2.934]]]},"properties":{"hvalue":1.2,"color":"#a7c2e0"}},{"type":"Feature","geometry":{"type":"Polygon","coordinates":[[[97.75,0.228],[97.795,0.0],[97.75,-0.023],[97.726,0.0],[97.75,0.228]]]},"properties":{"hvalue":1.2,"color":"#a7c2e0"}},{"type":"Feature","geometry":{"type":"Polygon","coordinates":[[[96.5,2.251],[96.27,2.27],[96.65,2.5],[96.75,3.183],[97.0,3.238],[97.133,2.75],[97.131,2.381],[97.0,2.25],[97.192,2.0],[97.124,1.5],[97.262,1.262],[97.25,1.0],[97.495,0.755],[97.25,0.827],[97.1,1.0],[96.811,2.0],[96.5,2.251]]]},"properties":{"hvalue":1.2,"color":"#a7c2e0"}},{"type":"Feature","geometry":{"type":"Polygon","coordinates":[[[126.0,2.442],[126.013,2.25],[125.75,1.969],[125.5,1.829],[125.309,2.0],[125.221,2.25],[125.356,2.5],[125.75,2.723],[126.0,2.442]]]},"properties":{"hvalue":1.2,"color":"#a7c2e0"}},{"type":"Feature","geometry":{"type":"Polygon","coordinates":[[[123.75,24.0],[124.072,24.25],[123.828,24.422],[124.0,24.419],[124.25,24.562],[124.35,24.5],[124.425,24.25],[124.368,24.0],[124.0,23.087],[123.75,23.274],[123.512,24.0],[123.585,24.165],[123.75,24.0]]]},"properties":{"hvalue":1.2,"color":"#a7c2e0"}},{"type":"Feature","geometry":{"type":"Polygon","coordinates":[[[121.877,24.127],[121.77,23.75],[121.75,23.632],[121.75,24.0],[121.877,24.127]]]},"properties":{"hvalue":1.2,"color":"#a7c2e0"}},{"type":"Feature","geometry":{"type":"Polygon","coordinates":[[[125.425,24.75],[125.294,24.5],[125.25,24.443],[125.09,24.75],[125.25,24.925],[125.425,24.75]]]},"properties":{"hvalue":1.2,"color":"#a7c2e0"}},{"type":"Feature","geometry":{"type":"Polygon","coordinates":[[[122.013,24.5],[122.0,25.0],[121.891,25.109],[122.116,25.0],[122.013,24.5]]]},"properties":{"hvalue":1.2,"color":"#a7c2e0"}},{"type":"Feature","geometry":{"type":"Polygon","coordinates":[[[119.123,24.25],[120.0,25.5],[119.889,25.611],[120.0,25.939],[121.164,27.5],[121.267,27.75],[121.745,28.25],[121.991,29.0],[122.5,30.0],[122.549,30.5],[122.793,30.75],[122.5,30.858],[122.379,31.0],[122.156,32.0],[121.911,32.5],[122.064,33.0],[122.0,33.516],[122.279,33.75],[122.303,34.0],[122.5,34.212],[123.5,34.845],[124.5,34.615],[125.0,33.954],[125.25,33.807],[125.593,33.75],[125.453,33.25],[126.377,33.123],[126.5,33.0],[126.632,33.0],[126.25,32.695],[125.75,32.455],[125.0,31.845],[124.25,31.536],[124.0,31.298],[123.587,30.25],[123.27,30.0],[123.033,29.5],[122.25,28.585],[121.822,27.75],[121.385,25.75],[121.196,25.5],[121.325,25.325],[120.25,24.195],[119.5,23.934],[119.25,23.712],[119.0,23.671],[118.931,23.75],[119.123,24.25]]]},"properties":{"hvalue":1.2,"color":"#a7c2e0"}},{"type":"Feature","geometry":{"type":"Polygon","coordinates":[[[119.25,39.366],[119.522,39.772],[119.887,40.0],[120.5,40.0],[120.75,40.25],[120.75,40.418],[121.0,40.651],[121.75,40.483],[121.978,40.25],[121.75,40.0],[121.5,40.0],[121.408,39.908],[121.25,40.017],[120.75,40.027],[120.252,39.75],[120.005,39.5],[119.849,39.25],[119.865,39.0],[120.25,38.96],[121.0,39.168],[121.095,39.5],[121.25,39.696],[121.25,39.5],[121.416,39.25],[121.25,39.25],[121.0,39.0],[121.061,38.689],[120.75,38.44],[120.0,38.401],[119.0,38.502],[118.558,38.75],[118.669,39.0],[119.0,39.0],[119.25,39.25],[119.25,39.366]]]},"properties":{"hvalue":1.2,"color":"#a7c2e0"}},{"type":"Feature","geometry":{"type":"Polygon","coordinates":[[[58.03,71.25],[59.258,72.5],[59.954,73.0],[62.0,73.866],[63.845,74.25],[70.458,75.25],[72.891,75.75],[71.25,75.891],[69.0,75.812],[66.605,75.855],[66.75,76.0],[68.0,76.0],[68.25,76.25],[68.5,76.25],[68.703,76.453],[69.75,76.854],[73.0,77.238],[77.0,77.191],[78.75,77.245],[80.783,77.0],[81.118,76.75],[83.75,76.554],[87.347,76.0],[84.75,75.78],[78.5,75.525],[75.5,75.299],[73.113,75.0],[69.25,74.321],[64.458,73.0],[63.754,72.75],[62.785,72.25],[61.51,71.25],[60.687,70.75],[60.111,70.5],[59.576,70.424],[59.5,70.5],[58.75,70.5],[58.0,70.403],[57.405,70.655],[57.5,70.75],[57.251,70.999],[57.75,71.081],[58.03,71.25]]]},"properties":{"hvalue":1.2,"color":"#a7c2e0"}},{"type":"Feature","geometry":{"type":"Polygon","coordinates":[[[84.5,78.725],[83.875,79.0],[83.918,79.25],[84.171,79.5],[83.241,80.5],[82.25,80.916],[81.0,81.135],[79.0,81.14],[77.5,81.307],[76.25,81.317],[74.75,81.204],[73.659,81.25],[74.75,81.382],[75.5,81.591],[77.25,81.854],[80.024,82.0],[77.75,82.111],[77.217,82.25],[79.0,82.372],[79.771,82.5],[81.25,82.555],[83.5,82.495],[84.25,82.762],[86.5,82.925],[90.0,82.901],[94.204,82.75],[95.25,82.609],[100.75,82.33],[106.25,81.624],[108.25,81.228],[110.761,80.5],[113.25,79.944],[114.0,79.844],[114.75,79.638],[116.194,79.5],[116.992,79.25],[117.636,78.75],[117.5,78.569],[117.321,78.5],[116.25,78.429],[108.25,78.477],[106.75,78.56],[106.0,78.681],[105.085,78.915],[105.0,79.0],[104.117,79.133],[104.0,79.25],[103.573,79.25],[102.856,79.394],[102.75,79.5],[101.749,79.5],[99.5,80.273],[98.25,80.826],[97.5,81.0],[96.675,81.075],[96.5,81.25],[96.0,81.25],[95.75,81.5],[95.25,81.5],[95.0,81.25],[94.0,81.25],[93.842,81.092],[93.25,81.058],[92.75,80.901],[92.25,80.931],[91.5,81.148],[90.75,81.12],[90.279,81.0],[90.75,80.817],[91.25,80.764],[91.75,80.782],[92.0,80.885],[92.44,80.5],[91.5,80.382],[91.25,80.13],[90.963,80.0],[90.907,79.75],[90.67,79.5],[91.161,79.0],[91.207,78.75],[90.783,78.5],[89.5,78.324],[88.5,78.289],[84.5,78.725]]]},"properties":{"hvalue":1.2,"color":"#a7c2e0"}},{"type":"Feature","geometry":{"type":"Polygon","coordinates":[[[143.0,-66.618],[143.75,-66.662],[143.849,-66.75],[143.898,-67.0],[143.767,-67.0],[143.513,-66.75],[142.682,-66.75],[143.0,-66.618]]]},"properties":{"hvalue":1.2,"color":"#a7c2e0"}},{"type":"Feature","geometry":{"type":"Polygon","coordinates":[[[145.5,-66.724],[145.757,-66.75],[145.427,-66.75],[145.5,-66.724]]]},"properties":{"hvalue":1.2,"color":"#a7c2e0"}},{"type":"Feature","geometry":{"type":"Polygon","coordinates":[[[141.139,-66.75],[141.25,-66.652],[141.388,-66.75],[141.25,-66.75],[141.139,-66.75]]]},"properties":{"hvalue":1.2,"color":"#a7c2e0"}},{"type":"Feature","geometry":{"type":"Polygon","coordinates":[[[129.5,-66.872],[129.282,-66.75],[129.364,-66.5],[129.847,-66.403],[129.66,-66.75],[129.5,-66.872]]]},"properties":{"hvalue":1.2,"color":"#a7c2e0"}},{"type":"Feature","geometry":{"type":"Polygon","coordinates":[[[136.0,-66.234],[136.021,-66.25],[135.981,-66.25],[136.0,-66.234]]]},"properties":{"hvalue":1.2,"color":"#a7c2e0"}},{"type":"Feature","geometry":{"type":"Polygon","coordinates":[[[126.25,-66.228],[126.284,-66.25],[126.225,-66.25],[126.25,-66.228]]]},"properties":{"hvalue":1.2,"color":"#a7c2e0"}},{"type":"Feature","geometry":{"type":"Polygon","coordinates":[[[130.25,-66.109],[130.392,-66.108],[130.065,-66.25],[130.25,-66.109]]]},"properties":{"hvalue":1.2,"color":"#a7c2e0"}},{"type":"Feature","geometry":{"type":"Polygon","coordinates":[[[132.5,-65.94],[132.926,-66.0],[132.361,-66.0],[132.5,-65.94]]]},"properties":{"hvalue":1.2,"color":"#a7c2e0"}},{"type":"Feature","geometry":{"type":"Polygon","coordinates":[[[146.998,-43.502],[147.084,-43.584],[146.91,-43.59],[146.998,-43.502]]]},"properties":{"hvalue":1.2,"color":"#a7c2e0"}},{"type":"Feature","geometry":{"type":"Polygon","coordinates":[[[145.153,-42.153],[145.25,-42.25],[145.25,-42.342],[145.16,-42.25],[145.153,-42.153]]]},"properties":{"hvalue":1.2,"color":"#a7c2e0"}},{"type":"Feature","geometry":{"type":"Polygon","coordinates":[[[148.25,-42.5],[148.5,-41.75],[148.5,-41.0],[148.345,-40.845],[148.321,-40.679],[148.5,-40.5],[148.422,-40.422],[148.39,-40.0],[148.25,-39.739],[148.0,-39.605],[147.773,-39.75],[147.5,-40.159],[146.75,-40.537],[146.25,-40.531],[145.25,-40.36],[145.0,-40.375],[144.628,-40.622],[144.615,-40.5],[144.854,-40.25],[144.832,-40.0],[144.166,-40.084],[144.32,-39.75],[143.967,-39.5],[144.25,-39.37],[144.5,-39.353],[144.75,-39.396],[145.25,-39.646],[145.5,-39.683],[146.0,-39.603],[146.25,-39.498],[146.423,-39.25],[146.022,-38.978],[146.123,-38.877],[146.5,-39.082],[147.106,-38.75],[147.963,-38.0],[148.75,-38.0],[149.0,-37.75],[149.142,-37.892],[148.841,-38.0],[148.25,-38.493],[148.034,-39.0],[148.14,-39.25],[148.594,-39.75],[148.675,-40.0],[148.944,-41.25],[148.903,-41.75],[148.584,-42.5],[148.268,-43.0],[147.445,-43.445],[147.332,-43.332],[147.986,-43.0],[148.25,-42.5]]]},"properties":{"hvalue":1.2,"color":"#a7c2e0"}},{"type":"Feature","geometry":{"type":"Polygon","coordinates":[[[143.681,-38.819],[143.75,-38.75],[143.962,-38.75],[143.75,-38.82],[143.681,-38.819]]]},"properties":{"hvalue":1.2,"color":"#a7c2e0"}},{"type":"Feature","geometry":{"type":"Polygon","coordinates":[[[145.75,-38.776],[145.75,-38.75],[145.783,-38.783],[145.75,-38.776]]]},"properties":{"hvalue":1.2,"color":"#a7c2e0"}},{"type":"Feature","geometry":{"type":"Polygon","coordinates":[[[144.503,-38.5],[144.25,-38.633],[144.034,-38.716],[144.25,-38.5],[144.5,-38.5],[144.629,-38.371],[144.882,-38.368],[144.762,-38.488],[144.503,-38.5]]]},"properties":{"hvalue":1.2,"color":"#a7c2e0"}},{"type":"Feature","geometry":{"type":"Polygon","coordinates":[[[150.224,-36.526],[150.208,-37.208],[150.007,-37.007],[150.015,-36.735],[150.224,-36.526]]]},"properties":{"hvalue":1.2,"color":"#a7c2e0"}},{"type":"Feature","geometry":{"type":"Polygon","coordinates":[[[138.75,-35.973],[137.624,-36.126],[137.75,-35.92],[137.901,-35.901],[138.0,-36.0],[138.25,-35.75],[138.176,-35.676],[138.407,-35.657],[138.5,-35.75],[138.762,-35.512],[139.25,-36.0],[139.5,-36.025],[139.5,-36.25],[139.75,-36.5],[139.75,-36.75],[139.609,-36.891],[139.5,-36.373],[139.25,-36.163],[138.75,-35.973]]]},"properties":{"hvalue":1.2,"color":"#a7c2e0"}},{"type":"Feature","geometry":{"type":"Polygon","coordinates":[[[137.129,-36.121],[137.25,-36.0],[137.387,-36.137],[137.25,-36.128],[137.129,-36.121]]]},"properties":{"hvalue":1.2,"color":"#a7c2e0"}},{"type":"Feature","geometry":{"type":"Polygon","coordinates":[[[136.5,-34.833],[136.75,-34.819],[136.857,-34.893],[136.75,-35.0],[137.0,-35.42],[137.139,-35.5],[136.75,-35.5],[136.62,-35.63],[136.451,-35.25],[136.045,-35.205],[136.217,-34.967],[136.5,-34.833]]]},"properties":{"hvalue":1.2,"color":"#a7c2e0"}},{"type":"Feature","geometry":{"type":"Polygon","coordinates":[[[151.0,-34.619],[151.0,-34.5],[151.223,-34.277],[151.123,-34.5],[151.0,-34.619]]]},"properties":{"hvalue":1.2,"color":"#a7c2e0"}},{"type":"Feature","geometry":{"type":"Polygon","coordinates":[[[134.575,-34.0],[134.239,-33.75],[134.218,-33.5],[134.02,-33.25],[133.25,-32.785],[132.75,-32.661],[131.827,-32.25],[131.026,-31.724],[131.25,-31.5],[131.5,-31.75],[131.75,-31.75],[132.25,-32.25],[132.5,-32.0],[132.75,-32.0],[133.0,-32.25],[133.356,-32.25],[133.863,-32.5],[134.0,-32.63],[134.0,-33.0],[134.25,-33.25],[134.5,-33.25],[135.0,-33.75],[135.0,-34.0],[135.25,-34.25],[135.119,-34.5],[135.25,-34.63],[135.383,-34.633],[135.776,-35.026],[135.25,-34.909],[135.013,-34.75],[134.754,-34.5],[134.575,-34.0]]]},"properties":{"hvalue":1.2,"color":"#a7c2e0"}},{"type":"Feature","geometry":{"type":"Polygon","coordinates":[[[128.25,-32.0],[128.411,-32.0],[128.139,-32.111],[128.25,-32.0]]]},"properties":{"hvalue":1.2,"color":"#a7c2e0"}},{"type":"Feature","geometry":{"type":"Polygon","coordinates":[[[152.5,-4.5],[152.48,-4.48],[152.5,-4.408],[152.5,-4.5]]]},"properties":{"hvalue":1.2,"color":"#a7c2e0"}},{"type":"Feature","geometry":{"type":"Polygon","coordinates":[[[126.512,8.0],[126.529,9.0],[126.75,9.183],[127.0,9.154],[127.25,9.269],[127.75,9.32],[128.0,9.231],[128.164,9.0],[128.24,8.25],[128.148,7.75],[127.932,7.25],[127.502,6.75],[127.0,6.417],[126.75,6.652],[126.557,7.057],[126.75,7.25],[126.75,7.5],[126.512,8.0]]]},"properties":{"hvalue":1.2,"color":"#a7c2e0"}},{"type":"Feature","geometry":{"type":"Polygon","coordinates":[[[142.572,11.75],[142.5,11.707],[142.245,11.75],[142.5,11.926],[142.572,11.75]]]},"properties":{"hvalue":1.2,"color":"#a7c2e0"}},{"type":"Feature","geometry":{"type":"Polygon","coordinates":[[[155.25,-33.603],[154.412,-33.0],[154.25,-32.576],[153.949,-32.25],[153.677,-31.5],[153.5,-31.281],[153.25,-31.39],[153.199,-31.5],[153.03,-32.5],[152.75,-33.123],[152.5,-33.354],[151.75,-33.443],[151.483,-34.0],[151.25,-34.239],[151.25,-34.0],[151.5,-33.75],[151.5,-33.5],[152.5,-32.5],[152.613,-32.137],[153.0,-31.75],[153.0,-31.25],[153.25,-31.0],[153.25,-30.0],[153.5,-29.75],[153.5,-29.25],[153.75,-29.0],[153.75,-28.25],[153.5,-28.0],[153.5,-27.75],[153.75,-27.5],[153.47,-27.28],[153.25,-26.274],[153.25,-25.301],[153.5,-25.0],[153.25,-24.553],[152.275,-24.0],[152.25,-23.701],[153.25,-23.535],[154.25,-23.586],[158.75,-24.315],[160.0,-24.583],[161.0,-24.58],[162.0,-24.469],[162.25,-24.424],[162.55,-24.25],[162.853,-23.5],[163.43,-22.5],[163.446,-21.75],[163.25,-21.439],[162.5,-21.212],[162.467,-20.75],[162.3,-20.5],[162.0,-20.719],[161.56,-20.25],[161.5,-20.014],[161.25,-19.823],[160.75,-19.769],[160.5,-19.441],[160.25,-19.428],[160.0,-18.817],[159.78,-19.0],[159.25,-19.117],[159.0,-18.774],[158.0,-18.82],[157.0,-19.033],[156.5,-18.97],[155.75,-18.696],[155.25,-18.74],[154.5,-19.07],[152.75,-19.655],[151.99,-19.75],[151.75,-19.915],[151.616,-20.25],[151.0,-20.252],[150.75,-20.014],[150.25,-19.814],[149.75,-19.391],[149.5,-19.452],[149.0,-19.177],[148.5,-19.309],[148.271,-19.0],[147.914,-18.75],[147.466,-18.25],[147.382,-17.75],[147.0,-17.499],[146.786,-17.25],[146.525,-16.75],[146.484,-16.5],[146.272,-16.25],[146.014,-15.25],[146.25,-14.838],[146.645,-14.5],[146.778,-14.25],[147.5,-13.548],[147.688,-13.25],[148.886,-12.5],[149.122,-12.25],[149.282,-11.75],[149.118,-11.5],[149.082,-11.25],[149.25,-10.995],[149.5,-10.914],[150.5,-10.983],[151.5,-11.173],[152.5,-11.223],[153.323,-11.573],[153.5,-11.75],[154.167,-11.25],[154.0,-11.099],[153.5,-11.062],[153.0,-10.582],[152.362,-10.25],[152.164,-10.0],[152.0,-9.931],[151.5,-10.205],[151.407,-10.093],[151.5,-10.0],[151.383,-9.883],[151.245,-9.25],[151.402,-8.5],[151.201,-7.0],[150.957,-6.25],[151.5,-5.75],[151.75,-5.75],[152.25,-5.25],[152.135,-5.135],[152.17,-5.0],[152.5,-4.75],[152.5,-4.5],[152.75,-4.75],[153.0,-4.75],[153.25,-4.5],[153.25,-4.215],[153.549,-3.75],[153.67,-3.0],[154.25,-2.357],[154.75,-2.08],[155.0,-1.618],[155.028,-1.25],[154.5,-1.028],[154.26,-0.75],[152.75,0.279],[152.5,0.261],[152.0,-0.126],[151.75,-0.189],[151.25,-0.023],[151.332,0.25],[152.043,0.75],[152.03,1.25],[151.75,1.29],[151.642,1.5],[151.798,1.75],[152.097,2.0],[152.207,2.25],[152.127,2.5],[151.921,2.75],[151.5,3.03],[151.0,3.109],[150.5,3.51],[150.0,3.578],[149.5,3.935],[149.441,4.25],[149.75,4.456],[150.25,4.496],[150.393,4.75],[150.5,4.788],[150.75,4.821],[151.25,4.636],[151.5,4.629],[151.707,4.75],[152.078,5.5],[152.25,5.678],[152.5,5.677],[153.0,5.565],[153.5,5.146],[153.862,5.0],[154.055,4.75],[155.0,4.27],[155.75,4.133],[156.75,4.229],[158.587,5.25],[159.212,6.0],[160.0,6.387],[160.5,6.411],[160.528,6.25],[160.75,6.097],[160.934,6.25],[160.75,6.474],[160.594,6.5],[160.708,7.0],[160.672,7.5],[161.153,7.75],[161.075,8.0],[159.75,8.384],[159.137,8.75],[159.073,9.25],[158.75,9.461],[157.5,9.393],[157.0,9.492],[156.427,9.75],[155.986,10.5],[156.084,11.0],[155.5,11.541],[155.25,11.653],[154.75,11.644],[154.5,11.751],[154.25,11.663],[153.25,10.839],[152.688,10.75],[153.0,10.555],[153.25,10.62],[153.36,10.5],[153.332,10.25],[153.25,10.214],[152.75,10.203],[152.25,10.479],[151.5,10.649],[150.75,10.994],[150.25,11.024],[149.75,10.935],[149.5,10.798],[149.26,10.5],[149.168,10.25],[148.681,9.75],[148.839,8.75],[148.323,8.5],[148.25,7.876],[147.75,7.974],[147.558,7.75],[147.828,7.5],[147.758,7.25],[148.0,7.196],[148.25,7.39],[148.352,7.25],[148.188,6.75],[148.0,6.472],[147.5,6.415],[147.25,6.206],[147.0,6.179],[146.774,6.25],[146.75,6.515],[146.5,6.646],[145.958,6.75],[145.933,7.0],[146.0,7.138],[147.105,7.25],[146.75,7.318],[146.5,7.476],[146.302,7.75],[146.434,8.0],[146.167,8.5],[145.456,8.75],[145.25,9.211],[145.0,9.205],[144.777,9.5],[144.783,10.0],[144.559,10.25],[144.375,10.75],[143.869,11.25],[143.798,11.5],[143.929,12.0],[143.903,12.25],[143.5,12.542],[142.75,12.648],[142.5,12.642],[141.75,12.353],[141.25,12.394],[140.25,12.252],[139.5,11.922],[138.25,11.588],[135.94,11.25],[135.25,10.918],[134.5,10.415],[134.064,10.0],[133.247,9.5],[132.25,9.129],[130.5,8.28],[130.0,8.159],[129.75,8.296],[129.588,8.5],[129.435,9.0],[129.25,9.286],[128.75,9.44],[128.5,9.408],[128.25,9.261],[128.078,9.75],[128.133,10.25],[128.0,10.457],[127.25,10.631],[126.75,11.091],[126.5,11.222],[126.25,11.149],[125.398,12.5],[125.0,12.75],[124.714,12.75],[124.599,13.25],[124.608,13.75],[124.5,14.0],[124.25,14.25],[124.114,14.114],[123.75,14.129],[123.25,14.275],[123.0,14.451],[122.466,14.5],[122.474,15.0],[122.273,15.25],[122.458,15.75],[122.631,16.75],[122.365,18.115],[122.5,18.25],[122.25,18.5],[121.89,18.5],[121.75,18.83],[121.25,18.979],[120.75,18.75],[120.5,18.5],[120.5,18.349],[120.114,17.75],[120.009,16.75],[119.757,16.25],[119.75,15.5],[120.0,15.25],[120.0,15.0],[120.25,14.738],[120.25,14.5],[120.5,14.25],[120.5,14.001],[120.25,14.0],[120.0,13.75],[120.25,13.5],[120.321,13.571],[120.296,13.5],[120.5,13.217],[120.206,12.75],[119.729,12.25],[119.65,11.75],[119.252,11.5],[119.0,11.213],[118.75,11.084],[118.0,11.057],[117.0,11.288],[116.75,11.278],[115.75,11.756],[115.25,11.653],[114.75,11.657],[114.558,11.5],[114.75,11.322],[115.25,11.336],[115.569,11.25],[114.75,11.154],[114.539,11.0],[114.75,10.789],[115.157,10.75],[115.264,10.5],[115.0,10.109],[114.75,10.122],[114.61,10.0],[114.724,9.75],[114.672,9.5],[114.322,9.25],[113.75,9.084],[113.5,8.892],[112.75,8.843],[112.0,8.602],[109.5,8.528],[108.75,8.868],[108.25,9.341],[107.75,9.232],[107.538,9.5],[107.75,10.046],[108.0,10.197],[108.25,10.111],[108.489,10.25],[108.496,10.75],[109.25,11.5],[109.75,12.488],[110.5,12.903],[110.75,12.882],[111.25,12.623],[111.5,12.624],[111.75,12.767],[112.086,13.25],[112.172,13.5],[112.295,14.75],[112.5,15.045],[113.25,15.322],[113.75,15.371],[114.0,15.545],[114.25,15.436],[115.5,16.044],[115.75,16.22],[116.25,16.826],[116.75,17.214],[117.735,17.75],[117.992,18.0],[118.25,18.464],[119.0,18.78],[119.132,19.0],[119.129,19.25],[118.956,19.75],[119.113,20.25],[119.131,21.0],[119.27,21.5],[119.75,21.74],[120.5,21.721],[120.685,21.815],[120.75,21.75],[121.0,22.0],[121.0,22.23],[121.193,22.693],[121.5,23.0],[121.5,23.25],[121.727,23.477],[121.821,22.75],[121.663,22.25],[121.607,21.75],[121.762,21.25],[122.0,21.18],[122.5,21.24],[122.597,21.0],[122.61,20.0],[122.525,19.25],[122.612,19.0],[122.75,18.754],[123.5,18.265],[124.0,17.812],[124.5,17.598],[124.867,17.25],[124.984,16.75],[124.973,16.25],[125.097,16.0],[125.116,15.75],[124.991,15.5],[125.024,15.25],[125.75,14.668],[126.669,14.5],[127.5,14.075],[128.0,13.917],[129.0,13.376],[129.25,13.362],[130.25,13.441],[131.0,13.901],[132.25,14.37],[133.25,14.389],[133.75,14.547],[134.5,14.468],[135.5,14.8],[136.0,14.889],[137.0,14.784],[138.065,15.25],[138.704,15.75],[139.005,16.25],[139.549,16.75],[139.878,17.25],[140.25,17.605],[140.926,18.5],[142.44,19.5],[142.374,19.75],[142.416,20.0],[142.791,20.5],[142.786,20.75],[142.351,21.25],[142.459,21.5],[142.809,21.75],[143.5,22.488],[144.281,23.0],[144.494,23.25],[144.871,23.5],[144.99,23.75],[144.818,24.0],[144.94,24.5],[145.5,24.91],[145.75,25.201],[145.995,25.75],[146.75,26.594],[147.0,26.731],[147.308,26.75],[147.75,27.557],[148.013,27.75],[148.383,28.75],[148.305,29.25],[148.388,31.0],[149.072,32.25],[149.148,32.5],[148.924,33.0],[149.5,34.04],[149.947,34.5],[150.25,34.533],[152.0,33.328],[152.5,33.304],[153.018,33.75],[153.261,34.5],[153.558,34.75],[153.714,35.0],[153.5,35.143],[153.0,35.161],[152.736,35.25],[152.841,35.75],[152.704,36.0],[152.527,36.75],[152.531,37.25],[151.968,38.75],[152.056,39.25],[152.25,39.38],[152.77,39.5],[152.906,40.25],[153.419,41.0],[153.445,41.25],[153.25,41.543],[153.0,41.691],[152.5,41.785],[151.25,41.716],[150.25,41.759],[149.0,41.226],[148.5,41.176],[147.658,41.5],[147.072,42.25],[147.183,42.75],[146.769,43.0],[146.0,43.003],[144.774,42.774],[145.0,43.0],[145.25,43.0],[145.75,43.369],[146.0,43.417],[146.25,43.654],[146.526,43.724],[146.75,43.5],[147.0,43.75],[146.857,43.893],[147.0,44.211],[147.25,44.218],[147.5,43.959],[148.25,43.651],[148.484,43.5],[148.593,43.25],[148.75,43.146],[149.25,43.202],[150.0,43.896],[150.25,43.987],[151.75,43.676],[153.0,43.688],[154.25,43.835],[154.969,44.5],[155.326,45.25],[155.93,46.0],[155.89,46.25],[155.75,46.414],[155.25,46.7],[154.75,46.868],[153.75,46.86],[153.0,47.192],[152.827,47.5],[153.0,47.529],[153.136,47.75],[153.0,47.844],[152.808,47.75],[152.688,47.5],[152.25,47.479],[151.5,46.84],[151.25,46.714],[151.0,46.724],[150.75,46.878],[150.5,46.746],[150.38,47.0],[150.25,47.083],[149.75,46.637],[149.25,45.948],[149.0,45.826],[148.75,46.023],[148.5,46.046],[148.25,45.569],[147.75,45.959],[147.25,45.732],[147.102,45.5],[147.014,45.0],[146.75,44.476],[146.5,44.516],[146.111,44.75],[146.0,44.909],[145.75,44.916],[145.5,44.771],[145.25,44.777],[144.75,45.13],[144.5,45.162],[144.0,44.858],[143.75,44.843],[143.658,45.0],[143.641,46.0],[143.932,46.5],[144.087,47.0],[144.265,48.25],[144.0,48.545],[143.946,48.75],[144.25,48.906],[144.75,48.743],[144.802,49.0],[144.623,49.25],[144.314,50.0],[144.002,51.0],[143.5,51.529],[143.5,51.75],[143.271,51.979],[143.5,52.488],[144.0,52.77],[145.5,52.951],[145.75,52.933],[146.25,52.542],[146.411,52.5],[147.331,52.5],[148.432,52.75],[150.83,53.5],[152.5,54.345],[153.005,54.75],[153.331,55.5],[153.349,56.5],[152.886,57.5],[152.942,57.75],[153.337,58.25],[153.42,58.5],[153.333,58.75],[153.703,59.0],[155.25,59.0],[155.637,59.5],[155.199,60.25],[155.5,60.5],[155.75,60.5],[156.25,61.0],[156.5,61.0],[156.694,61.194],[157.0,61.326],[157.25,61.322],[158.0,61.234],[158.399,61.0],[158.876,60.25],[158.937,59.75],[158.506,58.5],[158.06,58.25],[157.819,58.181],[157.75,58.25],[157.5,58.0],[157.0,58.0],[156.75,57.75],[156.75,57.25],[156.551,57.051],[156.25,57.0],[155.772,56.522],[155.797,56.75],[156.004,57.0],[155.75,57.028],[155.25,56.666],[154.968,56.25],[154.971,55.75],[155.25,55.299],[155.5,55.739],[155.5,54.5],[155.75,54.25],[155.75,54.0],[155.977,53.773],[156.0,53.197],[155.816,53.0],[155.746,52.75],[155.839,52.25],[155.77,51.5],[155.657,51.25],[155.5,51.093],[155.183,51.0],[155.147,50.75],[154.75,50.439],[154.695,50.25],[154.962,50.0],[154.936,49.75],[154.75,49.678],[154.5,49.817],[154.398,49.75],[154.5,49.147],[154.75,49.046],[155.5,49.461],[155.805,49.5],[156.024,49.75],[156.25,50.253],[157.75,50.598],[158.059,50.75],[158.202,51.0],[158.003,51.25],[158.121,51.5],[158.75,51.983],[158.942,52.25],[159.5,52.5],[160.0,52.878],[160.25,53.329],[160.75,53.88],[161.75,54.322],[161.858,54.5],[162.0,54.5],[162.25,54.75],[162.105,54.895],[162.338,55.5],[162.5,55.632],[163.442,56.0],[163.575,56.25],[163.5,56.325],[163.5,56.76],[163.75,56.982],[164.25,57.119],[164.5,57.082],[165.173,56.75],[165.476,56.5],[165.632,56.25],[165.33,55.75],[165.308,55.0],[165.142,54.5],[164.401,53.5],[164.185,52.75],[164.051,52.5],[163.78,52.25],[163.671,52.0],[163.627,51.5],[163.75,51.334],[164.0,51.263],[164.25,51.32],[164.577,51.5],[165.3,52.5],[166.316,53.25],[166.412,53.5],[166.319,53.75],[166.333,54.0],[166.63,54.5],[166.75,54.5],[167.0,54.75],[166.817,54.933],[167.086,55.25],[166.964,55.5],[166.933,56.0],[166.75,56.369],[166.21,56.75],[166.108,57.0],[166.272,57.25],[167.75,57.764],[168.25,57.866],[168.75,57.826],[169.5,57.627],[169.75,57.672],[170.0,57.841],[170.417,58.75],[170.643,59.0],[171.5,59.34],[171.726,59.5],[171.92,59.75],[172.5,60.222],[172.888,60.75],[173.25,60.953],[176.0,61.824],[179.0,62.167],[179.5,62.437],[179.75,62.75],[179.75,53.602],[179.0,53.389],[178.0,52.922],[177.734,52.75],[177.653,52.5],[177.754,52.25],[178.5,52.123],[178.75,51.819],[179.25,51.515],[179.34,51.25],[179.25,51.151],[178.75,51.022],[178.0,50.992],[177.035,50.75],[176.93,50.25],[176.374,49.75],[176.0,49.633],[175.25,49.683],[175.0,49.799],[174.25,50.475],[174.0,50.524],[173.75,50.491],[173.5,50.319],[173.366,50.0],[173.641,49.5],[173.994,49.25],[174.196,48.0],[174.5,47.772],[175.114,47.5],[175.271,47.25],[175.044,46.25],[175.088,45.5],[175.5,44.991],[176.294,44.75],[176.031,44.0],[176.085,43.5],[176.553,43.0],[176.5,42.875],[175.5,42.66],[175.236,42.5],[175.25,42.414],[175.5,42.321],[175.75,42.419],[176.5,42.451],[177.25,42.212],[177.5,42.201],[178.25,42.476],[178.5,42.492],[179.25,42.115],[179.75,42.052],[179.75,41.918],[179.5,41.912],[178.75,41.406],[178.5,41.339],[178.0,41.355],[177.25,41.661],[176.136,41.0],[176.063,40.75],[176.299,40.25],[176.179,39.25],[176.0,39.179],[175.25,39.193],[174.75,39.031],[174.5,38.841],[174.157,38.25],[174.147,37.5],[174.052,37.0],[174.139,36.5],[174.5,35.794],[174.75,35.654],[175.25,35.682],[176.628,36.75],[177.655,37.0],[178.0,37.176],[178.27,37.75],[178.75,38.063],[179.25,38.254],[179.75,37.903],[179.75,29.243],[178.5,28.952],[178.0,28.583],[177.648,28.0],[177.399,27.75],[176.5,27.425],[175.5,27.295],[174.25,27.425],[173.064,27.25],[172.121,26.75],[171.75,26.25],[170.75,25.844],[170.0,25.32],[169.058,25.0],[168.567,24.5],[168.044,24.25],[165.5,24.008],[164.5,23.661],[163.5,23.02],[162.501,22.25],[162.366,22.0],[162.483,21.75],[162.25,21.629],[161.5,21.967],[161.25,22.012],[161.0,21.949],[160.159,21.25],[159.976,21.0],[159.989,20.75],[160.5,20.738],[161.25,20.87],[162.25,20.599],[162.75,20.839],[163.25,20.725],[163.75,20.718],[163.953,20.5],[163.75,20.316],[163.25,20.388],[163.0,20.069],[162.588,20.25],[162.5,20.363],[162.25,20.396],[162.0,20.305],[161.817,20.0],[161.859,19.75],[161.75,19.477],[160.75,19.002],[159.98,18.75],[159.647,18.5],[159.615,18.25],[159.796,18.0],[160.502,17.5],[161.0,17.324],[161.25,17.392],[161.745,17.75],[161.978,18.5],[162.25,18.698],[162.75,18.617],[163.169,18.25],[163.5,18.142],[165.5,18.582],[165.801,18.5],[166.5,17.943],[167.0,17.727],[167.5,17.742],[168.25,17.948],[169.0,17.943],[169.397,17.75],[169.5,17.452],[169.75,17.262],[170.0,17.195],[170.25,17.23],[171.102,16.5],[171.09,16.25],[170.866,16.0],[171.016,15.75],[171.75,15.557],[172.75,15.758],[175.0,15.436],[175.438,15.25],[175.75,14.983],[176.75,14.454],[177.329,14.25],[177.465,14.0],[177.212,13.5],[176.75,13.056],[176.199,12.75],[175.932,12.5],[176.812,12.0],[177.073,11.5],[177.25,11.465],[178.25,11.721],[179.146,11.5],[179.571,11.25],[179.506,10.75],[179.75,10.52],[179.75,10.134],[178.701,9.25],[177.75,8.742],[176.5,8.3],[175.0,8.09],[174.25,7.453],[173.75,7.18],[173.25,7.076],[172.77,6.75],[172.835,6.5],[172.72,6.0],[172.5,5.817],[172.233,5.75],[172.028,5.5],[171.726,4.75],[171.726,4.5],[171.742,3.75],[172.0,3.439],[172.25,3.328],[172.5,3.418],[173.0,3.971],[173.25,3.929],[173.56,3.25],[173.509,3.0],[173.581,2.75],[174.236,2.0],[174.858,1.0],[175.147,0.75],[175.211,0.0],[175.388,-0.75],[175.5,-0.943],[176.397,-1.25],[176.55,-1.5],[176.0,-1.745],[176.156,-2.0],[176.0,-2.15],[175.25,-2.233],[174.938,-2.5],[174.669,-3.0],[175.0,-3.481],[175.25,-3.544],[175.5,-3.486],[176.0,-3.175],[176.128,-2.75],[175.75,-2.635],[175.622,-2.5],[175.75,-2.362],[176.0,-2.266],[176.75,-2.191],[177.0,-1.877],[177.25,-1.776],[177.75,-1.808],[178.25,-1.99],[178.5,-2.295],[178.75,-2.457],[179.5,-2.364],[179.75,-2.679],[179.75,-3.909],[179.624,-4.5],[179.75,-4.607],[179.75,-15.192],[179.5,-15.085],[179.0,-15.095],[178.5,-15.421],[177.75,-16.141],[177.145,-17.0],[177.265,-17.735],[177.0,-18.0],[177.25,-18.25],[177.75,-18.25],[178.0,-18.5],[178.25,-18.25],[178.75,-18.17],[179.0,-17.888],[179.25,-17.981],[179.497,-17.75],[179.52,-17.5],[179.75,-17.126],[179.75,-19.2],[179.529,-19.0],[179.562,-18.75],[179.5,-18.646],[179.25,-18.786],[177.5,-20.763],[177.25,-20.852],[176.897,-20.25],[177.128,-19.75],[177.226,-19.25],[177.128,-18.75],[176.839,-18.5],[176.75,-17.708],[176.5,-17.382],[176.25,-17.257],[175.995,-17.25],[175.574,-17.5],[175.5,-17.628],[175.383,-17.25],[175.05,-16.75],[175.213,-15.5],[175.114,-15.0],[175.25,-14.49],[175.117,-14.25],[174.693,-14.25],[174.406,-14.75],[173.5,-15.043],[172.808,-15.5],[172.282,-16.5],[172.304,-16.75],[172.047,-17.25],[172.017,-17.75],[171.791,-18.5],[171.471,-18.75],[171.374,-19.0],[171.75,-19.585],[172.25,-19.684],[172.75,-19.632],[174.0,-19.125],[174.5,-19.074],[174.73,-19.25],[174.758,-19.5],[174.5,-19.897],[174.31,-20.5],[174.142,-20.75],[174.107,-21.75],[173.852,-22.25],[173.322,-24.25],[173.233,-25.25],[173.5,-25.425],[174.25,-24.927],[174.5,-25.062],[174.75,-25.026],[175.527,-24.25],[175.855,-23.75],[176.039,-23.25],[176.842,-22.0],[176.803,-21.75],[177.5,-21.582],[177.911,-21.75],[177.796,-22.25],[177.509,-22.75],[177.353,-23.5],[177.004,-24.5],[176.13,-26.0],[176.009,-26.5],[176.09,-26.75],[176.0,-26.957],[175.75,-26.934],[174.5,-27.205],[172.75,-26.456],[171.353,-26.0],[170.75,-25.932],[169.75,-25.307],[169.25,-25.18],[168.5,-25.23],[168.25,-25.332],[168.0,-25.534],[167.605,-26.25],[167.25,-26.479],[166.75,-26.124],[166.28,-26.75],[165.5,-27.348],[165.0,-27.89],[164.75,-28.063],[164.25,-28.195],[163.75,-27.627],[163.179,-27.5],[162.5,-26.999],[162.0,-26.894],[160.0,-26.73],[159.25,-26.293],[158.75,-26.148],[158.0,-26.08],[156.75,-26.772],[156.25,-26.444],[156.0,-26.473],[155.25,-26.836],[155.0,-26.847],[154.25,-26.486],[154.0,-26.601],[153.805,-27.25],[153.793,-29.75],[153.727,-30.25],[153.5,-30.5],[153.5,-31.19],[153.75,-31.135],[153.794,-31.0],[153.787,-30.25],[154.0,-30.041],[154.27,-30.0],[154.461,-29.75],[154.75,-28.243],[155.0,-28.257],[155.168,-28.5],[155.343,-29.0],[156.0,-29.154],[156.073,-29.25],[156.216,-29.5],[156.25,-30.501],[156.4,-30.75],[156.5,-30.794],[157.0,-30.701],[157.25,-30.869],[157.44,-31.25],[157.332,-32.25],[157.081,-33.0],[156.0,-34.462],[155.75,-34.565],[155.5,-34.402],[155.25,-33.603]]]},"properties":{"hvalue":1.2,"color":"#a7c2e0"}},{"type":"Feature","geometry":{"type":"Polygon","coordinates":[[[128.086,26.0],[127.75,25.867],[127.628,26.0],[127.629,26.121],[127.75,26.0],[128.345,26.595],[128.273,26.25],[128.086,26.0]]]},"properties":{"hvalue":1.2,"color":"#a7c2e0"}},{"type":"Feature","geometry":{"type":"Polygon","coordinates":[[[127.75,26.5],[127.937,26.75],[128.0,27.013],[128.074,26.824],[127.75,26.5]]]},"properties":{"hvalue":1.2,"color":"#a7c2e0"}},{"type":"Feature","geometry":{"type":"Polygon","coordinates":[[[129.75,28.256],[129.5,27.865],[129.25,27.792],[129.0,27.577],[128.84,27.75],[129.104,28.146],[129.25,28.0],[129.5,28.25],[129.385,28.365],[129.5,28.405],[129.75,28.256]]]},"properties":{"hvalue":1.2,"color":"#a7c2e0"}},{"type":"Feature","geometry":{"type":"Polygon","coordinates":[[[129.387,31.5],[129.479,32.0],[129.25,32.729],[128.75,32.394],[128.63,32.5],[128.675,32.575],[128.75,32.5],[129.0,32.75],[128.87,32.88],[129.0,33.168],[129.309,33.191],[129.477,33.023],[129.855,32.25],[129.916,32.0],[129.733,31.75],[129.795,31.25],[130.0,31.014],[130.25,30.948],[130.5,30.979],[130.845,31.155],[130.933,31.067],[130.786,31.0],[131.0,30.75],[130.75,30.368],[130.5,30.5],[130.25,30.25],[130.323,30.177],[130.25,30.154],[130.0,30.247],[129.75,30.197],[129.0,30.253],[128.915,30.5],[129.387,31.5]]]},"properties":{"hvalue":1.2,"color":"#a7c2e0"}},{"type":"Feature","geometry":{"type":"Polygon","coordinates":[[[132.75,32.643],[132.0,32.546],[132.0,32.932],[132.264,32.986],[132.5,32.75],[132.926,32.75],[132.75,32.643]]]},"properties":{"hvalue":1.2,"color":"#a7c2e0"}},{"type":"Feature","geometry":{"type":"Polygon","coordinates":[[[133.425,33.175],[133.75,33.5],[134.0,33.25],[134.168,33.25],[134.0,33.163],[133.425,33.175]]]},"properties":{"hvalue":1.2,"color":"#a7c2e0"}},{"type":"Feature","geometry":{"type":"Polygon","coordinates":[[[129.768,33.5],[130.0,33.583],[130.183,33.683],[130.0,33.5],[129.768,33.5]]]},"properties":{"hvalue":1.2,"color":"#a7c2e0"}},{"type":"Feature","geometry":{"type":"Polygon","coordinates":[[[135.07,33.93],[135.533,33.467],[135.25,33.503],[134.373,33.373],[134.75,33.75],[134.767,34.017],[135.07,33.93]]]},"properties":{"hvalue":1.2,"color":"#a7c2e0"}},{"type":"Feature","geometry":{"type":"Polygon","coordinates":[[[130.75,34.0],[130.612,34.0],[130.75,34.215],[130.75,34.0]]]},"properties":{"hvalue":1.2,"color":"#a7c2e0"}},{"type":"Feature","geometry":{"type":"Polygon","coordinates":[[[125.961,33.75],[127.25,34.044],[127.942,34.5],[128.5,34.618],[128.977,35.0],[129.196,35.0],[128.63,34.5],[127.75,34.165],[127.0,33.463],[126.75,33.75],[126.5,33.75],[126.422,33.672],[125.961,33.75]]]},"properties":{"hvalue":1.2,"color":"#a7c2e0"}},{"type":"Feature","geometry":{"type":"Polygon","coordinates":[[[129.375,34.375],[129.25,34.5],[129.018,34.268],[129.07,34.5],[129.25,34.629],[129.462,34.5],[129.375,34.375]]]},"properties":{"hvalue":1.2,"color":"#a7c2e0"}},{"type":"Feature","geometry":{"type":"Polygon","coordinates":[[[137.05,34.5],[136.8,34.3],[137.0,34.5],[136.841,34.659],[137.332,34.668],[137.445,34.555],[137.05,34.5]]]},"properties":{"hvalue":1.2,"color":"#a7c2e0"}},{"type":"Feature","geometry":{"type":"Polygon","coordinates":[[[138.523,34.75],[138.165,34.665],[138.5,35.0],[138.634,35.0],[138.946,34.554],[138.75,34.571],[138.523,34.75]]]},"properties":{"hvalue":1.2,"color":"#a7c2e0"}},{"type":"Feature","geometry":{"type":"Polygon","coordinates":[[[139.769,34.981],[139.5,35.04],[139.25,34.633],[139.176,34.676],[139.25,34.75],[139.25,35.0],[139.596,35.346],[139.75,35.183],[139.769,34.981]]]},"properties":{"hvalue":1.2,"color":"#a7c2e0"}},{"type":"Feature","geometry":{"type":"Polygon","coordinates":[[[152.0,34.926],[151.886,35.0],[151.706,35.25],[152.0,35.302],[152.122,35.25],[152.277,35.0],[152.0,34.926]]]},"properties":{"hvalue":1.2,"color":"#a7c2e0"}},{"type":"Feature","geometry":{"type":"Polygon","coordinates":[[[128.5,38.985],[128.5,39.016],[128.56,39.0],[128.5,38.985]]]},"properties":{"hvalue":1.2,"color":"#a7c2e0"}},{"type":"Feature","geometry":{"type":"Polygon","coordinates":[[[131.396,34.75],[131.826,36.0],[131.775,36.75],[132.525,37.75],[132.5,37.866],[132.25,37.935],[132.0,37.854],[131.566,37.5],[131.444,37.0],[131.5,36.768],[131.714,36.5],[131.5,36.445],[131.405,36.25],[130.25,35.558],[129.75,35.766],[129.629,35.5],[129.5,35.401],[129.5,36.5],[129.75,36.75],[129.5,37.0],[129.5,37.25],[129.25,37.5],[129.25,37.75],[128.562,38.438],[128.75,38.604],[129.225,38.75],[128.96,39.25],[130.132,40.25],[130.333,40.75],[130.722,41.0],[130.792,41.25],[131.0,41.452],[131.571,41.75],[131.882,42.25],[132.0,42.318],[132.534,42.5],[133.25,42.5],[133.5,42.75],[134.0,42.75],[134.25,43.0],[134.5,43.0],[134.75,43.25],[135.0,43.25],[135.766,44.016],[137.0,44.291],[138.0,44.239],[138.18,44.0],[138.13,43.75],[138.28,43.25],[138.803,42.75],[138.948,42.25],[139.41,42.0],[139.359,41.75],[139.75,41.329],[139.979,41.25],[139.831,40.75],[139.25,40.431],[138.0,40.4],[137.75,40.273],[137.5,39.587],[136.75,38.835],[136.0,38.483],[135.5,38.072],[134.914,37.75],[134.75,37.545],[134.814,37.0],[134.557,36.25],[134.25,35.86],[133.813,35.687],[133.5,35.75],[133.0,35.672],[132.891,35.5],[132.75,35.5],[132.25,35.0],[132.0,35.0],[131.75,34.75],[131.5,34.75],[131.171,34.5],[131.396,34.75]]]},"properties":{"hvalue":1.2,"color":"#a7c2e0"}},{"type":"Feature","geometry":{"type":"Polygon","coordinates":[[[141.0,41.5],[140.855,41.5],[140.842,41.658],[141.0,41.5]]]},"properties":{"hvalue":1.2,"color":"#a7c2e0"}},{"type":"Feature","geometry":{"type":"Polygon","coordinates":[[[140.75,42.25],[140.5,42.301],[140.867,42.383],[141.0,42.25],[141.25,42.25],[141.5,42.5],[141.864,42.5],[142.25,42.25],[142.5,42.25],[142.708,42.042],[141.936,42.0],[141.5,41.854],[141.325,41.5],[141.452,41.25],[141.463,40.787],[141.359,40.891],[141.358,41.25],[141.25,41.397],[141.0,41.5],[141.25,41.75],[140.75,42.25]]]},"properties":{"hvalue":1.2,"color":"#a7c2e0"}},{"type":"Feature","geometry":{"type":"Polygon","coordinates":[[[143.0,42.0],[143.027,41.973],[142.867,42.0],[143.0,42.0]]]},"properties":{"hvalue":1.2,"color":"#a7c2e0"}},{"type":"Feature","geometry":{"type":"Polygon","coordinates":[[[144.638,42.75],[144.0,42.557],[143.5,42.315],[143.5,42.5],[143.75,42.75],[144.0,42.75],[144.231,42.981],[144.5,42.75],[144.638,42.75]]]},"properties":{"hvalue":1.2,"color":"#a7c2e0"}},{"type":"Feature","geometry":{"type":"Polygon","coordinates":[[[139.25,47.426],[140.25,48.5],[140.304,48.804],[140.5,49.0],[140.5,49.566],[140.578,49.828],[140.75,50.0],[140.5,50.275],[140.5,50.75],[140.75,51.0],[140.75,51.25],[141.25,51.678],[141.5,51.711],[141.75,51.579],[142.0,51.343],[142.0,49.031],[141.75,48.75],[141.922,48.578],[142.038,48.212],[142.003,48.0],[141.814,47.75],[141.75,47.356],[141.5,47.014],[140.75,47.092],[140.45,47.0],[140.0,46.432],[139.5,46.147],[139.25,46.183],[138.75,46.432],[138.589,46.75],[138.598,46.848],[139.25,47.426]]]},"properties":{"hvalue":1.2,"color":"#a7c2e0"}},{"type":"Feature","geometry":{"type":"Polygon","coordinates":[[[155.504,55.754],[155.605,56.145],[155.75,56.0],[155.504,55.754]]]},"properties":{"hvalue":1.2,"color":"#a7c2e0"}},{"type":"Feature","geometry":{"type":"Polygon","coordinates":[[[140.038,55.0],[139.717,55.75],[139.728,56.0],[139.596,56.5],[139.75,56.704],[141.25,57.408],[141.361,57.5],[141.241,58.0],[141.598,58.25],[142.19,58.5],[142.278,58.75],[142.84,59.0],[143.75,59.003],[144.325,58.75],[146.0,57.82],[146.343,57.5],[146.71,57.0],[146.551,56.5],[146.233,56.25],[145.75,56.064],[144.405,55.75],[143.26,54.5],[142.5,54.5],[142.241,54.25],[142.162,54.0],[142.0,53.835],[141.0,53.878],[140.5,54.027],[139.941,54.5],[139.901,54.75],[140.038,55.0]]]},"properties":{"hvalue":1.2,"color":"#a7c2e0"}},{"type":"Feature","geometry":{"type":"Polygon","coordinates":[[[159.0,-54.462],[159.115,-54.5],[159.125,-54.75],[159.0,-54.791],[159.0,-54.462]]]},"properties":{"hvalue":1.2,"color":"#a7c2e0"}},{"type":"Feature","geometry":{"type":"Polygon","coordinates":[[[166.25,-50.546],[166.749,-50.75],[166.25,-50.96],[166.014,-50.75],[166.25,-50.546]]]},"properties":{"hvalue":1.2,"color":"#a7c2e0"}},{"type":"Feature","geometry":{"type":"Polygon","coordinates":[[[167.811,-46.561],[167.75,-46.5],[167.981,-46.5],[167.811,-46.561]]]},"properties":{"hvalue":1.2,"color":"#a7c2e0"}},{"type":"Feature","geometry":{"type":"Polygon","coordinates":[[[166.525,-45.475],[167.0,-44.954],[167.131,-44.869],[166.525,-45.475]]]},"properties":{"hvalue":1.2,"color":"#a7c2e0"}},{"type":"Feature","geometry":{"type":"Polygon","coordinates":[[[166.5,-47.662],[166.389,-47.5],[166.364,-47.25],[166.903,-46.75],[166.577,-46.25],[166.75,-46.25],[167.0,-46.5],[167.25,-46.5],[167.5,-46.25],[167.75,-46.5],[167.5,-46.75],[167.5,-47.0],[167.25,-47.25],[167.5,-47.5],[167.75,-47.25],[168.0,-47.25],[168.218,-47.032],[168.801,-46.75],[169.5,-46.75],[169.75,-46.5],[170.0,-46.5],[170.25,-46.25],[170.25,-46.106],[170.5,-46.0],[170.75,-45.75],[171.494,-44.5],[171.835,-44.25],[172.0,-44.25],[172.117,-44.133],[172.496,-44.0],[173.0,-44.0],[173.25,-43.75],[173.679,-42.571],[173.868,-42.25],[174.0,-42.25],[174.25,-42.0],[174.25,-41.572],[174.5,-41.3],[174.75,-41.5],[175.309,-41.559],[175.5,-41.75],[175.725,-41.525],[175.674,-41.75],[176.081,-42.5],[176.258,-43.0],[176.212,-43.25],[175.5,-44.108],[174.5,-44.748],[173.5,-45.551],[172.5,-46.156],[171.75,-46.463],[171.25,-46.381],[171.0,-46.194],[170.75,-46.201],[170.149,-46.5],[169.428,-47.0],[169.25,-47.212],[168.658,-47.5],[168.541,-47.75],[168.531,-48.0],[168.25,-48.45],[167.75,-48.42],[167.36,-48.25],[166.75,-48.213],[166.497,-48.0],[166.5,-47.662]]]},"properties":{"hvalue":1.2,"color":"#a7c2e0"}},{"type":"Feature","geometry":{"type":"Polygon","coordinates":[[[167.5,-44.545],[167.74,-44.51],[167.453,-44.75],[167.264,-44.75],[167.5,-44.545]]]},"properties":{"hvalue":1.2,"color":"#a7c2e0"}},{"type":"Feature","geometry":{"type":"Polygon","coordinates":[[[169.643,-43.25],[170.886,-42.5],[171.0,-42.386],[171.0,-42.75],[170.75,-42.75],[170.5,-43.0],[170.25,-43.0],[169.75,-43.5],[169.25,-43.5],[169.0,-43.75],[168.75,-43.75],[168.5,-44.0],[168.284,-44.0],[168.5,-43.804],[169.643,-43.25]]]},"properties":{"hvalue":1.2,"color":"#a7c2e0"}},{"type":"Feature","geometry":{"type":"Polygon","coordinates":[[[171.75,-41.481],[171.968,-41.282],[171.733,-41.5],[171.75,-41.481]]]},"properties":{"hvalue":1.2,"color":"#a7c2e0"}},{"type":"Feature","geometry":{"type":"Polygon","coordinates":[[[176.0,-41.284],[175.812,-41.438],[176.024,-41.226],[176.0,-41.284]]]},"properties":{"hvalue":1.2,"color":"#a7c2e0"}},{"type":"Feature","geometry":{"type":"Polygon","coordinates":[[[172.468,-40.532],[172.139,-40.861],[172.176,-40.75],[172.468,-40.532]]]},"properties":{"hvalue":1.2,"color":"#a7c2e0"}},{"type":"Feature","geometry":{"type":"Polygon","coordinates":[[[173.25,-40.324],[174.066,-40.0],[174.172,-39.75],[174.5,-40.0],[174.857,-40.0],[174.795,-40.25],[174.25,-40.56],[173.25,-40.655],[172.75,-40.55],[172.642,-40.642],[172.504,-40.504],[172.75,-40.381],[173.25,-40.324]]]},"properties":{"hvalue":1.2,"color":"#a7c2e0"}},{"type":"Feature","geometry":{"type":"Polygon","coordinates":[[[177.045,-39.5],[177.0,-39.5],[177.057,-39.443],[177.045,-39.5]]]},"properties":{"hvalue":1.2,"color":"#a7c2e0"}},{"type":"Feature","geometry":{"type":"Polygon","coordinates":[[[174.5,-38.607],[174.5,-38.75],[174.25,-39.0],[174.037,-39.0],[174.5,-38.607]]]},"properties":{"hvalue":1.2,"color":"#a7c2e0"}},{"type":"Feature","geometry":{"type":"Polygon","coordinates":[[[157.504,-38.5],[157.75,-38.398],[158.0,-38.467],[158.094,-38.75],[157.75,-38.845],[157.577,-38.75],[157.504,-38.5]]]},"properties":{"hvalue":1.2,"color":"#a7c2e0"}},{"type":"Feature","geometry":{"type":"Polygon","coordinates":[[[174.672,-38.0],[174.75,-37.902],[174.659,-38.091],[174.672,-38.0]]]},"properties":{"hvalue":1.2,"color":"#a7c2e0"}},{"type":"Feature","geometry":{"type":"Polygon","coordinates":[[[174.74,-37.5],[174.739,-37.489],[174.75,-37.518],[174.74,-37.5]]]},"properties":{"hvalue":1.2,"color":"#a7c2e0"}},{"type":"Feature","geometry":{"type":"Polygon","coordinates":[[[177.25,-37.944],[177.0,-37.75],[176.75,-37.75],[176.5,-37.5],[176.315,-37.5],[176.046,-36.75],[175.665,-36.5],[175.612,-36.388],[175.75,-36.25],[175.5,-36.0],[175.307,-36.193],[175.0,-36.118],[174.5,-35.429],[174.5,-35.25],[174.25,-35.0],[174.0,-35.0],[173.758,-34.758],[174.25,-34.966],[177.0,-36.783],[177.75,-37.184],[178.5,-37.417],[178.637,-37.75],[178.5,-38.02],[178.5,-37.75],[178.25,-37.5],[178.0,-37.5],[177.75,-37.75],[177.5,-37.75],[177.25,-37.944]]]},"properties":{"hvalue":1.2,"color":"#a7c2e0"}},{"type":"Feature","geometry":{"type":"Polygon","coordinates":[[[173.601,-34.899],[173.25,-34.75],[173.199,-34.449],[173.404,-34.5],[173.746,-34.754],[173.601,-34.899]]]},"properties":{"hvalue":1.2,"color":"#a7c2e0"}},{"type":"Feature","geometry":{"type":"Polygon","coordinates":[[[159.25,-31.422],[159.276,-31.5],[159.196,-31.5],[159.25,-31.422]]]},"properties":{"hvalue":1.2,"color":"#a7c2e0"}},{"type":"Feature","geometry":{"type":"Polygon","coordinates":[[[159.045,-29.75],[159.25,-29.544],[159.287,-29.75],[159.045,-29.75]]]},"properties":{"hvalue":1.2,"color":"#a7c2e0"}},{"type":"Feature","geometry":{"type":"Polygon","coordinates":[[[159.059,-29.25],[159.25,-29.022],[159.435,-29.25],[159.25,-29.487],[159.059,-29.25]]]},"properties":{"hvalue":1.2,"color":"#a7c2e0"}},{"type":"Feature","geometry":{"type":"Polygon","coordinates":[[[168.25,-28.807],[168.325,-29.0],[168.25,-29.047],[168.0,-29.156],[167.842,-29.0],[168.0,-28.792],[168.25,-28.807]]]},"properties":{"hvalue":1.2,"color":"#a7c2e0"}},{"type":"Feature","geometry":{"type":"Polygon","coordinates":[[[178.25,-29.025],[177.826,-28.75],[177.504,-28.25],[177.413,-27.75],[177.543,-27.25],[176.75,-27.473],[176.257,-27.25],[176.279,-27.0],[177.0,-26.626],[177.75,-25.998],[178.5,-25.967],[179.25,-26.113],[179.75,-26.125],[179.75,-29.619],[179.25,-29.153],[179.0,-29.036],[178.25,-29.025]]]},"properties":{"hvalue":1.2,"color":"#a7c2e0"}},{"type":"Feature","geometry":{"type":"Polygon","coordinates":[[[175.322,-18.5],[175.263,-18.75],[175.203,-18.75],[175.151,-18.5],[175.25,-18.397],[175.322,-18.5]]]},"properties":{"hvalue":1.2,"color":"#a7c2e0"}},{"type":"Feature","geometry":{"type":"Polygon","coordinates":[[[179.75,-0.5],[179.75,-0.75],[179.75,-1.91],[179.359,-1.5],[179.263,-1.25],[179.443,-0.75],[179.75,-0.5]]]},"properties":{"hvalue":1.2,"color":"#a7c2e0"}},{"type":"Feature","geometry":{"type":"Polygon","coordinates":[[[166.5,19.423],[166.656,19.25],[166.5,19.081],[166.253,19.25],[166.5,19.423]]]},"properties":{"hvalue":1.2,"color":"#a7c2e0"}},{"type":"Feature","geometry":{"type":"Polygon","coordinates":[[[163.75,21.295],[163.5,21.213],[163.011,21.5],[163.5,21.857],[163.75,21.852],[163.98,21.75],[163.973,21.5],[163.75,21.295]]]},"properties":{"hvalue":1.2,"color":"#a7c2e0"}},{"type":"Feature","geometry":{"type":"Polygon","coordinates":[[[179.5,51.947],[179.647,51.75],[179.5,51.654],[179.393,51.75],[179.5,51.947]]]},"properties":{"hvalue":1.2,"color":"#a7c2e0"}},{"type":"Feature","geometry":{"type":"Polygon","coordinates":[[[179.744,62.756],[179.75,62.785],[179.75,62.75],[179.744,62.756]]]},"properties":{"hvalue":1.2,"color":"#a7c2e0"}},{"type":"Feature","geometry":{"type":"Polygon","coordinates":[[[-180.0,-51.458],[-180.0,-42.11],[-178.25,-42.528],[-177.75,-42.853],[-177.0,-43.122],[-175.25,-42.045],[-174.75,-41.844],[-173.25,-42.033],[-173.0,-42.189],[-172.896,-42.5],[-172.996,-42.75],[-173.335,-43.5],[-173.739,-44.0],[-174.25,-44.304],[-175.548,-44.75],[-176.034,-45.0],[-176.352,-45.5],[-176.75,-45.857],[-177.25,-45.984],[-177.75,-46.24],[-178.75,-46.441],[-179.304,-46.75],[-179.0,-46.956],[-178.75,-46.946],[-177.75,-46.627],[-177.25,-46.614],[-176.985,-46.75],[-177.378,-47.25],[-177.313,-47.5],[-177.047,-47.75],[-177.207,-48.25],[-177.5,-48.428],[-177.695,-49.0],[-178.093,-49.5],[-178.5,-49.863],[-179.409,-50.25],[-179.655,-50.5],[-179.426,-51.0],[-179.612,-51.25],[-180.0,-51.458]]]},"properties":{"hvalue":2.0,"color":"#6c99d2"}},{"type":"Feature","geometry":{"type":"Polygon","coordinates":[[[-167.271,-5.5],[-167.172,-5.5],[-167.105,-5.75],[-167.25,-5.949],[-167.271,-5.5]]]},"properties":{"hvalue":2.0,"color":"#6c99d2"}},{"type":"Feature","geometry":{"type":"Polygon","coordinates":[[[-178.25,-5.647],[-178.25,-5.163],[-178.0,-5.201],[-177.794,-5.5],[-178.0,-5.657],[-178.25,-5.647]]]},"properties":{"hvalue":2.0,"color":"#6c99d2"}},{"type":"Feature","geometry":{"type":"Polygon","coordinates":[[[-177.25,-4.964],[-177.75,-4.791],[-178.25,-4.936],[-178.4,-4.75],[-178.251,-4.5],[-178.265,-4.25],[-178.745,-4.0],[-179.75,-4.108],[-180.0,-4.283],[-180.0,-1.98],[-179.25,-2.087],[-178.891,-2.0],[-178.5,-1.621],[-178.25,-1.718],[-177.805,-2.0],[-177.514,-2.75],[-177.508,-3.25],[-177.105,-3.75],[-177.354,-4.0],[-177.457,-4.25],[-177.25,-4.466],[-177.0,-4.456],[-176.75,-4.27],[-176.0,-4.169],[-175.75,-4.285],[-175.427,-4.75],[-175.5,-5.085],[-176.0,-5.399],[-176.75,-5.657],[-177.0,-6.118],[-177.25,-6.147],[-177.553,-6.0],[-177.613,-5.75],[-177.5,-5.528],[-177.25,-5.481],[-177.005,-5.25],[-177.25,-4.964]]]},"properties":{"hvalue":2.0,"color":"#6c99d2"}},{"type":"Feature","geometry":{"type":"Polygon","coordinates":[[[-177.103,51.647],[-177.0,51.75],[-176.925,51.675],[-177.0,51.667],[-177.103,51.647]]]},"properties":{"hvalue":2.0,"color":"#6c99d2"}},{"type":"Feature","geometry":{"type":"Polygon","coordinates":[[[-180.0,50.254],[-180.0,53.675],[-179.0,53.895],[-178.5,53.884],[-177.0,54.121],[-176.5,53.863],[-175.75,53.896],[-175.154,53.75],[-175.5,53.389],[-176.469,52.0],[-176.188,51.938],[-176.085,51.835],[-176.25,51.79],[-176.5,52.0],[-176.75,52.0],[-177.0,51.75],[-177.216,51.966],[-177.0,52.046],[-176.875,52.25],[-176.851,52.5],[-176.946,52.75],[-177.25,52.891],[-177.5,52.894],[-177.744,52.75],[-177.792,52.5],[-177.615,52.0],[-177.283,51.967],[-177.5,51.75],[-177.394,51.644],[-177.75,51.471],[-178.0,51.444],[-179.0,50.864],[-179.5,50.774],[-180.0,50.254]]]},"properties":{"hvalue":2.0,"color":"#6c99d2"}},{"type":"Feature","geometry":{"type":"Polygon","coordinates":[[[-175.0,52.511],[-174.983,52.25],[-174.75,52.199],[-174.25,52.158],[-174.0,52.296],[-173.25,52.227],[-173.087,52.25],[-173.097,52.5],[-172.75,52.919],[-172.5,52.891],[-172.389,52.75],[-172.5,52.686],[-172.54,52.46],[-172.744,52.244],[-173.0,52.155],[-175.25,52.13],[-175.5,52.079],[-175.891,51.859],[-175.25,52.515],[-175.0,52.511]]]},"properties":{"hvalue":2.0,"color":"#6c99d2"}},{"type":"Feature","geometry":{"type":"Polygon","coordinates":[[[-81.019,-73.731],[-81.0,-73.75],[-81.086,-73.75],[-81.019,-73.731]]]},"properties":{"hvalue":2.0,"color":"#6c99d2"}},{"type":"Feature","geometry":{"type":"Polygon","coordinates":[[[-81.75,-73.741],[-81.407,-73.75],[-81.791,-73.75],[-81.75,-73.741]]]},"properties":{"hvalue":2.0,"color":"#6c99d2"}},{"type":"Feature","geometry":{"type":"Polygon","coordinates":[[[-94.178,-72.5],[-94.75,-72.494],[-95.5,-72.5],[-95.413,-72.413],[-95.0,-72.366],[-94.178,-72.5]]]},"properties":{"hvalue":2.0,"color":"#6c99d2"}},{"type":"Feature","geometry":{"type":"Polygon","coordinates":[[[-125.75,-64.022],[-124.25,-63.639],[-122.75,-63.408],[-122.277,-63.5],[-122.097,-63.75],[-122.265,-64.0],[-122.5,-64.131],[-123.75,-64.579],[-125.75,-64.895],[-126.5,-64.852],[-126.915,-64.75],[-126.25,-64.229],[-125.75,-64.022]]]},"properties":{"hvalue":2.0,"color":"#6c99d2"}},{"type":"Feature","geometry":{"type":"Polygon","coordinates":[[[-124.049,-58.5],[-123.25,-57.671],[-122.25,-57.57],[-122.0,-57.615],[-121.5,-57.943],[-121.439,-58.0],[-121.451,-58.25],[-122.099,-58.75],[-122.5,-58.891],[-123.0,-58.933],[-123.25,-58.868],[-123.5,-58.639],[-124.049,-58.5]]]},"properties":{"hvalue":2.0,"color":"#6c99d2"}},{"type":"Feature","geometry":{"type":"Polygon","coordinates":[[[-86.555,-48.25],[-86.5,-48.175],[-86.417,-48.25],[-86.5,-48.281],[-86.555,-48.25]]]},"properties":{"hvalue":2.0,"color":"#6c99d2"}},{"type":"Feature","geometry":{"type":"Polygon","coordinates":[[[-89.25,-44.336],[-89.476,-44.25],[-89.25,-44.154],[-89.25,-44.336]]]},"properties":{"hvalue":2.0,"color":"#6c99d2"}},{"type":"Feature","geometry":{"type":"Polygon","coordinates":[[[-89.25,-43.691],[-89.649,-43.5],[-89.555,-43.25],[-89.25,-43.067],[-89.134,-43.5],[-89.25,-43.691]]]},"properties":{"hvalue":2.0,"color":"#6c99d2"}},{"type":"Feature","geometry":{"type":"Polygon","coordinates":[[[-82.0,-34.753],[-82.009,-34.75],[-81.957,-34.75],[-82.0,-34.753]]]},"properties":{"hvalue":2.0,"color":"#6c99d2"}},{"type":"Feature","geometry":{"type":"Polygon","coordinates":[[[-81.25,-31.826],[-80.75,-32.017],[-80.586,-32.25],[-80.544,-32.75],[-80.75,-32.957],[-81.0,-33.046],[-81.5,-32.967],[-81.647,-32.75],[-81.616,-32.25],[-81.473,-32.0],[-81.25,-31.826]]]},"properties":{"hvalue":2.0,"color":"#6c99d2"}},{"type":"Feature","geometry":{"type":"Polygon","coordinates":[[[-80.268,-30.0],[-80.25,-29.745],[-80.175,-29.75],[-79.999,-30.0],[-80.268,-30.0]]]},"properties":{"hvalue":2.0,"color":"#6c99d2"}},{"type":"Feature","geometry":{"type":"Polygon","coordinates":[[[-82.25,-26.283],[-82.273,-26.25],[-82.235,-26.25],[-82.25,-26.283]]]},"properties":{"hvalue":2.0,"color":"#6c99d2"}},{"type":"Feature","geometry":{"type":"Polygon","coordinates":[[[-81.485,-25.75],[-81.75,-25.67],[-81.799,-25.5],[-81.082,-25.5],[-81.485,-25.75]]]},"properties":{"hvalue":2.0,"color":"#6c99d2"}},{"type":"Feature","geometry":{"type":"Polygon","coordinates":[[[-107.25,-7.416],[-107.328,-7.25],[-107.0,-6.971],[-106.0,-7.011],[-105.75,-6.948],[-105.5,-6.695],[-105.25,-6.649],[-104.838,-7.0],[-104.646,-7.75],[-104.75,-8.057],[-105.5,-8.235],[-106.5,-7.879],[-106.75,-7.645],[-107.25,-7.416]]]},"properties":{"hvalue":2.0,"color":"#6c99d2"}},{"type":"Feature","geometry":{"type":"Polygon","coordinates":[[[-104.0,-2.541],[-103.737,-2.75],[-104.0,-2.941],[-104.191,-2.75],[-104.0,-2.541]]]},"properties":{"hvalue":2.0,"color":"#6c99d2"}},{"type":"Feature","geometry":{"type":"Polygon","coordinates":[[[-106.5,8.668],[-106.659,8.75],[-106.5,8.828],[-106.438,8.75],[-106.5,8.668]]]},"properties":{"hvalue":2.0,"color":"#6c99d2"}},{"type":"Feature","geometry":{"type":"Polygon","coordinates":[[[-107.0,9.301],[-106.898,9.25],[-106.827,9.0],[-107.0,8.773],[-107.165,9.0],[-107.0,9.301]]]},"properties":{"hvalue":2.0,"color":"#6c99d2"}},{"type":"Feature","geometry":{"type":"Polygon","coordinates":[[[-133.082,51.75],[-132.25,52.051],[-131.823,51.75],[-131.68,51.5],[-131.696,51.25],[-132.0,50.955],[-132.405,50.75],[-132.5,50.555],[-132.75,50.684],[-133.226,51.25],[-133.287,51.5],[-133.082,51.75]]]},"properties":{"hvalue":2.0,"color":"#6c99d2"}},{"type":"Feature","geometry":{"type":"Polygon","coordinates":[[[-81.75,56.752],[-84.25,57.422],[-84.917,57.75],[-86.5,58.989],[-86.685,59.5],[-86.862,59.75],[-87.5,60.187],[-87.72,60.5],[-87.857,61.25],[-87.832,61.5],[-87.75,61.762],[-87.563,62.0],[-86.878,62.25],[-86.664,62.5],[-85.75,62.487],[-85.25,62.764],[-83.742,62.758],[-83.944,62.5],[-84.0,62.25],[-83.75,62.0],[-82.5,61.828],[-80.5,61.893],[-80.0,61.5],[-79.5,61.368],[-78.25,61.47],[-78.0,61.405],[-77.951,61.25],[-78.25,61.0],[-78.196,60.946],[-78.438,60.938],[-78.5,61.0],[-78.75,60.75],[-78.5,60.5],[-78.435,60.565],[-77.976,60.5],[-77.77,60.0],[-78.0,59.714],[-78.25,59.587],[-79.75,59.946],[-79.911,59.911],[-80.0,60.0],[-80.667,59.5],[-80.67,59.0],[-80.5,58.81],[-79.752,58.5],[-79.51,58.25],[-79.418,58.0],[-79.75,57.832],[-80.25,57.265],[-81.0,56.783],[-81.25,56.739],[-81.75,56.752]]]},"properties":{"hvalue":2.0,"color":"#6c99d2"}},{"type":"Feature","geometry":{"type":"Polygon","coordinates":[[[-86.612,68.388],[-88.25,69.149],[-89.277,69.5],[-90.068,70.0],[-91.216,70.5],[-91.998,71.25],[-92.078,71.5],[-90.5,72.003],[-90.25,71.837],[-90.147,71.5],[-89.75,71.178],[-89.15,70.5],[-88.5,70.115],[-87.0,69.801],[-85.569,69.681],[-85.75,69.5],[-85.449,69.199],[-85.423,68.75],[-85.75,68.75],[-86.0,68.5],[-86.0,68.199],[-86.268,68.268],[-86.5,68.5],[-86.612,68.388]]]},"properties":{"hvalue":2.0,"color":"#6c99d2"}},{"type":"Feature","geometry":{"type":"Polygon","coordinates":[[[-59.539,-63.5],[-59.25,-63.464],[-59.203,-63.5],[-59.539,-63.5]]]},"properties":{"hvalue":2.0,"color":"#6c99d2"}},{"type":"Feature","geometry":{"type":"Polygon","coordinates":[[[-55.25,-62.889],[-55.223,-63.027],[-55.795,-63.0],[-55.25,-62.889]]]},"properties":{"hvalue":2.0,"color":"#6c99d2"}},{"type":"Feature","geometry":{"type":"Polygon","coordinates":[[[-57.803,-62.053],[-57.797,-61.953],[-57.71,-62.0],[-57.803,-62.053]]]},"properties":{"hvalue":2.0,"color":"#6c99d2"}},{"type":"Feature","geometry":{"type":"Polygon","coordinates":[[[-67.72,-55.72],[-68.114,-55.614],[-68.05,-55.55],[-67.526,-55.526],[-67.72,-55.72]]]},"properties":{"hvalue":2.0,"color":"#6c99d2"}},{"type":"Feature","geometry":{"type":"Polygon","coordinates":[[[-66.5,-55.25],[-66.285,-55.25],[-66.64,-55.5],[-66.843,-55.75],[-67.065,-55.815],[-67.0,-55.75],[-67.25,-55.5],[-66.5,-55.25]]]},"properties":{"hvalue":2.0,"color":"#6c99d2"}},{"type":"Feature","geometry":{"type":"Polygon","coordinates":[[[-66.194,-55.194],[-66.0,-55.0],[-65.837,-55.0],[-66.0,-55.077],[-66.194,-55.194]]]},"properties":{"hvalue":2.0,"color":"#6c99d2"}},{"type":"Feature","geometry":{"type":"Polygon","coordinates":[[[-71.75,-54.784],[-71.799,-54.75],[-71.713,-54.787],[-71.75,-54.784]]]},"properties":{"hvalue":2.0,"color":"#6c99d2"}},{"type":"Feature","geometry":{"type":"Polygon","coordinates":[[[-37.5,-54.386],[-37.63,-54.25],[-37.5,-54.25],[-37.321,-54.429],[-37.5,-54.386]]]},"properties":{"hvalue":2.0,"color":"#6c99d2"}},{"type":"Feature","geometry":{"type":"Polygon","coordinates":[[[-73.37,-54.0],[-72.754,-54.246],[-72.553,-54.447],[-73.0,-54.528],[-73.07,-54.25],[-73.563,-54.0],[-73.736,-53.75],[-73.513,-53.75],[-73.37,-54.0]]]},"properties":{"hvalue":2.0,"color":"#6c99d2"}},{"type":"Feature","geometry":{"type":"Polygon","coordinates":[[[-37.783,-53.783],[-38.0,-54.0],[-37.796,-54.204],[-38.0,-54.188],[-38.181,-54.0],[-38.0,-53.823],[-37.783,-53.783]]]},"properties":{"hvalue":2.0,"color":"#6c99d2"}},{"type":"Feature","geometry":{"type":"Polygon","coordinates":[[[-50.75,-46.879],[-50.416,-47.0],[-50.418,-47.25],[-50.607,-47.5],[-51.25,-47.714],[-51.5,-47.711],[-51.982,-47.5],[-51.769,-47.25],[-51.348,-47.0],[-50.75,-46.879]]]},"properties":{"hvalue":2.0,"color":"#6c99d2"}},{"type":"Feature","geometry":{"type":"Polygon","coordinates":[[[-58.378,-41.5],[-58.25,-41.335],[-57.947,-41.25],[-57.916,-41.5],[-58.0,-41.59],[-58.25,-41.664],[-58.378,-41.5]]]},"properties":{"hvalue":2.0,"color":"#6c99d2"}},{"type":"Feature","geometry":{"type":"Polygon","coordinates":[[[-74.75,-40.499],[-74.5,-40.362],[-74.25,-40.341],[-74.225,-40.5],[-74.25,-40.694],[-74.574,-41.25],[-74.402,-41.5],[-74.464,-41.75],[-75.0,-42.042],[-75.223,-41.75],[-75.139,-41.5],[-74.9,-41.25],[-74.923,-40.75],[-74.75,-40.499]]]},"properties":{"hvalue":2.0,"color":"#6c99d2"}},{"type":"Feature","geometry":{"type":"Polygon","coordinates":[[[-65.517,-54.5],[-66.831,-53.75],[-66.938,-53.5],[-66.577,-52.75],[-66.651,-52.5],[-66.454,-52.25],[-64.75,-51.107],[-63.069,-50.25],[-61.75,-49.165],[-61.25,-48.961],[-58.75,-48.419],[-58.043,-48.0],[-57.515,-47.5],[-57.336,-47.0],[-56.889,-46.5],[-56.853,-46.25],[-56.926,-45.75],[-57.146,-45.5],[-57.38,-45.0],[-57.47,-44.0],[-57.448,-43.75],[-57.24,-43.25],[-57.16,-42.5],[-56.097,-41.0],[-54.396,-39.5],[-54.25,-39.0],[-54.322,-38.5],[-54.278,-37.25],[-54.369,-36.75],[-54.25,-36.473],[-54.139,-35.75],[-53.584,-35.25],[-53.394,-35.0],[-53.396,-34.75],[-52.458,-33.75],[-51.161,-31.75],[-50.118,-30.5],[-49.75,-29.831],[-48.861,-28.75],[-48.555,-28.5],[-48.012,-27.25],[-48.186,-26.0],[-48.0,-25.477],[-47.306,-24.75],[-46.662,-24.25],[-46.25,-24.25],[-46.0,-24.0],[-45.5,-24.0],[-45.413,-23.913],[-45.25,-23.905],[-45.059,-23.75],[-44.979,-23.5],[-44.75,-23.5],[-44.441,-23.25],[-44.25,-23.25],[-44.163,-23.163],[-43.702,-23.048],[-43.534,-23.216],[-43.824,-23.25],[-44.25,-23.594],[-44.831,-24.25],[-45.5,-25.239],[-46.0,-25.534],[-46.5,-26.343],[-46.684,-27.0],[-46.5,-27.059],[-46.25,-26.859],[-45.75,-26.716],[-45.25,-26.885],[-45.0,-26.762],[-44.188,-25.75],[-43.75,-25.462],[-43.25,-25.321],[-43.0,-25.352],[-42.5,-25.832],[-42.376,-26.25],[-42.267,-27.25],[-42.5,-27.502],[-42.75,-27.618],[-43.0,-27.63],[-43.25,-27.441],[-43.293,-27.25],[-43.148,-27.0],[-43.25,-26.721],[-44.5,-27.508],[-44.75,-27.763],[-45.5,-28.892],[-45.75,-29.076],[-46.5,-28.819],[-46.75,-27.787],[-47.201,-28.75],[-47.75,-29.39],[-48.0,-29.807],[-48.324,-30.75],[-48.304,-31.0],[-48.0,-31.12],[-47.75,-31.077],[-47.328,-30.75],[-47.0,-30.223],[-46.75,-30.217],[-46.653,-31.0],[-47.032,-31.75],[-47.058,-32.25],[-46.548,-33.0],[-46.46,-33.5],[-45.576,-34.25],[-45.151,-34.75],[-44.939,-35.5],[-44.75,-35.773],[-44.25,-36.109],[-43.879,-36.25],[-43.5,-36.677],[-43.25,-36.668],[-43.167,-36.0],[-42.845,-35.25],[-42.5,-35.019],[-42.25,-34.956],[-42.0,-35.012],[-41.792,-35.25],[-41.698,-35.5],[-41.727,-36.0],[-41.899,-36.75],[-42.234,-37.25],[-42.381,-37.75],[-43.0,-38.456],[-43.5,-38.604],[-43.75,-38.631],[-44.043,-38.25],[-43.933,-37.75],[-44.0,-37.715],[-44.771,-38.25],[-44.539,-38.75],[-44.25,-38.866],[-43.75,-38.893],[-43.802,-39.25],[-44.25,-39.553],[-44.5,-39.58],[-45.0,-39.453],[-45.356,-39.25],[-45.532,-39.0],[-45.452,-38.5],[-45.135,-38.25],[-45.215,-38.0],[-45.012,-37.75],[-45.25,-37.739],[-45.963,-38.25],[-46.5,-38.28],[-47.0,-38.507],[-47.426,-38.5],[-48.0,-38.143],[-48.25,-38.15],[-48.5,-38.298],[-49.052,-39.0],[-49.75,-39.433],[-50.0,-39.534],[-51.25,-39.569],[-52.113,-40.25],[-52.333,-40.75],[-52.319,-41.0],[-52.5,-41.169],[-52.662,-41.5],[-53.75,-42.245],[-54.076,-42.75],[-54.103,-43.0],[-53.958,-43.25],[-53.959,-43.5],[-53.25,-44.27],[-53.038,-45.0],[-53.923,-45.75],[-53.745,-46.0],[-53.7,-46.25],[-54.632,-47.75],[-54.808,-48.25],[-55.731,-48.75],[-56.012,-49.25],[-57.246,-50.75],[-57.348,-51.0],[-57.029,-51.5],[-57.177,-51.75],[-57.75,-52.078],[-58.75,-52.468],[-59.75,-52.449],[-60.0,-52.319],[-60.5,-52.396],[-60.786,-52.25],[-59.78,-52.25],[-59.5,-52.321],[-58.75,-52.25],[-57.788,-51.75],[-57.585,-51.5],[-58.0,-51.25],[-60.5,-51.073],[-60.678,-51.25],[-60.766,-51.5],[-61.25,-51.668],[-61.314,-51.75],[-61.093,-51.843],[-61.228,-51.978],[-61.75,-51.622],[-63.349,-52.25],[-63.476,-52.5],[-62.962,-53.0],[-64.48,-53.75],[-64.427,-54.0],[-64.555,-54.25],[-64.5,-54.351],[-64.0,-54.318],[-63.75,-54.403],[-63.694,-54.5],[-63.75,-54.765],[-64.0,-54.893],[-64.25,-54.907],[-65.03,-54.78],[-65.25,-54.5],[-65.517,-54.5]]]},"properties":{"hvalue":2.0,"color":"#6c99d2"}},{"type":"Feature","geometry":{"type":"Polygon","coordinates":[[[-43.775,-33.75],[-44.567,-33.0],[-44.937,-32.25],[-44.932,-32.0],[-44.682,-31.5],[-44.5,-31.29],[-44.25,-31.25],[-43.971,-31.75],[-43.337,-32.5],[-43.074,-34.25],[-43.076,-34.5],[-43.25,-34.83],[-43.5,-34.876],[-43.61,-34.75],[-43.775,-33.75]]]},"properties":{"hvalue":2.0,"color":"#6c99d2"}},{"type":"Feature","geometry":{"type":"Polygon","coordinates":[[[-18.25,-32.085],[-19.742,-31.0],[-19.875,-30.75],[-19.88,-30.5],[-19.75,-30.36],[-19.0,-30.549],[-18.289,-31.0],[-17.916,-31.5],[-17.883,-31.75],[-18.0,-32.022],[-18.25,-32.085]]]},"properties":{"hvalue":2.0,"color":"#6c99d2"}},{"type":"Feature","geometry":{"type":"Polygon","coordinates":[[[-74.771,-27.5],[-74.25,-26.947],[-73.75,-26.602],[-73.25,-26.523],[-72.75,-26.19],[-72.508,-26.25],[-72.531,-26.5],[-72.795,-27.0],[-73.721,-27.75],[-74.25,-28.424],[-74.5,-28.433],[-74.679,-28.25],[-74.872,-27.75],[-74.771,-27.5]]]},"properties":{"hvalue":2.0,"color":"#6c99d2"}},{"type":"Feature","geometry":{"type":"Polygon","coordinates":[[[-40.847,-27.0],[-39.93,-26.75],[-39.751,-27.0],[-40.0,-27.264],[-40.75,-27.582],[-41.074,-27.5],[-41.077,-27.25],[-40.847,-27.0]]]},"properties":{"hvalue":2.0,"color":"#6c99d2"}},{"type":"Feature","geometry":{"type":"Polygon","coordinates":[[[-43.45,-23.2],[-43.25,-23.0],[-43.015,-23.0],[-43.25,-23.182],[-43.45,-23.2]]]},"properties":{"hvalue":2.0,"color":"#6c99d2"}},{"type":"Feature","geometry":{"type":"Polygon","coordinates":[[[-78.5,-14.936],[-78.75,-14.978],[-78.868,-14.75],[-78.891,-14.5],[-78.75,-14.091],[-78.5,-14.263],[-78.5,-14.936]]]},"properties":{"hvalue":2.0,"color":"#6c99d2"}},{"type":"Feature","geometry":{"type":"Polygon","coordinates":[[[-18.75,-10.756],[-17.913,-11.25],[-18.25,-11.492],[-19.0,-11.328],[-19.135,-11.25],[-19.235,-11.0],[-19.0,-10.769],[-18.75,-10.756]]]},"properties":{"hvalue":2.0,"color":"#6c99d2"}},{"type":"Feature","geometry":{"type":"Polygon","coordinates":[[[-53.097,10.0],[-53.0,10.27],[-51.25,10.404],[-50.395,10.25],[-50.142,10.0],[-50.25,9.714],[-50.75,9.449],[-51.0,9.159],[-51.25,9.009],[-51.5,9.051],[-52.361,9.5],[-53.097,10.0]]]},"properties":{"hvalue":2.0,"color":"#6c99d2"}},{"type":"Feature","geometry":{"type":"Polygon","coordinates":[[[-73.493,13.0],[-73.5,13.395],[-73.25,13.557],[-73.0,13.33],[-72.822,13.0],[-73.0,12.529],[-73.25,12.22],[-73.728,12.25],[-74.038,12.5],[-73.646,12.75],[-73.493,13.0]]]},"properties":{"hvalue":2.0,"color":"#6c99d2"}},{"type":"Feature","geometry":{"type":"Polygon","coordinates":[[[-54.75,13.296],[-54.0,13.264],[-53.5,13.393],[-53.25,13.57],[-52.5,13.871],[-51.5,14.08],[-51.348,14.0],[-51.385,13.75],[-51.75,13.262],[-52.5,12.928],[-53.5,12.721],[-54.5,12.759],[-55.059,13.0],[-54.75,13.296]]]},"properties":{"hvalue":2.0,"color":"#6c99d2"}},{"type":"Feature","geometry":{"type":"Polygon","coordinates":[[[-56.5,14.501],[-56.624,14.25],[-57.0,14.194],[-57.399,14.5],[-57.25,14.744],[-57.0,14.853],[-56.737,14.75],[-56.5,14.501]]]},"properties":{"hvalue":2.0,"color":"#6c99d2"}},{"type":"Feature","geometry":{"type":"Polygon","coordinates":[[[-45.737,14.0],[-46.743,15.0],[-46.864,15.5],[-47.0,15.609],[-47.26,15.5],[-47.419,15.0],[-47.5,14.96],[-47.75,14.967],[-47.978,15.25],[-48.25,15.345],[-48.709,15.25],[-48.765,15.0],[-48.673,14.75],[-48.75,14.536],[-49.301,14.75],[-49.531,15.25],[-50.0,15.46],[-50.5,15.505],[-51.0,15.864],[-51.339,16.0],[-51.75,15.996],[-52.0,15.891],[-52.491,16.25],[-52.334,16.5],[-51.678,17.0],[-51.186,17.25],[-50.99,17.5],[-50.901,18.0],[-51.0,18.049],[-51.251,18.5],[-51.286,18.75],[-51.117,19.0],[-50.5,19.08],[-50.0,18.874],[-49.875,18.75],[-50.0,18.373],[-50.322,18.25],[-50.534,18.0],[-50.25,17.961],[-50.051,17.75],[-50.077,17.5],[-49.866,17.25],[-49.86,17.0],[-49.75,16.859],[-49.5,16.732],[-49.25,16.715],[-49.057,17.0],[-49.081,17.5],[-49.0,17.8],[-48.75,17.93],[-48.25,17.881],[-47.729,18.25],[-47.5,18.307],[-47.406,18.25],[-47.297,18.0],[-47.379,17.75],[-46.5,17.418],[-46.25,17.419],[-46.0,17.589],[-45.75,17.647],[-45.588,17.75],[-45.75,17.947],[-46.121,18.0],[-46.25,18.434],[-46.5,18.498],[-46.75,18.362],[-47.246,18.5],[-46.75,18.762],[-46.5,18.501],[-45.75,18.59],[-45.466,19.0],[-45.167,19.25],[-44.0,19.773],[-43.75,19.838],[-42.25,19.602],[-41.25,19.169],[-40.5,19.252],[-40.0,19.17],[-39.5,19.302],[-39.25,19.454],[-38.25,20.41],[-38.0,20.556],[-37.75,20.556],[-37.25,20.794],[-36.75,20.917],[-36.0,21.326],[-35.5,21.741],[-35.25,22.033],[-35.056,22.5],[-35.09,23.0],[-34.928,23.5],[-34.25,24.147],[-32.5,24.98],[-32.0,25.488],[-31.637,26.0],[-31.34,26.25],[-30.002,26.75],[-28.75,27.832],[-27.5,28.186],[-26.25,29.181],[-25.25,29.381],[-24.75,29.667],[-23.999,30.25],[-23.0,30.668],[-22.25,31.154],[-21.5,31.432],[-20.25,32.536],[-18.75,33.55],[-18.25,33.804],[-17.75,33.923],[-17.25,34.303],[-16.75,34.346],[-16.563,34.5],[-16.548,34.75],[-16.418,35.0],[-15.75,35.442],[-15.25,36.077],[-14.5,36.423],[-13.75,36.933],[-12.25,37.593],[-11.142,38.25],[-10.978,38.5],[-11.0,38.752],[-10.802,39.0],[-10.5,39.131],[-10.0,39.193],[-9.969,39.0],[-9.412,38.0],[-9.222,37.0],[-8.741,36.25],[-9.246,35.25],[-10.5,34.438],[-11.077,33.75],[-11.75,33.116],[-11.94,32.75],[-12.473,32.25],[-12.75,31.358],[-13.0,31.236],[-13.5,31.236],[-13.75,31.152],[-13.904,31.0],[-14.226,30.25],[-14.5,29.906],[-14.75,29.751],[-15.25,29.644],[-15.75,29.226],[-16.0,29.242],[-16.5,28.937],[-17.0,29.251],[-17.25,29.321],[-17.75,29.3],[-18.0,29.195],[-18.351,28.5],[-18.351,28.25],[-18.25,28.129],[-18.0,28.067],[-17.75,28.124],[-17.65,28.0],[-17.75,27.537],[-17.75,27.75],[-18.0,28.0],[-18.25,27.75],[-18.197,27.697],[-18.364,27.5],[-18.25,27.2],[-18.0,27.27],[-17.75,27.458],[-17.5,27.002],[-17.25,27.042],[-17.0,26.957],[-16.5,27.084],[-16.25,27.696],[-16.139,27.5],[-16.13,27.0],[-15.75,26.695],[-15.479,26.25],[-15.705,25.0],[-16.436,23.5],[-16.68,22.5],[-17.178,21.75],[-17.25,20.946],[-17.75,19.899],[-18.23,19.25],[-18.5,19.043],[-19.0,18.899],[-20.0,18.778],[-20.75,18.81],[-21.25,18.969],[-21.75,19.022],[-22.75,18.884],[-23.5,18.945],[-24.75,18.701],[-27.25,17.274],[-28.25,17.018],[-30.25,15.937],[-31.25,15.605],[-31.75,15.344],[-32.139,15.0],[-32.228,14.5],[-32.384,14.25],[-33.0,13.752],[-33.436,14.0],[-33.452,14.75],[-33.75,14.896],[-34.0,14.99],[-34.75,15.021],[-35.0,15.125],[-36.0,15.131],[-36.5,15.444],[-37.0,15.58],[-38.1,15.5],[-38.25,15.555],[-38.5,15.949],[-38.762,16.0],[-38.75,16.276],[-39.0,16.229],[-39.75,16.461],[-40.0,16.727],[-40.5,17.052],[-41.0,16.699],[-41.25,16.705],[-41.491,16.25],[-41.611,15.75],[-42.066,15.0],[-42.653,14.25],[-43.0,13.96],[-43.25,13.877],[-43.75,13.885],[-44.5,13.597],[-44.75,13.59],[-45.305,13.75],[-45.737,14.0]]]},"properties":{"hvalue":2.0,"color":"#6c99d2"}},{"type":"Feature","geometry":{"type":"Polygon","coordinates":[[[-71.0,36.672],[-71.0,36.787],[-70.914,36.75],[-71.0,36.672]]]},"properties":{"hvalue":2.0,"color":"#6c99d2"}},{"type":"Feature","geometry":{"type":"Polygon","coordinates":[[[-41.235,43.0],[-41.0,43.202],[-40.164,43.0],[-40.095,42.75],[-40.159,42.5],[-40.342,42.25],[-40.233,41.75],[-40.5,41.434],[-40.621,41.5],[-40.7,41.75],[-40.617,42.25],[-41.19,42.75],[-41.235,43.0]]]},"properties":{"hvalue":2.0,"color":"#6c99d2"}},{"type":"Feature","geometry":{"type":"Polygon","coordinates":[[[-63.5,30.073],[-63.017,30.25],[-63.147,30.5],[-63.129,32.0],[-62.625,32.5],[-62.483,33.0],[-62.973,33.25],[-63.233,33.75],[-63.75,34.24],[-64.278,35.75],[-64.5,35.846],[-65.0,35.565],[-65.571,35.5],[-65.802,35.25],[-65.743,34.5],[-66.0,33.99],[-66.25,34.088],[-66.341,34.25],[-66.235,35.0],[-66.07,35.25],[-66.187,35.75],[-66.5,35.808],[-67.25,35.437],[-67.5,35.469],[-67.75,35.662],[-67.89,36.0],[-67.967,36.5],[-68.125,36.75],[-67.345,38.0],[-67.184,38.75],[-67.25,38.92],[-67.7,39.25],[-67.5,39.625],[-67.105,40.0],[-67.151,40.25],[-67.0,40.455],[-66.0,40.789],[-65.643,41.0],[-64.586,42.25],[-64.464,42.75],[-63.321,44.0],[-62.923,44.25],[-62.0,44.473],[-60.75,44.504],[-60.5,44.439],[-60.345,44.5],[-60.21,44.75],[-59.25,45.342],[-59.0,45.402],[-58.25,45.427],[-57.25,45.247],[-56.742,45.25],[-56.02,45.5],[-56.294,46.0],[-56.113,46.25],[-55.0,46.507],[-53.25,46.5],[-52.5,47.25],[-52.5,47.5],[-53.0,47.905],[-53.0,48.0],[-53.164,48.164],[-53.203,48.297],[-53.0,48.5],[-53.25,48.75],[-53.512,48.75],[-53.594,49.0],[-53.5,49.25],[-53.75,49.5],[-53.879,49.5],[-54.25,49.812],[-55.195,49.695],[-55.25,49.75],[-55.324,49.676],[-55.72,49.75],[-55.731,50.0],[-56.0,50.25],[-56.25,50.25],[-56.0,50.5],[-56.0,50.692],[-55.75,50.677],[-55.629,50.75],[-55.706,51.0],[-55.516,51.516],[-55.0,52.106],[-54.25,52.323],[-52.5,52.571],[-50.5,53.016],[-48.25,53.145],[-46.75,53.125],[-44.0,52.764],[-42.75,52.427],[-41.0,52.099],[-40.25,52.08],[-38.75,51.636],[-38.5,51.721],[-38.0,52.123],[-37.75,52.208],[-36.75,52.224],[-36.25,52.38],[-35.28,53.25],[-34.5,53.561],[-34.0,53.682],[-32.75,53.592],[-32.0,53.767],[-31.536,54.0],[-31.427,55.0],[-31.564,55.25],[-31.75,55.389],[-32.141,55.5],[-32.25,55.615],[-32.304,55.75],[-32.108,56.0],[-32.25,56.15],[-33.25,56.21],[-34.25,55.916],[-36.75,55.476],[-38.5,55.539],[-41.0,56.345],[-42.75,56.695],[-43.624,57.0],[-44.357,57.5],[-44.967,58.25],[-44.979,58.5],[-44.562,58.75],[-43.719,59.5],[-43.25,59.598],[-42.75,59.57],[-42.0,59.241],[-41.25,59.02],[-40.529,59.25],[-38.0,59.523],[-36.25,59.481],[-35.5,59.271],[-35.38,59.0],[-34.0,58.355],[-32.75,58.094],[-31.75,58.063],[-31.0,58.392],[-30.661,58.75],[-30.414,59.25],[-30.401,59.75],[-30.258,60.25],[-29.672,61.25],[-29.334,62.0],[-28.75,62.401],[-26.75,63.372],[-24.75,63.785],[-23.25,63.936],[-23.0,63.888],[-22.5,63.589],[-21.75,63.452],[-19.658,63.408],[-19.5,63.25],[-18.888,63.25],[-20.0,63.086],[-20.75,63.133],[-23.5,62.998],[-25.25,62.404],[-26.75,61.708],[-27.302,61.25],[-27.823,59.5],[-27.746,58.0],[-27.163,56.75],[-26.898,56.5],[-27.059,56.0],[-26.535,55.25],[-26.727,54.5],[-26.502,54.0],[-26.509,53.75],[-27.231,53.5],[-27.173,53.25],[-27.0,53.085],[-26.121,52.5],[-26.199,52.0],[-26.12,51.75],[-25.858,51.5],[-25.5,51.235],[-25.25,51.161],[-24.5,51.139],[-23.281,50.75],[-22.75,50.719],[-20.75,50.94],[-19.576,51.25],[-18.5,51.73],[-16.0,52.188],[-15.5,52.218],[-14.0,52.031],[-13.856,52.0],[-13.75,51.845],[-13.445,51.75],[-14.0,51.694],[-14.208,51.5],[-14.75,51.219],[-16.0,50.691],[-16.665,50.5],[-16.5,50.297],[-16.0,50.212],[-15.25,49.896],[-14.25,49.844],[-12.0,50.323],[-10.121,51.0],[-9.934,51.25],[-10.25,51.465],[-10.672,52.0],[-10.616,52.25],[-9.75,52.815],[-9.681,53.0],[-9.969,53.25],[-9.784,53.25],[-9.5,53.0],[-10.0,52.5],[-10.0,52.399],[-10.245,52.25],[-10.277,51.75],[-10.0,51.5],[-9.75,51.5],[-9.5,51.25],[-9.25,51.25],[-9.065,51.435],[-8.751,51.5],[-7.0,51.735],[-5.75,51.601],[-4.841,51.25],[-4.75,51.092],[-4.888,50.75],[-5.0,50.75],[-5.284,50.466],[-5.5,50.406],[-5.75,50.19],[-6.25,50.107],[-6.354,50.0],[-6.25,49.885],[-5.186,49.75],[-4.833,49.5],[-4.832,49.25],[-4.964,49.0],[-5.5,48.165],[-5.75,47.975],[-6.811,47.5],[-6.142,47.0],[-5.403,46.75],[-5.193,46.5],[-5.25,46.47],[-6.163,46.25],[-7.75,46.118],[-9.25,45.829],[-13.0,44.441],[-14.75,44.009],[-15.0,43.995],[-16.108,44.25],[-16.5,44.433],[-17.0,44.305],[-18.0,44.206],[-18.5,44.329],[-19.0,44.238],[-19.75,44.248],[-20.477,44.0],[-21.0,43.641],[-21.5,43.426],[-22.0,43.357],[-22.5,43.448],[-23.0,43.409],[-24.0,43.041],[-25.329,42.75],[-26.145,42.25],[-27.25,42.007],[-28.75,42.125],[-29.205,42.5],[-29.228,42.75],[-28.845,43.25],[-28.478,43.5],[-27.75,43.782],[-27.5,43.655],[-27.25,43.665],[-26.698,44.25],[-27.011,44.25],[-27.25,44.07],[-27.904,44.0],[-28.0,43.861],[-28.768,44.0],[-28.992,44.25],[-28.845,44.5],[-28.0,45.049],[-24.75,45.808],[-23.0,46.379],[-20.75,46.81],[-19.5,46.907],[-18.5,46.829],[-17.983,46.5],[-17.5,45.795],[-16.75,45.546],[-16.25,45.645],[-15.5,46.06],[-15.21,46.25],[-15.241,46.5],[-15.561,47.0],[-15.862,47.25],[-16.007,47.5],[-16.25,47.644],[-16.556,47.75],[-17.75,47.86],[-18.75,47.768],[-19.0,47.853],[-19.25,48.069],[-19.427,48.25],[-19.39,48.5],[-19.75,48.676],[-22.25,48.746],[-23.75,48.974],[-24.5,48.914],[-26.0,49.154],[-27.25,48.988],[-29.75,48.939],[-30.75,48.473],[-31.5,48.65],[-32.75,48.636],[-33.25,48.346],[-34.5,48.32],[-35.25,48.156],[-36.144,47.75],[-36.229,47.25],[-35.918,46.75],[-35.938,46.25],[-35.833,46.0],[-35.027,45.25],[-35.0,44.795],[-36.25,44.536],[-37.25,43.694],[-37.768,43.5],[-38.032,43.25],[-37.911,42.25],[-38.0,42.0],[-38.25,42.199],[-38.635,42.75],[-39.304,43.25],[-38.88,43.75],[-38.879,44.0],[-39.0,44.176],[-40.0,44.71],[-41.25,44.768],[-42.75,44.421],[-43.75,44.515],[-44.0,44.423],[-44.161,44.25],[-44.562,43.5],[-44.562,43.25],[-44.75,43.097],[-45.234,43.0],[-45.361,42.75],[-45.155,42.5],[-45.373,42.0],[-45.285,41.0],[-45.0,40.804],[-44.719,40.75],[-45.221,40.25],[-45.203,40.0],[-44.641,39.75],[-44.635,39.5],[-45.0,39.053],[-45.775,38.75],[-46.041,38.5],[-45.673,38.25],[-45.597,38.0],[-45.661,37.75],[-46.25,36.499],[-47.0,35.859],[-47.422,35.75],[-47.321,35.25],[-47.523,34.5],[-48.25,34.154],[-49.0,33.661],[-51.0,33.073],[-51.731,32.75],[-52.377,32.25],[-52.762,31.75],[-54.097,31.5],[-55.5,30.728],[-56.25,30.59],[-57.055,30.25],[-58.0,30.053],[-58.75,29.702],[-60.0,29.571],[-60.5,29.625],[-61.75,29.551],[-62.0,29.627],[-62.75,29.401],[-63.513,30.0],[-63.5,30.073]]]},"properties":{"hvalue":2.0,"color":"#6c99d2"}},{"type":"Feature","geometry":{"type":"Polygon","coordinates":[[[-60.5,47.25],[-61.5,46.415],[-61.75,46.401],[-62.25,46.495],[-63.25,46.5],[-63.5,46.75],[-63.57,46.68],[-63.75,46.686],[-64.0,47.0],[-64.25,47.0],[-64.5,46.816],[-64.75,46.974],[-64.794,47.25],[-64.439,47.75],[-64.398,48.25],[-64.25,48.25],[-64.0,48.545],[-62.0,48.912],[-61.75,49.0],[-61.5,49.25],[-61.75,49.5],[-62.25,49.5],[-62.407,49.657],[-62.19,49.75],[-60.75,49.894],[-60.0,50.055],[-58.474,50.75],[-58.0,50.822],[-57.75,50.767],[-58.28,49.75],[-58.95,49.0],[-59.078,48.75],[-59.431,48.5],[-59.591,47.75],[-59.25,47.349],[-57.801,46.75],[-59.0,46.151],[-59.5,46.073],[-60.061,46.311],[-60.25,46.5],[-60.25,47.0],[-60.5,47.25]]]},"properties":{"hvalue":2.0,"color":"#6c99d2"}},{"type":"Feature","geometry":{"type":"Polygon","coordinates":[[[-80.321,64.25],[-81.0,64.821],[-81.5,65.142],[-81.707,65.5],[-81.678,65.75],[-81.499,66.0],[-81.12,66.25],[-80.904,66.5],[-80.737,67.0],[-80.844,67.25],[-81.055,67.445],[-81.0,67.5],[-81.25,67.75],[-81.682,67.75],[-81.763,68.0],[-81.596,68.25],[-81.119,68.5],[-81.036,68.75],[-81.114,69.25],[-81.05,69.55],[-81.0,69.5],[-80.75,69.598],[-80.5,69.584],[-80.25,69.411],[-80.0,69.372],[-79.0,69.54],[-78.75,69.442],[-78.633,69.367],[-78.75,69.25],[-78.623,69.123],[-78.905,69.155],[-79.0,69.25],[-79.25,69.0],[-79.0,68.75],[-78.5,68.842],[-78.142,69.0],[-77.75,69.34],[-77.415,69.0],[-76.715,68.785],[-76.5,68.5],[-76.699,68.301],[-77.0,68.25],[-77.5,67.75],[-76.75,67.0],[-76.5,67.0],[-76.431,67.069],[-74.5,67.036],[-73.489,66.75],[-73.75,66.5],[-74.0,66.5],[-74.47,66.25],[-74.5,66.0],[-74.25,65.75],[-74.29,65.71],[-74.713,65.75],[-75.5,66.042],[-75.75,66.052],[-77.5,65.652],[-77.843,65.25],[-78.0,65.25],[-78.25,65.0],[-78.271,64.5],[-78.106,64.25],[-78.25,63.949],[-78.75,63.919],[-79.5,64.021],[-80.321,64.25]]]},"properties":{"hvalue":2.0,"color":"#6c99d2"}},{"type":"Feature","geometry":{"type":"Polygon","coordinates":[[[-54.698,66.5],[-56.578,67.75],[-56.796,68.0],[-56.696,68.25],[-56.445,68.5],[-55.532,69.0],[-55.0,69.153],[-53.752,69.252],[-53.429,69.0],[-53.458,68.75],[-53.758,68.25],[-53.752,67.498],[-54.0,67.25],[-53.749,66.999],[-53.75,66.457],[-54.0,66.304],[-54.25,66.307],[-54.698,66.5]]]},"properties":{"hvalue":2.0,"color":"#6c99d2"}},{"type":"Feature","geometry":{"type":"Polygon","coordinates":[[[-75.683,68.5],[-76.25,68.5],[-76.5,68.5],[-76.417,68.583],[-75.683,68.5]]]},"properties":{"hvalue":2.0,"color":"#6c99d2"}},{"type":"Feature","geometry":{"type":"Polygon","coordinates":[[[-65.712,70.25],[-65.759,70.75],[-65.953,71.0],[-66.75,71.337],[-68.75,71.488],[-70.633,71.5],[-71.653,71.653],[-71.75,71.75],[-72.589,71.75],[-73.569,72.0],[-75.25,72.75],[-75.413,72.75],[-76.145,73.25],[-76.75,73.5],[-77.306,73.556],[-77.5,73.75],[-80.75,73.75],[-80.816,73.684],[-81.193,73.693],[-81.25,73.75],[-82.25,73.75],[-82.5,74.0],[-82.75,73.75],[-83.802,73.698],[-84.892,73.892],[-85.0,74.0],[-87.0,74.0],[-87.25,73.75],[-88.25,73.75],[-88.51,73.5],[-88.75,73.537],[-90.0,74.168],[-91.905,74.25],[-90.25,74.391],[-88.332,74.332],[-88.25,74.25],[-86.0,74.235],[-82.128,74.378],[-82.0,74.25],[-81.891,74.359],[-81.25,74.378],[-78.5,74.291],[-78.218,74.5],[-78.291,75.0],[-78.644,75.25],[-79.5,75.598],[-80.0,75.75],[-80.257,75.75],[-80.0,75.874],[-79.638,75.888],[-79.5,75.75],[-79.41,75.84],[-77.75,75.833],[-77.0,75.956],[-76.921,76.0],[-76.776,77.0],[-75.983,77.75],[-75.0,78.002],[-74.0,78.058],[-73.743,78.0],[-73.788,77.75],[-73.612,77.5],[-72.753,77.25],[-71.75,76.8],[-70.5,76.438],[-69.25,76.281],[-69.0,76.0],[-67.75,76.0],[-67.594,75.844],[-69.25,75.983],[-71.75,75.377],[-73.25,75.742],[-74.0,75.681],[-74.478,75.5],[-74.68,75.25],[-74.457,74.75],[-74.153,74.5],[-73.75,74.334],[-71.75,73.851],[-70.0,73.568],[-68.75,73.671],[-68.476,73.75],[-68.319,74.0],[-70.0,74.358],[-70.86,74.75],[-70.75,74.965],[-70.25,74.984],[-68.659,74.75],[-68.225,74.5],[-68.25,74.185],[-68.0,74.046],[-65.5,74.094],[-64.682,74.25],[-64.397,74.5],[-64.382,74.75],[-64.643,75.0],[-65.25,75.334],[-66.0,75.604],[-66.74,75.76],[-66.5,76.0],[-66.0,76.0],[-65.75,75.75],[-65.5,75.75],[-65.31,75.94],[-64.75,76.0],[-64.656,76.094],[-64.101,76.101],[-64.0,76.0],[-63.75,76.0],[-63.604,76.146],[-63.0,76.137],[-62.882,76.132],[-62.75,76.0],[-61.365,76.0],[-60.0,75.75],[-59.615,75.75],[-59.0,75.526],[-58.522,75.25],[-58.0,74.66],[-57.469,74.531],[-57.172,74.0],[-57.198,73.75],[-56.75,73.302],[-56.438,72.75],[-56.5,72.606],[-56.893,72.25],[-57.041,72.0],[-57.047,71.75],[-57.5,71.125],[-58.0,70.791],[-58.5,70.625],[-59.25,70.474],[-60.75,70.362],[-61.75,70.19],[-64.25,69.986],[-65.5,70.176],[-65.712,70.25]]]},"properties":{"hvalue":2.0,"color":"#6c99d2"}},{"type":"Feature","geometry":{"type":"Polygon","coordinates":[[[3.5,-54.537],[3.5,-54.462],[3.574,-54.5],[3.5,-54.537]]]},"properties":{"hvalue":2.0,"color":"#6c99d2"}},{"type":"Feature","geometry":{"type":"Polygon","coordinates":[[[-3.599,-51.25],[-3.5,-51.11],[-3.25,-51.101],[-2.833,-51.25],[-3.0,-51.396],[-3.599,-51.25]]]},"properties":{"hvalue":2.0,"color":"#6c99d2"}},{"type":"Feature","geometry":{"type":"Polygon","coordinates":[[[-15.25,-53.362],[-18.25,-51.585],[-21.0,-50.493],[-22.75,-49.547],[-23.0,-49.47],[-23.5,-49.663],[-23.75,-49.649],[-24.25,-49.513],[-24.5,-49.266],[-24.75,-49.204],[-25.5,-49.291],[-25.817,-49.25],[-25.982,-49.0],[-25.833,-48.75],[-25.86,-48.5],[-26.233,-48.0],[-26.5,-47.726],[-27.5,-47.192],[-28.25,-47.061],[-28.5,-47.278],[-29.0,-47.321],[-30.0,-47.01],[-30.084,-46.25],[-30.25,-46.0],[-30.026,-45.75],[-29.995,-45.5],[-30.193,-45.25],[-29.773,-44.75],[-30.107,-44.25],[-30.0,-44.072],[-29.701,-43.75],[-28.715,-43.25],[-28.331,-42.75],[-28.026,-42.5],[-27.75,-42.485],[-27.044,-42.75],[-26.75,-43.017],[-26.0,-43.203],[-25.25,-43.603],[-23.723,-44.0],[-22.75,-44.384],[-21.5,-45.147],[-20.75,-45.221],[-20.0,-45.029],[-19.75,-45.062],[-19.0,-45.519],[-18.75,-45.424],[-18.659,-45.25],[-18.5,-44.432],[-18.25,-44.154],[-17.75,-43.946],[-16.25,-44.317],[-16.0,-44.178],[-15.75,-44.149],[-14.75,-44.433],[-14.25,-44.497],[-13.5,-44.842],[-13.25,-44.88],[-12.75,-44.721],[-12.25,-44.67],[-10.75,-44.772],[-9.5,-44.56],[-8.75,-44.908],[-8.25,-44.714],[-7.75,-44.795],[-7.25,-44.438],[-6.5,-44.3],[-5.947,-44.5],[-5.75,-44.982],[-5.5,-44.849],[-5.296,-44.5],[-5.0,-44.327],[-4.5,-44.498],[-4.231,-44.75],[-4.057,-45.0],[-4.364,-45.25],[-4.75,-45.385],[-5.25,-45.444],[-5.708,-45.25],[-5.75,-45.071],[-5.935,-45.25],[-6.745,-45.5],[-6.658,-45.75],[-6.5,-45.886],[-5.25,-46.128],[-4.365,-46.5],[-4.282,-46.75],[-6.0,-47.07],[-6.5,-46.74],[-7.0,-46.702],[-7.25,-46.815],[-7.412,-47.0],[-7.472,-47.75],[-6.623,-48.25],[-5.515,-48.75],[-5.427,-49.0],[-5.448,-49.25],[-5.75,-49.716],[-5.987,-49.75],[-4.75,-49.945],[-3.727,-50.25],[-3.776,-50.5],[-4.0,-50.587],[-4.75,-50.589],[-5.5,-50.432],[-5.807,-50.5],[-5.916,-50.75],[-5.795,-51.0],[-5.76,-51.5],[-6.181,-51.75],[-6.198,-52.0],[-5.75,-52.282],[-5.25,-52.397],[-4.75,-52.39],[-4.378,-52.5],[-4.102,-53.0],[-4.25,-53.134],[-4.5,-53.195],[-5.5,-52.945],[-7.0,-53.138],[-7.146,-53.25],[-7.076,-53.5],[-7.28,-53.75],[-7.5,-53.807],[-8.5,-53.576],[-9.25,-53.205],[-9.5,-53.161],[-9.795,-53.25],[-9.75,-53.508],[-9.439,-53.75],[-10.25,-54.108],[-12.0,-54.0],[-12.5,-54.247],[-14.25,-53.859],[-15.25,-53.362]]]},"properties":{"hvalue":2.0,"color":"#6c99d2"}},{"type":"Feature","geometry":{"type":"Polygon","coordinates":[[[19.0,-41.119],[19.312,-41.25],[19.25,-41.479],[19.0,-41.484],[18.855,-41.25],[19.0,-41.119]]]},"properties":{"hvalue":2.0,"color":"#6c99d2"}},{"type":"Feature","geometry":{"type":"Polygon","coordinates":[[[26.75,-40.736],[27.0,-40.447],[27.25,-40.316],[27.75,-40.237],[28.169,-40.5],[28.278,-40.75],[28.272,-41.0],[27.996,-41.5],[27.68,-41.75],[27.0,-42.025],[26.75,-42.002],[26.869,-41.25],[26.75,-40.736]]]},"properties":{"hvalue":2.0,"color":"#6c99d2"}},{"type":"Feature","geometry":{"type":"Polygon","coordinates":[[[-9.5,-42.396],[-9.75,-42.481],[-10.0,-42.446],[-10.199,-42.25],[-9.855,-42.0],[-9.807,-41.75],[-10.144,-41.0],[-10.134,-40.75],[-10.432,-40.25],[-11.25,-39.648],[-12.0,-39.27],[-12.25,-39.05],[-12.635,-38.5],[-12.746,-38.25],[-12.727,-38.0],[-12.513,-37.75],[-12.52,-37.5],[-12.403,-37.25],[-12.25,-37.159],[-12.105,-37.25],[-12.139,-37.75],[-12.0,-37.871],[-10.5,-38.478],[-9.5,-39.148],[-8.5,-39.607],[-7.0,-39.958],[-6.188,-40.0],[-3.75,-40.54],[-0.851,-40.75],[-0.334,-41.0],[-0.141,-41.25],[-0.5,-41.429],[-1.25,-41.471],[-2.75,-41.868],[-4.0,-42.006],[-4.75,-42.242],[-5.25,-42.552],[-5.5,-42.544],[-6.75,-42.164],[-7.25,-42.21],[-8.0,-42.541],[-8.25,-42.559],[-9.25,-42.164],[-9.5,-42.396]]]},"properties":{"hvalue":2.0,"color":"#6c99d2"}},{"type":"Feature","geometry":{"type":"Polygon","coordinates":[[[22.0,-34.25],[23.798,-34.25],[22.5,-34.375],[21.927,-34.5],[21.0,-34.845],[20.001,-34.999],[20.25,-34.75],[20.5,-34.75],[20.75,-34.5],[21.75,-34.5],[22.0,-34.25]]]},"properties":{"hvalue":2.0,"color":"#6c99d2"}},{"type":"Feature","geometry":{"type":"Polygon","coordinates":[[[24.811,-34.189],[25.0,-34.0],[25.197,-34.197],[25.0,-34.212],[24.811,-34.189]]]},"properties":{"hvalue":2.0,"color":"#6c99d2"}},{"type":"Feature","geometry":{"type":"Polygon","coordinates":[[[25.662,-34.088],[26.0,-33.75],[26.131,-33.881],[26.0,-33.91],[25.662,-34.088]]]},"properties":{"hvalue":2.0,"color":"#6c99d2"}},{"type":"Feature","geometry":{"type":"Polygon","coordinates":[[[31.75,-29.0],[31.861,-29.0],[31.5,-29.318],[31.5,-29.25],[31.75,-29.0]]]},"properties":{"hvalue":2.0,"color":"#6c99d2"}},{"type":"Feature","geometry":{"type":"Polygon","coordinates":[[[-8.75,-28.517],[-8.75,-28.453],[-8.5,-28.381],[-7.75,-28.329],[-6.48,-28.75],[-6.087,-29.0],[-6.75,-29.102],[-7.75,-28.953],[-8.25,-28.821],[-8.75,-28.517]]]},"properties":{"hvalue":2.0,"color":"#6c99d2"}},{"type":"Feature","geometry":{"type":"Polygon","coordinates":[[[-9.5,-28.236],[-9.75,-28.301],[-9.822,-28.25],[-9.75,-28.111],[-9.5,-28.236]]]},"properties":{"hvalue":2.0,"color":"#6c99d2"}},{"type":"Feature","geometry":{"type":"Polygon","coordinates":[[[19.5,-47.936],[19.0,-47.922],[18.5,-48.225],[18.25,-48.247],[16.75,-47.923],[15.5,-47.766],[13.5,-47.159],[10.75,-45.991],[8.75,-44.796],[7.408,-44.25],[6.063,-43.25],[3.844,-42.75],[1.183,-41.5],[2.494,-41.25],[2.544,-41.0],[2.445,-40.75],[2.217,-40.5],[1.386,-39.75],[1.182,-39.25],[0.5,-38.898],[-0.606,-38.5],[-2.234,-36.75],[-2.789,-36.5],[-3.5,-35.987],[-4.25,-35.78],[-5.0,-35.308],[-6.0,-33.952],[-7.0,-33.311],[-7.823,-33.0],[-8.061,-32.75],[-8.353,-32.25],[-8.75,-31.995],[-9.25,-31.911],[-9.627,-31.75],[-10.5,-31.651],[-10.75,-31.538],[-11.75,-31.437],[-13.25,-30.667],[-13.75,-30.265],[-14.342,-30.0],[-14.75,-29.695],[-16.5,-29.317],[-17.5,-28.682],[-18.5,-28.353],[-20.0,-28.244],[-20.008,-28.5],[-20.238,-29.0],[-20.225,-29.5],[-20.5,-29.614],[-22.0,-29.389],[-23.687,-29.0],[-25.75,-28.749],[-26.75,-28.438],[-27.702,-28.25],[-30.25,-28.124],[-31.0,-27.952],[-32.75,-27.817],[-33.75,-27.573],[-34.002,-27.5],[-34.25,-27.187],[-34.326,-27.0],[-34.338,-26.25],[-34.5,-25.94],[-35.75,-25.078],[-36.547,-24.25],[-37.0,-23.912],[-39.0,-23.031],[-39.5,-22.995],[-39.717,-22.75],[-39.581,-22.25],[-39.75,-21.888],[-40.0,-21.904],[-40.25,-22.238],[-40.75,-22.414],[-41.25,-22.792],[-42.0,-23.104],[-42.14,-23.0],[-42.0,-23.0],[-41.706,-22.75],[-41.433,-22.25],[-41.0,-22.25],[-40.75,-22.0],[-40.816,-21.934],[-40.542,-21.5],[-40.323,-20.75],[-40.0,-20.25],[-40.0,-20.0],[-39.5,-19.5],[-39.5,-18.244],[-39.0,-17.97],[-38.727,-18.0],[-38.728,-17.75],[-39.0,-17.269],[-38.75,-17.219],[-37.819,-17.75],[-37.0,-18.431],[-35.459,-19.5],[-35.0,-19.932],[-34.472,-20.25],[-33.266,-21.5],[-32.594,-22.75],[-31.281,-23.75],[-30.75,-24.128],[-29.5,-24.417],[-28.25,-25.044],[-27.0,-25.232],[-26.75,-25.109],[-26.5,-24.601],[-26.25,-24.401],[-26.0,-24.278],[-25.5,-24.261],[-24.0,-24.595],[-22.5,-24.465],[-20.75,-25.123],[-19.75,-25.302],[-19.25,-25.239],[-18.25,-25.311],[-17.5,-25.582],[-16.25,-26.278],[-14.0,-26.971],[-12.5,-27.819],[-11.169,-28.25],[-10.38,-28.75],[-10.0,-28.899],[-8.932,-29.75],[-7.75,-30.516],[-7.0,-30.789],[-6.75,-30.805],[-6.5,-30.638],[-6.25,-30.581],[-4.632,-31.25],[-3.25,-31.462],[-1.038,-32.0],[-1.493,-32.25],[-1.448,-32.5],[-1.0,-32.759],[-0.513,-32.5],[-0.582,-32.25],[-0.5,-32.215],[0.0,-32.22],[1.5,-31.929],[1.861,-31.75],[1.634,-31.0],[1.345,-30.5],[0.5,-29.772],[0.0,-29.736],[-0.25,-29.528],[-0.5,-29.44],[-1.25,-29.413],[-1.438,-29.5],[-0.99,-30.0],[-1.046,-30.25],[-1.5,-30.284],[-2.539,-30.0],[-3.75,-29.319],[-5.198,-29.0],[-5.398,-28.75],[-5.248,-28.5],[-4.765,-28.25],[-4.766,-28.0],[-5.75,-27.37],[-8.0,-26.548],[-8.639,-26.0],[-9.118,-25.25],[-9.999,-24.5],[-10.173,-24.25],[-9.5,-24.145],[-9.25,-24.03],[-9.025,-23.75],[-8.997,-23.5],[-9.955,-23.0],[-9.75,-22.8],[-9.573,-22.75],[-9.485,-22.5],[-9.95,-22.0],[-9.835,-21.5],[-9.884,-21.25],[-10.219,-20.75],[-10.75,-20.335],[-11.23,-19.5],[-11.857,-18.75],[-11.908,-18.5],[-11.639,-18.0],[-11.537,-17.5],[-11.252,-17.25],[-11.355,-17.0],[-11.498,-16.75],[-12.209,-16.25],[-12.406,-16.0],[-12.5,-15.71],[-13.0,-15.332],[-13.5,-15.271],[-14.0,-15.435],[-14.25,-15.431],[-14.5,-15.286],[-14.5,-14.976],[-14.155,-14.5],[-14.25,-14.427],[-14.5,-14.411],[-15.0,-14.72],[-15.5,-14.558],[-16.065,-13.5],[-16.019,-13.0],[-15.749,-12.5],[-15.694,-12.0],[-15.523,-11.5],[-15.264,-11.25],[-15.189,-11.0],[-15.218,-10.75],[-15.416,-10.5],[-15.25,-10.261],[-15.0,-10.179],[-14.75,-10.197],[-14.25,-10.011],[-13.75,-9.56],[-13.197,-9.25],[-13.0,-8.965],[-12.75,-8.856],[-12.25,-8.986],[-11.75,-8.891],[-11.25,-8.899],[-10.812,-8.75],[-10.5,-8.317],[-10.0,-7.872],[-9.242,-7.75],[-8.0,-7.058],[-7.676,-7.0],[-7.609,-6.75],[-8.055,-6.5],[-7.976,-6.25],[-7.25,-5.94],[-6.827,-6.0],[-6.591,-6.25],[-6.0,-6.478],[-5.5,-6.874],[-3.25,-7.737],[-2.346,-8.75],[-2.0,-9.023],[-1.75,-9.094],[-1.25,-9.074],[-0.5,-9.384],[-0.25,-9.363],[0.0,-9.474],[0.157,-9.75],[0.5,-9.968],[0.739,-9.75],[0.75,-9.622],[1.0,-9.671],[1.579,-10.5],[2.0,-10.784],[2.096,-10.75],[2.25,-10.622],[2.5,-9.974],[2.904,-9.75],[3.071,-9.5],[3.25,-9.412],[3.5,-9.529],[3.75,-9.273],[3.814,-9.0],[3.645,-8.25],[3.75,-7.718],[4.0,-7.584],[4.25,-7.703],[5.0,-8.732],[5.25,-8.889],[5.34,-8.75],[5.756,-7.25],[5.629,-5.5],[5.672,-5.0],[5.75,-4.781],[6.0,-4.673],[6.25,-4.899],[6.58,-5.5],[6.809,-6.25],[6.948,-8.25],[7.546,-11.5],[7.633,-13.0],[7.521,-14.25],[7.852,-15.5],[8.104,-16.0],[8.492,-16.5],[8.809,-17.5],[9.216,-20.25],[9.942,-21.5],[10.75,-22.25],[12.0,-22.648],[12.5,-22.883],[12.75,-23.096],[13.514,-24.25],[13.78,-25.0],[14.134,-25.5],[14.333,-26.25],[14.75,-26.787],[15.291,-28.0],[15.75,-28.424],[16.056,-29.0],[16.75,-29.671],[17.438,-31.0],[17.553,-31.25],[17.734,-32.25],[17.75,-33.0],[18.014,-33.264],[18.25,-33.703],[18.24,-34.0],[18.345,-34.25],[18.5,-34.388],[18.75,-34.356],[19.0,-34.5],[19.25,-34.5],[19.75,-35.0],[19.981,-35.0],[19.75,-35.027],[19.0,-34.983],[17.25,-34.795],[17.0,-34.93],[16.262,-35.75],[16.0,-35.855],[15.364,-35.75],[15.561,-35.5],[15.5,-35.072],[15.25,-35.284],[15.202,-35.75],[14.887,-36.0],[15.5,-36.164],[15.934,-36.5],[15.7,-36.75],[14.75,-36.862],[14.425,-37.0],[14.207,-37.5],[14.275,-37.75],[13.75,-38.291],[13.513,-38.75],[13.474,-39.0],[14.5,-39.632],[14.75,-39.692],[15.25,-39.613],[15.5,-39.654],[16.356,-40.0],[16.5,-40.143],[16.5,-40.389],[16.25,-40.636],[15.943,-40.75],[17.003,-41.75],[17.75,-42.224],[18.0,-42.25],[18.5,-42.103],[18.898,-41.75],[19.0,-41.522],[19.75,-41.624],[20.084,-41.75],[20.163,-42.0],[20.109,-42.25],[20.5,-42.724],[21.725,-43.25],[22.25,-43.701],[24.25,-43.972],[24.75,-44.386],[25.5,-44.528],[26.388,-45.0],[26.316,-45.25],[26.0,-45.418],[24.948,-45.75],[25.285,-46.25],[25.086,-46.75],[25.105,-47.0],[24.5,-47.316],[24.25,-47.598],[23.667,-47.75],[23.72,-48.0],[23.5,-48.104],[22.75,-48.328],[21.5,-48.272],[21.25,-48.342],[21.0,-48.32],[20.75,-48.135],[20.0,-48.091],[19.5,-47.936]]]},"properties":{"hvalue":2.0,"color":"#6c99d2"}},{"type":"Feature","geometry":{"type":"Polygon","coordinates":[[[33.007,-26.75],[33.192,-26.25],[33.238,-25.512],[33.5,-25.25],[34.0,-25.25],[34.25,-25.0],[34.75,-25.0],[35.5,-24.25],[35.553,-23.75],[35.5,-23.5],[35.75,-23.25],[35.75,-22.25],[35.653,-22.153],[35.75,-21.751],[36.023,-21.25],[36.5,-19.748],[36.743,-19.25],[37.0,-18.939],[37.426,-18.0],[38.0,-17.522],[38.5,-17.267],[39.0,-17.25],[39.516,-16.734],[39.75,-16.664],[40.0,-16.464],[40.951,-15.25],[41.25,-14.549],[41.5,-14.562],[41.75,-15.23],[42.25,-15.532],[42.5,-15.824],[42.644,-16.25],[42.631,-16.75],[42.722,-17.0],[42.801,-17.0],[43.0,-16.754],[43.25,-16.718],[43.684,-18.25],[43.969,-18.75],[43.989,-19.5],[43.887,-20.0],[43.421,-21.329],[43.25,-21.5],[43.2,-22.0],[43.25,-22.923],[43.052,-22.25],[43.055,-21.0],[42.807,-20.25],[42.577,-18.75],[42.318,-18.25],[42.087,-18.0],[41.5,-18.059],[41.0,-18.444],[40.25,-18.57],[40.012,-18.75],[39.75,-19.214],[39.548,-20.0],[38.783,-20.5],[38.604,-21.0],[38.579,-21.25],[39.028,-22.0],[39.049,-22.25],[38.788,-22.5],[38.75,-22.844],[39.0,-23.208],[39.75,-23.686],[40.25,-24.492],[40.499,-24.75],[40.558,-25.0],[40.0,-25.324],[39.5,-25.903],[38.5,-26.022],[37.25,-26.953],[37.0,-27.042],[36.785,-27.0],[36.0,-26.673],[35.5,-26.915],[34.5,-27.61],[33.75,-27.892],[33.0,-27.982],[32.75,-28.082],[32.75,-27.5],[33.0,-27.25],[33.007,-26.75]]]},"properties":{"hvalue":2.0,"color":"#6c99d2"}},{"type":"Feature","geometry":{"type":"Polygon","coordinates":[[[0.708,-9.0],[0.75,-8.922],[0.75,-9.09],[0.708,-9.0]]]},"properties":{"hvalue":2.0,"color":"#6c99d2"}},{"type":"Feature","geometry":{"type":"Polygon","coordinates":[[[0.069,-8.0],[-0.109,-7.25],[0.0,-7.105],[0.25,-7.298],[0.636,-8.0],[0.662,-8.75],[0.5,-8.863],[0.069,-8.0]]]},"properties":{"hvalue":2.0,"color":"#6c99d2"}},{"type":"Feature","geometry":{"type":"Polygon","coordinates":[[[-8.766,-6.25],[-8.5,-6.202],[-8.18,-6.25],[-8.5,-6.443],[-8.766,-6.25]]]},"properties":{"hvalue":2.0,"color":"#6c99d2"}},{"type":"Feature","geometry":{"type":"Polygon","coordinates":[[[-100.324,-66.75],[-99.75,-66.422],[-99.271,-66.0],[-99.341,-65.75],[-99.524,-65.5],[-99.147,-65.25],[-98.946,-65.0],[-99.0,-64.881],[-99.35,-64.75],[-98.5,-64.712],[-98.25,-64.658],[-98.014,-64.5],[-98.623,-64.0],[-98.733,-63.75],[-98.578,-63.5],[-98.0,-63.29],[-96.25,-63.357],[-95.25,-63.09],[-95.054,-63.0],[-95.5,-62.69],[-96.221,-62.5],[-96.474,-62.25],[-96.25,-62.073],[-94.851,-62.0],[-94.575,-61.75],[-94.894,-61.5],[-95.5,-61.46],[-96.25,-61.907],[-97.25,-61.958],[-97.799,-62.25],[-98.0,-62.447],[-98.25,-62.491],[-101.75,-62.248],[-104.25,-62.428],[-108.0,-61.966],[-111.135,-61.25],[-112.889,-60.75],[-113.461,-60.5],[-114.5,-59.864],[-114.858,-59.5],[-115.295,-58.25],[-115.47,-57.5],[-115.197,-57.0],[-115.5,-56.835],[-116.322,-56.75],[-116.668,-56.5],[-116.344,-55.75],[-116.336,-55.5],[-116.839,-55.0],[-116.836,-54.5],[-116.997,-54.25],[-117.316,-54.25],[-118.5,-54.566],[-119.0,-54.746],[-120.0,-55.279],[-120.5,-55.24],[-121.133,-55.0],[-121.275,-54.75],[-121.218,-54.25],[-121.518,-53.5],[-121.608,-53.0],[-122.25,-52.342],[-122.671,-52.25],[-122.937,-52.0],[-122.455,-51.75],[-122.437,-51.5],[-122.75,-51.373],[-123.0,-51.377],[-123.27,-51.5],[-123.296,-52.0],[-125.25,-52.93],[-126.847,-54.0],[-128.004,-54.5],[-129.75,-54.776],[-131.25,-54.547],[-133.0,-54.606],[-133.412,-54.75],[-132.992,-55.0],[-133.25,-55.097],[-134.5,-55.134],[-135.75,-55.452],[-136.75,-55.475],[-137.75,-55.723],[-138.463,-56.0],[-138.963,-56.75],[-140.908,-57.25],[-141.355,-57.5],[-142.0,-58.04],[-145.25,-59.551],[-146.5,-59.82],[-147.5,-59.766],[-148.082,-59.5],[-148.167,-59.25],[-147.75,-58.992],[-148.0,-58.931],[-149.07,-59.0],[-149.25,-59.115],[-149.288,-59.25],[-149.121,-59.5],[-149.241,-59.75],[-149.985,-60.0],[-150.162,-60.25],[-151.0,-60.95],[-151.164,-61.25],[-152.295,-61.75],[-152.75,-62.201],[-152.927,-62.5],[-153.23,-62.75],[-154.552,-63.25],[-155.5,-63.75],[-156.729,-64.25],[-157.25,-64.681],[-157.75,-64.911],[-159.25,-65.101],[-160.5,-65.38],[-163.0,-65.658],[-168.0,-65.643],[-170.5,-65.956],[-172.0,-65.96],[-173.5,-65.846],[-174.75,-65.962],[-176.0,-65.846],[-177.0,-65.556],[-178.0,-65.424],[-178.75,-64.893],[-179.0,-64.813],[-179.75,-64.843],[-180.0,-64.76],[-180.0,-61.506],[-178.458,-62.25],[-178.326,-62.75],[-177.739,-63.0],[-177.492,-63.5],[-177.214,-63.75],[-176.85,-64.0],[-175.264,-64.75],[-175.191,-65.0],[-174.896,-65.25],[-174.5,-65.381],[-173.5,-65.356],[-172.0,-65.454],[-171.424,-65.25],[-170.75,-65.208],[-170.0,-65.341],[-169.0,-64.967],[-168.5,-64.908],[-168.25,-64.977],[-167.5,-64.847],[-166.25,-65.115],[-165.75,-65.129],[-164.75,-64.988],[-164.25,-65.06],[-164.0,-64.985],[-163.0,-65.053],[-162.037,-64.75],[-160.75,-64.699],[-159.25,-64.372],[-158.5,-64.571],[-157.856,-64.5],[-157.25,-63.952],[-156.75,-63.801],[-156.0,-63.348],[-155.75,-63.285],[-155.5,-63.079],[-155.184,-63.0],[-154.721,-62.75],[-154.587,-62.5],[-154.0,-62.195],[-153.25,-61.41],[-152.75,-61.054],[-152.5,-61.0],[-152.226,-60.5],[-150.748,-59.5],[-150.546,-59.25],[-150.527,-59.0],[-149.747,-58.75],[-147.057,-57.5],[-146.711,-57.25],[-146.515,-57.0],[-146.723,-56.5],[-144.635,-55.25],[-144.661,-55.0],[-145.098,-54.5],[-145.5,-54.229],[-145.75,-54.281],[-146.031,-54.5],[-146.787,-55.75],[-146.757,-56.0],[-146.989,-56.25],[-146.768,-56.5],[-147.143,-56.75],[-147.75,-56.913],[-148.5,-57.346],[-149.0,-57.439],[-149.25,-57.377],[-149.649,-57.0],[-149.895,-56.5],[-150.274,-56.0],[-150.347,-55.75],[-150.769,-55.5],[-150.758,-54.75],[-150.905,-54.5],[-151.312,-54.25],[-151.182,-54.0],[-151.183,-53.75],[-150.962,-53.5],[-150.531,-53.25],[-149.25,-52.816],[-147.25,-51.81],[-146.25,-51.686],[-145.487,-51.5],[-144.25,-51.447],[-143.5,-51.316],[-142.75,-51.464],[-142.463,-51.75],[-142.769,-52.25],[-142.846,-53.25],[-142.7,-53.5],[-142.25,-53.598],[-141.75,-53.556],[-141.0,-53.286],[-138.0,-52.644],[-137.25,-52.216],[-136.5,-51.958],[-134.75,-51.887],[-133.0,-52.083],[-132.25,-51.825],[-130.222,-50.5],[-130.014,-50.0],[-129.615,-49.5],[-129.573,-49.25],[-129.729,-48.75],[-130.251,-48.0],[-129.907,-47.75],[-129.883,-47.5],[-130.03,-47.25],[-131.0,-46.581],[-131.75,-45.844],[-132.25,-45.981],[-133.0,-45.311],[-133.5,-45.267],[-134.0,-45.02],[-134.5,-44.932],[-135.0,-44.636],[-137.5,-43.84],[-138.433,-43.75],[-138.814,-43.5],[-141.75,-42.261],[-143.5,-41.721],[-145.0,-41.377],[-147.5,-41.156],[-148.879,-41.75],[-149.75,-41.918],[-150.75,-41.848],[-151.75,-41.512],[-153.25,-41.551],[-154.25,-41.152],[-157.5,-40.717],[-159.75,-39.74],[-163.75,-38.917],[-165.75,-39.0],[-168.0,-38.753],[-170.0,-38.705],[-171.839,-39.0],[-172.5,-39.312],[-172.949,-39.75],[-173.5,-39.871],[-174.25,-39.781],[-174.75,-39.612],[-176.5,-39.38],[-177.75,-39.063],[-180.0,-38.772],[-180.0,-29.733],[-179.732,-30.25],[-179.25,-30.589],[-178.882,-31.0],[-178.25,-31.51],[-177.75,-31.838],[-177.25,-32.35],[-177.0,-32.41],[-176.75,-32.619],[-175.5,-33.246],[-175.25,-33.441],[-175.0,-33.498],[-173.75,-33.057],[-173.25,-33.214],[-172.545,-33.25],[-171.929,-33.75],[-171.446,-34.0],[-170.08,-34.0],[-169.735,-34.25],[-168.75,-34.463],[-168.25,-34.753],[-166.75,-35.1],[-166.0,-35.424],[-164.5,-35.181],[-163.5,-35.105],[-162.5,-34.82],[-161.5,-34.888],[-160.75,-35.261],[-160.5,-35.308],[-160.0,-35.208],[-159.25,-35.314],[-158.5,-35.235],[-157.0,-35.592],[-156.5,-35.636],[-155.75,-35.499],[-155.25,-35.531],[-154.75,-35.333],[-154.25,-35.443],[-153.25,-35.861],[-152.25,-35.706],[-151.75,-35.883],[-151.25,-35.923],[-150.75,-36.173],[-150.0,-36.862],[-149.433,-37.25],[-149.0,-37.352],[-148.5,-37.342],[-148.0,-37.667],[-147.5,-37.567],[-146.75,-37.55],[-146.5,-37.701],[-146.315,-38.0],[-146.264,-38.5],[-146.0,-38.729],[-145.25,-38.799],[-144.75,-38.942],[-143.25,-39.71],[-141.751,-40.25],[-141.0,-40.437],[-140.307,-41.0],[-139.0,-41.485],[-137.5,-41.471],[-136.25,-41.584],[-135.0,-41.484],[-131.75,-41.666],[-131.592,-41.5],[-131.471,-41.0],[-131.25,-40.894],[-131.0,-40.854],[-130.5,-41.016],[-129.75,-40.994],[-129.5,-40.822],[-128.5,-40.889],[-128.104,-40.75],[-128.056,-40.5],[-128.165,-39.5],[-128.0,-39.261],[-127.5,-39.404],[-127.25,-39.664],[-126.5,-40.099],[-125.013,-39.25],[-124.909,-39.0],[-125.5,-38.44],[-125.751,-38.0],[-126.0,-37.885],[-126.75,-37.917],[-127.095,-37.75],[-127.342,-36.25],[-127.672,-36.0],[-127.683,-35.75],[-129.25,-35.5],[-129.51,-35.25],[-129.64,-35.0],[-129.703,-34.5],[-129.483,-34.0],[-129.011,-33.5],[-128.316,-33.0],[-128.2,-32.75],[-128.322,-32.25],[-128.486,-32.0],[-129.5,-31.981],[-130.0,-31.698],[-130.5,-31.881],[-131.0,-31.827],[-131.094,-31.75],[-130.585,-31.0],[-130.609,-30.75],[-130.75,-30.582],[-131.654,-30.25],[-132.25,-29.685],[-132.5,-29.598],[-134.5,-30.158],[-135.25,-30.16],[-135.5,-30.06],[-135.75,-29.713],[-137.169,-29.25],[-137.182,-28.5],[-137.332,-28.25],[-137.5,-28.172],[-137.75,-28.08],[-138.5,-28.126],[-139.0,-28.043],[-139.75,-28.056],[-140.75,-27.706],[-140.917,-27.5],[-140.978,-27.0],[-141.129,-26.75],[-141.332,-26.5],[-141.75,-26.331],[-142.5,-26.203],[-142.794,-26.25],[-144.25,-27.17],[-144.592,-27.5],[-144.75,-27.79],[-145.0,-27.959],[-146.218,-28.5],[-146.335,-29.0],[-146.5,-29.128],[-147.5,-29.167],[-147.848,-29.0],[-147.477,-28.5],[-147.704,-28.25],[-147.75,-28.012],[-147.879,-28.25],[-148.5,-28.59],[-148.75,-28.953],[-150.0,-29.319],[-151.25,-29.225],[-152.75,-28.748],[-153.591,-28.0],[-153.5,-27.916],[-153.0,-27.887],[-151.75,-28.349],[-150.75,-28.147],[-149.5,-28.108],[-149.0,-27.963],[-147.75,-27.999],[-147.5,-27.926],[-147.0,-27.544],[-146.818,-27.25],[-146.789,-27.0],[-147.5,-26.601],[-148.492,-26.25],[-149.25,-25.808],[-150.5,-25.898],[-151.0,-26.09],[-151.25,-26.093],[-151.361,-26.0],[-151.414,-25.5],[-151.5,-25.395],[-152.25,-25.376],[-152.392,-25.25],[-152.408,-25.0],[-153.0,-24.466],[-153.25,-24.569],[-153.584,-25.0],[-153.517,-25.25],[-154.808,-26.25],[-154.499,-26.5],[-153.75,-26.686],[-153.662,-26.75],[-153.701,-27.0],[-154.224,-27.5],[-155.0,-27.701],[-155.5,-27.776],[-156.25,-27.692],[-156.544,-27.5],[-156.486,-27.0],[-156.75,-26.92],[-157.0,-26.911],[-157.5,-27.132],[-157.75,-27.149],[-158.5,-27.014],[-159.25,-27.133],[-159.5,-27.068],[-159.958,-26.75],[-160.123,-26.25],[-160.25,-26.169],[-161.5,-26.197],[-162.243,-26.0],[-163.25,-25.204],[-163.382,-25.25],[-163.75,-25.82],[-164.0,-25.966],[-164.5,-26.089],[-164.961,-26.5],[-165.75,-26.909],[-167.0,-27.208],[-167.823,-27.0],[-168.026,-26.75],[-168.5,-26.448],[-169.818,-25.75],[-170.068,-25.5],[-170.352,-24.75],[-170.301,-24.5],[-169.25,-23.46],[-168.994,-23.0],[-166.886,-21.75],[-166.25,-21.0],[-166.179,-20.75],[-166.338,-20.5],[-167.0,-19.946],[-167.5,-19.768],[-167.75,-19.721],[-168.25,-19.811],[-169.0,-20.102],[-169.25,-20.393],[-169.5,-21.153],[-169.71,-21.5],[-171.25,-22.164],[-171.75,-22.271],[-172.0,-22.44],[-172.191,-22.75],[-172.632,-23.0],[-172.636,-23.25],[-172.384,-23.5],[-172.513,-23.75],[-173.5,-24.441],[-174.5,-24.975],[-175.0,-25.494],[-175.25,-25.646],[-175.75,-25.776],[-176.25,-25.114],[-176.5,-25.088],[-180.0,-26.1],[-180.0,-19.195],[-179.75,-19.137],[-179.25,-18.837],[-179.0,-19.086],[-178.5,-19.209],[-178.25,-19.133],[-177.75,-18.626],[-177.25,-18.453],[-176.5,-17.872],[-176.25,-17.862],[-176.0,-18.018],[-175.835,-18.25],[-175.758,-18.5],[-175.839,-18.75],[-175.813,-19.0],[-176.0,-19.258],[-176.5,-19.636],[-176.642,-20.0],[-176.423,-20.5],[-176.223,-20.75],[-176.204,-21.25],[-175.75,-21.444],[-175.0,-21.488],[-174.822,-21.25],[-174.75,-20.872],[-174.334,-20.25],[-174.25,-19.984],[-174.007,-19.75],[-174.051,-19.25],[-173.689,-18.5],[-174.032,-18.0],[-174.498,-17.75],[-174.391,-17.5],[-174.048,-17.25],[-173.75,-16.883],[-173.25,-16.825],[-172.75,-16.951],[-172.5,-16.934],[-172.25,-16.811],[-172.179,-16.75],[-172.162,-16.25],[-171.747,-15.5],[-171.501,-15.25],[-171.0,-15.084],[-170.5,-14.468],[-170.25,-14.401],[-169.5,-14.456],[-169.314,-14.25],[-169.5,-14.0],[-170.0,-14.08],[-170.227,-14.0],[-170.593,-13.25],[-170.59,-12.75],[-170.799,-12.5],[-172.0,-11.238],[-172.75,-10.713],[-173.527,-9.75],[-173.762,-9.25],[-174.5,-8.936],[-174.71,-8.75],[-174.657,-8.25],[-174.712,-8.0],[-175.161,-7.5],[-175.251,-7.25],[-174.681,-7.0],[-174.25,-6.978],[-173.5,-6.544],[-173.258,-6.25],[-173.414,-6.0],[-172.25,-5.718],[-171.801,-6.0],[-171.663,-6.75],[-171.431,-7.25],[-171.25,-7.444],[-170.75,-7.543],[-170.5,-7.786],[-170.25,-7.902],[-168.5,-7.939],[-168.0,-8.136],[-167.25,-7.637],[-167.0,-7.567],[-166.25,-7.979],[-166.0,-7.953],[-165.75,-8.055],[-165.5,-8.373],[-165.443,-8.25],[-165.458,-7.75],[-165.611,-7.25],[-165.229,-6.0],[-165.254,-5.75],[-165.554,-5.0],[-165.738,-4.0],[-165.649,-2.75],[-165.79,-1.5],[-166.144,-0.75],[-166.352,-0.5],[-167.25,-0.338],[-167.75,-0.344],[-168.5,-0.725],[-169.0,-0.897],[-169.25,-0.899],[-170.0,-0.255],[-170.25,-0.143],[-170.75,-0.138],[-171.5,-0.503],[-172.205,0.25],[-172.5,0.345],[-173.75,0.022],[-174.5,-0.351],[-176.0,-0.561],[-176.25,-0.496],[-176.356,-0.25],[-175.966,0.25],[-176.018,0.5],[-176.5,0.824],[-176.75,0.888],[-177.5,0.191],[-178.0,0.049],[-178.25,0.09],[-178.5,0.397],[-178.75,0.363],[-179.25,0.245],[-180.0,-0.304],[-180.0,29.285],[-179.25,29.091],[-179.0,28.9],[-178.87,28.5],[-178.25,28.308],[-178.1,28.5],[-178.677,29.0],[-178.519,29.25],[-178.0,29.61],[-177.202,29.75],[-176.75,29.963],[-176.383,30.25],[-175.95,31.0],[-175.687,31.25],[-174.75,31.72],[-173.75,32.055],[-173.432,32.25],[-172.684,33.0],[-171.298,33.75],[-170.969,34.25],[-170.945,34.5],[-170.981,34.75],[-171.29,35.0],[-171.453,35.25],[-170.25,35.295],[-169.779,35.5],[-170.25,35.813],[-172.0,36.073],[-172.25,36.273],[-172.5,36.334],[-172.634,36.5],[-172.5,36.654],[-172.0,36.816],[-171.0,36.359],[-170.0,36.061],[-169.587,35.5],[-169.0,35.252],[-168.8,35.75],[-168.566,36.0],[-168.829,37.0],[-168.613,37.5],[-168.636,37.75],[-169.164,38.5],[-169.138,38.75],[-169.325,39.0],[-169.75,39.187],[-170.75,38.862],[-171.0,38.713],[-171.265,38.5],[-171.38,38.25],[-171.33,38.0],[-171.442,37.75],[-171.75,37.49],[-172.0,37.408],[-172.5,37.989],[-172.716,37.75],[-173.25,37.439],[-173.5,37.381],[-173.605,37.5],[-173.592,37.75],[-173.412,38.0],[-173.0,38.131],[-172.5,38.004],[-172.25,38.377],[-172.0,38.351],[-171.915,38.5],[-172.5,39.056],[-172.75,39.499],[-173.0,39.54],[-173.231,39.25],[-173.302,39.0],[-174.0,38.53],[-174.5,38.615],[-175.0,38.558],[-176.25,38.039],[-176.75,38.03],[-178.0,37.631],[-178.75,37.483],[-179.5,37.445],[-179.75,37.48],[-180.0,37.648],[-180.0,47.413],[-179.0,47.133],[-177.75,47.02],[-177.591,46.5],[-177.5,46.453],[-176.5,46.476],[-175.25,46.836],[-174.5,47.137],[-171.75,48.88],[-170.981,49.5],[-170.528,50.0],[-169.8,51.25],[-169.776,51.5],[-169.971,51.75],[-170.5,52.068],[-171.75,52.345],[-172.288,52.288],[-172.467,52.467],[-172.229,52.5],[-172.171,52.75],[-172.0,52.926],[-171.5,53.053],[-171.25,52.983],[-171.023,52.75],[-170.75,52.623],[-169.5,52.789],[-168.75,52.75],[-168.0,53.024],[-167.75,53.0],[-167.163,53.25],[-166.75,53.25],[-163.5,54.471],[-163.25,54.487],[-162.75,54.311],[-162.5,54.313],[-161.0,54.977],[-160.767,55.017],[-160.48,55.02],[-160.0,54.852],[-159.25,54.868],[-158.25,55.714],[-157.5,56.101],[-157.0,56.177],[-156.75,56.095],[-156.318,56.25],[-156.0,56.483],[-155.75,56.535],[-155.25,56.359],[-154.75,56.287],[-154.356,56.356],[-154.25,56.25],[-154.052,56.448],[-152.8,57.0],[-151.75,57.236],[-150.0,57.816],[-149.25,57.96],[-148.0,58.549],[-147.75,58.548],[-147.5,58.423],[-147.355,58.25],[-147.339,58.0],[-147.25,57.93],[-146.5,57.891],[-145.75,57.609],[-144.5,57.659],[-143.759,57.5],[-143.389,57.25],[-143.25,56.943],[-142.25,56.46],[-141.75,56.094],[-141.414,55.75],[-141.321,55.5],[-141.367,55.0],[-141.649,54.75],[-142.25,54.565],[-142.575,54.25],[-142.728,54.0],[-142.625,53.75],[-142.279,53.5],[-142.5,53.365],[-143.476,52.0],[-143.535,51.75],[-144.21,50.75],[-145.403,50.25],[-145.606,50.0],[-146.5,49.719],[-146.826,49.5],[-147.205,49.0],[-147.63,48.75],[-147.771,48.5],[-147.764,48.25],[-148.25,47.693],[-148.663,47.0],[-149.487,46.25],[-149.796,45.75],[-150.715,45.25],[-151.0,44.488],[-151.25,44.292],[-151.933,44.0],[-152.056,43.75],[-151.966,43.5],[-152.024,43.25],[-152.25,42.991],[-153.311,42.25],[-153.733,41.75],[-154.926,41.25],[-155.017,41.0],[-155.273,40.75],[-156.0,40.366],[-156.75,39.732],[-157.0,39.596],[-158.0,39.54],[-158.25,39.438],[-159.0,38.562],[-159.25,38.502],[-160.0,38.64],[-160.5,38.556],[-161.161,38.25],[-161.352,37.75],[-161.5,37.688],[-162.0,37.677],[-163.0,37.853],[-163.315,37.5],[-163.272,37.25],[-163.108,37.0],[-161.989,36.25],[-161.0,35.843],[-160.25,35.419],[-159.75,35.39],[-158.5,35.732],[-157.75,35.758],[-155.0,35.078],[-154.75,35.051],[-154.145,35.25],[-154.0,35.19],[-153.877,35.0],[-154.141,34.75],[-153.5,34.692],[-152.5,34.169],[-151.5,33.881],[-150.75,33.904],[-150.5,33.983],[-149.0,33.585],[-148.5,33.626],[-147.75,33.841],[-147.0,33.917],[-146.25,33.885],[-145.0,33.619],[-143.75,33.099],[-143.25,33.001],[-141.75,32.959],[-141.25,33.058],[-140.812,32.75],[-140.5,32.634],[-140.034,32.75],[-139.992,33.0],[-139.75,33.152],[-138.999,33.25],[-138.689,33.5],[-138.571,34.0],[-138.5,34.042],[-138.25,34.025],[-137.0,33.531],[-136.25,33.356],[-135.25,33.189],[-134.618,33.25],[-134.23,33.5],[-134.059,33.75],[-134.018,34.25],[-134.25,35.015],[-133.75,35.055],[-132.75,34.826],[-132.5,34.834],[-132.161,35.0],[-132.229,35.25],[-132.795,35.75],[-132.814,36.0],[-132.75,36.025],[-131.5,35.563],[-130.75,35.75],[-130.0,35.767],[-129.5,35.729],[-129.0,35.462],[-128.75,35.458],[-127.876,35.75],[-127.75,35.867],[-127.687,36.5],[-127.75,37.135],[-127.5,37.208],[-126.25,36.65],[-126.0,36.465],[-125.922,36.5],[-125.984,36.75],[-125.918,37.25],[-126.28,38.25],[-126.0,38.971],[-126.056,39.25],[-125.975,39.5],[-125.75,39.766],[-125.5,39.874],[-125.0,40.043],[-124.75,39.967],[-123.838,38.75],[-123.351,38.25],[-122.219,36.5],[-121.255,35.5],[-120.375,34.0],[-120.25,33.89],[-119.75,33.736],[-119.617,33.25],[-119.5,33.14],[-119.352,33.25],[-119.25,33.493],[-119.0,33.664],[-118.717,33.0],[-118.5,32.798],[-118.0,33.099],[-117.5,32.769],[-117.342,32.5],[-117.0,32.194],[-116.903,31.75],[-116.5,31.223],[-116.5,31.0],[-116.25,30.681],[-116.25,30.5],[-115.997,30.247],[-115.835,29.75],[-115.407,29.25],[-115.394,29.0],[-115.528,28.5],[-115.425,28.0],[-115.0,27.5],[-114.75,27.499],[-114.606,27.25],[-114.307,27.057],[-113.5,26.196],[-113.186,26.0],[-112.971,25.75],[-112.94,25.25],[-113.25,24.734],[-113.5,24.546],[-114.0,24.592],[-114.527,24.25],[-114.714,24.0],[-114.359,23.5],[-114.403,23.0],[-114.192,22.75],[-114.5,22.7],[-114.882,22.5],[-114.923,22.25],[-114.75,22.049],[-114.25,22.135],[-114.0,22.069],[-113.873,22.0],[-113.776,21.75],[-114.25,21.67],[-114.644,21.75],[-114.75,21.913],[-114.848,21.75],[-115.0,21.688],[-115.227,21.25],[-114.872,21.0],[-113.848,20.5],[-113.75,20.362],[-112.983,20.25],[-112.313,20.0],[-112.5,19.874],[-113.0,19.854],[-113.5,19.984],[-113.75,20.143],[-114.0,20.12],[-114.307,20.0],[-114.603,19.75],[-114.516,19.25],[-115.204,18.75],[-115.368,18.5],[-115.191,17.5],[-115.231,17.25],[-115.38,17.0],[-115.946,16.5],[-115.992,16.25],[-115.7,15.5],[-115.202,14.75],[-114.993,14.25],[-114.995,14.0],[-115.25,13.657],[-115.5,13.565],[-116.0,13.657],[-116.25,13.818],[-116.779,14.5],[-117.25,14.701],[-117.5,14.649],[-117.677,14.5],[-117.929,14.0],[-117.905,12.0],[-117.75,11.442],[-117.5,10.988],[-117.25,10.756],[-116.75,10.696],[-116.5,10.484],[-116.365,10.25],[-116.303,9.5],[-116.427,8.75],[-116.312,8.25],[-115.853,7.5],[-114.737,5.0],[-114.5,4.714],[-114.25,4.579],[-114.0,4.608],[-113.584,4.5],[-113.469,4.0],[-113.25,3.905],[-113.0,3.913],[-112.47,4.25],[-110.75,4.831],[-108.75,5.088],[-107.651,6.0],[-107.25,6.098],[-107.0,6.302],[-106.75,6.371],[-106.427,6.25],[-106.43,6.0],[-106.548,5.75],[-106.99,5.25],[-107.5,5.058],[-107.75,5.104],[-108.16,5.0],[-108.25,4.329],[-108.84,4.25],[-108.75,4.13],[-108.5,4.186],[-108.454,4.0],[-108.204,3.75],[-108.75,3.586],[-109.0,3.681],[-109.25,3.97],[-109.5,4.027],[-110.0,3.717],[-110.25,4.067],[-112.0,2.571],[-112.75,2.172],[-113.0,2.56],[-113.25,2.762],[-113.452,2.5],[-114.12,2.0],[-114.281,1.75],[-114.302,1.5],[-114.249,1.25],[-114.0,1.099],[-113.75,1.088],[-113.25,1.334],[-113.0,1.348],[-112.917,1.25],[-113.0,0.971],[-113.497,0.75],[-113.574,0.5],[-113.0,0.394],[-112.5,-0.324],[-112.25,-0.317],[-111.75,-0.494],[-111.5,-0.75],[-111.371,-1.25],[-111.82,-2.0],[-111.474,-3.0],[-111.25,-3.16],[-111.0,-3.038],[-110.25,-2.991],[-109.772,-3.25],[-109.438,-3.5],[-109.414,-3.75],[-109.546,-4.0],[-109.587,-4.5],[-109.534,-4.75],[-109.25,-4.988],[-108.5,-5.223],[-108.25,-5.391],[-107.75,-5.466],[-107.5,-5.726],[-107.949,-6.75],[-107.718,-7.0],[-107.771,-7.25],[-108.25,-7.627],[-108.796,-8.25],[-108.959,-8.5],[-109.056,-9.0],[-109.0,-9.068],[-108.0,-9.396],[-107.75,-9.571],[-107.5,-9.958],[-106.5,-10.114],[-106.25,-10.224],[-106.0,-10.462],[-105.472,-10.75],[-104.75,-11.797],[-104.5,-11.99],[-104.0,-12.112],[-103.617,-12.0],[-103.134,-10.75],[-103.181,-10.5],[-103.5,-10.318],[-103.631,-10.0],[-103.0,-9.801],[-102.75,-9.94],[-102.5,-9.826],[-102.289,-10.0],[-102.277,-10.25],[-102.569,-10.75],[-102.57,-11.25],[-102.683,-11.5],[-103.0,-11.54],[-103.072,-12.0],[-102.792,-12.25],[-102.65,-12.5],[-102.624,-12.75],[-101.75,-12.837],[-101.392,-13.0],[-101.029,-13.75],[-101.241,-14.0],[-101.089,-14.5],[-101.149,-14.75],[-101.75,-15.451],[-102.0,-15.478],[-102.38,-15.0],[-102.183,-14.75],[-102.283,-14.25],[-102.5,-13.995],[-102.75,-14.059],[-102.831,-14.25],[-102.821,-14.75],[-102.634,-15.0],[-102.44,-15.5],[-103.25,-15.692],[-103.75,-15.913],[-104.432,-16.0],[-104.759,-16.5],[-104.458,-17.25],[-104.255,-17.5],[-103.25,-18.335],[-103.097,-18.5],[-102.75,-19.241],[-102.09,-20.0],[-101.5,-20.431],[-101.0,-20.56],[-100.75,-20.516],[-99.75,-20.052],[-99.5,-20.019],[-99.25,-20.063],[-99.014,-20.25],[-99.019,-20.5],[-99.334,-21.0],[-99.021,-21.25],[-98.25,-21.272],[-97.75,-21.086],[-96.75,-21.147],[-96.401,-21.0],[-96.267,-20.75],[-96.376,-20.5],[-96.296,-20.25],[-96.0,-20.086],[-95.596,-19.5],[-95.594,-19.25],[-95.723,-19.0],[-96.155,-18.75],[-96.0,-18.458],[-95.5,-18.252],[-94.75,-17.695],[-94.0,-17.709],[-93.25,-18.137],[-92.75,-18.249],[-92.5,-18.144],[-92.432,-18.0],[-92.511,-17.75],[-93.29,-16.75],[-93.538,-16.25],[-93.422,-15.75],[-93.25,-15.541],[-92.75,-15.648],[-92.25,-15.653],[-91.958,-16.0],[-91.598,-16.25],[-91.25,-16.403],[-90.75,-16.389],[-90.322,-16.25],[-90.026,-16.0],[-90.065,-15.5],[-90.0,-15.126],[-89.75,-14.928],[-89.5,-14.934],[-89.0,-15.119],[-88.545,-15.5],[-88.378,-15.75],[-88.24,-16.25],[-88.0,-16.381],[-87.75,-16.23],[-87.5,-15.249],[-87.25,-15.32],[-86.75,-15.101],[-86.0,-14.907],[-85.835,-14.75],[-85.84,-14.5],[-85.75,-14.314],[-85.5,-14.301],[-85.25,-14.499],[-85.158,-14.75],[-84.75,-14.882],[-84.497,-14.75],[-83.75,-13.877],[-83.001,-13.5],[-82.75,-13.23],[-82.0,-13.328],[-81.773,-13.5],[-81.617,-14.25],[-81.143,-15.0],[-81.0,-15.137],[-80.25,-15.254],[-79.667,-16.0],[-79.25,-16.396],[-79.162,-16.5],[-79.051,-17.25],[-78.826,-18.0],[-78.25,-18.701],[-77.75,-19.079],[-77.589,-18.75],[-77.582,-17.75],[-77.5,-17.345],[-77.25,-17.531],[-77.114,-17.75],[-77.088,-18.5],[-76.808,-19.25],[-76.593,-19.75],[-76.058,-20.5],[-76.094,-21.25],[-76.0,-21.549],[-75.75,-21.422],[-75.512,-21.0],[-75.267,-20.0],[-75.101,-19.75],[-74.75,-19.554],[-74.25,-19.593],[-74.0,-20.506],[-74.016,-21.25],[-74.298,-22.0],[-74.634,-22.5],[-74.75,-22.591],[-75.25,-22.618],[-75.376,-22.75],[-75.453,-23.5],[-75.75,-23.913],[-75.839,-24.25],[-75.787,-24.5],[-75.503,-24.75],[-75.439,-25.0],[-75.25,-25.091],[-75.0,-25.117],[-74.5,-24.813],[-74.25,-24.806],[-74.185,-25.0],[-74.358,-25.5],[-74.361,-26.0],[-74.454,-26.25],[-74.75,-26.595],[-74.936,-27.25],[-75.104,-27.5],[-76.5,-28.368],[-76.753,-28.25],[-76.881,-27.5],[-77.0,-27.291],[-77.25,-27.265],[-77.468,-27.5],[-77.577,-28.0],[-77.609,-28.5],[-77.5,-28.702],[-77.0,-29.106],[-76.75,-29.584],[-76.641,-30.25],[-76.342,-31.0],[-76.348,-31.75],[-76.128,-32.75],[-76.332,-33.75],[-76.25,-34.518],[-76.525,-35.0],[-77.114,-35.75],[-77.656,-36.75],[-76.93,-37.25],[-76.75,-37.568],[-76.296,-38.0],[-76.5,-38.629],[-76.75,-38.863],[-77.25,-39.005],[-77.75,-39.278],[-78.0,-39.326],[-78.128,-39.25],[-78.106,-38.75],[-78.25,-38.505],[-78.534,-38.25],[-78.455,-37.75],[-78.228,-37.25],[-78.199,-37.0],[-78.75,-36.69],[-79.5,-37.035],[-79.865,-37.0],[-80.0,-36.916],[-80.18,-36.75],[-79.997,-36.25],[-80.25,-35.61],[-80.75,-35.108],[-81.719,-34.75],[-81.628,-34.5],[-81.143,-34.0],[-80.5,-33.918],[-79.75,-33.406],[-79.5,-33.367],[-79.0,-33.736],[-78.75,-33.735],[-78.176,-33.5],[-77.916,-33.25],[-77.844,-33.0],[-78.0,-32.823],[-78.75,-32.648],[-79.0,-32.363],[-79.731,-31.0],[-79.5,-30.876],[-79.25,-31.067],[-79.0,-31.14],[-78.75,-31.107],[-78.5,-30.901],[-78.066,-30.0],[-78.0,-29.097],[-78.25,-28.686],[-78.75,-28.382],[-79.25,-27.265],[-79.645,-27.0],[-79.946,-26.5],[-79.5,-26.372],[-78.75,-25.683],[-78.5,-25.734],[-78.0,-26.252],[-77.75,-26.278],[-77.643,-25.5],[-77.362,-25.0],[-77.187,-24.0],[-77.135,-23.5],[-77.25,-23.326],[-77.5,-23.319],[-78.0,-23.605],[-79.0,-25.376],[-79.828,-25.25],[-80.156,-25.0],[-80.343,-24.5],[-80.673,-24.25],[-81.0,-24.248],[-81.5,-24.53],[-82.0,-24.549],[-82.25,-24.672],[-82.444,-25.0],[-82.5,-25.419],[-82.795,-25.75],[-83.054,-26.25],[-83.0,-26.446],[-82.75,-26.499],[-82.5,-26.397],[-82.372,-26.5],[-82.382,-27.0],[-82.559,-27.25],[-82.75,-27.348],[-83.0,-27.373],[-83.25,-27.288],[-83.75,-26.686],[-84.0,-26.566],[-84.318,-26.25],[-85.0,-26.2],[-85.5,-26.312],[-85.777,-26.5],[-86.092,-27.0],[-85.974,-27.5],[-86.105,-27.75],[-86.397,-28.0],[-86.531,-28.25],[-86.518,-28.5],[-87.0,-28.737],[-87.25,-28.676],[-87.38,-28.25],[-87.5,-28.18],[-87.75,-28.322],[-88.5,-28.137],[-89.25,-28.118],[-89.75,-27.873],[-91.0,-27.666],[-91.5,-27.303],[-92.0,-27.355],[-92.25,-27.504],[-92.995,-28.0],[-93.043,-28.25],[-92.75,-28.568],[-91.374,-29.0],[-92.118,-29.5],[-92.294,-30.25],[-92.037,-30.75],[-92.017,-31.0],[-91.614,-31.5],[-91.75,-31.689],[-93.0,-31.767],[-93.25,-31.821],[-93.75,-32.096],[-94.503,-32.75],[-95.081,-34.0],[-95.626,-34.75],[-95.696,-35.0],[-95.603,-35.25],[-95.5,-35.302],[-95.25,-35.22],[-94.7,-34.75],[-94.25,-34.683],[-94.063,-34.75],[-94.851,-35.25],[-94.969,-35.75],[-94.918,-36.0],[-95.125,-36.25],[-95.776,-36.75],[-95.855,-37.0],[-95.55,-37.5],[-95.25,-37.633],[-93.75,-37.396],[-93.304,-37.5],[-93.259,-37.75],[-94.316,-38.5],[-94.483,-38.75],[-94.523,-39.0],[-93.776,-39.75],[-93.725,-40.25],[-92.5,-40.687],[-91.624,-40.75],[-91.549,-41.0],[-91.69,-41.25],[-91.934,-42.25],[-91.929,-42.75],[-91.77,-43.0],[-91.25,-43.305],[-90.53,-43.5],[-90.525,-43.75],[-90.386,-44.0],[-89.0,-44.8],[-88.919,-45.0],[-89.082,-45.25],[-89.059,-45.5],[-89.173,-45.75],[-88.913,-46.5],[-88.388,-47.25],[-88.307,-47.75],[-87.823,-48.25],[-87.701,-48.5],[-88.184,-49.25],[-88.05,-49.5],[-88.012,-50.0],[-87.5,-50.591],[-87.0,-50.646],[-86.5,-50.843],[-86.0,-50.731],[-85.822,-50.25],[-85.845,-50.0],[-85.976,-49.75],[-85.75,-49.393],[-85.25,-49.186],[-84.289,-49.0],[-83.0,-48.394],[-82.25,-47.58],[-82.108,-47.25],[-82.165,-47.0],[-82.036,-46.75],[-81.75,-46.624],[-81.0,-46.492],[-80.25,-46.605],[-79.982,-46.75],[-79.904,-47.5],[-79.5,-47.68],[-79.0,-47.649],[-78.013,-47.25],[-77.894,-47.0],[-78.122,-46.75],[-78.879,-46.5],[-79.013,-46.25],[-78.849,-46.0],[-78.329,-45.5],[-77.0,-43.622],[-76.75,-43.469],[-76.0,-43.294],[-75.25,-42.839],[-75.0,-42.885],[-75.166,-43.5],[-74.95,-43.75],[-74.935,-44.0],[-75.38,-44.75],[-74.999,-45.25],[-75.23,-45.5],[-75.74,-46.5],[-75.75,-46.75],[-75.5,-47.0],[-75.351,-47.0],[-75.035,-47.25],[-75.25,-47.389],[-75.68,-48.0],[-75.763,-48.25],[-75.821,-49.0],[-75.736,-49.264],[-75.752,-49.75],[-75.594,-50.0],[-75.63,-50.25],[-75.497,-50.503],[-75.546,-50.75],[-75.25,-50.987],[-75.362,-51.5],[-75.25,-51.61],[-75.25,-52.0],[-75.023,-52.273],[-75.25,-52.5],[-75.25,-53.0],[-75.0,-53.25],[-74.75,-53.25],[-74.5,-53.0],[-74.25,-53.25],[-73.914,-53.414],[-74.0,-53.5],[-73.786,-53.714],[-74.25,-53.719],[-75.0,-53.912],[-76.402,-54.5],[-76.504,-54.75],[-77.329,-55.25],[-77.958,-55.75],[-80.066,-56.75],[-80.394,-57.25],[-81.689,-58.5],[-82.695,-59.0],[-83.482,-59.5],[-84.79,-60.0],[-85.213,-60.25],[-85.018,-60.5],[-84.488,-60.75],[-85.0,-60.916],[-85.521,-61.25],[-85.615,-62.25],[-86.0,-62.412],[-86.75,-62.57],[-87.08,-62.75],[-86.249,-63.25],[-87.449,-63.75],[-87.41,-64.0],[-87.119,-64.5],[-87.426,-64.75],[-88.446,-65.0],[-88.847,-65.25],[-88.795,-65.5],[-88.5,-65.602],[-87.0,-65.763],[-85.5,-66.034],[-82.75,-65.811],[-81.799,-65.5],[-81.5,-65.294],[-81.299,-65.25],[-80.0,-64.344],[-78.5,-64.078],[-76.75,-64.248],[-74.75,-64.051],[-73.5,-63.654],[-72.5,-63.54],[-72.197,-63.25],[-72.0,-63.183],[-70.5,-63.254],[-69.0,-62.642],[-68.25,-62.574],[-67.25,-62.639],[-66.911,-62.25],[-66.5,-62.032],[-65.0,-61.861],[-64.0,-61.575],[-63.25,-61.223],[-63.0,-61.192],[-62.0,-61.456],[-61.0,-61.537],[-60.0,-61.505],[-58.526,-61.776],[-58.75,-62.0],[-59.0,-62.0],[-59.25,-62.25],[-59.0,-62.5],[-58.75,-62.5],[-58.513,-62.263],[-58.442,-62.5],[-57.798,-62.75],[-57.25,-62.835],[-56.75,-62.771],[-56.237,-62.5],[-56.096,-62.25],[-54.794,-61.75],[-54.554,-61.5],[-55.105,-61.25],[-55.25,-60.963],[-55.0,-60.898],[-54.5,-61.073],[-54.183,-61.0],[-53.74,-60.75],[-53.717,-60.5],[-52.288,-60.25],[-51.642,-59.75],[-50.75,-59.391],[-48.883,-59.0],[-48.871,-58.75],[-48.364,-58.5],[-47.0,-58.473],[-45.982,-58.25],[-45.494,-58.0],[-45.25,-57.689],[-44.75,-57.391],[-44.339,-57.25],[-44.94,-57.0],[-44.5,-56.687],[-43.0,-56.166],[-41.75,-55.835],[-39.5,-55.481],[-38.156,-55.0],[-36.75,-54.904],[-36.626,-54.75],[-37.0,-54.732],[-37.219,-54.5],[-36.75,-54.5],[-36.369,-54.881],[-36.494,-55.0],[-36.25,-55.222],[-36.239,-55.0],[-36.0,-55.0],[-35.879,-54.879],[-35.415,-54.75],[-35.228,-54.5],[-35.454,-54.25],[-36.0,-54.031],[-36.75,-53.89],[-37.371,-53.879],[-37.5,-53.75],[-37.606,-53.75],[-37.5,-53.709],[-36.75,-53.569],[-34.5,-53.501],[-33.0,-53.676],[-31.75,-53.698],[-31.25,-53.918],[-31.0,-53.917],[-28.924,-53.5],[-28.249,-53.25],[-28.5,-53.013],[-28.666,-53.0],[-27.75,-52.798],[-27.0,-52.856],[-25.5,-53.217],[-24.75,-53.089],[-24.25,-53.122],[-23.986,-53.25],[-23.737,-54.25],[-23.5,-54.384],[-22.75,-54.741],[-21.75,-54.821],[-20.594,-55.5],[-20.25,-55.841],[-19.254,-56.5],[-18.75,-56.62],[-18.547,-56.75],[-18.056,-57.25],[-17.25,-57.301],[-16.75,-57.513],[-16.25,-57.585],[-15.75,-57.593],[-15.5,-57.47],[-15.0,-57.418],[-14.0,-57.627],[-13.25,-57.657],[-12.5,-57.492],[-11.25,-57.399],[-10.0,-57.117],[-8.75,-57.208],[-8.0,-57.017],[-7.25,-56.601],[-7.0,-56.548],[-5.5,-56.509],[-4.25,-56.363],[-2.5,-56.548],[-1.5,-56.738],[-1.0,-56.594],[0.25,-56.517],[0.5,-56.396],[1.75,-56.216],[2.5,-56.326],[3.464,-56.75],[4.25,-56.82],[5.0,-56.654],[6.0,-56.603],[7.25,-56.409],[7.75,-56.415],[8.25,-56.53],[8.75,-56.464],[10.0,-56.102],[11.5,-55.839],[12.75,-56.116],[15.435,-57.25],[16.25,-57.338],[17.0,-57.566],[18.25,-57.666],[18.75,-57.812],[20.0,-57.836],[20.5,-57.928],[21.0,-58.23],[22.182,-58.75],[23.233,-59.5],[24.0,-59.92],[25.0,-59.639],[25.75,-59.659],[27.75,-60.73],[28.75,-60.382],[30.5,-60.212],[33.305,-61.0],[34.75,-61.048],[37.0,-60.779],[38.25,-60.417],[39.25,-60.358],[41.25,-60.928],[43.5,-61.106],[45.62,-61.5],[47.647,-61.75],[50.75,-61.886],[54.0,-61.387],[55.75,-61.272],[58.5,-60.581],[60.75,-60.644],[62.25,-60.145],[63.25,-60.102],[63.664,-60.0],[63.386,-59.75],[62.75,-59.537],[62.137,-59.0],[62.239,-58.75],[62.75,-58.212],[63.25,-57.936],[64.5,-57.68],[65.0,-57.658],[69.75,-58.119],[73.75,-57.985],[77.5,-58.075],[79.0,-58.192],[80.341,-58.5],[81.5,-58.629],[81.838,-58.75],[82.75,-58.885],[84.0,-58.946],[84.823,-59.25],[86.75,-59.644],[88.5,-60.511],[90.0,-61.024],[91.75,-61.129],[92.75,-61.409],[93.5,-61.48],[94.75,-61.287],[96.0,-61.513],[97.5,-61.441],[98.25,-61.485],[99.0,-61.606],[100.25,-62.115],[101.0,-62.209],[103.25,-62.031],[104.25,-62.084],[106.75,-62.475],[110.5,-62.907],[112.25,-63.378],[113.75,-63.468],[115.5,-63.441],[117.0,-63.571],[117.75,-63.753],[119.0,-64.198],[120.75,-64.453],[122.0,-64.43],[124.25,-64.215],[126.5,-64.37],[128.0,-64.329],[129.25,-64.162],[130.75,-64.148],[132.5,-63.723],[134.0,-63.628],[134.75,-63.731],[136.0,-64.077],[137.75,-64.349],[138.25,-64.314],[139.75,-63.984],[140.0,-64.001],[140.043,-63.75],[140.25,-63.708],[141.25,-63.645],[141.75,-63.568],[142.0,-63.452],[143.5,-63.324],[144.0,-63.155],[144.5,-63.091],[145.25,-63.295],[147.331,-63.25],[148.0,-62.863],[148.75,-62.579],[149.25,-62.604],[149.665,-62.5],[150.654,-61.75],[151.012,-61.25],[152.0,-60.822],[153.25,-60.144],[153.501,-60.0],[153.5,-59.739],[154.526,-59.25],[155.066,-58.75],[155.633,-58.0],[156.365,-57.5],[156.296,-57.25],[155.796,-57.0],[155.73,-56.75],[155.419,-56.5],[155.409,-56.25],[156.0,-55.921],[157.75,-55.591],[157.887,-55.25],[157.75,-54.906],[157.567,-54.75],[156.5,-54.844],[156.0,-54.811],[155.75,-54.642],[155.678,-54.5],[155.75,-54.372],[156.0,-54.203],[157.5,-53.694],[158.75,-53.601],[159.128,-53.5],[159.21,-53.25],[160.25,-52.965],[161.0,-52.474],[161.6,-51.75],[161.748,-50.5],[162.075,-49.75],[162.9,-48.75],[163.116,-48.25],[163.369,-47.25],[163.328,-47.0],[162.988,-46.25],[162.967,-45.75],[162.795,-45.25],[162.279,-44.5],[161.521,-43.75],[161.413,-43.5],[161.358,-43.0],[161.25,-42.87],[160.0,-42.253],[159.25,-42.213],[158.475,-41.75],[157.75,-41.512],[157.318,-41.25],[157.134,-41.0],[157.216,-40.75],[156.5,-40.257],[156.017,-39.75],[155.651,-39.0],[155.25,-38.551],[155.0,-38.391],[154.5,-38.25],[154.0,-38.222],[153.75,-38.049],[153.379,-37.5],[153.66,-37.25],[153.72,-36.75],[153.478,-36.0],[153.0,-35.443],[152.0,-34.914],[151.54,-35.0],[150.991,-35.25],[150.75,-35.458],[150.656,-35.75],[150.75,-36.387],[151.139,-36.75],[150.93,-37.25],[150.5,-37.622],[150.252,-38.0],[150.016,-38.75],[150.265,-40.25],[150.276,-41.0],[150.143,-41.5],[149.551,-42.25],[148.792,-43.0],[148.25,-43.355],[147.376,-43.624],[147.5,-43.405],[148.268,-43.0],[148.814,-42.0],[148.946,-41.5],[148.908,-41.0],[148.594,-39.75],[148.14,-39.25],[148.034,-39.0],[148.244,-38.5],[148.841,-38.0],[149.142,-37.892],[149.25,-38.0],[149.5,-37.75],[149.75,-37.75],[150.25,-37.25],[150.25,-36.0],[150.5,-35.75],[150.5,-35.5],[151.0,-35.0],[151.0,-34.619],[151.483,-34.0],[151.75,-33.443],[152.5,-33.354],[152.836,-33.0],[153.03,-32.5],[153.11,-31.75],[153.25,-31.39],[153.5,-31.281],[153.677,-31.5],[153.949,-32.25],[154.25,-32.576],[154.412,-33.0],[155.183,-33.5],[155.5,-34.402],[155.75,-34.565],[156.0,-34.462],[156.187,-34.25],[156.937,-33.25],[157.187,-32.75],[157.332,-32.25],[157.421,-31.5],[157.44,-31.25],[157.333,-31.0],[157.0,-30.701],[156.5,-30.794],[156.4,-30.75],[156.25,-30.5],[156.216,-29.5],[156.0,-29.154],[155.343,-29.0],[155.168,-28.5],[155.0,-28.257],[154.746,-28.25],[154.461,-29.75],[154.27,-30.0],[154.0,-30.041],[153.787,-30.25],[153.794,-31.0],[153.75,-31.135],[153.5,-31.19],[153.5,-30.5],[153.727,-30.25],[153.793,-29.75],[153.784,-27.5],[154.0,-26.601],[154.25,-26.486],[155.0,-26.847],[155.25,-26.836],[156.0,-26.473],[156.25,-26.444],[156.75,-26.772],[157.75,-26.168],[158.25,-26.067],[159.146,-26.25],[160.0,-26.73],[162.0,-26.894],[162.5,-26.999],[163.179,-27.5],[163.75,-27.627],[164.25,-28.195],[164.75,-28.063],[165.0,-27.89],[165.5,-27.348],[166.28,-26.75],[166.75,-26.124],[167.25,-26.479],[167.605,-26.25],[168.0,-25.534],[168.25,-25.332],[168.5,-25.23],[169.25,-25.18],[169.75,-25.307],[170.75,-25.932],[171.353,-26.0],[172.75,-26.456],[174.5,-27.205],[175.75,-26.934],[176.0,-26.957],[176.09,-26.75],[176.009,-26.5],[176.13,-26.0],[177.004,-24.5],[177.353,-23.5],[177.509,-22.75],[177.796,-22.25],[177.911,-21.75],[177.5,-21.582],[176.803,-21.75],[176.842,-22.0],[176.039,-23.25],[175.713,-24.0],[174.75,-25.026],[174.5,-25.062],[174.25,-24.927],[173.5,-25.425],[173.25,-25.286],[173.322,-24.25],[173.852,-22.25],[174.159,-21.5],[174.142,-20.75],[174.31,-20.5],[174.5,-19.897],[174.758,-19.5],[174.75,-19.381],[174.73,-19.25],[174.5,-19.074],[174.25,-19.088],[173.75,-19.186],[172.5,-19.689],[171.75,-19.585],[171.374,-19.0],[171.471,-18.75],[171.791,-18.5],[171.891,-18.25],[172.047,-17.25],[172.304,-16.75],[172.282,-16.5],[172.387,-16.25],[172.597,-16.0],[172.75,-15.585],[173.0,-15.345],[173.5,-15.043],[174.406,-14.75],[174.693,-14.25],[175.117,-14.25],[175.251,-14.5],[175.114,-15.0],[175.213,-15.5],[175.05,-16.75],[175.383,-17.25],[175.5,-17.628],[175.574,-17.5],[175.995,-17.25],[176.25,-17.257],[176.5,-17.382],[176.75,-17.708],[176.839,-18.5],[177.128,-18.75],[177.226,-19.25],[177.128,-19.75],[176.897,-20.25],[177.25,-20.852],[177.5,-20.763],[179.25,-18.786],[179.5,-18.646],[179.562,-18.75],[179.529,-19.0],[179.75,-19.2],[179.75,-26.125],[179.25,-26.113],[178.5,-25.967],[177.75,-25.998],[177.0,-26.626],[176.279,-27.0],[176.257,-27.25],[176.75,-27.473],[177.543,-27.25],[177.413,-27.75],[177.504,-28.25],[177.826,-28.75],[178.25,-29.025],[179.0,-29.036],[179.25,-29.153],[179.75,-29.619],[179.75,-38.706],[179.25,-38.597],[178.941,-38.25],[178.75,-38.188],[178.5,-38.334],[178.5,-38.02],[178.637,-37.75],[178.5,-37.417],[177.75,-37.184],[177.0,-36.783],[174.5,-35.123],[173.199,-34.449],[173.018,-34.268],[173.25,-34.136],[173.75,-34.144],[175.0,-34.396],[175.75,-34.746],[176.25,-34.633],[176.75,-34.399],[177.0,-34.405],[177.614,-33.75],[176.5,-33.584],[175.901,-33.25],[175.608,-33.0],[175.814,-32.75],[175.715,-32.5],[175.25,-32.148],[174.25,-31.703],[173.75,-31.915],[173.573,-31.75],[173.73,-31.5],[173.75,-31.226],[173.5,-30.882],[173.25,-30.798],[172.25,-31.038],[171.75,-30.941],[171.25,-30.962],[169.876,-31.75],[169.0,-31.821],[168.25,-32.066],[167.98,-32.0],[167.75,-31.7],[167.5,-31.624],[167.25,-31.658],[166.25,-31.956],[165.5,-32.363],[165.25,-32.416],[164.75,-32.312],[163.925,-31.75],[163.75,-31.44],[163.5,-31.397],[162.778,-31.75],[162.25,-32.65],[161.83,-33.0],[161.808,-33.5],[161.673,-34.0],[161.419,-34.5],[161.423,-34.75],[161.661,-35.25],[161.7,-35.5],[161.716,-36.75],[161.973,-37.25],[162.413,-37.75],[162.537,-38.25],[162.986,-39.25],[164.0,-39.903],[164.75,-40.119],[165.5,-41.109],[166.0,-41.407],[168.0,-42.044],[168.5,-42.118],[168.75,-42.07],[170.088,-41.5],[171.08,-40.75],[172.945,-40.0],[173.5,-39.625],[173.639,-39.389],[174.0,-39.75],[174.172,-39.75],[174.066,-40.0],[173.75,-40.152],[172.5,-40.5],[172.176,-40.75],[172.0,-41.0],[172.0,-41.25],[171.733,-41.5],[171.5,-41.5],[171.25,-41.75],[171.25,-42.0],[171.0,-42.25],[171.0,-42.386],[170.886,-42.5],[169.75,-43.196],[168.5,-43.804],[167.74,-44.51],[167.5,-44.545],[166.654,-45.25],[166.25,-45.75],[166.25,-46.0],[166.577,-46.25],[166.903,-46.75],[166.364,-47.25],[166.389,-47.5],[166.542,-47.75],[166.497,-48.0],[166.75,-48.213],[167.36,-48.25],[167.75,-48.42],[168.25,-48.45],[168.531,-48.0],[168.541,-47.75],[168.658,-47.5],[169.25,-47.212],[169.428,-47.0],[170.149,-46.5],[170.75,-46.201],[171.0,-46.194],[171.25,-46.381],[171.5,-46.442],[171.75,-46.463],[172.0,-46.381],[173.5,-45.551],[174.5,-44.748],[175.5,-44.108],[176.212,-43.25],[176.258,-43.0],[176.081,-42.5],[175.674,-41.75],[175.725,-41.525],[176.5,-40.75],[176.5,-40.5],[176.75,-40.5],[177.0,-40.25],[177.0,-40.0],[177.239,-39.761],[177.231,-40.25],[177.316,-40.5],[177.742,-41.0],[179.0,-41.751],[179.75,-42.044],[179.75,-51.544],[179.0,-51.825],[178.369,-52.25],[179.085,-52.75],[179.077,-53.0],[177.865,-53.75],[177.628,-54.0],[177.581,-54.25],[177.609,-54.5],[177.9,-54.75],[179.0,-54.809],[179.18,-55.0],[178.75,-55.31],[177.934,-55.5],[177.706,-55.75],[178.0,-56.046],[178.75,-56.481],[179.331,-57.0],[179.145,-57.25],[178.731,-57.5],[178.015,-57.75],[177.746,-58.0],[178.07,-58.25],[179.286,-58.75],[178.777,-59.0],[178.985,-59.25],[179.25,-59.393],[179.75,-59.484],[179.75,-60.133],[179.636,-60.75],[179.75,-60.863],[179.75,-64.536],[179.236,-64.0],[176.779,-63.0],[175.861,-62.5],[176.04,-62.25],[175.0,-62.142],[173.919,-62.25],[172.5,-63.041],[171.75,-63.114],[171.0,-63.06],[170.25,-63.424],[170.0,-63.636],[169.25,-63.612],[168.95,-63.75],[168.25,-63.808],[167.25,-63.771],[167.0,-63.534],[166.788,-63.5],[165.5,-62.908],[165.25,-62.881],[163.0,-62.731],[160.0,-62.652],[158.25,-62.506],[157.0,-62.712],[155.0,-62.392],[154.5,-62.536],[153.5,-62.583],[152.75,-62.771],[151.75,-62.774],[151.5,-62.67],[151.0,-62.815],[150.25,-62.879],[148.75,-62.876],[147.75,-63.347],[147.5,-63.393],[145.25,-63.437],[144.25,-63.316],[140.5,-63.921],[140.0,-64.162],[138.942,-64.25],[138.5,-64.407],[138.0,-64.465],[137.25,-64.448],[134.75,-63.951],[133.0,-63.89],[131.919,-64.0],[131.25,-64.192],[130.5,-64.296],[128.25,-64.462],[124.5,-64.406],[122.25,-64.691],[120.75,-64.728],[119.25,-64.581],[116.25,-64.122],[115.25,-64.083],[113.25,-64.168],[112.0,-64.063],[108.0,-63.303],[106.0,-63.036],[103.5,-62.586],[100.5,-62.562],[98.75,-62.176],[97.75,-62.068],[94.5,-61.957],[92.25,-62.041],[91.25,-61.993],[90.25,-61.717],[88.75,-61.528],[88.25,-61.333],[87.75,-60.969],[86.523,-60.75],[86.0,-60.418],[85.5,-59.891],[84.25,-59.506],[82.75,-59.443],[81.25,-59.189],[78.0,-59.775],[75.5,-59.56],[74.25,-59.379],[73.75,-59.171],[73.5,-59.279],[73.0,-59.84],[72.632,-60.0],[71.75,-60.143],[71.205,-60.5],[70.75,-60.572],[69.5,-60.539],[67.5,-60.715],[67.0,-60.964],[66.537,-61.5],[65.714,-61.75],[64.75,-61.793],[64.5,-61.691],[64.0,-61.669],[60.864,-61.75],[58.0,-62.112],[56.75,-62.122],[55.5,-62.237],[53.25,-62.164],[51.5,-62.43],[50.25,-62.471],[48.5,-62.363],[45.868,-62.0],[40.0,-61.533],[39.75,-61.438],[39.667,-61.25],[39.25,-60.868],[39.0,-60.824],[34.5,-61.27],[32.5,-61.135],[31.661,-60.75],[30.75,-60.525],[30.25,-60.498],[28.75,-60.673],[28.444,-60.75],[27.75,-61.126],[27.25,-61.184],[27.116,-61.0],[27.064,-60.75],[26.25,-60.404],[25.75,-59.965],[25.25,-59.882],[24.0,-60.17],[23.5,-60.104],[23.0,-59.746],[21.822,-59.25],[21.412,-58.75],[20.0,-58.206],[18.25,-57.958],[17.0,-57.874],[16.0,-57.622],[14.25,-57.379],[13.5,-57.058],[13.0,-56.584],[12.25,-56.365],[11.0,-56.349],[8.75,-56.821],[6.0,-56.907],[4.25,-57.141],[3.25,-57.062],[2.25,-56.679],[1.5,-56.586],[-1.0,-57.057],[-4.25,-56.939],[-5.5,-56.783],[-7.0,-56.918],[-8.5,-57.387],[-10.0,-57.358],[-13.0,-57.999],[-13.75,-57.98],[-14.75,-57.788],[-15.75,-57.92],[-17.5,-57.587],[-18.75,-57.51],[-19.25,-57.335],[-19.535,-57.0],[-19.75,-56.901],[-21.25,-56.602],[-21.75,-56.685],[-22.0,-56.923],[-22.25,-56.964],[-23.25,-56.639],[-24.467,-56.5],[-25.473,-55.75],[-25.573,-55.25],[-25.75,-55.074],[-26.5,-54.742],[-29.5,-54.72],[-30.207,-55.0],[-30.605,-55.25],[-30.437,-56.25],[-30.526,-56.5],[-31.0,-56.95],[-31.455,-57.25],[-33.25,-57.33],[-34.5,-57.541],[-37.0,-57.685],[-37.25,-57.739],[-37.75,-58.076],[-38.25,-58.133],[-38.5,-58.291],[-39.75,-58.328],[-40.25,-58.513],[-41.25,-58.557],[-42.939,-59.25],[-43.814,-59.5],[-45.75,-59.847],[-46.139,-60.0],[-46.75,-59.966],[-47.75,-60.258],[-48.75,-60.316],[-51.0,-60.776],[-51.25,-60.727],[-52.664,-61.25],[-53.5,-61.398],[-54.25,-61.768],[-55.75,-62.229],[-55.687,-62.5],[-56.006,-62.75],[-56.039,-62.961],[-56.25,-62.75],[-56.75,-63.075],[-57.0,-63.073],[-57.232,-63.25],[-57.75,-63.06],[-58.0,-63.069],[-58.285,-63.25],[-59.151,-63.0],[-59.5,-62.436],[-59.75,-62.25],[-60.0,-62.25],[-60.06,-62.31],[-60.75,-62.294],[-61.2,-62.55],[-61.25,-62.5],[-61.5,-62.75],[-61.25,-63.0],[-60.993,-63.0],[-60.5,-63.197],[-60.0,-63.171],[-59.756,-63.25],[-60.624,-63.5],[-61.25,-63.534],[-61.486,-63.5],[-61.235,-63.25],[-62.0,-63.22],[-62.75,-63.486],[-63.25,-63.521],[-63.501,-63.25],[-63.288,-63.0],[-63.0,-62.897],[-62.75,-63.094],[-62.638,-63.0],[-62.824,-62.75],[-62.11,-62.0],[-62.5,-61.706],[-63.0,-61.693],[-64.75,-62.1],[-65.911,-62.25],[-66.664,-62.75],[-67.25,-62.907],[-68.25,-62.782],[-68.5,-62.815],[-69.441,-63.25],[-70.0,-63.419],[-71.5,-63.562],[-73.674,-64.0],[-74.75,-64.308],[-76.25,-64.431],[-76.75,-64.606],[-77.25,-64.678],[-78.25,-64.421],[-79.371,-64.5],[-79.98,-64.75],[-80.75,-65.358],[-82.0,-65.941],[-83.0,-66.337],[-84.0,-66.586],[-85.25,-66.514],[-86.25,-66.577],[-86.5,-66.717],[-87.0,-66.331],[-87.5,-66.222],[-88.25,-66.372],[-90.5,-66.6],[-91.0,-66.82],[-92.0,-66.945],[-93.25,-67.292],[-94.0,-67.167],[-95.0,-67.152],[-95.5,-67.177],[-95.75,-67.301],[-96.75,-67.342],[-98.75,-67.339],[-100.324,-66.75]]]},"properties":{"hvalue":2.0,"color":"#6c99d2"}},{"type":"Feature","geometry":{"type":"Polygon","coordinates":[[[-17.0,27.326],[-17.012,27.5],[-17.0,27.548],[-16.987,27.5],[-17.0,27.326]]]},"properties":{"hvalue":2.0,"color":"#6c99d2"}},{"type":"Feature","geometry":{"type":"Polygon","coordinates":[[[-9.952,39.5],[-9.75,39.548],[-9.659,39.5],[-9.75,39.47],[-9.952,39.5]]]},"properties":{"hvalue":2.0,"color":"#6c99d2"}},{"type":"Feature","geometry":{"type":"Polygon","coordinates":[[[39.5,42.696],[39.75,42.714],[39.928,42.5],[39.75,42.446],[39.396,42.5],[39.5,42.696]]]},"properties":{"hvalue":2.0,"color":"#6c99d2"}},{"type":"Feature","geometry":{"type":"Polygon","coordinates":[[[-8.75,44.875],[-6.75,44.83],[-5.75,44.87],[-5.199,44.75],[-5.491,44.5],[-6.25,44.156],[-7.25,44.094],[-8.0,44.122],[-8.623,44.25],[-9.029,44.75],[-8.75,44.875]]]},"properties":{"hvalue":2.0,"color":"#6c99d2"}},{"type":"Feature","geometry":{"type":"Polygon","coordinates":[[[-10.072,53.75],[-10.239,53.511],[-10.285,54.0],[-10.223,54.223],[-10.123,54.123],[-10.072,53.75]]]},"properties":{"hvalue":2.0,"color":"#6c99d2"}},{"type":"Feature","geometry":{"type":"Polygon","coordinates":[[[-8.75,54.5],[-9.608,54.5],[-8.964,54.714],[-8.75,54.5]]]},"properties":{"hvalue":2.0,"color":"#6c99d2"}},{"type":"Feature","geometry":{"type":"Polygon","coordinates":[[[-8.307,55.25],[-8.0,55.428],[-7.795,55.455],[-8.029,55.25],[-8.307,55.25]]]},"properties":{"hvalue":2.0,"color":"#6c99d2"}},{"type":"Feature","geometry":{"type":"Polygon","coordinates":[[[-6.463,55.463],[-6.5,55.5],[-6.26,55.5],[-6.463,55.463]]]},"properties":{"hvalue":2.0,"color":"#6c99d2"}},{"type":"Feature","geometry":{"type":"Polygon","coordinates":[[[-7.474,55.5],[-6.736,55.764],[-6.5,55.5],[-6.919,55.419],[-7.0,55.5],[-7.474,55.5]]]},"properties":{"hvalue":2.0,"color":"#6c99d2"}},{"type":"Feature","geometry":{"type":"Polygon","coordinates":[[[-6.75,56.847],[-7.0,56.9],[-7.25,56.851],[-7.538,57.0],[-7.409,57.159],[-7.25,57.0],[-6.954,57.25],[-6.75,57.348],[-6.579,57.329],[-6.5,57.25],[-6.5,57.0],[-6.275,56.75],[-6.5,56.5],[-6.25,56.25],[-5.96,56.25],[-6.079,56.0],[-6.475,56.0],[-6.416,56.25],[-6.75,56.348],[-6.918,56.5],[-6.682,56.75],[-6.75,56.847]]]},"properties":{"hvalue":2.0,"color":"#6c99d2"}},{"type":"Feature","geometry":{"type":"Polygon","coordinates":[[[-7.384,57.75],[-7.144,57.894],[-7.055,57.805],[-7.25,57.753],[-7.389,57.611],[-7.384,57.75]]]},"properties":{"hvalue":2.0,"color":"#6c99d2"}},{"type":"Feature","geometry":{"type":"Polygon","coordinates":[[[-6.962,61.788],[-6.847,61.903],[-6.753,61.747],[-6.868,61.632],[-6.962,61.788]]]},"properties":{"hvalue":2.0,"color":"#6c99d2"}},{"type":"Feature","geometry":{"type":"Polygon","coordinates":[[[-6.25,58.662],[-5.267,58.75],[-4.736,59.0],[-3.25,59.872],[-2.5,60.004],[-2.25,60.122],[-1.938,60.5],[-1.997,61.0],[-1.95,61.5],[-1.25,62.257],[-1.5,62.4],[-2.25,62.273],[-3.0,62.52],[-4.25,62.413],[-4.75,62.296],[-6.501,61.499],[-6.743,61.743],[-6.5,61.838],[-6.213,62.25],[-6.207,62.5],[-6.5,62.558],[-7.25,62.5],[-7.513,62.25],[-7.25,62.537],[-6.983,62.75],[-6.785,63.0],[-6.709,63.25],[-6.696,63.75],[-6.804,64.0],[-7.0,64.161],[-8.25,64.552],[-10.606,65.0],[-10.75,65.446],[-11.0,65.528],[-12.0,65.516],[-12.75,65.388],[-13.25,65.255],[-13.505,65.005],[-13.75,65.25],[-13.5,65.5],[-13.75,65.75],[-13.896,65.75],[-13.25,66.025],[-12.5,66.195],[-10.0,66.536],[-5.25,66.682],[-3.25,66.857],[-0.25,67.288],[1.0,67.377],[2.5,67.364],[3.433,67.25],[3.75,67.083],[4.75,66.864],[5.678,66.5],[6.75,66.305],[8.25,65.883],[8.75,65.64],[9.465,65.0],[9.333,64.5],[9.111,64.25],[7.692,63.5],[6.0,63.181],[5.5,62.978],[5.0,62.563],[4.25,61.66],[4.0,61.447],[3.5,61.197],[2.75,61.02],[0.0,60.86],[-0.75,60.885],[-1.0,60.869],[-1.201,60.701],[-1.5,60.75],[-1.75,60.5],[-1.75,60.25],[-1.5,60.0],[-1.406,60.0],[-1.25,59.809],[-0.301,59.75],[-1.5,59.614],[-2.0,59.457],[-3.0,59.373],[-3.25,59.25],[-3.5,58.973],[-3.75,58.891],[-4.284,58.75],[-5.0,58.75],[-5.5,58.24],[-5.75,58.198],[-5.889,58.5],[-6.491,58.5],[-6.25,58.662]]]},"properties":{"hvalue":2.0,"color":"#6c99d2"}},{"type":"Feature","geometry":{"type":"Polygon","coordinates":[[[-18.05,63.45],[-18.0,63.5],[-17.912,63.5],[-18.0,63.462],[-18.05,63.45]]]},"properties":{"hvalue":2.0,"color":"#6c99d2"}},{"type":"Feature","geometry":{"type":"Polygon","coordinates":[[[-16.708,63.75],[-17.5,63.596],[-17.691,63.559],[-17.5,63.75],[-16.708,63.75]]]},"properties":{"hvalue":2.0,"color":"#6c99d2"}},{"type":"Feature","geometry":{"type":"Polygon","coordinates":[[[-16.25,63.988],[-16.25,64.0],[-16.19,64.0],[-16.25,63.988]]]},"properties":{"hvalue":2.0,"color":"#6c99d2"}},{"type":"Feature","geometry":{"type":"Polygon","coordinates":[[[-15.672,64.078],[-15.5,64.25],[-14.902,64.25],[-15.25,64.125],[-15.672,64.078]]]},"properties":{"hvalue":2.0,"color":"#6c99d2"}},{"type":"Feature","geometry":{"type":"Polygon","coordinates":[[[-14.281,64.5],[-14.677,64.323],[-14.5,64.5],[-14.281,64.5]]]},"properties":{"hvalue":2.0,"color":"#6c99d2"}},{"type":"Feature","geometry":{"type":"Polygon","coordinates":[[[-13.801,64.75],[-14.219,64.531],[-14.0,64.75],[-13.801,64.75]]]},"properties":{"hvalue":2.0,"color":"#6c99d2"}},{"type":"Feature","geometry":{"type":"Polygon","coordinates":[[[10.109,66.75],[10.371,66.5],[9.983,66.5],[9.289,66.75],[10.109,66.75]]]},"properties":{"hvalue":2.0,"color":"#6c99d2"}},{"type":"Feature","geometry":{"type":"Polygon","coordinates":[[[10.545,66.75],[10.75,66.758],[10.77,66.75],[10.75,66.717],[10.545,66.75]]]},"properties":{"hvalue":2.0,"color":"#6c99d2"}},{"type":"Feature","geometry":{"type":"Polygon","coordinates":[[[-10.449,72.25],[-10.554,72.5],[-10.482,72.75],[-10.343,73.0],[-10.0,73.253],[-9.5,73.458],[-8.5,73.656],[-7.606,74.0],[-6.0,74.436],[-5.75,74.406],[-5.539,74.25],[-5.391,74.0],[-4.75,73.376],[-3.75,72.814],[-3.627,72.5],[-3.818,72.25],[-4.227,72.0],[-5.5,71.703],[-6.5,71.599],[-7.5,71.608],[-9.25,71.791],[-10.062,72.0],[-10.449,72.25]]]},"properties":{"hvalue":2.0,"color":"#6c99d2"}},{"type":"Feature","geometry":{"type":"Polygon","coordinates":[[[6.609,72.0],[5.008,72.75],[4.186,73.25],[3.75,73.344],[2.25,73.392],[1.75,73.634],[1.621,73.75],[1.604,74.0],[2.01,74.75],[1.798,75.25],[1.796,76.0],[1.924,76.25],[2.527,76.75],[2.961,77.25],[3.336,77.5],[5.5,78.18],[6.399,78.75],[7.571,79.25],[9.0,79.586],[9.5,79.648],[10.0,79.577],[10.152,79.5],[10.25,79.312],[10.166,79.0],[10.25,78.874],[10.5,78.696],[10.75,78.65],[10.75,78.5],[11.0,78.25],[11.75,78.265],[12.0,78.119],[13.471,78.0],[13.298,77.75],[13.75,77.343],[14.0,77.287],[14.25,77.0],[15.439,77.0],[15.69,76.75],[16.0,76.649],[16.5,76.334],[18.169,76.25],[17.921,75.75],[17.25,75.415],[15.463,74.75],[15.028,74.5],[11.75,73.625],[10.22,73.0],[9.229,72.5],[8.975,72.25],[8.964,72.0],[8.75,71.664],[7.75,71.366],[7.66,71.25],[7.909,71.0],[7.998,70.75],[7.75,70.595],[7.25,70.482],[6.988,70.5],[6.835,70.75],[6.97,71.0],[6.888,71.25],[6.963,71.5],[6.885,71.75],[6.609,72.0]]]},"properties":{"hvalue":2.0,"color":"#6c99d2"}},{"type":"Feature","geometry":{"type":"Polygon","coordinates":[[[123.414,-66.75],[123.5,-66.73],[123.52,-66.73],[123.5,-66.75],[123.414,-66.75]]]},"properties":{"hvalue":2.0,"color":"#6c99d2"}},{"type":"Feature","geometry":{"type":"Polygon","coordinates":[[[125.5,-66.5],[125.5,-66.494],[125.505,-66.495],[125.5,-66.5]]]},"properties":{"hvalue":2.0,"color":"#6c99d2"}},{"type":"Feature","geometry":{"type":"Polygon","coordinates":[[[107.0,-66.5],[106.964,-66.464],[107.028,-66.5],[107.0,-66.5]]]},"properties":{"hvalue":2.0,"color":"#6c99d2"}},{"type":"Feature","geometry":{"type":"Polygon","coordinates":[[[69.5,-49.75],[69.657,-49.593],[70.0,-49.552],[70.241,-49.259],[70.273,-49.75],[70.0,-49.892],[69.0,-49.775],[68.888,-49.388],[69.0,-49.503],[69.341,-49.591],[69.5,-49.75]]]},"properties":{"hvalue":2.0,"color":"#6c99d2"}},{"type":"Feature","geometry":{"type":"Polygon","coordinates":[[[69.0,-48.729],[69.788,-49.212],[69.75,-49.25],[69.974,-49.474],[69.75,-49.415],[68.973,-48.777],[69.0,-48.729]]]},"properties":{"hvalue":2.0,"color":"#6c99d2"}},{"type":"Feature","geometry":{"type":"Polygon","coordinates":[[[118.429,-35.0],[118.126,-35.124],[118.25,-35.0],[118.429,-35.0]]]},"properties":{"hvalue":2.0,"color":"#6c99d2"}},{"type":"Feature","geometry":{"type":"Polygon","coordinates":[[[118.598,-34.902],[119.0,-34.5],[119.191,-34.691],[119.0,-34.733],[118.598,-34.902]]]},"properties":{"hvalue":2.0,"color":"#6c99d2"}},{"type":"Feature","geometry":{"type":"Polygon","coordinates":[[[120.5,-34.15],[120.25,-34.201],[119.391,-34.609],[120.0,-34.0],[120.713,-34.0],[120.5,-34.15]]]},"properties":{"hvalue":2.0,"color":"#6c99d2"}},{"type":"Feature","geometry":{"type":"Polygon","coordinates":[[[123.104,-34.104],[122.5,-34.183],[122.322,-34.178],[122.595,-34.0],[123.0,-34.0],[123.104,-34.104]]]},"properties":{"hvalue":2.0,"color":"#6c99d2"}},{"type":"Feature","geometry":{"type":"Polygon","coordinates":[[[122.0,-34.0],[122.159,-34.159],[121.581,-34.0],[121.75,-34.0],[122.0,-34.0]]]},"properties":{"hvalue":2.0,"color":"#6c99d2"}},{"type":"Feature","geometry":{"type":"Polygon","coordinates":[[[115.459,-32.5],[115.576,-31.576],[115.75,-31.799],[115.597,-32.25],[115.633,-32.617],[115.5,-32.75],[115.5,-33.198],[115.108,-33.5],[115.135,-33.615],[114.962,-33.788],[114.913,-33.5],[115.253,-33.0],[115.459,-32.5]]]},"properties":{"hvalue":2.0,"color":"#6c99d2"}},{"type":"Feature","geometry":{"type":"Polygon","coordinates":[[[115.0,-30.428],[114.827,-30.0],[114.826,-29.826],[115.0,-30.032],[115.0,-30.428]]]},"properties":{"hvalue":2.0,"color":"#6c99d2"}},{"type":"Feature","geometry":{"type":"Polygon","coordinates":[[[87.928,-30.0],[87.5,-30.2],[87.408,-30.0],[87.5,-29.868],[88.0,-29.627],[88.167,-29.75],[88.0,-29.837],[87.928,-30.0]]]},"properties":{"hvalue":2.0,"color":"#6c99d2"}},{"type":"Feature","geometry":{"type":"Polygon","coordinates":[[[114.846,-29.654],[114.839,-29.5],[114.843,-29.343],[115.0,-29.5],[114.846,-29.654]]]},"properties":{"hvalue":2.0,"color":"#6c99d2"}},{"type":"Feature","geometry":{"type":"Polygon","coordinates":[[[114.5,-28.571],[114.135,-28.25],[114.158,-28.158],[114.5,-28.5],[114.5,-28.571]]]},"properties":{"hvalue":2.0,"color":"#6c99d2"}},{"type":"Feature","geometry":{"type":"Polygon","coordinates":[[[113.374,-26.25],[113.312,-26.438],[113.293,-26.25],[113.065,-26.0],[113.154,-25.846],[113.144,-26.0],[113.374,-26.25]]]},"properties":{"hvalue":2.0,"color":"#6c99d2"}},{"type":"Feature","geometry":{"type":"Polygon","coordinates":[[[41.096,-25.5],[41.352,-25.5],[41.451,-25.75],[41.25,-25.831],[41.013,-25.75],[41.096,-25.5]]]},"properties":{"hvalue":2.0,"color":"#6c99d2"}},{"type":"Feature","geometry":{"type":"Polygon","coordinates":[[[60.547,-25.5],[60.453,-25.5],[60.5,-25.459],[60.547,-25.5]]]},"properties":{"hvalue":2.0,"color":"#6c99d2"}},{"type":"Feature","geometry":{"type":"Polygon","coordinates":[[[49.5,-24.628],[49.5,-25.002],[49.0,-25.702],[48.919,-25.5],[49.127,-25.25],[49.25,-24.658],[49.5,-24.628]]]},"properties":{"hvalue":2.0,"color":"#6c99d2"}},{"type":"Feature","geometry":{"type":"Polygon","coordinates":[[[113.25,-24.182],[113.25,-24.5],[113.359,-24.609],[113.225,-24.75],[113.168,-25.25],[112.846,-25.654],[113.25,-24.182]]]},"properties":{"hvalue":2.0,"color":"#6c99d2"}},{"type":"Feature","geometry":{"type":"Polygon","coordinates":[[[43.944,-25.25],[43.586,-24.75],[43.543,-24.293],[43.75,-24.5],[43.75,-24.75],[44.25,-25.25],[44.5,-25.25],[45.0,-25.75],[45.5,-25.75],[45.75,-25.5],[46.0,-25.5],[46.25,-25.25],[47.0,-25.25],[47.25,-25.0],[47.25,-24.75],[47.5,-24.5],[47.5,-24.0],[47.75,-23.75],[47.75,-23.25],[47.99,-23.01],[47.5,-24.797],[47.25,-25.483],[47.004,-25.75],[47.116,-26.0],[46.981,-26.0],[46.998,-25.75],[46.5,-25.661],[45.0,-26.101],[44.75,-26.081],[44.25,-25.816],[44.0,-25.792],[43.584,-25.5],[43.944,-25.25]]]},"properties":{"hvalue":2.0,"color":"#6c99d2"}},{"type":"Feature","geometry":{"type":"Polygon","coordinates":[[[113.75,-23.25],[113.5,-23.5],[113.5,-23.75],[113.289,-23.961],[113.66,-22.91],[113.75,-23.0],[113.75,-23.25]]]},"properties":{"hvalue":2.0,"color":"#6c99d2"}},{"type":"Feature","geometry":{"type":"Polygon","coordinates":[[[43.27,-23.02],[43.5,-23.25],[43.5,-23.747],[43.312,-23.25],[43.27,-23.02]]]},"properties":{"hvalue":2.0,"color":"#6c99d2"}},{"type":"Feature","geometry":{"type":"Polygon","coordinates":[[[113.697,-22.25],[113.75,-22.14],[113.69,-22.31],[113.697,-22.25]]]},"properties":{"hvalue":2.0,"color":"#6c99d2"}},{"type":"Feature","geometry":{"type":"Polygon","coordinates":[[[97.25,-29.9],[95.5,-29.587],[95.328,-29.0],[95.017,-28.75],[94.75,-28.694],[94.0,-28.986],[93.75,-28.97],[93.5,-28.825],[93.25,-28.864],[92.25,-29.379],[92.06,-29.25],[92.0,-28.825],[91.75,-28.67],[90.75,-28.804],[90.181,-28.75],[88.361,-29.5],[88.25,-29.609],[88.183,-29.5],[88.0,-29.458],[86.75,-29.661],[86.565,-29.5],[87.016,-29.0],[87.104,-28.75],[87.0,-28.706],[86.0,-29.091],[85.185,-29.25],[84.852,-29.0],[84.854,-28.75],[84.75,-28.684],[84.25,-28.609],[83.75,-28.663],[83.5,-28.546],[83.464,-28.0],[82.964,-27.5],[82.5,-27.324],[81.75,-27.345],[81.486,-27.25],[81.247,-27.0],[81.0,-26.451],[80.5,-26.284],[79.75,-26.324],[79.25,-26.095],[78.5,-26.029],[78.0,-25.729],[77.5,-25.702],[76.75,-25.312],[75.75,-24.508],[75.5,-24.4],[75.0,-24.48],[74.75,-24.32],[74.25,-23.63],[74.0,-23.508],[72.5,-23.611],[72.095,-23.5],[71.5,-23.125],[71.0,-23.019],[70.25,-22.975],[69.25,-22.761],[68.5,-22.791],[68.25,-22.614],[67.75,-21.974],[67.25,-22.224],[66.75,-21.289],[66.0,-21.342],[65.5,-21.25],[65.0,-21.352],[64.5,-21.319],[63.75,-21.748],[63.0,-21.202],[62.5,-21.009],[61.75,-21.111],[60.0,-21.174],[59.5,-20.91],[58.75,-20.304],[58.25,-20.247],[58.0,-20.309],[57.739,-20.511],[58.0,-20.25],[57.804,-20.054],[57.852,-19.75],[57.75,-19.52],[57.5,-19.723],[57.337,-20.0],[57.25,-20.5],[57.347,-20.597],[57.0,-20.633],[56.756,-20.75],[56.0,-21.334],[55.896,-21.354],[56.0,-21.25],[55.855,-21.105],[55.955,-20.5],[55.85,-20.25],[55.75,-20.183],[55.5,-20.399],[55.209,-21.0],[55.25,-21.25],[55.457,-21.457],[54.75,-21.433],[54.458,-21.5],[54.75,-22.02],[54.823,-22.75],[54.771,-23.0],[54.25,-23.099],[53.775,-23.5],[53.5,-23.906],[53.25,-23.934],[52.945,-23.75],[52.25,-23.568],[52.0,-23.247],[51.5,-23.266],[51.0,-23.46],[50.0,-23.422],[49.5,-23.308],[48.5,-22.761],[48.25,-22.759],[48.0,-22.974],[48.0,-22.5],[48.25,-22.25],[48.25,-21.942],[48.361,-21.639],[48.5,-21.5],[48.5,-21.085],[48.75,-20.5],[48.75,-20.25],[49.0,-20.0],[49.0,-19.723],[49.194,-19.5],[49.25,-19.272],[49.75,-19.203],[50.5,-18.742],[51.037,-18.25],[51.407,-17.5],[51.375,-17.25],[51.222,-17.0],[51.363,-16.75],[51.5,-16.686],[52.75,-16.45],[53.0,-16.471],[53.25,-16.541],[53.75,-16.95],[54.25,-17.034],[55.223,-17.0],[55.0,-16.97],[54.748,-16.75],[55.0,-16.604],[55.25,-16.678],[55.429,-16.75],[55.26,-17.0],[55.5,-17.024],[55.996,-17.25],[56.5,-17.65],[57.135,-18.0],[57.75,-18.556],[58.003,-18.5],[58.267,-18.25],[59.0,-17.857],[60.0,-17.776],[60.75,-17.986],[62.0,-18.6],[63.0,-18.293],[63.25,-18.303],[63.75,-18.63],[64.0,-18.586],[64.598,-18.25],[64.0,-17.944],[63.27,-17.75],[63.5,-17.555],[64.25,-17.531],[65.75,-17.308],[66.25,-17.044],[66.453,-16.5],[66.466,-16.25],[65.975,-15.75],[66.744,-15.25],[66.499,-15.0],[66.0,-14.823],[63.5,-14.158],[63.245,-14.0],[63.038,-13.75],[62.782,-13.25],[63.0,-13.13],[63.25,-13.116],[65.0,-13.358],[65.302,-13.25],[65.157,-13.0],[65.275,-12.75],[66.0,-12.584],[66.25,-12.639],[67.25,-13.252],[67.572,-12.75],[67.75,-12.638],[68.0,-12.615],[68.978,-12.75],[69.75,-13.104],[70.0,-13.133],[70.378,-13.0],[70.423,-12.5],[70.268,-12.25],[69.299,-11.5],[68.25,-11.27],[67.5,-10.979],[66.621,-11.0],[66.298,-10.75],[65.906,-10.0],[65.75,-9.903],[65.25,-9.681],[64.25,-9.701],[63.75,-9.586],[63.0,-8.985],[62.79,-8.5],[62.912,-7.25],[63.0,-7.114],[63.5,-6.781],[63.599,-6.5],[63.342,-5.75],[62.964,-5.25],[63.0,-5.212],[63.75,-5.36],[64.25,-5.253],[64.458,-5.0],[64.72,-4.25],[64.965,-4.0],[65.25,-3.883],[66.0,-3.803],[66.376,-3.25],[66.5,-3.182],[67.25,-3.114],[68.0,-3.186],[68.5,-2.706],[68.75,-2.653],[69.25,-2.731],[69.323,-3.0],[68.615,-3.25],[69.06,-4.0],[68.971,-5.0],[69.142,-5.75],[68.736,-6.5],[68.719,-7.0],[69.314,-7.75],[70.0,-8.323],[70.75,-8.467],[71.441,-8.25],[71.612,-8.0],[71.654,-7.5],[71.75,-7.403],[72.5,-7.415],[72.656,-7.25],[72.5,-6.85],[72.326,-6.75],[72.75,-6.128],[73.0,-5.914],[73.802,-5.75],[74.497,-5.25],[74.65,-5.0],[74.58,-4.0],[74.474,-3.5],[74.25,-2.967],[75.0,-2.625],[75.25,-2.583],[76.5,-2.699],[76.813,-2.25],[77.25,-1.902],[78.25,-1.729],[78.732,-1.5],[79.044,-1.0],[79.5,-0.587],[80.25,-0.091],[81.25,-0.003],[82.25,0.436],[82.75,0.397],[83.25,0.469],[83.345,0.5],[83.5,0.756],[84.25,0.744],[84.52,1.0],[84.75,1.863],[85.0,1.894],[85.25,1.718],[85.5,1.673],[85.75,1.724],[86.75,2.138],[87.25,2.609],[87.5,2.639],[88.0,2.265],[88.25,2.212],[88.5,2.221],[89.25,2.464],[89.657,2.75],[89.829,3.0],[90.102,3.75],[90.25,4.759],[90.5,4.879],[90.75,4.673],[91.25,3.955],[91.75,4.072],[91.887,4.75],[92.022,6.75],[92.25,7.116],[92.5,7.181],[92.696,7.0],[92.89,6.5],[93.272,6.0],[93.465,4.25],[93.75,3.75],[94.0,3.591],[94.5,3.452],[95.5,2.803],[95.75,2.526],[96.0,2.5],[96.25,2.25],[96.503,2.25],[96.811,2.0],[97.1,1.0],[97.25,0.827],[97.518,0.732],[97.75,0.258],[98.0,0.266],[98.031,0.0],[98.5,-0.936],[98.5,-1.25],[98.75,-1.562],[98.75,-1.75],[99.0,-2.0],[99.25,-2.0],[99.383,-1.867],[99.345,-2.0],[99.806,-2.5],[100.066,-2.934],[100.0,-3.0],[100.25,-3.25],[100.347,-3.153],[100.5,-3.327],[100.588,-3.25],[100.75,-2.407],[101.0,-2.591],[101.0,-2.75],[102.059,-3.75],[102.25,-4.059],[102.75,-4.5],[103.07,-4.57],[103.5,-5.0],[103.732,-5.0],[103.75,-5.25],[104.5,-6.0],[104.563,-5.937],[104.86,-6.0],[105.0,-6.267],[105.083,-6.75],[105.25,-6.912],[106.248,-7.0],[106.25,-7.25],[106.5,-7.5],[107.228,-7.5],[107.5,-7.75],[108.01,-7.76],[108.25,-8.0],[108.5,-8.0],[108.69,-7.81],[110.0,-8.212],[110.399,-8.25],[110.902,-8.5],[111.25,-8.782],[111.988,-8.5],[112.75,-8.65],[113.0,-8.517],[113.25,-8.65],[113.5,-8.582],[113.75,-8.75],[114.142,-8.75],[114.25,-8.937],[114.5,-9.021],[115.5,-9.0],[115.887,-8.887],[116.0,-9.0],[116.178,-9.0],[116.156,-9.25],[116.002,-9.5],[115.75,-9.687],[114.75,-9.993],[114.469,-10.25],[114.16,-11.25],[114.143,-11.75],[114.25,-11.939],[114.715,-11.5],[114.75,-11.333],[115.0,-12.049],[115.5,-11.808],[116.75,-12.01],[117.0,-11.979],[118.75,-11.119],[119.0,-11.138],[119.041,-11.25],[119.004,-12.0],[118.682,-13.0],[118.679,-13.25],[118.75,-13.414],[119.184,-13.75],[119.294,-14.25],[118.91,-15.5],[118.594,-16.25],[118.302,-16.75],[117.838,-17.25],[117.347,-18.0],[115.5,-19.831],[114.558,-21.25],[114.071,-21.821],[114.0,-21.75],[113.822,-21.928],[113.848,-21.75],[114.132,-21.25],[114.291,-20.25],[114.786,-19.0],[114.916,-18.25],[114.901,-17.75],[114.75,-17.317],[114.5,-17.243],[113.75,-17.67],[113.75,-17.354],[114.25,-16.5],[114.5,-16.37],[114.75,-16.035],[114.75,-15.86],[114.5,-15.796],[114.0,-15.982],[113.5,-15.563],[113.25,-15.524],[113.0,-15.627],[112.5,-16.163],[112.25,-16.073],[112.114,-15.75],[112.042,-14.5],[111.797,-13.75],[111.5,-13.233],[110.75,-12.662],[110.5,-12.751],[110.0,-13.395],[109.25,-13.888],[109.0,-14.261],[108.75,-14.436],[108.5,-14.384],[108.25,-14.189],[107.5,-12.75],[106.787,-12.0],[106.25,-12.284],[105.75,-11.681],[105.5,-11.655],[104.5,-11.931],[103.75,-12.311],[103.25,-12.69],[103.0,-12.639],[102.5,-12.371],[101.75,-12.229],[100.75,-12.521],[99.75,-12.545],[98.5,-12.934],[97.25,-12.815],[96.75,-13.208],[96.25,-13.357],[95.5,-13.305],[95.0,-13.08],[94.694,-12.75],[94.662,-12.5],[95.0,-11.963],[95.607,-11.5],[95.682,-11.25],[96.227,-10.5],[96.606,-9.75],[96.623,-9.5],[96.5,-9.216],[96.0,-9.09],[95.25,-8.757],[94.75,-8.913],[94.5,-8.885],[93.75,-8.511],[92.25,-8.41],[91.25,-8.599],[90.25,-8.658],[89.25,-8.481],[89.0,-8.551],[88.5,-8.917],[88.25,-8.926],[87.554,-8.5],[87.25,-8.41],[86.75,-8.581],[85.75,-8.756],[85.0,-9.474],[84.391,-10.25],[84.313,-10.75],[84.389,-11.25],[84.543,-11.5],[85.0,-11.867],[85.671,-12.25],[85.5,-12.367],[84.5,-12.34],[83.75,-12.437],[83.274,-12.75],[83.33,-13.0],[83.75,-13.223],[85.253,-13.75],[85.493,-14.25],[85.25,-14.387],[84.75,-14.397],[84.383,-14.5],[84.539,-14.75],[85.061,-15.25],[85.5,-15.991],[85.75,-15.977],[86.25,-15.715],[86.5,-15.691],[86.75,-15.729],[87.033,-16.0],[87.057,-16.25],[86.844,-16.75],[86.613,-17.0],[86.702,-17.25],[87.5,-17.413],[88.0,-17.233],[88.25,-17.304],[88.386,-17.5],[88.414,-18.0],[88.842,-20.0],[89.0,-20.216],[89.25,-20.211],[90.0,-19.94],[91.0,-19.493],[91.5,-19.486],[92.25,-19.851],[92.682,-20.25],[92.811,-20.5],[93.227,-20.75],[93.524,-21.25],[93.656,-21.75],[93.945,-22.0],[94.75,-22.348],[95.25,-22.348],[95.5,-22.506],[95.75,-23.307],[96.0,-23.374],[96.25,-23.323],[96.5,-23.456],[96.5,-23.792],[96.25,-23.968],[96.0,-24.01],[95.927,-24.25],[96.5,-25.47],[96.75,-25.72],[97.496,-26.0],[97.724,-26.25],[97.823,-27.5],[98.0,-27.71],[98.25,-27.769],[99.0,-27.552],[99.25,-27.628],[99.317,-27.75],[99.288,-28.0],[99.5,-28.194],[99.75,-28.254],[99.92,-28.5],[99.92,-28.75],[99.75,-29.267],[99.5,-29.631],[98.5,-30.059],[97.25,-29.9]]]},"properties":{"hvalue":2.0,"color":"#6c99d2"}},{"type":"Feature","geometry":{"type":"Polygon","coordinates":[[[51.133,-8.75],[51.0,-8.609],[50.5,-8.745],[50.25,-8.714],[49.0,-8.185],[48.25,-8.044],[47.25,-7.643],[46.392,-7.0],[45.25,-5.59],[44.754,-5.25],[44.5,-5.26],[44.0,-4.942],[43.409,-4.25],[42.923,-3.25],[42.791,-2.25],[43.0,-1.696],[43.25,-1.436],[43.5,-1.429],[43.75,-1.526],[45.0,-2.657],[45.75,-3.024],[46.25,-2.971],[46.528,-2.75],[46.699,-2.5],[46.752,-2.25],[47.0,-2.098],[47.5,-2.451],[47.75,-2.491],[48.0,-2.713],[48.25,-2.771],[48.75,-2.453],[49.0,-2.505],[49.715,-3.25],[50.0,-3.387],[50.29,-4.0],[51.25,-4.337],[51.5,-4.701],[52.25,-5.254],[52.611,-6.0],[52.75,-6.121],[53.0,-6.137],[53.25,-6.051],[53.5,-5.711],[53.75,-5.638],[53.881,-5.5],[53.635,-5.0],[53.75,-4.718],[54.0,-4.713],[54.25,-4.885],[54.75,-4.937],[56.5,-5.648],[57.0,-5.567],[57.25,-5.088],[58.47,-5.5],[59.5,-6.203],[60.021,-6.25],[60.206,-6.5],[60.309,-7.0],[60.22,-7.5],[59.75,-7.948],[59.52,-8.5],[59.25,-8.86],[59.0,-9.107],[58.25,-9.163],[58.156,-9.5],[58.0,-9.653],[57.75,-9.736],[57.5,-9.691],[57.0,-9.386],[56.75,-9.359],[56.25,-9.517],[55.5,-9.446],[55.0,-9.592],[54.5,-9.959],[54.0,-10.157],[52.5,-10.351],[52.0,-10.325],[51.5,-10.184],[51.25,-9.889],[51.237,-9.25],[51.067,-9.0],[51.133,-8.75]]]},"properties":{"hvalue":2.0,"color":"#6c99d2"}},{"type":"Feature","geometry":{"type":"Polygon","coordinates":[[[84.75,5.139],[85.006,6.5],[85.25,7.025],[85.5,7.184],[85.75,7.198],[85.894,7.0],[85.901,6.25],[85.545,5.5],[85.601,5.0],[85.517,4.5],[85.25,4.34],[84.722,4.75],[84.599,5.0],[84.75,5.139]]]},"properties":{"hvalue":2.0,"color":"#6c99d2"}},{"type":"Feature","geometry":{"type":"Polygon","coordinates":[[[87.478,8.0],[87.25,7.651],[87.13,8.25],[87.134,8.5],[87.25,8.676],[87.388,8.5],[87.478,8.0]]]},"properties":{"hvalue":2.0,"color":"#6c99d2"}},{"type":"Feature","geometry":{"type":"Polygon","coordinates":[[[54.25,7.087],[52.358,9.5],[52.231,9.75],[52.146,10.25],[52.0,10.311],[51.5,10.075],[51.25,10.16],[51.199,10.25],[51.546,10.5],[51.292,11.25],[51.308,11.5],[51.5,11.75],[51.189,12.25],[51.072,13.25],[51.195,14.0],[51.219,15.0],[51.5,15.25],[51.75,15.25],[52.1,15.6],[52.25,15.635],[52.384,15.75],[52.5,16.158],[52.75,16.215],[53.5,15.897],[53.75,15.876],[53.861,15.75],[53.895,15.5],[54.181,15.25],[54.25,15.001],[54.2,14.25],[54.11,14.0],[53.25,12.778],[53.0,12.585],[52.876,12.25],[53.0,12.07],[53.211,12.0],[53.256,11.75],[52.995,11.5],[53.137,11.25],[54.0,10.517],[54.343,10.0],[55.09,7.5],[55.084,6.75],[55.0,6.682],[54.25,7.087]]]},"properties":{"hvalue":2.0,"color":"#6c99d2"}},{"type":"Feature","geometry":{"type":"Polygon","coordinates":[[[89.0,12.208],[88.961,12.25],[89.0,12.766],[89.052,12.5],[89.0,12.208]]]},"properties":{"hvalue":2.0,"color":"#6c99d2"}},{"type":"Feature","geometry":{"type":"Polygon","coordinates":[[[55.394,12.25],[55.5,12.794],[55.25,12.926],[55.0,12.653],[54.75,13.062],[54.689,13.75],[54.75,13.996],[55.093,14.5],[55.144,14.75],[55.153,15.0],[54.932,15.5],[54.928,15.75],[55.25,15.88],[56.0,15.994],[56.25,15.931],[56.75,15.461],[57.489,13.25],[57.5,12.558],[57.395,12.25],[56.932,11.75],[56.5,11.385],[56.0,11.211],[55.75,11.278],[55.534,11.5],[55.394,12.25]]]},"properties":{"hvalue":2.0,"color":"#6c99d2"}},{"type":"Feature","geometry":{"type":"Polygon","coordinates":[[[58.639,15.5],[59.0,16.108],[59.25,16.246],[59.5,16.173],[59.415,15.5],[59.579,15.0],[59.5,14.724],[59.0,14.098],[58.75,14.213],[58.618,14.5],[58.639,15.5]]]},"properties":{"hvalue":2.0,"color":"#6c99d2"}},{"type":"Feature","geometry":{"type":"Polygon","coordinates":[[[55.73,17.25],[55.5,17.177],[55.47,17.72],[55.967,17.75],[55.73,17.25]]]},"properties":{"hvalue":2.0,"color":"#6c99d2"}},{"type":"Feature","geometry":{"type":"Polygon","coordinates":[[[56.472,17.5],[57.0,17.8],[57.439,18.5],[57.688,18.75],[58.75,19.458],[59.25,19.668],[60.254,19.75],[60.397,20.0],[60.25,20.438],[59.75,20.321],[59.486,20.5],[60.026,21.5],[59.895,22.145],[60.0,22.25],[60.0,22.593],[60.438,23.0],[60.75,23.109],[60.906,23.25],[61.633,24.5],[61.979,24.75],[64.75,24.853],[65.5,24.717],[65.944,24.5],[66.25,23.927],[67.066,23.5],[67.232,23.25],[67.278,23.0],[67.692,22.5],[67.754,22.25],[67.67,21.5],[67.481,20.75],[67.352,19.75],[67.188,19.5],[66.5,18.975],[65.5,18.732],[64.75,18.446],[64.25,18.374],[63.25,17.833],[62.75,17.736],[62.473,17.75],[62.052,18.0],[62.021,18.25],[62.275,18.75],[62.0,18.884],[61.0,18.822],[60.446,18.5],[60.245,18.25],[60.013,17.5],[60.0,16.814],[59.5,16.512],[59.25,16.593],[58.75,16.948],[57.5,16.565],[57.0,16.166],[56.75,16.137],[56.357,17.0],[56.25,17.166],[56.077,17.25],[56.25,17.285],[56.472,17.5]]]},"properties":{"hvalue":2.0,"color":"#6c99d2"}},{"type":"Feature","geometry":{"type":"Polygon","coordinates":[[[120.75,40.027],[121.25,40.017],[121.408,39.908],[121.095,39.5],[121.0,39.168],[120.25,38.96],[119.865,39.0],[119.849,39.25],[120.005,39.5],[120.252,39.75],[120.75,40.027]]]},"properties":{"hvalue":2.0,"color":"#6c99d2"}},{"type":"Feature","geometry":{"type":"Polygon","coordinates":[[[41.329,42.421],[41.25,42.343],[41.13,42.5],[41.25,42.521],[41.329,42.421]]]},"properties":{"hvalue":2.0,"color":"#6c99d2"}},{"type":"Feature","geometry":{"type":"Polygon","coordinates":[[[49.191,42.0],[49.396,42.5],[49.25,42.823],[48.75,42.85],[48.5,42.73],[48.352,42.5],[48.5,42.174],[48.696,42.0],[48.5,42.0],[47.86,42.64],[47.801,43.0],[48.5,44.021],[49.149,44.5],[49.5,44.607],[49.828,44.5],[50.024,44.25],[49.989,43.5],[50.105,43.0],[50.106,42.5],[50.037,42.0],[49.776,41.25],[49.789,40.75],[49.426,41.0],[49.0,41.5],[49.0,41.75],[48.824,41.926],[49.191,42.0]]]},"properties":{"hvalue":2.0,"color":"#6c99d2"}},{"type":"Feature","geometry":{"type":"Polygon","coordinates":[[[41.074,42.75],[41.0,42.547],[40.75,42.636],[40.524,42.75],[40.43,43.0],[40.75,43.0],[41.074,42.75]]]},"properties":{"hvalue":2.0,"color":"#6c99d2"}},{"type":"Feature","geometry":{"type":"Polygon","coordinates":[[[41.494,66.994],[41.419,66.5],[41.614,66.364],[41.5,66.25],[40.707,66.207],[41.494,66.994]]]},"properties":{"hvalue":2.0,"color":"#6c99d2"}},{"type":"Feature","geometry":{"type":"Polygon","coordinates":[[[41.49,67.01],[41.0,67.5],[41.0,67.626],[41.25,67.495],[41.438,67.25],[41.49,67.01]]]},"properties":{"hvalue":2.0,"color":"#6c99d2"}},{"type":"Feature","geometry":{"type":"Polygon","coordinates":[[[42.65,66.6],[42.5,66.75],[42.304,66.75],[43.021,67.25],[43.093,68.5],[43.5,68.683],[43.681,68.681],[43.372,68.5],[43.755,68.0],[43.813,67.75],[43.699,67.5],[44.007,66.5],[43.608,66.392],[43.5,66.5],[43.168,66.5],[42.75,66.781],[42.65,66.6]]]},"properties":{"hvalue":2.0,"color":"#6c99d2"}},{"type":"Feature","geometry":{"type":"Polygon","coordinates":[[[40.0,68.0],[39.957,68.043],[40.09,68.0],[40.0,68.0]]]},"properties":{"hvalue":2.0,"color":"#6c99d2"}},{"type":"Feature","geometry":{"type":"Polygon","coordinates":[[[47.0,68.372],[47.25,68.554],[47.748,69.5],[48.231,69.75],[48.173,70.75],[48.315,71.25],[48.284,71.75],[48.103,72.0],[47.5,72.224],[46.5,72.244],[43.75,71.784],[43.124,71.75],[43.207,71.5],[43.0,71.421],[42.0,71.349],[41.25,71.198],[40.961,71.0],[40.5,70.879],[40.324,70.75],[37.0,69.839],[36.338,69.5],[36.1,69.25],[35.032,69.25],[34.75,69.5],[33.033,69.5],[32.936,69.686],[33.0,69.75],[32.75,70.0],[31.157,70.0],[31.197,70.25],[30.75,70.75],[30.253,70.75],[35.656,72.0],[36.196,72.25],[39.25,73.196],[42.0,73.689],[45.0,74.333],[49.25,74.871],[51.0,74.923],[52.5,75.121],[52.848,75.0],[52.458,74.75],[52.44,74.5],[51.688,73.75],[51.665,73.5],[51.897,73.0],[51.413,72.25],[51.158,72.0],[51.05,71.75],[51.326,71.0],[51.5,70.816],[52.226,70.5],[52.479,70.25],[52.478,70.0],[52.122,69.5],[51.75,69.209],[51.0,69.036],[50.25,69.209],[50.0,69.5],[49.5,69.5],[49.25,69.75],[49.0,69.5],[48.5,69.5],[48.25,69.25],[48.25,68.914],[48.151,68.75],[48.269,68.25],[48.18,68.0],[47.846,67.75],[47.25,67.533],[47.0,67.58],[46.708,68.0],[46.5,68.104],[46.5,68.25],[46.371,68.379],[47.0,68.372]]]},"properties":{"hvalue":2.0,"color":"#6c99d2"}},{"type":"Feature","geometry":{"type":"Polygon","coordinates":[[[56.25,71.5],[56.0,71.5],[55.75,71.75],[55.75,72.5],[56.0,72.5],[56.25,72.75],[56.25,73.0],[56.5,73.0],[56.75,73.25],[57.0,73.25],[57.309,73.5],[57.75,73.5],[58.0,73.75],[57.922,73.828],[58.5,74.0],[58.894,74.25],[59.5,74.387],[59.671,74.5],[60.25,74.5],[60.75,75.0],[61.5,75.0],[61.75,75.25],[62.5,75.25],[62.668,75.418],[63.165,75.5],[64.5,75.5],[64.678,75.678],[65.052,75.75],[66.5,75.75],[66.605,75.855],[69.0,75.812],[71.25,75.891],[72.891,75.75],[70.458,75.25],[68.0,74.921],[62.25,73.933],[61.25,73.593],[59.954,73.0],[59.258,72.5],[58.317,71.5],[57.75,71.081],[56.736,71.014],[56.25,71.5]]]},"properties":{"hvalue":2.0,"color":"#6c99d2"}},{"type":"Feature","geometry":{"type":"Polygon","coordinates":[[[104.951,79.75],[102.622,80.5],[101.345,81.0],[99.497,81.5],[99.623,81.75],[100.75,81.94],[101.5,81.955],[103.661,81.75],[107.75,81.034],[109.0,80.634],[110.75,80.27],[111.25,80.079],[111.89,80.0],[112.356,79.75],[109.0,79.281],[108.25,79.264],[106.08,79.5],[104.951,79.75]]]},"properties":{"hvalue":2.0,"color":"#6c99d2"}},{"type":"Feature","geometry":{"type":"Polygon","coordinates":[[[143.513,-66.75],[143.767,-67.0],[143.5,-66.75],[142.959,-66.75],[143.25,-66.729],[143.513,-66.75]]]},"properties":{"hvalue":2.0,"color":"#6c99d2"}},{"type":"Feature","geometry":{"type":"Polygon","coordinates":[[[129.513,-66.75],[129.483,-66.75],[129.5,-66.718],[129.513,-66.75]]]},"properties":{"hvalue":2.0,"color":"#6c99d2"}},{"type":"Feature","geometry":{"type":"Polygon","coordinates":[[[130.25,-66.25],[130.176,-66.25],[130.307,-66.193],[130.25,-66.25]]]},"properties":{"hvalue":2.0,"color":"#6c99d2"}},{"type":"Feature","geometry":{"type":"Polygon","coordinates":[[[146.91,-43.59],[147.187,-43.687],[146.8,-43.7],[146.91,-43.59]]]},"properties":{"hvalue":2.0,"color":"#6c99d2"}},{"type":"Feature","geometry":{"type":"Polygon","coordinates":[[[145.811,-43.311],[145.69,-43.25],[145.558,-43.058],[145.75,-43.25],[145.811,-43.311]]]},"properties":{"hvalue":2.0,"color":"#6c99d2"}},{"type":"Feature","geometry":{"type":"Polygon","coordinates":[[[177.25,-39.704],[177.043,-39.543],[177.057,-39.443],[177.25,-39.25],[177.487,-39.25],[177.289,-39.5],[177.25,-39.704]]]},"properties":{"hvalue":2.0,"color":"#6c99d2"}},{"type":"Feature","geometry":{"type":"Polygon","coordinates":[[[178.039,-39.0],[177.75,-39.278],[177.545,-39.25],[177.75,-39.25],[178.0,-39.0],[178.0,-38.75],[178.058,-38.75],[178.039,-39.0]]]},"properties":{"hvalue":2.0,"color":"#6c99d2"}},{"type":"Feature","geometry":{"type":"Polygon","coordinates":[[[174.0,-38.037],[174.15,-36.65],[174.25,-36.75],[174.25,-37.0],[174.739,-37.489],[174.75,-37.902],[174.5,-38.25],[174.5,-38.607],[174.383,-38.75],[174.037,-39.0],[173.75,-39.0],[173.601,-39.149],[173.607,-38.75],[174.0,-38.037]]]},"properties":{"hvalue":2.0,"color":"#6c99d2"}},{"type":"Feature","geometry":{"type":"Polygon","coordinates":[[[144.75,-42.056],[144.0,-41.594],[143.0,-41.572],[142.823,-41.5],[142.592,-41.25],[142.25,-41.138],[141.75,-41.172],[141.5,-41.066],[141.5,-40.977],[142.061,-40.75],[141.75,-40.587],[138.25,-40.808],[137.241,-40.75],[136.0,-40.432],[134.5,-39.059],[132.619,-37.75],[132.166,-37.0],[132.166,-36.75],[131.315,-36.0],[130.721,-35.75],[130.5,-35.163],[129.75,-34.648],[129.571,-34.25],[129.56,-33.75],[129.321,-33.5],[128.0,-33.144],[126.75,-33.098],[126.0,-33.278],[124.75,-33.742],[123.75,-34.254],[123.404,-34.096],[123.5,-34.0],[123.75,-34.0],[124.62,-33.0],[124.75,-33.0],[125.01,-32.75],[125.5,-32.75],[125.75,-32.5],[127.5,-32.5],[127.75,-32.25],[128.0,-32.25],[128.411,-32.0],[128.75,-32.0],[129.0,-31.75],[131.123,-31.75],[131.827,-32.25],[132.75,-32.661],[133.25,-32.785],[134.02,-33.25],[134.218,-33.5],[134.239,-33.75],[134.575,-34.0],[134.754,-34.5],[135.013,-34.75],[135.25,-34.909],[135.776,-35.026],[136.0,-35.25],[136.25,-35.22],[136.5,-35.297],[136.62,-35.63],[136.5,-35.75],[136.5,-36.0],[136.75,-36.25],[137.0,-36.25],[137.129,-36.121],[137.387,-36.137],[137.5,-36.25],[137.624,-36.126],[138.5,-35.959],[138.75,-35.973],[139.25,-36.163],[139.5,-36.373],[139.609,-36.891],[139.5,-37.0],[140.75,-38.25],[141.25,-38.25],[141.5,-38.5],[142.5,-38.5],[142.75,-38.75],[143.25,-38.75],[143.5,-39.0],[143.681,-38.819],[144.0,-38.75],[144.5,-38.501],[144.762,-38.488],[145.0,-38.75],[145.716,-38.75],[146.25,-39.193],[146.423,-39.25],[146.25,-39.498],[145.75,-39.666],[145.25,-39.646],[144.75,-39.396],[144.5,-39.353],[144.0,-39.459],[143.75,-39.75],[143.75,-40.0],[144.0,-40.25],[144.166,-40.084],[144.832,-40.0],[144.854,-40.25],[144.75,-40.302],[144.5,-40.75],[144.5,-41.25],[144.75,-41.5],[144.75,-41.75],[145.153,-42.153],[145.25,-42.342],[145.25,-42.75],[145.311,-42.811],[145.236,-42.75],[145.0,-42.33],[144.75,-42.056]]]},"properties":{"hvalue":2.0,"color":"#6c99d2"}},{"type":"Feature","geometry":{"type":"Polygon","coordinates":[[[171.663,-20.25],[171.724,-20.5],[171.393,-20.75],[171.25,-21.001],[171.0,-21.2],[170.973,-20.75],[171.066,-20.5],[171.25,-20.269],[171.5,-20.139],[171.663,-20.25]]]},"properties":{"hvalue":2.0,"color":"#6c99d2"}},{"type":"Feature","geometry":{"type":"Polygon","coordinates":[[[179.624,-4.5],[179.715,-4.0],[179.75,-3.909],[179.75,-4.607],[179.624,-4.5]]]},"properties":{"hvalue":2.0,"color":"#6c99d2"}},{"type":"Feature","geometry":{"type":"Polygon","coordinates":[[[178.25,-3.184],[178.706,-3.75],[178.631,-4.0],[178.301,-4.25],[178.0,-4.336],[177.491,-4.25],[177.404,-4.0],[177.607,-3.5],[178.25,-3.184]]]},"properties":{"hvalue":2.0,"color":"#6c99d2"}},{"type":"Feature","geometry":{"type":"Polygon","coordinates":[[[174.938,-2.5],[175.25,-2.233],[176.0,-2.15],[176.156,-2.0],[176.0,-1.745],[176.55,-1.5],[176.397,-1.25],[175.5,-0.943],[175.388,-0.75],[175.211,0.0],[175.147,0.75],[174.858,1.0],[174.236,2.0],[173.581,2.75],[173.509,3.0],[173.56,3.25],[173.25,3.929],[173.0,3.971],[172.5,3.418],[172.25,3.328],[172.0,3.439],[171.742,3.75],[171.726,4.75],[172.028,5.5],[172.233,5.75],[172.5,5.817],[172.72,6.0],[172.835,6.5],[172.77,6.75],[173.096,7.0],[173.75,7.18],[174.25,7.453],[175.0,8.09],[176.5,8.3],[177.767,8.75],[178.701,9.25],[179.75,10.134],[179.75,-0.468],[179.443,-0.75],[179.263,-1.25],[179.359,-1.5],[179.75,-1.91],[179.75,-2.679],[179.5,-2.364],[178.75,-2.457],[178.5,-2.295],[178.25,-1.99],[177.75,-1.808],[177.25,-1.776],[177.0,-1.877],[176.75,-2.191],[176.0,-2.266],[175.75,-2.362],[175.622,-2.5],[175.75,-2.635],[176.128,-2.75],[176.094,-3.0],[175.923,-3.25],[175.25,-3.544],[175.0,-3.481],[174.669,-3.0],[174.938,-2.5]]]},"properties":{"hvalue":2.0,"color":"#6c99d2"}},{"type":"Feature","geometry":{"type":"Polygon","coordinates":[[[179.25,11.459],[178.0,11.708],[177.434,11.5],[177.073,11.5],[176.812,12.0],[175.932,12.5],[176.199,12.75],[176.75,13.056],[177.212,13.5],[177.465,14.0],[177.329,14.25],[176.75,14.454],[175.75,14.983],[175.438,15.25],[175.0,15.436],[172.75,15.758],[171.75,15.557],[171.016,15.75],[170.866,16.0],[171.09,16.25],[171.102,16.5],[170.25,17.23],[170.0,17.195],[169.75,17.262],[169.5,17.452],[169.397,17.75],[169.0,17.943],[168.25,17.948],[167.5,17.742],[167.0,17.727],[166.5,17.943],[165.801,18.5],[165.5,18.582],[163.5,18.142],[163.169,18.25],[162.75,18.617],[162.25,18.698],[161.978,18.5],[161.745,17.75],[161.25,17.392],[161.0,17.324],[160.502,17.5],[159.75,18.051],[159.615,18.25],[159.647,18.5],[159.98,18.75],[160.75,19.002],[161.75,19.477],[161.859,19.75],[161.817,20.0],[162.0,20.305],[162.25,20.396],[162.5,20.363],[162.588,20.25],[163.0,20.069],[163.25,20.388],[163.75,20.316],[163.953,20.5],[163.75,20.718],[163.25,20.725],[162.75,20.839],[162.25,20.599],[161.25,20.87],[160.5,20.738],[160.0,20.743],[159.976,21.0],[160.395,21.5],[161.0,21.949],[161.25,22.012],[161.5,21.967],[162.25,21.629],[162.483,21.75],[162.366,22.0],[162.501,22.25],[163.5,23.02],[164.5,23.661],[165.5,24.008],[167.75,24.201],[168.25,24.328],[168.567,24.5],[169.058,25.0],[170.0,25.32],[170.75,25.844],[171.75,26.25],[172.121,26.75],[173.064,27.25],[174.25,27.425],[175.5,27.295],[176.5,27.425],[177.399,27.75],[177.648,28.0],[178.0,28.583],[178.5,28.952],[179.75,29.243],[179.75,10.52],[179.506,10.75],[179.571,11.25],[179.25,11.459]]]},"properties":{"hvalue":2.0,"color":"#6c99d2"}},{"type":"Feature","geometry":{"type":"Polygon","coordinates":[[[137.0,24.691],[136.898,24.75],[137.063,24.75],[137.0,24.691]]]},"properties":{"hvalue":2.0,"color":"#6c99d2"}},{"type":"Feature","geometry":{"type":"Polygon","coordinates":[[[128.5,32.75],[128.75,32.394],[129.25,32.729],[129.446,32.25],[129.476,31.75],[128.915,30.5],[129.0,30.253],[129.75,30.197],[130.0,30.247],[130.323,30.177],[130.5,30.0],[130.75,30.25],[130.614,30.386],[130.75,30.368],[131.0,30.75],[130.786,31.0],[130.933,31.067],[131.0,31.0],[131.5,31.5],[131.5,31.75],[131.75,32.0],[131.75,32.25],[132.0,32.546],[132.75,32.643],[133.0,32.75],[133.425,33.175],[134.0,33.163],[134.5,33.416],[135.25,33.503],[135.533,33.467],[135.75,33.25],[136.25,33.75],[136.25,34.0],[136.5,34.0],[137.05,34.5],[137.445,34.555],[138.0,34.5],[138.165,34.665],[138.5,34.78],[138.75,34.571],[139.0,34.5],[139.176,34.676],[139.25,34.633],[139.5,35.04],[139.769,34.981],[140.0,34.75],[140.5,35.25],[140.5,35.5],[140.75,35.5],[140.996,35.746],[140.685,35.25],[140.25,34.95],[140.192,34.75],[140.334,34.25],[140.384,33.5],[140.351,33.25],[140.0,32.807],[139.75,32.77],[139.0,33.064],[138.75,33.09],[138.525,33.0],[138.465,32.0],[138.674,31.5],[138.679,31.25],[138.488,30.5],[138.0,30.213],[137.75,30.164],[137.5,30.221],[137.0,30.722],[136.25,30.966],[136.0,30.898],[135.5,30.518],[134.261,30.0],[133.75,30.042],[133.25,29.791],[132.652,28.5],[132.726,28.25],[133.215,27.75],[133.268,27.5],[133.203,27.25],[133.314,27.0],[133.5,26.825],[134.75,26.043],[135.5,25.901],[135.657,25.75],[135.61,25.25],[135.75,25.007],[136.25,24.937],[136.653,24.75],[136.635,24.5],[136.495,24.25],[136.645,24.0],[137.0,23.83],[137.75,23.928],[138.027,24.25],[138.608,25.25],[138.618,26.25],[138.75,26.553],[139.132,27.0],[139.191,27.25],[139.112,27.75],[139.423,29.0],[138.911,30.25],[138.965,30.5],[139.25,30.985],[139.5,31.225],[139.75,31.289],[140.25,31.086],[140.5,31.113],[140.615,31.25],[140.83,32.0],[141.0,32.213],[141.25,32.244],[141.615,32.0],[142.0,31.3],[142.445,31.0],[142.706,30.5],[143.0,30.586],[143.04,30.75],[142.923,31.0],[142.875,31.5],[143.0,31.895],[143.5,32.197],[144.141,32.75],[144.356,33.25],[144.575,33.5],[145.629,33.75],[146.0,34.05],[147.095,35.5],[147.023,35.75],[147.046,36.25],[147.579,36.75],[148.129,37.5],[148.286,38.0],[148.277,38.5],[148.5,38.703],[149.0,38.82],[149.277,39.0],[149.635,39.5],[149.443,40.0],[149.25,40.202],[148.25,40.391],[147.5,40.845],[147.0,40.998],[146.591,41.5],[146.25,41.696],[145.25,41.835],[143.75,41.823],[142.75,41.559],[142.0,41.013],[141.805,40.445],[141.463,40.787],[141.452,41.25],[141.325,41.5],[141.5,41.854],[141.936,42.0],[142.5,42.055],[143.027,41.973],[143.25,41.75],[143.5,42.0],[143.5,42.315],[143.75,42.458],[144.638,42.75],[146.5,43.035],[146.769,43.0],[147.183,42.75],[147.072,42.25],[147.658,41.5],[148.5,41.176],[149.0,41.226],[150.222,41.75],[150.5,41.778],[151.25,41.716],[152.75,41.755],[153.25,41.543],[153.445,41.25],[153.419,41.0],[152.906,40.25],[152.77,39.5],[152.25,39.38],[152.056,39.25],[151.964,39.0],[152.013,38.5],[152.298,38.0],[152.531,37.25],[152.527,36.75],[152.704,36.0],[152.841,35.75],[152.736,35.25],[153.0,35.161],[153.5,35.143],[153.714,35.0],[153.558,34.75],[153.261,34.5],[153.018,33.75],[152.5,33.304],[152.25,33.281],[151.75,33.47],[150.337,34.5],[150.0,34.53],[149.674,34.25],[149.473,34.0],[149.25,33.498],[149.0,33.224],[148.924,33.0],[149.148,32.5],[148.966,32.0],[148.388,31.0],[148.305,29.25],[148.383,28.75],[148.013,27.75],[147.75,27.557],[147.308,26.75],[147.0,26.731],[146.75,26.594],[145.995,25.75],[145.75,25.201],[145.5,24.91],[144.94,24.5],[144.818,24.0],[144.99,23.75],[144.871,23.5],[144.494,23.25],[144.281,23.0],[143.5,22.488],[142.809,21.75],[142.459,21.5],[142.351,21.25],[142.786,20.75],[142.791,20.5],[142.416,20.0],[142.374,19.75],[142.44,19.5],[140.926,18.5],[140.25,17.605],[139.878,17.25],[139.549,16.75],[139.005,16.25],[138.704,15.75],[138.065,15.25],[137.0,14.784],[136.0,14.889],[135.5,14.8],[134.5,14.468],[133.75,14.547],[133.25,14.389],[132.25,14.37],[131.0,13.901],[130.25,13.441],[129.0,13.376],[126.75,14.469],[126.0,14.591],[125.5,14.824],[125.024,15.25],[124.991,15.5],[125.116,15.75],[125.097,16.0],[124.973,16.25],[124.984,16.75],[124.867,17.25],[124.5,17.598],[124.0,17.812],[123.5,18.265],[122.75,18.754],[122.612,19.0],[122.525,19.25],[122.61,20.0],[122.597,21.0],[122.5,21.24],[122.0,21.18],[121.762,21.25],[121.607,21.75],[121.663,22.25],[121.821,22.75],[121.75,23.632],[121.877,24.127],[122.0,24.25],[122.116,25.0],[121.891,25.109],[121.5,25.5],[121.325,25.325],[121.196,25.5],[121.385,25.75],[121.733,27.5],[122.0,28.139],[122.25,28.585],[123.033,29.5],[123.27,30.0],[123.587,30.25],[123.972,31.25],[124.199,31.5],[125.0,31.845],[125.75,32.455],[126.25,32.695],[126.632,33.0],[126.75,33.0],[127.0,33.25],[127.022,33.5],[127.538,34.0],[127.882,34.25],[128.63,34.5],[129.25,35.0],[129.5,35.25],[129.5,35.401],[129.629,35.5],[129.75,35.766],[130.25,35.558],[131.405,36.25],[131.5,36.445],[131.714,36.5],[131.5,36.768],[131.444,37.0],[131.566,37.5],[132.0,37.854],[132.25,37.935],[132.5,37.866],[132.525,37.75],[131.775,36.75],[131.826,36.0],[131.396,34.75],[131.171,34.5],[131.0,34.5],[130.612,34.0],[130.5,34.0],[130.183,33.683],[129.768,33.5],[129.75,33.5],[129.5,33.5],[129.25,33.25],[129.309,33.191],[129.25,33.143],[129.0,33.168],[128.87,32.88],[128.75,33.0],[128.5,32.75]],[[130.0,33.75],[129.75,34.0],[129.5,33.75],[129.75,33.5],[130.0,33.75]]]},"properties":{"hvalue":2.0,"color":"#6c99d2"}},{"type":"Feature","geometry":{"type":"Polygon","coordinates":[[[168.808,34.5],[169.0,34.672],[169.103,34.5],[169.0,34.42],[168.808,34.5]]]},"properties":{"hvalue":2.0,"color":"#6c99d2"}},{"type":"Feature","geometry":{"type":"Polygon","coordinates":[[[170.654,35.0],[171.0,35.398],[171.25,35.543],[171.556,35.5],[171.788,35.25],[171.802,34.75],[171.5,33.773],[171.25,33.611],[171.0,33.74],[170.475,34.25],[170.432,34.5],[170.654,35.0]]]},"properties":{"hvalue":2.0,"color":"#6c99d2"}},{"type":"Feature","geometry":{"type":"Polygon","coordinates":[[[141.0,37.0],[141.0,38.0],[141.453,38.453],[141.5,38.25],[141.282,38.0],[141.203,37.25],[141.095,37.0],[140.999,35.751],[140.75,36.0],[140.75,36.75],[141.0,37.0]]]},"properties":{"hvalue":2.0,"color":"#6c99d2"}},{"type":"Feature","geometry":{"type":"Polygon","coordinates":[[[171.709,37.75],[171.791,37.75],[171.75,37.606],[171.709,37.75]]]},"properties":{"hvalue":2.0,"color":"#6c99d2"}},{"type":"Feature","geometry":{"type":"Polygon","coordinates":[[[174.052,37.0],[174.147,37.5],[174.157,38.25],[174.5,38.841],[174.75,39.031],[175.25,39.193],[176.0,39.179],[176.179,39.25],[176.299,40.25],[176.063,40.75],[176.136,41.0],[177.25,41.661],[178.0,41.355],[178.5,41.339],[178.941,41.5],[179.5,41.912],[179.75,41.918],[179.75,37.903],[179.25,38.254],[178.75,38.063],[178.27,37.75],[178.0,37.176],[177.655,37.0],[176.628,36.75],[175.25,35.682],[174.75,35.654],[174.5,35.794],[174.139,36.5],[174.052,37.0]]]},"properties":{"hvalue":2.0,"color":"#6c99d2"}},{"type":"Feature","geometry":{"type":"Polygon","coordinates":[[[163.652,38.25],[163.861,38.5],[163.928,38.75],[163.75,38.861],[163.25,38.966],[162.5,38.629],[161.75,37.987],[161.691,38.25],[161.751,39.0],[161.5,39.669],[161.246,40.0],[161.559,40.25],[162.75,40.667],[163.25,40.592],[163.75,40.359],[164.0,40.401],[164.105,40.75],[163.943,41.75],[163.75,42.109],[163.0,42.981],[162.881,43.25],[162.907,43.5],[163.057,43.75],[163.628,44.25],[163.58,44.75],[163.744,45.0],[164.75,45.476],[165.5,46.096],[165.75,46.142],[166.25,46.059],[167.25,46.839],[169.0,47.188],[169.75,47.481],[170.25,47.443],[170.931,47.0],[172.05,46.5],[171.999,46.0],[172.071,45.75],[172.75,45.189],[173.107,44.5],[173.184,43.75],[173.349,43.25],[173.25,43.094],[172.964,43.0],[172.768,42.75],[173.062,42.5],[173.0,42.258],[172.75,42.184],[172.113,42.25],[171.75,41.11],[171.5,41.087],[171.0,41.361],[170.172,41.0],[169.96,40.75],[170.167,40.5],[170.75,40.482],[171.25,40.575],[171.75,40.975],[173.5,41.125],[173.937,41.0],[174.0,40.702],[173.847,40.5],[173.345,40.5],[173.233,40.0],[173.0,39.757],[172.5,39.847],[171.75,39.697],[170.75,38.35],[169.75,37.962],[169.419,38.0],[169.0,38.211],[168.808,38.5],[168.5,38.762],[168.25,38.782],[167.778,38.0],[167.5,37.753],[167.25,37.836],[166.75,38.415],[165.75,38.578],[165.25,38.195],[164.25,37.966],[164.144,37.75],[164.034,37.0],[163.803,36.75],[163.5,36.611],[163.215,36.75],[163.189,37.75],[163.291,38.0],[163.652,38.25]]]},"properties":{"hvalue":2.0,"color":"#6c99d2"}},{"type":"Feature","geometry":{"type":"Polygon","coordinates":[[[175.25,42.414],[175.236,42.5],[175.5,42.66],[176.5,42.875],[176.553,43.0],[176.085,43.5],[176.031,44.0],[176.294,44.75],[175.5,44.991],[175.088,45.5],[175.044,46.25],[175.271,47.25],[175.114,47.5],[174.5,47.772],[174.196,48.0],[174.088,48.5],[174.081,49.0],[173.994,49.25],[173.641,49.5],[173.493,49.75],[173.366,50.0],[173.441,50.25],[173.75,50.491],[174.158,50.5],[174.563,50.25],[175.0,49.799],[175.25,49.683],[176.0,49.633],[176.374,49.75],[176.93,50.25],[177.035,50.75],[178.0,50.992],[178.75,51.022],[179.25,51.151],[179.34,51.25],[179.25,51.515],[178.75,51.819],[178.5,52.123],[177.754,52.25],[177.653,52.5],[177.734,52.75],[178.0,52.922],[179.0,53.389],[179.75,53.602],[179.75,52.25],[179.5,52.0],[179.75,51.75],[179.75,49.958],[179.476,49.5],[179.315,48.75],[179.301,48.25],[179.375,47.75],[179.75,47.484],[179.75,42.052],[179.25,42.115],[178.5,42.492],[178.25,42.476],[177.5,42.201],[177.25,42.212],[176.5,42.451],[175.75,42.419],[175.5,42.321],[175.25,42.414]]]},"properties":{"hvalue":2.0,"color":"#6c99d2"}},{"type":"Feature","geometry":{"type":"Polygon","coordinates":[[[141.0,50.569],[140.897,50.75],[140.978,51.0],[141.25,51.196],[141.303,51.0],[141.0,50.569]]]},"properties":{"hvalue":2.0,"color":"#6c99d2"}},{"type":"Feature","geometry":{"type":"Polygon","coordinates":[[[145.129,51.0],[146.0,51.512],[147.75,51.761],[149.75,51.548],[149.942,51.5],[149.974,51.25],[149.605,51.0],[149.253,50.5],[149.0,50.379],[147.5,50.142],[146.5,50.2],[145.75,50.439],[145.203,50.75],[145.129,51.0]]]},"properties":{"hvalue":2.0,"color":"#6c99d2"}},{"type":"Feature","geometry":{"type":"Polygon","coordinates":[[[155.25,56.666],[155.75,57.028],[156.0,57.031],[155.797,56.75],[155.772,56.522],[155.5,56.25],[155.605,56.145],[155.571,56.0],[155.25,55.299],[155.074,55.5],[154.925,56.0],[154.968,56.25],[155.25,56.666]]]},"properties":{"hvalue":2.0,"color":"#6c99d2"}},{"type":"Feature","geometry":{"type":"Polygon","coordinates":[[[156.091,57.25],[156.25,57.364],[156.327,57.25],[156.25,57.211],[156.091,57.25]]]},"properties":{"hvalue":2.0,"color":"#6c99d2"}},{"type":"Feature","geometry":{"type":"Polygon","coordinates":[[[156.433,57.5],[156.5,57.54],[156.566,57.5],[156.5,57.459],[156.433,57.5]]]},"properties":{"hvalue":2.0,"color":"#6c99d2"}},{"type":"Feature","geometry":{"type":"Polygon","coordinates":[[[-175.264,-64.75],[-176.85,-64.0],[-177.25,-63.721],[-177.492,-63.5],[-177.739,-63.0],[-178.326,-62.75],[-178.458,-62.25],[-180.0,-61.506],[-180.0,-51.458],[-179.612,-51.25],[-179.426,-51.0],[-179.655,-50.5],[-179.409,-50.25],[-178.5,-49.863],[-178.093,-49.5],[-177.695,-49.0],[-177.5,-48.428],[-177.207,-48.25],[-177.047,-47.75],[-177.313,-47.5],[-177.378,-47.25],[-176.985,-46.75],[-177.25,-46.614],[-177.75,-46.627],[-178.75,-46.946],[-179.0,-46.956],[-179.304,-46.75],[-178.75,-46.441],[-177.75,-46.24],[-177.25,-45.984],[-176.75,-45.857],[-176.352,-45.5],[-176.034,-45.0],[-175.548,-44.75],[-174.25,-44.304],[-173.739,-44.0],[-173.335,-43.5],[-172.896,-42.5],[-172.953,-42.25],[-173.25,-42.033],[-174.75,-41.844],[-175.25,-42.045],[-177.0,-43.122],[-177.75,-42.853],[-178.25,-42.528],[-180.0,-42.11],[-180.0,-40.55],[-178.75,-40.44],[-178.651,-40.25],[-179.147,-40.0],[-179.75,-39.983],[-180.0,-39.902],[-180.0,-38.772],[-177.75,-39.063],[-176.5,-39.38],[-174.75,-39.612],[-174.25,-39.781],[-173.5,-39.871],[-172.949,-39.75],[-172.5,-39.312],[-171.839,-39.0],[-170.0,-38.705],[-168.0,-38.753],[-165.75,-39.0],[-163.75,-38.917],[-159.75,-39.74],[-157.5,-40.717],[-154.25,-41.152],[-153.25,-41.551],[-151.75,-41.512],[-150.75,-41.848],[-149.75,-41.918],[-148.879,-41.75],[-147.5,-41.156],[-146.75,-41.266],[-145.25,-41.332],[-143.5,-41.721],[-141.75,-42.261],[-138.814,-43.5],[-138.433,-43.75],[-137.5,-43.84],[-135.0,-44.636],[-134.5,-44.932],[-134.0,-45.02],[-133.5,-45.267],[-133.0,-45.311],[-132.25,-45.981],[-131.75,-45.844],[-131.0,-46.581],[-130.03,-47.25],[-129.883,-47.5],[-129.907,-47.75],[-130.251,-48.0],[-129.729,-48.75],[-129.573,-49.25],[-129.615,-49.5],[-130.014,-50.0],[-130.222,-50.5],[-132.25,-51.825],[-133.0,-52.083],[-134.75,-51.887],[-136.5,-51.958],[-137.25,-52.216],[-138.0,-52.644],[-141.0,-53.286],[-141.75,-53.556],[-142.25,-53.598],[-142.7,-53.5],[-142.846,-53.25],[-142.769,-52.25],[-142.463,-51.75],[-142.75,-51.464],[-143.5,-51.316],[-144.25,-51.447],[-145.487,-51.5],[-146.25,-51.686],[-147.25,-51.81],[-148.25,-52.362],[-149.5,-52.914],[-150.5,-53.234],[-150.962,-53.5],[-151.183,-53.75],[-151.182,-54.0],[-151.312,-54.25],[-150.905,-54.5],[-150.758,-54.75],[-150.769,-55.5],[-150.347,-55.75],[-150.274,-56.0],[-149.895,-56.5],[-149.649,-57.0],[-149.25,-57.377],[-149.0,-57.439],[-148.5,-57.346],[-147.75,-56.913],[-147.143,-56.75],[-146.768,-56.5],[-146.989,-56.25],[-146.757,-56.0],[-146.787,-55.75],[-146.031,-54.5],[-145.75,-54.281],[-145.5,-54.229],[-145.098,-54.5],[-144.661,-55.0],[-144.635,-55.25],[-146.723,-56.5],[-146.515,-57.0],[-146.711,-57.25],[-147.057,-57.5],[-149.747,-58.75],[-150.527,-59.0],[-150.546,-59.25],[-150.748,-59.5],[-152.226,-60.5],[-152.5,-61.0],[-152.75,-61.054],[-153.25,-61.41],[-154.0,-62.195],[-154.587,-62.5],[-154.721,-62.75],[-155.184,-63.0],[-155.5,-63.079],[-155.75,-63.285],[-156.0,-63.348],[-156.75,-63.801],[-157.25,-63.952],[-157.856,-64.5],[-158.5,-64.571],[-159.25,-64.372],[-160.75,-64.699],[-162.037,-64.75],[-163.0,-65.053],[-164.0,-64.985],[-164.25,-65.06],[-164.75,-64.988],[-166.0,-65.125],[-167.5,-64.847],[-168.25,-64.977],[-168.75,-64.919],[-170.0,-65.341],[-170.5,-65.229],[-171.0,-65.22],[-171.5,-65.266],[-172.0,-65.454],[-173.5,-65.356],[-174.5,-65.381],[-174.896,-65.25],[-175.191,-65.0],[-175.264,-64.75]]]},"properties":{"hvalue":3.0,"color":"#34cc99"}},{"type":"Feature","geometry":{"type":"Polygon","coordinates":[[[-179.953,-48.0],[-179.5,-47.854],[-179.453,-48.0],[-179.5,-48.082],[-179.75,-48.091],[-179.953,-48.0]]]},"properties":{"hvalue":3.0,"color":"#34cc99"}},{"type":"Feature","geometry":{"type":"Polygon","coordinates":[[[-107.0,-51.757],[-107.5,-51.643],[-109.75,-50.038],[-110.75,-49.994],[-111.25,-49.882],[-112.636,-49.25],[-113.0,-48.876],[-113.25,-48.845],[-114.5,-49.04],[-115.5,-49.327],[-116.36,-49.25],[-116.236,-49.0],[-116.616,-48.5],[-116.74,-47.25],[-117.133,-46.5],[-117.114,-46.25],[-117.246,-45.75],[-117.11,-45.25],[-117.3,-44.75],[-117.286,-44.25],[-116.673,-43.5],[-116.25,-43.354],[-115.25,-43.265],[-114.75,-42.942],[-114.229,-42.25],[-113.878,-41.5],[-112.966,-40.5],[-112.906,-40.25],[-112.75,-40.037],[-112.5,-39.898],[-112.25,-39.805],[-111.25,-39.898],[-110.0,-39.656],[-109.25,-39.755],[-108.5,-39.751],[-106.849,-40.0],[-106.25,-40.391],[-105.129,-41.5],[-104.566,-42.25],[-102.768,-44.0],[-102.58,-44.25],[-102.244,-45.0],[-101.293,-46.5],[-100.764,-48.0],[-100.66,-48.5],[-100.792,-49.0],[-100.787,-49.5],[-101.105,-50.5],[-101.426,-51.0],[-101.923,-51.5],[-102.5,-51.847],[-104.0,-52.247],[-104.75,-52.356],[-105.75,-52.283],[-107.0,-51.757]]]},"properties":{"hvalue":3.0,"color":"#34cc99"}},{"type":"Feature","geometry":{"type":"Polygon","coordinates":[[[-178.0,-35.99],[-177.75,-36.48],[-177.508,-36.75],[-177.589,-37.0],[-177.75,-37.125],[-178.25,-37.165],[-178.455,-37.0],[-178.459,-36.75],[-178.349,-36.25],[-178.25,-36.092],[-178.0,-35.99]]]},"properties":{"hvalue":3.0,"color":"#34cc99"}},{"type":"Feature","geometry":{"type":"Polygon","coordinates":[[[-179.25,-35.057],[-179.544,-35.0],[-179.635,-34.75],[-179.5,-34.674],[-179.25,-35.057]]]},"properties":{"hvalue":3.0,"color":"#34cc99"}},{"type":"Feature","geometry":{"type":"Polygon","coordinates":[[[-145.5,-25.342],[-147.144,-24.75],[-147.23,-24.5],[-147.0,-24.418],[-146.75,-24.439],[-146.0,-24.836],[-145.75,-24.795],[-144.663,-25.0],[-144.692,-25.25],[-145.0,-25.365],[-145.5,-25.342]]]},"properties":{"hvalue":3.0,"color":"#34cc99"}},{"type":"Feature","geometry":{"type":"Polygon","coordinates":[[[-147.75,-2.478],[-147.064,-2.75],[-146.902,-3.25],[-147.25,-3.421],[-147.804,-3.25],[-148.124,-2.75],[-148.0,-2.54],[-147.75,-2.478]]]},"properties":{"hvalue":3.0,"color":"#34cc99"}},{"type":"Feature","geometry":{"type":"Polygon","coordinates":[[[-152.5,8.922],[-152.735,9.0],[-152.5,9.191],[-152.37,9.0],[-152.5,8.922]]]},"properties":{"hvalue":3.0,"color":"#34cc99"}},{"type":"Feature","geometry":{"type":"Polygon","coordinates":[[[-163.53,9.25],[-163.444,9.5],[-164.0,10.142],[-164.25,10.273],[-164.75,10.345],[-165.0,10.542],[-166.75,10.956],[-167.75,11.857],[-169.25,12.689],[-170.0,13.225],[-171.25,13.699],[-173.5,13.879],[-173.75,13.959],[-173.867,14.5],[-173.75,14.692],[-173.607,14.75],[-173.796,15.25],[-174.222,15.5],[-173.75,15.691],[-173.5,15.971],[-173.752,16.25],[-174.5,16.462],[-175.75,17.029],[-177.5,17.58],[-178.5,17.518],[-178.75,17.582],[-179.0,17.927],[-179.431,18.25],[-179.451,18.5],[-178.398,18.75],[-178.212,19.0],[-178.574,19.25],[-179.25,19.46],[-179.832,19.75],[-179.873,20.0],[-179.25,20.638],[-179.0,20.791],[-178.25,20.876],[-176.75,20.664],[-176.398,20.75],[-176.204,21.0],[-176.0,21.094],[-175.75,21.087],[-175.5,20.973],[-175.25,20.625],[-174.5,20.275],[-174.0,20.309],[-173.62,20.5],[-173.5,20.654],[-173.379,21.25],[-173.74,21.5],[-175.0,21.644],[-175.25,21.518],[-175.5,21.641],[-175.75,21.899],[-176.077,22.0],[-176.324,22.25],[-176.141,22.75],[-177.101,23.5],[-177.234,23.75],[-176.75,23.985],[-176.25,24.078],[-175.0,24.034],[-174.5,24.1],[-173.5,23.711],[-173.0,23.705],[-172.25,24.183],[-171.25,24.277],[-169.5,24.881],[-169.0,24.959],[-168.0,24.759],[-167.81,25.0],[-168.0,25.221],[-168.25,25.227],[-169.0,25.027],[-169.25,25.093],[-169.372,25.25],[-169.364,25.5],[-169.567,25.75],[-169.539,26.0],[-169.462,26.25],[-169.0,26.575],[-168.5,27.117],[-167.75,27.396],[-167.5,27.409],[-167.0,27.245],[-166.5,26.753],[-166.25,26.674],[-165.0,26.72],[-163.5,26.298],[-163.476,26.0],[-163.574,25.75],[-163.25,25.426],[-163.043,24.75],[-162.56,24.25],[-162.25,24.089],[-161.25,23.803],[-160.5,23.745],[-160.065,23.5],[-160.014,23.0],[-160.28,22.5],[-161.054,22.5],[-161.031,22.75],[-161.25,22.948],[-162.0,22.961],[-162.25,23.259],[-162.793,23.0],[-162.38,22.5],[-162.434,22.25],[-162.639,22.0],[-162.399,21.75],[-161.888,21.5],[-161.688,21.25],[-160.122,20.75],[-159.75,20.517],[-159.067,20.25],[-158.5,19.685],[-157.767,19.25],[-157.774,19.0],[-157.532,18.5],[-157.956,18.25],[-158.0,17.98],[-157.75,17.851],[-157.25,18.053],[-156.946,18.0],[-156.967,17.0],[-156.847,16.5],[-156.69,16.25],[-156.179,16.0],[-155.992,15.75],[-155.75,15.147],[-155.399,15.0],[-155.259,14.75],[-155.298,14.5],[-156.39,13.0],[-156.485,12.25],[-156.75,11.448],[-157.5,10.403],[-159.0,9.05],[-159.5,8.845],[-160.0,8.51],[-160.5,8.628],[-161.25,8.477],[-162.0,8.696],[-163.5,8.329],[-163.758,8.5],[-163.486,8.75],[-163.53,9.25]]]},"properties":{"hvalue":3.0,"color":"#34cc99"}},{"type":"Feature","geometry":{"type":"Polygon","coordinates":[[[-124.021,18.0],[-124.25,17.755],[-124.625,18.25],[-124.5,18.463],[-124.25,18.372],[-124.021,18.0]]]},"properties":{"hvalue":3.0,"color":"#34cc99"}},{"type":"Feature","geometry":{"type":"Polygon","coordinates":[[[-158.648,22.0],[-158.826,22.0],[-159.0,22.255],[-158.75,22.329],[-158.543,22.25],[-158.648,22.0]]]},"properties":{"hvalue":3.0,"color":"#34cc99"}},{"type":"Feature","geometry":{"type":"Polygon","coordinates":[[[-178.413,22.75],[-178.25,22.845],[-177.754,22.75],[-178.0,22.623],[-178.413,22.75]]]},"properties":{"hvalue":3.0,"color":"#34cc99"}},{"type":"Feature","geometry":{"type":"Polygon","coordinates":[[[-126.189,19.25],[-127.0,19.209],[-128.675,20.5],[-129.037,21.0],[-129.689,21.5],[-129.832,21.75],[-129.592,22.25],[-129.581,22.75],[-129.808,23.0],[-130.537,23.25],[-131.25,24.021],[-131.37,24.25],[-131.323,24.75],[-131.463,25.25],[-130.923,25.75],[-131.23,26.5],[-131.233,26.75],[-131.5,27.208],[-131.661,27.75],[-131.5,27.943],[-131.5,28.095],[-132.028,28.75],[-131.75,28.892],[-131.0,28.892],[-130.749,29.0],[-130.55,29.25],[-129.5,29.556],[-129.0,29.773],[-128.5,30.136],[-127.75,30.399],[-127.25,30.477],[-124.5,30.47],[-124.0,30.576],[-123.0,30.481],[-122.75,30.4],[-122.25,29.986],[-121.75,29.088],[-121.25,28.422],[-120.822,27.5],[-120.092,26.5],[-119.758,25.5],[-119.81,24.75],[-120.049,24.25],[-120.539,23.75],[-120.825,23.25],[-121.569,21.5],[-121.692,20.75],[-121.947,20.25],[-122.0,19.699],[-122.25,19.492],[-122.75,19.478],[-124.75,18.988],[-125.5,19.064],[-126.189,19.25]]]},"properties":{"hvalue":3.0,"color":"#34cc99"}},{"type":"Feature","geometry":{"type":"Polygon","coordinates":[[[-151.0,21.127],[-151.146,21.25],[-151.155,21.75],[-151.247,22.0],[-152.068,23.0],[-152.196,23.75],[-152.534,24.0],[-153.822,24.5],[-154.27,25.25],[-154.241,25.5],[-154.0,25.607],[-152.25,25.727],[-152.0,25.986],[-151.922,26.75],[-151.514,27.25],[-151.349,27.75],[-151.523,28.25],[-151.845,28.75],[-151.841,29.0],[-151.75,29.088],[-149.5,29.464],[-148.75,29.878],[-148.5,29.887],[-146.566,29.25],[-146.047,28.75],[-144.5,27.851],[-143.555,27.0],[-143.473,26.75],[-143.462,26.5],[-143.583,26.25],[-143.508,26.0],[-143.4,25.75],[-142.771,25.0],[-142.506,24.25],[-142.503,24.0],[-142.75,23.795],[-144.0,23.255],[-144.75,22.569],[-145.0,22.455],[-145.75,22.279],[-146.5,22.271],[-146.457,22.0],[-146.568,21.75],[-147.0,21.424],[-148.25,20.713],[-148.75,20.584],[-149.25,20.589],[-151.0,21.127]]]},"properties":{"hvalue":3.0,"color":"#34cc99"}},{"type":"Feature","geometry":{"type":"Polygon","coordinates":[[[-159.75,26.261],[-159.55,26.0],[-159.787,26.0],[-160.45,26.25],[-160.25,26.304],[-159.75,26.261]]]},"properties":{"hvalue":3.0,"color":"#34cc99"}},{"type":"Feature","geometry":{"type":"Polygon","coordinates":[[[-163.5,28.616],[-163.228,28.5],[-163.081,28.25],[-163.25,27.873],[-163.5,27.774],[-164.0,27.893],[-164.494,28.25],[-164.375,28.5],[-164.25,28.556],[-163.5,28.616]]]},"properties":{"hvalue":3.0,"color":"#34cc99"}},{"type":"Feature","geometry":{"type":"Polygon","coordinates":[[[-167.221,28.25],[-166.75,28.398],[-166.519,28.25],[-167.0,28.182],[-167.221,28.25]]]},"properties":{"hvalue":3.0,"color":"#34cc99"}},{"type":"Feature","geometry":{"type":"Polygon","coordinates":[[[-158.371,49.0],[-158.5,48.999],[-158.517,49.0],[-158.5,49.011],[-158.371,49.0]]]},"properties":{"hvalue":3.0,"color":"#34cc99"}},{"type":"Feature","geometry":{"type":"Polygon","coordinates":[[[-177.701,47.0],[-179.0,47.133],[-180.0,47.413],[-180.0,50.254],[-179.5,50.774],[-179.0,50.864],[-178.0,51.444],[-177.75,51.471],[-177.394,51.644],[-177.25,51.5],[-177.103,51.647],[-176.925,51.675],[-176.75,51.5],[-176.5,51.5],[-176.25,51.75],[-176.313,51.813],[-176.085,51.835],[-176.0,51.75],[-175.5,52.079],[-173.0,52.155],[-172.744,52.244],[-172.521,52.021],[-174.75,52.044],[-175.918,51.75],[-176.75,51.273],[-176.982,51.0],[-178.074,50.5],[-178.25,50.279],[-178.162,49.5],[-177.923,49.0],[-177.54,48.75],[-176.5,48.285],[-175.5,48.229],[-174.25,48.44],[-173.0,49.119],[-172.267,49.75],[-171.709,50.75],[-171.55,51.25],[-171.642,51.5],[-171.871,51.75],[-172.474,52.026],[-172.25,52.25],[-172.288,52.288],[-171.75,52.345],[-170.5,52.068],[-169.971,51.75],[-169.776,51.5],[-169.8,51.25],[-170.36,50.25],[-170.981,49.5],[-171.941,48.75],[-174.5,47.137],[-175.75,46.676],[-177.0,46.421],[-177.591,46.5],[-177.701,47.0]]]},"properties":{"hvalue":3.0,"color":"#34cc99"}},{"type":"Feature","geometry":{"type":"Polygon","coordinates":[[[-159.25,49.212],[-159.75,49.937],[-160.75,50.102],[-161.095,50.25],[-161.193,50.5],[-161.168,50.75],[-160.865,51.0],[-160.77,51.25],[-160.806,51.75],[-160.25,51.993],[-159.678,52.0],[-159.452,51.75],[-159.989,51.5],[-160.184,51.25],[-159.75,51.051],[-159.25,50.991],[-158.716,51.25],[-158.718,51.5],[-157.961,52.0],[-158.5,52.597],[-158.591,53.0],[-158.299,53.5],[-157.878,54.0],[-158.0,54.266],[-159.06,54.5],[-158.75,54.634],[-158.667,54.75],[-156.25,55.541],[-154.5,55.825],[-153.0,55.689],[-150.0,54.88],[-149.25,54.751],[-149.022,54.5],[-149.479,54.0],[-149.388,53.75],[-149.648,53.5],[-149.663,53.25],[-149.0,53.006],[-148.75,52.815],[-148.7,52.75],[-148.842,52.25],[-149.25,51.532],[-149.552,51.25],[-149.772,50.75],[-150.742,50.25],[-150.794,50.0],[-150.697,49.5],[-150.978,49.25],[-155.25,48.785],[-158.236,49.0],[-158.363,49.25],[-158.5,49.268],[-159.25,49.212]]]},"properties":{"hvalue":3.0,"color":"#34cc99"}},{"type":"Feature","geometry":{"type":"Polygon","coordinates":[[[-177.5,52.894],[-177.25,52.891],[-176.946,52.75],[-176.851,52.5],[-176.875,52.25],[-177.081,52.0],[-177.615,52.0],[-177.746,52.25],[-177.744,52.75],[-177.5,52.894]]]},"properties":{"hvalue":3.0,"color":"#34cc99"}},{"type":"Feature","geometry":{"type":"Polygon","coordinates":[[[-94.75,-72.494],[-94.75,-72.5],[-94.882,-72.5],[-94.75,-72.494]]]},"properties":{"hvalue":3.0,"color":"#34cc99"}},{"type":"Feature","geometry":{"type":"Polygon","coordinates":[[[-67.72,-55.72],[-67.659,-55.841],[-68.177,-55.677],[-68.114,-55.614],[-67.72,-55.72]]]},"properties":{"hvalue":3.0,"color":"#34cc99"}},{"type":"Feature","geometry":{"type":"Polygon","coordinates":[[[-36.234,-55.25],[-35.0,-55.105],[-34.75,-55.222],[-33.091,-55.25],[-35.25,-55.561],[-35.72,-55.5],[-36.234,-55.25]]]},"properties":{"hvalue":3.0,"color":"#34cc99"}},{"type":"Feature","geometry":{"type":"Polygon","coordinates":[[[-70.164,-55.336],[-70.25,-55.331],[-70.489,-55.25],[-70.25,-55.25],[-70.164,-55.336]]]},"properties":{"hvalue":3.0,"color":"#34cc99"}},{"type":"Feature","geometry":{"type":"Polygon","coordinates":[[[-36.369,-54.881],[-36.239,-55.0],[-36.25,-55.222],[-36.494,-55.0],[-36.369,-54.881]]]},"properties":{"hvalue":3.0,"color":"#34cc99"}},{"type":"Feature","geometry":{"type":"Polygon","coordinates":[[[-64.75,-54.54],[-64.75,-54.43],[-64.631,-54.5],[-64.75,-54.54]]]},"properties":{"hvalue":3.0,"color":"#34cc99"}},{"type":"Feature","geometry":{"type":"Polygon","coordinates":[[[-42.519,-52.0],[-40.322,-50.5],[-39.96,-50.0],[-39.648,-49.25],[-39.624,-49.0],[-39.75,-48.893],[-40.75,-48.829],[-40.991,-48.75],[-40.0,-48.369],[-38.5,-47.59],[-38.25,-47.594],[-38.0,-47.735],[-37.938,-48.0],[-38.209,-48.5],[-37.372,-49.0],[-37.253,-49.25],[-37.387,-49.5],[-38.22,-50.25],[-38.686,-50.5],[-39.118,-51.0],[-39.564,-51.25],[-42.0,-52.336],[-42.25,-52.378],[-42.48,-52.25],[-42.519,-52.0]]]},"properties":{"hvalue":3.0,"color":"#34cc99"}},{"type":"Feature","geometry":{"type":"Polygon","coordinates":[[[-44.803,-48.25],[-44.411,-48.25],[-44.471,-48.5],[-44.75,-48.765],[-45.25,-48.844],[-45.366,-48.75],[-44.911,-48.5],[-44.803,-48.25]]]},"properties":{"hvalue":3.0,"color":"#34cc99"}},{"type":"Feature","geometry":{"type":"Polygon","coordinates":[[[-43.71,-37.5],[-43.75,-37.567],[-43.785,-37.5],[-43.71,-37.5]]]},"properties":{"hvalue":3.0,"color":"#34cc99"}},{"type":"Feature","geometry":{"type":"Polygon","coordinates":[[[-49.666,-32.0],[-49.7,-32.25],[-49.75,-32.504],[-49.75,-31.746],[-49.666,-32.0]]]},"properties":{"hvalue":3.0,"color":"#34cc99"}},{"type":"Feature","geometry":{"type":"Polygon","coordinates":[[[-49.414,-31.5],[-49.5,-31.701],[-49.557,-31.5],[-49.5,-31.434],[-49.414,-31.5]]]},"properties":{"hvalue":3.0,"color":"#34cc99"}},{"type":"Feature","geometry":{"type":"Polygon","coordinates":[[[-49.25,-31.228],[-49.25,-31.287],[-49.276,-31.25],[-49.25,-31.228]]]},"properties":{"hvalue":3.0,"color":"#34cc99"}},{"type":"Feature","geometry":{"type":"Polygon","coordinates":[[[-23.5,24.874],[-23.25,24.957],[-22.5,24.762],[-22.0,24.874],[-21.788,24.75],[-21.908,24.5],[-22.25,24.206],[-22.672,24.0],[-23.0,23.985],[-23.321,24.25],[-23.56,24.75],[-23.5,24.874]]]},"properties":{"hvalue":3.0,"color":"#34cc99"}},{"type":"Feature","geometry":{"type":"Polygon","coordinates":[[[-64.0,39.972],[-63.5,40.164],[-63.25,40.116],[-63.133,40.0],[-63.058,39.75],[-63.24,39.5],[-63.75,39.092],[-64.0,38.991],[-64.25,39.102],[-64.348,39.25],[-64.0,39.972]]]},"properties":{"hvalue":3.0,"color":"#34cc99"}},{"type":"Feature","geometry":{"type":"Polygon","coordinates":[[[-61.25,41.487],[-61.079,41.25],[-61.183,41.0],[-61.75,40.868],[-62.387,41.0],[-61.25,41.487]]]},"properties":{"hvalue":3.0,"color":"#34cc99"}},{"type":"Feature","geometry":{"type":"Polygon","coordinates":[[[-61.25,41.509],[-61.75,41.715],[-61.75,41.858],[-61.25,41.944],[-61.0,41.809],[-61.0,41.678],[-61.25,41.509]]]},"properties":{"hvalue":3.0,"color":"#34cc99"}},{"type":"Feature","geometry":{"type":"Polygon","coordinates":[[[-39.0,45.998],[-38.75,46.03],[-38.492,46.0],[-38.75,45.968],[-39.0,45.998]]]},"properties":{"hvalue":3.0,"color":"#34cc99"}},{"type":"Feature","geometry":{"type":"Polygon","coordinates":[[[-40.75,46.419],[-40.44,46.25],[-41.0,46.141],[-41.548,46.25],[-41.25,46.5],[-40.75,46.419]]]},"properties":{"hvalue":3.0,"color":"#34cc99"}},{"type":"Feature","geometry":{"type":"Polygon","coordinates":[[[-62.0,48.528],[-61.25,48.762],[-60.744,48.0],[-61.0,47.918],[-61.799,48.0],[-62.25,48.162],[-62.317,48.25],[-62.0,48.528]]]},"properties":{"hvalue":3.0,"color":"#34cc99"}},{"type":"Feature","geometry":{"type":"Polygon","coordinates":[[[-45.0,46.848],[-46.75,47.201],[-47.75,47.232],[-50.5,48.356],[-51.25,48.409],[-51.75,48.339],[-53.0,49.066],[-53.459,49.5],[-54.0,49.864],[-55.043,50.25],[-55.195,50.5],[-55.0,50.767],[-54.636,51.0],[-53.25,51.385],[-52.25,51.572],[-51.0,51.609],[-50.0,51.88],[-49.5,51.907],[-48.5,51.539],[-48.0,51.506],[-47.5,51.575],[-46.694,51.5],[-45.5,51.229],[-44.968,51.0],[-44.75,50.792],[-44.0,50.362],[-43.709,50.0],[-43.0,49.68],[-42.863,49.5],[-42.911,48.75],[-42.777,48.5],[-42.755,48.25],[-42.5,48.128],[-42.288,48.25],[-42.41,48.5],[-41.25,48.915],[-41.063,48.75],[-41.402,48.25],[-41.392,47.75],[-41.533,47.5],[-41.75,47.357],[-42.25,47.378],[-42.75,47.677],[-43.0,47.724],[-43.622,47.25],[-43.769,46.75],[-43.409,46.5],[-43.25,46.238],[-43.75,46.134],[-44.184,46.25],[-44.358,46.5],[-45.0,46.848]]]},"properties":{"hvalue":3.0,"color":"#34cc99"}},{"type":"Feature","geometry":{"type":"Polygon","coordinates":[[[-17.305,50.25],[-17.0,50.264],[-16.918,50.25],[-17.305,50.25]]]},"properties":{"hvalue":3.0,"color":"#34cc99"}},{"type":"Feature","geometry":{"type":"Polygon","coordinates":[[[-16.665,50.5],[-14.75,51.219],[-14.208,51.5],[-14.0,51.694],[-13.445,51.75],[-13.75,51.845],[-13.856,52.0],[-14.0,52.031],[-15.5,52.218],[-16.0,52.188],[-18.5,51.73],[-19.576,51.25],[-20.75,50.94],[-22.75,50.719],[-23.281,50.75],[-24.5,51.139],[-25.25,51.161],[-25.5,51.235],[-26.0,51.629],[-26.199,52.0],[-26.121,52.5],[-27.0,53.085],[-27.173,53.25],[-27.231,53.5],[-26.509,53.75],[-26.502,54.0],[-26.727,54.5],[-26.535,55.25],[-27.059,56.0],[-26.898,56.5],[-27.163,56.75],[-27.746,58.0],[-27.823,59.5],[-27.302,61.25],[-27.0,61.559],[-26.662,61.75],[-25.0,62.514],[-23.75,62.938],[-23.25,63.024],[-20.75,63.133],[-20.0,63.086],[-18.888,63.25],[-18.25,63.25],[-17.912,63.5],[-16.5,63.75],[-16.25,63.988],[-15.75,64.0],[-15.672,64.078],[-14.75,64.25],[-13.75,64.75],[-13.25,65.255],[-12.116,65.5],[-10.812,65.5],[-10.606,65.0],[-8.25,64.552],[-7.0,64.161],[-6.804,64.0],[-6.696,63.75],[-6.709,63.25],[-6.785,63.0],[-6.983,62.75],[-7.513,62.25],[-7.5,62.0],[-7.39,61.89],[-7.908,62.25],[-8.08,62.5],[-9.25,63.223],[-10.25,63.633],[-11.5,63.884],[-12.5,64.283],[-13.0,64.599],[-13.25,64.644],[-13.75,64.509],[-14.75,64.028],[-18.0,62.947],[-20.25,62.047],[-23.25,61.761],[-23.75,61.644],[-24.796,61.25],[-25.335,60.75],[-25.755,60.0],[-25.773,59.25],[-25.201,57.75],[-25.0,57.55],[-24.25,57.114],[-23.5,56.878],[-21.5,56.816],[-19.464,56.5],[-18.854,56.25],[-18.558,56.0],[-18.656,55.25],[-18.557,55.0],[-18.798,54.25],[-18.5,54.05],[-17.75,53.936],[-17.0,53.708],[-15.0,53.556],[-13.75,53.685],[-10.25,54.946],[-9.181,55.5],[-7.937,56.0],[-7.538,56.25],[-7.443,56.5],[-7.675,56.75],[-7.719,57.0],[-7.531,57.75],[-7.25,57.978],[-7.144,57.894],[-7.384,57.75],[-7.389,57.611],[-7.5,57.5],[-7.5,57.25],[-7.409,57.159],[-7.538,57.0],[-7.25,56.851],[-7.0,56.9],[-6.75,56.847],[-6.682,56.75],[-6.918,56.5],[-6.75,56.348],[-6.416,56.25],[-6.475,56.0],[-6.757,55.75],[-7.474,55.5],[-8.0,55.428],[-8.307,55.25],[-8.5,55.25],[-9.0,54.75],[-8.964,54.714],[-9.608,54.5],[-10.0,54.5],[-10.25,54.25],[-10.25,53.5],[-9.681,53.0],[-9.805,52.75],[-10.616,52.25],[-10.672,52.0],[-10.25,51.465],[-9.934,51.25],[-10.121,51.0],[-12.0,50.323],[-14.25,49.844],[-15.25,49.896],[-16.0,50.212],[-16.5,50.297],[-16.665,50.5]]]},"properties":{"hvalue":3.0,"color":"#34cc99"}},{"type":"Feature","geometry":{"type":"Polygon","coordinates":[[[-80.296,74.0],[-81.0,73.97],[-81.51,74.0],[-81.0,74.047],[-80.296,74.0]]]},"properties":{"hvalue":3.0,"color":"#34cc99"}},{"type":"Feature","geometry":{"type":"Polygon","coordinates":[[[-70.0,73.568],[-73.75,74.334],[-74.153,74.5],[-74.457,74.75],[-74.68,75.25],[-74.478,75.5],[-73.75,75.717],[-73.0,75.728],[-72.442,75.5],[-71.75,75.377],[-69.75,75.898],[-69.0,75.995],[-67.594,75.844],[-67.5,75.75],[-66.637,75.75],[-66.0,75.604],[-65.0,75.208],[-64.382,74.75],[-64.397,74.5],[-64.75,74.223],[-66.0,74.052],[-68.0,74.046],[-68.25,74.185],[-68.225,74.5],[-68.659,74.75],[-69.75,74.948],[-70.75,74.965],[-70.86,74.75],[-70.25,74.453],[-69.5,74.22],[-68.319,74.0],[-68.476,73.75],[-68.75,73.671],[-70.0,73.568]]]},"properties":{"hvalue":3.0,"color":"#34cc99"}},{"type":"Feature","geometry":{"type":"Polygon","coordinates":[[[15.067,-40.75],[14.75,-40.815],[14.537,-40.5],[14.75,-40.416],[15.023,-40.5],[15.067,-40.75]]]},"properties":{"hvalue":3.0,"color":"#34cc99"}},{"type":"Feature","geometry":{"type":"Polygon","coordinates":[[[-85.5,-66.034],[-88.5,-65.602],[-88.795,-65.5],[-88.847,-65.25],[-88.446,-65.0],[-87.426,-64.75],[-87.119,-64.5],[-87.41,-64.0],[-87.449,-63.75],[-86.249,-63.25],[-87.08,-62.75],[-86.75,-62.57],[-86.0,-62.412],[-85.615,-62.25],[-85.521,-61.25],[-85.0,-60.916],[-84.488,-60.75],[-85.018,-60.5],[-85.213,-60.25],[-84.79,-60.0],[-83.482,-59.5],[-82.695,-59.0],[-81.689,-58.5],[-80.394,-57.25],[-80.066,-56.75],[-77.958,-55.75],[-77.329,-55.25],[-76.504,-54.75],[-76.402,-54.5],[-75.0,-53.912],[-74.25,-53.719],[-73.786,-53.714],[-73.563,-54.0],[-73.07,-54.25],[-73.0,-54.528],[-72.553,-54.447],[-72.25,-54.5],[-72.0,-54.75],[-71.713,-54.787],[-71.533,-54.967],[-72.25,-54.809],[-73.25,-55.094],[-73.596,-55.25],[-74.058,-55.75],[-75.045,-56.25],[-75.5,-56.653],[-76.295,-57.0],[-76.738,-57.75],[-76.692,-58.25],[-77.845,-58.75],[-78.509,-59.25],[-78.627,-59.75],[-78.907,-60.25],[-78.93,-60.5],[-78.792,-60.75],[-78.889,-61.0],[-80.708,-61.75],[-80.647,-62.0],[-80.0,-62.316],[-78.25,-62.741],[-77.5,-62.829],[-76.5,-62.774],[-75.644,-63.25],[-74.5,-63.3],[-72.75,-63.072],[-72.25,-62.796],[-70.75,-62.74],[-69.0,-62.333],[-67.5,-62.097],[-66.75,-61.781],[-65.25,-61.523],[-64.181,-61.25],[-63.75,-60.913],[-60.75,-60.572],[-58.964,-60.0],[-58.5,-59.945],[-57.5,-60.276],[-57.25,-60.239],[-56.25,-59.987],[-54.327,-59.0],[-54.421,-58.75],[-55.25,-58.708],[-56.5,-58.786],[-57.5,-58.667],[-57.861,-58.5],[-55.838,-57.25],[-56.421,-57.0],[-56.332,-56.75],[-56.25,-56.716],[-55.0,-56.566],[-54.0,-56.248],[-53.0,-56.125],[-51.25,-56.357],[-49.0,-55.819],[-48.852,-55.75],[-48.701,-55.5],[-48.239,-55.25],[-47.975,-55.0],[-46.265,-54.5],[-44.134,-53.75],[-43.0,-53.132],[-41.88,-53.0],[-40.5,-52.64],[-39.0,-52.58],[-38.148,-52.75],[-38.374,-53.0],[-38.25,-53.091],[-37.75,-52.769],[-37.0,-52.718],[-35.75,-52.46],[-34.25,-52.474],[-31.276,-51.75],[-29.5,-51.112],[-28.891,-50.75],[-28.875,-50.5],[-29.0,-50.412],[-30.0,-49.831],[-30.491,-49.75],[-30.334,-49.5],[-30.249,-49.0],[-30.368,-48.75],[-30.662,-48.5],[-31.098,-48.25],[-32.0,-48.113],[-32.5,-47.957],[-34.013,-48.0],[-34.166,-47.75],[-34.145,-47.0],[-34.252,-46.75],[-34.5,-46.574],[-35.0,-46.4],[-35.246,-46.0],[-35.736,-45.75],[-37.25,-45.608],[-37.487,-45.5],[-37.644,-45.0],[-37.57,-44.75],[-37.82,-44.5],[-38.5,-44.294],[-39.0,-44.28],[-39.75,-43.998],[-40.25,-43.942],[-41.25,-44.017],[-42.5,-43.976],[-43.5,-43.647],[-44.468,-43.75],[-44.75,-43.909],[-45.0,-43.949],[-46.106,-43.75],[-47.0,-44.076],[-47.75,-43.829],[-48.25,-43.843],[-48.5,-43.966],[-48.742,-44.25],[-48.811,-44.5],[-48.647,-45.0],[-48.235,-45.25],[-48.05,-45.5],[-48.121,-45.75],[-48.334,-46.0],[-47.986,-46.0],[-46.977,-45.5],[-45.772,-45.5],[-45.768,-45.75],[-46.381,-46.25],[-46.295,-46.75],[-46.531,-47.25],[-46.421,-47.75],[-46.085,-48.0],[-46.027,-48.25],[-47.75,-49.68],[-48.75,-50.17],[-50.25,-50.283],[-51.25,-50.592],[-51.582,-50.75],[-52.25,-51.302],[-53.369,-51.75],[-53.587,-52.0],[-53.968,-52.25],[-56.0,-53.215],[-57.75,-53.462],[-58.75,-53.424],[-61.0,-53.621],[-62.0,-53.904],[-62.75,-54.216],[-63.75,-54.948],[-65.06,-55.0],[-65.836,-55.25],[-66.75,-55.826],[-67.152,-55.902],[-65.837,-55.0],[-65.25,-55.0],[-65.0,-54.775],[-64.25,-54.907],[-64.0,-54.893],[-63.731,-54.75],[-63.694,-54.5],[-63.75,-54.403],[-64.0,-54.318],[-64.5,-54.351],[-64.555,-54.25],[-64.427,-54.0],[-64.48,-53.75],[-62.962,-53.0],[-63.476,-52.5],[-63.349,-52.25],[-62.774,-52.0],[-61.75,-51.622],[-61.228,-51.978],[-61.0,-52.25],[-60.786,-52.25],[-60.5,-52.396],[-60.0,-52.319],[-59.75,-52.449],[-59.0,-52.51],[-58.5,-52.394],[-57.177,-51.75],[-57.029,-51.5],[-57.348,-51.0],[-57.246,-50.75],[-56.012,-49.25],[-55.731,-48.75],[-54.808,-48.25],[-54.632,-47.75],[-53.7,-46.25],[-53.745,-46.0],[-53.923,-45.75],[-53.038,-45.0],[-53.25,-44.27],[-53.959,-43.5],[-53.958,-43.25],[-54.103,-43.0],[-54.076,-42.75],[-53.75,-42.245],[-52.662,-41.5],[-52.5,-41.169],[-52.319,-41.0],[-52.333,-40.75],[-52.113,-40.25],[-51.25,-39.569],[-50.0,-39.534],[-49.75,-39.433],[-49.052,-39.0],[-48.5,-38.298],[-48.25,-38.15],[-48.0,-38.143],[-47.426,-38.5],[-47.0,-38.507],[-46.5,-38.28],[-45.963,-38.25],[-45.25,-37.739],[-45.012,-37.75],[-45.215,-38.0],[-45.135,-38.25],[-45.452,-38.5],[-45.532,-39.0],[-45.356,-39.25],[-45.0,-39.453],[-44.5,-39.58],[-44.25,-39.553],[-43.802,-39.25],[-43.75,-38.893],[-44.25,-38.866],[-44.539,-38.75],[-44.771,-38.25],[-44.0,-37.715],[-43.933,-37.75],[-44.043,-38.25],[-43.75,-38.631],[-43.0,-38.456],[-42.75,-38.238],[-42.381,-37.75],[-42.234,-37.25],[-41.899,-36.75],[-41.694,-35.75],[-41.792,-35.25],[-42.0,-35.012],[-42.25,-34.956],[-42.75,-35.165],[-43.089,-35.75],[-43.229,-36.25],[-43.25,-36.668],[-43.5,-36.677],[-43.879,-36.25],[-44.25,-36.109],[-44.75,-35.773],[-44.939,-35.5],[-45.151,-34.75],[-45.576,-34.25],[-46.46,-33.5],[-46.548,-33.0],[-47.058,-32.25],[-47.032,-31.75],[-46.653,-31.0],[-46.75,-30.217],[-47.0,-30.223],[-47.328,-30.75],[-47.75,-31.077],[-48.0,-31.12],[-48.25,-31.059],[-48.324,-30.75],[-48.0,-29.807],[-47.75,-29.39],[-47.201,-28.75],[-46.75,-27.787],[-46.5,-28.819],[-45.75,-29.076],[-45.5,-28.892],[-44.75,-27.763],[-44.5,-27.508],[-43.25,-26.721],[-43.148,-27.0],[-43.293,-27.25],[-43.227,-27.5],[-43.0,-27.63],[-42.75,-27.618],[-42.498,-27.5],[-42.267,-27.25],[-42.419,-26.0],[-42.565,-25.75],[-43.0,-25.352],[-43.25,-25.321],[-43.75,-25.462],[-44.188,-25.75],[-45.0,-26.762],[-45.25,-26.885],[-45.75,-26.716],[-46.25,-26.859],[-46.5,-27.059],[-46.684,-27.0],[-46.5,-26.343],[-46.0,-25.534],[-45.5,-25.239],[-44.625,-24.0],[-43.824,-23.25],[-43.25,-23.182],[-43.015,-23.0],[-42.14,-23.0],[-42.0,-23.104],[-41.25,-22.792],[-40.75,-22.414],[-40.25,-22.238],[-40.0,-21.904],[-39.75,-21.888],[-39.664,-22.0],[-39.581,-22.25],[-39.717,-22.75],[-39.5,-22.995],[-39.0,-23.031],[-37.0,-23.912],[-36.547,-24.25],[-35.75,-25.078],[-34.5,-25.94],[-34.338,-26.25],[-34.326,-27.0],[-34.0,-27.501],[-32.75,-27.817],[-31.0,-27.952],[-30.25,-28.124],[-27.702,-28.25],[-26.75,-28.438],[-25.75,-28.749],[-23.687,-29.0],[-22.0,-29.389],[-20.5,-29.614],[-20.225,-29.5],[-20.238,-29.0],[-20.008,-28.5],[-20.0,-28.244],[-18.5,-28.353],[-17.5,-28.682],[-16.5,-29.317],[-14.75,-29.695],[-14.342,-30.0],[-13.75,-30.265],[-13.25,-30.667],[-11.75,-31.437],[-9.627,-31.75],[-9.25,-31.911],[-8.75,-31.995],[-8.5,-32.152],[-8.353,-32.25],[-8.061,-32.75],[-7.823,-33.0],[-7.0,-33.311],[-6.0,-33.952],[-5.0,-35.308],[-4.25,-35.78],[-3.5,-35.987],[-2.789,-36.5],[-2.234,-36.75],[-0.606,-38.5],[0.5,-38.898],[1.182,-39.25],[1.386,-39.75],[2.217,-40.5],[2.445,-40.75],[2.544,-41.0],[2.494,-41.25],[1.183,-41.5],[2.0,-41.833],[3.0,-42.387],[4.0,-42.795],[6.063,-43.25],[7.408,-44.25],[8.75,-44.796],[10.75,-45.991],[13.5,-47.159],[15.442,-47.75],[16.75,-47.923],[18.25,-48.247],[18.5,-48.225],[19.0,-47.922],[19.25,-47.913],[20.0,-48.091],[20.75,-48.135],[21.0,-48.32],[22.75,-48.328],[23.72,-48.0],[23.667,-47.75],[24.25,-47.598],[24.5,-47.316],[25.105,-47.0],[25.086,-46.75],[25.285,-46.25],[24.948,-45.75],[26.0,-45.418],[26.316,-45.25],[26.388,-45.0],[25.5,-44.528],[24.75,-44.386],[24.25,-43.972],[22.25,-43.701],[21.725,-43.25],[20.5,-42.724],[20.109,-42.25],[20.163,-42.0],[20.084,-41.75],[19.75,-41.624],[19.0,-41.522],[18.898,-41.75],[18.5,-42.103],[18.0,-42.25],[17.75,-42.224],[17.003,-41.75],[15.943,-40.75],[16.25,-40.636],[16.5,-40.389],[16.5,-40.143],[16.356,-40.0],[15.5,-39.654],[15.25,-39.613],[14.75,-39.692],[14.5,-39.632],[13.5,-39.029],[13.513,-38.75],[13.75,-38.291],[14.275,-37.75],[14.207,-37.5],[14.425,-37.0],[14.75,-36.862],[15.7,-36.75],[15.934,-36.5],[15.5,-36.164],[14.887,-36.0],[15.202,-35.75],[15.25,-35.284],[15.5,-35.072],[15.561,-35.5],[15.364,-35.75],[16.0,-35.855],[16.262,-35.75],[17.0,-34.93],[17.25,-34.795],[19.75,-35.027],[21.0,-34.845],[21.927,-34.5],[23.0,-34.289],[24.75,-34.25],[24.811,-34.189],[25.5,-34.25],[26.0,-33.91],[26.131,-33.881],[26.25,-34.0],[26.5,-33.75],[27.0,-33.75],[27.25,-33.5],[27.5,-33.5],[28.0,-33.0],[28.25,-33.0],[29.75,-31.5],[30.0,-31.5],[30.5,-31.0],[30.5,-30.75],[31.0,-30.25],[31.0,-30.0],[31.5,-29.5],[31.5,-29.318],[31.861,-29.0],[32.0,-29.0],[32.75,-28.25],[32.75,-28.082],[33.0,-27.982],[33.75,-27.892],[34.5,-27.61],[35.5,-26.915],[36.0,-26.673],[37.0,-27.042],[37.25,-26.953],[38.5,-26.022],[39.5,-25.903],[40.0,-25.324],[40.558,-25.0],[40.499,-24.75],[40.25,-24.492],[39.75,-23.686],[39.0,-23.208],[38.75,-22.844],[38.788,-22.5],[39.049,-22.25],[39.028,-22.0],[38.579,-21.25],[38.653,-20.75],[38.783,-20.5],[39.548,-20.0],[39.75,-19.214],[40.012,-18.75],[40.25,-18.57],[41.0,-18.444],[41.5,-18.059],[41.726,-18.0],[42.0,-17.963],[42.25,-18.148],[42.5,-18.554],[42.639,-19.0],[42.807,-20.25],[43.09,-21.25],[43.052,-22.25],[43.5,-23.747],[43.586,-24.75],[43.944,-25.25],[43.584,-25.5],[44.0,-25.792],[44.25,-25.816],[44.75,-26.081],[45.0,-26.101],[46.5,-25.661],[46.998,-25.75],[46.981,-26.0],[47.116,-26.0],[47.004,-25.75],[47.25,-25.483],[47.5,-24.797],[48.0,-22.974],[48.25,-22.759],[48.5,-22.761],[49.0,-23.08],[49.75,-23.399],[51.0,-23.46],[51.5,-23.266],[52.0,-23.247],[52.25,-23.568],[52.945,-23.75],[53.25,-23.934],[53.5,-23.906],[53.775,-23.5],[54.25,-23.099],[54.771,-23.0],[54.797,-22.25],[54.745,-22.0],[54.5,-21.673],[54.5,-21.465],[55.75,-21.5],[56.756,-20.75],[57.0,-20.633],[57.347,-20.597],[57.5,-20.75],[58.0,-20.309],[58.347,-20.25],[58.75,-20.304],[59.5,-20.91],[60.0,-21.174],[61.75,-21.111],[62.5,-21.009],[63.0,-21.202],[63.75,-21.748],[64.5,-21.319],[65.0,-21.352],[65.5,-21.25],[66.0,-21.342],[66.75,-21.289],[67.25,-22.224],[67.75,-21.974],[68.25,-22.614],[68.5,-22.791],[69.25,-22.761],[70.25,-22.975],[71.0,-23.019],[71.5,-23.125],[72.095,-23.5],[72.5,-23.611],[74.0,-23.508],[74.25,-23.63],[74.75,-24.32],[75.0,-24.48],[75.5,-24.4],[75.75,-24.508],[76.75,-25.312],[77.5,-25.702],[78.0,-25.729],[78.5,-26.029],[79.25,-26.095],[79.75,-26.324],[80.5,-26.284],[81.0,-26.451],[81.247,-27.0],[81.486,-27.25],[81.75,-27.345],[82.5,-27.324],[82.964,-27.5],[83.464,-28.0],[83.5,-28.546],[83.75,-28.663],[84.25,-28.609],[84.75,-28.684],[84.854,-28.75],[84.852,-29.0],[85.185,-29.25],[86.0,-29.091],[87.0,-28.706],[87.104,-28.75],[87.0,-29.023],[86.565,-29.5],[86.75,-29.661],[88.0,-29.458],[88.183,-29.5],[88.25,-29.609],[88.361,-29.5],[90.181,-28.75],[90.75,-28.804],[91.75,-28.67],[92.0,-28.825],[92.06,-29.25],[92.25,-29.379],[93.25,-28.864],[93.5,-28.825],[93.75,-28.97],[94.0,-28.986],[94.75,-28.694],[95.017,-28.75],[95.25,-28.918],[95.44,-29.5],[95.75,-29.664],[96.25,-29.665],[97.25,-29.9],[98.5,-30.059],[99.5,-29.631],[99.75,-29.267],[99.92,-28.75],[99.92,-28.5],[99.75,-28.254],[99.5,-28.194],[99.288,-28.0],[99.317,-27.75],[99.25,-27.628],[99.0,-27.552],[98.25,-27.769],[98.0,-27.71],[97.823,-27.5],[97.724,-26.25],[97.496,-26.0],[96.75,-25.72],[96.381,-25.25],[95.927,-24.25],[96.0,-24.01],[96.25,-23.968],[96.5,-23.792],[96.5,-23.456],[96.25,-23.323],[96.0,-23.374],[95.75,-23.307],[95.5,-22.506],[95.25,-22.348],[94.75,-22.348],[93.945,-22.0],[93.656,-21.75],[93.524,-21.25],[93.227,-20.75],[92.811,-20.5],[92.682,-20.25],[92.25,-19.851],[91.5,-19.486],[91.0,-19.493],[90.0,-19.94],[89.25,-20.211],[89.0,-20.216],[88.842,-20.0],[88.414,-18.0],[88.386,-17.5],[88.25,-17.304],[88.0,-17.233],[87.5,-17.413],[86.702,-17.25],[86.613,-17.0],[86.844,-16.75],[87.057,-16.25],[87.033,-16.0],[86.75,-15.729],[86.5,-15.691],[86.25,-15.715],[85.75,-15.977],[85.5,-15.991],[85.061,-15.25],[84.539,-14.75],[84.383,-14.5],[84.75,-14.397],[85.25,-14.387],[85.493,-14.25],[85.253,-13.75],[83.75,-13.223],[83.33,-13.0],[83.274,-12.75],[83.75,-12.437],[84.5,-12.34],[85.5,-12.367],[85.671,-12.25],[85.0,-11.867],[84.5,-11.433],[84.389,-11.25],[84.313,-10.75],[84.391,-10.25],[85.0,-9.474],[85.75,-8.756],[86.75,-8.581],[87.25,-8.41],[87.554,-8.5],[88.25,-8.926],[88.5,-8.917],[89.0,-8.551],[89.25,-8.481],[90.25,-8.658],[91.25,-8.599],[92.0,-8.421],[93.5,-8.479],[94.0,-8.586],[94.5,-8.885],[94.75,-8.913],[95.25,-8.757],[96.0,-9.09],[96.5,-9.216],[96.623,-9.5],[96.606,-9.75],[96.227,-10.5],[95.682,-11.25],[95.607,-11.5],[95.0,-11.963],[94.662,-12.5],[94.75,-12.826],[95.27,-13.25],[96.25,-13.357],[96.75,-13.208],[97.25,-12.815],[98.5,-12.934],[99.75,-12.545],[100.75,-12.521],[101.75,-12.229],[102.5,-12.371],[103.0,-12.639],[103.25,-12.69],[103.75,-12.311],[104.5,-11.931],[105.5,-11.655],[105.75,-11.681],[106.25,-12.284],[106.787,-12.0],[107.5,-12.75],[107.97,-13.75],[108.25,-14.189],[108.5,-14.384],[108.75,-14.436],[109.0,-14.261],[109.25,-13.888],[109.75,-13.609],[110.25,-13.133],[110.5,-12.751],[110.75,-12.662],[111.5,-13.233],[111.797,-13.75],[112.042,-14.5],[112.114,-15.75],[112.25,-16.073],[112.5,-16.163],[113.0,-15.627],[113.25,-15.524],[113.5,-15.563],[114.0,-15.982],[114.5,-15.796],[114.75,-15.86],[114.75,-16.035],[114.5,-16.37],[114.25,-16.5],[113.75,-17.354],[113.75,-17.67],[114.5,-17.243],[114.75,-17.317],[114.901,-17.75],[114.91,-18.5],[114.703,-19.25],[114.291,-20.25],[114.132,-21.25],[113.848,-21.75],[113.69,-22.31],[113.5,-22.5],[113.5,-22.75],[113.66,-22.91],[113.65,-23.0],[113.331,-23.75],[112.846,-25.654],[112.75,-25.75],[113.0,-26.0],[113.07,-25.93],[113.293,-26.25],[113.312,-26.438],[113.25,-26.5],[113.75,-27.0],[113.75,-27.25],[114.0,-27.5],[114.0,-28.0],[114.158,-28.158],[114.135,-28.25],[114.47,-28.5],[114.5,-29.0],[114.843,-29.343],[114.846,-29.654],[114.75,-29.75],[115.0,-30.428],[115.0,-30.75],[115.25,-31.0],[115.25,-31.25],[115.576,-31.576],[115.5,-32.441],[115.115,-33.25],[114.913,-33.5],[114.962,-33.788],[114.75,-34.0],[115.25,-34.5],[115.5,-34.5],[116.0,-35.0],[116.25,-35.0],[116.5,-35.25],[118.0,-35.25],[118.126,-35.124],[119.0,-34.733],[119.191,-34.691],[119.25,-34.75],[119.391,-34.609],[120.713,-34.0],[121.581,-34.0],[122.159,-34.159],[122.25,-34.25],[122.322,-34.178],[123.104,-34.104],[123.25,-34.25],[123.404,-34.096],[123.75,-34.254],[124.75,-33.742],[126.0,-33.278],[126.75,-33.098],[127.75,-33.106],[129.25,-33.476],[129.56,-33.75],[129.571,-34.25],[129.75,-34.648],[130.5,-35.163],[130.721,-35.75],[131.315,-36.0],[132.166,-36.75],[132.166,-37.0],[132.619,-37.75],[134.5,-39.059],[136.0,-40.432],[137.241,-40.75],[138.25,-40.808],[141.75,-40.587],[142.061,-40.75],[141.5,-40.977],[141.5,-41.066],[141.75,-41.172],[142.25,-41.138],[142.592,-41.25],[142.823,-41.5],[143.0,-41.572],[144.0,-41.594],[144.25,-41.669],[144.75,-42.056],[145.236,-42.75],[146.25,-43.75],[147.187,-43.687],[147.25,-43.75],[147.376,-43.624],[148.25,-43.355],[148.792,-43.0],[149.551,-42.25],[150.143,-41.5],[150.276,-41.0],[150.265,-40.25],[150.016,-38.75],[150.252,-38.0],[150.5,-37.622],[150.93,-37.25],[151.139,-36.75],[150.75,-36.387],[150.656,-35.75],[150.75,-35.458],[150.991,-35.25],[151.54,-35.0],[152.0,-34.914],[153.0,-35.443],[153.478,-36.0],[153.72,-36.75],[153.66,-37.25],[153.379,-37.5],[153.75,-38.049],[154.0,-38.222],[154.5,-38.25],[155.0,-38.391],[155.25,-38.551],[155.651,-39.0],[156.017,-39.75],[156.5,-40.257],[157.216,-40.75],[157.134,-41.0],[157.318,-41.25],[157.75,-41.512],[158.475,-41.75],[159.25,-42.213],[160.0,-42.253],[161.25,-42.87],[161.358,-43.0],[161.413,-43.5],[161.521,-43.75],[162.279,-44.5],[162.795,-45.25],[162.967,-45.75],[162.988,-46.25],[163.328,-47.0],[163.369,-47.25],[163.116,-48.25],[162.9,-48.75],[162.075,-49.75],[161.748,-50.5],[161.6,-51.75],[161.0,-52.474],[160.25,-52.965],[159.21,-53.25],[159.128,-53.5],[158.75,-53.601],[157.5,-53.694],[156.0,-54.203],[155.75,-54.372],[155.678,-54.5],[155.75,-54.642],[156.0,-54.811],[156.5,-54.844],[157.567,-54.75],[157.75,-54.906],[157.887,-55.25],[157.839,-55.5],[157.75,-55.591],[157.168,-55.75],[156.0,-55.921],[155.409,-56.25],[155.419,-56.5],[155.73,-56.75],[155.796,-57.0],[156.296,-57.25],[156.365,-57.5],[155.633,-58.0],[155.066,-58.75],[154.526,-59.25],[153.5,-59.739],[153.5,-60.0],[152.0,-60.822],[151.012,-61.25],[150.654,-61.75],[149.665,-62.5],[149.25,-62.604],[148.75,-62.579],[148.0,-62.863],[147.331,-63.25],[145.25,-63.295],[144.5,-63.091],[144.0,-63.155],[143.5,-63.324],[142.0,-63.452],[141.75,-63.568],[141.25,-63.645],[140.25,-63.708],[140.043,-63.75],[140.0,-64.001],[139.75,-63.984],[138.0,-64.336],[136.0,-64.077],[134.75,-63.731],[134.0,-63.628],[132.5,-63.723],[130.75,-64.148],[129.25,-64.162],[128.0,-64.329],[126.5,-64.37],[124.25,-64.215],[122.0,-64.43],[120.75,-64.453],[119.0,-64.198],[117.75,-63.753],[117.0,-63.571],[115.5,-63.441],[113.75,-63.468],[112.25,-63.378],[110.5,-62.907],[106.75,-62.475],[104.25,-62.084],[103.25,-62.031],[101.0,-62.209],[100.25,-62.115],[99.0,-61.606],[98.25,-61.485],[97.5,-61.441],[96.0,-61.513],[94.75,-61.287],[93.5,-61.48],[92.75,-61.409],[91.75,-61.129],[90.0,-61.024],[88.5,-60.511],[86.75,-59.644],[84.823,-59.25],[84.0,-58.946],[82.75,-58.885],[81.838,-58.75],[81.5,-58.629],[80.341,-58.5],[79.0,-58.192],[77.5,-58.075],[73.75,-57.985],[69.75,-58.119],[65.0,-57.658],[64.5,-57.68],[63.25,-57.936],[62.75,-58.212],[62.239,-58.75],[62.137,-59.0],[62.75,-59.537],[63.386,-59.75],[63.664,-60.0],[63.25,-60.102],[62.25,-60.145],[60.75,-60.644],[58.5,-60.581],[55.75,-61.272],[54.0,-61.387],[50.75,-61.886],[47.647,-61.75],[45.62,-61.5],[43.5,-61.106],[41.25,-60.928],[39.25,-60.358],[38.25,-60.417],[37.0,-60.779],[34.75,-61.048],[33.305,-61.0],[30.5,-60.212],[28.75,-60.382],[27.75,-60.73],[25.75,-59.659],[25.0,-59.639],[24.0,-59.92],[23.233,-59.5],[22.182,-58.75],[21.0,-58.23],[20.5,-57.928],[20.0,-57.836],[18.75,-57.812],[18.25,-57.666],[17.0,-57.566],[16.25,-57.338],[15.435,-57.25],[12.75,-56.116],[11.5,-55.839],[10.0,-56.102],[8.75,-56.464],[8.25,-56.53],[7.75,-56.415],[7.25,-56.409],[6.0,-56.603],[5.0,-56.654],[4.25,-56.82],[3.464,-56.75],[2.5,-56.326],[1.75,-56.216],[0.5,-56.396],[0.25,-56.517],[-1.0,-56.594],[-1.5,-56.738],[-2.5,-56.548],[-4.25,-56.363],[-5.5,-56.509],[-7.0,-56.548],[-7.25,-56.601],[-8.0,-57.017],[-8.75,-57.208],[-10.0,-57.117],[-11.25,-57.399],[-12.5,-57.492],[-13.25,-57.657],[-14.0,-57.627],[-15.0,-57.418],[-15.5,-57.47],[-15.75,-57.593],[-16.25,-57.585],[-16.75,-57.513],[-17.25,-57.301],[-18.056,-57.25],[-18.547,-56.75],[-18.75,-56.62],[-19.254,-56.5],[-20.25,-55.841],[-20.594,-55.5],[-21.75,-54.821],[-22.75,-54.741],[-23.5,-54.384],[-23.737,-54.25],[-23.986,-53.25],[-24.25,-53.122],[-24.75,-53.089],[-25.5,-53.217],[-27.0,-52.856],[-27.75,-52.798],[-28.666,-53.0],[-28.5,-53.013],[-28.249,-53.25],[-28.924,-53.5],[-31.0,-53.917],[-31.25,-53.918],[-31.75,-53.698],[-33.0,-53.676],[-34.5,-53.501],[-36.75,-53.569],[-38.0,-53.823],[-38.181,-54.0],[-38.0,-54.188],[-37.63,-54.25],[-37.219,-54.5],[-37.0,-54.732],[-36.626,-54.75],[-36.75,-54.904],[-38.156,-55.0],[-39.25,-55.419],[-41.75,-55.835],[-43.75,-56.404],[-44.637,-56.75],[-44.94,-57.0],[-44.339,-57.25],[-44.75,-57.391],[-45.25,-57.689],[-45.494,-58.0],[-45.982,-58.25],[-47.0,-58.473],[-48.364,-58.5],[-48.871,-58.75],[-48.883,-59.0],[-50.75,-59.391],[-51.642,-59.75],[-52.288,-60.25],[-53.717,-60.5],[-53.74,-60.75],[-54.183,-61.0],[-54.5,-61.073],[-55.0,-60.898],[-55.25,-60.963],[-55.105,-61.25],[-54.554,-61.5],[-54.794,-61.75],[-56.096,-62.25],[-56.237,-62.5],[-56.75,-62.771],[-57.5,-62.805],[-58.442,-62.5],[-58.5,-62.25],[-58.0,-62.25],[-57.71,-62.0],[-58.0,-61.75],[-58.827,-61.75],[-60.0,-61.505],[-61.0,-61.537],[-62.0,-61.456],[-63.0,-61.192],[-63.25,-61.223],[-64.0,-61.575],[-65.0,-61.861],[-66.5,-62.032],[-66.911,-62.25],[-67.25,-62.639],[-68.25,-62.574],[-69.0,-62.642],[-70.5,-63.254],[-72.0,-63.183],[-72.197,-63.25],[-72.5,-63.54],[-73.5,-63.654],[-74.75,-64.051],[-76.75,-64.248],[-78.5,-64.078],[-80.0,-64.344],[-81.299,-65.25],[-81.5,-65.294],[-81.799,-65.5],[-82.75,-65.811],[-85.5,-66.034]]]},"properties":{"hvalue":3.0,"color":"#34cc99"}},{"type":"Feature","geometry":{"type":"Polygon","coordinates":[[[35.924,-23.0],[36.0,-22.889],[36.75,-22.75],[36.9,-23.0],[36.938,-23.25],[36.723,-23.5],[36.25,-23.651],[36.182,-23.75],[36.298,-24.25],[36.0,-24.571],[35.75,-24.527],[35.713,-24.25],[35.924,-23.0]]]},"properties":{"hvalue":3.0,"color":"#34cc99"}},{"type":"Feature","geometry":{"type":"Polygon","coordinates":[[[74.75,-17.448],[74.654,-17.0],[74.721,-16.5],[74.433,-16.25],[74.415,-16.0],[77.0,-15.834],[77.75,-15.433],[78.5,-15.147],[79.0,-14.807],[79.25,-14.8],[79.5,-14.911],[80.25,-15.538],[81.75,-15.846],[82.546,-15.25],[82.5,-14.745],[83.5,-15.147],[83.878,-15.5],[83.998,-15.75],[84.0,-16.002],[83.25,-16.056],[82.5,-16.339],[82.0,-16.278],[81.25,-16.794],[80.0,-16.728],[78.75,-16.872],[78.0,-17.175],[77.25,-17.786],[76.5,-18.06],[76.0,-18.071],[75.5,-17.976],[75.052,-17.75],[74.75,-17.448]]]},"properties":{"hvalue":3.0,"color":"#34cc99"}},{"type":"Feature","geometry":{"type":"Polygon","coordinates":[[[48.537,42.75],[49.0,42.87],[49.331,42.75],[49.396,42.5],[49.25,42.049],[48.824,41.926],[48.5,42.174],[48.352,42.5],[48.537,42.75]]]},"properties":{"hvalue":3.0,"color":"#34cc99"}},{"type":"Feature","geometry":{"type":"Polygon","coordinates":[[[-6.0,58.99],[-5.75,59.332],[-5.486,59.5],[-5.335,59.75],[-5.417,60.25],[-5.347,60.5],[-5.924,61.25],[-6.683,61.317],[-6.501,61.499],[-4.75,62.296],[-4.25,62.413],[-3.0,62.52],[-2.25,62.273],[-1.5,62.4],[-1.244,62.25],[-1.95,61.5],[-1.997,61.0],[-1.938,60.5],[-2.25,60.122],[-2.5,60.004],[-3.25,59.872],[-5.267,58.75],[-6.25,58.662],[-6.491,58.5],[-6.75,58.5],[-7.213,58.037],[-7.186,58.25],[-7.0,58.449],[-6.0,58.99]]]},"properties":{"hvalue":3.0,"color":"#34cc99"}},{"type":"Feature","geometry":{"type":"Polygon","coordinates":[[[-7.0,61.545],[-7.223,61.75],[-6.962,61.788],[-6.868,61.632],[-7.0,61.545]]]},"properties":{"hvalue":3.0,"color":"#34cc99"}},{"type":"Feature","geometry":{"type":"Polygon","coordinates":[[[41.25,67.495],[41.0,67.626],[41.0,67.75],[40.75,68.0],[40.09,68.0],[39.75,68.25],[39.25,68.25],[39.0,68.5],[38.25,68.5],[38.0,68.75],[37.75,68.75],[37.5,69.0],[36.75,69.0],[36.5,69.25],[36.1,69.25],[36.338,69.5],[37.0,69.839],[40.324,70.75],[40.5,70.879],[40.961,71.0],[41.25,71.198],[42.0,71.349],[43.0,71.421],[43.207,71.5],[43.124,71.75],[43.75,71.784],[46.75,72.252],[47.75,72.173],[48.103,72.0],[48.25,71.811],[48.315,71.25],[48.173,70.75],[48.231,69.75],[47.748,69.5],[47.25,68.554],[47.0,68.372],[46.75,68.335],[46.371,68.379],[46.25,68.5],[45.75,68.5],[45.5,68.75],[43.75,68.75],[43.25,68.604],[43.093,68.5],[43.021,67.25],[42.711,67.0],[42.5,66.946],[42.0,66.5],[41.75,66.5],[41.614,66.364],[41.419,66.5],[41.5,67.0],[41.438,67.25],[41.25,67.495]]]},"properties":{"hvalue":3.0,"color":"#34cc99"}},{"type":"Feature","geometry":{"type":"Polygon","coordinates":[[[57.0,72.751],[57.0,72.749],[56.998,72.75],[57.0,72.751]]]},"properties":{"hvalue":3.0,"color":"#34cc99"}},{"type":"Feature","geometry":{"type":"Polygon","coordinates":[[[179.75,-60.133],[179.75,-60.863],[179.636,-60.75],[179.75,-60.133]]]},"properties":{"hvalue":3.0,"color":"#34cc99"}},{"type":"Feature","geometry":{"type":"Polygon","coordinates":[[[158.5,-61.693],[158.073,-61.5],[157.556,-60.75],[157.482,-60.5],[157.793,-59.5],[157.377,-59.0],[158.0,-59.068],[158.75,-59.018],[159.412,-58.75],[160.0,-58.347],[160.265,-58.25],[159.5,-57.938],[158.922,-57.5],[159.0,-57.382],[159.5,-57.446],[160.0,-57.627],[161.75,-57.888],[163.5,-57.992],[165.5,-57.948],[166.0,-58.093],[166.5,-58.371],[166.917,-58.75],[167.471,-59.0],[168.75,-59.076],[170.523,-59.75],[170.0,-59.934],[169.536,-60.25],[169.251,-60.5],[169.107,-60.75],[168.5,-60.914],[167.921,-61.25],[165.5,-62.07],[162.0,-62.393],[160.25,-62.351],[159.458,-62.25],[158.9,-62.0],[158.5,-61.693]]]},"properties":{"hvalue":3.0,"color":"#34cc99"}},{"type":"Feature","geometry":{"type":"Polygon","coordinates":[[[171.972,-59.75],[172.25,-59.723],[172.391,-59.75],[172.25,-59.788],[171.972,-59.75]]]},"properties":{"hvalue":3.0,"color":"#34cc99"}},{"type":"Feature","geometry":{"type":"Polygon","coordinates":[[[167.75,-57.997],[168.705,-58.25],[169.0,-58.43],[169.301,-58.5],[168.75,-58.698],[168.5,-58.739],[168.25,-58.677],[167.375,-58.25],[167.75,-57.997]]]},"properties":{"hvalue":3.0,"color":"#34cc99"}},{"type":"Feature","geometry":{"type":"Polygon","coordinates":[[[174.0,-56.721],[173.75,-56.583],[173.0,-56.591],[172.87,-56.5],[173.25,-56.427],[174.168,-56.5],[174.0,-56.721]]]},"properties":{"hvalue":3.0,"color":"#34cc99"}},{"type":"Feature","geometry":{"type":"Polygon","coordinates":[[[179.286,-58.75],[178.07,-58.25],[177.746,-58.0],[178.015,-57.75],[178.731,-57.5],[179.145,-57.25],[179.331,-57.0],[178.75,-56.481],[178.0,-56.046],[177.706,-55.75],[177.934,-55.5],[178.75,-55.31],[179.18,-55.0],[179.0,-54.809],[177.9,-54.75],[177.609,-54.5],[177.581,-54.25],[177.628,-54.0],[177.865,-53.75],[179.077,-53.0],[179.085,-52.75],[178.369,-52.25],[179.0,-51.825],[179.75,-51.544],[179.75,-59.484],[179.25,-59.393],[178.985,-59.25],[178.777,-59.0],[179.286,-58.75]]]},"properties":{"hvalue":3.0,"color":"#34cc99"}},{"type":"Feature","geometry":{"type":"Polygon","coordinates":[[[170.5,-56.284],[168.5,-55.362],[167.975,-55.25],[168.14,-55.0],[168.052,-54.75],[167.315,-54.5],[167.0,-54.273],[166.75,-54.302],[166.25,-53.96],[166.096,-53.75],[166.228,-52.75],[166.275,-52.5],[166.477,-52.25],[167.75,-51.65],[168.0,-51.583],[168.5,-51.604],[168.825,-51.75],[169.016,-52.5],[169.25,-52.813],[169.75,-52.871],[170.79,-52.75],[172.256,-53.25],[172.5,-53.459],[172.212,-54.25],[171.5,-54.646],[171.0,-54.737],[170.25,-54.656],[169.918,-54.75],[169.938,-55.0],[170.858,-56.0],[170.858,-56.25],[170.5,-56.284]]]},"properties":{"hvalue":3.0,"color":"#34cc99"}},{"type":"Feature","geometry":{"type":"Polygon","coordinates":[[[143.5,-40.768],[143.25,-41.132],[143.0,-41.011],[143.056,-40.75],[143.25,-40.678],[143.5,-40.768]]]},"properties":{"hvalue":3.0,"color":"#34cc99"}},{"type":"Feature","geometry":{"type":"Polygon","coordinates":[[[179.25,-41.879],[177.75,-41.007],[177.5,-40.742],[177.25,-40.322],[177.228,-40.0],[177.289,-39.5],[177.487,-39.25],[177.75,-39.278],[178.039,-39.0],[178.058,-38.75],[178.25,-38.75],[178.5,-38.5],[178.5,-38.334],[178.75,-38.188],[178.941,-38.25],[179.25,-38.597],[179.75,-38.706],[179.75,-39.827],[179.122,-39.5],[178.827,-39.25],[178.604,-38.75],[178.5,-38.671],[178.25,-38.898],[178.09,-39.25],[178.077,-39.5],[178.25,-39.816],[178.831,-40.25],[179.75,-40.533],[179.75,-42.044],[179.25,-41.879]]]},"properties":{"hvalue":3.0,"color":"#34cc99"}},{"type":"Feature","geometry":{"type":"Polygon","coordinates":[[[168.0,-42.044],[165.75,-41.295],[165.5,-41.109],[164.75,-40.119],[164.0,-39.903],[162.986,-39.25],[162.537,-38.25],[162.413,-37.75],[161.973,-37.25],[161.75,-36.85],[161.671,-36.5],[161.7,-35.5],[161.661,-35.25],[161.423,-34.75],[161.419,-34.5],[161.673,-34.0],[161.808,-33.5],[161.83,-33.0],[162.25,-32.65],[162.778,-31.75],[163.25,-31.476],[163.5,-31.397],[163.75,-31.44],[163.925,-31.75],[164.75,-32.312],[165.25,-32.416],[165.5,-32.363],[166.25,-31.956],[167.25,-31.658],[167.5,-31.624],[167.75,-31.7],[167.98,-32.0],[168.25,-32.066],[169.0,-31.821],[169.876,-31.75],[171.25,-30.962],[171.75,-30.941],[172.25,-31.038],[173.25,-30.798],[173.5,-30.882],[173.75,-31.226],[173.73,-31.5],[173.573,-31.75],[173.75,-31.915],[174.25,-31.703],[175.25,-32.148],[175.715,-32.5],[175.814,-32.75],[175.608,-33.0],[175.901,-33.25],[176.5,-33.584],[177.614,-33.75],[177.0,-34.405],[176.75,-34.399],[176.25,-34.633],[175.75,-34.746],[175.0,-34.396],[174.25,-34.236],[173.5,-34.111],[173.25,-34.136],[173.018,-34.268],[172.75,-34.25],[172.678,-34.322],[172.5,-34.12],[172.25,-34.184],[171.75,-33.998],[171.5,-33.799],[170.75,-33.817],[170.25,-33.701],[169.5,-33.799],[167.93,-34.25],[167.639,-34.5],[167.612,-35.0],[168.17,-35.75],[168.256,-36.25],[168.099,-37.0],[167.533,-38.5],[167.706,-39.5],[167.936,-39.75],[168.5,-39.917],[169.25,-39.974],[171.75,-39.293],[172.847,-38.75],[172.929,-38.5],[172.9,-38.0],[173.142,-37.5],[173.202,-36.75],[173.443,-36.0],[173.397,-35.647],[173.75,-36.0],[173.75,-36.25],[174.15,-36.65],[174.167,-37.0],[174.014,-38.0],[173.607,-38.75],[173.601,-39.149],[173.5,-39.25],[173.639,-39.389],[173.5,-39.625],[172.5,-40.211],[171.08,-40.75],[170.0,-41.549],[169.0,-41.998],[168.5,-42.118],[168.0,-42.044]]]},"properties":{"hvalue":3.0,"color":"#34cc99"}},{"type":"Feature","geometry":{"type":"Polygon","coordinates":[[[177.315,-34.5],[177.25,-34.533],[177.163,-34.5],[177.25,-34.45],[177.315,-34.5]]]},"properties":{"hvalue":3.0,"color":"#34cc99"}},{"type":"Feature","geometry":{"type":"Polygon","coordinates":[[[178.25,-34.509],[178.0,-34.559],[177.992,-34.5],[178.25,-34.235],[178.25,-34.509]]]},"properties":{"hvalue":3.0,"color":"#34cc99"}},{"type":"Feature","geometry":{"type":"Polygon","coordinates":[[[177.0,4.156],[176.657,4.5],[176.689,5.0],[176.934,5.25],[177.0,5.434],[177.25,5.557],[177.5,5.563],[177.75,5.707],[178.0,5.754],[178.25,5.7],[178.935,5.0],[178.959,4.25],[178.5,4.046],[178.0,3.919],[177.0,4.156]]]},"properties":{"hvalue":3.0,"color":"#34cc99"}},{"type":"Feature","geometry":{"type":"Polygon","coordinates":[[[139.75,24.447],[140.103,24.25],[140.195,24.0],[139.75,23.786],[139.25,23.764],[139.064,24.0],[139.092,24.25],[139.25,24.371],[139.75,24.447]]]},"properties":{"hvalue":3.0,"color":"#34cc99"}},{"type":"Feature","geometry":{"type":"Polygon","coordinates":[[[124.508,26.5],[124.611,26.75],[125.25,27.292],[125.5,27.412],[126.106,27.5],[126.5,27.716],[126.75,27.969],[127.116,28.5],[127.092,29.0],[127.25,29.345],[127.504,28.75],[127.5,28.121],[127.368,27.75],[127.25,27.488],[127.0,27.386],[126.5,27.446],[126.308,27.25],[125.93,26.25],[125.65,25.75],[125.267,25.5],[124.982,25.5],[124.648,25.75],[124.514,26.0],[124.508,26.5]]]},"properties":{"hvalue":3.0,"color":"#34cc99"}},{"type":"Feature","geometry":{"type":"Polygon","coordinates":[[[130.298,29.5],[130.985,30.25],[131.228,30.75],[131.25,30.975],[131.5,31.091],[131.592,31.0],[131.593,30.75],[131.393,30.0],[131.399,29.75],[131.565,29.5],[131.622,29.25],[131.0,28.956],[130.5,28.979],[130.235,29.25],[130.298,29.5]]]},"properties":{"hvalue":3.0,"color":"#34cc99"}},{"type":"Feature","geometry":{"type":"Polygon","coordinates":[[[127.091,31.25],[127.057,31.5],[127.275,32.0],[127.75,32.331],[128.25,32.468],[128.5,31.68],[127.0,29.905],[126.888,30.0],[126.815,30.25],[127.091,31.25]]]},"properties":{"hvalue":3.0,"color":"#34cc99"}},{"type":"Feature","geometry":{"type":"Polygon","coordinates":[[[136.25,24.937],[135.75,25.007],[135.61,25.25],[135.657,25.75],[135.5,25.901],[134.75,26.043],[133.314,27.0],[133.203,27.25],[133.268,27.5],[133.215,27.75],[132.726,28.25],[132.652,28.5],[133.21,29.75],[133.75,30.042],[134.261,30.0],[135.5,30.518],[135.75,30.75],[136.25,30.966],[137.0,30.722],[137.5,30.221],[137.75,30.164],[138.0,30.213],[138.488,30.5],[138.679,31.25],[138.674,31.5],[138.465,32.0],[138.525,33.0],[138.75,33.09],[139.0,33.064],[139.75,32.77],[140.0,32.807],[140.351,33.25],[140.334,34.25],[140.192,34.75],[140.271,35.0],[140.5,35.072],[140.685,35.25],[141.0,35.75],[141.095,37.0],[141.203,37.25],[141.282,38.0],[141.5,38.25],[141.453,38.453],[141.75,38.75],[141.75,39.0],[142.0,39.25],[142.0,39.5],[142.049,39.549],[142.009,39.25],[141.797,38.75],[141.785,38.5],[141.876,38.25],[142.0,38.064],[142.25,37.939],[143.0,37.76],[143.25,37.397],[143.75,37.373],[143.823,37.25],[143.757,37.0],[143.421,36.5],[143.397,36.25],[143.5,36.138],[143.75,36.103],[144.5,36.292],[145.0,36.215],[145.082,36.5],[145.5,36.757],[146.5,37.845],[147.0,38.15],[147.289,38.75],[147.368,39.25],[147.5,39.462],[147.75,39.579],[147.848,39.75],[146.816,40.75],[146.25,41.149],[146.0,41.192],[144.5,40.952],[143.5,41.029],[142.5,40.361],[142.1,39.9],[142.0,40.0],[142.0,40.25],[141.805,40.445],[142.0,41.013],[142.611,41.5],[143.371,41.75],[144.0,41.838],[145.25,41.835],[146.25,41.696],[146.591,41.5],[147.0,40.998],[147.5,40.845],[148.25,40.391],[149.25,40.202],[149.443,40.0],[149.635,39.5],[149.277,39.0],[149.0,38.82],[148.5,38.703],[148.277,38.5],[148.286,38.0],[148.129,37.5],[147.579,36.75],[147.046,36.25],[147.023,35.75],[147.095,35.5],[145.953,34.0],[145.629,33.75],[144.575,33.5],[144.356,33.25],[144.141,32.75],[143.5,32.197],[143.0,31.895],[142.875,31.5],[142.923,31.0],[143.04,30.75],[143.0,30.586],[142.706,30.5],[142.445,31.0],[142.0,31.3],[141.615,32.0],[141.25,32.244],[141.0,32.213],[140.83,32.0],[140.615,31.25],[140.5,31.113],[140.25,31.086],[139.75,31.289],[139.5,31.225],[139.25,30.985],[138.965,30.5],[138.911,30.25],[139.423,29.0],[139.112,27.75],[139.191,27.25],[139.132,27.0],[138.75,26.553],[138.618,26.25],[138.608,25.25],[137.837,24.0],[137.5,23.866],[137.25,23.901],[137.0,23.83],[136.75,23.906],[136.495,24.25],[136.635,24.5],[136.653,24.75],[136.25,24.937]]]},"properties":{"hvalue":3.0,"color":"#34cc99"}},{"type":"Feature","geometry":{"type":"Polygon","coordinates":[[[179.301,48.25],[179.5,49.561],[179.75,49.958],[179.75,47.484],[179.375,47.75],[179.301,48.25]]]},"properties":{"hvalue":3.0,"color":"#34cc99"}},{"type":"Feature","geometry":{"type":"Polygon","coordinates":[[[-73.327,-60.0],[-73.25,-59.915],[-72.908,-60.0],[-73.25,-60.061],[-73.327,-60.0]]]},"properties":{"hvalue":4.0,"color":"#6bff6b"}},{"type":"Feature","geometry":{"type":"Polygon","coordinates":[[[-68.0,-55.696],[-67.553,-55.947],[-67.75,-55.947],[-68.241,-55.741],[-68.177,-55.677],[-68.0,-55.696]]]},"properties":{"hvalue":4.0,"color":"#6bff6b"}},{"type":"Feature","geometry":{"type":"Polygon","coordinates":[[[-69.382,-55.75],[-69.073,-55.75],[-69.25,-55.786],[-69.382,-55.75]]]},"properties":{"hvalue":4.0,"color":"#6bff6b"}},{"type":"Feature","geometry":{"type":"Polygon","coordinates":[[[-165.739,-55.5],[-166.25,-55.605],[-166.389,-55.5],[-165.739,-55.5]]]},"properties":{"hvalue":4.0,"color":"#6bff6b"}},{"type":"Feature","geometry":{"type":"Polygon","coordinates":[[[-165.5,-63.681],[-167.25,-63.93],[-169.0,-63.842],[-171.0,-63.655],[-171.652,-63.5],[-172.255,-63.25],[-172.348,-63.0],[-172.215,-62.75],[-173.445,-62.25],[-174.0,-61.75],[-174.768,-61.25],[-174.82,-61.0],[-174.635,-60.25],[-174.13,-59.75],[-173.904,-59.25],[-173.75,-59.136],[-173.25,-59.0],[-174.5,-58.754],[-175.25,-58.32],[-175.5,-58.231],[-175.801,-58.25],[-175.96,-58.0],[-175.525,-57.75],[-175.158,-57.25],[-173.84,-56.5],[-174.75,-56.413],[-175.75,-56.064],[-175.878,-56.0],[-175.806,-55.75],[-175.919,-55.5],[-175.648,-55.25],[-174.273,-54.5],[-174.052,-54.25],[-173.96,-54.0],[-173.877,-53.0],[-173.72,-52.75],[-173.75,-52.675],[-173.987,-52.5],[-174.75,-52.449],[-175.216,-52.25],[-174.935,-52.0],[-173.858,-51.5],[-173.541,-51.25],[-172.5,-50.83],[-171.0,-50.514],[-170.0,-50.569],[-169.646,-50.5],[-169.75,-50.411],[-170.75,-50.473],[-171.296,-49.75],[-171.026,-49.5],[-169.224,-49.0],[-167.25,-48.173],[-165.75,-47.701],[-165.0,-47.557],[-164.25,-47.57],[-163.0,-47.425],[-162.59,-47.25],[-162.327,-47.0],[-162.141,-46.5],[-162.168,-46.25],[-162.335,-46.0],[-163.387,-45.25],[-163.515,-44.75],[-163.743,-44.5],[-163.993,-44.0],[-164.126,-43.5],[-164.084,-43.25],[-164.622,-43.0],[-164.655,-42.75],[-164.563,-42.25],[-164.627,-42.0],[-165.066,-41.5],[-165.054,-41.25],[-164.25,-41.162],[-162.75,-41.244],[-161.5,-41.747],[-160.75,-41.87],[-160.0,-42.123],[-159.184,-42.25],[-158.0,-42.582],[-157.25,-42.654],[-156.75,-42.832],[-155.25,-43.653],[-152.866,-44.25],[-151.271,-45.25],[-150.706,-46.0],[-150.0,-46.583],[-149.5,-46.433],[-149.094,-46.0],[-148.75,-45.859],[-148.0,-45.86],[-147.25,-45.724],[-147.0,-45.608],[-146.25,-44.75],[-145.622,-44.5],[-143.5,-43.898],[-142.0,-43.779],[-141.25,-43.897],[-140.0,-44.251],[-138.25,-45.042],[-136.351,-45.5],[-135.85,-45.75],[-135.5,-45.799],[-134.103,-46.5],[-133.432,-47.25],[-132.604,-47.75],[-132.437,-48.5],[-132.207,-48.75],[-132.193,-49.0],[-132.484,-49.25],[-132.554,-49.5],[-132.579,-49.75],[-132.457,-50.0],[-132.485,-50.25],[-132.699,-50.5],[-133.5,-50.911],[-135.25,-50.871],[-136.25,-50.99],[-138.0,-51.029],[-138.5,-50.96],[-139.75,-50.576],[-141.006,-50.5],[-140.75,-50.459],[-140.717,-50.25],[-141.0,-50.186],[-143.25,-50.011],[-144.25,-49.474],[-144.85,-49.0],[-144.902,-48.75],[-144.78,-48.25],[-145.0,-48.003],[-146.25,-47.932],[-147.5,-48.2],[-148.0,-48.025],[-148.25,-48.044],[-148.481,-48.25],[-148.75,-48.34],[-149.211,-48.75],[-149.416,-49.0],[-149.495,-49.25],[-149.75,-49.482],[-150.25,-49.482],[-150.597,-49.75],[-152.5,-50.234],[-153.0,-50.227],[-154.75,-49.871],[-156.0,-49.299],[-156.75,-49.096],[-159.75,-48.97],[-160.0,-48.865],[-160.308,-48.5],[-160.75,-48.239],[-161.75,-48.042],[-162.0,-48.053],[-163.25,-48.566],[-165.75,-49.8],[-167.714,-50.25],[-167.533,-50.5],[-167.771,-50.75],[-168.25,-51.035],[-169.0,-51.156],[-170.5,-51.172],[-171.5,-51.416],[-172.255,-51.75],[-173.251,-52.5],[-172.5,-52.57],[-171.5,-52.397],[-169.5,-52.281],[-169.25,-52.295],[-168.75,-52.647],[-165.0,-51.768],[-164.5,-51.892],[-164.25,-52.315],[-163.706,-52.5],[-164.0,-52.633],[-165.25,-53.606],[-165.5,-53.664],[-166.5,-53.441],[-168.0,-53.409],[-168.407,-53.5],[-168.963,-53.75],[-169.105,-54.0],[-168.283,-54.25],[-167.818,-54.5],[-168.25,-55.0],[-168.614,-55.25],[-168.818,-55.75],[-168.5,-56.122],[-168.221,-56.25],[-167.919,-57.0],[-167.663,-57.25],[-167.835,-57.75],[-167.638,-58.0],[-167.09,-58.25],[-167.43,-58.75],[-168.25,-59.016],[-169.717,-59.25],[-168.0,-59.553],[-166.25,-59.705],[-166.12,-59.75],[-166.46,-60.0],[-166.25,-60.254],[-165.717,-60.5],[-166.0,-60.902],[-166.5,-61.048],[-166.75,-61.228],[-167.0,-61.809],[-167.75,-61.696],[-168.55,-61.75],[-167.937,-62.0],[-166.5,-62.11],[-165.502,-62.0],[-165.828,-62.25],[-165.516,-62.5],[-165.25,-62.575],[-164.879,-62.5],[-164.841,-62.25],[-164.341,-62.0],[-163.273,-61.75],[-163.5,-61.704],[-163.633,-61.5],[-164.079,-61.25],[-164.0,-61.088],[-163.5,-60.774],[-163.694,-60.25],[-163.5,-60.035],[-162.904,-59.75],[-162.28,-59.25],[-162.075,-59.0],[-161.881,-58.5],[-161.356,-58.25],[-161.886,-57.75],[-161.926,-57.5],[-161.864,-57.25],[-161.75,-57.209],[-161.25,-57.128],[-160.0,-57.205],[-159.5,-57.075],[-159.334,-57.25],[-159.75,-58.041],[-159.5,-58.052],[-158.25,-57.616],[-158.0,-57.6],[-157.25,-57.806],[-156.0,-57.508],[-155.25,-57.489],[-154.5,-57.564],[-153.912,-57.75],[-153.317,-58.0],[-153.141,-58.25],[-153.597,-58.5],[-154.25,-59.218],[-154.5,-59.354],[-156.75,-60.429],[-157.75,-60.509],[-158.346,-60.75],[-158.5,-60.978],[-158.863,-61.25],[-158.853,-61.5],[-159.103,-61.75],[-159.25,-62.077],[-159.484,-62.25],[-160.343,-62.5],[-160.316,-62.75],[-160.591,-63.0],[-160.578,-63.25],[-160.984,-63.5],[-161.25,-63.559],[-161.75,-63.891],[-162.75,-64.118],[-164.0,-64.154],[-164.259,-64.0],[-164.5,-63.727],[-165.5,-63.681]]]},"properties":{"hvalue":4.0,"color":"#6bff6b"}},{"type":"Feature","geometry":{"type":"Polygon","coordinates":[[[-159.75,-52.126],[-159.953,-52.0],[-159.5,-51.912],[-159.33,-52.0],[-159.5,-52.155],[-159.75,-52.126]]]},"properties":{"hvalue":4.0,"color":"#6bff6b"}},{"type":"Feature","geometry":{"type":"Polygon","coordinates":[[[-106.108,-49.25],[-107.235,-48.75],[-107.75,-48.362],[-108.5,-48.089],[-109.0,-47.806],[-110.12,-47.0],[-110.074,-46.75],[-110.5,-46.115],[-111.5,-45.896],[-111.663,-45.75],[-111.681,-45.5],[-111.417,-45.25],[-111.0,-45.074],[-110.25,-44.83],[-109.75,-44.799],[-109.25,-44.843],[-108.25,-45.15],[-105.0,-45.269],[-104.25,-45.551],[-103.25,-46.427],[-103.005,-46.75],[-102.809,-47.25],[-102.889,-47.75],[-102.766,-48.25],[-103.5,-49.253],[-103.75,-49.493],[-104.0,-49.587],[-104.75,-49.56],[-106.108,-49.25]]]},"properties":{"hvalue":4.0,"color":"#6bff6b"}},{"type":"Feature","geometry":{"type":"Polygon","coordinates":[[[-180.0,-39.902],[-179.147,-40.0],[-178.651,-40.25],[-178.75,-40.44],[-180.0,-40.55],[-180.0,-39.902]]]},"properties":{"hvalue":4.0,"color":"#6bff6b"}},{"type":"Feature","geometry":{"type":"Polygon","coordinates":[[[-164.226,13.5],[-164.75,13.859],[-165.0,13.895],[-165.5,14.292],[-165.75,14.356],[-166.75,14.272],[-167.25,14.444],[-168.388,16.0],[-168.358,16.25],[-167.676,17.0],[-167.653,17.25],[-167.809,17.75],[-167.75,18.008],[-167.162,18.5],[-166.731,19.0],[-165.973,19.5],[-165.5,20.223],[-164.25,19.85],[-163.25,19.727],[-163.0,19.63],[-162.06,19.0],[-161.0,18.612],[-160.48,18.25],[-160.235,17.75],[-159.989,16.5],[-159.49,14.75],[-159.597,14.5],[-160.25,14.191],[-160.447,14.0],[-160.75,13.447],[-161.5,13.312],[-162.0,13.101],[-162.25,13.078],[-164.226,13.5]]]},"properties":{"hvalue":4.0,"color":"#6bff6b"}},{"type":"Feature","geometry":{"type":"Polygon","coordinates":[[[-149.344,22.75],[-150.143,23.75],[-150.192,24.0],[-149.97,24.75],[-149.25,25.241],[-148.5,25.891],[-148.25,25.987],[-147.5,26.12],[-146.94,26.0],[-146.047,25.5],[-145.79,25.25],[-145.508,24.75],[-145.643,24.0],[-145.75,23.86],[-146.25,23.533],[-147.25,23.499],[-147.5,23.333],[-148.246,22.5],[-148.5,22.406],[-149.0,22.507],[-149.344,22.75]]]},"properties":{"hvalue":4.0,"color":"#6bff6b"}},{"type":"Feature","geometry":{"type":"Polygon","coordinates":[[[-126.5,22.961],[-126.723,23.5],[-127.147,24.0],[-127.121,24.5],[-127.199,25.0],[-127.041,25.25],[-127.045,25.75],[-126.937,26.25],[-126.75,26.493],[-125.5,27.123],[-124.75,27.342],[-124.25,27.363],[-123.5,27.184],[-122.5,26.621],[-122.104,26.25],[-121.727,25.75],[-121.565,25.25],[-121.568,25.0],[-121.825,24.25],[-122.351,23.5],[-123.75,22.532],[-124.75,22.118],[-125.25,22.077],[-125.5,22.131],[-126.0,22.413],[-126.5,22.961]]]},"properties":{"hvalue":4.0,"color":"#6bff6b"}},{"type":"Feature","geometry":{"type":"Polygon","coordinates":[[[-176.75,48.371],[-177.923,49.0],[-178.084,49.25],[-178.268,50.25],[-178.074,50.5],[-176.982,51.0],[-176.75,51.273],[-175.918,51.75],[-174.75,52.044],[-172.75,52.051],[-172.383,52.0],[-172.0,51.821],[-171.642,51.5],[-171.55,51.25],[-171.591,51.0],[-172.267,49.75],[-173.0,49.119],[-174.25,48.44],[-175.25,48.252],[-176.25,48.23],[-176.75,48.371]]]},"properties":{"hvalue":4.0,"color":"#6bff6b"}},{"type":"Feature","geometry":{"type":"Polygon","coordinates":[[[-57.25,-60.876],[-57.0,-60.754],[-56.75,-60.743],[-55.926,-61.0],[-55.893,-61.25],[-55.996,-61.5],[-55.717,-61.75],[-56.25,-61.822],[-57.315,-61.75],[-57.562,-61.5],[-57.592,-61.25],[-57.25,-60.876]]]},"properties":{"hvalue":4.0,"color":"#6bff6b"}},{"type":"Feature","geometry":{"type":"Polygon","coordinates":[[[-13.75,-56.57],[-14.877,-56.0],[-15.75,-55.351],[-18.296,-53.75],[-18.921,-53.25],[-19.045,-53.0],[-19.0,-52.905],[-18.75,-52.864],[-18.5,-52.961],[-17.5,-53.611],[-17.0,-54.082],[-15.0,-55.091],[-14.0,-55.447],[-13.0,-55.54],[-11.279,-56.0],[-10.689,-56.25],[-9.981,-56.75],[-10.5,-56.868],[-11.5,-56.799],[-11.75,-56.849],[-12.136,-57.25],[-12.75,-57.259],[-13.0,-57.211],[-13.75,-56.57]]]},"properties":{"hvalue":4.0,"color":"#6bff6b"}},{"type":"Feature","geometry":{"type":"Polygon","coordinates":[[[-76.5,-62.774],[-78.0,-62.783],[-80.0,-62.316],[-80.647,-62.0],[-80.708,-61.75],[-78.889,-61.0],[-78.792,-60.75],[-78.93,-60.5],[-78.907,-60.25],[-78.627,-59.75],[-78.509,-59.25],[-77.845,-58.75],[-76.692,-58.25],[-76.738,-57.75],[-76.295,-57.0],[-75.5,-56.653],[-75.045,-56.25],[-74.058,-55.75],[-73.596,-55.25],[-73.012,-55.0],[-72.25,-54.809],[-72.0,-54.834],[-71.533,-54.967],[-71.25,-55.25],[-70.489,-55.25],[-70.164,-55.336],[-70.0,-55.5],[-69.75,-55.5],[-69.513,-55.737],[-70.25,-55.738],[-71.866,-56.25],[-72.934,-57.0],[-73.981,-58.25],[-74.321,-58.5],[-74.691,-59.0],[-75.004,-59.25],[-75.103,-59.5],[-75.437,-59.75],[-75.596,-60.0],[-75.477,-60.25],[-75.151,-60.5],[-75.394,-60.75],[-75.282,-61.0],[-75.0,-61.194],[-74.5,-61.365],[-72.75,-61.436],[-71.75,-61.38],[-69.25,-61.024],[-68.701,-60.75],[-66.75,-60.67],[-65.5,-60.511],[-63.606,-59.75],[-63.297,-59.5],[-62.566,-59.25],[-62.872,-59.0],[-60.25,-58.235],[-59.901,-58.0],[-59.749,-57.5],[-59.271,-57.0],[-59.275,-56.75],[-58.25,-56.441],[-57.404,-56.0],[-57.5,-55.857],[-58.0,-55.721],[-58.5,-55.44],[-59.0,-55.632],[-59.25,-55.609],[-59.367,-55.5],[-59.0,-55.423],[-58.5,-55.124],[-57.75,-55.271],[-57.25,-55.264],[-55.374,-54.5],[-54.976,-54.25],[-55.25,-54.096],[-56.974,-54.25],[-56.893,-54.5],[-57.0,-54.537],[-57.25,-54.517],[-57.5,-54.343],[-58.0,-54.24],[-59.5,-54.197],[-60.25,-54.383],[-61.0,-54.71],[-61.5,-54.745],[-62.116,-55.0],[-63.0,-55.22],[-64.5,-55.462],[-67.0,-56.011],[-67.24,-55.99],[-67.152,-55.902],[-66.585,-55.75],[-65.836,-55.25],[-65.06,-55.0],[-63.75,-54.948],[-62.75,-54.216],[-62.0,-53.904],[-61.0,-53.621],[-58.75,-53.424],[-57.75,-53.462],[-56.0,-53.215],[-53.968,-52.25],[-53.587,-52.0],[-53.369,-51.75],[-52.25,-51.302],[-51.582,-50.75],[-51.25,-50.592],[-50.25,-50.283],[-48.75,-50.17],[-47.75,-49.68],[-46.027,-48.25],[-46.085,-48.0],[-46.421,-47.75],[-46.531,-47.25],[-46.295,-46.75],[-46.381,-46.25],[-45.768,-45.75],[-45.772,-45.5],[-46.977,-45.5],[-47.986,-46.0],[-48.334,-46.0],[-48.121,-45.75],[-48.05,-45.5],[-48.235,-45.25],[-48.647,-45.0],[-48.811,-44.5],[-48.742,-44.25],[-48.5,-43.966],[-48.25,-43.843],[-47.75,-43.829],[-47.0,-44.076],[-46.106,-43.75],[-45.0,-43.949],[-44.75,-43.909],[-44.468,-43.75],[-43.5,-43.647],[-42.5,-43.976],[-41.25,-44.017],[-40.25,-43.942],[-39.75,-43.998],[-39.0,-44.28],[-38.25,-44.347],[-37.82,-44.5],[-37.57,-44.75],[-37.644,-45.0],[-37.487,-45.5],[-37.25,-45.608],[-35.736,-45.75],[-35.246,-46.0],[-35.0,-46.4],[-34.5,-46.574],[-34.252,-46.75],[-34.145,-47.0],[-34.166,-47.75],[-34.013,-48.0],[-32.5,-47.957],[-31.0,-48.281],[-30.368,-48.75],[-30.249,-49.0],[-30.334,-49.5],[-30.491,-49.75],[-29.75,-49.944],[-28.875,-50.5],[-28.891,-50.75],[-29.5,-51.112],[-31.276,-51.75],[-32.75,-52.158],[-34.25,-52.474],[-35.75,-52.46],[-37.0,-52.718],[-37.75,-52.769],[-38.25,-53.091],[-38.374,-53.0],[-38.148,-52.75],[-38.75,-52.579],[-40.75,-52.684],[-41.88,-53.0],[-43.0,-53.132],[-44.134,-53.75],[-46.265,-54.5],[-47.75,-54.913],[-48.701,-55.5],[-48.852,-55.75],[-49.25,-55.898],[-50.0,-56.009],[-51.25,-56.357],[-53.0,-56.125],[-54.0,-56.248],[-55.0,-56.566],[-56.25,-56.716],[-56.332,-56.75],[-56.421,-57.0],[-55.838,-57.25],[-57.861,-58.5],[-57.5,-58.667],[-56.5,-58.786],[-55.25,-58.708],[-54.421,-58.75],[-54.327,-59.0],[-56.297,-60.0],[-57.5,-60.276],[-58.25,-59.988],[-58.964,-60.0],[-60.75,-60.572],[-63.75,-60.913],[-64.181,-61.25],[-65.25,-61.523],[-66.75,-61.781],[-67.5,-62.097],[-69.0,-62.333],[-70.75,-62.74],[-72.25,-62.796],[-72.75,-63.072],[-73.25,-63.168],[-75.25,-63.307],[-75.644,-63.25],[-76.5,-62.774]]]},"properties":{"hvalue":4.0,"color":"#6bff6b"}},{"type":"Feature","geometry":{"type":"Polygon","coordinates":[[[2.63,-49.5],[2.5,-49.525],[2.316,-49.5],[2.5,-49.464],[2.63,-49.5]]]},"properties":{"hvalue":4.0,"color":"#6bff6b"}},{"type":"Feature","geometry":{"type":"Polygon","coordinates":[[[-49.25,-48.706],[-49.189,-48.75],[-49.353,-48.75],[-49.25,-48.706]]]},"properties":{"hvalue":4.0,"color":"#6bff6b"}},{"type":"Feature","geometry":{"type":"Polygon","coordinates":[[[3.341,-46.5],[2.75,-46.554],[2.483,-46.5],[2.75,-46.432],[3.341,-46.5]]]},"properties":{"hvalue":4.0,"color":"#6bff6b"}},{"type":"Feature","geometry":{"type":"Polygon","coordinates":[[[-49.25,-42.498],[-49.234,-42.5],[-49.25,-42.505],[-49.25,-42.498]]]},"properties":{"hvalue":4.0,"color":"#6bff6b"}},{"type":"Feature","geometry":{"type":"Polygon","coordinates":[[[-36.447,-39.75],[-36.5,-39.766],[-36.602,-39.75],[-36.5,-39.679],[-36.447,-39.75]]]},"properties":{"hvalue":4.0,"color":"#6bff6b"}},{"type":"Feature","geometry":{"type":"Polygon","coordinates":[[[-35.354,-38.5],[-35.5,-38.542],[-35.55,-38.5],[-35.5,-38.463],[-35.354,-38.5]]]},"properties":{"hvalue":4.0,"color":"#6bff6b"}},{"type":"Feature","geometry":{"type":"Polygon","coordinates":[[[-35.154,-38.25],[-35.25,-38.385],[-35.282,-38.25],[-35.154,-38.25]]]},"properties":{"hvalue":4.0,"color":"#6bff6b"}},{"type":"Feature","geometry":{"type":"Polygon","coordinates":[[[-34.5,-37.876],[-34.671,-38.0],[-35.0,-38.09],[-35.025,-38.0],[-34.75,-37.865],[-34.68,-37.75],[-34.5,-37.718],[-34.5,-37.876]]]},"properties":{"hvalue":4.0,"color":"#6bff6b"}},{"type":"Feature","geometry":{"type":"Polygon","coordinates":[[[-14.826,-43.25],[-15.6,-42.25],[-15.981,-42.0],[-17.0,-41.9],[-17.75,-41.7],[-17.995,-41.5],[-18.344,-40.75],[-18.299,-40.25],[-18.5,-40.098],[-19.5,-39.864],[-20.0,-39.831],[-20.5,-39.908],[-20.963,-40.25],[-21.321,-40.75],[-21.393,-41.0],[-21.349,-41.5],[-20.846,-42.75],[-21.0,-43.019],[-21.5,-42.899],[-22.25,-42.39],[-22.75,-42.222],[-23.25,-42.175],[-24.0,-42.405],[-24.75,-42.336],[-26.5,-41.601],[-26.75,-41.147],[-27.0,-40.966],[-28.75,-40.946],[-28.859,-40.75],[-28.878,-40.5],[-29.25,-39.743],[-30.0,-39.141],[-30.5,-38.524],[-31.0,-38.172],[-31.75,-37.848],[-32.5,-37.003],[-32.75,-36.853],[-33.5,-36.742],[-33.597,-36.5],[-33.505,-36.25],[-33.678,-36.0],[-34.648,-35.75],[-34.928,-35.5],[-35.512,-34.0],[-35.401,-33.25],[-35.25,-32.854],[-34.6,-31.75],[-34.0,-31.029],[-33.75,-30.955],[-32.75,-31.14],[-32.5,-31.374],[-32.36,-31.75],[-32.375,-32.5],[-32.793,-33.25],[-33.232,-33.75],[-33.25,-34.015],[-33.0,-34.064],[-32.75,-33.936],[-32.036,-33.25],[-31.721,-32.75],[-31.5,-32.606],[-31.0,-32.395],[-30.5,-32.334],[-29.5,-32.517],[-28.0,-32.52],[-26.25,-32.839],[-25.75,-32.776],[-25.5,-32.575],[-25.25,-32.546],[-24.25,-32.67],[-23.75,-32.785],[-23.173,-33.25],[-22.672,-33.5],[-20.75,-34.157],[-20.25,-34.679],[-19.25,-35.13],[-17.25,-36.344],[-15.5,-36.822],[-14.845,-37.5],[-14.533,-38.25],[-13.75,-39.431],[-13.609,-39.75],[-13.55,-40.25],[-13.332,-40.75],[-13.316,-41.0],[-13.704,-41.75],[-13.695,-42.5],[-13.579,-43.25],[-13.287,-43.5],[-14.0,-43.663],[-14.826,-43.25]]]},"properties":{"hvalue":4.0,"color":"#6bff6b"}},{"type":"Feature","geometry":{"type":"Polygon","coordinates":[[[-7.75,-38.543],[-8.25,-38.525],[-8.5,-38.29],[-10.126,-37.5],[-10.87,-37.0],[-11.75,-36.223],[-12.448,-35.75],[-12.878,-35.25],[-13.916,-34.5],[-14.142,-34.25],[-14.15,-34.0],[-13.646,-33.75],[-13.977,-33.0],[-13.96,-32.75],[-13.75,-32.686],[-13.0,-32.73],[-11.227,-33.5],[-10.5,-33.92],[-9.75,-34.588],[-8.851,-35.0],[-8.252,-35.5],[-8.189,-35.75],[-8.311,-36.5],[-8.015,-37.0],[-8.12,-37.25],[-8.0,-37.425],[-7.25,-37.82],[-6.302,-38.0],[-5.929,-38.5],[-5.936,-38.75],[-6.25,-39.043],[-6.75,-39.026],[-7.44,-38.75],[-7.75,-38.543]]]},"properties":{"hvalue":4.0,"color":"#6bff6b"}},{"type":"Feature","geometry":{"type":"Polygon","coordinates":[[[-18.327,54.0],[-18.798,54.25],[-18.557,55.0],[-18.656,55.25],[-18.558,56.0],[-18.854,56.25],[-19.464,56.5],[-21.5,56.816],[-23.5,56.878],[-24.25,57.114],[-25.0,57.55],[-25.201,57.75],[-25.773,59.25],[-25.755,60.0],[-25.335,60.75],[-24.796,61.25],[-23.75,61.644],[-23.25,61.761],[-20.25,62.047],[-18.0,62.947],[-14.75,64.028],[-13.75,64.509],[-13.25,64.644],[-13.0,64.599],[-12.5,64.283],[-11.5,63.884],[-10.25,63.633],[-9.25,63.223],[-8.08,62.5],[-7.908,62.25],[-7.223,61.75],[-6.75,61.25],[-6.683,61.317],[-5.924,61.25],[-5.347,60.5],[-5.417,60.25],[-5.335,59.75],[-5.486,59.5],[-5.832,59.25],[-5.975,59.0],[-7.0,58.449],[-7.186,58.25],[-7.232,57.982],[-7.531,57.75],[-7.719,57.0],[-7.675,56.75],[-7.443,56.5],[-7.538,56.25],[-7.937,56.0],[-9.181,55.5],[-10.25,54.946],[-13.75,53.685],[-15.25,53.559],[-17.0,53.708],[-17.75,53.936],[-18.327,54.0]]]},"properties":{"hvalue":4.0,"color":"#6bff6b"}},{"type":"Feature","geometry":{"type":"Polygon","coordinates":[[[30.75,-47.751],[30.489,-47.75],[30.753,-47.75],[30.75,-47.751]]]},"properties":{"hvalue":4.0,"color":"#6bff6b"}},{"type":"Feature","geometry":{"type":"Polygon","coordinates":[[[126.75,-64.265],[124.0,-64.087],[121.0,-64.232],[120.0,-64.137],[118.75,-63.843],[118.587,-63.75],[118.487,-63.5],[117.75,-63.234],[116.0,-63.012],[114.0,-63.018],[113.25,-62.933],[112.25,-62.729],[110.0,-61.939],[108.25,-61.578],[107.75,-61.581],[106.5,-61.784],[103.5,-61.526],[101.75,-61.684],[100.948,-61.5],[99.75,-61.011],[99.25,-60.943],[97.75,-60.865],[96.25,-61.039],[95.25,-60.771],[94.0,-60.84],[92.624,-60.25],[91.25,-59.854],[90.372,-59.25],[88.75,-58.988],[88.0,-58.625],[85.803,-58.0],[84.5,-57.457],[83.155,-57.25],[82.25,-56.97],[70.5,-57.123],[68.5,-56.894],[65.25,-56.045],[64.75,-55.989],[64.25,-56.057],[63.25,-55.942],[62.75,-56.124],[62.25,-56.482],[61.233,-57.75],[60.5,-57.863],[59.75,-57.611],[58.5,-57.625],[58.0,-57.706],[57.194,-58.0],[56.463,-58.5],[56.289,-58.75],[56.321,-59.0],[55.825,-59.25],[53.596,-59.75],[51.75,-59.962],[49.5,-60.045],[46.0,-59.685],[45.25,-59.53],[44.25,-59.124],[42.75,-58.721],[42.0,-58.345],[41.75,-58.341],[39.5,-58.827],[35.517,-59.25],[35.563,-59.5],[35.0,-59.701],[34.5,-59.777],[30.25,-59.895],[28.5,-59.833],[27.0,-59.48],[25.622,-59.0],[24.576,-58.5],[23.25,-58.09],[21.5,-57.627],[19.559,-57.25],[18.5,-56.807],[17.25,-56.52],[16.472,-56.25],[13.75,-55.67],[12.75,-55.521],[10.75,-55.403],[10.266,-55.25],[9.829,-55.0],[9.836,-54.75],[9.648,-54.25],[8.692,-53.75],[8.471,-53.25],[8.809,-53.0],[8.872,-52.75],[8.691,-52.5],[7.25,-52.052],[7.172,-52.0],[7.144,-51.75],[7.0,-51.601],[6.344,-51.5],[6.5,-51.38],[6.75,-51.411],[7.0,-51.318],[7.435,-51.0],[6.75,-50.749],[6.334,-50.5],[6.618,-50.25],[6.747,-50.0],[6.547,-49.75],[6.25,-49.602],[5.5,-49.649],[5.0,-49.483],[4.25,-49.472],[4.0,-49.42],[3.779,-49.25],[3.843,-49.0],[3.683,-48.25],[3.856,-47.75],[3.7,-47.25],[4.109,-47.0],[4.299,-46.75],[3.908,-46.5],[4.75,-46.245],[6.0,-46.405],[7.646,-47.0],[9.0,-47.216],[10.277,-47.75],[11.956,-48.25],[13.138,-48.75],[13.87,-49.25],[16.0,-49.958],[17.25,-50.16],[17.75,-50.355],[18.522,-50.5],[18.964,-51.0],[19.25,-51.105],[20.75,-51.245],[21.5,-51.489],[21.215,-51.75],[21.5,-51.898],[23.25,-52.033],[23.5,-52.129],[24.25,-52.174],[25.0,-52.37],[26.75,-52.49],[27.75,-52.705],[29.058,-52.5],[29.031,-52.25],[30.25,-51.763],[30.62,-51.75],[30.75,-51.897],[31.5,-51.656],[32.25,-51.587],[32.445,-51.5],[32.442,-51.25],[32.25,-51.135],[31.5,-50.942],[31.0,-50.906],[30.855,-50.75],[31.502,-50.5],[32.711,-50.25],[32.801,-50.0],[32.75,-49.982],[31.429,-50.0],[31.75,-49.933],[31.937,-49.75],[32.25,-49.631],[33.0,-49.116],[34.557,-48.75],[34.458,-48.5],[34.25,-48.311],[33.75,-48.06],[32.377,-48.0],[32.204,-47.25],[32.0,-47.109],[31.25,-47.135],[31.174,-47.0],[31.134,-46.5],[31.5,-46.243],[32.102,-46.0],[32.391,-45.75],[32.25,-45.633],[31.739,-45.5],[31.862,-45.25],[31.75,-44.947],[31.528,-44.75],[30.5,-44.926],[29.92,-44.75],[29.771,-44.5],[29.946,-44.0],[29.696,-43.5],[29.855,-43.0],[30.567,-42.0],[31.25,-41.464],[31.598,-40.75],[31.8,-40.0],[32.548,-39.0],[32.631,-38.75],[32.177,-38.0],[32.107,-37.75],[32.137,-37.25],[32.0,-36.916],[31.5,-36.61],[30.689,-36.5],[30.455,-36.25],[30.519,-35.5],[30.416,-35.0],[30.17,-34.5],[30.201,-34.25],[30.5,-33.881],[30.608,-33.5],[30.269,-32.25],[30.255,-32.0],[30.47,-31.25],[31.0,-30.491],[32.0,-29.578],[32.174,-29.75],[31.75,-30.479],[31.708,-30.75],[31.765,-32.0],[31.825,-32.25],[32.0,-32.456],[32.283,-32.0],[32.353,-31.0],[33.248,-29.75],[35.25,-28.322],[36.0,-28.101],[37.25,-28.133],[39.0,-27.4],[40.25,-27.347],[40.75,-27.469],[41.5,-27.404],[41.75,-27.318],[42.25,-26.962],[42.75,-26.997],[44.25,-27.691],[45.172,-27.0],[45.5,-26.859],[46.0,-27.035],[46.25,-27.329],[46.5,-27.286],[47.0,-27.491],[47.75,-27.017],[48.0,-26.962],[48.75,-27.054],[49.25,-26.737],[49.5,-26.808],[49.75,-27.053],[50.25,-27.224],[51.0,-27.097],[52.25,-27.248],[52.5,-27.19],[53.25,-26.591],[53.5,-26.687],[54.5,-27.897],[54.75,-27.879],[55.5,-27.502],[55.75,-27.453],[58.0,-28.179],[58.25,-28.144],[58.75,-27.899],[59.25,-28.097],[59.75,-28.104],[60.5,-28.448],[61.25,-28.714],[62.0,-28.875],[63.0,-29.349],[64.0,-29.671],[64.25,-29.703],[65.0,-29.507],[65.5,-29.654],[66.0,-29.607],[66.5,-29.669],[67.25,-30.001],[68.0,-29.902],[69.013,-30.25],[70.0,-30.402],[71.0,-30.686],[72.25,-30.676],[72.75,-30.597],[73.25,-30.847],[74.0,-30.716],[74.198,-30.75],[74.5,-31.194],[74.75,-31.339],[75.25,-31.523],[76.5,-31.731],[77.25,-31.667],[77.605,-31.5],[77.824,-31.25],[78.013,-30.25],[77.75,-30.043],[77.407,-30.0],[78.182,-29.25],[78.5,-29.03],[79.0,-28.859],[79.75,-28.796],[79.926,-29.0],[79.994,-29.25],[80.0,-29.757],[80.25,-29.822],[81.0,-29.774],[81.5,-29.959],[81.75,-30.284],[81.818,-30.5],[81.75,-30.754],[81.895,-31.0],[83.25,-31.123],[84.25,-31.614],[84.869,-32.25],[85.814,-32.5],[86.316,-32.75],[86.75,-33.101],[87.75,-33.389],[88.25,-33.615],[89.0,-33.69],[90.0,-34.17],[92.0,-34.677],[92.5,-34.725],[93.25,-34.632],[94.5,-34.973],[96.0,-35.202],[96.75,-35.097],[97.0,-35.52],[97.25,-35.509],[99.0,-34.932],[99.234,-35.0],[99.322,-35.25],[99.25,-35.814],[99.5,-35.896],[100.25,-35.743],[101.25,-35.677],[102.25,-35.367],[102.75,-35.038],[103.5,-34.345],[104.0,-34.224],[105.0,-33.672],[105.25,-33.5],[105.75,-32.797],[106.374,-32.25],[106.655,-31.5],[106.919,-30.0],[107.255,-29.0],[107.511,-28.5],[107.25,-28.2],[107.146,-28.75],[106.59,-29.25],[106.25,-29.449],[106.0,-29.437],[105.75,-29.314],[105.521,-29.0],[105.36,-28.25],[105.154,-28.0],[104.75,-27.645],[104.26,-27.5],[103.811,-27.25],[103.96,-27.0],[104.318,-26.75],[104.25,-26.584],[104.0,-26.539],[103.76,-26.75],[103.605,-27.25],[103.0,-27.633],[102.75,-27.698],[102.529,-27.5],[102.565,-27.25],[102.819,-27.0],[102.953,-26.75],[102.975,-26.5],[102.75,-26.22],[102.676,-25.75],[102.75,-25.645],[103.25,-25.868],[103.5,-25.833],[103.713,-26.0],[104.0,-26.452],[104.25,-26.448],[104.75,-26.204],[105.0,-26.264],[105.264,-26.5],[105.75,-26.713],[105.896,-26.5],[105.842,-25.5],[106.0,-25.098],[107.0,-24.582],[107.25,-24.316],[107.306,-23.5],[107.157,-23.0],[107.225,-22.75],[107.5,-22.286],[107.95,-22.0],[108.039,-21.75],[107.987,-21.25],[107.744,-20.5],[108.25,-20.472],[108.75,-20.289],[109.102,-20.25],[109.288,-20.75],[109.75,-20.87],[110.25,-21.491],[110.389,-22.25],[110.25,-22.562],[110.0,-22.756],[109.393,-23.0],[109.18,-23.25],[109.17,-24.25],[108.706,-25.25],[108.75,-25.49],[109.75,-24.78],[110.75,-23.588],[111.25,-23.141],[112.0,-22.983],[112.25,-23.013],[112.75,-22.557],[113.0,-22.483],[113.228,-22.75],[113.185,-23.0],[112.645,-24.0],[112.51,-24.75],[112.539,-25.5],[112.933,-26.25],[112.957,-26.75],[112.871,-27.0],[112.75,-27.164],[112.5,-27.281],[111.681,-28.25],[111.5,-28.404],[111.154,-28.5],[110.75,-29.361],[109.937,-30.0],[109.736,-30.25],[109.741,-30.5],[110.0,-30.705],[110.25,-30.772],[111.0,-30.641],[111.202,-30.5],[111.348,-30.0],[111.25,-29.821],[111.07,-29.75],[111.25,-29.712],[111.75,-28.96],[112.226,-28.75],[112.335,-28.5],[112.75,-28.146],[113.0,-27.781],[113.25,-27.859],[113.539,-28.5],[114.156,-29.25],[114.14,-29.5],[114.0,-29.718],[113.5,-30.004],[113.329,-30.25],[113.088,-30.75],[113.046,-31.25],[112.0,-32.158],[111.586,-32.75],[111.2,-33.0],[111.016,-33.25],[110.627,-34.0],[110.75,-34.251],[111.0,-34.326],[111.75,-33.987],[111.963,-34.0],[112.0,-34.315],[112.25,-34.442],[112.75,-34.363],[113.139,-34.0],[113.36,-33.5],[113.898,-32.75],[113.784,-32.25],[113.873,-32.0],[114.0,-31.86],[114.25,-31.846],[114.5,-32.139],[114.75,-31.847],[115.0,-31.739],[115.046,-32.0],[114.773,-32.5],[114.5,-34.164],[114.0,-34.178],[113.657,-34.5],[114.0,-34.66],[114.5,-34.502],[114.977,-34.75],[114.946,-35.0],[114.579,-35.5],[114.231,-36.25],[114.5,-36.46],[115.0,-36.567],[116.0,-36.462],[117.0,-36.713],[117.25,-36.684],[118.0,-36.39],[118.47,-36.0],[119.107,-35.25],[119.607,-35.0],[121.25,-34.64],[121.75,-34.662],[121.996,-34.75],[121.91,-35.0],[119.997,-36.0],[118.349,-36.75],[118.0,-36.996],[118.029,-37.25],[118.175,-37.5],[118.5,-37.679],[119.0,-37.646],[119.088,-37.75],[119.04,-38.0],[119.25,-38.21],[120.25,-38.368],[121.0,-38.197],[121.131,-38.25],[121.302,-38.5],[121.75,-38.801],[122.0,-39.171],[123.0,-39.2],[124.0,-39.479],[126.0,-39.315],[126.75,-39.365],[127.0,-39.441],[127.25,-39.631],[128.014,-39.75],[128.25,-39.991],[128.372,-40.25],[128.75,-40.432],[130.0,-40.533],[131.0,-40.994],[132.25,-41.102],[132.75,-41.332],[133.168,-41.75],[134.25,-41.959],[135.153,-42.5],[136.0,-42.557],[136.75,-42.738],[138.3,-43.25],[139.25,-43.785],[141.5,-44.454],[142.5,-44.611],[144.25,-44.722],[145.75,-44.645],[147.653,-44.75],[147.797,-45.0],[147.585,-45.25],[146.5,-45.389],[146.213,-45.5],[146.446,-46.0],[146.453,-46.25],[146.87,-46.5],[146.895,-47.0],[147.0,-47.107],[147.939,-47.5],[148.25,-47.716],[148.75,-47.871],[151.0,-47.906],[151.75,-48.031],[152.0,-48.158],[152.058,-48.25],[152.0,-48.364],[151.397,-48.5],[152.0,-48.537],[152.296,-48.75],[151.979,-49.0],[150.5,-49.162],[150.0,-49.366],[149.673,-49.25],[149.518,-49.0],[149.504,-48.5],[149.0,-48.233],[147.894,-48.5],[148.006,-48.75],[147.699,-49.0],[147.645,-49.25],[147.218,-49.5],[147.75,-49.784],[147.877,-50.0],[147.714,-50.25],[148.605,-50.5],[149.474,-51.0],[149.649,-51.25],[149.5,-51.303],[149.339,-51.5],[149.505,-51.75],[149.195,-52.0],[150.429,-52.5],[150.6,-52.75],[150.252,-53.25],[150.284,-53.5],[150.764,-53.75],[150.861,-54.0],[150.441,-54.25],[150.532,-54.5],[150.993,-55.0],[150.75,-55.133],[150.0,-55.07],[149.88,-55.25],[149.5,-55.328],[148.5,-54.937],[148.0,-54.897],[147.392,-55.0],[147.337,-55.25],[147.962,-55.5],[148.144,-55.75],[148.166,-56.0],[149.004,-56.5],[149.173,-56.75],[148.92,-57.0],[148.5,-57.667],[148.075,-58.0],[148.26,-58.25],[147.797,-58.5],[147.0,-58.549],[146.5,-58.856],[146.25,-59.115],[145.331,-59.5],[145.123,-59.75],[145.024,-60.25],[144.377,-61.0],[144.31,-61.25],[144.056,-61.5],[143.25,-61.63],[142.5,-61.588],[141.0,-61.19],[139.5,-60.946],[137.75,-60.469],[135.5,-60.413],[134.75,-60.507],[132.642,-61.25],[132.0,-61.649],[131.427,-62.25],[131.5,-62.419],[131.75,-62.504],[135.25,-62.254],[142.0,-62.544],[145.0,-62.256],[145.75,-62.072],[147.5,-61.817],[147.748,-62.0],[147.511,-62.25],[147.098,-62.5],[145.859,-63.0],[145.0,-63.026],[144.5,-62.872],[142.929,-63.25],[142.0,-63.307],[141.373,-63.5],[140.0,-63.619],[139.141,-64.0],[138.0,-64.196],[137.0,-64.137],[136.0,-63.955],[134.75,-63.489],[134.0,-63.408],[132.25,-63.626],[131.0,-64.004],[130.5,-64.071],[129.0,-64.042],[128.25,-64.176],[126.75,-64.265]]]},"properties":{"hvalue":4.0,"color":"#6bff6b"}},{"type":"Feature","geometry":{"type":"Polygon","coordinates":[[[28.285,-37.0],[28.0,-36.909],[27.825,-36.75],[28.0,-36.595],[28.25,-36.735],[28.285,-37.0]]]},"properties":{"hvalue":4.0,"color":"#6bff6b"}},{"type":"Feature","geometry":{"type":"Polygon","coordinates":[[[20.919,-38.75],[20.927,-37.25],[21.346,-36.5],[22.25,-35.689],[22.588,-35.5],[23.5,-35.213],[25.5,-34.856],[26.5,-34.34],[27.185,-33.75],[27.5,-33.669],[27.633,-33.75],[27.12,-34.75],[26.524,-35.5],[26.25,-35.587],[25.25,-35.376],[25.0,-35.424],[24.588,-35.75],[24.578,-36.25],[24.332,-36.5],[24.296,-36.75],[24.516,-37.0],[24.418,-37.5],[24.25,-37.825],[23.75,-37.795],[23.5,-37.915],[23.0,-38.38],[22.75,-38.372],[22.5,-38.229],[22.25,-38.322],[22.064,-38.5],[21.889,-38.75],[21.932,-39.0],[22.25,-39.158],[22.5,-39.124],[22.627,-39.25],[22.564,-39.5],[21.75,-39.748],[21.25,-39.662],[21.106,-39.5],[20.919,-38.75]]]},"properties":{"hvalue":4.0,"color":"#6bff6b"}},{"type":"Feature","geometry":{"type":"Polygon","coordinates":[[[27.0,-36.288],[27.0,-36.241],[27.268,-36.25],[27.0,-36.288]]]},"properties":{"hvalue":4.0,"color":"#6bff6b"}},{"type":"Feature","geometry":{"type":"Polygon","coordinates":[[[150.193,-57.0],[150.25,-56.944],[150.555,-57.0],[150.25,-57.014],[150.193,-57.0]]]},"properties":{"hvalue":4.0,"color":"#6bff6b"}},{"type":"Feature","geometry":{"type":"Polygon","coordinates":[[[159.75,-51.171],[157.5,-50.526],[156.998,-50.25],[156.652,-49.75],[156.475,-49.25],[156.216,-49.0],[154.656,-48.25],[154.611,-48.0],[154.785,-47.5],[154.744,-47.25],[154.532,-47.0],[154.153,-46.75],[153.827,-46.25],[153.785,-46.0],[154.31,-45.25],[154.217,-44.75],[154.413,-44.5],[154.75,-44.402],[155.0,-44.442],[156.0,-44.784],[157.5,-45.975],[158.237,-46.25],[158.595,-46.5],[158.712,-46.75],[159.0,-46.871],[160.0,-47.049],[161.0,-47.075],[161.5,-47.472],[161.917,-48.0],[162.116,-48.5],[162.104,-48.75],[161.519,-49.5],[161.265,-50.0],[160.927,-50.25],[160.782,-50.5],[160.75,-50.816],[160.25,-51.085],[159.75,-51.171]]]},"properties":{"hvalue":4.0,"color":"#6bff6b"}},{"type":"Feature","geometry":{"type":"Polygon","coordinates":[[[148.75,-46.123],[148.5,-46.112],[148.124,-46.0],[148.5,-45.95],[148.844,-46.0],[148.75,-46.123]]]},"properties":{"hvalue":4.0,"color":"#6bff6b"}},{"type":"Feature","geometry":{"type":"Polygon","coordinates":[[[178.5,-40.041],[178.192,-39.75],[178.077,-39.5],[178.09,-39.25],[178.25,-38.898],[178.5,-38.671],[178.604,-38.75],[178.827,-39.25],[179.122,-39.5],[179.75,-39.827],[179.75,-40.533],[179.0,-40.344],[178.5,-40.041]]]},"properties":{"hvalue":4.0,"color":"#6bff6b"}},{"type":"Feature","geometry":{"type":"Polygon","coordinates":[[[123.0,-38.223],[122.25,-38.535],[121.962,-38.5],[121.899,-38.25],[122.143,-37.75],[122.75,-37.354],[123.5,-37.02],[123.75,-36.955],[124.5,-37.087],[125.0,-37.451],[125.319,-37.5],[125.271,-37.75],[124.787,-38.25],[123.5,-38.909],[123.25,-38.855],[123.181,-38.5],[123.0,-38.223]]]},"properties":{"hvalue":4.0,"color":"#6bff6b"}},{"type":"Feature","geometry":{"type":"Polygon","coordinates":[[[167.54,-38.75],[167.584,-38.25],[168.099,-37.0],[168.256,-36.25],[168.17,-35.75],[167.612,-35.0],[167.576,-34.75],[167.639,-34.5],[167.75,-34.396],[168.25,-34.11],[169.5,-33.799],[170.25,-33.701],[170.75,-33.817],[171.5,-33.799],[171.75,-33.998],[172.25,-34.184],[172.5,-34.12],[172.625,-34.25],[172.678,-34.322],[172.5,-34.5],[173.0,-35.0],[173.0,-35.25],[173.397,-35.647],[173.443,-36.0],[173.202,-36.75],[173.142,-37.5],[172.9,-38.0],[172.929,-38.5],[172.847,-38.75],[171.75,-39.293],[169.25,-39.974],[168.5,-39.917],[167.936,-39.75],[167.706,-39.5],[167.54,-38.75]]]},"properties":{"hvalue":4.0,"color":"#6bff6b"}},{"type":"Feature","geometry":{"type":"Polygon","coordinates":[[[121.753,-36.0],[122.302,-35.75],[122.75,-35.688],[123.308,-36.0],[123.281,-36.25],[123.0,-36.509],[121.75,-37.145],[121.5,-37.137],[121.557,-36.5],[121.753,-36.0]]]},"properties":{"hvalue":4.0,"color":"#6bff6b"}},{"type":"Feature","geometry":{"type":"Polygon","coordinates":[[[123.787,-35.0],[124.177,-35.0],[124.0,-35.061],[123.787,-35.0]]]},"properties":{"hvalue":4.0,"color":"#6bff6b"}},{"type":"Feature","geometry":{"type":"Polygon","coordinates":[[[124.566,-34.75],[124.5,-34.771],[124.479,-34.75],[124.5,-34.747],[124.566,-34.75]]]},"properties":{"hvalue":4.0,"color":"#6bff6b"}},{"type":"Feature","geometry":{"type":"Polygon","coordinates":[[[105.5,-23.936],[105.75,-23.659],[105.822,-23.75],[105.796,-24.0],[105.75,-24.211],[105.668,-24.25],[105.75,-24.562],[105.0,-24.504],[105.25,-24.443],[105.457,-24.25],[105.5,-23.936]]]},"properties":{"hvalue":4.0,"color":"#6bff6b"}},{"type":"Feature","geometry":{"type":"Polygon","coordinates":[[[106.023,-23.5],[105.964,-23.5],[106.0,-23.36],[106.023,-23.5]]]},"properties":{"hvalue":4.0,"color":"#6bff6b"}},{"type":"Feature","geometry":{"type":"Polygon","coordinates":[[[106.5,-22.062],[106.75,-21.992],[106.835,-22.25],[106.787,-22.5],[106.25,-23.3],[106.06,-23.25],[106.5,-22.062]]]},"properties":{"hvalue":4.0,"color":"#6bff6b"}},{"type":"Feature","geometry":{"type":"Polygon","coordinates":[[[104.411,-22.0],[104.75,-21.821],[105.0,-21.893],[105.152,-22.5],[105.0,-22.764],[104.5,-22.968],[104.313,-22.75],[104.268,-22.5],[104.247,-22.25],[104.411,-22.0]]]},"properties":{"hvalue":4.0,"color":"#6bff6b"}},{"type":"Feature","geometry":{"type":"Polygon","coordinates":[[[105.006,-20.5],[105.126,-19.5],[105.25,-19.441],[105.5,-19.095],[105.75,-18.981],[105.815,-19.25],[106.199,-19.75],[106.05,-20.5],[106.073,-21.25],[105.974,-21.5],[105.75,-21.631],[105.25,-21.555],[105.043,-21.0],[105.006,-20.5]]]},"properties":{"hvalue":4.0,"color":"#6bff6b"}},{"type":"Feature","geometry":{"type":"Polygon","coordinates":[[[102.131,-19.5],[102.388,-19.0],[103.192,-18.0],[103.377,-17.5],[103.5,-17.37],[103.75,-17.312],[104.0,-17.398],[104.1,-17.5],[104.0,-17.958],[103.75,-18.238],[103.25,-18.497],[103.122,-18.75],[102.686,-20.0],[102.566,-21.0],[102.5,-21.079],[102.25,-21.085],[102.04,-20.5],[102.131,-19.5]]]},"properties":{"hvalue":4.0,"color":"#6bff6b"}},{"type":"Feature","geometry":{"type":"Polygon","coordinates":[[[134.128,28.25],[134.158,28.0],[134.0,27.858],[133.81,28.0],[133.729,28.25],[134.0,28.353],[134.128,28.25]]]},"properties":{"hvalue":4.0,"color":"#6bff6b"}},{"type":"Feature","geometry":{"type":"Polygon","coordinates":[[[143.823,37.25],[143.75,37.373],[143.25,37.397],[143.0,37.76],[142.5,37.836],[142.0,38.064],[141.785,38.5],[141.853,39.0],[142.009,39.25],[142.049,39.549],[142.25,39.75],[142.1,39.9],[142.15,40.0],[142.5,40.361],[143.431,41.0],[144.5,40.952],[145.5,41.15],[146.25,41.149],[147.0,40.599],[147.848,39.75],[147.75,39.579],[147.5,39.462],[147.368,39.25],[147.289,38.75],[147.0,38.15],[146.5,37.845],[145.5,36.757],[145.082,36.5],[145.0,36.215],[144.5,36.292],[143.75,36.103],[143.5,36.138],[143.397,36.25],[143.421,36.5],[143.757,37.0],[143.823,37.25]]]},"properties":{"hvalue":4.0,"color":"#6bff6b"}},{"type":"Feature","geometry":{"type":"Polygon","coordinates":[[[-75.394,-60.75],[-75.151,-60.5],[-75.477,-60.25],[-75.596,-60.0],[-75.437,-59.75],[-75.103,-59.5],[-75.004,-59.25],[-74.691,-59.0],[-74.321,-58.5],[-73.981,-58.25],[-72.934,-57.0],[-71.866,-56.25],[-70.75,-55.861],[-70.25,-55.738],[-68.241,-55.741],[-67.75,-55.947],[-67.0,-56.011],[-62.5,-55.1],[-61.5,-54.745],[-61.0,-54.71],[-60.25,-54.383],[-59.5,-54.197],[-58.0,-54.24],[-57.5,-54.343],[-57.25,-54.517],[-57.0,-54.537],[-56.893,-54.5],[-56.974,-54.25],[-55.25,-54.096],[-54.976,-54.25],[-55.374,-54.5],[-57.25,-55.264],[-57.75,-55.271],[-58.5,-55.124],[-59.0,-55.423],[-59.367,-55.5],[-59.25,-55.609],[-59.0,-55.632],[-58.5,-55.44],[-58.0,-55.721],[-57.5,-55.857],[-57.404,-56.0],[-58.25,-56.441],[-59.275,-56.75],[-59.271,-57.0],[-59.749,-57.5],[-59.901,-58.0],[-60.25,-58.235],[-62.872,-59.0],[-62.566,-59.25],[-63.297,-59.5],[-63.606,-59.75],[-65.46,-60.5],[-66.75,-60.67],[-68.701,-60.75],[-69.139,-61.0],[-69.5,-61.069],[-71.5,-61.355],[-72.75,-61.436],[-74.25,-61.39],[-74.75,-61.298],[-75.282,-61.0],[-75.394,-60.75]]]},"properties":{"hvalue":5.0,"color":"#fee600"}},{"type":"Feature","geometry":{"type":"Polygon","coordinates":[[[-30.73,-50.5],[-31.0,-50.522],[-31.021,-50.5],[-30.73,-50.5]]]},"properties":{"hvalue":5.0,"color":"#fee600"}},{"type":"Feature","geometry":{"type":"Polygon","coordinates":[[[-153.5,-49.18],[-153.955,-48.25],[-154.197,-48.0],[-154.135,-47.75],[-154.0,-47.727],[-153.437,-48.0],[-153.208,-48.75],[-153.25,-49.273],[-153.5,-49.18]]]},"properties":{"hvalue":5.0,"color":"#fee600"}},{"type":"Feature","geometry":{"type":"Polygon","coordinates":[[[-138.5,-49.093],[-140.75,-48.803],[-141.281,-48.5],[-141.326,-48.25],[-141.136,-47.75],[-141.204,-47.5],[-141.065,-47.25],[-140.479,-46.75],[-140.423,-46.5],[-140.75,-46.294],[-141.03,-46.25],[-141.25,-46.075],[-141.25,-45.972],[-140.75,-45.713],[-140.25,-45.666],[-138.75,-45.991],[-138.456,-46.25],[-137.471,-46.75],[-136.73,-47.0],[-136.228,-47.5],[-136.358,-47.75],[-136.047,-48.5],[-136.076,-48.75],[-135.977,-49.0],[-136.25,-49.254],[-136.75,-49.416],[-137.25,-49.429],[-137.75,-49.362],[-138.5,-49.093]]]},"properties":{"hvalue":5.0,"color":"#fee600"}},{"type":"Feature","geometry":{"type":"Polygon","coordinates":[[[-15.25,-41.773],[-16.643,-41.5],[-16.971,-41.25],[-17.031,-41.0],[-16.697,-39.75],[-16.716,-39.5],[-17.25,-39.221],[-17.422,-39.0],[-17.37,-38.5],[-17.25,-38.413],[-16.75,-38.679],[-16.169,-38.75],[-15.846,-39.25],[-15.231,-39.75],[-14.698,-40.5],[-14.657,-41.25],[-14.763,-41.5],[-15.0,-41.733],[-15.25,-41.773]]]},"properties":{"hvalue":5.0,"color":"#fee600"}},{"type":"Feature","geometry":{"type":"Polygon","coordinates":[[[-26.159,-40.25],[-26.5,-39.814],[-27.184,-39.5],[-27.622,-39.0],[-28.142,-37.75],[-28.113,-37.5],[-28.0,-37.319],[-27.75,-37.236],[-27.0,-37.544],[-26.0,-37.519],[-25.0,-37.366],[-24.0,-37.683],[-23.25,-37.683],[-22.25,-37.818],[-21.5,-37.736],[-21.0,-37.447],[-20.5,-37.389],[-19.25,-37.928],[-18.841,-38.5],[-18.852,-38.75],[-20.75,-39.103],[-22.0,-39.982],[-23.75,-40.83],[-24.75,-40.943],[-25.0,-40.891],[-25.5,-40.709],[-26.159,-40.25]]]},"properties":{"hvalue":5.0,"color":"#fee600"}},{"type":"Feature","geometry":{"type":"Polygon","coordinates":[[[-17.567,-38.25],[-17.5,-38.232],[-17.454,-38.25],[-17.5,-38.321],[-17.567,-38.25]]]},"properties":{"hvalue":5.0,"color":"#fee600"}},{"type":"Feature","geometry":{"type":"Polygon","coordinates":[[[-163.98,15.0],[-165.25,15.984],[-165.948,16.75],[-166.062,17.25],[-165.75,17.725],[-164.78,18.5],[-164.0,18.725],[-162.75,18.628],[-161.75,18.273],[-161.374,18.0],[-160.932,17.5],[-160.637,16.5],[-160.736,15.75],[-161.181,15.0],[-162.0,14.39],[-162.5,14.275],[-163.0,14.431],[-163.98,15.0]]]},"properties":{"hvalue":5.0,"color":"#fee600"}},{"type":"Feature","geometry":{"type":"Polygon","coordinates":[[[-148.239,24.5],[-148.0,24.55],[-147.54,24.5],[-147.643,24.0],[-148.0,23.826],[-148.5,23.806],[-148.651,24.0],[-148.547,24.25],[-148.239,24.5]]]},"properties":{"hvalue":5.0,"color":"#fee600"}},{"type":"Feature","geometry":{"type":"Polygon","coordinates":[[[-125.75,24.307],[-125.906,24.75],[-125.616,25.5],[-125.25,25.822],[-124.75,26.009],[-124.25,26.073],[-123.5,25.927],[-123.0,25.622],[-122.765,25.25],[-122.838,24.75],[-123.0,24.463],[-123.25,24.234],[-123.5,24.303],[-123.682,24.5],[-124.0,24.641],[-124.25,24.63],[-124.501,24.5],[-124.595,24.25],[-124.452,23.75],[-124.75,23.591],[-125.5,23.969],[-125.75,24.307]]]},"properties":{"hvalue":5.0,"color":"#fee600"}},{"type":"Feature","geometry":{"type":"Polygon","coordinates":[[[-176.386,50.0],[-176.337,50.25],[-175.872,50.75],[-175.595,51.25],[-175.086,51.75],[-173.619,52.0],[-172.86,51.75],[-172.608,51.5],[-172.614,51.0],[-172.909,50.25],[-173.313,49.75],[-174.0,49.333],[-174.5,49.277],[-175.5,49.353],[-176.0,49.57],[-176.386,50.0]]]},"properties":{"hvalue":5.0,"color":"#fee600"}},{"type":"Feature","geometry":{"type":"Polygon","coordinates":[[[29.0,-56.003],[29.75,-56.19],[30.036,-56.5],[30.652,-56.75],[30.25,-56.991],[29.75,-56.99],[28.761,-56.75],[28.501,-56.5],[28.656,-56.25],[29.0,-56.003]]]},"properties":{"hvalue":5.0,"color":"#fee600"}},{"type":"Feature","geometry":{"type":"Polygon","coordinates":[[[26.397,-56.5],[26.5,-56.319],[26.655,-56.5],[26.5,-56.528],[26.397,-56.5]]]},"properties":{"hvalue":5.0,"color":"#fee600"}},{"type":"Feature","geometry":{"type":"Polygon","coordinates":[[[28.25,-56.031],[28.5,-56.5],[28.25,-56.625],[27.69,-56.5],[27.544,-56.25],[27.75,-56.096],[28.25,-56.031]]]},"properties":{"hvalue":5.0,"color":"#fee600"}},{"type":"Feature","geometry":{"type":"Polygon","coordinates":[[[23.851,-55.5],[24.5,-55.406],[25.068,-55.75],[25.134,-56.0],[25.0,-56.103],[24.75,-56.092],[23.851,-55.5]]]},"properties":{"hvalue":5.0,"color":"#fee600"}},{"type":"Feature","geometry":{"type":"Polygon","coordinates":[[[26.0,-55.434],[26.802,-55.5],[26.25,-55.572],[25.734,-55.5],[26.0,-55.434]]]},"properties":{"hvalue":5.0,"color":"#fee600"}},{"type":"Feature","geometry":{"type":"Polygon","coordinates":[[[22.75,-55.381],[22.855,-55.5],[22.58,-55.5],[22.75,-55.381]]]},"properties":{"hvalue":5.0,"color":"#fee600"}},{"type":"Feature","geometry":{"type":"Polygon","coordinates":[[[23.0,-55.378],[22.857,-55.25],[23.0,-55.156],[23.25,-55.117],[23.426,-55.25],[23.25,-55.365],[23.0,-55.378]]]},"properties":{"hvalue":5.0,"color":"#fee600"}},{"type":"Feature","geometry":{"type":"Polygon","coordinates":[[[23.456,-55.0],[23.533,-55.0],[23.5,-55.078],[23.456,-55.0]]]},"properties":{"hvalue":5.0,"color":"#fee600"}},{"type":"Feature","geometry":{"type":"Polygon","coordinates":[[[18.5,-55.018],[17.0,-54.754],[16.583,-54.5],[17.138,-54.25],[16.75,-53.926],[16.25,-53.906],[15.524,-53.5],[15.0,-52.965],[14.238,-52.75],[14.073,-52.5],[14.204,-52.25],[14.905,-52.25],[16.0,-52.626],[17.25,-53.257],[18.047,-53.5],[17.951,-53.75],[18.0,-53.793],[18.25,-53.71],[18.5,-53.742],[18.935,-54.0],[20.0,-54.263],[21.602,-54.5],[22.42,-54.75],[22.5,-54.91],[22.808,-55.0],[22.75,-55.099],[22.25,-54.985],[21.0,-55.338],[19.3,-55.25],[18.5,-55.018]]]},"properties":{"hvalue":5.0,"color":"#fee600"}},{"type":"Feature","geometry":{"type":"Polygon","coordinates":[[[39.25,-48.243],[39.275,-48.25],[39.067,-48.25],[39.25,-48.243]]]},"properties":{"hvalue":5.0,"color":"#fee600"}},{"type":"Feature","geometry":{"type":"Polygon","coordinates":[[[35.75,-40.555],[35.75,-40.48],[35.821,-40.5],[35.75,-40.555]]]},"properties":{"hvalue":5.0,"color":"#fee600"}},{"type":"Feature","geometry":{"type":"Polygon","coordinates":[[[33.24,-39.0],[34.0,-37.987],[34.25,-37.863],[34.472,-38.0],[34.297,-38.5],[34.099,-38.75],[33.75,-39.052],[33.25,-39.265],[33.24,-39.0]]]},"properties":{"hvalue":5.0,"color":"#fee600"}},{"type":"Feature","geometry":{"type":"Polygon","coordinates":[[[-14.0,56.442],[-14.75,56.71],[-14.907,57.0],[-15.414,57.25],[-19.0,57.789],[-20.5,58.225],[-21.0,58.508],[-22.5,58.76],[-22.887,59.0],[-22.947,59.25],[-22.509,60.0],[-22.25,60.168],[-21.5,60.325],[-20.75,60.345],[-19.042,61.0],[-18.804,61.25],[-18.658,61.75],[-18.486,62.0],[-17.75,62.548],[-17.25,62.792],[-14.25,63.794],[-13.918,63.75],[-13.941,63.5],[-14.084,63.25],[-14.5,62.92],[-16.0,62.113],[-17.75,61.618],[-18.684,61.25],[-18.823,60.75],[-18.336,60.0],[-17.5,59.432],[-17.0,59.277],[-16.5,59.269],[-15.75,59.571],[-15.25,59.946],[-14.5,60.609],[-14.0,61.183],[-13.25,61.733],[-12.5,61.919],[-11.0,61.967],[-9.75,61.873],[-8.75,61.513],[-8.282,61.25],[-8.13,61.0],[-7.838,60.75],[-6.75,60.002],[-6.591,59.75],[-6.974,59.0],[-8.07,58.0],[-7.976,57.75],[-8.113,57.5],[-9.5,56.544],[-11.25,56.02],[-12.5,55.846],[-13.0,55.872],[-14.0,56.442]]]},"properties":{"hvalue":5.0,"color":"#fee600"}},{"type":"Feature","geometry":{"type":"Polygon","coordinates":[[[120.75,-64.025],[119.424,-63.75],[119.59,-63.5],[119.618,-63.25],[119.5,-63.216],[116.25,-62.683],[114.25,-62.642],[113.25,-62.181],[111.744,-62.0],[110.25,-61.446],[109.0,-61.315],[108.25,-61.109],[107.5,-61.09],[107.0,-61.191],[105.0,-60.748],[103.75,-60.582],[102.5,-60.627],[99.25,-60.358],[97.5,-60.333],[97.107,-60.25],[94.501,-59.25],[94.188,-59.0],[93.939,-58.5],[91.698,-58.0],[91.367,-57.75],[91.443,-57.5],[90.75,-57.13],[86.5,-56.002],[85.538,-55.25],[83.75,-54.382],[83.5,-54.38],[82.75,-54.603],[81.0,-54.656],[80.5,-54.602],[80.25,-54.63],[80.0,-54.769],[79.673,-54.75],[79.5,-54.651],[79.25,-54.669],[78.932,-55.0],[78.75,-55.062],[78.5,-55.011],[78.115,-54.75],[77.928,-54.5],[78.115,-54.0],[78.078,-53.75],[78.162,-53.25],[77.494,-52.75],[76.75,-52.432],[76.0,-51.968],[75.0,-51.857],[74.5,-51.647],[73.177,-50.5],[72.798,-50.0],[72.91,-49.25],[73.184,-49.0],[72.75,-48.771],[72.5,-48.806],[71.75,-48.574],[69.0,-48.533],[68.678,-48.75],[68.467,-49.5],[68.475,-49.75],[68.25,-49.886],[67.75,-49.886],[67.405,-50.0],[67.0,-50.358],[66.75,-50.712],[66.365,-51.75],[66.37,-52.0],[66.588,-52.5],[67.25,-53.154],[67.75,-53.352],[70.25,-54.039],[74.75,-54.88],[77.5,-55.919],[78.001,-56.25],[77.25,-56.351],[74.75,-56.121],[71.5,-56.3],[70.25,-56.234],[69.25,-56.084],[68.25,-55.782],[67.0,-55.051],[66.25,-54.729],[65.0,-54.763],[64.0,-54.974],[63.25,-54.777],[62.5,-54.689],[60.75,-54.744],[59.75,-54.58],[59.0,-54.551],[58.5,-54.64],[57.75,-54.942],[57.0,-55.42],[56.301,-56.0],[55.972,-56.75],[55.75,-57.057],[55.25,-57.375],[54.5,-57.601],[51.75,-57.949],[49.75,-58.022],[48.25,-57.893],[46.0,-57.32],[45.429,-57.0],[45.629,-56.75],[46.433,-56.5],[46.25,-56.279],[44.699,-56.25],[44.323,-56.0],[44.887,-55.75],[45.898,-54.75],[45.877,-54.5],[45.727,-54.25],[44.631,-54.0],[45.25,-53.65],[45.5,-53.604],[45.75,-53.691],[46.374,-53.5],[46.0,-53.303],[45.75,-53.284],[45.5,-53.396],[45.25,-53.401],[44.446,-53.0],[44.25,-52.769],[44.0,-52.826],[43.81,-52.75],[44.073,-52.25],[43.194,-51.75],[43.398,-51.5],[43.937,-51.25],[44.271,-51.0],[42.75,-50.827],[42.678,-50.75],[43.054,-50.25],[43.0,-49.878],[42.75,-49.695],[40.75,-49.895],[39.484,-49.75],[40.24,-49.0],[41.0,-48.791],[41.689,-48.5],[41.625,-48.25],[41.5,-48.215],[41.0,-48.171],[40.496,-48.25],[40.565,-48.0],[41.25,-47.801],[41.591,-47.5],[41.604,-47.25],[41.42,-47.0],[41.556,-46.75],[41.558,-46.5],[41.275,-46.0],[40.019,-45.5],[39.75,-45.3],[39.25,-44.471],[39.0,-44.351],[38.0,-44.173],[37.755,-44.0],[37.629,-43.5],[37.198,-42.75],[37.135,-42.5],[37.417,-42.0],[37.409,-41.5],[37.13,-41.25],[37.411,-40.5],[37.256,-39.75],[37.774,-39.0],[37.936,-38.5],[37.915,-38.25],[37.75,-37.963],[37.5,-37.773],[37.25,-37.833],[37.179,-38.0],[36.5,-38.512],[36.0,-38.682],[35.756,-38.5],[36.009,-37.5],[35.529,-37.0],[35.582,-36.25],[35.517,-36.0],[34.451,-35.25],[34.554,-34.0],[34.814,-33.25],[34.919,-32.25],[35.75,-30.683],[36.0,-29.658],[36.25,-29.529],[36.75,-29.942],[37.0,-29.932],[37.5,-29.634],[38.5,-28.53],[39.0,-28.334],[39.75,-28.471],[40.75,-29.084],[41.25,-29.172],[41.5,-29.001],[42.25,-28.083],[42.5,-27.935],[42.75,-27.895],[43.0,-27.953],[43.25,-28.138],[44.0,-29.274],[44.25,-29.239],[45.0,-28.41],[45.25,-28.294],[46.0,-28.355],[46.5,-28.538],[46.75,-28.533],[47.25,-28.269],[47.5,-28.263],[47.75,-28.452],[48.0,-28.519],[49.0,-28.473],[51.5,-28.576],[52.25,-28.68],[53.0,-28.648],[54.0,-28.946],[54.75,-28.776],[55.0,-28.795],[55.25,-29.119],[55.5,-29.281],[56.5,-29.326],[57.5,-29.719],[57.75,-29.747],[58.5,-29.506],[58.75,-29.508],[59.523,-30.0],[60.75,-30.17],[61.933,-30.75],[63.0,-31.102],[64.0,-31.592],[64.75,-32.249],[66.0,-32.686],[66.5,-33.115],[68.444,-34.25],[69.0,-34.818],[69.737,-35.25],[70.359,-36.0],[70.759,-36.25],[71.75,-36.644],[72.852,-37.5],[75.25,-38.618],[76.437,-39.5],[77.5,-39.851],[78.0,-40.298],[79.185,-41.0],[80.205,-41.75],[82.25,-42.028],[83.25,-42.296],[83.5,-42.264],[84.75,-42.492],[85.25,-42.424],[85.5,-42.217],[86.0,-42.083],[87.0,-42.055],[87.75,-41.926],[88.75,-41.46],[89.857,-41.25],[91.0,-40.811],[91.5,-40.513],[93.0,-40.299],[93.12,-40.25],[93.285,-40.0],[93.75,-39.89],[95.0,-39.36],[95.75,-38.653],[96.75,-38.141],[97.0,-38.082],[97.75,-38.07],[98.25,-38.327],[99.25,-38.186],[100.25,-38.334],[101.5,-38.319],[102.42,-38.5],[103.065,-38.75],[104.25,-38.837],[105.25,-38.789],[106.0,-38.588],[107.25,-38.522],[108.25,-38.311],[108.893,-38.0],[109.147,-37.75],[109.0,-37.654],[108.75,-37.668],[107.75,-37.959],[106.5,-38.198],[106.25,-38.162],[106.068,-38.0],[106.136,-37.75],[107.226,-37.0],[108.25,-36.086],[109.0,-35.695],[109.5,-35.673],[109.924,-36.0],[110.084,-36.25],[110.092,-36.5],[110.22,-36.75],[110.75,-36.675],[112.0,-36.786],[112.307,-37.0],[112.424,-37.25],[112.346,-37.5],[112.5,-37.668],[113.5,-37.768],[113.868,-38.0],[114.0,-38.188],[114.75,-38.18],[115.75,-38.461],[116.25,-38.87],[116.516,-39.25],[117.151,-39.5],[117.5,-39.87],[118.299,-40.25],[119.5,-40.989],[120.648,-41.5],[122.75,-42.183],[123.25,-42.439],[124.25,-42.618],[124.75,-42.861],[125.25,-42.971],[127.5,-42.818],[128.25,-43.092],[129.5,-43.225],[130.0,-43.406],[131.75,-43.629],[132.5,-43.926],[133.25,-44.001],[134.0,-44.201],[135.0,-44.743],[135.75,-44.857],[137.0,-45.349],[139.286,-46.0],[139.505,-46.25],[139.496,-46.5],[139.75,-46.553],[139.827,-46.5],[139.917,-46.0],[140.25,-45.699],[140.75,-45.627],[141.8,-45.75],[142.322,-46.0],[142.25,-46.247],[142.0,-46.434],[142.0,-46.507],[142.25,-46.666],[143.0,-46.525],[144.25,-46.642],[144.5,-46.754],[144.75,-47.09],[144.862,-47.5],[144.75,-47.865],[144.02,-48.5],[143.5,-48.325],[143.0,-48.308],[142.5,-48.426],[142.094,-48.75],[143.026,-49.25],[143.784,-49.5],[144.088,-49.75],[143.761,-50.0],[144.027,-50.5],[144.0,-50.598],[143.5,-50.809],[143.252,-51.0],[143.252,-51.25],[142.975,-51.5],[141.937,-51.75],[142.25,-52.003],[143.25,-52.109],[144.0,-52.35],[144.163,-52.5],[143.433,-53.0],[143.648,-53.25],[144.033,-53.5],[144.101,-53.75],[143.66,-54.0],[143.481,-54.25],[143.75,-54.331],[144.213,-54.75],[144.387,-55.0],[144.25,-55.18],[143.069,-55.25],[142.991,-55.5],[142.76,-55.75],[141.638,-56.5],[141.5,-56.668],[141.438,-56.75],[141.499,-57.0],[141.448,-57.25],[141.269,-57.5],[140.288,-57.75],[140.0,-57.912],[139.913,-58.0],[139.955,-58.25],[139.75,-58.531],[138.75,-58.58],[138.0,-58.858],[136.75,-58.819],[136.25,-58.88],[135.992,-59.0],[135.771,-59.25],[134.25,-59.526],[133.0,-60.082],[132.0,-60.371],[131.328,-60.75],[130.164,-61.75],[129.214,-62.25],[128.698,-62.75],[128.752,-63.0],[129.25,-63.036],[136.0,-62.81],[139.202,-63.0],[140.424,-63.25],[138.23,-64.0],[137.75,-64.05],[137.0,-64.034],[136.0,-63.846],[135.0,-63.379],[133.5,-63.186],[132.25,-63.4],[131.5,-63.589],[131.197,-63.75],[130.102,-64.0],[129.5,-63.888],[129.0,-63.893],[128.5,-64.03],[127.25,-64.138],[125.75,-64.121],[124.25,-63.957],[120.75,-64.025]]]},"properties":{"hvalue":5.0,"color":"#fee600"}},{"type":"Feature","geometry":{"type":"Polygon","coordinates":[[[80.708,-40.5],[80.779,-40.0],[81.0,-39.891],[81.25,-39.876],[82.0,-40.114],[82.907,-40.75],[81.75,-40.87],[81.064,-40.75],[80.708,-40.5]]]},"properties":{"hvalue":5.0,"color":"#fee600"}},{"type":"Feature","geometry":{"type":"Polygon","coordinates":[[[171.5,-36.2],[171.885,-36.25],[171.943,-36.5],[171.75,-36.72],[171.374,-36.75],[171.25,-36.699],[171.134,-36.5],[171.328,-36.25],[171.5,-36.2]]]},"properties":{"hvalue":5.0,"color":"#fee600"}},{"type":"Feature","geometry":{"type":"Polygon","coordinates":[[[143.75,38.381],[143.25,38.906],[142.511,39.0],[142.493,39.25],[142.843,39.75],[142.886,40.0],[143.175,40.25],[143.75,40.309],[145.25,40.747],[145.75,40.603],[146.25,40.612],[146.821,40.0],[146.598,39.75],[146.654,39.25],[146.5,39.037],[146.0,38.984],[145.75,38.409],[145.38,38.25],[144.75,37.76],[144.5,38.137],[143.75,38.381]]]},"properties":{"hvalue":5.0,"color":"#fee600"}},{"type":"Feature","geometry":{"type":"Polygon","coordinates":[[[-70.43,-58.0],[-69.327,-57.0],[-68.589,-56.75],[-68.23,-56.5],[-68.0,-56.443],[-67.75,-56.413],[-67.493,-56.5],[-67.854,-56.75],[-67.54,-57.0],[-67.25,-57.051],[-66.75,-56.9],[-65.461,-56.25],[-65.0,-56.17],[-64.703,-56.25],[-64.413,-56.75],[-64.638,-57.0],[-65.168,-57.25],[-66.5,-57.678],[-67.25,-57.715],[-67.75,-57.829],[-68.788,-58.5],[-69.75,-58.726],[-70.25,-58.329],[-70.43,-58.0]]]},"properties":{"hvalue":6.0,"color":"#ff9600"}},{"type":"Feature","geometry":{"type":"Polygon","coordinates":[[[-21.75,-38.723],[-21.736,-39.0],[-22.0,-39.145],[-22.25,-39.125],[-22.402,-39.0],[-22.251,-38.75],[-22.0,-38.679],[-21.75,-38.723]]]},"properties":{"hvalue":6.0,"color":"#ff9600"}},{"type":"Feature","geometry":{"type":"Polygon","coordinates":[[[39.5,-38.788],[39.5,-38.726],[39.614,-38.75],[39.5,-38.788]]]},"properties":{"hvalue":6.0,"color":"#ff9600"}},{"type":"Feature","geometry":{"type":"Polygon","coordinates":[[[-163.718,15.5],[-164.612,16.5],[-164.702,16.75],[-164.474,17.5],[-164.305,17.75],[-164.0,17.986],[-163.75,18.109],[-163.0,18.231],[-162.25,18.089],[-161.75,17.804],[-161.3,17.25],[-161.172,16.5],[-161.278,16.0],[-161.5,15.629],[-162.0,15.21],[-162.5,15.12],[-163.25,15.238],[-163.718,15.5]]]},"properties":{"hvalue":6.0,"color":"#ff9600"}},{"type":"Feature","geometry":{"type":"Polygon","coordinates":[[[-124.5,25.325],[-124.0,25.315],[-123.556,25.0],[-123.75,24.833],[-124.0,24.902],[-124.75,24.838],[-124.882,25.0],[-124.5,25.325]]]},"properties":{"hvalue":6.0,"color":"#ff9600"}},{"type":"Feature","geometry":{"type":"Polygon","coordinates":[[[-174.864,51.0],[-174.756,51.25],[-174.5,51.467],[-174.0,51.631],[-173.5,51.532],[-173.335,51.25],[-173.753,50.75],[-173.98,50.25],[-174.25,50.121],[-174.5,50.136],[-174.68,50.25],[-174.651,50.5],[-174.864,51.0]]]},"properties":{"hvalue":6.0,"color":"#ff9600"}},{"type":"Feature","geometry":{"type":"Polygon","coordinates":[[[-11.0,57.227],[-12.85,57.5],[-13.5,57.816],[-14.851,58.0],[-15.672,58.25],[-15.469,58.5],[-14.75,58.828],[-14.25,58.838],[-13.925,59.0],[-13.649,59.75],[-12.888,60.25],[-12.695,60.5],[-12.5,61.129],[-12.25,61.292],[-11.25,61.356],[-10.0,61.147],[-8.516,60.25],[-8.281,60.0],[-8.156,59.5],[-8.309,58.75],[-9.053,58.0],[-10.0,57.473],[-11.0,57.227]]]},"properties":{"hvalue":6.0,"color":"#ff9600"}},{"type":"Feature","geometry":{"type":"Polygon","coordinates":[[[135.75,-63.537],[135.434,-63.25],[136.0,-63.171],[136.75,-63.235],[137.444,-63.5],[137.169,-63.75],[137.0,-63.764],[136.255,-63.75],[135.75,-63.537]]]},"properties":{"hvalue":6.0,"color":"#ff9600"}},{"type":"Feature","geometry":{"type":"Polygon","coordinates":[[[124.75,-63.857],[121.0,-63.7],[120.548,-63.5],[120.567,-63.25],[120.5,-63.181],[119.75,-62.804],[118.252,-62.5],[114.75,-62.293],[113.5,-61.683],[111.645,-61.25],[107.75,-60.5],[106.5,-59.972],[104.664,-59.5],[103.5,-59.403],[101.75,-59.469],[100.25,-59.356],[99.519,-59.5],[99.25,-59.46],[97.63,-59.0],[98.009,-58.75],[97.905,-58.5],[96.978,-58.25],[96.41,-58.0],[96.25,-57.819],[95.25,-57.573],[94.684,-57.25],[94.329,-56.75],[94.444,-56.5],[94.172,-56.0],[94.158,-55.75],[94.499,-55.5],[94.0,-55.426],[92.25,-55.361],[91.5,-55.425],[90.75,-55.319],[90.0,-55.317],[88.332,-54.75],[87.75,-54.779],[86.25,-54.557],[85.624,-54.25],[85.0,-54.065],[83.5,-53.25],[82.75,-52.707],[82.25,-52.574],[81.5,-52.024],[80.25,-51.556],[79.668,-50.75],[78.94,-50.25],[78.475,-49.75],[78.25,-48.728],[77.75,-48.382],[76.75,-48.282],[75.499,-47.5],[75.773,-47.25],[75.598,-47.0],[75.528,-46.5],[75.274,-46.25],[74.75,-45.867],[74.25,-45.614],[73.75,-45.487],[72.868,-45.0],[72.961,-44.0],[72.5,-43.873],[71.949,-44.0],[71.885,-43.75],[71.25,-43.434],[70.825,-42.5],[70.5,-42.236],[70.0,-42.0],[69.835,-41.75],[69.868,-41.25],[69.0,-40.721],[68.0,-40.409],[67.5,-40.404],[67.239,-40.5],[67.371,-40.75],[67.25,-41.014],[67.0,-41.146],[66.25,-41.173],[65.198,-41.5],[65.152,-41.75],[65.638,-42.0],[65.683,-42.25],[65.452,-42.5],[65.007,-42.75],[65.037,-43.0],[64.645,-43.75],[64.674,-44.0],[64.75,-44.057],[65.518,-44.25],[64.977,-44.75],[65.078,-45.0],[65.448,-45.25],[66.25,-46.027],[67.824,-46.5],[68.565,-47.5],[68.574,-47.75],[67.911,-49.0],[67.693,-49.25],[66.989,-49.75],[66.5,-50.366],[66.041,-51.5],[65.899,-52.5],[65.5,-52.961],[64.5,-53.474],[63.5,-53.654],[62.5,-53.386],[61.25,-53.353],[59.5,-52.99],[58.5,-52.951],[58.25,-53.032],[57.608,-53.5],[56.643,-54.0],[56.361,-54.25],[56.274,-54.75],[56.081,-55.0],[55.828,-55.25],[55.0,-55.733],[54.5,-55.841],[53.75,-55.664],[52.75,-55.858],[51.956,-55.75],[51.655,-55.25],[51.005,-55.0],[51.086,-54.75],[50.0,-54.432],[49.814,-54.25],[50.029,-54.0],[50.039,-53.75],[49.75,-53.468],[48.331,-52.75],[48.509,-52.5],[48.975,-52.25],[48.5,-52.048],[47.5,-51.889],[47.111,-51.5],[47.25,-51.24],[48.578,-50.5],[47.18,-50.0],[46.737,-49.5],[47.806,-48.5],[47.302,-48.25],[47.0,-47.824],[46.577,-47.5],[46.631,-47.25],[46.5,-46.877],[46.25,-46.66],[45.75,-46.492],[44.648,-45.5],[43.283,-44.75],[43.161,-44.5],[43.361,-43.75],[42.811,-43.25],[42.964,-42.75],[43.478,-42.0],[43.434,-41.75],[43.0,-41.683],[42.5,-41.757],[41.25,-42.173],[41.0,-42.172],[40.661,-42.0],[40.548,-41.5],[41.019,-40.75],[41.0,-40.572],[40.877,-40.5],[40.184,-40.5],[40.446,-40.25],[43.0,-38.564],[44.084,-37.25],[44.198,-37.0],[44.206,-36.75],[44.0,-36.469],[43.75,-36.456],[42.0,-37.556],[41.25,-37.752],[41.0,-37.707],[40.888,-37.5],[40.704,-36.5],[41.793,-34.75],[42.014,-34.25],[42.028,-33.25],[42.29,-32.5],[42.305,-32.25],[42.25,-31.91],[41.884,-31.75],[41.75,-31.514],[41.0,-32.403],[40.75,-32.549],[40.747,-32.25],[41.25,-31.614],[41.5,-31.495],[41.75,-31.483],[42.0,-30.912],[42.25,-31.482],[42.5,-31.639],[43.202,-31.25],[44.75,-30.574],[45.0,-30.34],[45.25,-30.244],[45.75,-30.567],[46.5,-30.788],[46.75,-30.781],[47.5,-30.429],[48.25,-30.437],[49.0,-30.063],[49.5,-30.221],[50.5,-30.136],[51.25,-30.496],[51.75,-30.42],[52.25,-30.229],[53.0,-30.488],[54.0,-30.473],[54.5,-30.688],[55.0,-31.166],[56.0,-31.02],[57.25,-31.315],[58.75,-31.153],[59.25,-31.54],[60.0,-31.407],[60.25,-31.47],[60.5,-31.896],[60.75,-31.99],[61.5,-31.942],[62.0,-32.006],[62.5,-32.25],[63.175,-32.75],[64.0,-33.228],[64.75,-33.541],[65.5,-34.02],[66.935,-34.75],[67.192,-35.0],[67.447,-35.5],[69.0,-36.771],[70.355,-37.5],[70.811,-38.0],[71.678,-38.75],[72.0,-38.923],[73.75,-39.504],[74.723,-40.25],[76.364,-41.25],[76.516,-41.5],[76.813,-41.75],[78.25,-42.357],[79.145,-43.25],[79.623,-43.25],[79.612,-42.75],[79.75,-42.718],[80.25,-42.88],[80.445,-43.0],[80.476,-43.25],[80.75,-43.512],[81.0,-43.523],[81.25,-43.766],[81.5,-43.875],[82.25,-44.029],[83.065,-44.75],[82.952,-45.25],[83.0,-45.289],[84.25,-45.485],[85.5,-45.286],[85.839,-45.5],[86.028,-45.75],[85.978,-46.0],[86.25,-46.189],[86.689,-46.75],[87.25,-47.055],[87.591,-46.75],[87.75,-46.69],[88.0,-46.728],[88.148,-47.0],[88.157,-47.25],[88.472,-47.5],[89.0,-47.678],[89.289,-47.5],[89.25,-47.194],[89.5,-47.097],[90.5,-46.969],[91.25,-46.582],[91.5,-46.561],[92.5,-46.734],[93.0,-46.454],[94.75,-46.178],[95.5,-46.132],[95.968,-46.0],[97.5,-45.057],[98.714,-44.75],[99.313,-44.5],[99.37,-44.25],[99.0,-44.007],[98.5,-44.077],[98.111,-44.0],[97.835,-43.5],[98.0,-43.388],[98.248,-43.25],[99.75,-42.919],[100.75,-42.529],[101.25,-42.465],[102.0,-42.1],[102.405,-42.0],[102.647,-41.75],[103.25,-41.487],[104.25,-41.604],[107.25,-40.946],[108.0,-41.008],[109.5,-40.927],[110.5,-40.938],[111.5,-41.056],[111.656,-41.25],[111.69,-41.5],[112.5,-41.524],[114.003,-41.25],[114.49,-40.75],[115.0,-40.573],[115.25,-40.573],[115.388,-40.75],[114.804,-41.25],[114.727,-41.5],[114.029,-42.0],[115.5,-42.146],[115.735,-42.25],[115.961,-42.5],[116.75,-42.572],[118.5,-42.92],[120.0,-43.639],[121.0,-43.732],[124.306,-44.5],[125.319,-45.0],[127.181,-45.75],[129.5,-45.749],[129.963,-46.0],[131.0,-46.261],[132.0,-46.326],[132.5,-46.21],[132.996,-46.25],[133.09,-46.5],[132.693,-46.75],[133.0,-46.836],[134.25,-46.778],[134.5,-46.684],[135.049,-46.75],[134.562,-47.0],[134.845,-47.25],[136.0,-47.536],[136.715,-48.0],[136.46,-48.25],[136.679,-48.5],[136.5,-48.706],[136.018,-48.75],[136.75,-48.791],[137.25,-48.904],[137.904,-49.25],[137.5,-49.952],[137.25,-50.0],[136.75,-49.849],[136.369,-50.0],[136.833,-50.25],[136.425,-50.5],[136.277,-50.75],[136.392,-51.0],[137.372,-51.25],[137.354,-51.75],[137.556,-52.0],[136.0,-52.307],[135.54,-52.5],[135.477,-52.75],[136.273,-53.0],[136.5,-53.283],[136.75,-53.423],[137.641,-53.75],[136.889,-54.25],[137.789,-54.5],[137.712,-54.75],[137.464,-55.0],[137.521,-55.25],[136.75,-55.684],[136.5,-56.051],[135.25,-56.561],[134.947,-56.75],[134.795,-57.0],[134.062,-57.25],[133.861,-57.75],[133.864,-58.0],[133.25,-58.434],[132.816,-59.0],[132.746,-59.25],[131.5,-59.81],[130.853,-60.25],[130.256,-60.5],[129.856,-61.0],[129.25,-61.466],[128.25,-61.984],[127.75,-62.342],[126.816,-62.75],[126.539,-63.0],[127.0,-63.159],[128.25,-63.372],[128.577,-63.5],[128.672,-63.75],[128.25,-63.796],[127.668,-64.0],[126.75,-64.041],[125.75,-64.037],[124.75,-63.857]]]},"properties":{"hvalue":6.0,"color":"#ff9600"}},{"type":"Feature","geometry":{"type":"Polygon","coordinates":[[[96.0,-44.502],[96.285,-44.5],[96.0,-44.923],[95.75,-45.073],[95.5,-45.089],[95.326,-45.0],[95.449,-44.75],[96.0,-44.502]]]},"properties":{"hvalue":6.0,"color":"#ff9600"}},{"type":"Feature","geometry":{"type":"Polygon","coordinates":[[[93.96,-44.0],[94.053,-43.75],[94.41,-43.5],[95.5,-43.053],[96.25,-43.173],[96.786,-43.5],[96.576,-43.75],[95.0,-44.383],[94.5,-44.416],[94.25,-44.304],[93.96,-44.0]]]},"properties":{"hvalue":6.0,"color":"#ff9600"}},{"type":"Feature","geometry":{"type":"Polygon","coordinates":[[[123.0,-61.854],[122.138,-61.5],[120.0,-60.971],[117.75,-60.928],[116.0,-60.713],[114.5,-60.335],[112.75,-60.156],[111.224,-59.75],[110.84,-59.5],[110.227,-59.25],[110.096,-59.0],[110.253,-58.75],[110.128,-58.5],[109.75,-58.227],[109.127,-58.0],[108.907,-57.75],[108.977,-57.5],[108.826,-57.25],[108.456,-57.0],[108.122,-56.5],[107.5,-56.377],[107.317,-56.25],[107.301,-56.0],[108.406,-55.5],[109.0,-55.013],[109.878,-54.75],[110.28,-54.5],[110.371,-54.25],[110.25,-54.109],[109.75,-53.95],[108.25,-53.894],[106.25,-53.585],[105.0,-52.884],[103.84,-52.5],[103.463,-52.25],[104.5,-51.977],[104.917,-52.0],[105.0,-52.124],[105.409,-51.75],[105.462,-51.5],[105.358,-51.25],[105.707,-51.0],[105.25,-50.717],[104.986,-50.25],[104.622,-50.0],[106.267,-49.75],[106.754,-49.5],[107.002,-49.25],[106.713,-49.0],[105.207,-48.5],[106.062,-48.25],[107.25,-48.153],[109.5,-47.801],[109.817,-48.0],[110.25,-48.11],[111.25,-48.195],[111.498,-48.0],[110.5,-47.716],[110.329,-47.5],[110.278,-47.0],[109.75,-46.591],[109.25,-46.549],[108.75,-46.618],[108.5,-46.78],[108.206,-46.75],[108.75,-46.435],[109.75,-46.434],[113.5,-45.491],[114.75,-45.466],[117.0,-46.219],[118.966,-46.5],[119.062,-46.75],[119.376,-47.0],[119.006,-47.5],[118.947,-47.75],[119.093,-48.0],[119.486,-48.25],[119.573,-48.5],[120.829,-48.75],[121.25,-49.089],[122.51,-49.5],[122.75,-49.75],[122.621,-50.0],[122.655,-50.25],[123.452,-50.75],[124.0,-50.867],[125.25,-50.906],[125.75,-50.995],[125.903,-51.25],[126.0,-51.285],[127.213,-51.5],[127.42,-52.0],[129.0,-52.332],[129.926,-52.75],[130.203,-53.0],[130.261,-53.25],[130.099,-53.5],[130.632,-53.75],[130.75,-54.157],[130.893,-54.25],[130.797,-54.5],[130.581,-54.75],[130.706,-55.0],[131.116,-55.25],[130.532,-55.5],[130.313,-55.75],[130.596,-56.0],[130.856,-56.5],[130.526,-57.0],[130.535,-57.25],[130.774,-57.5],[130.864,-57.75],[130.831,-58.0],[130.193,-59.0],[129.42,-59.75],[128.75,-60.155],[128.541,-60.5],[128.25,-60.738],[127.495,-61.25],[126.75,-61.608],[125.722,-62.0],[124.75,-62.136],[124.0,-62.113],[123.0,-61.854]]]},"properties":{"hvalue":8.0,"color":"#fa3c3c"}},{"type":"Feature","geometry":{"type":"Polygon","coordinates":[[[64.0,-51.411],[62.25,-50.521],[62.193,-50.25],[61.5,-49.893],[61.0,-49.532],[60.5,-49.651],[60.0,-49.5],[59.0,-49.469],[57.75,-49.626],[57.406,-49.75],[57.0,-50.177],[56.75,-50.305],[55.5,-50.371],[54.495,-50.25],[53.5,-49.729],[52.894,-49.25],[52.628,-49.0],[52.32,-48.5],[52.634,-47.75],[52.499,-47.25],[52.656,-47.0],[53.511,-46.25],[53.569,-46.0],[53.5,-45.883],[53.25,-45.662],[51.359,-45.0],[50.948,-44.75],[51.038,-44.5],[50.75,-44.409],[50.0,-43.944],[49.432,-43.75],[49.057,-43.5],[48.938,-43.25],[49.132,-43.0],[49.549,-42.75],[49.41,-42.25],[49.863,-41.75],[49.922,-41.5],[49.755,-41.25],[49.0,-41.257],[48.5,-41.127],[48.373,-41.25],[47.75,-41.513],[47.423,-41.5],[47.644,-41.25],[48.5,-40.836],[48.871,-40.5],[49.041,-40.0],[49.695,-39.25],[49.822,-39.0],[49.75,-38.738],[49.5,-38.571],[49.0,-38.654],[48.25,-39.061],[48.0,-39.021],[48.058,-38.75],[48.25,-38.581],[48.97,-38.25],[49.249,-38.0],[49.0,-37.721],[48.25,-37.747],[47.0,-38.28],[46.759,-38.0],[46.767,-37.75],[47.5,-36.807],[48.0,-36.534],[48.5,-36.479],[49.5,-36.208],[50.5,-35.704],[52.0,-35.222],[52.5,-35.211],[52.75,-35.343],[53.25,-35.184],[53.934,-34.5],[54.5,-34.288],[55.0,-34.316],[55.75,-34.522],[57.5,-34.363],[57.637,-34.5],[58.103,-35.75],[58.25,-35.931],[59.372,-36.5],[60.5,-36.89],[60.821,-38.0],[61.055,-38.25],[61.64,-38.5],[61.802,-38.75],[61.787,-39.0],[62.005,-39.5],[61.556,-40.5],[61.495,-41.25],[62.56,-42.0],[62.559,-42.25],[62.375,-42.5],[62.325,-42.75],[62.278,-43.5],[62.113,-43.75],[61.701,-44.25],[60.649,-44.75],[61.087,-45.0],[61.25,-45.436],[61.633,-45.75],[62.428,-46.0],[62.743,-46.5],[63.056,-46.75],[63.25,-47.069],[63.5,-47.201],[64.22,-47.25],[65.253,-47.75],[66.39,-48.5],[66.58,-49.0],[66.598,-49.25],[66.513,-49.5],[66.061,-50.0],[65.5,-50.887],[65.25,-51.153],[64.5,-51.501],[64.0,-51.411]]]},"properties":{"hvalue":8.0,"color":"#fa3c3c"}},{"type":"Feature","geometry":{"type":"Polygon","coordinates":[[[47.25,-38.903],[47.364,-39.0],[47.0,-39.149],[46.925,-39.0],[47.25,-38.903]]]},"properties":{"hvalue":8.0,"color":"#fa3c3c"}},{"type":"Feature","geometry":{"type":"Polygon","coordinates":[[[-162.84,16.5],[-163.0,16.796],[-163.25,16.598],[-163.5,16.583],[-163.739,16.75],[-163.789,17.0],[-163.715,17.25],[-163.5,17.49],[-163.0,17.693],[-162.5,17.646],[-162.225,17.5],[-161.88,17.0],[-161.837,16.75],[-162.0,16.204],[-162.25,15.949],[-162.5,15.862],[-162.75,15.839],[-162.901,16.0],[-162.972,16.25],[-162.84,16.5]]]},"properties":{"hvalue":8.0,"color":"#fa3c3c"}},{"type":"Feature","geometry":{"type":"Polygon","coordinates":[[[125.25,-60.856],[122.25,-60.491],[121.25,-60.262],[120.64,-60.0],[119.25,-59.604],[117.379,-59.25],[116.687,-59.0],[116.417,-58.75],[115.538,-58.5],[114.75,-58.032],[114.048,-57.75],[114.056,-57.25],[114.579,-56.75],[115.037,-56.5],[114.937,-56.25],[115.304,-56.0],[115.31,-55.75],[115.5,-55.4],[115.968,-55.0],[116.25,-54.848],[116.75,-54.792],[117.386,-54.25],[118.0,-54.078],[119.374,-53.5],[120.585,-53.25],[121.25,-53.196],[121.505,-53.25],[121.47,-53.5],[121.75,-53.539],[124.25,-53.408],[125.444,-53.5],[125.687,-53.75],[124.75,-54.182],[124.565,-54.5],[125.25,-54.808],[126.805,-55.0],[126.965,-55.25],[126.852,-55.5],[127.038,-55.75],[128.278,-56.5],[127.741,-57.25],[127.65,-57.5],[128.056,-57.75],[128.192,-58.0],[128.075,-58.25],[127.715,-58.5],[127.86,-59.0],[127.559,-59.5],[126.734,-60.25],[125.934,-60.5],[125.617,-60.75],[125.25,-60.856]]]},"properties":{"hvalue":10.0,"color":"#c80000"}},{"type":"Feature","geometry":{"type":"Polygon","coordinates":[[[53.325,-39.5],[53.75,-39.231],[54.075,-39.25],[53.885,-39.5],[53.75,-39.554],[53.325,-39.5]]]},"properties":{"hvalue":10.0,"color":"#c80000"}},{"type":"Feature","geometry":{"type":"Polygon","coordinates":[[[-162.5,16.519],[-162.918,17.0],[-162.91,17.25],[-162.75,17.295],[-162.5,17.196],[-162.327,17.0],[-162.25,16.637],[-162.5,16.519]]]},"properties":{"hvalue":10.0,"color":"#c80000"}}]}